source,target
0,1
0,2
0,3
0,4
0,5
0,6
0,7
0,10
0,1055
0,1220
0,1428
0,1462
0,1660
0,1666
0,1667
0,1668
0,1669
0,1946
1,0
1,2
1,3
1,4
1,5
1,12
1,17
1,18
1,19
1,20
1,22
1,45
1,49
1,68
1,92
1,93
1,94
1,95
1,117
1,118
1,158
1,159
1,160
1,164
1,165
1,166
1,197
1,203
1,206
1,223
1,234
1,235
1,412
1,413
1,416
1,417
1,422
1,423
1,424
1,464
1,468
1,469
1,470
1,471
1,1055
1,1162
1,1208
1,1209
1,1210
1,1218
1,1220
1,1237
1,1428
1,1462
1,1475
1,1510
1,1534
1,1535
1,1618
1,1628
1,1660
1,1661
1,1662
1,1663
1,1664
1,1665
1,1666
1,1667
1,1668
1,1669
1,1764
1,1765
1,1766
1,1767
1,1768
1,1769
1,1770
1,1788
1,1790
1,1815
1,1816
1,1817
1,1818
1,1819
1,1820
1,1821
1,1822
2,0
2,1
2,12
2,17
2,18
2,19
2,20
2,22
2,45
2,49
2,68
2,92
2,93
2,94
2,95
2,117
2,118
2,145
2,146
2,147
2,158
2,159
2,160
2,164
2,166
2,197
2,198
2,203
2,206
2,223
2,234
2,235
2,412
2,413
2,416
2,417
2,422
2,423
2,424
2,464
2,468
2,469
2,470
2,472
2,473
2,474
2,475
2,1055
2,1162
2,1218
2,1220
2,1237
2,1462
2,1475
2,1510
2,1597
2,1599
2,1618
2,1628
2,1660
2,1661
2,1662
2,1663
2,1664
2,1665
2,1666
2,1667
2,1668
2,1669
2,1767
2,1768
2,1769
2,1770
2,1788
2,1790
2,1815
2,1816
2,1817
2,1818
2,1819
2,1820
2,1821
2,1822
3,0
3,1
3,4
3,5
3,6
3,68
3,139
3,151
3,152
3,153
3,155
3,160
3,164
3,165
3,166
3,199
3,435
3,436
3,444
3,599
3,600
3,639
3,683
3,734
3,735
3,736
3,737
3,738
3,739
3,740
3,741
3,742
3,743
3,1055
3,1076
3,1077
3,1078
3,1079
3,1089
3,1094
3,1144
3,1200
3,1367
3,1368
3,1409
3,1427
3,1428
3,1455
3,1456
3,1457
3,1458
3,1459
3,1460
3,1465
3,1466
3,1469
3,1550
3,1551
3,1569
3,1602
3,1603
3,1660
3,1667
3,1670
3,1672
3,1673
3,1674
3,1675
3,1676
3,1677
3,1678
3,1870
4,0
4,1
4,3
4,5
4,6
4,29
4,68
4,130
4,131
4,134
4,135
4,139
4,151
4,152
4,153
4,155
4,156
4,158
4,160
4,161
4,164
4,166
4,199
4,444
4,599
4,600
4,619
4,632
4,639
4,683
4,734
4,735
4,736
4,737
4,738
4,739
4,740
4,741
4,742
4,743
4,1016
4,1017
4,1018
4,1055
4,1076
4,1077
4,1078
4,1079
4,1083
4,1089
4,1094
4,1135
4,1144
4,1200
4,1367
4,1368
4,1427
4,1428
4,1455
4,1456
4,1457
4,1458
4,1459
4,1460
4,1465
4,1469
4,1543
4,1546
4,1547
4,1550
4,1551
4,1552
4,1553
4,1554
4,1567
4,1568
4,1569
4,1570
4,1590
4,1591
4,1602
4,1603
4,1660
4,1667
4,1670
4,1672
4,1673
4,1674
4,1675
4,1676
4,1677
4,1678
4,1680
4,1681
4,1682
4,1683
4,1684
4,1685
4,1686
4,1870
4,1905
5,0
5,1
5,3
5,4
5,22
5,25
5,29
5,32
5,35
5,48
5,52
5,54
5,56
5,57
5,68
5,119
5,131
5,132
5,133
5,139
5,145
5,146
5,147
5,148
5,150
5,151
5,152
5,153
5,155
5,156
5,157
5,158
5,160
5,161
5,164
5,165
5,166
5,187
5,196
5,199
5,200
5,202
5,292
5,298
5,403
5,419
5,444
5,447
5,448
5,533
5,566
5,587
5,599
5,600
5,619
5,632
5,639
5,649
5,683
5,734
5,735
5,736
5,737
5,738
5,739
5,740
5,741
5,742
5,743
5,744
5,745
5,746
5,747
5,1016
5,1017
5,1018
5,1055
5,1076
5,1077
5,1078
5,1079
5,1083
5,1089
5,1094
5,1135
5,1144
5,1159
5,1179
5,1200
5,1367
5,1368
5,1427
5,1428
5,1455
5,1456
5,1457
5,1458
5,1459
5,1460
5,1465
5,1469
5,1475
5,1508
5,1512
5,1513
5,1550
5,1551
5,1567
5,1568
5,1569
5,1590
5,1591
5,1603
5,1611
5,1645
5,1646
5,1647
5,1652
5,1659
5,1660
5,1667
5,1670
5,1672
5,1673
5,1674
5,1675
5,1676
5,1677
5,1678
5,1680
5,1681
5,1682
5,1683
5,1684
5,1685
5,1686
5,1687
5,1688
5,1689
5,1693
5,1724
5,1725
5,1797
5,1824
5,1836
5,1842
5,1870
5,1884
5,1896
5,1905
5,1946
6,0
6,3
6,4
6,32
6,55
6,61
6,68
6,145
6,146
6,147
6,148
6,150
6,151
6,152
6,153
6,159
6,195
6,226
6,297
6,470
6,632
6,811
6,812
6,1055
6,1058
6,1078
6,1188
6,1200
6,1310
6,1366
6,1428
6,1453
6,1454
6,1459
6,1465
6,1469
6,1497
6,1567
6,1568
6,1618
6,1669
6,1869
6,1884
7,0
7,635
7,811
7,1079
7,1127
7,1870
8,9
8,83
8,188
8,300
8,311
8,312
9,8
9,19
9,20
9,70
9,71
9,72
9,89
9,119
9,120
9,137
9,138
9,140
9,141
9,142
9,143
9,149
9,167
9,181
9,195
9,201
9,217
9,229
9,239
9,246
9,247
9,248
9,254
9,255
9,256
9,257
9,258
9,260
9,282
9,283
9,284
9,285
9,286
9,300
9,315
9,318
9,322
9,324
9,325
9,330
9,422
9,423
9,424
9,502
9,547
9,558
9,559
9,560
9,561
9,562
9,601
9,602
9,609
9,611
9,616
9,621
9,628
9,635
9,636
9,637
9,638
9,639
9,640
9,665
9,676
9,677
9,678
9,679
9,680
9,767
9,826
9,829
9,862
9,882
9,935
9,1721
9,1722
10,0
10,11
10,14
10,15
10,16
10,21
10,22
10,26
10,27
10,29
10,30
10,32
10,36
10,45
10,46
10,54
10,55
10,68
10,69
10,70
10,71
10,72
10,73
10,77
10,84
10,96
10,99
10,100
10,114
10,115
10,119
10,120
10,123
10,125
10,126
10,167
10,168
10,184
10,192
10,228
10,239
10,253
10,258
10,300
10,303
10,315
10,318
10,352
10,353
10,358
10,365
10,366
10,367
10,392
10,410
10,420
10,421
10,422
10,455
10,456
10,457
10,479
10,497
10,517
10,547
10,552
10,555
10,558
10,559
10,560
10,561
10,562
10,574
10,577
10,611
10,616
10,635
10,641
10,655
10,659
10,764
10,770
10,797
10,822
10,881
10,882
10,986
10,1999
11,10
11,12
11,13
11,1752
11,1857
11,1858
12,1
12,2
12,11
12,29
12,45
12,46
12,61
12,67
12,68
12,72
12,86
12,88
12,137
12,138
12,146
12,188
12,206
12,219
12,241
12,244
12,245
12,250
12,293
12,297
12,311
12,312
12,330
12,333
12,340
12,416
12,448
12,551
12,581
12,602
12,604
12,632
12,636
12,640
12,706
12,721
12,738
12,747
12,785
12,787
12,814
12,873
12,941
12,1117
12,1118
12,1131
12,1132
12,1135
12,1137
12,1138
12,1153
12,1154
12,1287
12,1288
12,1289
12,1353
12,1475
12,1505
12,1506
12,1510
12,1511
12,1512
12,1544
12,1549
12,1555
12,1556
12,1590
12,1591
12,1597
12,1599
12,1611
12,1614
12,1615
12,1617
12,1618
12,1624
12,1628
12,1733
12,1772
12,1773
12,1786
12,1797
12,1798
13,11
13,72
13,74
13,78
13,120
13,125
13,126
13,137
13,138
13,145
13,146
13,147
13,162
13,163
13,181
13,201
13,217
13,223
13,228
13,239
13,241
13,246
13,247
13,248
13,251
13,293
13,294
13,339
13,414
13,464
13,470
13,490
13,492
13,508
13,517
13,557
13,601
13,602
13,609
13,635
13,636
13,637
13,638
13,639
13,640
13,666
13,668
13,669
13,670
13,671
13,672
13,696
13,781
13,807
13,811
13,812
13,821
13,827
13,850
13,858
13,873
13,876
13,877
14,10
14,15
14,16
14,17
14,18
14,19
14,20
15,10
15,14
15,16
15,20
15,83
15,188
15,203
15,204
15,205
15,206
15,207
15,218
15,219
15,300
15,311
15,312
15,587
15,602
15,672
15,731
15,732
15,1187
15,1188
15,1189
15,1190
15,1658
15,1659
15,1732
15,1841
16,10
16,14
16,15
16,20
16,83
16,188
16,192
16,203
16,204
16,205
16,206
16,207
16,218
16,219
16,300
16,311
16,312
16,602
16,672
16,731
16,732
16,1187
16,1188
16,1189
16,1190
16,1658
16,1659
16,1732
16,1841
17,1
17,2
17,14
17,18
17,19
17,20
17,36
17,62
17,65
17,137
17,234
17,235
17,290
17,445
17,566
17,568
17,874
17,1248
17,1249
17,1250
17,1505
17,1506
17,1507
17,1508
17,1509
17,1510
17,1511
17,1512
17,1513
17,1514
17,1580
17,1591
17,1625
17,1644
17,1647
17,1656
17,1657
17,1713
17,1767
17,1773
17,1774
17,1775
17,1776
17,1777
17,1778
17,1779
17,1780
17,1781
17,1787
17,1791
17,1795
17,1796
17,1797
17,1883
18,1
18,2
18,14
18,17
18,19
18,20
18,36
18,47
18,62
18,65
18,137
18,203
18,204
18,205
18,206
18,207
18,234
18,235
18,288
18,289
18,290
18,291
18,292
18,445
18,566
18,568
18,874
18,1162
18,1166
18,1248
18,1249
18,1250
18,1505
18,1506
18,1507
18,1508
18,1509
18,1510
18,1511
18,1512
18,1513
18,1514
18,1580
18,1591
18,1625
18,1644
18,1647
18,1656
18,1657
18,1713
18,1767
18,1773
18,1774
18,1775
18,1776
18,1777
18,1778
18,1779
18,1780
18,1781
18,1783
18,1784
18,1785
18,1786
18,1787
18,1791
18,1797
18,1883
19,1
19,2
19,9
19,14
19,17
19,18
19,20
19,36
19,47
19,62
19,65
19,137
19,172
19,180
19,196
19,203
19,204
19,205
19,206
19,207
19,232
19,233
19,234
19,235
19,273
19,290
19,393
19,417
19,445
19,462
19,463
19,566
19,568
19,571
19,610
19,645
19,697
19,874
19,1162
19,1166
19,1203
19,1208
19,1248
19,1249
19,1250
19,1505
19,1506
19,1507
19,1508
19,1509
19,1510
19,1511
19,1512
19,1513
19,1514
19,1580
19,1591
19,1625
19,1628
19,1644
19,1647
19,1656
19,1657
19,1713
19,1751
19,1767
19,1773
19,1774
19,1775
19,1776
19,1777
19,1778
19,1779
19,1780
19,1781
19,1783
19,1784
19,1785
19,1786
19,1788
19,1789
19,1790
19,1791
19,1797
19,1801
19,1832
19,1855
19,1862
19,1863
19,1883
19,1905
20,1
20,2
20,9
20,14
20,15
20,16
20,17
20,18
20,19
20,36
20,47
20,62
20,65
20,137
20,172
20,180
20,196
20,203
20,204
20,205
20,206
20,207
20,232
20,233
20,234
20,235
20,273
20,290
20,393
20,417
20,425
20,445
20,462
20,463
20,566
20,568
20,571
20,610
20,645
20,697
20,874
20,1162
20,1166
20,1203
20,1208
20,1248
20,1249
20,1250
20,1505
20,1506
20,1507
20,1508
20,1509
20,1510
20,1511
20,1512
20,1513
20,1514
20,1580
20,1591
20,1625
20,1644
20,1647
20,1656
20,1657
20,1713
20,1751
20,1767
20,1773
20,1774
20,1775
20,1776
20,1777
20,1778
20,1779
20,1780
20,1781
20,1783
20,1784
20,1785
20,1786
20,1787
20,1788
20,1789
20,1790
20,1791
20,1795
20,1796
20,1797
20,1801
20,1808
20,1809
20,1810
20,1811
20,1812
20,1813
20,1830
20,1832
20,1855
20,1862
20,1863
20,1883
20,1905
20,1916
21,10
21,22
21,23
21,24
21,25
21,1838
22,1
22,2
22,5
22,10
22,21
22,68
22,119
22,130
22,134
22,135
22,192
22,195
22,198
22,202
22,203
22,204
22,205
22,206
22,207
22,208
22,209
22,210
22,211
22,212
22,213
22,1837
22,1838
23,21
23,216
23,265
23,266
23,1203
24,21
24,69
24,72
24,120
24,137
24,138
24,181
24,188
24,217
24,300
24,308
24,325
24,553
24,601
24,602
24,609
24,635
24,636
24,637
24,638
24,639
24,640
24,811
24,928
24,941
24,946
24,1973
25,5
25,21
25,33
25,34
25,68
25,70
25,83
25,104
25,105
25,109
25,111
25,112
25,174
25,182
25,187
25,188
25,195
25,201
25,203
25,204
25,205
25,206
25,207
25,241
25,246
25,293
25,294
25,300
25,310
25,311
25,312
25,330
25,573
25,605
25,611
25,616
25,621
25,628
25,767
25,807
25,811
25,1877
25,1878
26,10
26,27
26,28
26,29
26,1370
26,1371
27,10
27,26
27,28
27,50
27,51
27,52
27,53
27,54
27,91
27,92
27,93
27,94
27,95
27,1370
27,1371
28,26
28,27
28,50
28,51
28,52
28,53
28,54
28,72
28,92
28,93
28,94
28,95
28,119
28,120
28,224
28,225
28,226
28,227
28,322
28,324
28,713
28,714
28,715
28,1370
28,1371
29,4
29,5
29,10
29,12
29,26
29,34
29,64
29,68
29,72
29,130
29,131
29,132
29,133
29,134
29,155
29,164
29,180
29,197
29,208
29,294
29,333
29,341
29,440
29,619
29,624
29,671
29,737
29,739
29,740
29,742
29,743
29,746
29,822
29,946
29,1150
29,1353
29,1559
29,1560
29,1562
29,1563
29,1564
29,1565
29,1566
29,1599
29,1609
29,1685
29,1686
29,1870
29,1873
30,10
30,31
30,1340
31,30
31,300
31,1340
32,5
32,6
32,10
32,33
32,34
32,35
32,36
32,37
32,38
32,39
32,40
32,41
32,42
32,43
32,44
32,45
32,46
32,47
32,48
32,49
32,50
32,51
32,52
32,53
32,54
32,55
32,56
32,57
32,58
32,59
32,60
32,61
32,62
32,63
32,64
32,65
32,66
32,67
32,68
32,1101
32,1102
32,1103
32,1142
32,1143
32,1372
32,1373
32,1374
32,1375
32,1597
32,1599
32,1714
32,1715
32,1716
32,1732
32,1869
32,1873
32,1922
32,1946
33,25
33,32
33,34
33,48
33,55
33,61
33,64
33,132
33,133
33,158
33,192
33,196
33,197
33,198
33,1058
33,1802
33,1837
33,1838
33,1870
33,1873
33,1882
34,25
34,29
34,32
34,33
34,48
34,55
34,61
34,64
34,68
34,132
34,133
34,158
34,192
34,196
34,197
34,198
34,199
34,200
34,201
34,1058
34,1125
34,1654
34,1802
34,1837
34,1838
34,1870
34,1873
34,1882
35,5
35,32
35,258
35,259
36,10
36,17
36,18
36,19
36,20
36,32
36,37
36,38
36,45
36,46
36,50
36,51
36,52
36,53
36,54
36,55
36,60
36,61
36,62
36,64
36,65
36,66
36,67
36,83
36,188
36,300
36,311
36,312
36,316
36,425
36,426
36,427
36,428
36,429
36,430
36,1372
36,1373
36,1374
36,1375
37,32
37,36
37,38
37,45
37,46
37,60
37,61
37,62
37,65
37,66
37,67
37,246
37,247
37,248
37,314
37,425
37,445
37,446
37,587
37,1372
37,1373
37,1374
37,1375
37,1966
38,32
38,36
38,37
38,60
38,61
38,62
38,65
38,66
38,67
38,425
38,445
38,446
38,472
38,473
38,474
38,475
38,587
38,1372
38,1373
38,1374
38,1375
39,32
39,58
39,63
39,454
39,609
39,1546
39,1547
39,1552
39,1553
39,1554
39,1731
40,32
40,55
40,61
40,200
40,202
40,253
40,288
40,289
40,290
40,291
40,292
40,306
40,396
40,397
40,401
40,402
40,405
40,621
40,628
40,650
40,651
40,1132
40,1133
40,1134
40,1135
40,1136
40,1137
40,1138
40,1175
40,1730
40,1731
40,1732
40,1837
40,1892
40,1942
41,32
41,42
41,43
41,55
41,60
41,61
41,62
41,65
41,159
41,161
41,203
41,204
41,205
41,206
41,207
41,219
41,253
41,396
41,397
41,1187
41,1188
41,1189
41,1190
41,1191
41,1192
41,1193
41,1194
41,1195
41,1196
41,1197
41,1198
41,1199
41,1200
41,1201
41,1492
41,1493
41,1494
41,1495
41,1496
41,1497
41,1498
41,1552
41,1553
41,1554
41,1569
41,1671
41,1711
41,1712
41,1714
41,1719
41,1740
41,1741
41,1742
41,1743
41,1744
41,1745
41,1869
42,32
42,41
42,43
42,44
42,59
42,60
42,61
42,62
42,64
42,65
42,83
42,145
42,146
42,147
42,156
42,159
42,161
42,188
42,300
42,311
42,312
42,337
42,437
42,519
42,520
42,536
42,537
42,538
42,539
42,540
42,541
42,542
42,543
42,544
42,545
42,546
42,695
42,696
42,1199
42,1200
42,1201
42,1457
42,1458
42,1459
42,1460
42,1869
42,1873
42,1921
43,32
43,41
43,42
43,55
43,60
43,61
43,62
43,65
43,159
43,161
43,253
43,396
43,397
43,1187
43,1188
43,1189
43,1190
43,1191
43,1192
43,1193
43,1194
43,1195
43,1196
43,1197
43,1198
43,1199
43,1200
43,1201
43,1496
43,1497
43,1569
43,1719
43,1740
43,1741
43,1742
43,1745
43,1869
44,32
44,42
44,48
44,49
44,54
44,58
44,59
44,64
44,65
44,83
44,104
44,105
44,161
44,162
44,170
44,188
44,208
44,209
44,239
44,300
44,303
44,311
44,312
44,316
44,337
44,587
44,605
44,1266
44,1611
44,1896
44,1922
45,1
45,2
45,10
45,12
45,32
45,36
45,37
45,46
45,61
45,62
45,66
45,133
45,198
45,444
45,464
45,587
45,706
45,1695
45,1717
45,1733
45,1734
45,1786
45,1800
45,1868
46,10
46,12
46,32
46,36
46,37
46,45
46,61
46,62
46,66
46,133
46,166
46,198
46,224
46,225
46,226
46,227
46,444
46,464
46,587
46,706
46,1597
46,1599
46,1639
46,1695
46,1717
46,1733
46,1734
46,1786
46,1800
46,1868
47,18
47,19
47,20
47,32
47,150
47,472
47,584
47,585
47,586
47,639
47,1044
47,1045
47,1061
47,1712
48,5
48,32
48,33
48,34
48,44
48,49
48,58
48,61
48,65
48,200
48,298
48,330
48,403
48,639
48,665
48,1314
48,1905
48,1906
48,1907
49,1
49,2
49,32
49,44
49,48
49,58
49,61
49,65
49,68
49,160
49,298
49,330
49,333
49,403
49,631
49,639
49,1314
49,1669
49,1884
49,1905
49,1906
49,1907
50,27
50,28
50,32
50,36
50,51
50,52
50,53
50,54
50,55
50,60
50,61
50,62
50,64
50,65
50,66
50,84
50,94
50,95
50,266
50,312
50,321
50,393
50,404
50,464
50,504
50,1371
50,1374
50,1375
50,1431
50,1432
50,1873
50,1874
50,1935
50,1936
50,1937
51,27
51,28
51,32
51,36
51,50
51,52
51,53
51,54
51,55
51,60
51,61
51,62
51,64
51,65
51,66
51,84
51,94
51,95
51,266
51,312
51,321
51,393
51,404
51,464
51,504
51,1371
51,1374
51,1375
51,1431
51,1432
51,1873
51,1874
51,1935
51,1936
51,1937
52,5
52,27
52,28
52,32
52,36
52,50
52,51
52,53
52,54
52,55
52,60
52,61
52,62
52,64
52,65
52,66
52,84
52,94
52,95
52,266
52,312
52,321
52,393
52,404
52,464
52,504
52,587
52,1371
52,1374
52,1375
52,1431
52,1432
52,1599
52,1873
52,1874
52,1935
52,1936
52,1937
53,27
53,28
53,32
53,36
53,50
53,51
53,52
53,54
53,55
53,60
53,61
53,62
53,64
53,65
53,66
53,67
53,84
53,94
53,95
53,161
53,168
53,180
53,266
53,312
53,321
53,404
53,433
53,464
53,504
53,1354
53,1371
53,1374
53,1375
53,1873
53,1874
53,1935
53,1936
53,1937
54,5
54,10
54,27
54,28
54,32
54,36
54,44
54,50
54,51
54,52
54,53
54,55
54,59
54,60
54,61
54,62
54,64
54,65
54,66
54,67
54,84
54,94
54,95
54,130
54,134
54,135
54,161
54,168
54,253
54,266
54,312
54,321
54,393
54,404
54,433
54,445
54,446
54,464
54,504
54,1354
54,1371
54,1374
54,1375
54,1431
54,1432
54,1873
54,1874
54,1922
54,1927
54,1935
54,1936
54,1937
55,6
55,10
55,32
55,33
55,34
55,36
55,40
55,41
55,43
55,50
55,51
55,52
55,53
55,54
55,60
55,61
55,62
55,65
55,66
55,67
55,130
55,134
55,135
55,223
55,253
55,472
55,473
55,474
55,475
55,622
55,623
55,1310
55,1311
55,1312
55,1374
55,1375
55,1732
55,1746
55,1926
55,1927
56,5
56,32
56,57
56,64
56,67
56,72
56,120
56,164
56,198
56,208
56,209
56,250
56,300
56,330
56,338
56,341
56,760
56,807
56,1637
56,1638
57,5
57,32
57,56
57,67
57,164
57,208
57,209
57,341
57,807
57,1599
57,1637
57,1638
57,1818
57,1819
57,1820
57,1821
57,1822
58,32
58,39
58,44
58,48
58,49
58,61
58,63
58,65
58,83
58,125
58,126
58,158
58,164
58,188
58,228
58,298
58,300
58,311
58,312
58,330
58,333
58,341
58,343
58,403
58,412
58,413
58,454
58,631
58,639
58,696
58,857
58,858
58,1258
58,1259
58,1260
58,1261
58,1314
58,1884
58,1905
58,1906
58,1907
59,32
59,42
59,44
59,54
59,64
59,65
59,83
59,126
59,161
59,162
59,164
59,170
59,188
59,196
59,300
59,303
59,311
59,312
59,330
59,333
59,337
59,341
59,403
59,468
59,508
59,587
59,695
59,696
59,858
59,859
59,1902
59,1903
59,1904
59,1922
60,32
60,36
60,37
60,38
60,41
60,42
60,43
60,50
60,51
60,52
60,53
60,54
60,55
60,61
60,62
60,64
60,65
60,66
60,67
60,83
60,92
60,93
60,94
60,95
60,171
60,188
60,200
60,201
60,254
60,279
60,280
60,281
60,282
60,283
60,284
60,285
60,286
60,300
60,311
60,312
60,340
60,344
60,376
60,377
60,379
60,384
60,385
60,412
60,413
60,425
60,650
60,651
60,696
60,857
60,858
60,987
60,1372
60,1373
60,1374
60,1375
60,1394
60,1395
60,1396
61,6
61,12
61,32
61,33
61,34
61,36
61,37
61,38
61,40
61,41
61,42
61,43
61,45
61,46
61,48
61,49
61,50
61,51
61,52
61,53
61,54
61,55
61,58
61,60
61,62
61,64
61,65
61,66
61,67
61,68
61,83
61,145
61,146
61,147
61,168
61,188
61,201
61,239
61,270
61,300
61,311
61,312
61,316
61,344
61,372
61,373
61,376
61,377
61,379
61,384
61,385
61,396
61,397
61,696
61,857
61,858
61,987
61,1187
61,1188
61,1189
61,1190
61,1266
61,1372
61,1373
61,1374
61,1375
61,1394
61,1395
61,1396
61,1714
61,1715
61,1716
61,1732
61,1869
62,17
62,18
62,19
62,20
62,32
62,36
62,37
62,38
62,41
62,42
62,43
62,45
62,46
62,50
62,51
62,52
62,53
62,54
62,55
62,60
62,61
62,64
62,65
62,66
62,67
62,83
62,91
62,92
62,93
62,94
62,95
62,117
62,118
62,188
62,197
62,200
62,224
62,225
62,226
62,227
62,254
62,270
62,279
62,280
62,281
62,282
62,283
62,284
62,285
62,286
62,300
62,311
62,312
62,314
62,316
62,330
62,340
62,344
62,376
62,377
62,379
62,384
62,385
62,425
62,426
62,427
62,428
62,429
62,430
62,439
62,445
62,446
62,547
62,650
62,651
62,696
62,705
62,749
62,857
62,858
62,987
62,1372
62,1373
62,1374
62,1375
62,1394
62,1395
62,1396
62,1538
63,32
63,39
63,58
63,208
63,209
63,257
63,454
63,609
63,1604
63,1731
64,29
64,32
64,33
64,34
64,36
64,42
64,44
64,50
64,51
64,52
64,53
64,54
64,56
64,59
64,60
64,61
64,62
64,65
64,66
64,68
64,83
64,85
64,86
64,87
64,88
64,119
64,133
64,188
64,198
64,201
64,223
64,257
64,300
64,311
64,312
64,330
64,337
64,519
64,520
64,581
64,600
64,601
64,635
64,696
64,752
64,811
64,1291
64,1292
64,1375
64,1871
64,1872
64,1873
64,1874
64,1921
65,17
65,18
65,19
65,20
65,32
65,36
65,37
65,38
65,41
65,42
65,43
65,44
65,48
65,49
65,50
65,51
65,52
65,53
65,54
65,55
65,58
65,59
65,60
65,61
65,62
65,64
65,66
65,67
65,68
65,72
65,74
65,104
65,105
65,119
65,120
65,130
65,134
65,135
65,145
65,146
65,147
65,167
65,180
65,197
65,216
65,239
65,247
65,248
65,253
65,254
65,256
65,279
65,280
65,281
65,282
65,283
65,284
65,285
65,286
65,316
65,330
65,337
65,344
65,425
65,439
65,464
65,469
65,478
65,489
65,490
65,491
65,492
65,520
65,522
65,547
65,591
65,592
65,593
65,605
65,619
65,656
65,657
65,673
65,681
65,682
65,683
65,684
65,685
65,686
65,687
65,688
65,689
65,690
65,691
65,692
65,693
65,696
65,697
65,702
65,703
65,704
65,705
65,710
65,711
65,749
65,858
65,862
65,1372
65,1373
65,1374
65,1375
66,32
66,36
66,37
66,38
66,45
66,46
66,50
66,51
66,52
66,53
66,54
66,55
66,60
66,61
66,62
66,64
66,65
66,67
66,68
66,72
66,91
66,117
66,118
66,119
66,120
66,154
66,167
66,239
66,247
66,248
66,253
66,254
66,256
66,266
66,279
66,280
66,281
66,282
66,283
66,284
66,285
66,286
66,316
66,404
66,412
66,413
66,464
66,591
66,592
66,593
66,710
66,711
66,862
66,1372
66,1373
66,1374
66,1375
67,12
67,32
67,36
67,37
67,38
67,53
67,54
67,55
67,56
67,57
67,60
67,61
67,62
67,65
67,66
67,72
67,74
67,92
67,93
67,94
67,95
67,104
67,105
67,120
67,167
67,254
67,256
67,279
67,280
67,281
67,282
67,283
67,284
67,285
67,286
67,322
67,324
67,330
67,464
67,501
67,508
67,605
67,862
67,1019
67,1372
67,1373
67,1374
67,1375
68,1
68,2
68,3
68,4
68,5
68,6
68,10
68,12
68,22
68,25
68,29
68,32
68,34
68,49
68,61
68,64
68,65
68,66
68,72
68,104
68,105
68,119
68,120
68,132
68,133
68,135
68,158
68,171
68,173
68,181
68,193
68,194
68,195
68,197
68,198
68,216
68,224
68,225
68,226
68,229
68,241
68,246
68,248
68,251
68,258
68,271
68,293
68,294
68,297
68,306
68,309
68,310
68,312
68,316
68,323
68,330
68,351
68,352
68,366
68,372
68,373
68,377
68,393
68,398
68,399
68,402
68,414
68,416
68,422
68,468
68,470
68,489
68,492
68,498
68,512
68,514
68,517
68,531
68,532
68,533
68,534
68,536
68,575
68,580
68,599
68,601
68,604
68,609
68,611
68,613
68,615
68,616
68,620
68,621
68,628
68,635
68,636
68,639
68,640
68,659
68,664
68,677
68,719
68,785
68,787
68,811
68,812
68,822
68,851
68,877
68,941
68,966
68,1087
68,1188
68,1314
68,1374
68,1431
68,1432
68,1451
68,1520
68,1526
68,1527
68,1528
68,1529
68,1530
68,1531
68,1532
68,1563
68,1565
68,1628
68,1701
68,1703
68,1704
68,1705
68,1706
68,1714
68,1716
68,1737
68,1759
68,1761
68,1858
68,1868
68,1870
68,1872
68,1873
68,1874
68,1893
68,1956
69,10
69,24
69,70
69,71
69,72
70,9
70,10
70,25
70,69
70,71
70,72
70,83
70,84
70,90
70,97
70,120
70,130
70,134
70,135
70,175
70,188
70,201
70,241
70,242
70,243
70,244
70,246
70,247
70,248
70,250
70,258
70,259
70,263
70,265
70,299
70,300
70,303
70,305
70,308
70,309
70,310
70,311
70,312
70,315
70,325
70,359
70,381
70,390
70,406
70,416
70,422
70,477
70,484
70,492
70,503
70,511
70,512
70,513
70,514
70,515
70,516
70,517
70,529
70,530
70,531
70,581
70,582
70,601
70,609
70,636
70,637
70,639
70,640
70,676
70,677
70,760
70,807
70,861
70,882
70,941
70,946
70,1722
70,1738
70,1986
71,9
71,10
71,69
71,70
71,72
71,83
71,84
71,90
71,97
71,120
71,130
71,134
71,135
71,175
71,188
71,201
71,241
71,242
71,243
71,244
71,246
71,247
71,248
71,250
71,258
71,259
71,263
71,265
71,299
71,300
71,303
71,305
71,308
71,309
71,310
71,311
71,312
71,315
71,359
71,381
71,390
71,406
71,416
71,422
71,477
71,484
71,503
71,511
71,512
71,513
71,514
71,515
71,516
71,517
71,529
71,530
71,531
71,581
71,582
71,601
71,636
71,637
71,639
71,640
71,676
71,677
71,760
71,807
71,861
71,882
71,1722
71,1738
71,1986
72,9
72,10
72,12
72,13
72,24
72,28
72,29
72,56
72,65
72,66
72,67
72,68
72,69
72,70
72,71
72,76
72,85
72,86
72,87
72,88
72,89
72,91
72,92
72,93
72,94
72,95
72,101
72,102
72,103
72,104
72,105
72,106
72,107
72,108
72,109
72,110
72,111
72,112
72,113
72,116
72,119
72,120
72,121
72,123
72,124
72,125
72,126
72,130
72,134
72,135
72,137
72,138
72,154
72,162
72,163
72,167
72,168
72,169
72,172
72,175
72,176
72,177
72,178
72,179
72,180
72,181
72,188
72,200
72,201
72,213
72,216
72,217
72,228
72,229
72,236
72,240
72,241
72,243
72,244
72,247
72,248
72,249
72,250
72,251
72,252
72,255
72,256
72,257
72,258
72,259
72,263
72,264
72,288
72,289
72,290
72,291
72,292
72,299
72,300
72,306
72,309
72,310
72,325
72,335
72,339
72,342
72,348
72,370
72,379
72,407
72,408
72,409
72,410
72,415
72,420
72,421
72,422
72,423
72,447
72,448
72,449
72,450
72,451
72,452
72,453
72,457
72,459
72,460
72,467
72,478
72,479
72,484
72,489
72,490
72,491
72,492
72,495
72,496
72,498
72,499
72,501
72,508
72,512
72,513
72,514
72,516
72,517
72,526
72,527
72,528
72,529
72,530
72,531
72,547
72,552
72,556
72,557
72,558
72,562
72,565
72,569
72,573
72,578
72,580
72,581
72,582
72,583
72,592
72,593
72,601
72,602
72,607
72,609
72,611
72,616
72,621
72,628
72,635
72,636
72,637
72,638
72,639
72,640
72,650
72,651
72,655
72,664
72,666
72,671
72,672
72,673
72,676
72,677
72,696
72,712
72,719
72,721
72,745
72,752
72,762
72,765
72,766
72,767
72,775
72,778
72,779
72,781
72,782
72,783
72,784
72,785
72,786
72,787
72,788
72,789
72,794
72,795
72,804
72,805
72,806
72,807
72,811
72,812
72,821
72,825
72,841
72,848
72,849
72,851
72,857
72,858
72,862
72,870
72,873
72,876
72,877
72,880
72,882
72,889
72,890
72,891
72,918
72,920
72,928
72,933
72,934
72,940
72,961
72,987
72,1019
72,1321
72,1322
72,1334
72,1335
72,1342
72,1356
72,1445
72,1722
72,1865
72,1934
72,1971
72,1972
72,1973
72,1974
72,1975
72,1988
72,1990
72,1991
72,1992
72,1993
72,1994
72,1995
72,1996
73,10
73,74
73,75
73,76
73,1924
74,13
74,65
74,67
74,73
74,77
74,83
74,117
74,118
74,125
74,126
74,188
74,201
74,223
74,228
74,231
74,253
74,300
74,311
74,312
74,382
74,470
74,492
74,557
74,635
74,640
74,642
74,645
74,648
74,671
74,672
74,781
74,782
74,812
74,821
74,861
74,873
74,876
74,877
74,1788
74,1923
74,1930
74,1942
74,1943
74,1944
74,1945
74,1952
75,73
75,76
75,83
75,125
75,126
75,188
75,228
75,300
75,311
75,312
75,517
75,640
75,712
75,940
76,72
76,73
76,75
76,83
76,188
76,192
76,254
76,258
76,279
76,280
76,281
76,282
76,283
76,284
76,285
76,286
76,300
76,311
76,312
76,517
76,611
76,640
76,712
76,807
76,811
76,940
76,963
77,10
77,74
77,78
77,79
77,80
77,81
77,82
77,83
77,1942
77,1943
77,1944
77,1945
78,13
78,77
78,79
78,80
78,81
78,82
78,84
78,135
78,188
78,192
78,259
78,557
78,621
78,639
78,671
78,672
78,781
78,807
78,812
78,821
78,873
78,876
78,877
78,1308
78,1942
79,77
79,78
79,80
79,81
79,82
79,84
79,135
79,181
79,188
79,192
79,259
79,621
79,639
79,781
79,807
79,873
79,1308
79,1942
80,77
80,78
80,79
80,81
80,82
80,84
80,135
80,181
80,188
80,192
80,259
80,621
80,639
80,781
80,807
80,873
80,1308
80,1942
81,77
81,78
81,79
81,80
81,82
81,84
81,135
81,181
81,188
81,192
81,259
81,621
81,639
81,781
81,807
81,873
81,1308
81,1942
82,77
82,78
82,79
82,80
82,81
82,84
82,135
82,181
82,188
82,192
82,259
82,621
82,639
82,781
82,807
82,873
82,1308
82,1942
83,8
83,15
83,16
83,25
83,36
83,42
83,44
83,58
83,59
83,60
83,61
83,62
83,64
83,70
83,71
83,74
83,75
83,76
83,77
83,92
83,93
83,94
83,95
83,125
83,126
83,134
83,164
83,171
83,186
83,188
83,201
83,223
83,228
83,234
83,235
83,247
83,248
83,249
83,258
83,293
83,294
83,297
83,299
83,300
83,303
83,305
83,307
83,311
83,312
83,313
83,317
83,319
83,321
83,331
83,332
83,333
83,335
83,338
83,344
83,345
83,346
83,347
83,349
83,350
83,351
83,352
83,353
83,354
83,357
83,358
83,360
83,361
83,362
83,363
83,364
83,365
83,366
83,367
83,368
83,375
83,376
83,377
83,386
83,390
83,412
83,413
83,414
83,416
83,460
83,464
83,470
83,476
83,477
83,502
83,506
83,507
83,511
83,555
83,557
83,566
83,567
83,568
83,591
83,599
83,606
83,607
83,622
83,623
83,666
83,667
83,668
83,669
83,670
83,671
83,672
83,675
83,696
83,749
83,812
83,824
83,858
83,859
83,1954
84,10
84,50
84,51
84,52
84,53
84,54
84,70
84,71
84,78
84,79
84,80
84,81
84,82
84,85
84,86
84,87
84,88
84,90
84,1935
84,1936
84,1937
84,1986
85,64
85,72
85,84
85,86
85,87
85,88
85,90
85,120
85,123
85,124
85,130
85,135
85,201
85,255
85,257
85,263
85,264
85,277
85,278
85,298
85,342
85,408
85,418
85,453
85,464
85,500
85,503
85,762
85,763
85,829
85,891
85,966
85,1292
86,12
86,64
86,72
86,84
86,85
86,87
86,88
86,90
86,120
86,123
86,124
86,201
86,241
86,255
86,257
86,263
86,264
86,277
86,278
86,298
86,323
86,342
86,408
86,418
86,453
86,464
86,500
86,503
86,678
86,679
86,680
86,762
86,763
86,829
86,891
86,966
86,1292
87,64
87,72
87,84
87,85
87,86
87,88
87,90
87,120
87,123
87,124
87,255
87,257
87,263
87,264
87,277
87,278
87,295
87,296
87,298
87,342
87,408
87,418
87,453
87,464
87,500
87,503
87,547
87,762
87,763
87,829
87,891
87,966
87,1292
87,1597
87,1599
88,12
88,64
88,72
88,84
88,85
88,86
88,87
88,90
88,123
88,124
88,201
88,241
88,255
88,257
88,263
88,264
88,277
88,278
88,298
88,300
88,342
88,408
88,418
88,453
88,464
88,500
88,503
88,678
88,679
88,680
88,762
88,763
88,829
88,891
88,966
88,1292
89,9
89,72
89,115
89,120
89,123
89,124
89,241
89,341
89,454
89,515
89,552
89,601
89,602
89,607
89,609
89,635
89,636
89,637
89,638
89,639
89,640
89,717
89,825
90,70
90,71
90,84
90,85
90,86
90,87
90,88
90,123
90,124
90,130
90,135
90,201
90,241
90,255
90,257
90,263
90,264
90,277
90,278
90,298
90,308
90,342
90,408
90,453
90,464
90,500
90,503
90,508
90,678
90,679
90,680
90,762
90,763
90,829
90,966
90,1292
91,27
91,62
91,66
91,72
91,105
91,119
91,120
91,137
91,140
91,181
91,194
91,241
91,352
91,379
91,399
91,402
91,458
91,505
91,569
91,611
91,655
91,659
91,719
91,760
91,785
91,850
91,851
91,930
91,1833
91,1884
91,1935
92,1
92,2
92,27
92,28
92,60
92,62
92,67
92,72
92,83
92,93
92,94
92,95
92,138
92,140
92,181
92,188
92,202
92,216
92,246
92,247
92,248
92,312
92,352
92,359
92,415
92,470
92,517
92,601
92,616
92,666
92,667
92,750
92,807
92,852
92,933
92,934
92,1371
92,1375
92,1859
92,1982
92,1983
92,1984
92,1985
93,1
93,2
93,27
93,28
93,60
93,62
93,67
93,72
93,83
93,92
93,94
93,95
93,138
93,140
93,181
93,188
93,202
93,216
93,246
93,247
93,248
93,312
93,352
93,359
93,415
93,470
93,517
93,547
93,601
93,616
93,666
93,667
93,750
93,807
93,852
93,933
93,934
93,1371
93,1375
93,1859
93,1982
93,1983
93,1984
93,1985
94,1
94,2
94,27
94,28
94,50
94,51
94,52
94,53
94,54
94,60
94,62
94,67
94,72
94,83
94,92
94,93
94,95
94,117
94,118
94,138
94,140
94,181
94,188
94,202
94,216
94,246
94,247
94,248
94,312
94,352
94,359
94,415
94,470
94,517
94,601
94,616
94,666
94,667
94,750
94,807
94,852
94,933
94,934
94,1371
94,1375
94,1859
94,1982
94,1983
94,1984
94,1985
95,1
95,2
95,27
95,28
95,50
95,51
95,52
95,53
95,54
95,60
95,62
95,67
95,72
95,83
95,92
95,93
95,94
95,117
95,118
95,138
95,140
95,181
95,188
95,202
95,216
95,246
95,247
95,248
95,312
95,352
95,359
95,415
95,470
95,517
95,601
95,616
95,666
95,667
95,750
95,755
95,807
95,852
95,933
95,934
95,1371
95,1375
95,1859
95,1982
95,1983
95,1984
95,1985
96,10
96,97
96,98
96,99
96,1735
96,1736
96,1737
96,1738
97,70
97,71
97,96
97,98
97,99
97,130
97,134
97,135
97,180
97,1735
97,1736
97,1737
97,1738
98,96
98,97
98,99
98,130
98,134
98,135
98,171
98,1735
98,1736
98,1737
98,1738
98,1956
99,10
99,96
99,97
99,98
99,171
99,470
99,517
99,1735
99,1736
99,1737
99,1738
99,1956
100,10
101,72
101,102
101,103
101,104
101,105
101,106
101,107
101,108
101,109
101,110
101,111
101,112
101,113
101,114
101,115
101,116
101,117
101,118
101,119
101,120
101,1995
101,1996
102,72
102,101
102,103
102,106
102,107
102,108
102,109
102,110
102,111
102,112
102,113
102,116
102,120
102,125
102,126
102,149
102,177
102,228
102,334
102,340
102,420
102,421
102,1995
102,1996
103,72
103,101
103,102
103,106
103,107
103,108
103,109
103,110
103,111
103,112
103,113
103,116
103,120
103,149
103,177
103,201
103,322
103,324
103,334
103,340
103,851
103,1995
103,1996
104,25
104,44
104,65
104,67
104,68
104,72
104,101
104,105
104,120
104,126
104,130
104,181
104,201
104,216
104,241
104,246
104,247
104,248
104,298
104,308
104,406
104,530
104,581
104,600
104,601
104,603
104,605
104,606
104,616
104,639
104,640
104,666
104,779
104,785
104,1879
105,25
105,44
105,65
105,67
105,68
105,72
105,91
105,101
105,104
105,120
105,126
105,130
105,181
105,201
105,216
105,241
105,298
105,308
105,330
105,406
105,530
105,581
105,600
105,601
105,603
105,605
105,606
105,616
105,639
105,640
105,666
105,779
105,785
105,807
105,811
105,1879
106,72
106,101
106,102
106,103
106,107
106,108
106,109
106,110
106,111
106,112
106,113
106,116
106,120
106,149
106,239
106,674
106,1995
106,1996
107,72
107,101
107,102
107,103
107,106
107,108
107,109
107,110
107,111
107,112
107,113
107,116
107,117
107,118
107,119
107,120
107,149
107,201
107,1995
107,1996
108,72
108,101
108,102
108,103
108,106
108,107
108,109
108,110
108,111
108,112
108,113
108,116
108,119
108,120
108,149
108,420
108,421
108,968
108,969
108,970
108,971
108,1995
108,1996
109,25
109,72
109,101
109,102
109,103
109,106
109,107
109,108
109,110
109,111
109,112
109,113
109,116
109,120
109,149
109,187
109,201
109,322
109,324
109,420
109,421
109,490
109,491
109,492
109,566
109,567
109,568
109,881
109,1995
109,1996
110,72
110,101
110,102
110,103
110,106
110,107
110,108
110,109
110,111
110,112
110,113
110,116
110,120
110,149
110,391
110,1995
110,1996
111,25
111,72
111,101
111,102
111,103
111,106
111,107
111,108
111,109
111,110
111,112
111,113
111,116
111,120
111,123
111,124
111,130
111,135
111,137
111,138
111,149
111,177
111,181
111,187
111,217
111,231
111,236
111,315
111,322
111,324
111,410
111,420
111,421
111,611
111,616
111,621
111,628
111,840
111,845
111,881
111,909
111,910
111,911
111,912
111,913
111,1995
111,1996
112,25
112,72
112,101
112,102
112,103
112,106
112,107
112,108
112,109
112,110
112,111
112,113
112,116
112,120
112,149
112,177
112,187
112,239
112,322
112,324
112,342
112,420
112,421
112,455
112,456
112,457
112,840
112,845
112,909
112,910
112,911
112,912
112,913
112,957
112,1995
112,1996
113,72
113,101
113,102
113,103
113,106
113,107
113,108
113,109
113,110
113,111
113,112
113,116
113,117
113,118
113,120
113,149
113,499
113,1995
113,1996
114,10
114,101
114,115
114,123
114,124
114,130
114,135
114,167
114,300
114,342
114,408
114,449
114,454
114,534
115,10
115,89
115,101
115,114
115,123
115,124
115,130
115,135
115,167
115,300
115,342
115,408
115,449
115,454
115,534
116,72
116,101
116,102
116,103
116,106
116,107
116,108
116,109
116,110
116,111
116,112
116,113
116,117
116,118
116,119
116,120
116,149
116,167
116,713
116,714
116,715
116,881
116,1995
116,1996
117,1
117,2
117,62
117,66
117,74
117,94
117,95
117,101
117,107
117,113
117,116
117,118
117,137
117,138
117,181
117,249
117,259
117,273
117,275
117,278
117,312
117,350
117,359
117,412
117,413
117,433
117,460
117,464
117,467
117,524
117,572
117,667
117,672
117,696
117,698
117,789
117,853
117,854
117,855
117,857
117,928
117,961
117,1182
117,1354
117,1371
117,1375
117,1804
117,1843
117,1952
117,1954
118,1
118,2
118,62
118,66
118,74
118,94
118,95
118,101
118,107
118,113
118,116
118,117
118,137
118,138
118,162
118,163
118,181
118,198
118,249
118,259
118,273
118,275
118,278
118,312
118,350
118,359
118,412
118,413
118,426
118,427
118,428
118,429
118,430
118,433
118,445
118,446
118,460
118,464
118,524
118,572
118,667
118,672
118,696
118,698
118,789
118,854
118,855
118,857
118,928
118,1182
118,1208
118,1209
118,1210
118,1354
118,1371
118,1375
118,1719
118,1803
118,1804
118,1843
118,1952
118,1954
119,5
119,9
119,10
119,22
119,28
119,64
119,65
119,66
119,68
119,72
119,91
119,101
119,107
119,108
119,116
119,123
119,164
119,241
119,244
119,250
119,258
119,278
119,294
119,303
119,306
119,309
119,312
119,341
119,352
119,359
119,399
119,401
119,409
119,464
119,470
119,498
119,500
119,517
119,522
119,556
119,557
119,582
119,611
119,616
119,620
119,635
119,636
119,639
119,659
119,697
119,699
119,731
119,779
119,789
119,812
119,851
119,877
119,1266
119,1314
119,1374
119,1375
119,1998
120,9
120,10
120,13
120,24
120,28
120,56
120,65
120,66
120,67
120,68
120,70
120,71
120,72
120,85
120,86
120,87
120,89
120,91
120,101
120,102
120,103
120,104
120,105
120,106
120,107
120,108
120,109
120,110
120,111
120,112
120,113
120,116
120,121
120,123
120,124
120,130
120,132
120,133
120,135
120,137
120,138
120,154
120,167
120,169
120,172
120,175
120,176
120,179
120,181
120,188
120,217
120,224
120,225
120,226
120,227
120,229
120,236
120,239
120,241
120,243
120,244
120,246
120,247
120,248
120,249
120,250
120,251
120,252
120,255
120,256
120,257
120,258
120,259
120,263
120,264
120,287
120,300
120,316
120,325
120,327
120,330
120,342
120,348
120,369
120,371
120,379
120,407
120,408
120,409
120,410
120,415
120,419
120,422
120,423
120,447
120,448
120,449
120,450
120,451
120,452
120,453
120,457
120,459
120,478
120,489
120,490
120,491
120,492
120,495
120,496
120,498
120,499
120,501
120,512
120,513
120,514
120,516
120,527
120,528
120,529
120,530
120,531
120,556
120,557
120,558
120,562
120,564
120,565
120,569
120,573
120,578
120,580
120,581
120,582
120,583
120,592
120,593
120,601
120,602
120,605
120,609
120,611
120,616
120,621
120,626
120,628
120,635
120,636
120,637
120,638
120,639
120,640
120,655
120,659
120,671
120,672
120,674
120,676
120,677
120,678
120,679
120,680
120,683
120,712
120,719
120,721
120,752
120,762
120,765
120,766
120,767
120,775
120,778
120,779
120,781
120,782
120,783
120,784
120,785
120,786
120,787
120,788
120,789
120,794
120,795
120,804
120,805
120,806
120,807
120,811
120,812
120,821
120,825
120,841
120,848
120,849
120,851
120,873
120,876
120,877
120,882
120,889
120,890
120,891
120,918
120,920
120,928
120,933
120,934
120,961
120,1334
120,1335
120,1342
120,1473
120,1722
120,1966
120,1990
120,1991
120,1992
120,1993
120,1994
120,1995
120,1996
121,72
121,120
121,122
121,123
121,124
121,125
121,126
121,1343
121,1344
121,1345
122,121
122,239
122,455
122,456
122,457
122,1343
122,1344
122,1345
123,10
123,72
123,85
123,86
123,87
123,88
123,89
123,90
123,111
123,114
123,115
123,119
123,120
123,121
123,124
123,201
123,454
123,581
123,609
123,712
123,869
123,889
124,72
124,85
124,86
124,87
124,88
124,89
124,90
124,111
124,114
124,115
124,120
124,121
124,123
124,241
124,267
124,268
124,269
124,454
124,581
124,609
124,712
124,869
124,889
125,10
125,13
125,58
125,72
125,74
125,75
125,83
125,102
125,121
125,126
125,154
125,167
125,188
125,218
125,228
125,229
125,239
125,258
125,273
125,300
125,311
125,312
125,331
125,338
125,342
125,345
125,348
125,349
125,376
125,459
125,515
125,556
125,557
125,569
125,580
125,601
125,609
125,636
125,637
125,666
125,667
125,671
125,672
125,675
125,710
125,750
125,752
125,781
125,807
125,812
125,821
125,860
125,873
125,876
125,877
125,889
125,961
125,1908
126,10
126,13
126,58
126,59
126,72
126,74
126,75
126,83
126,102
126,104
126,105
126,121
126,125
126,154
126,164
126,167
126,188
126,218
126,228
126,229
126,247
126,248
126,258
126,273
126,300
126,311
126,312
126,331
126,333
126,338
126,341
126,342
126,343
126,345
126,348
126,349
126,376
126,459
126,515
126,556
126,557
126,569
126,580
126,601
126,609
126,636
126,637
126,666
126,667
126,671
126,672
126,710
126,750
126,752
126,781
126,807
126,812
126,821
126,860
126,869
126,870
126,873
126,876
126,877
126,889
126,961
126,1908
127,128
127,1375
127,1753
127,1757
127,1893
128,127
128,422
128,562
128,574
128,846
129,130
130,4
130,22
130,29
130,54
130,55
130,65
130,70
130,71
130,72
130,85
130,90
130,97
130,98
130,104
130,105
130,111
130,114
130,115
130,120
130,129
130,131
130,132
130,133
130,134
130,135
130,136
130,139
130,144
130,146
130,147
130,155
130,159
130,160
130,161
130,166
130,170
130,173
130,180
130,182
130,192
130,201
130,241
130,243
130,244
130,253
130,257
130,259
130,293
130,294
130,300
130,318
130,341
130,342
130,358
130,374
130,385
130,406
130,408
130,415
130,418
130,422
130,470
130,480
130,516
130,517
130,527
130,531
130,534
130,547
130,558
130,559
130,560
130,561
130,562
130,564
130,565
130,581
130,582
130,605
130,611
130,621
130,632
130,639
130,641
130,642
130,643
130,644
130,719
130,763
130,779
130,796
130,811
130,851
130,889
130,982
130,985
130,1543
131,4
131,5
131,29
131,130
131,132
131,133
131,134
131,135
131,1543
131,1597
131,1599
132,5
132,29
132,33
132,34
132,68
132,120
132,130
132,131
132,133
132,196
132,464
132,609
132,632
132,639
132,640
132,852
132,882
132,1142
132,1143
132,1221
132,1368
132,1599
132,1786
132,1828
132,1829
132,1950
132,1951
133,5
133,29
133,33
133,34
133,45
133,46
133,64
133,68
133,120
133,130
133,131
133,132
133,165
133,196
133,203
133,204
133,205
133,206
133,207
133,219
133,405
133,444
133,464
133,471
133,532
133,609
133,632
133,639
133,640
133,852
133,882
133,883
133,1142
133,1143
133,1221
133,1368
133,1597
133,1599
133,1786
133,1828
133,1829
133,1838
133,1949
133,1950
133,1951
134,4
134,22
134,29
134,54
134,55
134,65
134,70
134,71
134,72
134,83
134,97
134,98
134,130
134,131
134,135
134,136
134,139
134,144
134,155
134,159
134,160
134,161
134,166
134,170
134,173
134,188
134,192
134,253
134,257
134,300
134,311
134,312
134,374
134,406
134,415
134,422
134,470
134,517
134,565
134,581
134,611
134,621
134,632
134,742
134,743
134,851
134,881
134,1543
135,4
135,22
135,54
135,55
135,65
135,68
135,70
135,71
135,72
135,78
135,79
135,80
135,81
135,82
135,85
135,90
135,97
135,98
135,111
135,114
135,115
135,120
135,130
135,131
135,134
135,136
135,139
135,144
135,155
135,159
135,160
135,161
135,166
135,170
135,173
135,180
135,182
135,192
135,243
135,244
135,253
135,257
135,259
135,270
135,300
135,341
135,342
135,358
135,385
135,394
135,395
135,406
135,408
135,415
135,418
135,422
135,470
135,480
135,516
135,517
135,527
135,531
135,534
135,547
135,563
135,564
135,565
135,581
135,582
135,611
135,621
135,632
135,639
135,641
135,642
135,643
135,644
135,719
135,763
135,779
135,796
135,811
135,851
135,889
135,982
135,985
135,1543
136,130
136,134
136,135
136,1114
136,1488
136,1489
136,1490
136,1491
136,1543
137,9
137,12
137,13
137,17
137,18
137,19
137,20
137,24
137,72
137,91
137,111
137,117
137,118
137,120
137,138
137,157
137,158
137,167
137,177
137,181
137,201
137,217
137,236
137,241
137,249
137,250
137,251
137,255
137,256
137,257
137,324
137,325
137,379
137,385
137,410
137,418
137,453
137,501
137,557
137,580
137,581
137,611
137,616
137,621
137,628
137,671
137,672
137,675
137,678
137,679
137,680
137,694
137,713
137,714
137,715
137,721
137,758
137,781
137,811
137,812
137,819
137,821
137,850
137,873
137,876
137,877
137,883
137,903
137,906
137,914
137,915
137,916
137,928
137,932
137,936
137,937
137,938
137,941
137,946
137,952
137,953
137,959
137,960
137,961
137,981
137,1627
138,9
138,12
138,13
138,24
138,72
138,92
138,93
138,94
138,95
138,111
138,117
138,118
138,120
138,137
138,158
138,167
138,180
138,181
138,201
138,217
138,249
138,250
138,251
138,255
138,256
138,257
138,324
138,325
138,340
138,372
138,373
138,379
138,385
138,418
138,453
138,501
138,502
138,557
138,611
138,616
138,621
138,628
138,634
138,671
138,672
138,694
138,707
138,708
138,721
138,781
138,797
138,811
138,812
138,821
138,873
138,876
138,877
138,903
138,906
138,915
138,916
138,917
138,923
138,928
138,930
138,932
138,936
138,937
138,938
138,941
138,946
138,947
138,948
138,952
138,953
138,959
138,960
138,961
138,981
139,3
139,4
139,5
139,130
139,134
139,135
139,1151
139,1543
140,9
140,91
140,92
140,93
140,94
140,95
140,141
140,142
140,143
140,149
140,154
140,167
140,169
140,172
140,179
140,201
140,254
140,280
140,281
140,282
140,283
140,284
140,285
140,286
140,354
140,517
140,547
140,1041
140,1042
141,9
141,140
141,142
141,167
141,169
141,172
141,179
142,9
142,140
142,141
142,167
142,169
142,172
142,179
143,9
143,140
143,149
143,167
143,169
143,172
143,179
143,217
143,249
143,250
143,251
143,443
143,501
143,882
143,960
143,972
143,1042
144,130
144,134
144,135
144,145
144,146
144,147
144,148
144,150
144,151
144,152
144,153
144,1139
144,1140
144,1141
144,1142
144,1143
144,1144
144,1543
144,1602
144,1603
145,2
145,5
145,6
145,13
145,42
145,61
145,65
145,144
145,146
145,147
145,148
145,150
145,151
145,152
145,153
145,158
145,166
145,202
145,208
145,217
145,245
145,297
145,325
145,330
145,396
145,411
145,437
145,445
145,517
145,584
145,585
145,586
145,587
145,658
145,659
145,693
145,694
145,719
145,760
145,852
145,941
145,946
145,1074
145,1075
145,1076
145,1077
145,1078
145,1079
145,1080
145,1081
145,1113
145,1119
145,1142
145,1143
145,1144
145,1172
145,1176
145,1177
145,1179
145,1190
145,1201
145,1218
145,1219
145,1220
145,1221
145,1222
145,1498
145,1533
145,1534
145,1535
145,1567
145,1568
145,1569
145,1594
145,1655
145,1786
145,1798
145,1946
145,1947
145,1948
145,1949
145,1950
145,1951
146,2
146,5
146,6
146,12
146,13
146,42
146,61
146,65
146,130
146,144
146,145
146,147
146,148
146,150
146,151
146,152
146,153
146,158
146,166
146,208
146,217
146,297
146,325
146,330
146,396
146,437
146,445
146,517
146,534
146,584
146,585
146,586
146,587
146,658
146,659
146,677
146,693
146,694
146,719
146,760
146,852
146,941
146,946
146,1074
146,1075
146,1076
146,1077
146,1078
146,1079
146,1080
146,1081
146,1113
146,1119
146,1142
146,1143
146,1144
146,1172
146,1176
146,1177
146,1179
146,1190
146,1201
146,1218
146,1219
146,1220
146,1221
146,1222
146,1498
146,1533
146,1534
146,1535
146,1567
146,1568
146,1569
146,1594
146,1655
146,1786
146,1798
146,1946
146,1947
146,1948
146,1951
147,2
147,5
147,6
147,13
147,42
147,61
147,65
147,130
147,144
147,145
147,146
147,148
147,150
147,151
147,152
147,153
147,158
147,166
147,208
147,217
147,297
147,325
147,330
147,396
147,437
147,445
147,517
147,534
147,584
147,585
147,586
147,587
147,658
147,659
147,677
147,693
147,694
147,719
147,760
147,769
147,852
147,941
147,946
147,1074
147,1075
147,1076
147,1077
147,1078
147,1079
147,1080
147,1081
147,1113
147,1119
147,1142
147,1143
147,1144
147,1172
147,1176
147,1177
147,1179
147,1190
147,1201
147,1218
147,1219
147,1220
147,1221
147,1222
147,1498
147,1533
147,1534
147,1535
147,1567
147,1568
147,1569
147,1594
147,1655
147,1786
147,1798
147,1946
147,1947
147,1948
147,1949
147,1950
147,1951
148,5
148,6
148,144
148,145
148,146
148,147
148,150
148,151
148,152
148,153
148,166
148,437
148,445
148,517
148,584
148,585
148,586
148,658
148,693
148,694
148,852
148,1074
148,1075
148,1076
148,1077
148,1078
148,1079
148,1080
148,1081
148,1113
148,1142
148,1143
148,1144
148,1176
148,1177
148,1218
148,1219
148,1220
148,1221
148,1222
148,1533
148,1534
148,1535
148,1567
148,1568
148,1946
148,1947
149,9
149,102
149,103
149,106
149,107
149,108
149,109
149,110
149,111
149,112
149,113
149,116
149,140
149,143
149,167
149,169
149,172
149,179
149,217
149,249
149,250
149,251
149,320
149,322
149,324
149,443
149,501
149,529
149,530
149,531
149,611
149,616
149,621
149,628
149,882
149,903
149,904
149,905
149,921
149,922
149,960
149,972
149,973
149,1042
150,5
150,6
150,47
150,144
150,145
150,146
150,147
150,148
150,151
150,152
150,153
150,165
150,166
150,217
150,437
150,445
150,517
150,584
150,585
150,586
150,658
150,693
150,694
150,852
150,1074
150,1075
150,1076
150,1077
150,1078
150,1079
150,1080
150,1081
150,1113
150,1142
150,1143
150,1144
150,1176
150,1177
150,1218
150,1219
150,1220
150,1221
150,1222
150,1533
150,1534
150,1535
150,1567
150,1568
150,1711
150,1712
150,1946
150,1947
151,3
151,4
151,5
151,6
151,144
151,145
151,146
151,147
151,148
151,150
151,152
151,153
151,166
151,217
151,437
151,445
151,517
151,584
151,585
151,586
151,658
151,693
151,694
151,852
151,1074
151,1075
151,1076
151,1077
151,1078
151,1079
151,1080
151,1081
151,1113
151,1142
151,1143
151,1144
151,1176
151,1177
151,1218
151,1219
151,1220
151,1221
151,1222
151,1533
151,1534
151,1535
151,1567
151,1568
151,1946
151,1947
152,3
152,4
152,5
152,6
152,144
152,145
152,146
152,147
152,148
152,150
152,151
152,153
152,157
152,166
152,217
152,396
152,437
152,445
152,517
152,584
152,585
152,586
152,658
152,693
152,694
152,852
152,1074
152,1075
152,1076
152,1077
152,1078
152,1079
152,1080
152,1081
152,1113
152,1142
152,1143
152,1144
152,1176
152,1177
152,1218
152,1219
152,1220
152,1221
152,1222
152,1468
152,1469
152,1533
152,1534
152,1535
152,1567
152,1568
152,1569
152,1946
152,1947
153,3
153,4
153,5
153,6
153,144
153,145
153,146
153,147
153,148
153,150
153,151
153,152
153,158
153,166
153,208
153,217
153,396
153,437
153,445
153,517
153,584
153,585
153,586
153,658
153,693
153,694
153,852
153,1074
153,1075
153,1076
153,1077
153,1078
153,1079
153,1080
153,1081
153,1113
153,1119
153,1142
153,1143
153,1144
153,1176
153,1177
153,1190
153,1201
153,1218
153,1219
153,1220
153,1221
153,1222
153,1478
153,1479
153,1498
153,1533
153,1534
153,1535
153,1567
153,1568
153,1569
153,1594
153,1655
153,1946
153,1947
153,1948
154,66
154,72
154,120
154,125
154,126
154,140
154,167
154,239
154,240
154,415
154,418
154,459
154,512
154,513
154,514
154,515
154,516
154,517
154,529
154,530
154,531
154,534
154,578
154,592
154,593
154,635
154,636
154,639
154,645
154,648
154,717
154,719
154,721
154,722
154,726
154,727
154,728
154,729
154,730
154,772
154,782
154,783
154,784
154,785
154,786
154,787
154,807
154,811
154,834
154,848
154,849
154,851
154,852
154,941
154,946
154,967
154,968
154,969
154,970
154,971
155,3
155,4
155,5
155,29
155,130
155,134
155,135
155,156
155,157
155,158
155,1120
155,1543
155,1925
156,4
156,5
156,42
156,155
156,164
156,611
156,1570
157,5
157,137
157,152
157,155
157,158
157,181
157,217
157,342
157,470
157,509
157,587
157,620
157,672
157,807
157,811
157,851
158,1
158,2
158,4
158,5
158,33
158,34
158,58
158,68
158,137
158,138
158,145
158,146
158,147
158,153
158,155
158,157
158,164
158,181
158,195
158,208
158,209
158,212
158,217
158,241
158,297
158,300
158,325
158,333
158,341
158,601
158,609
158,611
158,616
158,621
158,628
158,637
158,640
158,654
158,851
158,882
158,928
158,941
158,946
158,1484
158,1485
158,1486
158,1487
158,1488
158,1489
158,1490
158,1491
158,1580
158,1590
158,1591
158,1608
158,1667
158,1672
158,1675
158,1676
158,1677
158,1678
158,1773
158,1797
158,1798
158,1880
158,1881
158,1882
158,1883
158,1884
158,1905
158,1917
158,1918
158,1919
158,1955
159,1
159,2
159,6
159,41
159,42
159,43
159,130
159,134
159,135
159,160
159,161
159,162
159,163
159,1126
159,1127
159,1199
159,1310
159,1422
159,1492
159,1493
159,1494
159,1495
159,1496
159,1497
159,1498
159,1543
159,1589
159,1611
159,1669
159,1714
159,1896
160,1
160,2
160,3
160,4
160,5
160,49
160,130
160,134
160,135
160,159
160,164
160,165
160,166
160,1055
160,1220
160,1428
160,1462
160,1543
160,1592
160,1593
160,1594
160,1618
160,1660
160,1661
160,1662
160,1663
160,1664
160,1665
160,1666
160,1667
160,1668
160,1669
161,4
161,5
161,41
161,42
161,43
161,44
161,53
161,54
161,59
161,130
161,134
161,135
161,159
161,168
161,1118
161,1199
161,1671
161,1714
161,1740
161,1741
161,1742
161,1743
161,1744
161,1745
161,1869
161,1922
162,13
162,44
162,59
162,72
162,118
162,159
162,163
162,194
162,196
162,223
162,297
162,306
162,401
162,402
162,417
162,448
162,460
162,464
162,468
162,557
162,671
162,672
162,781
162,807
162,812
162,821
162,873
162,874
162,875
162,876
162,877
162,1218
162,1266
162,1283
162,1725
162,1918
162,1922
163,13
163,72
163,118
163,159
163,162
163,194
163,196
163,223
163,297
163,417
163,448
163,460
163,464
163,468
163,557
163,671
163,672
163,781
163,807
163,812
163,821
163,873
163,874
163,875
163,876
163,877
163,1218
163,1266
163,1283
163,1725
164,1
164,2
164,3
164,4
164,5
164,29
164,56
164,57
164,58
164,59
164,83
164,119
164,126
164,156
164,158
164,160
164,188
164,201
164,223
164,300
164,311
164,312
164,333
164,335
164,336
164,337
164,338
164,339
164,341
164,344
164,1428
164,1669
165,1
165,3
165,5
165,133
165,150
165,160
165,166
165,181
165,209
165,226
165,471
165,609
165,619
165,817
165,818
165,852
165,1027
165,1177
165,1190
165,1368
165,1462
165,1521
165,1569
165,1660
165,1667
165,1870
166,1
166,2
166,3
166,4
166,5
166,46
166,130
166,134
166,135
166,145
166,146
166,147
166,148
166,150
166,151
166,152
166,153
166,160
166,165
166,181
166,202
166,224
166,225
166,226
166,227
166,433
166,468
166,472
166,473
166,474
166,475
166,584
166,585
166,586
166,639
166,683
166,721
166,1021
166,1055
166,1451
166,1521
166,1522
166,1523
166,1524
166,1526
166,1527
166,1528
166,1529
166,1530
166,1531
166,1532
166,1536
166,1538
166,1543
166,1612
166,1666
166,1669
167,9
167,10
167,65
167,66
167,67
167,72
167,114
167,115
167,116
167,120
167,125
167,126
167,137
167,138
167,140
167,141
167,142
167,143
167,149
167,154
167,169
167,172
167,178
167,179
167,180
167,181
167,201
167,217
167,228
167,229
167,239
167,254
167,255
167,256
167,257
167,285
167,286
167,315
167,318
167,322
167,324
167,325
167,330
167,342
167,379
167,384
167,385
167,411
167,490
167,491
167,492
167,501
167,508
167,529
167,530
167,531
167,547
167,556
167,559
167,560
167,561
167,562
167,569
167,573
167,575
167,579
167,580
167,581
167,611
167,616
167,621
167,628
167,659
167,673
167,674
167,676
167,677
167,696
167,709
167,747
167,767
167,857
167,858
167,862
167,886
167,928
167,941
167,946
167,962
167,966
167,980
167,981
167,985
167,986
167,987
167,988
167,989
167,994
167,1019
168,10
168,53
168,54
168,61
168,72
168,161
168,188
168,300
168,621
169,72
169,120
169,140
169,141
169,142
169,143
169,149
169,167
169,172
169,179
169,201
169,217
169,236
169,322
169,324
169,385
169,410
169,470
169,501
169,517
169,674
169,859
169,869
169,870
169,882
169,974
169,975
169,976
169,977
170,44
170,59
170,130
170,134
170,135
170,171
170,1956
171,60
171,68
171,83
171,98
171,99
171,170
171,188
171,194
171,300
171,303
171,311
171,312
171,390
171,412
171,413
171,414
171,1737
171,1956
172,19
172,20
172,72
172,120
172,140
172,141
172,142
172,143
172,149
172,167
172,169
172,179
172,217
172,239
172,322
172,324
172,385
172,501
172,921
172,922
172,974
172,975
172,976
172,977
173,68
173,130
173,134
173,135
173,174
173,175
173,176
173,177
173,178
173,1857
173,1858
173,1860
174,25
174,173
174,187
174,195
174,611
174,616
174,620
174,621
174,628
174,1864
175,70
175,71
175,72
175,120
175,173
175,176
175,512
175,513
175,514
175,515
175,516
175,717
175,1857
176,72
176,120
176,173
176,175
176,239
176,478
176,489
176,490
176,491
176,492
176,512
176,513
176,514
176,515
176,516
176,517
176,608
176,717
176,1857
177,72
177,102
177,103
177,111
177,112
177,137
177,173
177,223
177,400
177,401
177,645
177,1824
177,1825
177,1826
177,1827
178,72
178,167
178,173
178,300
178,639
178,640
178,941
178,1860
178,1861
179,72
179,120
179,140
179,141
179,142
179,143
179,149
179,167
179,169
179,172
179,217
179,322
179,324
179,385
179,501
179,553
179,974
179,975
179,976
179,977
180,19
180,20
180,29
180,53
180,65
180,72
180,97
180,130
180,135
180,138
180,167
180,192
180,201
180,202
180,214
180,216
180,217
180,258
180,277
180,311
180,312
180,315
180,447
180,462
180,469
180,509
180,513
180,516
180,517
180,587
180,601
180,616
180,619
180,621
180,635
180,636
180,640
180,656
180,657
180,658
180,677
180,687
180,689
180,690
180,691
180,692
180,693
180,698
180,822
180,861
180,946
180,1218
180,1225
180,1228
180,1563
180,1719
180,1721
180,1723
180,1724
180,1729
180,1798
180,1803
180,1838
180,1892
180,1916
180,1976
181,9
181,13
181,24
181,68
181,72
181,79
181,80
181,81
181,82
181,91
181,92
181,93
181,94
181,95
181,104
181,105
181,111
181,117
181,118
181,120
181,137
181,138
181,157
181,158
181,165
181,166
181,167
181,201
181,217
181,240
181,249
181,250
181,251
181,255
181,256
181,257
181,324
181,325
181,330
181,379
181,385
181,418
181,453
181,471
181,499
181,501
181,502
181,557
181,572
181,580
181,581
181,605
181,611
181,616
181,621
181,628
181,634
181,671
181,672
181,694
181,707
181,708
181,721
181,781
181,811
181,812
181,819
181,821
181,873
181,876
181,877
181,903
181,906
181,915
181,916
181,923
181,928
181,930
181,932
181,936
181,937
181,938
181,941
181,942
181,946
181,947
181,948
181,952
181,953
181,959
181,960
181,961
181,968
181,969
181,970
181,971
181,981
182,25
182,130
182,135
182,183
182,184
182,185
182,186
182,187
182,188
183,182
183,184
183,185
183,186
183,239
183,240
183,241
184,10
184,182
184,183
184,185
184,186
184,241
185,182
185,183
185,184
185,186
185,241
186,83
186,182
186,183
186,184
186,185
186,188
186,241
186,300
186,312
187,5
187,25
187,109
187,111
187,112
187,174
187,182
187,188
187,195
187,201
187,241
187,310
187,573
187,611
187,616
187,621
187,628
187,767
187,807
187,811
188,8
188,12
188,15
188,16
188,24
188,25
188,36
188,42
188,44
188,58
188,59
188,60
188,61
188,62
188,64
188,70
188,71
188,72
188,74
188,75
188,76
188,78
188,79
188,80
188,81
188,82
188,83
188,92
188,93
188,94
188,95
188,120
188,125
188,126
188,134
188,164
188,168
188,171
188,182
188,186
188,187
188,200
188,201
188,223
188,228
188,234
188,235
188,248
188,249
188,258
188,295
188,296
188,297
188,299
188,300
188,303
188,305
188,307
188,311
188,312
188,313
188,315
188,317
188,318
188,319
188,321
188,331
188,332
188,333
188,335
188,338
188,340
188,345
188,346
188,347
188,349
188,350
188,351
188,352
188,353
188,354
188,357
188,358
188,360
188,361
188,362
188,363
188,364
188,365
188,366
188,367
188,368
188,375
188,376
188,377
188,386
188,390
188,414
188,416
188,464
188,470
188,476
188,477
188,479
188,502
188,506
188,507
188,511
188,535
188,555
188,557
188,558
188,559
188,560
188,561
188,562
188,566
188,567
188,568
188,591
188,599
188,606
188,607
188,651
188,655
188,659
188,666
188,667
188,668
188,669
188,670
188,671
188,672
188,675
188,678
188,679
188,680
188,762
188,763
188,764
188,770
188,812
188,1858
188,1979
188,1980
188,1981
189,190
189,191
189,192
190,189
190,191
190,192
191,189
191,190
191,192
192,10
192,16
192,22
192,33
192,34
192,76
192,78
192,79
192,80
192,81
192,82
192,130
192,134
192,135
192,180
192,189
192,190
192,191
192,193
192,214
192,215
192,216
192,223
192,224
192,225
192,226
192,227
192,239
192,246
192,247
192,248
192,258
192,259
192,315
192,316
192,330
192,344
192,391
192,406
192,447
192,448
192,478
192,489
192,490
192,491
192,492
192,508
192,547
192,607
192,627
192,634
192,639
192,641
192,642
192,643
192,644
192,695
192,769
192,807
192,808
192,811
192,819
193,68
193,192
193,194
193,195
194,68
194,91
194,162
194,163
194,171
194,193
194,304
194,534
194,535
194,536
194,537
194,538
194,539
194,540
194,541
194,542
194,543
194,544
194,545
194,546
194,547
194,1480
194,1481
194,1482
194,1483
194,1956
195,6
195,9
195,22
195,25
195,68
195,158
195,174
195,187
195,193
195,198
195,212
195,222
195,246
195,258
195,292
195,298
195,303
195,309
195,310
195,311
195,330
195,359
195,369
195,378
195,380
195,382
195,390
195,391
195,396
195,397
195,398
195,399
195,400
195,401
195,402
195,405
195,411
195,461
195,462
195,463
195,464
195,470
195,490
195,505
195,506
195,517
195,570
195,571
195,587
195,599
195,600
195,606
195,609
195,611
195,612
195,616
195,618
195,619
195,621
195,622
195,623
195,628
195,629
195,630
195,631
195,632
195,636
195,637
195,639
195,647
195,652
195,654
195,660
195,662
195,663
195,809
195,810
195,815
195,873
195,941
195,991
195,1361
195,1613
195,1654
195,1679
195,1845
195,1858
196,5
196,19
196,20
196,33
196,34
196,59
196,132
196,133
196,162
196,163
196,244
196,276
196,297
196,298
196,299
196,300
196,1244
196,1245
196,1728
196,1730
196,1829
196,1842
197,1
197,2
197,29
197,33
197,34
197,62
197,65
197,68
197,203
197,224
197,225
197,226
197,227
197,306
197,309
197,310
197,400
197,402
197,405
197,439
197,705
197,807
197,1771
197,1872
198,2
198,22
198,33
198,34
198,45
198,46
198,56
198,64
198,68
198,118
198,195
198,210
198,330
198,401
198,587
198,611
198,616
198,620
198,621
198,628
198,664
198,672
198,745
198,882
198,1773
198,1870
199,3
199,4
199,5
199,34
199,611
199,1470
199,1471
199,1870
200,5
200,34
200,40
200,48
200,60
200,62
200,72
200,188
200,315
200,405
200,512
200,532
200,557
200,628
200,649
200,650
200,651
200,671
200,672
200,807
200,811
200,1302
200,1303
200,1304
200,1305
200,1732
200,1982
201,9
201,13
201,25
201,34
201,60
201,61
201,64
201,70
201,71
201,72
201,74
201,83
201,85
201,86
201,88
201,90
201,103
201,104
201,105
201,107
201,109
201,123
201,130
201,137
201,138
201,140
201,164
201,167
201,169
201,180
201,181
201,187
201,188
201,216
201,218
201,230
201,241
201,242
201,243
201,244
201,247
201,248
201,249
201,250
201,251
201,257
201,258
201,259
201,263
201,265
201,274
201,276
201,277
201,278
201,298
201,299
201,300
201,303
201,305
201,306
201,308
201,309
201,310
201,311
201,312
201,315
201,338
201,341
201,344
201,359
201,365
201,366
201,368
201,380
201,381
201,383
201,390
201,406
201,416
201,422
201,464
201,478
201,490
201,491
201,498
201,506
201,507
201,522
201,528
201,530
201,556
201,564
201,565
201,579
201,581
201,599
201,600
201,601
201,603
201,605
201,606
201,607
201,609
201,611
201,616
201,620
201,628
201,631
201,636
201,637
201,638
201,639
201,642
201,645
201,648
201,671
201,672
201,677
201,697
201,699
201,719
201,721
201,765
201,766
201,767
201,781
201,783
201,784
201,785
201,786
201,788
201,807
201,811
201,821
201,851
201,873
201,877
201,881
201,928
201,946
201,954
201,960
201,961
201,972
201,1292
201,1369
201,1374
201,1375
201,1890
201,1929
201,1931
201,1933
201,1967
201,1986
202,5
202,22
202,40
202,92
202,93
202,94
202,95
202,145
202,166
202,180
202,211
202,258
202,306
202,472
202,473
202,474
202,475
202,618
202,639
202,1719
202,1724
202,1725
202,1803
202,1838
202,1870
203,1
203,2
203,15
203,16
203,18
203,19
203,20
203,22
203,25
203,41
203,133
203,197
203,204
203,205
203,206
203,207
203,218
203,219
203,220
203,253
203,551
203,620
203,692
203,807
203,811
203,813
203,814
203,1187
203,1582
203,1806
203,1807
203,1841
203,1882
204,15
204,16
204,18
204,19
204,20
204,22
204,25
204,41
204,133
204,203
204,205
204,206
204,207
204,218
204,219
204,220
204,221
204,253
204,551
204,620
204,692
204,807
204,811
204,813
204,814
204,1187
204,1582
204,1806
204,1807
204,1841
204,1882
205,15
205,16
205,18
205,19
205,20
205,22
205,25
205,41
205,133
205,203
205,204
205,206
205,207
205,218
205,219
205,220
205,253
205,551
205,620
205,692
205,807
205,811
205,813
205,814
205,1187
205,1582
205,1806
205,1807
205,1841
205,1882
206,1
206,2
206,12
206,15
206,16
206,18
206,19
206,20
206,22
206,25
206,41
206,133
206,203
206,204
206,205
206,207
206,218
206,219
206,220
206,221
206,253
206,551
206,620
206,692
206,807
206,811
206,813
206,814
206,1187
206,1582
206,1806
206,1807
206,1841
206,1882
207,15
207,16
207,18
207,19
207,20
207,22
207,25
207,41
207,133
207,203
207,204
207,205
207,206
207,218
207,219
207,220
207,221
207,253
207,551
207,620
207,692
207,807
207,811
207,813
207,814
207,1187
207,1582
207,1806
207,1807
207,1841
207,1882
208,22
208,29
208,44
208,56
208,57
208,63
208,145
208,146
208,147
208,153
208,158
208,209
208,212
208,419
208,425
208,430
208,447
208,448
208,602
208,619
208,622
208,733
208,746
208,798
208,799
208,800
208,809
208,810
208,882
208,884
208,1029
208,1093
208,1150
208,1155
208,1185
208,1580
208,1584
208,1597
208,1599
208,1604
208,1605
208,1606
208,1607
208,1608
208,1609
208,1610
208,1611
208,1629
208,1630
208,1632
208,1633
208,1634
208,1687
208,1725
208,1775
208,1816
208,1919
209,22
209,44
209,56
209,57
209,63
209,158
209,165
209,208
209,212
209,419
209,425
209,430
209,602
209,619
209,622
209,733
209,746
209,809
209,810
209,882
209,884
209,1029
209,1093
209,1150
209,1155
209,1185
209,1573
209,1574
209,1575
209,1580
209,1584
209,1596
209,1597
209,1599
209,1604
209,1605
209,1606
209,1607
209,1608
209,1609
209,1610
209,1611
209,1629
209,1630
209,1632
209,1633
209,1634
209,1687
209,1725
209,1775
209,1816
209,1919
210,22
210,198
210,330
210,401
210,419
210,664
210,882
210,1276
210,1277
210,1278
210,1833
210,1834
210,1835
210,1837
210,1838
210,1853
211,22
211,202
211,882
212,22
212,158
212,195
212,208
212,209
212,468
212,611
212,616
212,621
212,628
212,653
212,789
212,967
212,1225
212,1868
212,1876
213,22
213,72
213,249
213,252
213,341
213,941
213,1475
214,180
214,192
214,1729
215,192
215,216
215,1717
216,23
216,65
216,68
216,72
216,92
216,93
216,94
216,95
216,104
216,105
216,180
216,192
216,201
216,215
216,248
216,258
216,264
216,278
216,299
216,300
216,330
216,341
216,348
216,379
216,406
216,418
216,433
216,447
216,448
216,489
216,605
216,675
216,789
216,807
216,859
216,882
216,954
217,9
217,13
217,24
217,72
217,111
217,120
217,137
217,138
217,143
217,145
217,146
217,147
217,149
217,150
217,151
217,152
217,153
217,157
217,158
217,167
217,169
217,172
217,179
217,180
217,181
217,249
217,250
217,251
217,254
217,255
217,256
217,257
217,279
217,280
217,281
217,282
217,283
217,284
217,285
217,286
217,324
217,325
217,379
217,385
217,418
217,453
217,501
217,557
217,611
217,616
217,621
217,628
217,634
217,671
217,672
217,694
217,707
217,708
217,721
217,781
217,811
217,812
217,815
217,821
217,859
217,873
217,876
217,877
217,903
217,906
217,915
217,916
217,921
217,922
217,923
217,928
217,932
217,936
217,937
217,938
217,941
217,942
217,946
217,952
217,953
217,959
217,960
217,961
217,968
217,969
217,970
217,971
217,981
218,15
218,16
218,125
218,126
218,201
218,203
218,204
218,205
218,206
218,207
218,219
218,220
218,221
218,222
218,223
218,224
218,225
218,226
218,227
218,228
218,229
218,1957
219,12
219,15
219,16
219,41
219,133
219,203
219,204
219,205
219,206
219,207
219,218
219,220
219,221
219,253
219,551
219,692
219,811
219,813
219,814
219,1187
219,1582
219,1616
219,1806
219,1807
219,1841
219,1882
220,203
220,204
220,205
220,206
220,207
220,218
220,219
220,221
220,821
220,1187
220,1612
221,204
221,206
221,207
221,218
221,219
221,220
221,821
221,1187
221,1612
222,195
222,218
222,827
222,1945
223,1
223,2
223,13
223,55
223,64
223,74
223,83
223,162
223,163
223,164
223,177
223,188
223,192
223,218
223,253
223,259
223,272
223,275
223,311
223,312
223,317
223,333
223,340
223,341
223,342
223,414
223,503
223,527
223,557
223,566
223,568
223,602
223,639
223,668
223,669
223,670
223,671
223,672
223,781
223,812
223,873
223,876
223,877
223,1763
223,1831
223,1833
223,1834
223,1835
223,1872
223,1873
223,1979
223,1980
223,1981
224,28
224,46
224,62
224,68
224,120
224,166
224,192
224,197
224,218
224,225
224,226
224,227
224,297
224,338
224,341
224,365
224,445
224,509
224,517
224,533
224,601
224,616
224,621
224,628
224,787
224,807
224,811
224,827
224,877
224,882
224,892
224,928
224,946
224,1092
224,1143
224,1187
224,1188
224,1189
224,1199
224,1354
224,1465
224,1492
224,1493
224,1498
224,1536
224,1709
224,1747
224,1773
224,1836
224,1869
224,1870
224,1966
225,28
225,46
225,62
225,68
225,120
225,166
225,192
225,197
225,218
225,224
225,226
225,227
225,297
225,338
225,341
225,365
225,445
225,509
225,517
225,533
225,601
225,616
225,621
225,628
225,787
225,807
225,811
225,827
225,877
225,882
225,892
225,928
225,946
225,1092
225,1143
225,1187
225,1188
225,1189
225,1199
225,1354
225,1465
225,1492
225,1493
225,1498
225,1536
225,1709
225,1747
225,1836
225,1869
225,1870
225,1966
226,6
226,28
226,46
226,62
226,68
226,120
226,165
226,166
226,192
226,197
226,218
226,224
226,225
226,227
226,297
226,338
226,341
226,365
226,445
226,509
226,517
226,533
226,601
226,606
226,616
226,621
226,628
226,787
226,807
226,811
226,827
226,877
226,882
226,892
226,928
226,946
226,1092
226,1143
226,1187
226,1188
226,1189
226,1199
226,1354
226,1465
226,1492
226,1493
226,1498
226,1536
226,1709
226,1747
226,1836
226,1869
226,1870
226,1966
227,28
227,46
227,62
227,120
227,166
227,192
227,197
227,218
227,224
227,225
227,226
227,297
227,338
227,341
227,365
227,445
227,509
227,517
227,533
227,601
227,606
227,616
227,621
227,628
227,787
227,807
227,811
227,827
227,877
227,882
227,892
227,928
227,946
227,1092
227,1143
227,1187
227,1188
227,1189
227,1199
227,1354
227,1465
227,1473
227,1476
227,1492
227,1493
227,1498
227,1536
227,1673
227,1709
227,1747
227,1836
227,1869
227,1870
227,1966
228,10
228,13
228,58
228,72
228,74
228,75
228,83
228,102
228,125
228,126
228,167
228,188
228,218
228,229
228,239
228,247
228,248
228,258
228,273
228,300
228,311
228,312
228,331
228,338
228,342
228,345
228,348
228,349
228,376
228,459
228,515
228,556
228,557
228,569
228,580
228,601
228,609
228,636
228,637
228,666
228,667
228,671
228,672
228,710
228,750
228,752
228,781
228,807
228,812
228,821
228,860
228,873
228,876
228,877
228,889
228,961
228,1908
229,9
229,68
229,72
229,120
229,125
229,126
229,167
229,218
229,228
229,230
229,241
229,255
229,256
229,325
229,342
229,385
229,418
229,449
229,516
229,530
229,531
229,534
229,569
229,602
229,611
229,616
229,628
229,635
229,636
229,655
229,763
229,773
229,779
229,910
229,966
229,985
230,201
230,229
230,231
230,1321
230,1322
230,1330
230,1331
230,1332
230,1333
230,1334
230,1335
230,1967
231,74
231,111
231,230
231,383
231,852
231,954
232,19
232,20
232,233
232,234
232,235
233,19
233,20
233,232
233,234
233,235
233,236
234,1
234,2
234,17
234,18
234,19
234,20
234,83
234,188
234,232
234,233
234,235
234,266
234,300
234,311
234,312
234,404
234,416
234,417
234,422
234,425
234,460
234,461
234,462
234,463
234,464
234,526
234,570
234,571
234,572
234,573
234,1237
234,1580
234,1583
234,1584
234,1954
235,1
235,2
235,17
235,18
235,19
235,20
235,83
235,188
235,232
235,233
235,234
235,266
235,300
235,311
235,312
235,404
235,416
235,417
235,422
235,425
235,461
235,462
235,463
235,464
235,526
235,570
235,571
235,573
235,1237
235,1580
235,1583
235,1584
235,1701
235,1702
235,1703
235,1704
235,1705
235,1706
236,72
236,111
236,120
236,137
236,169
236,233
236,241
236,251
236,256
236,263
236,265
236,341
236,342
236,407
236,410
236,494
236,501
236,503
236,602
236,637
236,674
236,821
236,837
236,882
236,928
236,1019
237,238
237,239
237,1346
237,1347
237,1348
238,237
238,300
238,1346
238,1347
238,1348
239,9
239,10
239,13
239,44
239,61
239,65
239,66
239,106
239,112
239,120
239,122
239,125
239,154
239,167
239,172
239,176
239,183
239,192
239,228
239,237
239,244
239,249
239,250
239,252
239,254
239,255
239,259
239,263
239,264
239,265
239,277
239,278
239,279
239,281
239,283
239,284
239,285
239,286
239,341
239,342
239,384
239,454
239,456
239,457
239,459
239,478
239,490
239,491
239,493
239,499
239,501
239,512
239,515
239,529
239,534
239,549
239,556
239,557
239,562
239,578
239,580
239,591
239,593
239,605
239,639
239,659
239,676
239,677
239,712
239,717
239,719
239,721
239,752
239,768
239,781
239,783
239,784
239,789
239,807
239,811
239,812
239,821
239,834
239,835
239,836
239,837
239,846
239,852
239,860
239,861
239,873
239,876
239,877
239,920
239,928
239,941
239,954
239,966
239,986
239,1269
239,1344
239,1345
239,1996
239,1997
239,1998
240,72
240,154
240,181
240,183
240,379
240,459
240,580
240,645
240,852
241,12
241,13
241,25
241,68
241,70
241,71
241,72
241,86
241,88
241,89
241,90
241,91
241,104
241,105
241,119
241,120
241,124
241,130
241,137
241,158
241,183
241,184
241,185
241,186
241,187
241,201
241,229
241,236
241,242
241,243
241,244
241,247
241,248
241,249
241,250
241,251
241,252
241,254
241,255
241,256
241,257
241,263
241,264
241,265
241,277
241,279
241,280
241,281
241,282
241,283
241,284
241,285
241,286
241,325
241,330
241,342
241,343
241,369
241,410
241,431
241,433
241,449
241,453
241,478
241,479
241,494
241,500
241,503
241,513
241,516
241,547
241,549
241,557
241,564
241,580
241,581
241,583
241,601
241,602
241,605
241,611
241,616
241,621
241,628
241,635
241,636
241,638
241,639
241,640
241,655
241,671
241,672
241,674
241,719
241,763
241,764
241,781
241,782
241,783
241,784
241,786
241,788
241,811
241,812
241,821
241,829
241,851
241,873
241,876
241,877
241,960
241,972
241,1019
242,70
242,71
242,201
242,241
242,243
242,244
242,245
242,246
242,247
242,248
242,249
242,250
242,251
243,70
243,71
243,72
243,120
243,130
243,135
243,201
243,241
243,242
243,244
243,246
243,247
243,248
243,249
243,250
243,251
243,267
243,268
243,269
243,270
244,12
244,70
244,71
244,72
244,119
244,120
244,130
244,135
244,196
244,201
244,239
244,241
244,242
244,243
244,246
244,247
244,248
244,249
244,250
244,251
244,254
244,255
244,256
244,257
244,271
244,272
244,273
244,274
244,275
244,276
244,277
244,278
244,300
244,341
244,343
244,517
244,706
244,745
245,12
245,145
245,242
245,250
245,297
246,9
246,13
246,25
246,37
246,68
246,70
246,71
246,92
246,93
246,94
246,95
246,104
246,120
246,192
246,195
246,242
246,243
246,244
246,247
246,248
246,258
246,263
246,294
246,300
246,306
246,309
246,310
246,314
246,321
246,326
246,327
246,328
246,329
246,335
246,422
246,464
246,468
246,517
246,547
246,557
246,575
246,581
246,587
246,600
246,607
246,611
246,616
246,621
246,622
246,623
246,628
246,652
246,655
246,671
246,672
246,676
246,677
246,696
246,721
246,779
246,781
246,784
246,785
246,787
246,812
246,821
246,873
246,876
246,877
246,882
246,987
246,1375
246,1516
246,1722
246,1893
246,1982
246,1983
246,1984
246,1985
246,1986
247,9
247,13
247,37
247,65
247,66
247,70
247,71
247,72
247,83
247,92
247,93
247,94
247,95
247,104
247,120
247,126
247,192
247,201
247,228
247,241
247,242
247,243
247,244
247,246
247,248
247,253
247,258
247,263
247,264
247,273
247,287
247,293
247,294
247,300
247,306
247,309
247,310
247,321
247,326
247,327
247,328
247,329
247,335
247,348
247,422
247,425
247,464
247,468
247,490
247,517
247,523
247,557
247,575
247,581
247,587
247,600
247,607
247,639
247,641
247,655
247,671
247,672
247,676
247,677
247,696
247,698
247,699
247,721
247,779
247,781
247,784
247,785
247,787
247,807
247,812
247,821
247,873
247,876
247,877
247,882
247,946
247,954
247,987
247,1375
247,1722
247,1982
247,1983
247,1984
247,1985
247,1986
248,9
248,13
248,37
248,65
248,66
248,68
248,70
248,71
248,72
248,83
248,92
248,93
248,94
248,95
248,104
248,120
248,126
248,188
248,192
248,201
248,216
248,228
248,241
248,242
248,243
248,244
248,246
248,247
248,253
248,258
248,263
248,264
248,273
248,294
248,300
248,306
248,309
248,310
248,311
248,312
248,321
248,326
248,327
248,328
248,329
248,332
248,335
248,348
248,392
248,422
248,464
248,468
248,478
248,489
248,490
248,491
248,492
248,517
248,523
248,557
248,575
248,581
248,587
248,600
248,607
248,639
248,641
248,652
248,655
248,671
248,672
248,675
248,676
248,677
248,696
248,698
248,699
248,721
248,779
248,781
248,784
248,785
248,787
248,807
248,812
248,821
248,873
248,876
248,877
248,882
248,946
248,954
248,987
248,1375
248,1516
248,1534
248,1535
248,1722
248,1982
248,1983
248,1984
248,1985
248,1986
248,1987
249,72
249,83
249,117
249,118
249,120
249,137
249,138
249,143
249,149
249,181
249,188
249,201
249,213
249,217
249,239
249,241
249,242
249,243
249,244
249,250
249,251
249,254
249,270
249,279
249,280
249,281
249,282
249,283
249,284
249,285
249,286
249,312
249,322
249,324
249,379
249,384
249,385
249,501
249,529
249,530
249,531
249,859
250,12
250,56
250,70
250,71
250,72
250,119
250,120
250,137
250,138
250,143
250,149
250,181
250,201
250,217
250,239
250,241
250,242
250,243
250,244
250,245
250,249
250,251
250,254
250,283
250,284
250,285
250,286
250,322
250,324
250,330
250,379
250,384
250,385
250,426
250,427
250,428
250,429
250,430
250,478
250,489
250,490
250,491
250,492
250,501
250,529
250,530
250,531
250,611
250,616
250,621
250,628
250,859
250,921
250,922
250,935
250,983
251,13
251,68
251,72
251,120
251,137
251,138
251,143
251,149
251,181
251,201
251,217
251,236
251,241
251,242
251,243
251,244
251,249
251,250
251,254
251,283
251,284
251,285
251,286
251,288
251,289
251,290
251,291
251,292
251,322
251,324
251,325
251,343
251,374
251,379
251,384
251,385
251,410
251,478
251,489
251,490
251,491
251,492
251,499
251,501
251,529
251,530
251,531
251,557
251,611
251,616
251,621
251,628
251,655
251,671
251,672
251,674
251,678
251,679
251,680
251,781
251,812
251,821
251,873
251,876
251,877
251,903
251,904
251,905
251,921
251,922
251,968
251,969
251,970
251,971
251,1253
251,1254
251,1361
252,72
252,120
252,213
252,239
252,241
252,253
252,254
252,255
252,256
252,257
253,10
253,40
253,41
253,43
253,54
253,55
253,65
253,66
253,74
253,130
253,134
253,135
253,203
253,204
253,205
253,206
253,207
253,219
253,223
253,247
253,248
253,252
253,254
253,255
253,256
253,257
253,279
253,280
253,281
253,282
253,283
253,284
253,285
253,286
253,300
253,315
253,351
253,352
253,353
253,357
253,425
253,447
253,448
253,464
253,472
253,473
253,474
253,475
253,622
253,623
253,700
253,701
253,1310
253,1311
253,1312
253,1732
253,1831
253,1833
253,1834
253,1835
253,1925
253,1926
253,1927
253,1928
253,1939
253,1977
254,9
254,60
254,62
254,65
254,66
254,67
254,76
254,140
254,167
254,217
254,239
254,241
254,244
254,249
254,250
254,251
254,252
254,253
254,258
254,271
254,272
254,277
254,278
254,279
254,280
254,281
254,282
254,283
254,284
254,285
254,286
254,300
254,312
254,353
254,359
254,379
254,384
254,490
254,516
254,517
254,534
254,609
254,616
254,628
254,711
254,781
254,795
254,807
254,941
254,954
254,1374
254,1375
254,1939
255,9
255,72
255,85
255,86
255,87
255,88
255,90
255,120
255,137
255,138
255,167
255,181
255,217
255,229
255,239
255,241
255,244
255,252
255,253
255,256
255,257
255,300
255,322
255,324
255,325
255,341
255,484
255,501
255,512
255,513
255,514
255,515
255,516
255,531
255,580
255,581
255,788
255,829
255,832
255,862
255,870
255,882
255,984
255,985
256,9
256,65
256,66
256,67
256,72
256,120
256,137
256,138
256,167
256,181
256,217
256,229
256,236
256,241
256,244
256,252
256,253
256,255
256,257
256,288
256,289
256,290
256,291
256,292
256,300
256,322
256,324
256,325
256,341
256,355
256,356
256,484
256,501
256,508
256,512
256,513
256,514
256,515
256,516
256,529
256,530
256,531
256,591
256,659
256,788
256,825
256,832
256,850
256,862
256,870
256,882
256,885
256,984
256,985
257,9
257,63
257,64
257,72
257,85
257,86
257,87
257,88
257,90
257,120
257,130
257,134
257,135
257,137
257,138
257,167
257,181
257,201
257,217
257,241
257,244
257,252
257,253
257,255
257,256
257,288
257,289
257,290
257,291
257,292
257,295
257,296
257,300
257,322
257,324
257,325
257,341
257,447
257,448
257,454
257,484
257,501
257,502
257,512
257,513
257,514
257,515
257,516
257,517
257,531
257,553
257,601
257,602
257,609
257,635
257,636
257,637
257,638
257,639
257,773
257,788
257,824
257,832
257,862
257,870
257,882
257,978
257,979
257,984
257,985
258,9
258,10
258,35
258,68
258,70
258,71
258,72
258,76
258,83
258,119
258,120
258,125
258,126
258,180
258,188
258,192
258,195
258,201
258,202
258,216
258,228
258,246
258,247
258,248
258,254
258,279
258,280
258,281
258,282
258,283
258,284
258,285
258,286
258,300
258,312
258,359
258,392
258,508
258,547
258,611
258,616
258,621
258,622
258,623
258,625
258,628
258,665
258,673
258,675
258,676
258,677
258,678
258,679
258,680
258,1260
258,1261
258,1721
258,1722
258,1968
258,1969
259,35
259,70
259,71
259,72
259,78
259,79
259,80
259,81
259,82
259,117
259,118
259,120
259,130
259,135
259,192
259,201
259,223
259,239
259,263
259,264
259,265
259,352
259,419
259,508
259,607
259,882
260,9
261,262
261,263
261,264
262,261
262,263
262,264
262,265
263,70
263,71
263,72
263,85
263,86
263,87
263,88
263,90
263,120
263,201
263,236
263,239
263,241
263,246
263,247
263,248
263,259
263,261
263,262
263,264
263,265
263,350
263,391
263,410
263,523
263,591
263,698
263,699
263,846
263,928
263,1349
263,1350
264,72
264,85
264,86
264,87
264,88
264,90
264,120
264,216
264,239
264,241
264,247
264,248
264,259
264,261
264,262
264,263
264,265
264,267
264,268
264,269
264,478
264,489
264,490
264,491
264,492
264,523
264,591
264,673
264,698
264,699
264,846
264,928
264,1349
264,1350
265,23
265,70
265,71
265,201
265,236
265,239
265,241
265,259
265,262
265,263
265,264
265,410
265,449
265,484
265,591
265,846
266,23
266,50
266,51
266,52
266,53
266,54
266,66
266,234
266,235
266,306
266,404
266,445
266,464
266,645
267,124
267,243
267,264
267,268
267,269
267,300
267,490
267,562
267,569
267,1338
267,1339
267,1345
268,124
268,243
268,264
268,267
268,269
268,300
268,490
268,562
268,569
268,1338
268,1339
268,1345
269,124
269,243
269,264
269,267
269,268
269,300
269,490
269,562
269,569
269,1338
269,1339
269,1345
270,61
270,62
270,135
270,243
270,249
270,277
270,312
270,882
271,68
271,244
271,254
271,272
271,273
271,274
271,275
271,276
271,277
271,278
271,279
271,280
271,281
271,282
271,283
271,284
271,285
271,286
272,223
272,244
272,254
272,271
272,273
272,274
272,275
272,276
272,277
272,278
272,279
272,280
272,281
272,282
272,283
272,284
272,285
272,286
273,19
273,20
273,117
273,118
273,125
273,126
273,228
273,244
273,247
273,248
273,271
273,272
273,274
273,275
273,276
273,277
273,278
273,287
274,201
274,244
274,271
274,272
274,273
274,275
274,276
274,277
274,278
275,117
275,118
275,223
275,244
275,271
275,272
275,273
275,274
275,276
275,277
275,278
275,288
275,289
275,290
275,291
275,292
275,1953
276,196
276,201
276,244
276,271
276,272
276,273
276,274
276,275
276,277
276,278
276,293
276,294
276,295
276,296
277,85
277,86
277,87
277,88
277,90
277,180
277,201
277,239
277,241
277,244
277,254
277,270
277,271
277,272
277,273
277,274
277,275
277,276
277,278
277,279
277,280
277,281
277,282
277,283
277,284
277,285
277,286
277,287
277,370
277,426
277,427
277,428
277,429
277,430
277,433
277,460
277,465
277,466
277,467
277,478
277,489
277,490
277,491
277,492
277,508
277,529
277,530
277,531
277,550
277,582
277,713
277,714
277,715
277,840
277,841
278,85
278,86
278,87
278,88
278,90
278,117
278,118
278,119
278,201
278,216
278,239
278,244
278,254
278,271
278,272
278,273
278,274
278,275
278,276
278,277
278,279
278,280
278,281
278,282
278,283
278,284
278,285
278,286
278,426
278,427
278,428
278,429
278,430
278,433
278,478
278,489
278,490
278,491
278,492
278,529
278,530
278,531
278,553
278,582
278,713
278,714
278,715
278,840
279,60
279,62
279,65
279,66
279,67
279,76
279,217
279,239
279,241
279,249
279,253
279,254
279,258
279,271
279,272
279,277
279,278
279,280
279,281
279,282
279,283
279,284
279,285
279,286
279,312
279,359
279,379
279,384
279,534
279,628
279,941
279,1374
279,1375
279,1939
280,60
280,62
280,65
280,66
280,67
280,76
280,140
280,217
280,241
280,249
280,253
280,254
280,258
280,271
280,272
280,277
280,278
280,279
280,281
280,282
280,283
280,284
280,285
280,286
280,312
280,359
280,379
280,384
280,534
280,628
280,941
280,1374
280,1375
280,1939
281,60
281,62
281,65
281,66
281,67
281,76
281,140
281,217
281,239
281,241
281,249
281,253
281,254
281,258
281,271
281,272
281,277
281,278
281,279
281,280
281,282
281,283
281,284
281,285
281,286
281,312
281,359
281,379
281,534
281,628
281,941
281,1374
281,1375
281,1939
282,9
282,60
282,62
282,65
282,66
282,67
282,76
282,140
282,217
282,241
282,249
282,253
282,254
282,258
282,271
282,272
282,277
282,278
282,279
282,280
282,281
282,283
282,284
282,285
282,286
282,312
282,359
282,379
282,384
282,534
282,609
282,628
282,781
282,941
282,1374
282,1375
282,1939
283,9
283,60
283,62
283,65
283,66
283,67
283,76
283,140
283,217
283,239
283,241
283,249
283,250
283,251
283,253
283,254
283,258
283,271
283,272
283,277
283,278
283,279
283,280
283,281
283,282
283,284
283,285
283,286
283,312
283,359
283,379
283,384
283,534
283,609
283,628
283,781
283,941
283,954
283,1374
283,1375
283,1939
284,9
284,60
284,62
284,65
284,66
284,67
284,76
284,140
284,217
284,239
284,241
284,249
284,250
284,251
284,253
284,254
284,258
284,271
284,272
284,277
284,278
284,279
284,280
284,281
284,282
284,283
284,285
284,286
284,312
284,359
284,379
284,384
284,534
284,609
284,628
284,781
284,807
284,941
284,954
284,1374
284,1375
284,1939
285,9
285,60
285,62
285,65
285,66
285,67
285,76
285,140
285,167
285,217
285,239
285,241
285,249
285,250
285,251
285,253
285,254
285,258
285,271
285,272
285,277
285,278
285,279
285,280
285,281
285,282
285,283
285,284
285,286
285,312
285,359
285,379
285,384
285,490
285,516
285,517
285,534
285,609
285,616
285,628
285,711
285,781
285,795
285,807
285,941
285,954
285,1374
285,1375
285,1939
286,9
286,60
286,62
286,65
286,66
286,67
286,76
286,140
286,167
286,217
286,239
286,241
286,249
286,250
286,251
286,253
286,254
286,258
286,271
286,272
286,277
286,278
286,279
286,280
286,281
286,282
286,283
286,284
286,285
286,312
286,359
286,379
286,384
286,490
286,516
286,517
286,534
286,609
286,616
286,628
286,711
286,781
286,795
286,807
286,941
286,954
286,1374
286,1375
286,1939
287,120
287,247
287,273
287,277
287,314
287,438
287,514
287,515
287,601
287,620
287,721
287,1270
287,1271
287,1272
287,1273
287,1274
287,1275
287,1917
288,18
288,40
288,72
288,251
288,256
288,257
288,275
288,289
288,290
288,291
288,292
288,311
288,341
288,523
288,636
288,638
288,848
288,1175
288,1188
288,1218
288,1731
288,1732
288,1802
288,1828
289,18
289,40
289,72
289,251
289,256
289,257
289,275
289,288
289,290
289,291
289,292
289,311
289,341
289,523
289,636
289,638
289,848
289,1175
289,1188
289,1218
289,1731
289,1732
289,1802
289,1828
290,17
290,18
290,19
290,20
290,40
290,72
290,251
290,256
290,257
290,275
290,288
290,289
290,291
290,292
290,311
290,341
290,523
290,636
290,638
290,848
290,1175
290,1188
290,1218
290,1731
290,1732
290,1802
290,1828
291,18
291,40
291,72
291,251
291,256
291,257
291,275
291,288
291,289
291,290
291,292
291,311
291,341
291,523
291,636
291,638
291,848
291,1175
291,1188
291,1218
291,1731
291,1732
291,1802
291,1828
292,5
292,18
292,40
292,72
292,195
292,251
292,256
292,257
292,275
292,288
292,289
292,290
292,291
292,311
292,341
292,523
292,611
292,616
292,621
292,628
292,636
292,638
292,848
292,1175
292,1188
292,1218
292,1731
292,1732
292,1802
292,1828
293,12
293,13
293,25
293,68
293,83
293,130
293,247
293,276
293,294
293,303
293,310
293,402
293,557
293,566
293,567
293,568
293,569
293,599
293,601
293,602
293,609
293,671
293,672
293,781
293,787
293,812
293,821
293,873
293,876
293,877
293,882
294,13
294,25
294,29
294,68
294,83
294,119
294,130
294,246
294,247
294,248
294,276
294,293
294,303
294,310
294,402
294,557
294,566
294,567
294,568
294,569
294,599
294,601
294,602
294,609
294,671
294,672
294,781
294,787
294,812
294,821
294,873
294,876
294,877
294,882
295,87
295,188
295,257
295,276
295,296
295,301
295,302
295,304
295,573
295,787
295,933
295,1762
295,1837
295,1838
295,1870
296,87
296,188
296,257
296,276
296,295
296,301
296,302
296,304
296,573
296,787
296,933
296,1762
296,1837
296,1838
296,1870
297,6
297,12
297,68
297,83
297,145
297,146
297,147
297,158
297,162
297,163
297,188
297,196
297,224
297,225
297,226
297,227
297,245
297,299
297,300
297,311
297,312
297,313
297,314
297,372
297,373
297,411
297,1534
298,5
298,48
298,49
298,58
298,85
298,86
298,87
298,88
298,90
298,104
298,105
298,195
298,196
298,201
298,500
298,504
298,505
298,506
298,507
298,602
298,603
298,606
298,611
298,616
298,618
298,621
298,625
298,628
298,631
298,636
298,1258
298,1259
298,1260
298,1261
298,1890
299,70
299,71
299,72
299,83
299,188
299,196
299,201
299,216
299,297
299,300
299,303
299,306
299,309
299,310
299,311
299,312
299,342
299,392
299,420
299,421
299,534
299,555
299,601
299,811
299,821
299,824
299,1446
300,8
300,9
300,10
300,15
300,16
300,24
300,25
300,31
300,36
300,42
300,44
300,56
300,58
300,59
300,60
300,61
300,62
300,64
300,70
300,71
300,72
300,74
300,75
300,76
300,83
300,88
300,114
300,115
300,120
300,125
300,126
300,130
300,134
300,135
300,158
300,164
300,168
300,171
300,178
300,186
300,188
300,196
300,201
300,216
300,228
300,234
300,235
300,238
300,244
300,246
300,247
300,248
300,253
300,254
300,255
300,256
300,257
300,258
300,267
300,268
300,269
300,297
300,299
300,301
300,302
300,303
300,305
300,306
300,307
300,308
300,309
300,310
300,311
300,312
300,313
300,315
300,316
300,317
300,319
300,321
300,325
300,331
300,332
300,333
300,335
300,338
300,344
300,345
300,346
300,347
300,349
300,350
300,351
300,352
300,353
300,354
300,355
300,356
300,357
300,358
300,360
300,361
300,362
300,363
300,364
300,365
300,366
300,367
300,368
300,370
300,374
300,375
300,376
300,377
300,386
300,387
300,388
300,390
300,406
300,407
300,408
300,409
300,416
300,431
300,449
300,464
300,470
300,476
300,477
300,479
300,484
300,502
300,506
300,507
300,511
300,512
300,515
300,526
300,557
300,558
300,566
300,567
300,568
300,581
300,591
300,599
300,606
300,607
300,621
300,641
300,642
300,643
300,644
300,655
300,659
300,666
300,667
300,671
300,672
300,675
300,678
300,679
300,680
300,761
300,762
300,763
300,764
300,770
300,796
300,812
300,826
300,966
300,985
301,295
301,296
301,300
301,302
301,1475
302,295
302,296
302,300
302,301
302,303
302,304
302,1475
302,1762
302,1844
303,10
303,44
303,59
303,70
303,71
303,83
303,119
303,171
303,188
303,195
303,201
303,293
303,294
303,299
303,300
303,302
303,312
303,317
303,368
303,383
303,390
303,391
303,476
303,477
303,478
303,489
303,490
303,491
303,492
303,534
303,603
303,607
303,611
303,616
303,621
303,628
303,662
303,663
304,194
304,295
304,296
304,302
304,321
304,633
304,781
304,1736
304,1870
305,70
305,71
305,83
305,188
305,201
305,300
305,306
305,307
305,308
305,309
305,310
305,311
305,312
305,1929
305,1930
306,40
306,68
306,72
306,119
306,162
306,197
306,201
306,202
306,246
306,247
306,248
306,266
306,299
306,300
306,305
306,307
306,308
306,309
306,310
306,392
306,393
306,394
306,395
306,396
306,397
306,398
306,399
306,400
306,401
306,402
306,403
306,404
306,405
306,406
306,1188
306,1189
306,1269
306,1432
306,1720
306,1834
306,1892
306,1929
307,83
307,188
307,300
307,305
307,306
307,311
307,312
307,1294
307,1295
307,1929
308,24
308,70
308,71
308,90
308,104
308,105
308,201
308,300
308,305
308,306
308,309
308,310
308,335
308,378
308,380
308,381
308,382
308,383
308,398
308,399
308,400
308,401
308,402
308,506
308,599
308,601
308,603
308,606
308,607
308,1324
308,1325
308,1326
308,1327
308,1328
308,1329
308,1330
308,1331
308,1332
308,1333
308,1334
308,1335
308,1929
308,1930
308,1931
308,1932
308,1933
308,1995
309,68
309,70
309,71
309,72
309,119
309,195
309,197
309,201
309,246
309,247
309,248
309,299
309,300
309,305
309,306
309,308
309,310
309,392
309,398
309,399
309,400
309,401
309,402
309,403
309,405
309,406
309,611
309,616
309,621
309,628
309,1852
309,1892
309,1929
309,1934
310,25
310,68
310,70
310,71
310,72
310,187
310,195
310,197
310,201
310,246
310,247
310,248
310,293
310,294
310,299
310,300
310,305
310,306
310,308
310,309
310,330
310,398
310,399
310,400
310,401
310,402
310,403
310,405
310,406
310,611
310,616
310,621
310,628
310,665
310,1720
310,1892
310,1929
311,8
311,12
311,15
311,16
311,25
311,36
311,42
311,44
311,58
311,59
311,60
311,61
311,62
311,64
311,70
311,71
311,74
311,75
311,76
311,83
311,125
311,126
311,134
311,164
311,171
311,180
311,188
311,195
311,201
311,223
311,228
311,234
311,235
311,248
311,288
311,289
311,290
311,291
311,292
311,297
311,299
311,300
311,305
311,307
311,312
311,313
311,317
311,319
311,321
311,331
311,332
311,333
311,335
311,338
311,345
311,346
311,347
311,349
311,350
311,351
311,353
311,354
311,358
311,376
311,377
311,378
311,380
311,381
311,382
311,383
311,390
311,414
311,416
311,460
311,464
311,470
311,502
311,506
311,507
311,511
311,563
311,567
311,568
311,599
311,606
311,607
311,611
311,616
311,621
311,628
311,666
311,667
311,668
311,669
311,670
311,671
311,672
311,1259
311,1260
311,1261
311,1930
311,1931
311,1932
311,1933
311,1954
312,8
312,12
312,15
312,16
312,25
312,36
312,42
312,44
312,50
312,51
312,52
312,53
312,54
312,58
312,59
312,60
312,61
312,62
312,64
312,68
312,70
312,71
312,74
312,75
312,76
312,83
312,92
312,93
312,94
312,95
312,117
312,118
312,119
312,125
312,126
312,134
312,164
312,171
312,180
312,186
312,188
312,201
312,223
312,228
312,234
312,235
312,248
312,249
312,254
312,258
312,270
312,279
312,280
312,281
312,282
312,283
312,284
312,285
312,286
312,297
312,299
312,300
312,303
312,305
312,307
312,311
312,313
312,317
312,319
312,321
312,331
312,332
312,333
312,335
312,338
312,344
312,345
312,346
312,347
312,349
312,350
312,351
312,352
312,353
312,354
312,357
312,358
312,360
312,361
312,362
312,363
312,364
312,365
312,366
312,367
312,368
312,375
312,376
312,377
312,386
312,390
312,412
312,413
312,414
312,416
312,464
312,470
312,476
312,477
312,478
312,489
312,490
312,491
312,492
312,502
312,506
312,507
312,511
312,555
312,557
312,566
312,567
312,568
312,591
312,599
312,606
312,607
312,666
312,667
312,668
312,669
312,670
312,671
312,672
312,675
312,678
312,679
312,680
312,700
312,701
312,812
313,83
313,188
313,297
313,300
313,311
313,312
313,314
313,316
314,37
314,62
314,246
314,287
314,297
314,313
314,468
314,618
314,619
314,620
314,621
314,1596
314,1730
314,1731
314,1797
315,9
315,10
315,70
315,71
315,111
315,167
315,180
315,188
315,192
315,200
315,201
315,253
315,300
315,325
315,391
315,490
315,556
315,577
315,579
315,587
315,601
315,636
315,638
315,639
315,700
315,701
315,759
315,760
315,789
315,797
315,1336
316,36
316,44
316,61
316,62
316,65
316,66
316,68
316,120
316,192
316,300
316,313
316,341
316,447
316,464
316,468
316,470
316,505
316,506
316,507
316,557
316,601
316,606
316,611
316,616
316,618
316,631
316,635
316,636
316,811
316,812
316,1175
317,83
317,188
317,223
317,300
317,303
317,311
317,312
318,9
318,10
318,130
318,167
318,188
318,385
318,555
318,558
318,559
318,560
318,561
318,562
318,577
318,767
319,83
319,188
319,300
319,311
319,312
319,320
320,149
320,319
320,846
320,941
321,50
321,51
321,52
321,53
321,54
321,83
321,188
321,246
321,247
321,248
321,300
321,304
321,311
321,312
321,323
321,326
321,327
321,328
321,329
321,330
321,1175
321,1797
321,1868
322,9
322,28
322,67
322,103
322,109
322,111
322,112
322,149
322,167
322,169
322,172
322,179
322,249
322,250
322,251
322,255
322,256
322,257
322,324
322,379
322,384
322,385
322,415
322,418
322,498
322,501
322,527
322,528
322,709
322,772
322,777
322,778
322,779
322,787
322,789
322,794
322,795
322,807
322,811
322,820
322,821
322,825
322,828
322,835
322,836
322,845
322,846
322,864
322,865
322,867
322,868
322,877
322,882
322,889
322,890
322,891
322,903
322,904
322,905
322,909
322,910
322,911
322,912
322,913
322,940
322,966
322,976
322,984
323,68
323,86
323,321
323,426
323,427
323,428
323,429
323,430
323,532
323,533
323,653
323,789
323,1314
324,9
324,28
324,67
324,103
324,109
324,111
324,112
324,137
324,138
324,149
324,167
324,169
324,172
324,179
324,181
324,217
324,249
324,250
324,251
324,255
324,256
324,257
324,322
324,325
324,379
324,384
324,385
324,415
324,418
324,498
324,501
324,527
324,528
324,709
324,772
324,777
324,778
324,779
324,787
324,789
324,794
324,795
324,807
324,811
324,820
324,821
324,825
324,828
324,835
324,836
324,845
324,846
324,864
324,865
324,867
324,868
324,877
324,882
324,889
324,890
324,891
324,903
324,904
324,905
324,909
324,910
324,911
324,912
324,913
324,940
324,966
324,976
324,984
325,9
325,24
325,70
325,72
325,120
325,137
325,138
325,145
325,146
325,147
325,158
325,167
325,181
325,217
325,229
325,241
325,251
325,255
325,256
325,257
325,300
325,315
325,324
325,340
325,370
325,374
325,385
325,418
325,419
325,453
325,478
325,490
325,491
325,492
325,501
325,508
325,526
325,580
325,581
325,611
325,613
325,614
325,615
325,616
325,621
325,628
325,665
325,678
325,679
325,680
325,694
325,707
325,708
325,721
325,798
325,799
325,800
325,801
325,811
325,819
325,903
325,928
325,941
325,946
325,952
325,953
325,960
325,981
325,1253
325,1254
326,246
326,247
326,248
326,321
326,327
326,328
326,329
326,581
326,652
326,882
327,120
327,246
327,247
327,248
327,321
327,326
327,328
327,329
327,369
327,464
327,468
327,517
327,581
327,652
327,882
328,246
328,247
328,248
328,321
328,326
328,327
328,329
328,581
328,652
328,882
328,1515
328,1516
329,246
329,247
329,248
329,321
329,326
329,327
329,328
329,581
329,652
329,882
330,9
330,12
330,25
330,48
330,49
330,56
330,58
330,59
330,62
330,64
330,65
330,67
330,68
330,105
330,120
330,145
330,146
330,147
330,167
330,181
330,192
330,195
330,198
330,210
330,216
330,241
330,250
330,310
330,321
330,406
330,414
330,447
330,448
330,532
330,533
330,587
330,604
330,611
330,616
330,621
330,628
330,653
330,664
330,695
330,745
330,767
330,781
330,849
330,873
330,882
330,930
330,946
330,1815
330,1816
330,1817
330,1818
330,1819
330,1820
330,1821
330,1822
330,1823
330,1853
330,1904
330,1909
331,83
331,125
331,126
331,188
331,228
331,300
331,311
331,312
332,83
332,188
332,248
332,300
332,311
332,312
332,1987
333,12
333,29
333,49
333,58
333,59
333,83
333,126
333,158
333,164
333,188
333,223
333,300
333,311
333,312
333,335
333,336
333,337
333,338
333,339
333,340
333,341
333,342
333,343
334,102
334,103
334,389
334,415
334,418
334,434
335,72
335,83
335,164
335,188
335,246
335,247
335,248
335,300
335,308
335,311
335,312
335,333
335,341
335,607
335,785
335,787
335,788
335,1293
335,1897
336,164
336,333
336,341
337,42
337,44
337,59
337,64
337,65
337,164
337,333
337,341
337,519
337,520
337,1921
337,1922
338,56
338,83
338,125
338,126
338,164
338,188
338,201
338,224
338,225
338,226
338,227
338,228
338,300
338,311
338,312
338,333
338,341
338,633
339,13
339,72
339,164
339,333
339,341
339,343
339,557
339,639
339,640
339,666
339,671
339,672
339,781
339,812
339,821
339,873
339,876
339,877
339,880
339,1298
340,12
340,60
340,62
340,102
340,103
340,138
340,188
340,223
340,325
340,333
340,377
340,384
340,479
340,528
340,941
340,946
340,1395
340,1396
340,1624
340,1625
341,29
341,56
341,57
341,58
341,59
341,89
341,119
341,126
341,130
341,135
341,158
341,164
341,201
341,213
341,216
341,223
341,224
341,225
341,226
341,227
341,236
341,239
341,244
341,255
341,256
341,257
341,288
341,289
341,290
341,291
341,292
341,316
341,333
341,335
341,336
341,337
341,338
341,339
341,406
341,410
341,478
341,479
341,490
341,491
341,492
341,501
341,534
341,601
341,602
341,609
341,635
341,636
341,637
341,638
341,639
341,640
341,641
341,642
341,643
341,644
341,659
341,837
341,860
341,861
341,863
341,864
341,865
341,882
341,983
341,985
342,72
342,85
342,86
342,87
342,88
342,90
342,112
342,114
342,115
342,120
342,125
342,126
342,130
342,135
342,157
342,167
342,223
342,228
342,229
342,236
342,239
342,241
342,299
342,333
342,410
342,455
342,456
342,457
342,489
342,494
342,556
342,604
342,607
342,653
342,659
342,711
342,825
342,846
342,972
342,1164
342,1165
342,1166
342,1989
343,58
343,126
343,241
343,244
343,251
343,333
343,339
343,360
343,380
343,415
343,581
343,666
343,811
343,880
344,60
344,61
344,62
344,65
344,83
344,164
344,192
344,201
344,300
344,312
344,378
344,380
344,381
344,382
344,383
344,420
344,421
344,464
344,521
344,522
344,639
344,1930
344,1931
344,1932
344,1933
345,83
345,125
345,126
345,188
345,228
345,300
345,311
345,312
345,1296
346,83
346,188
346,300
346,311
346,312
347,83
347,188
347,300
347,311
347,312
347,348
348,72
348,120
348,125
348,126
348,216
348,228
348,247
348,248
348,347
348,529
348,530
348,531
348,851
348,882
349,83
349,125
349,126
349,188
349,228
349,300
349,311
349,312
349,350
349,351
349,352
350,83
350,117
350,118
350,188
350,263
350,300
350,311
350,312
350,349
350,433
350,460
350,464
350,470
350,510
350,511
350,512
350,513
350,514
350,515
350,516
350,517
350,518
350,521
350,522
350,532
350,572
350,587
350,667
350,698
350,1772
350,1954
351,68
351,83
351,188
351,253
351,300
351,311
351,312
351,349
351,352
351,353
351,789
351,1313
351,1314
352,10
352,68
352,83
352,91
352,92
352,93
352,94
352,95
352,119
352,188
352,253
352,259
352,300
352,312
352,349
352,351
352,353
352,358
352,363
352,364
352,547
352,564
352,636
352,638
352,789
352,1313
352,1314
353,10
353,83
353,188
353,253
353,254
353,300
353,311
353,312
353,351
353,352
354,83
354,140
354,188
354,300
354,311
354,312
354,355
354,356
355,256
355,300
355,354
355,356
356,256
356,300
356,354
356,355
357,83
357,188
357,253
357,300
357,312
357,358
357,359
357,1939
357,1958
357,1959
358,10
358,83
358,130
358,135
358,188
358,300
358,311
358,312
358,352
358,357
358,500
358,502
358,1315
358,1316
358,1939
358,1958
358,1959
359,70
359,71
359,92
359,93
359,94
359,95
359,117
359,118
359,119
359,195
359,201
359,254
359,258
359,279
359,280
359,281
359,282
359,283
359,284
359,285
359,286
359,357
359,502
359,611
359,616
359,621
359,628
359,789
359,1938
359,1939
359,1958
359,1959
360,83
360,188
360,300
360,312
360,343
361,83
361,188
361,300
361,312
362,83
362,188
362,300
362,312
363,83
363,188
363,300
363,312
363,352
363,364
364,83
364,188
364,300
364,312
364,352
364,363
365,10
365,83
365,188
365,201
365,224
365,225
365,226
365,227
365,300
365,312
365,366
365,367
365,368
365,369
366,10
366,68
366,83
366,188
366,201
366,300
366,312
366,365
366,367
366,368
366,369
366,370
366,371
366,372
366,373
366,374
367,10
367,83
367,188
367,300
367,312
367,365
367,366
367,368
368,83
368,188
368,201
368,300
368,303
368,312
368,365
368,366
368,367
368,369
368,390
368,391
369,120
369,195
369,241
369,327
369,365
369,366
369,368
369,396
369,611
369,621
369,628
369,671
369,672
369,811
369,812
369,876
369,941
369,946
369,1097
369,1098
369,1187
369,1188
369,1190
369,1731
370,72
370,277
370,300
370,325
370,366
370,405
370,619
370,621
370,706
370,1218
370,1265
370,1342
370,1868
371,120
371,366
371,811
372,61
372,68
372,138
372,297
372,366
372,373
372,632
372,635
372,639
372,781
372,812
372,941
372,946
373,61
373,68
373,138
373,297
373,366
373,372
373,632
373,635
373,639
373,781
373,812
373,941
373,946
374,130
374,134
374,251
374,300
374,325
374,366
374,532
374,534
374,811
375,83
375,188
375,300
375,312
376,60
376,61
376,62
376,83
376,125
376,126
376,188
376,228
376,300
376,311
376,312
376,377
376,378
376,379
376,380
376,381
376,382
376,383
376,384
376,385
376,1388
376,1389
376,1390
376,1391
376,1392
376,1393
376,1394
376,1395
376,1396
376,1930
376,1931
376,1932
376,1933
377,60
377,61
377,62
377,68
377,83
377,188
377,300
377,311
377,312
377,340
377,376
377,379
377,384
377,385
377,1388
377,1389
377,1390
377,1391
377,1392
377,1393
377,1394
377,1395
377,1396
378,195
378,308
378,311
378,344
378,376
378,380
378,381
378,382
378,383
378,506
378,611
378,616
378,621
378,628
378,666
378,1930
378,1931
378,1932
378,1933
379,60
379,61
379,62
379,72
379,91
379,120
379,137
379,138
379,167
379,181
379,216
379,217
379,240
379,249
379,250
379,251
379,254
379,279
379,280
379,281
379,282
379,283
379,284
379,285
379,286
379,322
379,324
379,376
379,377
379,384
379,385
379,418
379,501
379,568
379,723
379,724
379,725
379,841
379,962
379,1388
379,1389
379,1390
379,1391
379,1392
379,1393
379,1394
379,1395
379,1396
380,195
380,201
380,308
380,311
380,343
380,344
380,376
380,378
380,381
380,382
380,383
380,506
380,601
380,602
380,609
380,611
380,616
380,619
380,621
380,628
380,635
380,636
380,637
380,638
380,639
380,640
380,666
380,1930
380,1931
380,1932
380,1933
381,70
381,71
381,201
381,308
381,311
381,344
381,376
381,378
381,380
381,382
381,383
381,506
381,601
381,602
381,603
381,609
381,635
381,636
381,637
381,638
381,639
381,640
381,666
381,1930
381,1931
381,1932
381,1933
382,74
382,195
382,308
382,311
382,344
382,376
382,378
382,380
382,381
382,383
382,506
382,601
382,602
382,609
382,611
382,616
382,621
382,628
382,635
382,636
382,637
382,638
382,639
382,640
382,666
382,756
382,757
382,1930
382,1931
382,1932
382,1933
383,201
383,231
383,303
383,308
383,311
383,344
383,376
383,378
383,380
383,381
383,382
383,390
383,391
383,506
383,601
383,602
383,609
383,610
383,635
383,636
383,637
383,638
383,639
383,640
383,666
383,1930
383,1931
383,1932
383,1933
384,60
384,61
384,62
384,167
384,239
384,249
384,250
384,251
384,254
384,279
384,280
384,282
384,283
384,284
384,285
384,286
384,322
384,324
384,340
384,376
384,377
384,379
384,385
384,501
384,589
384,590
384,723
384,724
384,725
384,962
384,1388
384,1389
384,1390
384,1391
384,1392
384,1393
384,1394
384,1395
384,1396
385,60
385,61
385,62
385,130
385,135
385,137
385,138
385,167
385,169
385,172
385,179
385,181
385,217
385,229
385,249
385,250
385,251
385,318
385,322
385,324
385,325
385,376
385,377
385,379
385,384
385,434
385,501
385,529
385,530
385,531
385,589
385,590
385,648
385,659
385,723
385,724
385,725
385,982
385,1388
385,1389
385,1390
385,1391
385,1392
385,1393
385,1394
385,1395
385,1396
386,83
386,188
386,300
386,312
386,387
386,388
387,300
387,386
387,388
388,300
388,386
388,387
389,334
389,455
389,456
389,457
389,1380
390,70
390,71
390,83
390,171
390,188
390,195
390,201
390,300
390,303
390,311
390,312
390,368
390,383
390,391
390,607
390,611
390,616
390,621
390,628
390,662
390,663
391,110
391,192
391,195
391,263
391,303
391,315
391,368
391,383
391,390
391,476
391,477
391,478
391,489
391,490
391,491
391,492
391,503
391,534
391,554
391,583
391,607
391,611
391,616
391,621
391,628
391,662
391,663
391,807
392,10
392,248
392,258
392,299
392,306
392,309
392,401
392,422
392,1266
393,19
393,20
393,50
393,51
393,52
393,54
393,68
393,306
393,437
393,445
393,446
393,1021
393,1415
393,1423
393,1424
393,1425
393,1426
393,1429
393,1430
393,1431
393,1432
393,1642
393,1643
393,1644
393,1645
393,1646
393,1647
393,1648
393,1772
393,1842
394,135
394,306
394,395
394,621
395,135
395,306
395,394
395,621
396,40
396,41
396,43
396,61
396,145
396,146
396,147
396,152
396,153
396,195
396,306
396,369
396,397
396,611
396,616
396,621
396,628
396,661
396,1182
396,1186
396,1187
396,1188
396,1189
396,1190
396,1199
396,1569
396,1710
396,1732
396,1740
396,1777
396,1791
397,40
397,41
397,43
397,61
397,195
397,306
397,396
397,503
397,611
397,616
397,621
397,628
397,661
397,1182
397,1186
397,1187
397,1188
397,1189
397,1190
397,1199
397,1569
397,1710
397,1732
397,1740
397,1777
397,1791
398,68
398,195
398,306
398,308
398,309
398,310
398,399
398,400
398,401
398,402
398,405
398,611
398,616
398,621
398,628
398,1892
399,68
399,91
399,119
399,195
399,306
399,308
399,309
399,310
399,398
399,400
399,401
399,402
399,405
399,611
399,616
399,621
399,628
399,1892
400,177
400,195
400,197
400,306
400,308
400,309
400,310
400,398
400,399
400,401
400,402
400,405
400,611
400,616
400,621
400,628
400,664
400,1892
400,1934
401,40
401,119
401,162
401,177
401,195
401,198
401,210
401,306
401,308
401,309
401,310
401,392
401,398
401,399
401,400
401,402
401,405
401,611
401,616
401,621
401,628
401,664
401,665
401,1837
401,1838
401,1852
401,1854
401,1870
401,1892
402,40
402,68
402,91
402,162
402,195
402,197
402,293
402,294
402,306
402,308
402,309
402,310
402,398
402,399
402,400
402,401
402,403
402,405
402,467
402,611
402,616
402,621
402,628
402,1265
402,1266
402,1831
402,1833
402,1834
402,1835
402,1837
402,1838
402,1852
402,1853
402,1870
402,1892
403,5
403,48
403,49
403,58
403,59
403,306
403,309
403,310
403,402
403,807
403,1808
403,1809
403,1810
403,1811
403,1812
403,1813
404,50
404,51
404,52
404,53
404,54
404,66
404,234
404,235
404,266
404,306
404,445
404,464
404,645
405,40
405,133
405,195
405,197
405,200
405,306
405,309
405,310
405,370
405,398
405,399
405,400
405,401
405,402
405,611
405,616
405,621
405,628
405,650
405,651
405,882
405,1892
406,70
406,71
406,104
406,105
406,130
406,134
406,135
406,192
406,201
406,216
406,300
406,306
406,309
406,310
406,330
406,341
406,600
406,601
406,635
406,636
406,639
406,640
406,641
406,642
406,643
406,644
406,882
407,72
407,120
407,236
407,300
407,408
407,409
407,410
407,1341
407,1342
408,72
408,85
408,86
408,87
408,88
408,90
408,114
408,115
408,120
408,130
408,135
408,300
408,407
408,409
408,1341
408,1342
409,72
409,119
409,120
409,300
409,407
409,408
409,1341
409,1342
410,10
410,72
410,111
410,120
410,137
410,169
410,236
410,241
410,251
410,263
410,265
410,341
410,342
410,407
410,494
410,501
410,503
410,602
410,637
410,674
410,821
410,837
410,882
410,928
410,1019
411,145
411,167
411,195
411,297
411,611
411,616
411,621
411,628
412,1
412,2
412,58
412,60
412,66
412,83
412,117
412,118
412,171
412,312
412,413
412,523
412,670
412,699
412,707
412,708
412,1236
412,1237
412,1261
412,1314
412,1806
412,1952
413,1
413,2
413,58
413,60
413,66
413,83
413,117
413,118
413,171
413,312
413,412
413,523
413,670
413,699
413,707
413,708
413,1236
413,1237
413,1261
413,1314
413,1806
413,1952
414,13
414,68
414,83
414,171
414,188
414,223
414,311
414,312
414,330
414,557
414,566
414,568
414,668
414,669
414,670
414,671
414,672
414,781
414,812
414,821
414,873
414,876
414,877
414,1956
414,1979
414,1980
414,1981
415,72
415,92
415,93
415,94
415,95
415,120
415,130
415,134
415,135
415,154
415,322
415,324
415,334
415,343
415,418
415,472
415,473
415,474
415,475
415,499
415,547
415,655
415,659
415,828
415,852
415,874
415,875
415,892
415,893
415,894
415,895
415,896
415,897
415,898
415,899
415,900
415,901
415,903
415,904
415,905
415,921
415,922
415,933
415,934
415,988
415,989
416,1
416,2
416,12
416,68
416,70
416,71
416,83
416,188
416,201
416,234
416,235
416,300
416,311
416,312
416,417
416,419
416,420
416,421
416,422
416,423
416,424
417,1
417,2
417,19
417,20
417,162
417,163
417,234
417,235
417,416
417,422
417,423
417,424
417,1183
417,1791
417,1792
417,1795
417,1796
418,85
418,86
418,87
418,88
418,130
418,135
418,137
418,138
418,154
418,181
418,216
418,217
418,229
418,322
418,324
418,325
418,334
418,379
418,415
418,434
418,478
418,489
418,490
418,491
418,529
418,530
418,531
418,645
418,648
418,655
418,709
418,748
419,5
419,120
419,208
419,209
419,210
419,259
419,325
419,416
419,557
419,587
419,645
419,781
419,784
419,787
419,811
419,882
420,10
420,72
420,102
420,108
420,109
420,111
420,112
420,299
420,344
420,416
420,421
420,422
420,464
420,502
420,521
420,616
420,621
421,10
421,72
421,102
421,108
421,109
421,111
421,112
421,299
421,344
421,416
421,420
421,422
421,464
421,502
421,521
421,616
421,621
422,1
422,2
422,9
422,10
422,68
422,70
422,71
422,72
422,120
422,128
422,130
422,134
422,135
422,201
422,234
422,235
422,246
422,247
422,248
422,392
422,416
422,417
422,420
422,421
422,423
422,424
422,433
422,455
422,456
422,457
422,478
422,489
422,490
422,491
422,492
422,526
422,578
422,655
422,673
422,789
423,1
423,2
423,9
423,72
423,120
423,416
423,417
423,422
423,424
423,433
423,478
423,489
423,490
423,491
423,492
423,578
423,591
423,789
424,1
424,2
424,9
424,416
424,417
424,422
424,423
424,433
424,478
424,484
424,489
424,490
424,491
424,492
424,578
424,713
424,714
424,715
424,789
425,20
425,36
425,37
425,38
425,60
425,62
425,65
425,208
425,209
425,234
425,235
425,247
425,253
425,464
425,570
425,580
425,587
425,1375
425,1580
425,1583
425,1604
426,36
426,62
426,118
426,250
426,277
426,278
426,323
426,427
426,428
426,429
426,430
426,619
426,620
426,653
426,882
426,954
427,36
427,62
427,118
427,250
427,277
427,278
427,323
427,426
427,428
427,429
427,430
427,619
427,620
427,653
427,882
427,954
428,36
428,62
428,118
428,250
428,277
428,278
428,323
428,426
428,427
428,429
428,430
428,460
428,619
428,620
428,653
428,882
428,954
428,1954
429,36
429,62
429,118
429,250
429,277
429,278
429,323
429,426
429,427
429,428
429,430
429,619
429,620
429,653
429,882
429,954
430,36
430,62
430,118
430,208
430,209
430,250
430,277
430,278
430,323
430,426
430,427
430,428
430,429
430,460
430,619
430,620
430,653
430,882
430,954
430,1954
431,241
431,300
431,1990
431,1991
431,1992
431,1993
431,1994
432,433
432,1352
432,1353
432,1354
433,53
433,54
433,117
433,118
433,166
433,216
433,241
433,277
433,278
433,350
433,422
433,423
433,424
433,432
433,435
433,436
433,437
433,440
433,444
433,445
433,446
433,478
433,489
433,490
433,491
433,492
433,533
433,572
433,588
433,589
433,590
433,591
433,1351
433,1352
433,1353
433,1354
434,334
434,385
434,418
434,490
434,491
434,492
434,527
434,528
434,596
435,3
435,433
435,436
435,437
435,438
435,439
435,1466
436,3
436,433
436,435
436,438
436,439
436,1466
437,42
437,145
437,146
437,147
437,148
437,150
437,151
437,152
437,153
437,393
437,433
437,435
437,445
437,446
437,580
437,581
437,584
437,585
437,586
437,1044
437,1045
437,1359
437,1431
437,1432
437,1449
437,1450
437,1452
437,1453
437,1454
437,1459
437,1462
437,1567
437,1568
437,1869
437,1914
437,1915
437,1946
438,287
438,435
438,436
438,601
438,1270
438,1271
438,1272
438,1273
438,1274
438,1275
439,62
439,65
439,197
439,435
439,436
439,705
439,1520
440,29
440,433
440,1352
440,1353
440,1354
441,442
441,443
441,1382
442,441
442,443
442,1382
443,143
443,149
443,441
443,442
444,3
444,4
444,5
444,45
444,46
444,133
444,433
444,1354
444,1469
444,1733
444,1868
445,17
445,18
445,19
445,20
445,37
445,38
445,54
445,62
445,118
445,145
445,146
445,147
445,148
445,150
445,151
445,152
445,153
445,224
445,225
445,226
445,227
445,266
445,393
445,404
445,433
445,437
445,446
445,447
445,448
445,1021
445,1431
445,1432
445,1772
446,37
446,38
446,54
446,62
446,118
446,393
446,433
446,437
446,445
446,580
446,581
446,592
446,593
447,5
447,72
447,120
447,180
447,192
447,208
447,216
447,253
447,257
447,316
447,330
447,445
447,448
447,512
447,599
447,620
447,635
447,640
447,667
447,807
447,851
447,1492
447,1976
448,5
448,12
448,72
448,120
448,162
448,163
448,192
448,208
448,216
448,253
448,257
448,330
448,445
448,447
448,512
448,599
448,620
448,635
448,640
448,667
448,807
448,851
448,1150
448,1492
448,1976
449,72
449,114
449,115
449,120
449,229
449,241
449,265
449,300
449,450
449,451
449,452
449,453
449,454
450,72
450,120
450,449
450,451
450,452
450,453
450,565
451,72
451,120
451,449
451,450
451,452
451,453
451,565
451,566
451,567
451,568
452,72
452,120
452,449
452,450
452,451
452,453
452,565
453,72
453,85
453,86
453,87
453,88
453,90
453,120
453,137
453,138
453,181
453,217
453,241
453,325
453,449
453,450
453,451
453,452
453,928
453,941
453,946
454,39
454,58
454,63
454,89
454,114
454,115
454,123
454,124
454,239
454,257
454,449
454,581
454,593
454,609
454,865
454,869
454,870
454,966
454,980
454,981
455,10
455,112
455,122
455,342
455,389
455,422
455,456
455,457
455,515
455,771
455,772
455,773
455,785
455,889
456,10
456,112
456,122
456,239
456,342
456,389
456,422
456,455
456,457
456,515
456,771
456,772
456,773
456,785
457,10
457,72
457,112
457,120
457,122
457,239
457,342
457,389
457,422
457,455
457,456
457,515
457,569
457,573
457,575
457,767
457,773
458,91
458,459
459,72
459,120
459,125
459,126
459,154
459,228
459,239
459,240
459,458
459,722
459,786
459,787
459,946
460,72
460,83
460,117
460,118
460,162
460,163
460,234
460,277
460,311
460,350
460,428
460,430
460,461
460,462
460,463
460,464
460,1954
461,195
461,234
461,235
461,460
461,462
461,463
461,535
461,571
461,611
461,616
461,621
461,628
461,1267
461,1808
461,1809
461,1810
461,1811
461,1812
461,1813
461,1934
461,1954
462,19
462,20
462,180
462,195
462,234
462,235
462,460
462,461
462,463
462,535
462,571
462,611
462,616
462,621
462,628
462,656
462,657
462,658
462,1267
462,1791
462,1792
462,1793
462,1794
462,1808
462,1809
462,1810
462,1811
462,1812
462,1813
462,1839
462,1840
462,1934
462,1954
463,19
463,20
463,195
463,234
463,235
463,460
463,461
463,462
463,535
463,571
463,611
463,616
463,621
463,628
463,1267
463,1791
463,1792
463,1793
463,1794
463,1808
463,1809
463,1810
463,1811
463,1812
463,1813
463,1839
463,1840
463,1934
463,1954
464,1
464,2
464,13
464,45
464,46
464,50
464,51
464,52
464,53
464,54
464,65
464,66
464,67
464,83
464,85
464,86
464,87
464,88
464,90
464,117
464,118
464,119
464,132
464,133
464,162
464,163
464,188
464,195
464,201
464,234
464,235
464,246
464,247
464,248
464,253
464,266
464,300
464,311
464,312
464,316
464,327
464,344
464,350
464,404
464,420
464,421
464,425
464,460
464,467
464,470
464,502
464,517
464,521
464,522
464,523
464,557
464,611
464,616
464,621
464,627
464,628
464,652
464,654
464,671
464,672
464,696
464,697
464,698
464,699
464,710
464,711
464,749
464,769
464,781
464,812
464,821
464,858
464,873
464,876
464,877
464,957
464,1299
464,1734
464,1831
464,1833
464,1834
464,1835
464,1910
464,1911
464,1912
464,1913
464,1914
464,1915
464,1916
464,1917
464,1918
464,1919
464,1953
464,1954
465,277
465,466
466,277
466,465
467,72
467,117
467,277
467,402
467,464
467,1831
468,1
468,2
468,59
468,68
468,162
468,163
468,166
468,212
468,246
468,247
468,248
468,314
468,316
468,327
468,557
468,620
468,636
468,639
468,778
468,1619
469,1
469,2
469,65
469,180
469,498
469,656
469,657
469,658
469,685
469,686
469,687
469,688
469,689
469,690
469,691
469,692
469,693
469,694
469,1211
469,1212
469,1213
469,1214
469,1215
469,1216
469,1217
469,1218
469,1219
469,1220
469,1221
469,1222
469,1448
469,1512
469,1697
469,1875
470,1
470,2
470,6
470,13
470,68
470,74
470,83
470,92
470,93
470,94
470,95
470,99
470,119
470,130
470,134
470,135
470,157
470,169
470,188
470,195
470,300
470,311
470,312
470,316
470,350
470,464
470,509
470,510
470,511
470,512
470,513
470,514
470,515
470,516
470,517
470,518
470,519
470,521
470,532
470,534
470,557
470,587
470,599
470,611
470,616
470,621
470,628
470,671
470,672
470,781
470,812
470,821
470,828
470,852
470,873
470,876
470,877
471,1
471,133
471,165
471,181
471,811
471,817
471,818
471,852
471,1027
472,2
472,38
472,47
472,55
472,166
472,202
472,253
472,415
472,473
472,474
472,475
472,584
472,585
472,612
472,619
472,672
472,683
472,718
472,738
472,811
472,812
472,1051
472,1052
472,1084
472,1085
472,1111
472,1189
472,1199
472,1447
472,1456
472,1469
472,1474
472,1675
472,1676
472,1677
472,1678
472,1869
473,2
473,38
473,55
473,166
473,202
473,253
473,415
473,472
473,474
473,475
473,584
473,585
473,612
473,619
473,672
473,683
473,718
473,738
473,811
473,812
473,1051
473,1052
473,1084
473,1085
473,1111
473,1189
473,1199
473,1456
473,1469
473,1474
473,1675
473,1676
473,1677
473,1678
473,1869
474,2
474,38
474,55
474,166
474,202
474,253
474,415
474,472
474,473
474,475
474,584
474,585
474,612
474,619
474,672
474,683
474,718
474,738
474,811
474,812
474,1051
474,1052
474,1084
474,1085
474,1111
474,1189
474,1199
474,1447
474,1456
474,1467
474,1469
474,1474
474,1675
474,1676
474,1677
474,1678
474,1869
475,2
475,38
475,55
475,166
475,202
475,253
475,415
475,472
475,473
475,474
475,584
475,585
475,612
475,619
475,672
475,683
475,718
475,738
475,811
475,812
475,1052
475,1084
475,1085
475,1111
475,1189
475,1456
475,1469
475,1472
475,1474
475,1672
475,1675
475,1676
475,1677
475,1678
475,1869
476,83
476,188
476,300
476,303
476,312
476,391
476,477
476,478
476,479
477,70
477,71
477,83
477,188
477,300
477,303
477,312
477,391
477,476
477,478
477,479
477,489
477,490
477,491
477,492
478,65
478,72
478,120
478,176
478,192
478,201
478,239
478,241
478,248
478,250
478,251
478,264
478,277
478,278
478,303
478,312
478,325
478,341
478,391
478,418
478,422
478,423
478,424
478,433
478,476
478,477
478,489
478,490
478,491
478,492
478,493
478,494
478,495
478,498
478,503
478,515
478,516
478,547
478,557
478,562
478,578
478,601
478,636
478,677
478,761
478,762
478,763
478,767
478,782
478,789
478,791
478,796
478,825
478,834
478,840
478,841
478,873
478,882
478,946
478,952
478,953
478,964
478,972
479,10
479,72
479,188
479,241
479,300
479,340
479,341
479,476
479,477
479,655
479,659
479,761
479,762
479,763
479,764
479,770
479,1868
479,1978
480,130
480,135
480,481
480,482
480,483
480,484
481,480
481,482
481,484
481,487
482,480
482,481
482,483
482,484
482,485
482,486
482,487
483,480
483,482
483,485
483,486
483,487
483,500
484,70
484,71
484,72
484,255
484,256
484,257
484,265
484,300
484,424
484,480
484,481
484,482
484,591
484,862
484,982
485,482
485,483
485,486
485,487
486,482
486,483
486,485
486,487
486,490
486,491
486,492
487,481
487,482
487,483
487,485
487,486
488,489
488,490
489,65
489,68
489,72
489,120
489,176
489,192
489,216
489,248
489,250
489,251
489,264
489,277
489,278
489,303
489,312
489,342
489,391
489,418
489,422
489,423
489,424
489,433
489,477
489,478
489,488
489,490
489,491
489,492
489,493
489,494
489,495
489,498
489,503
489,515
489,516
489,547
489,557
489,578
489,601
489,636
489,665
489,677
489,713
489,714
489,767
489,782
489,789
489,791
489,825
489,834
489,840
489,841
489,882
489,946
489,953
489,964
490,13
490,65
490,72
490,109
490,120
490,167
490,176
490,192
490,195
490,201
490,239
490,247
490,248
490,250
490,251
490,254
490,264
490,267
490,268
490,269
490,277
490,278
490,285
490,286
490,303
490,312
490,315
490,325
490,341
490,391
490,418
490,422
490,423
490,424
490,433
490,434
490,477
490,478
490,486
490,488
490,489
490,491
490,492
490,493
490,494
490,495
490,498
490,501
490,503
490,515
490,516
490,557
490,562
490,564
490,578
490,594
490,596
490,601
490,611
490,616
490,621
490,628
490,636
490,671
490,672
490,677
490,696
490,767
490,781
490,782
490,784
490,789
490,791
490,812
490,821
490,825
490,834
490,840
490,841
490,857
490,858
490,872
490,873
490,876
490,877
490,882
490,946
490,952
490,953
490,954
490,963
490,964
490,972
490,987
491,65
491,72
491,109
491,120
491,167
491,176
491,192
491,201
491,239
491,248
491,250
491,251
491,264
491,277
491,278
491,303
491,312
491,325
491,341
491,391
491,418
491,422
491,423
491,424
491,433
491,434
491,477
491,478
491,486
491,489
491,490
491,492
491,493
491,494
491,495
491,498
491,501
491,503
491,515
491,516
491,557
491,562
491,564
491,578
491,594
491,596
491,601
491,636
491,677
491,711
491,767
491,789
491,791
491,825
491,834
491,840
491,841
491,873
491,882
491,946
491,952
491,953
491,954
491,963
491,964
491,972
492,13
492,65
492,68
492,70
492,72
492,74
492,109
492,120
492,167
492,176
492,192
492,248
492,250
492,251
492,264
492,277
492,278
492,303
492,312
492,325
492,341
492,391
492,422
492,423
492,424
492,433
492,434
492,477
492,478
492,486
492,489
492,490
492,491
492,493
492,494
492,495
492,498
492,501
492,503
492,515
492,516
492,557
492,562
492,564
492,578
492,594
492,596
492,601
492,636
492,671
492,672
492,677
492,767
492,781
492,789
492,790
492,791
492,792
492,793
492,812
492,821
492,825
492,834
492,840
492,841
492,873
492,876
492,877
492,882
492,946
492,952
492,953
492,954
492,963
492,964
492,972
493,239
493,478
493,489
493,490
493,491
493,492
494,236
494,241
494,342
494,410
494,478
494,489
494,490
494,491
494,492
494,495
495,72
495,120
495,478
495,489
495,490
495,491
495,492
495,494
496,72
496,120
496,497
496,498
496,499
497,10
497,496
497,498
497,517
498,68
498,72
498,119
498,120
498,201
498,322
498,324
498,469
498,478
498,489
498,490
498,491
498,492
498,496
498,497
498,517
498,656
498,657
498,658
498,689
498,690
498,691
498,692
498,693
498,752
498,827
498,830
498,831
498,832
498,833
498,834
498,837
498,842
498,843
498,844
498,903
498,904
498,905
499,72
499,113
499,120
499,181
499,239
499,251
499,415
499,496
499,639
499,645
499,711
499,732
499,783
499,804
499,841
499,959
499,961
499,1355
499,1356
500,85
500,86
500,87
500,88
500,90
500,119
500,241
500,298
500,358
500,483
500,503
500,504
500,505
500,506
500,507
500,508
501,67
501,72
501,120
501,137
501,138
501,143
501,149
501,167
501,169
501,172
501,179
501,181
501,217
501,236
501,239
501,249
501,250
501,251
501,255
501,256
501,257
501,322
501,324
501,325
501,341
501,379
501,384
501,385
501,410
501,490
501,491
501,492
501,711
501,807
501,811
501,835
501,836
501,865
501,866
501,867
501,868
501,928
501,941
501,946
501,954
501,966
502,9
502,83
502,138
502,181
502,188
502,257
502,300
502,311
502,312
502,358
502,359
502,420
502,421
502,464
502,698
502,928
502,946
503,70
503,71
503,85
503,86
503,87
503,88
503,90
503,223
503,236
503,241
503,391
503,397
503,410
503,478
503,489
503,490
503,491
503,492
503,500
503,550
503,552
503,553
504,50
504,51
504,52
504,53
504,54
504,298
504,500
504,505
504,506
504,507
504,602
504,606
504,618
504,631
504,636
504,1890
505,91
505,195
505,298
505,316
505,500
505,504
505,506
505,507
505,602
505,606
505,611
505,616
505,618
505,621
505,628
505,631
505,636
505,1890
506,83
506,188
506,195
506,201
506,298
506,300
506,308
506,311
506,312
506,316
506,378
506,380
506,381
506,382
506,383
506,500
506,504
506,505
506,507
506,602
506,606
506,611
506,616
506,618
506,621
506,628
506,631
506,636
506,1890
506,1930
506,1931
506,1932
506,1933
507,83
507,188
507,201
507,298
507,300
507,311
507,312
507,316
507,500
507,504
507,505
507,506
507,602
507,606
507,618
507,625
507,631
507,636
507,1890
507,1891
508,13
508,59
508,67
508,72
508,90
508,167
508,192
508,256
508,258
508,259
508,277
508,325
508,500
508,516
508,521
508,530
508,557
508,621
508,671
508,672
508,781
508,811
508,812
508,862
508,873
508,877
508,882
509,157
509,180
509,224
509,225
509,226
509,227
509,470
509,510
509,511
509,512
509,513
509,514
509,515
509,516
509,517
509,1964
509,1965
510,350
510,470
510,509
510,511
510,512
510,513
510,514
510,515
510,516
510,517
510,532
510,533
510,534
511,70
511,71
511,83
511,188
511,300
511,311
511,312
511,350
511,470
511,509
511,510
511,512
511,513
511,514
511,515
511,516
511,517
511,532
511,534
512,68
512,70
512,71
512,72
512,120
512,154
512,175
512,176
512,200
512,239
512,255
512,256
512,257
512,300
512,350
512,447
512,448
512,470
512,509
512,510
512,511
512,513
512,514
512,515
512,516
512,517
512,529
512,530
512,531
512,532
512,534
512,591
512,717
512,860
512,861
513,70
513,71
513,72
513,120
513,154
513,175
513,176
513,180
513,241
513,255
513,256
513,257
513,350
513,470
513,509
513,510
513,511
513,512
513,514
513,515
513,516
513,517
513,529
513,530
513,531
513,532
513,534
513,716
513,717
513,747
513,860
513,861
514,68
514,70
514,71
514,72
514,120
514,154
514,175
514,176
514,255
514,256
514,257
514,287
514,350
514,470
514,509
514,510
514,511
514,512
514,513
514,515
514,516
514,517
514,529
514,530
514,531
514,532
514,534
514,547
514,591
514,717
514,860
514,861
515,70
515,71
515,89
515,125
515,126
515,154
515,175
515,176
515,228
515,239
515,255
515,256
515,257
515,287
515,300
515,350
515,455
515,456
515,457
515,470
515,478
515,489
515,490
515,491
515,492
515,509
515,510
515,511
515,512
515,513
515,514
515,516
515,517
515,529
515,530
515,531
515,532
515,534
515,547
515,717
515,860
515,861
515,983
516,70
516,71
516,72
516,120
516,130
516,135
516,154
516,175
516,176
516,180
516,229
516,241
516,254
516,255
516,256
516,257
516,285
516,286
516,350
516,470
516,478
516,489
516,490
516,491
516,492
516,508
516,509
516,510
516,511
516,512
516,513
516,514
516,515
516,517
516,529
516,530
516,531
516,532
516,534
516,580
516,581
516,717
516,860
516,861
517,10
517,13
517,68
517,70
517,71
517,72
517,75
517,76
517,92
517,93
517,94
517,95
517,99
517,119
517,130
517,134
517,135
517,140
517,145
517,146
517,147
517,148
517,150
517,151
517,152
517,153
517,154
517,169
517,176
517,180
517,195
517,224
517,225
517,226
517,227
517,244
517,246
517,247
517,248
517,254
517,257
517,285
517,286
517,327
517,350
517,464
517,470
517,497
517,498
517,509
517,510
517,511
517,512
517,513
517,514
517,515
517,516
517,518
517,519
517,521
517,524
517,525
517,527
517,528
517,534
517,547
517,557
517,587
517,599
517,602
517,611
517,616
517,621
517,628
517,671
517,672
517,717
517,752
517,755
517,759
517,781
517,812
517,821
517,828
517,852
517,873
517,876
517,877
517,940
517,952
517,959
518,350
518,470
518,517
519,42
519,64
519,337
519,470
519,517
519,520
519,1921
519,1922
520,42
520,64
520,65
520,337
520,519
520,1921
520,1922
521,344
521,350
521,420
521,421
521,464
521,470
521,508
521,517
521,522
521,523
521,1909
522,65
522,119
522,201
522,344
522,350
522,464
522,521
522,523
522,587
522,697
522,698
522,699
523,247
523,248
523,263
523,264
523,288
523,289
523,290
523,291
523,292
523,412
523,413
523,464
523,521
523,522
523,698
523,699
523,963
523,1953
524,117
524,118
524,517
524,525
524,526
524,527
524,528
525,517
525,524
525,527
525,528
526,72
526,234
526,235
526,300
526,325
526,422
526,524
526,573
527,72
527,120
527,130
527,135
527,223
527,322
527,324
527,434
527,517
527,524
527,525
527,528
527,564
527,709
527,807
527,828
527,829
528,72
528,120
528,201
528,322
528,324
528,340
528,434
528,517
528,524
528,525
528,527
528,709
528,711
528,807
528,828
528,955
528,956
529,70
529,71
529,72
529,120
529,149
529,154
529,167
529,239
529,249
529,250
529,251
529,256
529,277
529,278
529,348
529,385
529,418
529,512
529,513
529,514
529,515
529,516
529,530
529,531
529,580
529,581
529,582
529,583
529,595
529,611
529,616
529,621
529,628
529,674
529,726
529,731
529,732
529,779
529,786
529,811
529,966
530,70
530,71
530,72
530,104
530,105
530,120
530,149
530,154
530,167
530,201
530,229
530,249
530,250
530,251
530,256
530,277
530,278
530,348
530,385
530,418
530,508
530,512
530,513
530,514
530,515
530,516
530,529
530,531
530,580
530,581
530,582
530,583
530,595
530,726
530,731
530,732
530,779
530,786
530,811
530,966
531,68
531,70
531,71
531,72
531,120
531,130
531,135
531,149
531,154
531,167
531,229
531,249
531,250
531,251
531,255
531,256
531,257
531,277
531,278
531,348
531,385
531,418
531,512
531,513
531,514
531,515
531,516
531,529
531,530
531,564
531,580
531,581
531,582
531,583
531,595
531,726
531,731
531,732
531,779
531,786
531,811
531,869
531,870
531,966
532,68
532,133
532,200
532,323
532,330
532,350
532,374
532,470
532,510
532,511
532,512
532,513
532,514
532,515
532,516
532,534
532,587
533,5
533,68
533,224
533,225
533,226
533,227
533,323
533,330
533,433
533,510
533,653
533,789
533,1055
533,1354
533,1613
533,1679
534,68
534,114
534,115
534,130
534,135
534,146
534,147
534,154
534,194
534,229
534,239
534,254
534,279
534,280
534,281
534,282
534,283
534,284
534,285
534,286
534,299
534,303
534,341
534,374
534,391
534,470
534,510
534,511
534,512
534,513
534,514
534,515
534,516
534,517
534,532
534,547
534,548
534,549
534,587
534,713
534,714
534,715
534,717
534,747
534,759
534,775
535,188
535,194
535,461
535,462
535,463
535,551
535,571
535,719
535,1956
536,42
536,68
536,194
536,537
536,538
536,539
536,540
536,541
536,542
536,543
536,544
536,545
536,546
536,547
536,620
536,811
536,1314
537,42
537,194
537,536
537,538
537,539
537,540
537,541
537,542
537,543
537,544
537,545
537,546
537,620
537,811
537,1314
538,42
538,194
538,536
538,537
538,539
538,540
538,541
538,542
538,543
538,544
538,545
538,546
538,620
538,811
538,1314
539,42
539,194
539,536
539,537
539,538
539,540
539,541
539,542
539,543
539,544
539,545
539,546
539,620
539,811
539,1314
540,42
540,194
540,536
540,537
540,538
540,539
540,541
540,542
540,543
540,544
540,545
540,546
540,620
540,811
540,1314
541,42
541,194
541,536
541,537
541,538
541,539
541,540
541,542
541,543
541,544
541,545
541,546
541,620
541,811
541,1314
542,42
542,194
542,536
542,537
542,538
542,539
542,540
542,541
542,543
542,544
542,545
542,546
542,620
542,811
542,1314
543,42
543,194
543,536
543,537
543,538
543,539
543,540
543,541
543,542
543,544
543,545
543,546
543,620
543,811
543,1314
544,42
544,194
544,536
544,537
544,538
544,539
544,540
544,541
544,542
544,543
544,545
544,546
544,602
544,620
544,811
544,1314
545,42
545,194
545,536
545,537
545,538
545,539
545,540
545,541
545,542
545,543
545,544
545,546
545,602
545,620
545,811
545,1314
546,42
546,194
546,536
546,537
546,538
546,539
546,540
546,541
546,542
546,543
546,544
546,545
546,602
546,620
546,811
546,1314
547,9
547,10
547,62
547,65
547,72
547,87
547,93
547,130
547,135
547,140
547,167
547,192
547,194
547,241
547,246
547,258
547,352
547,415
547,478
547,489
547,514
547,515
547,517
547,534
547,536
547,619
547,620
547,621
547,635
547,639
547,659
547,762
547,785
547,807
547,941
547,1374
547,1917
547,1918
547,1919
547,1931
547,1933
547,1986
548,534
549,239
549,241
549,534
550,277
550,503
550,551
551,12
551,203
551,204
551,205
551,206
551,207
551,219
551,535
551,550
551,760
551,813
551,814
551,1616
552,10
552,72
552,89
552,503
552,1975
553,24
553,179
553,257
553,278
553,503
553,645
553,711
553,877
553,946
553,954
553,958
553,963
554,391
554,1357
555,10
555,83
555,188
555,299
555,312
555,318
555,556
555,557
555,558
555,559
555,560
555,561
555,562
556,72
556,119
556,120
556,125
556,126
556,167
556,201
556,228
556,239
556,315
556,342
556,555
556,579
556,611
556,616
556,621
556,628
556,659
556,673
556,674
557,13
557,72
557,74
557,78
557,83
557,119
557,120
557,125
557,126
557,137
557,138
557,162
557,163
557,181
557,188
557,200
557,217
557,223
557,228
557,239
557,241
557,246
557,247
557,248
557,251
557,293
557,294
557,300
557,312
557,316
557,339
557,414
557,419
557,464
557,468
557,470
557,478
557,489
557,490
557,491
557,492
557,508
557,517
557,555
557,601
557,602
557,609
557,635
557,636
557,637
557,638
557,639
557,640
557,651
557,666
557,668
557,669
557,670
557,671
557,672
557,696
557,781
557,807
557,808
557,811
557,812
557,821
557,827
557,850
557,858
557,873
557,876
557,877
557,882
558,9
558,10
558,72
558,120
558,130
558,188
558,300
558,318
558,555
558,559
558,560
558,561
558,562
558,577
558,767
559,9
559,10
559,130
559,167
559,188
559,318
559,555
559,558
559,560
559,561
559,562
559,577
559,767
560,9
560,10
560,130
560,167
560,188
560,318
560,555
560,558
560,559
560,561
560,562
560,577
560,767
561,9
561,10
561,130
561,167
561,188
561,318
561,555
561,558
561,559
561,560
561,562
561,577
561,767
562,9
562,10
562,72
562,120
562,128
562,130
562,167
562,188
562,239
562,267
562,268
562,269
562,318
562,478
562,490
562,491
562,492
562,555
562,558
562,559
562,560
562,561
562,577
562,767
563,135
563,311
563,564
564,120
564,130
564,135
564,201
564,241
564,352
564,490
564,491
564,492
564,527
564,531
564,563
564,595
564,721
564,782
564,783
564,784
564,785
564,786
564,787
564,788
564,953
564,954
565,72
565,120
565,130
565,134
565,135
565,201
565,450
565,451
565,452
565,569
565,573
565,575
565,655
565,673
565,765
565,766
565,767
566,5
566,17
566,18
566,19
566,20
566,83
566,109
566,188
566,223
566,293
566,294
566,300
566,312
566,414
566,451
566,567
566,568
566,668
566,669
566,670
566,1775
566,1776
566,1777
566,1995
567,83
567,109
567,188
567,293
567,294
567,300
567,311
567,312
567,451
567,566
567,568
567,1775
567,1776
567,1777
567,1995
568,17
568,18
568,19
568,20
568,83
568,109
568,188
568,223
568,293
568,294
568,300
568,311
568,312
568,379
568,414
568,451
568,566
568,567
568,669
568,670
568,1775
568,1776
568,1777
568,1995
569,72
569,91
569,120
569,125
569,126
569,167
569,228
569,229
569,267
569,268
569,269
569,293
569,294
569,457
569,565
569,573
569,575
569,611
569,616
569,621
569,628
569,765
569,766
569,767
569,862
569,869
569,870
569,985
570,195
570,234
570,235
570,425
570,611
570,616
570,621
570,628
570,1525
570,1533
570,1579
570,1580
570,1583
570,1584
571,19
571,20
571,195
571,234
571,235
571,461
571,462
571,463
571,535
571,611
571,616
571,621
571,628
571,1267
571,1791
571,1792
571,1808
571,1809
571,1810
571,1811
571,1812
571,1813
571,1934
572,117
572,118
572,181
572,234
572,350
572,433
572,687
572,1582
572,1803
572,1804
573,25
573,72
573,120
573,167
573,187
573,234
573,235
573,295
573,296
573,457
573,526
573,565
573,569
573,575
573,765
573,766
573,767
573,862
573,869
573,870
573,985
574,10
574,128
574,575
575,68
575,167
575,246
575,247
575,248
575,457
575,565
575,569
575,573
575,574
575,580
575,581
575,765
575,766
575,767
575,862
575,869
575,870
575,985
576,577
576,578
577,10
577,315
577,318
577,558
577,559
577,560
577,561
577,562
577,576
577,655
577,729
577,730
577,761
577,762
577,763
577,1970
578,72
578,120
578,154
578,239
578,422
578,423
578,424
578,478
578,489
578,490
578,491
578,492
578,576
578,592
578,593
578,713
578,714
578,715
578,789
579,167
579,201
579,315
579,556
579,580
579,581
579,1898
579,1899
579,1900
579,1901
579,1989
580,68
580,72
580,120
580,125
580,126
580,137
580,167
580,181
580,228
580,239
580,240
580,241
580,255
580,325
580,425
580,437
580,446
580,516
580,529
580,530
580,531
580,575
580,579
580,581
580,582
580,592
580,593
580,696
580,771
580,772
580,985
580,987
580,1358
580,1359
581,12
581,64
581,70
581,71
581,72
581,104
581,105
581,120
581,123
581,124
581,130
581,134
581,135
581,137
581,167
581,181
581,201
581,241
581,246
581,247
581,248
581,255
581,300
581,325
581,326
581,327
581,328
581,329
581,343
581,437
581,446
581,454
581,516
581,529
581,530
581,531
581,575
581,579
581,580
581,582
581,592
581,593
581,619
581,696
581,772
581,869
581,870
581,980
581,981
581,985
581,987
581,1358
581,1359
582,70
582,71
582,72
582,119
582,120
582,130
582,135
582,277
582,278
582,529
582,530
582,531
582,580
582,581
582,583
583,72
583,120
583,241
583,391
583,529
583,530
583,531
583,582
584,47
584,145
584,146
584,147
584,148
584,150
584,151
584,152
584,153
584,166
584,437
584,472
584,473
584,474
584,475
584,585
584,586
584,658
584,693
584,694
584,852
584,1085
584,1113
584,1218
584,1219
584,1220
584,1221
584,1222
584,1533
584,1534
584,1535
584,1567
584,1568
585,47
585,145
585,146
585,147
585,148
585,150
585,151
585,152
585,153
585,166
585,437
585,472
585,473
585,474
585,475
585,584
585,586
585,658
585,693
585,694
585,852
585,1085
585,1113
585,1218
585,1219
585,1220
585,1221
585,1222
585,1533
585,1534
585,1535
585,1567
585,1568
586,47
586,145
586,146
586,147
586,148
586,150
586,151
586,152
586,153
586,166
586,437
586,584
586,585
586,658
586,693
586,694
586,852
586,1113
586,1218
586,1219
586,1220
586,1221
586,1222
586,1533
586,1534
586,1535
586,1567
586,1568
587,5
587,15
587,37
587,38
587,44
587,45
587,46
587,52
587,59
587,145
587,146
587,147
587,157
587,180
587,195
587,198
587,246
587,247
587,248
587,315
587,330
587,350
587,419
587,425
587,470
587,517
587,522
587,532
587,534
587,611
587,616
587,621
587,624
587,625
587,628
587,679
587,680
587,744
587,807
587,811
587,946
587,1159
587,1160
587,1188
587,1394
587,1475
587,1540
587,1652
587,1657
587,1659
587,1690
587,1691
587,1692
587,1693
587,1713
587,1733
587,1773
587,1797
587,1798
587,1845
587,1922
588,433
588,811
588,1354
588,1646
589,384
589,385
589,433
589,590
589,1101
589,1102
589,1103
589,1354
589,1520
590,384
590,385
590,433
590,589
590,1101
590,1102
590,1103
590,1354
590,1520
590,1542
590,1544
591,65
591,66
591,83
591,188
591,239
591,256
591,263
591,264
591,265
591,300
591,312
591,423
591,433
591,484
591,512
591,514
591,870
592,65
592,66
592,72
592,120
592,154
592,446
592,578
592,580
592,581
592,593
592,712
593,65
593,66
593,72
593,120
593,154
593,239
593,446
593,454
593,578
593,580
593,581
593,592
593,712
594,490
594,491
594,492
594,595
594,596
594,1378
595,529
595,530
595,531
595,564
595,594
595,596
595,1378
596,434
596,490
596,491
596,492
596,594
596,595
596,1378
597,598
597,599
597,600
597,601
597,602
597,1369
598,597
598,599
598,600
598,601
598,602
598,1369
599,3
599,4
599,5
599,68
599,83
599,188
599,195
599,201
599,293
599,294
599,300
599,308
599,311
599,312
599,447
599,448
599,470
599,517
599,597
599,598
599,600
599,601
599,602
599,609
599,611
599,616
599,621
599,628
599,632
599,633
599,634
599,635
599,636
599,637
599,638
599,639
599,640
599,1364
599,1365
599,1366
599,1367
599,1368
599,1369
600,3
600,4
600,5
600,64
600,104
600,105
600,195
600,201
600,246
600,247
600,248
600,406
600,597
600,598
600,599
600,601
600,602
600,609
600,611
600,616
600,621
600,628
600,632
600,635
600,636
600,637
600,638
600,639
600,640
600,641
600,642
600,643
600,644
600,1364
600,1365
600,1366
600,1367
600,1368
600,1369
600,1873
601,9
601,13
601,24
601,64
601,68
601,70
601,71
601,72
601,89
601,92
601,93
601,94
601,95
601,104
601,105
601,120
601,125
601,126
601,158
601,180
601,201
601,224
601,225
601,226
601,227
601,228
601,241
601,257
601,287
601,293
601,294
601,299
601,308
601,315
601,316
601,341
601,380
601,381
601,382
601,383
601,406
601,438
601,478
601,489
601,490
601,491
601,492
601,557
601,597
601,598
601,599
601,600
601,602
601,603
601,608
601,609
601,616
601,625
601,632
601,635
601,636
601,637
601,638
601,639
601,640
601,641
601,642
601,643
601,644
601,671
601,672
601,678
601,679
601,680
601,744
601,755
601,775
601,781
601,797
601,812
601,821
601,873
601,876
601,877
601,1364
601,1365
601,1366
601,1367
601,1368
601,1369
602,9
602,12
602,13
602,15
602,16
602,24
602,72
602,89
602,120
602,208
602,209
602,223
602,229
602,236
602,241
602,257
602,293
602,294
602,298
602,341
602,380
602,381
602,382
602,383
602,410
602,504
602,505
602,506
602,507
602,517
602,544
602,545
602,546
602,557
602,597
602,598
602,599
602,600
602,601
602,609
602,611
602,616
602,621
602,628
602,632
602,635
602,636
602,637
602,638
602,639
602,640
602,671
602,672
602,754
602,775
602,781
602,812
602,821
602,829
602,859
602,873
602,876
602,877
602,881
602,1364
602,1365
602,1366
602,1367
602,1368
602,1369
603,104
603,105
603,201
603,298
603,303
603,308
603,381
603,601
603,604
603,605
604,12
604,68
604,330
604,342
604,603
604,746
604,882
605,25
605,44
605,65
605,67
605,104
605,105
605,120
605,130
605,181
605,201
605,216
605,239
605,241
605,603
605,606
605,640
605,785
606,83
606,104
606,105
606,188
606,195
606,201
606,226
606,227
606,298
606,300
606,308
606,311
606,312
606,316
606,504
606,505
606,506
606,507
606,605
606,611
606,616
606,618
606,619
606,621
606,628
606,631
606,1890
607,72
607,83
607,89
607,188
607,192
607,201
607,246
607,247
607,248
607,259
607,300
607,303
607,308
607,311
607,312
607,335
607,342
607,390
607,391
607,611
607,616
607,621
607,628
607,785
607,786
607,787
607,788
607,1293
607,1722
607,1897
607,1933
608,176
608,601
609,9
609,13
609,24
609,39
609,63
609,68
609,70
609,72
609,89
609,120
609,123
609,124
609,125
609,126
609,132
609,133
609,158
609,165
609,195
609,201
609,228
609,254
609,257
609,282
609,283
609,284
609,285
609,286
609,293
609,294
609,341
609,380
609,381
609,382
609,383
609,454
609,557
609,599
609,600
609,601
609,602
609,610
609,611
609,616
609,621
609,625
609,628
609,632
609,635
609,636
609,637
609,638
609,639
609,640
609,646
609,671
609,672
609,775
609,781
609,812
609,821
609,869
609,870
609,873
609,876
609,877
609,1364
609,1365
609,1366
609,1367
609,1368
609,1369
610,19
610,20
610,383
610,609
610,1830
611,9
611,10
611,25
611,68
611,72
611,76
611,91
611,111
611,119
611,120
611,130
611,134
611,135
611,137
611,138
611,149
611,156
611,158
611,167
611,174
611,181
611,187
611,195
611,198
611,199
611,201
611,212
611,217
611,229
611,241
611,246
611,250
611,251
611,258
611,292
611,298
611,303
611,309
611,310
611,311
611,316
611,325
611,330
611,359
611,369
611,378
611,380
611,382
611,390
611,391
611,396
611,397
611,398
611,399
611,400
611,401
611,402
611,405
611,411
611,461
611,462
611,463
611,464
611,470
611,490
611,505
611,506
611,517
611,529
611,556
611,569
611,570
611,571
611,587
611,599
611,600
611,602
611,606
611,607
611,609
611,616
611,618
611,619
611,621
611,628
611,629
611,630
611,631
611,632
611,635
611,636
611,637
611,638
611,639
611,640
611,647
611,652
611,654
611,660
611,662
611,663
611,675
611,676
611,677
611,809
611,810
611,845
611,873
611,928
611,941
611,946
611,1361
612,195
612,472
612,473
612,474
612,475
612,613
612,614
612,615
612,616
613,68
613,325
613,612
613,614
613,615
613,616
613,760
613,946
614,325
614,612
614,613
614,615
614,616
614,760
614,946
615,68
615,325
615,612
615,613
615,614
615,616
615,760
615,946
616,9
616,10
616,25
616,68
616,72
616,92
616,93
616,94
616,95
616,104
616,105
616,111
616,119
616,120
616,137
616,138
616,149
616,158
616,167
616,174
616,180
616,181
616,187
616,195
616,198
616,201
616,212
616,217
616,224
616,225
616,226
616,227
616,229
616,241
616,246
616,250
616,251
616,254
616,258
616,285
616,286
616,292
616,298
616,303
616,309
616,310
616,311
616,316
616,325
616,330
616,359
616,378
616,380
616,382
616,390
616,391
616,396
616,397
616,398
616,399
616,400
616,401
616,402
616,405
616,411
616,420
616,421
616,461
616,462
616,463
616,464
616,470
616,490
616,505
616,506
616,517
616,529
616,556
616,569
616,570
616,571
616,587
616,599
616,600
616,601
616,602
616,606
616,607
616,609
616,611
616,612
616,613
616,614
616,615
616,617
616,618
616,619
616,621
616,628
616,629
616,630
616,631
616,632
616,635
616,636
616,637
616,638
616,639
616,640
616,647
616,652
616,654
616,660
616,661
616,662
616,663
616,675
616,676
616,677
616,753
616,809
616,810
616,845
616,873
616,928
616,941
616,946
616,1361
617,616
618,195
618,202
618,298
618,314
618,316
618,504
618,505
618,506
618,507
618,606
618,611
618,616
618,621
618,625
618,628
618,631
618,1622
618,1623
618,1890
619,4
619,5
619,29
619,65
619,165
619,180
619,195
619,208
619,209
619,314
619,370
619,380
619,426
619,427
619,428
619,429
619,430
619,472
619,473
619,474
619,475
619,547
619,581
619,606
619,611
619,616
619,621
619,628
619,700
619,701
619,1132
619,1133
619,1134
619,1135
619,1136
619,1137
619,1138
619,1866
619,1867
620,68
620,119
620,157
620,174
620,198
620,201
620,203
620,204
620,205
620,206
620,207
620,287
620,314
620,426
620,427
620,428
620,429
620,430
620,447
620,448
620,468
620,536
620,537
620,538
620,539
620,540
620,541
620,542
620,543
620,544
620,545
620,546
620,547
620,807
620,809
620,810
620,811
620,882
620,886
620,1258
620,1259
620,1260
620,1261
620,1266
620,1856
621,9
621,25
621,40
621,68
621,72
621,78
621,79
621,80
621,81
621,82
621,111
621,120
621,130
621,134
621,135
621,137
621,138
621,149
621,158
621,167
621,168
621,174
621,180
621,181
621,187
621,195
621,198
621,212
621,217
621,224
621,225
621,226
621,227
621,241
621,246
621,250
621,251
621,258
621,292
621,298
621,300
621,303
621,309
621,310
621,311
621,314
621,325
621,330
621,359
621,369
621,370
621,378
621,380
621,382
621,390
621,391
621,394
621,395
621,396
621,397
621,398
621,399
621,400
621,401
621,402
621,405
621,411
621,420
621,421
621,461
621,462
621,463
621,464
621,470
621,490
621,505
621,506
621,508
621,517
621,529
621,547
621,556
621,569
621,570
621,571
621,587
621,599
621,600
621,602
621,606
621,607
621,609
621,611
621,616
621,618
621,619
621,622
621,623
621,624
621,626
621,628
621,629
621,630
621,631
621,632
621,635
621,636
621,637
621,638
621,639
621,640
621,647
621,652
621,654
621,660
621,662
621,663
621,675
621,676
621,677
621,809
621,810
621,829
621,845
621,873
621,914
621,928
621,941
621,946
621,1361
622,55
622,83
622,195
622,208
622,209
622,246
622,253
622,258
622,621
622,623
622,1316
622,1658
622,1659
622,1721
623,55
623,83
623,195
623,246
623,253
623,258
623,621
623,622
623,1316
623,1658
623,1659
623,1721
624,29
624,587
624,621
624,625
624,1394
624,1797
625,258
625,298
625,507
625,587
625,601
625,609
625,618
625,624
625,807
625,1723
625,1724
625,1797
626,120
626,621
627,192
627,464
627,628
628,9
628,25
628,40
628,68
628,72
628,111
628,120
628,137
628,138
628,149
628,158
628,167
628,174
628,181
628,187
628,195
628,198
628,200
628,201
628,212
628,217
628,224
628,225
628,226
628,227
628,229
628,241
628,246
628,250
628,251
628,254
628,258
628,279
628,280
628,281
628,282
628,283
628,284
628,285
628,286
628,292
628,298
628,303
628,309
628,310
628,311
628,325
628,330
628,359
628,369
628,378
628,380
628,382
628,390
628,391
628,396
628,397
628,398
628,399
628,400
628,401
628,402
628,405
628,411
628,461
628,462
628,463
628,464
628,470
628,490
628,505
628,506
628,517
628,529
628,556
628,569
628,570
628,571
628,587
628,599
628,600
628,602
628,606
628,607
628,609
628,611
628,616
628,618
628,619
628,621
628,627
628,629
628,630
628,631
628,632
628,635
628,636
628,637
628,638
628,639
628,640
628,647
628,649
628,650
628,651
628,652
628,654
628,660
628,662
628,663
628,665
628,675
628,676
628,677
628,809
628,810
628,815
628,845
628,873
628,928
628,941
628,946
628,1361
629,195
629,611
629,616
629,621
629,628
629,630
630,195
630,611
630,616
630,621
630,628
630,629
631,49
631,58
631,195
631,201
631,298
631,316
631,504
631,505
631,506
631,507
631,606
631,611
631,616
631,618
631,621
631,628
631,1890
632,4
632,5
632,6
632,12
632,130
632,132
632,133
632,134
632,135
632,195
632,372
632,373
632,599
632,600
632,601
632,602
632,609
632,611
632,616
632,621
632,628
632,634
632,635
632,636
632,637
632,638
632,639
632,640
632,646
632,1364
632,1365
632,1366
632,1367
632,1368
632,1369
632,1543
633,304
633,338
633,599
633,807
633,1738
634,138
634,181
634,192
634,217
634,599
634,632
634,638
634,639
634,928
635,7
635,9
635,10
635,13
635,24
635,64
635,68
635,72
635,74
635,89
635,119
635,120
635,154
635,180
635,229
635,241
635,257
635,316
635,341
635,372
635,373
635,380
635,381
635,382
635,383
635,406
635,447
635,448
635,547
635,557
635,599
635,600
635,601
635,602
635,609
635,611
635,616
635,621
635,628
635,632
635,636
635,637
635,638
635,639
635,640
635,641
635,642
635,643
635,644
635,646
635,671
635,672
635,759
635,775
635,781
635,812
635,821
635,873
635,876
635,877
635,942
635,1364
635,1365
635,1366
635,1367
635,1368
635,1369
636,9
636,12
636,13
636,24
636,68
636,70
636,71
636,72
636,89
636,119
636,120
636,125
636,126
636,154
636,180
636,195
636,201
636,228
636,229
636,241
636,257
636,288
636,289
636,290
636,291
636,292
636,298
636,315
636,316
636,341
636,352
636,380
636,381
636,382
636,383
636,406
636,468
636,478
636,489
636,490
636,491
636,492
636,504
636,505
636,506
636,507
636,557
636,599
636,600
636,601
636,602
636,609
636,611
636,616
636,621
636,628
636,632
636,635
636,637
636,638
636,639
636,640
636,641
636,642
636,643
636,644
636,646
636,671
636,672
636,734
636,735
636,736
636,737
636,738
636,739
636,740
636,741
636,754
636,755
636,756
636,757
636,775
636,781
636,797
636,812
636,821
636,873
636,876
636,877
636,1364
636,1365
636,1366
636,1367
636,1368
636,1369
637,9
637,13
637,24
637,70
637,71
637,72
637,89
637,120
637,125
637,126
637,158
637,195
637,201
637,228
637,236
637,257
637,341
637,380
637,381
637,382
637,383
637,410
637,557
637,599
637,600
637,601
637,602
637,609
637,611
637,616
637,621
637,628
637,632
637,635
637,636
637,638
637,639
637,640
637,646
637,655
637,661
637,671
637,672
637,753
637,754
637,775
637,781
637,812
637,821
637,822
637,873
637,876
637,877
637,1364
637,1365
637,1366
637,1367
637,1368
637,1369
638,9
638,13
638,24
638,72
638,89
638,120
638,201
638,241
638,257
638,288
638,289
638,290
638,291
638,292
638,315
638,341
638,352
638,380
638,381
638,382
638,383
638,557
638,599
638,600
638,601
638,602
638,609
638,611
638,616
638,621
638,628
638,632
638,634
638,635
638,636
638,637
638,639
638,640
638,646
638,671
638,672
638,769
638,775
638,781
638,808
638,812
638,821
638,873
638,876
638,877
638,1364
638,1365
638,1366
638,1367
638,1368
638,1369
639,3
639,4
639,5
639,9
639,13
639,24
639,47
639,48
639,49
639,58
639,68
639,70
639,71
639,72
639,78
639,79
639,80
639,81
639,82
639,89
639,104
639,105
639,119
639,120
639,130
639,132
639,133
639,135
639,154
639,166
639,178
639,192
639,195
639,201
639,202
639,223
639,239
639,241
639,247
639,248
639,257
639,315
639,339
639,341
639,344
639,372
639,373
639,380
639,381
639,382
639,383
639,406
639,468
639,499
639,547
639,557
639,599
639,600
639,601
639,602
639,609
639,611
639,616
639,621
639,628
639,632
639,634
639,635
639,636
639,637
639,638
639,640
639,641
639,642
639,643
639,644
639,646
639,666
639,667
639,671
639,672
639,733
639,744
639,745
639,749
639,750
639,751
639,754
639,759
639,775
639,781
639,808
639,812
639,821
639,850
639,873
639,876
639,877
639,880
639,886
639,1364
639,1365
639,1366
639,1367
639,1368
639,1369
640,9
640,12
640,13
640,24
640,68
640,70
640,71
640,72
640,74
640,75
640,76
640,89
640,104
640,105
640,120
640,132
640,133
640,158
640,178
640,180
640,241
640,339
640,341
640,380
640,381
640,382
640,383
640,406
640,447
640,448
640,557
640,599
640,600
640,601
640,602
640,605
640,609
640,611
640,616
640,621
640,628
640,632
640,635
640,636
640,637
640,638
640,639
640,641
640,642
640,643
640,644
640,666
640,671
640,672
640,775
640,781
640,797
640,812
640,821
640,873
640,876
640,877
640,880
640,983
640,1364
640,1365
640,1366
640,1367
640,1368
640,1369
641,10
641,130
641,135
641,192
641,247
641,248
641,300
641,341
641,406
641,600
641,601
641,635
641,636
641,639
641,640
641,642
641,643
641,644
641,882
642,74
642,130
642,135
642,192
642,201
642,300
642,341
642,406
642,600
642,601
642,635
642,636
642,639
642,640
642,641
642,643
642,644
642,882
643,130
643,135
643,192
643,300
643,341
643,406
643,600
643,601
643,635
643,636
643,639
643,640
643,641
643,642
643,644
643,882
644,130
644,135
644,192
644,300
644,341
644,406
644,600
644,601
644,635
644,636
644,639
644,640
644,641
644,642
644,643
644,882
645,19
645,20
645,74
645,154
645,177
645,201
645,240
645,266
645,404
645,418
645,419
645,499
645,553
645,659
645,852
645,859
645,871
645,902
646,609
646,632
646,635
646,636
646,637
646,638
646,639
646,852
646,1366
646,1367
646,1368
646,1433
646,1517
646,1518
646,1750
647,195
647,611
647,616
647,621
647,628
648,74
648,154
648,201
648,385
648,418
648,882
649,5
649,200
649,628
649,1982
650,40
650,60
650,62
650,72
650,200
650,405
650,628
650,651
650,1302
650,1303
650,1304
650,1305
650,1732
650,1982
651,40
651,60
651,62
651,72
651,188
651,200
651,405
651,557
651,628
651,650
651,671
651,672
651,807
651,811
651,1302
651,1303
651,1304
651,1305
651,1732
651,1982
652,195
652,246
652,248
652,326
652,327
652,328
652,329
652,464
652,611
652,616
652,621
652,628
652,653
653,212
653,323
653,330
653,342
653,426
653,427
653,428
653,429
653,430
653,533
653,652
653,789
654,158
654,195
654,464
654,611
654,616
654,621
654,628
654,1917
654,1918
654,1919
655,10
655,72
655,91
655,120
655,188
655,229
655,241
655,246
655,247
655,248
655,251
655,300
655,415
655,418
655,422
655,479
655,565
655,577
655,637
655,659
655,752
655,761
655,762
655,763
655,764
655,765
655,766
655,767
655,768
655,770
655,773
656,65
656,180
656,462
656,469
656,498
656,657
656,658
656,685
656,686
656,687
656,688
656,689
656,690
656,691
656,692
656,693
656,694
656,1096
656,1211
656,1212
656,1213
656,1214
656,1215
656,1216
656,1217
656,1218
656,1219
656,1220
656,1221
656,1222
656,1448
656,1512
656,1697
656,1875
657,65
657,180
657,462
657,469
657,498
657,656
657,658
657,685
657,686
657,687
657,688
657,689
657,690
657,691
657,692
657,693
657,694
657,1096
657,1211
657,1212
657,1213
657,1214
657,1215
657,1216
657,1217
657,1218
657,1219
657,1220
657,1221
657,1222
657,1448
657,1512
657,1697
657,1875
658,145
658,146
658,147
658,148
658,150
658,151
658,152
658,153
658,180
658,462
658,469
658,498
658,584
658,585
658,586
658,656
658,657
658,685
658,686
658,687
658,688
658,689
658,690
658,691
658,692
658,693
658,694
658,1096
658,1211
658,1212
658,1213
658,1214
658,1215
658,1216
658,1217
658,1218
658,1219
658,1220
658,1221
658,1222
658,1512
658,1697
658,1875
659,10
659,68
659,91
659,119
659,120
659,145
659,146
659,147
659,167
659,188
659,239
659,256
659,300
659,341
659,342
659,385
659,415
659,479
659,547
659,556
659,645
659,655
659,711
659,752
659,762
659,763
659,770
659,946
659,1977
659,1978
660,195
660,611
660,616
660,621
660,628
661,396
661,397
661,616
661,637
661,753
661,1189
661,1791
662,195
662,303
662,390
662,391
662,611
662,616
662,621
662,628
662,663
663,195
663,303
663,390
663,391
663,611
663,616
663,621
663,628
663,662
664,68
664,72
664,198
664,210
664,330
664,400
664,401
664,779
665,9
665,48
665,258
665,310
665,325
665,401
665,489
665,628
665,1842
665,1907
666,13
666,72
666,83
666,92
666,93
666,94
666,95
666,104
666,105
666,125
666,126
666,188
666,228
666,300
666,311
666,312
666,339
666,343
666,378
666,380
666,381
666,382
666,383
666,557
666,639
666,640
666,671
666,672
666,781
666,812
666,821
666,873
666,876
666,877
666,880
666,1298
666,1930
666,1931
666,1932
666,1933
667,83
667,92
667,93
667,94
667,95
667,117
667,118
667,125
667,126
667,188
667,228
667,300
667,311
667,312
667,350
667,447
667,448
667,639
667,750
668,13
668,83
668,188
668,223
668,311
668,312
668,414
668,557
668,566
668,669
668,670
668,671
668,672
668,781
668,812
668,821
668,873
668,876
668,877
668,1979
668,1980
668,1981
669,13
669,83
669,188
669,223
669,311
669,312
669,414
669,557
669,566
669,568
669,668
669,670
669,671
669,672
669,781
669,812
669,821
669,873
669,876
669,877
669,1979
669,1980
669,1981
670,13
670,83
670,188
670,223
670,311
670,312
670,412
670,413
670,414
670,557
670,566
670,568
670,668
670,669
670,671
670,672
670,781
670,812
670,821
670,873
670,876
670,877
670,1979
670,1980
670,1981
671,13
671,29
671,72
671,74
671,78
671,83
671,120
671,125
671,126
671,137
671,138
671,162
671,163
671,181
671,188
671,200
671,201
671,217
671,223
671,228
671,241
671,246
671,247
671,248
671,251
671,293
671,294
671,300
671,311
671,312
671,339
671,369
671,414
671,464
671,470
671,490
671,492
671,508
671,517
671,557
671,601
671,602
671,609
671,635
671,636
671,637
671,638
671,639
671,640
671,651
671,666
671,668
671,669
671,670
671,672
671,678
671,679
671,680
671,696
671,781
671,807
671,811
671,812
671,821
671,827
671,850
671,858
671,873
671,876
671,877
672,13
672,15
672,16
672,72
672,74
672,78
672,83
672,117
672,118
672,120
672,125
672,126
672,137
672,138
672,157
672,162
672,163
672,181
672,188
672,198
672,200
672,201
672,217
672,223
672,228
672,241
672,246
672,247
672,248
672,251
672,293
672,294
672,300
672,311
672,312
672,339
672,369
672,414
672,464
672,470
672,472
672,473
672,474
672,475
672,490
672,492
672,508
672,517
672,557
672,601
672,602
672,609
672,635
672,636
672,637
672,638
672,639
672,640
672,651
672,666
672,668
672,669
672,670
672,671
672,696
672,781
672,797
672,807
672,811
672,812
672,821
672,827
672,850
672,858
672,873
672,876
672,877
672,1258
672,1259
672,1260
672,1261
673,65
673,72
673,167
673,258
673,264
673,422
673,556
673,565
673,1297
674,106
674,120
674,167
674,169
674,236
674,241
674,251
674,410
674,529
674,556
674,779
674,807
674,811
674,882
675,83
675,125
675,137
675,188
675,216
675,248
675,258
675,300
675,312
675,611
675,616
675,621
675,628
675,807
675,811
676,9
676,70
676,71
676,72
676,120
676,167
676,239
676,246
676,247
676,248
676,258
676,611
676,616
676,621
676,628
676,677
676,767
676,1631
676,1721
676,1722
677,9
677,68
677,70
677,71
677,72
677,120
677,146
677,147
677,167
677,180
677,201
677,239
677,246
677,247
677,248
677,258
677,478
677,489
677,490
677,491
677,492
677,611
677,616
677,621
677,628
677,676
677,767
677,1721
677,1722
678,9
678,86
678,88
678,90
678,120
678,137
678,188
678,251
678,258
678,300
678,312
678,325
678,601
678,671
678,679
678,680
678,829
679,9
679,86
679,88
679,90
679,120
679,137
679,188
679,251
679,258
679,300
679,312
679,325
679,587
679,601
679,671
679,678
679,680
679,829
680,9
680,86
680,88
680,90
680,120
680,137
680,188
680,251
680,258
680,300
680,312
680,325
680,587
680,601
680,671
680,678
680,679
680,829
681,65
681,682
681,683
682,65
682,681
682,683
683,3
683,4
683,5
683,65
683,120
683,166
683,472
683,473
683,474
683,475
683,681
683,682
684,65
685,65
685,469
685,656
685,657
685,658
685,686
685,687
685,688
685,689
685,690
685,691
685,692
685,693
685,694
685,1211
685,1212
685,1213
685,1214
685,1215
685,1216
685,1217
685,1218
685,1219
685,1220
685,1221
685,1222
685,1512
685,1697
686,65
686,469
686,656
686,657
686,658
686,685
686,687
686,688
686,689
686,690
686,691
686,692
686,693
686,694
686,1211
686,1212
686,1213
686,1214
686,1215
686,1216
686,1217
686,1218
686,1219
686,1220
686,1221
686,1222
686,1512
686,1697
687,65
687,180
687,469
687,572
687,656
687,657
687,658
687,685
687,686
687,688
687,689
687,690
687,691
687,692
687,693
687,694
687,1096
687,1211
687,1212
687,1213
687,1214
687,1215
687,1216
687,1217
687,1218
687,1219
687,1220
687,1221
687,1222
687,1512
687,1697
688,65
688,469
688,656
688,657
688,658
688,685
688,686
688,687
688,689
688,690
688,691
688,692
688,693
688,694
688,1096
688,1211
688,1212
688,1213
688,1214
688,1215
688,1216
688,1217
688,1218
688,1219
688,1220
688,1221
688,1222
688,1512
688,1697
689,65
689,180
689,469
689,498
689,656
689,657
689,658
689,685
689,686
689,687
689,688
689,690
689,691
689,692
689,693
689,694
689,1096
689,1211
689,1212
689,1213
689,1214
689,1215
689,1216
689,1217
689,1218
689,1219
689,1220
689,1221
689,1222
689,1512
689,1697
689,1875
690,65
690,180
690,469
690,498
690,656
690,657
690,658
690,685
690,686
690,687
690,688
690,689
690,691
690,692
690,693
690,694
690,1211
690,1212
690,1213
690,1214
690,1215
690,1216
690,1217
690,1218
690,1219
690,1220
690,1221
690,1222
690,1512
690,1697
690,1875
691,65
691,180
691,469
691,498
691,656
691,657
691,658
691,685
691,686
691,687
691,688
691,689
691,690
691,692
691,693
691,694
691,1096
691,1211
691,1212
691,1213
691,1214
691,1215
691,1216
691,1217
691,1218
691,1219
691,1220
691,1221
691,1222
691,1512
691,1697
691,1875
692,65
692,180
692,203
692,204
692,205
692,206
692,207
692,219
692,469
692,498
692,656
692,657
692,658
692,685
692,686
692,687
692,688
692,689
692,690
692,691
692,693
692,694
692,1211
692,1212
692,1213
692,1214
692,1215
692,1216
692,1217
692,1218
692,1219
692,1220
692,1221
692,1222
692,1448
692,1512
692,1697
692,1875
693,65
693,145
693,146
693,147
693,148
693,150
693,151
693,152
693,153
693,180
693,469
693,498
693,584
693,585
693,586
693,656
693,657
693,658
693,685
693,686
693,687
693,688
693,689
693,690
693,691
693,692
693,694
693,1096
693,1211
693,1212
693,1213
693,1214
693,1215
693,1216
693,1217
693,1218
693,1219
693,1220
693,1221
693,1222
693,1448
693,1512
693,1697
693,1726
693,1727
693,1875
694,137
694,138
694,145
694,146
694,147
694,148
694,150
694,151
694,152
694,153
694,181
694,217
694,325
694,469
694,584
694,585
694,586
694,656
694,657
694,658
694,685
694,686
694,687
694,688
694,689
694,690
694,691
694,692
694,693
694,928
694,941
694,946
694,1215
694,1216
694,1217
694,1218
694,1219
694,1220
694,1221
694,1726
694,1727
695,42
695,59
695,192
695,330
695,760
695,781
695,1626
696,13
696,42
696,58
696,59
696,60
696,61
696,62
696,64
696,65
696,72
696,83
696,117
696,118
696,167
696,246
696,247
696,248
696,464
696,490
696,557
696,580
696,581
696,671
696,672
696,752
696,768
696,781
696,812
696,821
696,857
696,858
696,873
696,876
696,877
696,987
696,1291
697,19
697,20
697,65
697,119
697,201
697,464
697,522
697,1843
698,117
698,118
698,180
698,247
698,248
698,263
698,264
698,350
698,464
698,502
698,522
698,523
698,699
698,963
699,119
699,201
699,247
699,248
699,263
699,264
699,412
699,413
699,464
699,522
699,523
699,698
699,963
700,253
700,312
700,315
700,619
700,701
700,812
700,934
701,253
701,312
701,315
701,619
701,700
701,812
701,934
702,65
702,703
702,704
703,65
703,702
703,704
704,65
704,702
704,703
705,62
705,65
705,197
705,439
705,1520
706,12
706,45
706,46
706,244
706,370
706,745
706,851
706,941
706,1146
706,1608
706,1628
706,1639
706,1733
706,1955
707,138
707,181
707,217
707,325
707,412
707,413
707,708
707,852
707,928
707,941
707,946
708,138
708,181
708,217
708,325
708,412
708,413
708,707
708,852
708,928
708,941
708,946
709,167
709,322
709,324
709,418
709,527
709,528
710,65
710,66
710,125
710,126
710,228
710,464
710,711
711,65
711,66
711,254
711,285
711,286
711,342
711,464
711,491
711,499
711,501
711,528
711,553
711,659
711,710
711,829
711,906
711,915
711,916
712,72
712,75
712,76
712,120
712,123
712,124
712,239
712,592
712,593
712,713
712,714
712,715
712,1360
712,1362
713,28
713,116
713,137
713,277
713,278
713,424
713,489
713,534
713,578
713,712
713,714
713,715
713,789
713,804
713,841
713,856
713,959
713,960
714,28
714,116
714,137
714,277
714,278
714,424
714,489
714,534
714,578
714,712
714,713
714,715
714,789
714,804
714,841
714,856
714,959
714,960
715,28
715,116
715,137
715,277
715,278
715,424
715,534
715,578
715,712
715,713
715,714
715,789
715,804
715,841
715,856
715,959
715,960
716,513
717,89
717,154
717,175
717,176
717,239
717,512
717,513
717,514
717,515
717,516
717,517
717,534
718,472
718,473
718,474
718,475
718,719
718,720
718,1465
718,1472
719,68
719,72
719,91
719,120
719,130
719,135
719,145
719,146
719,147
719,154
719,201
719,239
719,241
719,535
719,718
719,720
719,745
719,846
719,848
719,849
719,851
719,1381
720,718
720,719
720,928
720,1465
720,1472
721,12
721,72
721,120
721,137
721,138
721,154
721,166
721,181
721,201
721,217
721,239
721,246
721,247
721,248
721,287
721,325
721,564
721,782
721,783
721,784
721,785
721,786
721,787
721,788
721,928
721,941
721,946
722,154
722,459
723,379
723,384
723,385
723,724
723,725
723,772
723,773
723,889
723,890
723,891
724,379
724,384
724,385
724,723
724,773
724,806
724,889
724,890
724,891
725,379
725,384
725,385
725,723
726,154
726,529
726,530
726,531
726,727
726,728
727,154
727,726
727,728
728,154
728,726
728,727
729,154
729,577
729,730
729,1970
730,154
730,577
730,729
730,1970
731,15
731,16
731,119
731,529
731,530
731,531
731,732
731,1841
732,15
732,16
732,499
732,529
732,530
732,531
732,731
732,1841
733,208
733,209
733,639
733,991
733,1025
733,1026
733,1409
733,1420
733,1604
734,3
734,4
734,5
734,636
734,735
734,736
734,737
734,738
734,739
734,740
734,741
734,1870
735,3
735,4
735,5
735,636
735,734
735,736
735,737
735,738
735,739
735,740
735,741
735,1870
736,3
736,4
736,5
736,636
736,734
736,735
736,737
736,738
736,739
736,740
736,741
736,1428
736,1870
737,3
737,4
737,5
737,29
737,636
737,734
737,735
737,736
737,738
737,739
737,740
737,741
737,1428
737,1870
738,3
738,4
738,5
738,12
738,472
738,473
738,474
738,475
738,636
738,734
738,735
738,736
738,737
738,739
738,740
738,741
738,1428
738,1870
739,3
739,4
739,5
739,29
739,636
739,734
739,735
739,736
739,737
739,738
739,740
739,741
739,1428
739,1870
740,3
740,4
740,5
740,29
740,636
740,734
740,735
740,736
740,737
740,738
740,739
740,741
740,1428
740,1870
741,3
741,4
741,5
741,636
741,734
741,735
741,736
741,737
741,738
741,739
741,740
741,1428
741,1654
741,1870
742,3
742,4
742,5
742,29
742,134
742,743
742,873
742,1083
742,1153
742,1155
742,1463
742,1538
742,1557
742,1558
743,3
743,4
743,5
743,29
743,134
743,742
743,873
743,1083
743,1153
743,1155
743,1463
743,1538
743,1558
744,5
744,587
744,601
744,639
745,5
745,72
745,198
745,244
745,330
745,639
745,706
745,719
745,811
745,815
745,1748
746,5
746,29
746,208
746,209
746,604
746,882
747,5
747,12
747,167
747,513
747,534
748,418
749,62
749,65
749,83
749,464
749,639
749,1634
749,1735
750,92
750,93
750,94
750,95
750,125
750,126
750,228
750,639
750,667
751,639
751,752
752,64
752,72
752,120
752,125
752,126
752,228
752,239
752,498
752,517
752,655
752,659
752,696
752,751
752,768
752,1988
753,616
753,637
753,661
753,1791
754,602
754,636
754,637
754,639
755,95
755,517
755,601
755,636
756,382
756,636
756,757
757,382
757,636
757,756
758,137
758,760
758,1039
759,315
759,517
759,534
759,635
759,639
760,56
760,70
760,71
760,91
760,145
760,146
760,147
760,315
760,551
760,613
760,614
760,615
760,695
760,758
760,769
760,802
760,803
760,814
760,838
760,850
760,878
760,879
761,300
761,478
761,479
761,577
761,655
761,762
761,763
761,764
761,1337
761,1976
761,1990
761,1991
761,1992
761,1993
761,1994
762,72
762,85
762,86
762,87
762,88
762,90
762,120
762,188
762,300
762,478
762,479
762,547
762,577
762,655
762,659
762,761
762,763
762,764
762,1337
762,1976
762,1990
762,1991
762,1992
762,1993
762,1994
763,85
763,86
763,87
763,88
763,90
763,130
763,135
763,188
763,229
763,241
763,300
763,478
763,479
763,577
763,655
763,659
763,761
763,762
763,764
763,1337
763,1976
763,1990
763,1991
763,1992
763,1993
763,1994
764,10
764,188
764,241
764,300
764,479
764,655
764,761
764,762
764,763
765,72
765,120
765,201
765,565
765,569
765,573
765,575
765,655
765,766
765,767
766,72
766,120
766,201
766,565
766,569
766,573
766,575
766,655
766,765
766,767
767,9
767,25
767,72
767,120
767,167
767,187
767,201
767,318
767,330
767,457
767,478
767,489
767,490
767,491
767,492
767,558
767,559
767,560
767,561
767,562
767,565
767,569
767,573
767,575
767,655
767,676
767,677
767,765
767,766
767,862
767,869
767,870
767,985
768,239
768,655
768,696
768,752
769,147
769,192
769,464
769,638
769,760
769,811
769,1917
769,1918
770,10
770,188
770,300
770,479
770,655
770,659
771,455
771,456
771,580
771,772
771,773
772,154
772,322
772,324
772,455
772,456
772,580
772,581
772,723
772,771
772,773
773,229
773,257
773,455
773,456
773,457
773,655
773,723
773,724
773,771
773,772
773,870
773,889
773,890
773,891
773,959
774,775
775,72
775,120
775,534
775,601
775,602
775,609
775,635
775,636
775,637
775,638
775,639
775,640
775,774
775,866
775,1610
776,777
776,1894
776,1895
777,322
777,324
777,776
777,1894
777,1895
778,72
778,120
778,322
778,324
778,468
778,779
778,794
778,795
779,72
779,104
779,105
779,119
779,120
779,130
779,135
779,229
779,246
779,247
779,248
779,322
779,324
779,529
779,530
779,531
779,664
779,674
779,778
779,794
779,795
780,781
781,13
781,72
781,74
781,78
781,79
781,80
781,81
781,82
781,120
781,125
781,126
781,137
781,138
781,162
781,163
781,181
781,201
781,217
781,223
781,228
781,239
781,241
781,246
781,247
781,248
781,251
781,254
781,282
781,283
781,284
781,285
781,286
781,293
781,294
781,304
781,330
781,339
781,372
781,373
781,414
781,419
781,464
781,470
781,490
781,492
781,508
781,517
781,557
781,601
781,602
781,609
781,635
781,636
781,637
781,638
781,639
781,640
781,666
781,668
781,669
781,670
781,671
781,672
781,695
781,696
781,780
781,797
781,807
781,811
781,812
781,821
781,827
781,850
781,858
781,873
781,876
781,877
782,72
782,74
782,120
782,154
782,241
782,478
782,489
782,490
782,564
782,721
782,783
782,784
782,785
782,786
782,787
782,788
783,72
783,120
783,154
783,201
783,239
783,241
783,499
783,564
783,721
783,782
783,784
783,785
783,786
783,787
783,788
784,72
784,120
784,154
784,201
784,239
784,241
784,246
784,247
784,248
784,419
784,490
784,564
784,721
784,782
784,783
784,785
784,786
784,787
784,788
785,12
785,68
785,72
785,91
785,104
785,105
785,120
785,154
785,201
785,246
785,247
785,248
785,335
785,455
785,456
785,547
785,564
785,605
785,607
785,721
785,782
785,783
785,784
785,786
785,787
785,788
786,72
786,120
786,154
786,201
786,241
786,459
786,529
786,530
786,531
786,564
786,607
786,721
786,782
786,783
786,784
786,785
786,787
786,788
787,12
787,68
787,72
787,120
787,154
787,224
787,225
787,226
787,227
787,246
787,247
787,248
787,293
787,294
787,295
787,296
787,322
787,324
787,335
787,419
787,459
787,564
787,607
787,721
787,782
787,783
787,784
787,785
787,786
787,788
788,72
788,120
788,201
788,241
788,255
788,256
788,257
788,335
788,564
788,607
788,721
788,782
788,783
788,784
788,785
788,786
788,787
789,72
789,117
789,118
789,119
789,120
789,212
789,216
789,239
789,315
789,322
789,323
789,324
789,351
789,352
789,359
789,422
789,423
789,424
789,478
789,489
789,490
789,491
789,492
789,533
789,578
789,653
789,713
789,714
789,715
789,790
789,791
789,792
789,793
789,796
789,797
790,492
790,789
790,791
790,792
790,793
791,478
791,489
791,490
791,491
791,492
791,789
791,790
791,792
791,793
792,492
792,789
792,790
792,791
792,793
793,492
793,789
793,790
793,791
793,792
794,72
794,120
794,322
794,324
794,778
794,779
794,795
795,72
795,120
795,254
795,285
795,286
795,322
795,324
795,778
795,779
795,794
796,130
796,135
796,300
796,478
796,789
796,825
796,826
797,10
797,138
797,315
797,601
797,636
797,640
797,672
797,781
797,789
797,812
797,873
797,1369
798,208
798,325
798,799
798,800
798,1497
799,208
799,325
799,798
799,800
799,1497
800,208
800,325
800,798
800,799
800,1497
801,325
802,760
802,803
803,760
803,802
804,72
804,120
804,499
804,713
804,714
804,715
804,805
804,806
805,72
805,120
805,804
805,806
806,72
806,120
806,724
806,804
806,805
807,13
807,25
807,56
807,57
807,70
807,71
807,72
807,76
807,78
807,79
807,80
807,81
807,82
807,92
807,93
807,94
807,95
807,105
807,120
807,125
807,126
807,154
807,157
807,162
807,163
807,187
807,192
807,197
807,200
807,201
807,203
807,204
807,205
807,206
807,207
807,216
807,224
807,225
807,226
807,227
807,228
807,239
807,247
807,248
807,254
807,284
807,285
807,286
807,322
807,324
807,391
807,403
807,447
807,448
807,501
807,527
807,528
807,547
807,557
807,587
807,620
807,625
807,633
807,651
807,671
807,672
807,674
807,675
807,781
807,808
807,809
807,810
807,811
807,812
807,821
807,873
807,876
807,877
807,882
807,885
808,192
808,557
808,638
808,639
808,807
809,195
809,208
809,209
809,611
809,616
809,620
809,621
809,628
809,807
809,810
809,811
809,1604
810,195
810,208
810,209
810,611
810,616
810,620
810,621
810,628
810,807
810,809
810,811
810,1604
811,6
811,7
811,13
811,24
811,25
811,64
811,68
811,72
811,76
811,105
811,120
811,130
811,135
811,137
811,138
811,154
811,157
811,181
811,187
811,192
811,200
811,201
811,203
811,204
811,205
811,206
811,207
811,217
811,219
811,224
811,225
811,226
811,227
811,239
811,241
811,299
811,316
811,322
811,324
811,325
811,343
811,369
811,371
811,374
811,419
811,471
811,472
811,473
811,474
811,475
811,501
811,508
811,529
811,530
811,531
811,536
811,537
811,538
811,539
811,540
811,541
811,542
811,543
811,544
811,545
811,546
811,557
811,587
811,588
811,620
811,651
811,671
811,672
811,674
811,675
811,745
811,769
811,781
811,807
811,809
811,810
811,812
811,813
811,816
811,817
811,818
811,821
811,873
811,876
811,877
811,882
811,885
812,6
812,13
812,68
812,72
812,74
812,78
812,83
812,119
812,120
812,125
812,126
812,137
812,138
812,162
812,163
812,181
812,188
812,217
812,223
812,228
812,239
812,241
812,246
812,247
812,248
812,251
812,293
812,294
812,300
812,312
812,316
812,339
812,369
812,372
812,373
812,414
812,464
812,470
812,472
812,473
812,474
812,475
812,490
812,492
812,508
812,517
812,557
812,601
812,602
812,609
812,635
812,636
812,637
812,638
812,639
812,640
812,666
812,668
812,669
812,670
812,671
812,672
812,696
812,700
812,701
812,781
812,797
812,807
812,811
812,821
812,827
812,850
812,858
812,873
812,876
812,877
812,880
812,1252
813,203
813,204
813,205
813,206
813,207
813,219
813,551
813,811
814,12
814,203
814,204
814,205
814,206
814,207
814,219
814,551
814,760
814,1616
815,195
815,217
815,628
815,745
815,941
816,811
817,165
817,471
817,811
817,818
817,1027
818,165
818,471
818,811
818,817
818,1027
819,137
819,181
819,192
819,325
819,928
819,941
820,322
820,324
821,13
821,72
821,74
821,78
821,120
821,125
821,126
821,137
821,138
821,162
821,163
821,181
821,201
821,217
821,220
821,221
821,228
821,236
821,239
821,241
821,246
821,247
821,248
821,251
821,293
821,294
821,299
821,322
821,324
821,339
821,410
821,414
821,464
821,470
821,490
821,492
821,517
821,557
821,601
821,602
821,609
821,635
821,636
821,637
821,638
821,639
821,640
821,666
821,668
821,669
821,670
821,671
821,672
821,696
821,781
821,807
821,811
821,812
821,822
821,823
821,827
821,850
821,858
821,873
821,876
821,877
822,10
822,29
822,68
822,180
822,637
822,821
822,1870
823,821
823,1262
823,1263
824,83
824,257
824,299
824,978
824,979
825,72
825,89
825,120
825,256
825,322
825,324
825,342
825,478
825,489
825,490
825,491
825,492
825,796
825,889
825,890
825,891
825,906
825,915
825,916
825,921
825,922
825,960
826,9
826,300
826,796
827,13
827,222
827,224
827,225
827,226
827,227
827,498
827,557
827,671
827,672
827,781
827,812
827,821
827,873
827,876
827,877
827,881
828,322
828,324
828,415
828,470
828,517
828,527
828,528
828,841
829,9
829,85
829,86
829,87
829,88
829,90
829,241
829,255
829,527
829,602
829,621
829,678
829,679
829,680
829,711
830,498
830,831
830,832
831,498
831,830
831,832
832,255
832,256
832,257
832,498
832,830
832,831
833,498
834,154
834,239
834,478
834,489
834,490
834,491
834,492
834,498
835,239
835,322
835,324
835,501
835,836
836,239
836,322
836,324
836,501
836,835
836,837
837,236
837,239
837,341
837,410
837,498
837,836
837,839
837,842
837,843
837,844
837,846
837,882
837,1377
838,760
838,1561
839,837
840,111
840,112
840,277
840,278
840,478
840,489
840,490
840,491
840,492
840,845
840,907
840,908
840,909
840,910
840,911
840,912
840,913
840,918
840,920
840,921
840,922
840,933
840,934
841,72
841,120
841,277
841,379
841,478
841,489
841,490
841,491
841,492
841,499
841,713
841,714
841,715
841,828
841,864
841,959
842,498
842,837
842,843
842,844
842,845
842,1376
843,498
843,837
843,842
843,844
843,845
843,1376
844,498
844,837
844,842
844,843
844,845
844,1376
845,111
845,112
845,322
845,324
845,611
845,616
845,621
845,628
845,840
845,842
845,843
845,844
845,907
845,908
845,909
845,910
845,911
845,912
845,913
845,918
845,920
845,933
845,934
846,128
846,239
846,263
846,264
846,265
846,320
846,322
846,324
846,342
846,719
846,837
846,847
846,848
846,849
847,846
848,72
848,120
848,154
848,288
848,289
848,290
848,291
848,292
848,719
848,846
848,849
848,1381
849,72
849,120
849,154
849,330
849,719
849,846
849,848
849,1381
850,13
850,91
850,137
850,256
850,557
850,639
850,671
850,672
850,760
850,781
850,812
850,821
850,873
850,876
850,877
851,68
851,72
851,91
851,103
851,119
851,120
851,130
851,134
851,135
851,154
851,157
851,158
851,201
851,241
851,348
851,447
851,448
851,706
851,719
851,1955
852,92
852,93
852,94
852,95
852,132
852,133
852,145
852,146
852,147
852,148
852,150
852,151
852,152
852,153
852,154
852,165
852,231
852,239
852,240
852,415
852,470
852,471
852,517
852,584
852,585
852,586
852,645
852,646
852,707
852,708
852,853
852,854
852,855
852,869
852,870
852,871
853,117
853,852
853,854
853,855
853,1952
854,117
854,118
854,852
854,853
854,855
854,1952
855,117
855,118
855,852
855,853
855,854
855,1952
856,713
856,714
856,715
857,58
857,60
857,61
857,62
857,72
857,117
857,118
857,167
857,490
857,696
857,858
857,987
857,1291
857,1893
858,13
858,58
858,59
858,60
858,61
858,62
858,65
858,72
858,83
858,167
858,464
858,490
858,557
858,671
858,672
858,696
858,781
858,812
858,821
858,857
858,873
858,876
858,877
858,987
858,1291
859,59
859,83
859,169
859,216
859,217
859,249
859,250
859,602
859,645
859,928
859,933
860,125
860,126
860,228
860,239
860,341
860,512
860,513
860,514
860,515
860,516
860,861
860,862
861,70
861,71
861,74
861,180
861,239
861,341
861,512
861,513
861,514
861,515
861,516
861,860
861,862
862,9
862,65
862,66
862,67
862,72
862,167
862,255
862,256
862,257
862,484
862,508
862,569
862,573
862,575
862,767
862,860
862,861
862,985
863,341
863,864
864,322
864,324
864,341
864,841
864,863
865,322
865,324
865,341
865,454
865,501
866,501
866,775
866,867
867,322
867,324
867,501
867,866
867,868
868,322
868,324
868,501
868,867
868,906
868,915
868,916
868,962
869,123
869,124
869,126
869,169
869,454
869,531
869,569
869,573
869,575
869,581
869,609
869,767
869,852
869,870
869,1908
870,72
870,126
870,169
870,255
870,256
870,257
870,454
870,531
870,569
870,573
870,575
870,581
870,591
870,609
870,767
870,773
870,852
870,869
870,1908
871,645
871,852
872,490
872,1379
873,12
873,13
873,72
873,74
873,78
873,79
873,80
873,81
873,82
873,120
873,125
873,126
873,137
873,138
873,162
873,163
873,181
873,195
873,201
873,217
873,223
873,228
873,239
873,241
873,246
873,247
873,248
873,251
873,293
873,294
873,330
873,339
873,414
873,464
873,470
873,478
873,490
873,491
873,492
873,508
873,517
873,557
873,601
873,602
873,609
873,611
873,616
873,621
873,628
873,635
873,636
873,637
873,638
873,639
873,640
873,666
873,668
873,669
873,670
873,671
873,672
873,696
873,742
873,743
873,781
873,797
873,807
873,811
873,812
873,821
873,827
873,850
873,858
873,876
873,877
873,880
873,882
873,940
874,17
874,18
874,19
874,20
874,162
874,163
874,415
874,875
875,162
875,163
875,415
875,874
876,13
876,72
876,74
876,78
876,120
876,125
876,126
876,137
876,138
876,162
876,163
876,181
876,217
876,223
876,228
876,239
876,241
876,246
876,247
876,248
876,251
876,293
876,294
876,339
876,369
876,414
876,464
876,470
876,490
876,492
876,517
876,557
876,601
876,602
876,609
876,635
876,636
876,637
876,638
876,639
876,640
876,666
876,668
876,669
876,670
876,671
876,672
876,696
876,781
876,807
876,811
876,812
876,821
876,827
876,850
876,858
876,873
876,877
876,1868
877,13
877,68
877,72
877,74
877,78
877,119
877,120
877,125
877,126
877,137
877,138
877,162
877,163
877,181
877,201
877,217
877,223
877,224
877,225
877,226
877,227
877,228
877,239
877,241
877,246
877,247
877,248
877,251
877,293
877,294
877,322
877,324
877,339
877,414
877,464
877,470
877,490
877,492
877,508
877,517
877,553
877,557
877,601
877,602
877,609
877,635
877,636
877,637
877,638
877,639
877,640
877,666
877,668
877,669
877,670
877,671
877,672
877,696
877,781
877,807
877,811
877,812
877,821
877,827
877,850
877,858
877,873
877,876
877,880
877,882
877,940
878,760
878,879
879,760
879,878
880,72
880,339
880,343
880,639
880,640
880,666
880,812
880,873
880,877
880,1298
881,10
881,109
881,111
881,116
881,134
881,201
881,602
881,827
881,1956
882,9
882,10
882,70
882,71
882,72
882,120
882,132
882,133
882,143
882,149
882,158
882,169
882,198
882,208
882,209
882,210
882,211
882,216
882,224
882,225
882,226
882,227
882,236
882,246
882,247
882,248
882,255
882,256
882,257
882,259
882,270
882,293
882,294
882,322
882,324
882,326
882,327
882,328
882,329
882,330
882,341
882,348
882,405
882,406
882,410
882,419
882,426
882,427
882,428
882,429
882,430
882,478
882,489
882,490
882,491
882,492
882,508
882,557
882,604
882,620
882,641
882,642
882,643
882,644
882,648
882,674
882,746
882,807
882,811
882,837
882,873
882,877
882,884
882,887
882,888
882,973
882,1042
883,133
883,137
883,1061
884,208
884,209
884,882
884,1597
884,1599
885,256
885,807
885,811
886,167
886,620
886,639
887,882
887,888
888,882
888,887
889,72
889,120
889,123
889,124
889,125
889,126
889,130
889,135
889,228
889,322
889,324
889,455
889,723
889,724
889,773
889,825
889,890
889,891
890,72
890,120
890,322
890,324
890,723
890,724
890,773
890,825
890,889
890,891
891,72
891,85
891,86
891,87
891,88
891,120
891,322
891,324
891,723
891,724
891,773
891,825
891,889
891,890
892,224
892,225
892,226
892,227
892,415
892,893
893,415
893,892
894,415
894,1152
894,1153
894,1154
894,1155
894,1635
894,1636
895,415
895,896
895,897
895,898
895,899
895,900
895,901
896,415
896,895
896,897
896,898
896,899
896,900
896,901
897,415
897,895
897,896
897,898
897,899
897,900
897,901
898,415
898,895
898,896
898,897
898,899
898,900
898,901
899,415
899,895
899,896
899,897
899,898
899,900
899,901
900,415
900,895
900,896
900,897
900,898
900,899
900,901
901,415
901,895
901,896
901,897
901,898
901,899
901,900
902,645
902,906
902,915
902,916
902,1383
902,1384
902,1385
902,1386
902,1387
903,137
903,138
903,149
903,181
903,217
903,251
903,322
903,324
903,325
903,415
903,498
903,904
903,905
903,960
903,961
904,149
904,251
904,322
904,324
904,415
904,498
904,903
904,905
904,921
904,922
904,960
904,961
905,149
905,251
905,322
905,324
905,415
905,498
905,903
905,904
905,960
905,961
906,137
906,138
906,181
906,217
906,711
906,825
906,868
906,902
906,913
906,915
906,916
906,963
906,964
907,840
907,845
907,908
907,909
907,910
907,911
907,912
907,913
908,840
908,845
908,907
908,909
908,910
908,911
908,912
908,913
909,111
909,112
909,322
909,324
909,840
909,845
909,907
909,908
909,910
909,911
909,912
909,913
909,918
909,920
909,933
909,934
910,111
910,112
910,229
910,322
910,324
910,840
910,845
910,907
910,908
910,909
910,911
910,912
910,913
910,918
910,920
910,933
910,934
911,111
911,112
911,322
911,324
911,840
911,845
911,907
911,908
911,909
911,910
911,912
911,913
911,918
911,920
911,933
911,934
912,111
912,112
912,322
912,324
912,840
912,845
912,907
912,908
912,909
912,910
912,911
912,913
912,918
912,920
912,933
912,934
913,111
913,112
913,322
913,324
913,840
913,845
913,906
913,907
913,908
913,909
913,910
913,911
913,912
913,915
913,916
913,918
913,920
913,933
913,934
914,137
914,621
915,137
915,138
915,181
915,217
915,711
915,825
915,868
915,902
915,906
915,913
915,916
915,963
915,964
916,137
916,138
916,181
916,217
916,711
916,825
916,868
916,902
916,906
916,913
916,915
916,963
916,964
917,138
918,72
918,120
918,840
918,845
918,909
918,910
918,911
918,912
918,913
918,919
918,920
918,921
918,922
919,918
919,920
919,931
920,72
920,120
920,239
920,840
920,845
920,909
920,910
920,911
920,912
920,913
920,918
920,919
920,931
921,149
921,172
921,217
921,250
921,251
921,415
921,825
921,840
921,904
921,918
921,922
921,954
922,149
922,172
922,217
922,250
922,251
922,415
922,825
922,840
922,904
922,918
922,921
922,954
923,138
923,181
923,217
923,1012
924,925
924,926
924,927
924,928
925,924
925,926
925,927
925,928
926,924
926,925
926,927
926,928
927,924
927,925
927,926
927,928
928,24
928,72
928,117
928,118
928,120
928,137
928,138
928,158
928,167
928,181
928,201
928,217
928,224
928,225
928,226
928,227
928,236
928,239
928,263
928,264
928,325
928,410
928,453
928,501
928,502
928,611
928,616
928,621
928,628
928,634
928,694
928,707
928,708
928,720
928,721
928,819
928,859
928,924
928,925
928,926
928,927
928,929
928,930
928,941
928,944
928,945
928,946
928,952
928,953
928,960
929,928
929,1040
930,91
930,138
930,181
930,330
930,928
930,1853
931,919
931,920
932,137
932,138
932,181
932,217
932,936
932,937
932,938
933,72
933,92
933,93
933,94
933,95
933,120
933,295
933,296
933,415
933,840
933,845
933,859
933,909
933,910
933,911
933,912
933,913
933,934
933,935
934,72
934,92
934,93
934,94
934,95
934,120
934,415
934,700
934,701
934,840
934,845
934,909
934,910
934,911
934,912
934,913
934,933
934,939
935,9
935,250
935,933
936,137
936,138
936,181
936,217
936,932
936,937
936,938
937,137
937,138
937,181
937,217
937,932
937,936
937,938
938,137
938,138
938,181
938,217
938,932
938,936
938,937
939,934
940,72
940,75
940,76
940,322
940,324
940,517
940,873
940,877
940,955
940,956
941,12
941,24
941,68
941,70
941,137
941,138
941,145
941,146
941,147
941,154
941,158
941,167
941,178
941,181
941,195
941,213
941,217
941,239
941,254
941,279
941,280
941,281
941,282
941,283
941,284
941,285
941,286
941,320
941,325
941,340
941,369
941,372
941,373
941,453
941,501
941,547
941,611
941,616
941,621
941,628
941,694
941,706
941,707
941,708
941,721
941,815
941,819
941,928
941,942
941,943
941,946
941,948
941,952
941,953
941,960
942,181
942,217
942,635
942,941
943,941
943,1032
944,928
944,945
944,946
945,928
945,944
945,946
946,24
946,29
946,70
946,137
946,138
946,145
946,146
946,147
946,154
946,158
946,167
946,180
946,181
946,201
946,217
946,224
946,225
946,226
946,227
946,247
946,248
946,325
946,330
946,340
946,369
946,372
946,373
946,453
946,459
946,478
946,489
946,490
946,491
946,492
946,501
946,502
946,553
946,587
946,611
946,613
946,614
946,615
946,616
946,621
946,628
946,659
946,694
946,707
946,708
946,721
946,928
946,941
946,944
946,945
946,947
946,948
946,949
946,950
946,951
946,952
946,953
946,960
947,138
947,181
947,946
948,138
948,181
948,941
948,946
949,946
949,950
949,951
949,1104
949,1105
949,1106
949,1107
950,946
950,949
950,951
950,1104
950,1105
950,1106
950,1107
951,946
951,949
951,950
951,1104
951,1105
951,1106
951,1107
952,137
952,138
952,181
952,217
952,325
952,478
952,490
952,491
952,492
952,517
952,928
952,941
952,946
953,137
953,138
953,181
953,217
953,325
953,478
953,489
953,490
953,491
953,492
953,564
953,928
953,941
953,946
953,1363
954,201
954,216
954,231
954,239
954,247
954,248
954,254
954,283
954,284
954,285
954,286
954,426
954,427
954,428
954,429
954,430
954,490
954,491
954,492
954,501
954,553
954,564
954,921
954,922
955,528
955,940
955,956
956,528
956,940
956,955
957,112
957,464
957,1748
958,553
959,137
959,138
959,181
959,217
959,499
959,517
959,713
959,714
959,715
959,773
959,841
959,961
960,137
960,138
960,143
960,149
960,181
960,201
960,217
960,241
960,325
960,713
960,714
960,715
960,825
960,903
960,904
960,905
960,928
960,941
960,946
960,972
961,72
961,117
961,120
961,125
961,126
961,137
961,138
961,181
961,201
961,217
961,228
961,499
961,903
961,904
961,905
961,959
962,167
962,379
962,384
962,868
962,980
962,981
962,994
963,76
963,490
963,491
963,492
963,523
963,553
963,698
963,699
963,906
963,915
963,916
963,964
964,478
964,489
964,490
964,491
964,492
964,906
964,915
964,916
964,963
965,966
966,68
966,85
966,86
966,87
966,88
966,90
966,167
966,229
966,239
966,300
966,322
966,324
966,454
966,501
966,529
966,530
966,531
966,965
967,154
967,212
968,108
968,154
968,181
968,217
968,251
968,969
968,970
968,971
969,108
969,154
969,181
969,217
969,251
969,968
969,970
969,971
970,108
970,154
970,181
970,217
970,251
970,968
970,969
970,971
971,108
971,154
971,181
971,217
971,251
971,968
971,969
971,970
972,143
972,149
972,201
972,241
972,342
972,478
972,490
972,491
972,492
972,960
973,149
973,882
974,169
974,172
974,179
974,975
974,976
974,977
975,169
975,172
975,179
975,974
975,976
975,977
976,169
976,172
976,179
976,322
976,324
976,974
976,975
976,977
977,169
977,172
977,179
977,974
977,975
977,976
978,257
978,824
978,979
979,257
979,824
979,978
980,167
980,454
980,581
980,962
980,981
981,137
981,138
981,167
981,181
981,217
981,325
981,454
981,581
981,962
981,980
982,130
982,135
982,385
982,484
982,985
983,250
983,341
983,515
983,640
983,1748
984,255
984,256
984,257
984,322
984,324
985,130
985,135
985,167
985,229
985,255
985,256
985,257
985,300
985,341
985,569
985,573
985,575
985,580
985,581
985,767
985,862
985,982
986,10
986,167
986,239
987,60
987,61
987,62
987,72
987,167
987,246
987,247
987,248
987,490
987,580
987,581
987,696
987,857
987,858
987,1291
988,167
988,415
988,989
989,167
989,415
989,988
990,991
991,195
991,733
991,990
991,1397
991,1420
992,993
993,992
993,1243
994,167
994,962
995,996
995,997
995,998
995,999
995,1000
995,1001
995,1002
995,1003
995,1004
995,1005
995,1006
995,1007
995,1008
995,1009
995,1010
995,1011
996,995
996,997
996,998
996,999
996,1000
996,1001
996,1002
996,1003
996,1004
996,1005
996,1006
996,1007
996,1008
996,1009
996,1010
996,1011
997,995
997,996
997,998
997,999
997,1000
997,1001
997,1002
997,1003
997,1004
997,1005
997,1006
997,1007
997,1008
997,1009
997,1010
997,1011
998,995
998,996
998,997
998,999
998,1000
998,1001
998,1002
998,1003
998,1004
998,1005
998,1006
998,1007
998,1008
998,1009
998,1010
998,1011
999,995
999,996
999,997
999,998
999,1000
999,1001
999,1002
999,1003
999,1004
999,1005
999,1006
999,1007
999,1008
999,1009
999,1010
999,1011
1000,995
1000,996
1000,997
1000,998
1000,999
1000,1001
1000,1002
1000,1003
1000,1004
1000,1005
1000,1006
1000,1007
1000,1008
1000,1009
1000,1010
1000,1011
1001,995
1001,996
1001,997
1001,998
1001,999
1001,1000
1001,1002
1001,1003
1001,1004
1001,1005
1001,1006
1001,1007
1001,1008
1001,1009
1001,1010
1001,1011
1002,995
1002,996
1002,997
1002,998
1002,999
1002,1000
1002,1001
1002,1003
1002,1004
1002,1005
1002,1006
1002,1007
1002,1008
1002,1009
1002,1010
1002,1011
1003,995
1003,996
1003,997
1003,998
1003,999
1003,1000
1003,1001
1003,1002
1003,1004
1003,1005
1003,1006
1003,1007
1003,1008
1003,1009
1003,1010
1003,1011
1003,1884
1004,995
1004,996
1004,997
1004,998
1004,999
1004,1000
1004,1001
1004,1002
1004,1003
1004,1005
1004,1006
1004,1007
1004,1008
1004,1009
1004,1010
1004,1011
1004,1884
1005,995
1005,996
1005,997
1005,998
1005,999
1005,1000
1005,1001
1005,1002
1005,1003
1005,1004
1005,1006
1005,1007
1005,1008
1005,1009
1005,1010
1005,1011
1005,1884
1006,995
1006,996
1006,997
1006,998
1006,999
1006,1000
1006,1001
1006,1002
1006,1003
1006,1004
1006,1005
1006,1007
1006,1008
1006,1009
1006,1010
1006,1011
1006,1884
1007,995
1007,996
1007,997
1007,998
1007,999
1007,1000
1007,1001
1007,1002
1007,1003
1007,1004
1007,1005
1007,1006
1007,1008
1007,1009
1007,1010
1007,1011
1007,1884
1008,995
1008,996
1008,997
1008,998
1008,999
1008,1000
1008,1001
1008,1002
1008,1003
1008,1004
1008,1005
1008,1006
1008,1007
1008,1009
1008,1010
1008,1011
1008,1884
1009,995
1009,996
1009,997
1009,998
1009,999
1009,1000
1009,1001
1009,1002
1009,1003
1009,1004
1009,1005
1009,1006
1009,1007
1009,1008
1009,1010
1009,1011
1009,1884
1010,995
1010,996
1010,997
1010,998
1010,999
1010,1000
1010,1001
1010,1002
1010,1003
1010,1004
1010,1005
1010,1006
1010,1007
1010,1008
1010,1009
1010,1011
1010,1884
1011,995
1011,996
1011,997
1011,998
1011,999
1011,1000
1011,1001
1011,1002
1011,1003
1011,1004
1011,1005
1011,1006
1011,1007
1011,1008
1011,1009
1011,1010
1011,1884
1012,923
1013,1014
1014,1013
1014,1240
1014,1241
1014,1242
1014,1244
1015,1016
1015,1017
1015,1018
1016,4
1016,5
1016,1015
1016,1017
1016,1018
1016,1427
1016,1428
1017,4
1017,5
1017,1015
1017,1016
1017,1018
1017,1427
1017,1428
1018,4
1018,5
1018,1015
1018,1016
1018,1017
1018,1427
1018,1428
1019,67
1019,72
1019,167
1019,236
1019,241
1019,410
1020,1021
1021,166
1021,393
1021,445
1021,1020
1021,1415
1021,1429
1021,1430
1021,1431
1021,1432
1022,1023
1022,1024
1022,1025
1022,1026
1023,1022
1023,1024
1023,1025
1023,1026
1024,1022
1024,1023
1024,1025
1024,1026
1025,733
1025,1022
1025,1023
1025,1024
1025,1026
1026,733
1026,1022
1026,1023
1026,1024
1026,1025
1027,165
1027,471
1027,817
1027,818
1028,1029
1029,208
1029,209
1029,1028
1029,1604
1030,1031
1031,1030
1031,1409
1032,943
1033,1034
1033,1035
1033,1036
1033,1037
1033,1038
1033,1039
1034,1033
1034,1035
1034,1036
1034,1037
1034,1038
1034,1039
1035,1033
1035,1034
1035,1036
1035,1037
1035,1038
1035,1039
1035,1398
1035,1399
1036,1033
1036,1034
1036,1035
1036,1037
1036,1038
1036,1039
1036,1109
1037,1033
1037,1034
1037,1035
1037,1036
1037,1038
1037,1039
1037,1109
1037,1399
1037,1400
1038,1033
1038,1034
1038,1035
1038,1036
1038,1037
1038,1039
1038,1109
1039,758
1039,1033
1039,1034
1039,1035
1039,1036
1039,1037
1039,1038
1039,1109
1040,929
1041,140
1042,140
1042,143
1042,149
1042,882
1043,1044
1043,1045
1044,47
1044,437
1044,1043
1044,1045
1044,1047
1044,1058
1044,1177
1045,47
1045,437
1045,1043
1045,1044
1045,1047
1045,1058
1045,1177
1046,1047
1047,1044
1047,1045
1047,1046
1048,1049
1049,1048
1049,1210
1050,1051
1050,1052
1051,472
1051,473
1051,474
1051,1050
1051,1052
1052,472
1052,473
1052,474
1052,475
1052,1050
1052,1051
1052,1499
1052,1500
1052,1501
1052,1502
1052,1503
1052,1504
1052,1505
1052,1506
1052,1507
1052,1508
1052,1509
1052,1510
1052,1511
1052,1512
1052,1513
1052,1514
1053,1054
1053,1055
1054,1053
1054,1055
1055,0
1055,1
1055,2
1055,3
1055,4
1055,5
1055,6
1055,160
1055,166
1055,533
1055,1053
1055,1054
1055,1550
1055,1660
1055,1669
1055,1870
1056,1057
1056,1058
1057,1056
1057,1058
1057,1410
1057,1411
1058,6
1058,33
1058,34
1058,1044
1058,1045
1058,1056
1058,1057
1058,1411
1058,1461
1059,1060
1059,1061
1060,1059
1060,1061
1061,47
1061,883
1061,1059
1061,1060
1061,1656
1061,1657
1062,1063
1062,1064
1062,1065
1063,1062
1063,1064
1063,1065
1064,1062
1064,1063
1064,1065
1065,1062
1065,1063
1065,1064
1065,1601
1065,1602
1065,1603
1066,1067
1066,1068
1066,1069
1066,1070
1066,1071
1066,1072
1066,1073
1066,1074
1066,1075
1066,1076
1066,1077
1066,1078
1066,1079
1066,1080
1066,1081
1067,1066
1067,1068
1067,1069
1067,1070
1067,1071
1067,1072
1067,1073
1067,1074
1067,1075
1067,1076
1067,1077
1067,1078
1067,1079
1067,1080
1067,1081
1068,1066
1068,1067
1068,1069
1068,1070
1068,1071
1068,1072
1068,1073
1068,1074
1068,1075
1068,1076
1068,1077
1068,1078
1068,1079
1068,1080
1068,1081
1069,1066
1069,1067
1069,1068
1069,1070
1069,1071
1069,1072
1069,1073
1069,1074
1069,1075
1069,1076
1069,1077
1069,1078
1069,1079
1069,1080
1069,1081
1070,1066
1070,1067
1070,1068
1070,1069
1070,1071
1070,1072
1070,1073
1070,1074
1070,1075
1070,1076
1070,1077
1070,1078
1070,1079
1070,1080
1070,1081
1070,1434
1070,1435
1070,1436
1070,1437
1070,1438
1070,1439
1070,1440
1070,1441
1071,1066
1071,1067
1071,1068
1071,1069
1071,1070
1071,1072
1071,1073
1071,1074
1071,1075
1071,1076
1071,1077
1071,1078
1071,1079
1071,1080
1071,1081
1071,1434
1071,1435
1071,1436
1071,1437
1071,1438
1071,1439
1071,1440
1071,1441
1072,1066
1072,1067
1072,1068
1072,1069
1072,1070
1072,1071
1072,1073
1072,1074
1072,1075
1072,1076
1072,1077
1072,1078
1072,1079
1072,1080
1072,1081
1072,1434
1072,1435
1072,1436
1072,1437
1072,1438
1072,1439
1072,1440
1072,1441
1073,1066
1073,1067
1073,1068
1073,1069
1073,1070
1073,1071
1073,1072
1073,1074
1073,1075
1073,1076
1073,1077
1073,1078
1073,1079
1073,1080
1073,1081
1073,1434
1073,1435
1073,1436
1073,1437
1073,1438
1073,1439
1073,1440
1073,1441
1074,145
1074,146
1074,147
1074,148
1074,150
1074,151
1074,152
1074,153
1074,1066
1074,1067
1074,1068
1074,1069
1074,1070
1074,1071
1074,1072
1074,1073
1074,1075
1074,1076
1074,1077
1074,1078
1074,1079
1074,1080
1074,1081
1074,1434
1074,1435
1074,1436
1074,1437
1074,1438
1074,1439
1074,1440
1074,1441
1075,145
1075,146
1075,147
1075,148
1075,150
1075,151
1075,152
1075,153
1075,1066
1075,1067
1075,1068
1075,1069
1075,1070
1075,1071
1075,1072
1075,1073
1075,1074
1075,1076
1075,1077
1075,1078
1075,1079
1075,1080
1075,1081
1075,1434
1075,1435
1075,1436
1075,1437
1075,1438
1075,1439
1075,1440
1075,1441
1076,3
1076,4
1076,5
1076,145
1076,146
1076,147
1076,148
1076,150
1076,151
1076,152
1076,153
1076,1066
1076,1067
1076,1068
1076,1069
1076,1070
1076,1071
1076,1072
1076,1073
1076,1074
1076,1075
1076,1077
1076,1078
1076,1079
1076,1080
1076,1081
1076,1434
1076,1435
1076,1436
1076,1437
1076,1438
1076,1439
1076,1440
1076,1441
1077,3
1077,4
1077,5
1077,145
1077,146
1077,147
1077,148
1077,150
1077,151
1077,152
1077,153
1077,1066
1077,1067
1077,1068
1077,1069
1077,1070
1077,1071
1077,1072
1077,1073
1077,1074
1077,1075
1077,1076
1077,1078
1077,1079
1077,1080
1077,1081
1077,1434
1077,1435
1077,1436
1077,1437
1077,1438
1077,1439
1077,1440
1077,1441
1078,3
1078,4
1078,5
1078,6
1078,145
1078,146
1078,147
1078,148
1078,150
1078,151
1078,152
1078,153
1078,1066
1078,1067
1078,1068
1078,1069
1078,1070
1078,1071
1078,1072
1078,1073
1078,1074
1078,1075
1078,1076
1078,1077
1078,1079
1078,1080
1078,1081
1078,1434
1078,1435
1078,1436
1078,1437
1078,1438
1078,1439
1078,1440
1078,1441
1079,3
1079,4
1079,5
1079,7
1079,145
1079,146
1079,147
1079,148
1079,150
1079,151
1079,152
1079,153
1079,1066
1079,1067
1079,1068
1079,1069
1079,1070
1079,1071
1079,1072
1079,1073
1079,1074
1079,1075
1079,1076
1079,1077
1079,1078
1079,1080
1079,1081
1079,1434
1079,1435
1079,1436
1079,1437
1079,1438
1079,1439
1079,1440
1079,1441
1079,1946
1080,145
1080,146
1080,147
1080,148
1080,150
1080,151
1080,152
1080,153
1080,1066
1080,1067
1080,1068
1080,1069
1080,1070
1080,1071
1080,1072
1080,1073
1080,1074
1080,1075
1080,1076
1080,1077
1080,1078
1080,1079
1080,1081
1080,1434
1080,1435
1080,1436
1080,1437
1080,1438
1080,1439
1080,1440
1080,1441
1081,145
1081,146
1081,147
1081,148
1081,150
1081,151
1081,152
1081,153
1081,1066
1081,1067
1081,1068
1081,1069
1081,1070
1081,1071
1081,1072
1081,1073
1081,1074
1081,1075
1081,1076
1081,1077
1081,1078
1081,1079
1081,1080
1081,1434
1081,1435
1081,1436
1081,1437
1081,1438
1081,1439
1081,1440
1081,1441
1082,1083
1083,4
1083,5
1083,742
1083,743
1083,1082
1083,1463
1083,1561
1083,1677
1084,472
1084,473
1084,474
1084,475
1084,1085
1085,472
1085,473
1085,474
1085,475
1085,584
1085,585
1085,1084
1085,1447
1086,1087
1087,68
1087,1086
1088,1089
1089,3
1089,4
1089,5
1089,1088
1090,1091
1090,1092
1090,1093
1090,1094
1091,1090
1091,1092
1091,1093
1091,1094
1092,224
1092,225
1092,226
1092,227
1092,1090
1092,1091
1092,1093
1092,1094
1093,208
1093,209
1093,1090
1093,1091
1093,1092
1093,1094
1093,1604
1094,3
1094,4
1094,5
1094,1090
1094,1091
1094,1092
1094,1093
1095,1096
1096,656
1096,657
1096,658
1096,687
1096,688
1096,689
1096,691
1096,693
1096,1095
1096,1217
1096,1218
1096,1219
1096,1221
1097,369
1097,1098
1098,369
1098,1097
1099,1100
1099,1101
1099,1102
1099,1103
1100,1099
1100,1101
1100,1102
1100,1103
1101,32
1101,589
1101,590
1101,1099
1101,1100
1101,1102
1101,1103
1101,1520
1101,1542
1101,1544
1102,32
1102,589
1102,590
1102,1099
1102,1100
1102,1101
1102,1103
1102,1520
1102,1538
1102,1542
1102,1544
1103,32
1103,589
1103,590
1103,1099
1103,1100
1103,1101
1103,1102
1103,1520
1103,1538
1103,1542
1103,1544
1104,949
1104,950
1104,951
1104,1105
1104,1106
1104,1107
1105,949
1105,950
1105,951
1105,1104
1105,1106
1105,1107
1106,949
1106,950
1106,951
1106,1104
1106,1105
1106,1107
1107,949
1107,950
1107,951
1107,1104
1107,1105
1107,1106
1108,1109
1109,1036
1109,1037
1109,1038
1109,1039
1109,1108
1110,1111
1111,472
1111,473
1111,474
1111,475
1111,1110
1112,1113
1113,145
1113,146
1113,147
1113,148
1113,150
1113,151
1113,152
1113,153
1113,584
1113,585
1113,586
1113,1112
1114,136
1115,1116
1115,1117
1115,1118
1115,1119
1116,1115
1116,1117
1116,1118
1116,1119
1116,1548
1116,1549
1116,1555
1116,1556
1117,12
1117,1115
1117,1116
1117,1118
1117,1119
1117,1548
1117,1549
1117,1555
1117,1556
1118,12
1118,161
1118,1115
1118,1116
1118,1117
1118,1119
1118,1548
1118,1549
1118,1555
1118,1556
1119,145
1119,146
1119,147
1119,153
1119,1115
1119,1116
1119,1117
1119,1118
1119,1548
1119,1549
1119,1555
1119,1556
1120,155
1121,1122
1122,1121
1122,1581
1122,1582
1123,1124
1123,1125
1124,1123
1124,1125
1124,1318
1125,34
1125,1123
1125,1124
1125,1319
1126,159
1126,1127
1127,7
1127,159
1127,1126
1128,1129
1128,1130
1128,1131
1128,1132
1128,1133
1128,1134
1128,1135
1128,1136
1128,1137
1128,1138
1129,1128
1129,1130
1129,1131
1129,1132
1129,1133
1129,1134
1129,1135
1129,1136
1129,1137
1129,1138
1130,1128
1130,1129
1130,1131
1130,1132
1130,1133
1130,1134
1130,1135
1130,1136
1130,1137
1130,1138
1131,12
1131,1128
1131,1129
1131,1130
1131,1132
1131,1133
1131,1134
1131,1135
1131,1136
1131,1137
1131,1138
1132,12
1132,40
1132,619
1132,1128
1132,1129
1132,1130
1132,1131
1132,1133
1132,1134
1132,1135
1132,1136
1132,1137
1132,1138
1132,1732
1133,40
1133,619
1133,1128
1133,1129
1133,1130
1133,1131
1133,1132
1133,1134
1133,1135
1133,1136
1133,1137
1133,1138
1133,1732
1134,40
1134,619
1134,1128
1134,1129
1134,1130
1134,1131
1134,1132
1134,1133
1134,1135
1134,1136
1134,1137
1134,1138
1134,1732
1135,4
1135,5
1135,12
1135,40
1135,619
1135,1128
1135,1129
1135,1130
1135,1131
1135,1132
1135,1133
1135,1134
1135,1136
1135,1137
1135,1138
1135,1732
1136,40
1136,619
1136,1128
1136,1129
1136,1130
1136,1131
1136,1132
1136,1133
1136,1134
1136,1135
1136,1137
1136,1138
1136,1732
1137,12
1137,40
1137,619
1137,1128
1137,1129
1137,1130
1137,1131
1137,1132
1137,1133
1137,1134
1137,1135
1137,1136
1137,1138
1137,1732
1138,12
1138,40
1138,619
1138,1128
1138,1129
1138,1130
1138,1131
1138,1132
1138,1133
1138,1134
1138,1135
1138,1136
1138,1137
1138,1732
1139,144
1139,1140
1139,1141
1139,1142
1139,1143
1139,1144
1140,144
1140,1139
1140,1141
1140,1142
1140,1143
1140,1144
1141,144
1141,1139
1141,1140
1141,1142
1141,1143
1141,1144
1142,32
1142,132
1142,133
1142,144
1142,145
1142,146
1142,147
1142,148
1142,150
1142,151
1142,152
1142,153
1142,1139
1142,1140
1142,1141
1142,1143
1142,1144
1143,32
1143,132
1143,133
1143,144
1143,145
1143,146
1143,147
1143,148
1143,150
1143,151
1143,152
1143,153
1143,224
1143,225
1143,226
1143,227
1143,1139
1143,1140
1143,1141
1143,1142
1143,1144
1144,3
1144,4
1144,5
1144,144
1144,145
1144,146
1144,147
1144,148
1144,150
1144,151
1144,152
1144,153
1144,1139
1144,1140
1144,1141
1144,1142
1144,1143
1145,1146
1146,706
1146,1145
1147,1148
1147,1149
1147,1150
1148,1147
1148,1149
1148,1150
1149,1147
1149,1148
1149,1150
1150,29
1150,208
1150,209
1150,448
1150,1147
1150,1148
1150,1149
1150,1597
1150,1599
1150,1628
1151,139
1152,894
1152,1153
1152,1154
1152,1155
1153,12
1153,742
1153,743
1153,894
1153,1152
1153,1154
1153,1155
1153,1609
1154,12
1154,894
1154,1152
1154,1153
1154,1155
1154,1617
1154,1618
1155,208
1155,209
1155,742
1155,743
1155,894
1155,1152
1155,1153
1155,1154
1155,1604
1156,1157
1157,1156
1157,1650
1157,1651
1158,1159
1159,5
1159,587
1159,1158
1160,587
1161,1162
1162,1
1162,2
1162,18
1162,19
1162,20
1162,1161
1162,1694
1163,1164
1163,1165
1163,1166
1164,342
1164,1163
1164,1165
1164,1166
1164,1758
1165,342
1165,1163
1165,1164
1165,1166
1165,1758
1166,18
1166,19
1166,20
1166,342
1166,1163
1166,1164
1166,1165
1166,1758
1167,1168
1167,1169
1167,1170
1167,1171
1167,1172
1168,1167
1168,1169
1168,1170
1168,1171
1168,1172
1169,1167
1169,1168
1169,1170
1169,1171
1169,1172
1170,1167
1170,1168
1170,1169
1170,1171
1170,1172
1171,1167
1171,1168
1171,1169
1171,1170
1171,1172
1172,145
1172,146
1172,147
1172,1167
1172,1168
1172,1169
1172,1170
1172,1171
1173,1174
1173,1175
1173,1176
1173,1177
1174,1173
1174,1175
1174,1176
1174,1177
1175,40
1175,288
1175,289
1175,290
1175,291
1175,292
1175,316
1175,321
1175,1173
1175,1174
1175,1176
1175,1177
1175,1707
1175,1708
1175,1732
1176,145
1176,146
1176,147
1176,148
1176,150
1176,151
1176,152
1176,153
1176,1173
1176,1174
1176,1175
1176,1177
1176,1707
1176,1708
1177,145
1177,146
1177,147
1177,148
1177,150
1177,151
1177,152
1177,153
1177,165
1177,1044
1177,1045
1177,1173
1177,1174
1177,1175
1177,1176
1177,1707
1177,1708
1178,1179
1179,5
1179,145
1179,146
1179,147
1179,1178
1180,1181
1180,1182
1181,1180
1181,1182
1182,117
1182,118
1182,396
1182,397
1182,1180
1182,1181
1182,1188
1182,1189
1183,417
1184,1185
1185,208
1185,209
1185,1184
1186,396
1186,397
1186,1187
1186,1188
1186,1189
1186,1190
1187,15
1187,16
1187,41
1187,43
1187,61
1187,203
1187,204
1187,205
1187,206
1187,207
1187,219
1187,220
1187,221
1187,224
1187,225
1187,226
1187,227
1187,369
1187,396
1187,397
1187,1186
1187,1188
1187,1189
1187,1190
1187,1199
1187,1569
1187,1710
1187,1740
1187,1777
1188,6
1188,15
1188,16
1188,41
1188,43
1188,61
1188,68
1188,224
1188,225
1188,226
1188,227
1188,288
1188,289
1188,290
1188,291
1188,292
1188,306
1188,369
1188,396
1188,397
1188,587
1188,1182
1188,1186
1188,1187
1188,1189
1188,1190
1188,1199
1188,1569
1188,1740
1188,1777
1188,1791
1189,15
1189,16
1189,41
1189,43
1189,61
1189,224
1189,225
1189,226
1189,227
1189,306
1189,396
1189,397
1189,472
1189,473
1189,474
1189,475
1189,661
1189,1182
1189,1186
1189,1187
1189,1188
1189,1190
1189,1199
1189,1478
1189,1569
1189,1710
1189,1740
1189,1777
1189,1791
1190,15
1190,16
1190,41
1190,43
1190,61
1190,145
1190,146
1190,147
1190,153
1190,165
1190,369
1190,396
1190,397
1190,1186
1190,1187
1190,1188
1190,1189
1190,1199
1190,1569
1190,1740
1191,41
1191,43
1191,1192
1191,1193
1191,1194
1191,1195
1191,1196
1191,1197
1191,1198
1191,1199
1191,1200
1191,1201
1192,41
1192,43
1192,1191
1192,1193
1192,1194
1192,1195
1192,1196
1192,1197
1192,1198
1192,1199
1192,1200
1192,1201
1193,41
1193,43
1193,1191
1193,1192
1193,1194
1193,1195
1193,1196
1193,1197
1193,1198
1193,1199
1193,1200
1193,1201
1194,41
1194,43
1194,1191
1194,1192
1194,1193
1194,1195
1194,1196
1194,1197
1194,1198
1194,1199
1194,1200
1194,1201
1195,41
1195,43
1195,1191
1195,1192
1195,1193
1195,1194
1195,1196
1195,1197
1195,1198
1195,1199
1195,1200
1195,1201
1195,1413
1195,1414
1195,1415
1196,41
1196,43
1196,1191
1196,1192
1196,1193
1196,1194
1196,1195
1196,1197
1196,1198
1196,1199
1196,1200
1196,1201
1196,1415
1196,1492
1196,1493
1196,1494
1196,1495
1196,1496
1196,1497
1196,1498
1197,41
1197,43
1197,1191
1197,1192
1197,1193
1197,1194
1197,1195
1197,1196
1197,1198
1197,1199
1197,1200
1197,1201
1197,1413
1197,1414
1197,1415
1197,1492
1197,1493
1197,1494
1197,1495
1197,1496
1197,1497
1197,1498
1198,41
1198,43
1198,1191
1198,1192
1198,1193
1198,1194
1198,1195
1198,1196
1198,1197
1198,1199
1198,1200
1198,1201
1198,1413
1198,1414
1198,1415
1198,1492
1198,1493
1198,1494
1198,1495
1198,1496
1198,1497
1198,1498
1199,41
1199,42
1199,43
1199,159
1199,161
1199,224
1199,225
1199,226
1199,227
1199,396
1199,397
1199,472
1199,473
1199,474
1199,1187
1199,1188
1199,1189
1199,1190
1199,1191
1199,1192
1199,1193
1199,1194
1199,1195
1199,1196
1199,1197
1199,1198
1199,1200
1199,1201
1199,1465
1199,1496
1199,1497
1199,1569
1199,1714
1199,1745
1199,1869
1200,3
1200,4
1200,5
1200,6
1200,41
1200,42
1200,43
1200,1191
1200,1192
1200,1193
1200,1194
1200,1195
1200,1196
1200,1197
1200,1198
1200,1199
1200,1201
1200,1428
1200,1492
1200,1493
1200,1494
1200,1495
1200,1496
1200,1497
1200,1498
1200,1869
1201,41
1201,42
1201,43
1201,145
1201,146
1201,147
1201,153
1201,1191
1201,1192
1201,1193
1201,1194
1201,1195
1201,1196
1201,1197
1201,1198
1201,1199
1201,1200
1201,1496
1201,1497
1201,1569
1201,1869
1202,1203
1203,19
1203,20
1203,23
1203,1202
1204,1205
1204,1206
1205,1204
1205,1206
1206,1204
1206,1205
1206,1720
1207,1208
1207,1209
1207,1210
1208,1
1208,19
1208,20
1208,118
1208,1207
1208,1209
1208,1210
1208,1720
1209,1
1209,118
1209,1207
1209,1208
1209,1210
1210,1
1210,118
1210,1049
1210,1207
1210,1208
1210,1209
1211,469
1211,656
1211,657
1211,658
1211,685
1211,686
1211,687
1211,688
1211,689
1211,690
1211,691
1211,692
1211,693
1211,1212
1211,1213
1211,1214
1211,1215
1211,1216
1211,1217
1211,1218
1211,1219
1211,1220
1211,1221
1211,1222
1212,469
1212,656
1212,657
1212,658
1212,685
1212,686
1212,687
1212,688
1212,689
1212,690
1212,691
1212,692
1212,693
1212,1211
1212,1213
1212,1214
1212,1215
1212,1216
1212,1217
1212,1218
1212,1219
1212,1220
1212,1221
1212,1222
1213,469
1213,656
1213,657
1213,658
1213,685
1213,686
1213,687
1213,688
1213,689
1213,690
1213,691
1213,692
1213,693
1213,1211
1213,1212
1213,1214
1213,1215
1213,1216
1213,1217
1213,1218
1213,1219
1213,1220
1213,1221
1213,1222
1214,469
1214,656
1214,657
1214,658
1214,685
1214,686
1214,687
1214,688
1214,689
1214,690
1214,691
1214,692
1214,693
1214,1211
1214,1212
1214,1213
1214,1215
1214,1216
1214,1217
1214,1218
1214,1219
1214,1220
1214,1221
1214,1222
1214,1399
1215,469
1215,656
1215,657
1215,658
1215,685
1215,686
1215,687
1215,688
1215,689
1215,690
1215,691
1215,692
1215,693
1215,694
1215,1211
1215,1212
1215,1213
1215,1214
1215,1216
1215,1217
1215,1218
1215,1219
1215,1220
1215,1221
1215,1222
1215,1448
1216,469
1216,656
1216,657
1216,658
1216,685
1216,686
1216,687
1216,688
1216,689
1216,690
1216,691
1216,692
1216,693
1216,694
1216,1211
1216,1212
1216,1213
1216,1214
1216,1215
1216,1217
1216,1218
1216,1219
1216,1220
1216,1221
1216,1222
1216,1448
1217,469
1217,656
1217,657
1217,658
1217,685
1217,686
1217,687
1217,688
1217,689
1217,690
1217,691
1217,692
1217,693
1217,694
1217,1096
1217,1211
1217,1212
1217,1213
1217,1214
1217,1215
1217,1216
1217,1218
1217,1219
1217,1220
1217,1221
1217,1222
1217,1512
1217,1697
1218,1
1218,2
1218,145
1218,146
1218,147
1218,148
1218,150
1218,151
1218,152
1218,153
1218,162
1218,163
1218,180
1218,288
1218,289
1218,290
1218,291
1218,292
1218,370
1218,469
1218,584
1218,585
1218,586
1218,656
1218,657
1218,658
1218,685
1218,686
1218,687
1218,688
1218,689
1218,690
1218,691
1218,692
1218,693
1218,694
1218,1096
1218,1211
1218,1212
1218,1213
1218,1214
1218,1215
1218,1216
1218,1217
1218,1219
1218,1220
1218,1221
1218,1222
1218,1512
1218,1697
1219,145
1219,146
1219,147
1219,148
1219,150
1219,151
1219,152
1219,153
1219,469
1219,584
1219,585
1219,586
1219,656
1219,657
1219,658
1219,685
1219,686
1219,687
1219,688
1219,689
1219,690
1219,691
1219,692
1219,693
1219,694
1219,1096
1219,1211
1219,1212
1219,1213
1219,1214
1219,1215
1219,1216
1219,1217
1219,1218
1219,1220
1219,1221
1219,1222
1219,1512
1219,1697
1220,0
1220,1
1220,2
1220,145
1220,146
1220,147
1220,148
1220,150
1220,151
1220,152
1220,153
1220,160
1220,469
1220,584
1220,585
1220,586
1220,656
1220,657
1220,658
1220,685
1220,686
1220,687
1220,688
1220,689
1220,690
1220,691
1220,692
1220,693
1220,694
1220,1211
1220,1212
1220,1213
1220,1214
1220,1215
1220,1216
1220,1217
1220,1218
1220,1219
1220,1221
1220,1222
1220,1660
1220,1661
1220,1662
1220,1663
1220,1664
1220,1665
1220,1669
1221,132
1221,133
1221,145
1221,146
1221,147
1221,148
1221,150
1221,151
1221,152
1221,153
1221,469
1221,584
1221,585
1221,586
1221,656
1221,657
1221,658
1221,685
1221,686
1221,687
1221,688
1221,689
1221,690
1221,691
1221,692
1221,693
1221,694
1221,1096
1221,1211
1221,1212
1221,1213
1221,1214
1221,1215
1221,1216
1221,1217
1221,1218
1221,1219
1221,1220
1221,1222
1221,1512
1221,1538
1221,1697
1221,1726
1221,1727
1222,145
1222,146
1222,147
1222,148
1222,150
1222,151
1222,152
1222,153
1222,469
1222,584
1222,585
1222,586
1222,656
1222,657
1222,658
1222,685
1222,686
1222,687
1222,688
1222,689
1222,690
1222,691
1222,692
1222,693
1222,1211
1222,1212
1222,1213
1222,1214
1222,1215
1222,1216
1222,1217
1222,1218
1222,1219
1222,1220
1222,1221
1222,1448
1223,1224
1223,1225
1224,1223
1224,1225
1225,180
1225,212
1225,1223
1225,1224
1226,1227
1226,1228
1227,1226
1227,1228
1228,180
1228,1226
1228,1227
1229,1230
1230,1229
1230,1852
1231,1232
1231,1233
1231,1234
1231,1235
1231,1236
1231,1237
1232,1231
1232,1233
1232,1234
1232,1235
1232,1236
1232,1237
1233,1231
1233,1232
1233,1234
1233,1235
1233,1236
1233,1237
1234,1231
1234,1232
1234,1233
1234,1235
1234,1236
1234,1237
1235,1231
1235,1232
1235,1233
1235,1234
1235,1236
1235,1237
1236,412
1236,413
1236,1231
1236,1232
1236,1233
1236,1234
1236,1235
1236,1237
1237,1
1237,2
1237,234
1237,235
1237,412
1237,413
1237,1231
1237,1232
1237,1233
1237,1234
1237,1235
1237,1236
1238,1239
1238,1240
1238,1241
1238,1242
1238,1243
1238,1244
1238,1245
1239,1238
1239,1240
1239,1241
1239,1242
1239,1243
1239,1244
1239,1245
1240,1014
1240,1238
1240,1239
1240,1241
1240,1242
1240,1243
1240,1244
1240,1245
1241,1014
1241,1238
1241,1239
1241,1240
1241,1242
1241,1243
1241,1244
1241,1245
1242,1014
1242,1238
1242,1239
1242,1240
1242,1241
1242,1243
1242,1244
1242,1245
1243,993
1243,1238
1243,1239
1243,1240
1243,1241
1243,1242
1243,1244
1243,1245
1244,196
1244,1014
1244,1238
1244,1239
1244,1240
1244,1241
1244,1242
1244,1243
1244,1245
1245,196
1245,1238
1245,1239
1245,1240
1245,1241
1245,1242
1245,1243
1245,1244
1245,1802
1246,1247
1247,1246
1247,1771
1248,17
1248,18
1248,19
1248,20
1248,1249
1248,1250
1249,17
1249,18
1249,19
1249,20
1249,1248
1249,1250
1250,17
1250,18
1250,19
1250,20
1250,1248
1250,1249
1250,1401
1250,1402
1250,1403
1250,1404
1250,1405
1250,1406
1251,1252
1252,812
1252,1251
1252,1782
1252,1854
1253,251
1253,325
1253,1254
1254,251
1254,325
1254,1253
1255,1256
1255,1257
1255,1258
1255,1259
1255,1260
1255,1261
1256,1255
1256,1257
1256,1258
1256,1259
1256,1260
1256,1261
1257,1255
1257,1256
1257,1258
1257,1259
1257,1260
1257,1261
1258,58
1258,298
1258,620
1258,672
1258,1255
1258,1256
1258,1257
1258,1259
1258,1260
1258,1261
1259,58
1259,298
1259,311
1259,620
1259,672
1259,1255
1259,1256
1259,1257
1259,1258
1259,1260
1259,1261
1259,1802
1260,58
1260,258
1260,298
1260,311
1260,620
1260,672
1260,1255
1260,1256
1260,1257
1260,1258
1260,1259
1260,1261
1260,1802
1261,58
1261,258
1261,298
1261,311
1261,412
1261,413
1261,620
1261,672
1261,1255
1261,1256
1261,1257
1261,1258
1261,1259
1261,1260
1261,1802
1262,823
1262,1263
1263,823
1263,1262
1264,1265
1264,1266
1265,370
1265,402
1265,1264
1265,1266
1266,44
1266,61
1266,119
1266,162
1266,163
1266,392
1266,402
1266,620
1266,1264
1266,1265
1267,461
1267,462
1267,463
1267,571
1268,1269
1269,239
1269,306
1269,1268
1270,287
1270,438
1270,1271
1270,1272
1270,1273
1270,1274
1270,1275
1271,287
1271,438
1271,1270
1271,1272
1271,1273
1271,1274
1271,1275
1272,287
1272,438
1272,1270
1272,1271
1272,1273
1272,1274
1272,1275
1273,287
1273,438
1273,1270
1273,1271
1273,1272
1273,1274
1273,1275
1274,287
1274,438
1274,1270
1274,1271
1274,1272
1274,1273
1274,1275
1275,287
1275,438
1275,1270
1275,1271
1275,1272
1275,1273
1275,1274
1275,1446
1276,210
1276,1277
1277,210
1277,1276
1277,1278
1278,210
1278,1277
1279,1280
1279,1281
1279,1282
1279,1283
1280,1279
1280,1281
1280,1282
1280,1283
1281,1279
1281,1280
1281,1282
1281,1283
1282,1279
1282,1280
1282,1281
1282,1283
1283,162
1283,163
1283,1279
1283,1280
1283,1281
1283,1282
1284,1285
1284,1286
1284,1287
1284,1288
1284,1289
1285,1284
1285,1286
1285,1287
1285,1288
1285,1289
1286,1284
1286,1285
1286,1287
1286,1288
1286,1289
1287,12
1287,1284
1287,1285
1287,1286
1287,1288
1287,1289
1287,1581
1288,12
1288,1284
1288,1285
1288,1286
1288,1287
1288,1289
1288,1581
1289,12
1289,1284
1289,1285
1289,1286
1289,1287
1289,1288
1290,1291
1290,1292
1291,64
1291,696
1291,857
1291,858
1291,987
1291,1290
1291,1292
1292,64
1292,85
1292,86
1292,87
1292,88
1292,90
1292,201
1292,1290
1292,1291
1293,335
1293,607
1294,307
1294,1295
1295,307
1295,1294
1296,345
1297,673
1298,339
1298,666
1298,880
1299,464
1300,1301
1300,1302
1300,1303
1300,1304
1300,1305
1301,1300
1301,1302
1301,1303
1301,1304
1301,1305
1302,200
1302,650
1302,651
1302,1300
1302,1301
1302,1303
1302,1304
1302,1305
1303,200
1303,650
1303,651
1303,1300
1303,1301
1303,1302
1303,1304
1303,1305
1304,200
1304,650
1304,651
1304,1300
1304,1301
1304,1302
1304,1303
1304,1305
1304,1591
1305,200
1305,650
1305,651
1305,1300
1305,1301
1305,1302
1305,1303
1305,1304
1305,1591
1306,1307
1306,1308
1307,1306
1307,1308
1308,78
1308,79
1308,80
1308,81
1308,82
1308,1306
1308,1307
1309,1310
1309,1311
1309,1312
1310,6
1310,55
1310,159
1310,253
1310,1309
1310,1311
1310,1312
1310,1569
1311,55
1311,253
1311,1309
1311,1310
1311,1312
1312,55
1312,253
1312,1309
1312,1310
1312,1311
1313,351
1313,352
1313,1314
1314,48
1314,49
1314,58
1314,68
1314,119
1314,323
1314,351
1314,352
1314,412
1314,413
1314,536
1314,537
1314,538
1314,539
1314,540
1314,541
1314,542
1314,543
1314,544
1314,545
1314,546
1314,1313
1314,1597
1314,1599
1314,1893
1315,358
1315,1316
1316,358
1316,622
1316,623
1316,1315
1317,1318
1317,1319
1317,1320
1317,1321
1317,1322
1318,1124
1318,1317
1318,1319
1318,1320
1318,1321
1318,1322
1318,1590
1318,1591
1319,1125
1319,1317
1319,1318
1319,1320
1319,1321
1319,1322
1319,1590
1319,1591
1320,1317
1320,1318
1320,1319
1320,1321
1320,1322
1320,1590
1320,1591
1321,72
1321,230
1321,1317
1321,1318
1321,1319
1321,1320
1321,1322
1321,1590
1321,1591
1322,72
1322,230
1322,1317
1322,1318
1322,1319
1322,1320
1322,1321
1322,1590
1322,1591
1322,1934
1322,1960
1322,1961
1322,1962
1322,1963
1322,1964
1322,1965
1323,1324
1323,1325
1323,1326
1323,1327
1323,1328
1323,1329
1323,1330
1323,1331
1323,1332
1323,1333
1323,1334
1323,1335
1324,308
1324,1323
1324,1325
1324,1326
1324,1327
1324,1328
1324,1329
1324,1330
1324,1331
1324,1332
1324,1333
1324,1334
1324,1335
1325,308
1325,1323
1325,1324
1325,1326
1325,1327
1325,1328
1325,1329
1325,1330
1325,1331
1325,1332
1325,1333
1325,1334
1325,1335
1326,308
1326,1323
1326,1324
1326,1325
1326,1327
1326,1328
1326,1329
1326,1330
1326,1331
1326,1332
1326,1333
1326,1334
1326,1335
1327,308
1327,1323
1327,1324
1327,1325
1327,1326
1327,1328
1327,1329
1327,1330
1327,1331
1327,1332
1327,1333
1327,1334
1327,1335
1328,308
1328,1323
1328,1324
1328,1325
1328,1326
1328,1327
1328,1329
1328,1330
1328,1331
1328,1332
1328,1333
1328,1334
1328,1335
1329,308
1329,1323
1329,1324
1329,1325
1329,1326
1329,1327
1329,1328
1329,1330
1329,1331
1329,1332
1329,1333
1329,1334
1329,1335
1330,230
1330,308
1330,1323
1330,1324
1330,1325
1330,1326
1330,1327
1330,1328
1330,1329
1330,1331
1330,1332
1330,1333
1330,1334
1330,1335
1330,1967
1331,230
1331,308
1331,1323
1331,1324
1331,1325
1331,1326
1331,1327
1331,1328
1331,1329
1331,1330
1331,1332
1331,1333
1331,1334
1331,1335
1331,1967
1332,230
1332,308
1332,1323
1332,1324
1332,1325
1332,1326
1332,1327
1332,1328
1332,1329
1332,1330
1332,1331
1332,1333
1332,1334
1332,1335
1332,1967
1333,230
1333,308
1333,1323
1333,1324
1333,1325
1333,1326
1333,1327
1333,1328
1333,1329
1333,1330
1333,1331
1333,1332
1333,1334
1333,1335
1333,1967
1334,72
1334,120
1334,230
1334,308
1334,1323
1334,1324
1334,1325
1334,1326
1334,1327
1334,1328
1334,1329
1334,1330
1334,1331
1334,1332
1334,1333
1334,1335
1334,1967
1335,72
1335,120
1335,230
1335,308
1335,1323
1335,1324
1335,1325
1335,1326
1335,1327
1335,1328
1335,1329
1335,1330
1335,1331
1335,1332
1335,1333
1335,1334
1335,1967
1336,315
1337,761
1337,762
1337,763
1338,267
1338,268
1338,269
1338,1339
1339,267
1339,268
1339,269
1339,1338
1340,30
1340,31
1341,407
1341,408
1341,409
1341,1342
1342,72
1342,120
1342,370
1342,407
1342,408
1342,409
1342,1341
1343,121
1343,122
1343,1344
1343,1345
1344,121
1344,122
1344,239
1344,1343
1344,1345
1345,121
1345,122
1345,239
1345,267
1345,268
1345,269
1345,1343
1345,1344
1346,237
1346,238
1346,1347
1346,1348
1347,237
1347,238
1347,1346
1347,1348
1348,237
1348,238
1348,1346
1348,1347
1349,263
1349,264
1349,1350
1350,263
1350,264
1350,1349
1351,433
1351,1352
1351,1353
1351,1354
1352,432
1352,433
1352,440
1352,1351
1352,1353
1352,1354
1352,1581
1352,1582
1353,12
1353,29
1353,432
1353,433
1353,440
1353,1351
1353,1352
1353,1354
1353,1613
1354,53
1354,54
1354,117
1354,118
1354,224
1354,225
1354,226
1354,227
1354,432
1354,433
1354,440
1354,444
1354,533
1354,588
1354,589
1354,590
1354,1351
1354,1352
1354,1353
1355,499
1355,1356
1356,72
1356,499
1356,1355
1357,554
1358,580
1358,581
1358,1359
1359,437
1359,580
1359,581
1359,1358
1360,712
1360,1362
1361,195
1361,251
1361,611
1361,616
1361,621
1361,628
1362,712
1362,1360
1363,953
1364,599
1364,600
1364,601
1364,602
1364,609
1364,632
1364,635
1364,636
1364,637
1364,638
1364,639
1364,640
1364,1365
1364,1366
1364,1367
1364,1368
1364,1369
1365,599
1365,600
1365,601
1365,602
1365,609
1365,632
1365,635
1365,636
1365,637
1365,638
1365,639
1365,640
1365,1364
1365,1366
1365,1367
1365,1368
1365,1369
1366,6
1366,599
1366,600
1366,601
1366,602
1366,609
1366,632
1366,635
1366,636
1366,637
1366,638
1366,639
1366,640
1366,646
1366,1364
1366,1365
1366,1367
1366,1368
1366,1369
1367,3
1367,4
1367,5
1367,599
1367,600
1367,601
1367,602
1367,609
1367,632
1367,635
1367,636
1367,637
1367,638
1367,639
1367,640
1367,646
1367,1364
1367,1365
1367,1366
1367,1368
1367,1369
1368,3
1368,4
1368,5
1368,132
1368,133
1368,165
1368,599
1368,600
1368,601
1368,602
1368,609
1368,632
1368,635
1368,636
1368,637
1368,638
1368,639
1368,640
1368,646
1368,1364
1368,1365
1368,1366
1368,1367
1368,1369
1368,1428
1369,201
1369,597
1369,598
1369,599
1369,600
1369,601
1369,602
1369,609
1369,632
1369,635
1369,636
1369,637
1369,638
1369,639
1369,640
1369,797
1369,1364
1369,1365
1369,1366
1369,1367
1369,1368
1370,26
1370,27
1370,28
1370,1371
1371,26
1371,27
1371,28
1371,50
1371,51
1371,52
1371,53
1371,54
1371,92
1371,93
1371,94
1371,95
1371,117
1371,118
1371,1370
1372,32
1372,36
1372,37
1372,38
1372,60
1372,61
1372,62
1372,65
1372,66
1372,67
1372,1373
1372,1374
1372,1375
1373,32
1373,36
1373,37
1373,38
1373,60
1373,61
1373,62
1373,65
1373,66
1373,67
1373,1372
1373,1374
1373,1375
1374,32
1374,36
1374,37
1374,38
1374,50
1374,51
1374,52
1374,53
1374,54
1374,55
1374,60
1374,61
1374,62
1374,65
1374,66
1374,67
1374,68
1374,119
1374,201
1374,254
1374,279
1374,280
1374,281
1374,282
1374,283
1374,284
1374,285
1374,286
1374,547
1374,1372
1374,1373
1374,1375
1375,32
1375,36
1375,37
1375,38
1375,50
1375,51
1375,52
1375,53
1375,54
1375,55
1375,60
1375,61
1375,62
1375,64
1375,65
1375,66
1375,67
1375,92
1375,93
1375,94
1375,95
1375,117
1375,118
1375,119
1375,127
1375,201
1375,246
1375,247
1375,248
1375,254
1375,279
1375,280
1375,281
1375,282
1375,283
1375,284
1375,285
1375,286
1375,425
1375,1372
1375,1373
1375,1374
1376,842
1376,843
1376,844
1377,837
1378,594
1378,595
1378,596
1379,872
1380,389
1381,719
1381,848
1381,849
1382,441
1382,442
1383,902
1383,1384
1383,1385
1383,1386
1383,1387
1384,902
1384,1383
1384,1385
1384,1386
1384,1387
1385,902
1385,1383
1385,1384
1385,1386
1385,1387
1386,902
1386,1383
1386,1384
1386,1385
1386,1387
1387,902
1387,1383
1387,1384
1387,1385
1387,1386
1388,376
1388,377
1388,379
1388,384
1388,385
1388,1389
1388,1390
1388,1391
1388,1392
1388,1393
1388,1394
1388,1395
1388,1396
1389,376
1389,377
1389,379
1389,384
1389,385
1389,1388
1389,1390
1389,1391
1389,1392
1389,1393
1389,1394
1389,1395
1389,1396
1390,376
1390,377
1390,379
1390,384
1390,385
1390,1388
1390,1389
1390,1391
1390,1392
1390,1393
1390,1394
1390,1395
1390,1396
1391,376
1391,377
1391,379
1391,384
1391,385
1391,1388
1391,1389
1391,1390
1391,1392
1391,1393
1391,1394
1391,1395
1391,1396
1392,376
1392,377
1392,379
1392,384
1392,385
1392,1388
1392,1389
1392,1390
1392,1391
1392,1393
1392,1394
1392,1395
1392,1396
1393,376
1393,377
1393,379
1393,384
1393,385
1393,1388
1393,1389
1393,1390
1393,1391
1393,1392
1393,1394
1393,1395
1393,1396
1394,60
1394,61
1394,62
1394,376
1394,377
1394,379
1394,384
1394,385
1394,587
1394,624
1394,1388
1394,1389
1394,1390
1394,1391
1394,1392
1394,1393
1394,1395
1394,1396
1395,60
1395,61
1395,62
1395,340
1395,376
1395,377
1395,379
1395,384
1395,385
1395,1388
1395,1389
1395,1390
1395,1391
1395,1392
1395,1393
1395,1394
1395,1396
1396,60
1396,61
1396,62
1396,340
1396,376
1396,377
1396,379
1396,384
1396,385
1396,1388
1396,1389
1396,1390
1396,1391
1396,1392
1396,1393
1396,1394
1396,1395
1397,991
1398,1035
1399,1035
1399,1037
1399,1214
1400,1037
1401,1250
1401,1402
1401,1403
1401,1404
1401,1405
1401,1406
1402,1250
1402,1401
1402,1403
1402,1404
1402,1405
1402,1406
1403,1250
1403,1401
1403,1402
1403,1404
1403,1405
1403,1406
1404,1250
1404,1401
1404,1402
1404,1403
1404,1405
1404,1406
1405,1250
1405,1401
1405,1402
1405,1403
1405,1404
1405,1406
1406,1250
1406,1401
1406,1402
1406,1403
1406,1404
1406,1405
1407,1408
1407,1409
1408,1407
1408,1442
1408,1443
1409,3
1409,733
1409,1031
1409,1407
1409,1410
1409,1412
1409,1568
1409,1730
1410,1057
1410,1409
1411,1057
1411,1058
1412,1409
1413,1195
1413,1197
1413,1198
1413,1414
1413,1415
1413,1419
1413,1424
1413,1427
1413,1428
1414,1195
1414,1197
1414,1198
1414,1413
1414,1415
1414,1419
1414,1424
1414,1427
1414,1428
1414,1451
1415,393
1415,1021
1415,1195
1415,1196
1415,1197
1415,1198
1415,1413
1415,1414
1415,1421
1415,1423
1415,1424
1415,1425
1415,1426
1415,1429
1415,1430
1415,1431
1415,1432
1415,1476
1416,1417
1416,1418
1416,1419
1417,1416
1417,1418
1417,1419
1418,1416
1418,1417
1418,1419
1419,1413
1419,1414
1419,1416
1419,1417
1419,1418
1420,733
1420,991
1421,1415
1421,1422
1421,1423
1421,1424
1421,1425
1421,1426
1422,159
1422,1421
1422,1496
1422,1497
1422,1589
1423,393
1423,1415
1423,1421
1423,1424
1423,1429
1423,1430
1423,1431
1423,1432
1424,393
1424,1413
1424,1414
1424,1415
1424,1421
1424,1423
1424,1425
1424,1426
1424,1429
1424,1430
1424,1431
1424,1432
1424,1476
1424,1492
1424,1493
1424,1494
1424,1495
1424,1498
1425,393
1425,1415
1425,1421
1425,1424
1425,1429
1425,1430
1425,1431
1425,1432
1425,1476
1426,393
1426,1415
1426,1421
1426,1424
1426,1429
1426,1430
1426,1431
1426,1432
1427,3
1427,4
1427,5
1427,1016
1427,1017
1427,1018
1427,1413
1427,1414
1427,1428
1428,0
1428,1
1428,3
1428,4
1428,5
1428,6
1428,160
1428,164
1428,736
1428,737
1428,738
1428,739
1428,740
1428,741
1428,1016
1428,1017
1428,1018
1428,1200
1428,1368
1428,1413
1428,1414
1428,1427
1428,1455
1428,1456
1428,1457
1428,1458
1428,1459
1428,1460
1428,1569
1428,1602
1428,1603
1428,1660
1428,1670
1428,1674
1428,1870
1429,393
1429,1021
1429,1415
1429,1423
1429,1424
1429,1425
1429,1426
1429,1430
1429,1431
1429,1432
1430,393
1430,1021
1430,1415
1430,1423
1430,1424
1430,1425
1430,1426
1430,1429
1430,1431
1430,1432
1431,50
1431,51
1431,52
1431,54
1431,68
1431,393
1431,437
1431,445
1431,1021
1431,1415
1431,1423
1431,1424
1431,1425
1431,1426
1431,1429
1431,1430
1431,1432
1431,1772
1431,1842
1432,50
1432,51
1432,52
1432,54
1432,68
1432,306
1432,393
1432,437
1432,445
1432,1021
1432,1415
1432,1423
1432,1424
1432,1425
1432,1426
1432,1429
1432,1430
1432,1431
1432,1642
1432,1643
1432,1644
1432,1645
1432,1646
1432,1647
1432,1648
1432,1772
1432,1842
1433,646
1434,1070
1434,1071
1434,1072
1434,1073
1434,1074
1434,1075
1434,1076
1434,1077
1434,1078
1434,1079
1434,1080
1434,1081
1434,1435
1434,1436
1434,1437
1434,1438
1434,1439
1434,1440
1434,1441
1435,1070
1435,1071
1435,1072
1435,1073
1435,1074
1435,1075
1435,1076
1435,1077
1435,1078
1435,1079
1435,1080
1435,1081
1435,1434
1435,1436
1435,1437
1435,1438
1435,1439
1435,1440
1435,1441
1436,1070
1436,1071
1436,1072
1436,1073
1436,1074
1436,1075
1436,1076
1436,1077
1436,1078
1436,1079
1436,1080
1436,1081
1436,1434
1436,1435
1436,1437
1436,1438
1436,1439
1436,1440
1436,1441
1437,1070
1437,1071
1437,1072
1437,1073
1437,1074
1437,1075
1437,1076
1437,1077
1437,1078
1437,1079
1437,1080
1437,1081
1437,1434
1437,1435
1437,1436
1437,1438
1437,1439
1437,1440
1437,1441
1438,1070
1438,1071
1438,1072
1438,1073
1438,1074
1438,1075
1438,1076
1438,1077
1438,1078
1438,1079
1438,1080
1438,1081
1438,1434
1438,1435
1438,1436
1438,1437
1438,1439
1438,1440
1438,1441
1439,1070
1439,1071
1439,1072
1439,1073
1439,1074
1439,1075
1439,1076
1439,1077
1439,1078
1439,1079
1439,1080
1439,1081
1439,1434
1439,1435
1439,1436
1439,1437
1439,1438
1439,1440
1439,1441
1440,1070
1440,1071
1440,1072
1440,1073
1440,1074
1440,1075
1440,1076
1440,1077
1440,1078
1440,1079
1440,1080
1440,1081
1440,1434
1440,1435
1440,1436
1440,1437
1440,1438
1440,1439
1440,1441
1441,1070
1441,1071
1441,1072
1441,1073
1441,1074
1441,1075
1441,1076
1441,1077
1441,1078
1441,1079
1441,1080
1441,1081
1441,1434
1441,1435
1441,1436
1441,1437
1441,1438
1441,1439
1441,1440
1442,1408
1442,1443
1442,1444
1442,1445
1443,1408
1443,1442
1443,1444
1443,1445
1444,1442
1444,1443
1444,1445
1445,72
1445,1442
1445,1443
1445,1444
1445,1597
1445,1599
1446,299
1446,1275
1447,472
1447,474
1447,1085
1448,469
1448,656
1448,657
1448,692
1448,693
1448,1215
1448,1216
1448,1222
1449,437
1449,1450
1450,437
1450,1449
1451,68
1451,166
1451,1414
1451,1521
1451,1522
1451,1523
1451,1524
1451,1525
1451,1526
1451,1527
1451,1528
1451,1529
1451,1530
1451,1531
1451,1532
1451,1533
1452,437
1452,1453
1452,1454
1452,1455
1452,1456
1452,1457
1452,1458
1452,1459
1452,1460
1453,6
1453,437
1453,1452
1453,1454
1453,1455
1453,1456
1453,1457
1453,1458
1453,1459
1453,1460
1454,6
1454,437
1454,1452
1454,1453
1454,1456
1454,1457
1454,1458
1454,1459
1454,1460
1454,1567
1454,1568
1454,1569
1455,3
1455,4
1455,5
1455,1428
1455,1452
1455,1453
1455,1456
1455,1457
1455,1458
1455,1459
1455,1460
1455,1567
1455,1568
1456,3
1456,4
1456,5
1456,472
1456,473
1456,474
1456,475
1456,1428
1456,1452
1456,1453
1456,1454
1456,1455
1456,1457
1456,1458
1456,1459
1456,1460
1456,1567
1456,1568
1457,3
1457,4
1457,5
1457,42
1457,1428
1457,1452
1457,1453
1457,1454
1457,1455
1457,1456
1457,1458
1457,1459
1457,1460
1457,1567
1457,1569
1457,1869
1458,3
1458,4
1458,5
1458,42
1458,1428
1458,1452
1458,1453
1458,1454
1458,1455
1458,1456
1458,1457
1458,1459
1458,1460
1458,1567
1458,1568
1458,1869
1459,3
1459,4
1459,5
1459,6
1459,42
1459,437
1459,1428
1459,1452
1459,1453
1459,1454
1459,1455
1459,1456
1459,1457
1459,1458
1459,1460
1459,1567
1459,1568
1459,1569
1459,1869
1460,3
1460,4
1460,5
1460,42
1460,1428
1460,1452
1460,1453
1460,1454
1460,1455
1460,1456
1460,1457
1460,1458
1460,1459
1460,1567
1460,1568
1460,1569
1460,1869
1461,1058
1461,1462
1462,0
1462,1
1462,2
1462,160
1462,165
1462,437
1462,1461
1462,1660
1462,1669
1463,742
1463,743
1463,1083
1464,1465
1465,3
1465,4
1465,5
1465,6
1465,224
1465,225
1465,226
1465,227
1465,718
1465,720
1465,1199
1465,1464
1465,1633
1465,1671
1466,3
1466,435
1466,436
1467,474
1468,152
1468,1469
1469,3
1469,4
1469,5
1469,6
1469,152
1469,444
1469,472
1469,473
1469,474
1469,475
1469,1468
1470,199
1470,1471
1470,1472
1470,1473
1471,199
1471,1470
1472,475
1472,718
1472,720
1472,1470
1473,120
1473,227
1473,1470
1473,1599
1474,472
1474,473
1474,474
1474,475
1474,1475
1475,1
1475,2
1475,5
1475,12
1475,213
1475,301
1475,302
1475,587
1475,1474
1475,1581
1475,1773
1475,1797
1475,1798
1475,1836
1475,1884
1476,227
1476,1415
1476,1424
1476,1425
1477,1478
1478,153
1478,1189
1478,1477
1478,1479
1479,153
1479,1478
1480,194
1480,1481
1480,1482
1480,1483
1481,194
1481,1480
1481,1482
1481,1483
1482,194
1482,1480
1482,1481
1482,1483
1483,194
1483,1480
1483,1481
1483,1482
1484,158
1484,1485
1484,1486
1484,1487
1484,1488
1484,1489
1484,1490
1484,1491
1485,158
1485,1484
1485,1486
1485,1487
1485,1488
1485,1489
1485,1490
1485,1491
1486,158
1486,1484
1486,1485
1486,1487
1486,1488
1486,1489
1486,1490
1486,1491
1487,158
1487,1484
1487,1485
1487,1486
1487,1488
1487,1489
1487,1490
1487,1491
1488,136
1488,158
1488,1484
1488,1485
1488,1486
1488,1487
1488,1489
1488,1490
1488,1491
1488,1580
1488,1584
1488,1881
1489,136
1489,158
1489,1484
1489,1485
1489,1486
1489,1487
1489,1488
1489,1490
1489,1491
1489,1580
1489,1584
1489,1881
1490,136
1490,158
1490,1484
1490,1485
1490,1486
1490,1487
1490,1488
1490,1489
1490,1491
1490,1580
1490,1584
1490,1881
1491,136
1491,158
1491,1484
1491,1485
1491,1486
1491,1487
1491,1488
1491,1489
1491,1490
1491,1580
1491,1584
1491,1881
1492,41
1492,159
1492,224
1492,225
1492,226
1492,227
1492,447
1492,448
1492,1196
1492,1197
1492,1198
1492,1200
1492,1424
1492,1493
1492,1494
1492,1495
1492,1497
1492,1498
1493,41
1493,159
1493,224
1493,225
1493,226
1493,227
1493,1196
1493,1197
1493,1198
1493,1200
1493,1424
1493,1492
1493,1494
1493,1495
1493,1497
1493,1498
1494,41
1494,159
1494,1196
1494,1197
1494,1198
1494,1200
1494,1424
1494,1492
1494,1493
1494,1495
1494,1497
1494,1498
1495,41
1495,159
1495,1196
1495,1197
1495,1198
1495,1200
1495,1424
1495,1492
1495,1493
1495,1494
1495,1497
1495,1498
1496,41
1496,43
1496,159
1496,1196
1496,1197
1496,1198
1496,1199
1496,1200
1496,1201
1496,1422
1496,1497
1496,1589
1496,1714
1496,1715
1496,1716
1497,6
1497,41
1497,43
1497,159
1497,798
1497,799
1497,800
1497,1196
1497,1197
1497,1198
1497,1199
1497,1200
1497,1201
1497,1422
1497,1492
1497,1493
1497,1494
1497,1495
1497,1496
1497,1498
1497,1589
1497,1714
1497,1715
1497,1716
1498,41
1498,145
1498,146
1498,147
1498,153
1498,159
1498,224
1498,225
1498,226
1498,227
1498,1196
1498,1197
1498,1198
1498,1200
1498,1424
1498,1492
1498,1493
1498,1494
1498,1495
1498,1497
1499,1052
1499,1500
1499,1501
1499,1502
1499,1503
1499,1504
1499,1505
1499,1506
1499,1507
1499,1508
1499,1509
1499,1510
1499,1511
1499,1512
1499,1513
1499,1514
1500,1052
1500,1499
1500,1501
1500,1502
1500,1503
1500,1504
1500,1505
1500,1506
1500,1507
1500,1508
1500,1509
1500,1510
1500,1511
1500,1512
1500,1513
1500,1514
1501,1052
1501,1499
1501,1500
1501,1502
1501,1503
1501,1504
1501,1505
1501,1506
1501,1507
1501,1508
1501,1509
1501,1510
1501,1511
1501,1512
1501,1513
1501,1514
1502,1052
1502,1499
1502,1500
1502,1501
1502,1503
1502,1504
1502,1505
1502,1506
1502,1507
1502,1508
1502,1509
1502,1510
1502,1511
1502,1512
1502,1513
1502,1514
1503,1052
1503,1499
1503,1500
1503,1501
1503,1502
1503,1504
1503,1505
1503,1506
1503,1507
1503,1508
1503,1509
1503,1510
1503,1511
1503,1512
1503,1513
1503,1514
1504,1052
1504,1499
1504,1500
1504,1501
1504,1502
1504,1503
1504,1505
1504,1506
1504,1507
1504,1508
1504,1509
1504,1510
1504,1511
1504,1512
1504,1513
1504,1514
1505,12
1505,17
1505,18
1505,19
1505,20
1505,1052
1505,1499
1505,1500
1505,1501
1505,1502
1505,1503
1505,1504
1505,1506
1505,1507
1505,1508
1505,1509
1505,1510
1505,1511
1505,1512
1505,1513
1505,1514
1505,1576
1505,1577
1505,1578
1505,1592
1505,1593
1505,1594
1505,1597
1505,1599
1505,1698
1505,1699
1505,1700
1506,12
1506,17
1506,18
1506,19
1506,20
1506,1052
1506,1499
1506,1500
1506,1501
1506,1502
1506,1503
1506,1504
1506,1505
1506,1507
1506,1508
1506,1509
1506,1510
1506,1511
1506,1512
1506,1513
1506,1514
1506,1576
1506,1577
1506,1578
1506,1698
1506,1699
1506,1700
1507,17
1507,18
1507,19
1507,20
1507,1052
1507,1499
1507,1500
1507,1501
1507,1502
1507,1503
1507,1504
1507,1505
1507,1506
1507,1508
1507,1509
1507,1510
1507,1511
1507,1512
1507,1513
1507,1514
1507,1576
1507,1577
1507,1578
1507,1698
1507,1699
1507,1700
1508,5
1508,17
1508,18
1508,19
1508,20
1508,1052
1508,1499
1508,1500
1508,1501
1508,1502
1508,1503
1508,1504
1508,1505
1508,1506
1508,1507
1508,1509
1508,1510
1508,1511
1508,1512
1508,1513
1508,1514
1508,1650
1508,1651
1509,17
1509,18
1509,19
1509,20
1509,1052
1509,1499
1509,1500
1509,1501
1509,1502
1509,1503
1509,1504
1509,1505
1509,1506
1509,1507
1509,1508
1509,1510
1509,1511
1509,1512
1509,1513
1509,1514
1509,1576
1509,1577
1509,1578
1509,1650
1509,1651
1509,1698
1509,1699
1509,1700
1510,1
1510,2
1510,12
1510,17
1510,18
1510,19
1510,20
1510,1052
1510,1499
1510,1500
1510,1501
1510,1502
1510,1503
1510,1504
1510,1505
1510,1506
1510,1507
1510,1508
1510,1509
1510,1511
1510,1512
1510,1513
1510,1514
1510,1576
1510,1577
1510,1578
1510,1698
1510,1699
1510,1700
1510,1870
1511,12
1511,17
1511,18
1511,19
1511,20
1511,1052
1511,1499
1511,1500
1511,1501
1511,1502
1511,1503
1511,1504
1511,1505
1511,1506
1511,1507
1511,1508
1511,1509
1511,1510
1511,1512
1511,1513
1511,1514
1511,1576
1511,1577
1511,1578
1511,1698
1511,1699
1511,1700
1511,1870
1512,5
1512,12
1512,17
1512,18
1512,19
1512,20
1512,469
1512,656
1512,657
1512,658
1512,685
1512,686
1512,687
1512,688
1512,689
1512,690
1512,691
1512,692
1512,693
1512,1052
1512,1217
1512,1218
1512,1219
1512,1221
1512,1499
1512,1500
1512,1501
1512,1502
1512,1503
1512,1504
1512,1505
1512,1506
1512,1507
1512,1508
1512,1509
1512,1510
1512,1511
1512,1513
1512,1514
1512,1576
1512,1577
1512,1578
1512,1602
1512,1603
1512,1698
1512,1699
1512,1700
1512,1795
1512,1796
1512,1870
1513,5
1513,17
1513,18
1513,19
1513,20
1513,1052
1513,1499
1513,1500
1513,1501
1513,1502
1513,1503
1513,1504
1513,1505
1513,1506
1513,1507
1513,1508
1513,1509
1513,1510
1513,1511
1513,1512
1513,1514
1513,1870
1514,17
1514,18
1514,19
1514,20
1514,1052
1514,1499
1514,1500
1514,1501
1514,1502
1514,1503
1514,1504
1514,1505
1514,1506
1514,1507
1514,1508
1514,1509
1514,1510
1514,1511
1514,1512
1514,1513
1514,1576
1514,1577
1514,1698
1514,1699
1514,1700
1514,1870
1515,328
1515,1516
1516,246
1516,248
1516,328
1516,1515
1517,646
1517,1518
1518,646
1518,1517
1519,1520
1520,68
1520,439
1520,589
1520,590
1520,705
1520,1101
1520,1102
1520,1103
1520,1519
1520,1544
1520,1697
1521,165
1521,166
1521,1451
1521,1522
1521,1523
1521,1524
1521,1525
1521,1526
1521,1527
1521,1528
1521,1529
1521,1530
1521,1531
1521,1532
1521,1533
1521,1534
1521,1535
1522,166
1522,1451
1522,1521
1522,1523
1522,1524
1522,1525
1522,1526
1522,1527
1522,1528
1522,1529
1522,1530
1522,1531
1522,1532
1522,1533
1522,1534
1522,1535
1523,166
1523,1451
1523,1521
1523,1522
1523,1524
1523,1525
1523,1526
1523,1527
1523,1528
1523,1529
1523,1530
1523,1531
1523,1532
1523,1533
1523,1534
1523,1535
1524,166
1524,1451
1524,1521
1524,1522
1524,1523
1524,1525
1524,1526
1524,1527
1524,1528
1524,1529
1524,1530
1524,1531
1524,1532
1524,1533
1524,1534
1524,1535
1525,570
1525,1451
1525,1521
1525,1522
1525,1523
1525,1524
1525,1526
1525,1527
1525,1528
1525,1529
1525,1530
1525,1531
1525,1532
1525,1533
1525,1579
1525,1580
1526,68
1526,166
1526,1451
1526,1521
1526,1522
1526,1523
1526,1524
1526,1525
1526,1527
1526,1528
1526,1529
1526,1530
1526,1531
1526,1532
1526,1533
1527,68
1527,166
1527,1451
1527,1521
1527,1522
1527,1523
1527,1524
1527,1525
1527,1526
1527,1528
1527,1529
1527,1530
1527,1531
1527,1532
1527,1533
1528,68
1528,166
1528,1451
1528,1521
1528,1522
1528,1523
1528,1524
1528,1525
1528,1526
1528,1527
1528,1529
1528,1530
1528,1531
1528,1532
1528,1533
1529,68
1529,166
1529,1451
1529,1521
1529,1522
1529,1523
1529,1524
1529,1525
1529,1526
1529,1527
1529,1528
1529,1530
1529,1531
1529,1532
1529,1533
1530,68
1530,166
1530,1451
1530,1521
1530,1522
1530,1523
1530,1524
1530,1525
1530,1526
1530,1527
1530,1528
1530,1529
1530,1531
1530,1532
1530,1533
1530,1534
1530,1535
1530,1701
1530,1702
1530,1703
1530,1704
1530,1705
1530,1706
1531,68
1531,166
1531,1451
1531,1521
1531,1522
1531,1523
1531,1524
1531,1525
1531,1526
1531,1527
1531,1528
1531,1529
1531,1530
1531,1532
1531,1533
1531,1534
1531,1535
1532,68
1532,166
1532,1451
1532,1521
1532,1522
1532,1523
1532,1524
1532,1525
1532,1526
1532,1527
1532,1528
1532,1529
1532,1530
1532,1531
1532,1533
1532,1534
1532,1535
1533,145
1533,146
1533,147
1533,148
1533,150
1533,151
1533,152
1533,153
1533,570
1533,584
1533,585
1533,586
1533,1451
1533,1521
1533,1522
1533,1523
1533,1524
1533,1525
1533,1526
1533,1527
1533,1528
1533,1529
1533,1530
1533,1531
1533,1532
1533,1579
1533,1580
1534,1
1534,145
1534,146
1534,147
1534,148
1534,150
1534,151
1534,152
1534,153
1534,248
1534,297
1534,584
1534,585
1534,586
1534,1521
1534,1522
1534,1523
1534,1524
1534,1530
1534,1531
1534,1532
1534,1535
1534,1714
1535,1
1535,145
1535,146
1535,147
1535,148
1535,150
1535,151
1535,152
1535,153
1535,248
1535,584
1535,585
1535,586
1535,1521
1535,1522
1535,1523
1535,1524
1535,1530
1535,1531
1535,1532
1535,1534
1535,1714
1536,166
1536,224
1536,225
1536,226
1536,227
1537,1538
1538,62
1538,166
1538,742
1538,743
1538,1102
1538,1103
1538,1221
1538,1537
1538,1542
1538,1544
1538,1865
1539,1540
1540,587
1540,1539
1540,1541
1541,1540
1542,590
1542,1101
1542,1102
1542,1103
1542,1538
1542,1543
1542,1544
1543,4
1543,130
1543,131
1543,134
1543,135
1543,136
1543,139
1543,144
1543,155
1543,159
1543,160
1543,166
1543,632
1543,1542
1544,12
1544,590
1544,1101
1544,1102
1544,1103
1544,1520
1544,1538
1544,1542
1545,1546
1545,1547
1545,1548
1545,1549
1545,1550
1545,1551
1545,1552
1545,1553
1545,1554
1546,4
1546,39
1546,1545
1546,1547
1546,1548
1546,1549
1546,1550
1546,1551
1546,1552
1546,1553
1546,1554
1546,1571
1546,1572
1546,1573
1546,1574
1546,1575
1546,1576
1546,1577
1546,1578
1547,4
1547,39
1547,1545
1547,1546
1547,1548
1547,1549
1547,1550
1547,1551
1547,1552
1547,1553
1547,1554
1547,1571
1547,1572
1547,1573
1547,1574
1547,1575
1547,1576
1547,1577
1547,1578
1548,1116
1548,1117
1548,1118
1548,1119
1548,1545
1548,1546
1548,1547
1548,1549
1548,1552
1548,1553
1548,1554
1548,1555
1548,1556
1549,12
1549,1116
1549,1117
1549,1118
1549,1119
1549,1545
1549,1546
1549,1547
1549,1548
1549,1552
1549,1553
1549,1554
1549,1555
1549,1556
1550,3
1550,4
1550,5
1550,1055
1550,1545
1550,1546
1550,1547
1550,1551
1550,1552
1550,1553
1550,1554
1551,3
1551,4
1551,5
1551,1545
1551,1546
1551,1547
1551,1550
1551,1552
1551,1553
1551,1554
1552,4
1552,39
1552,41
1552,1545
1552,1546
1552,1547
1552,1548
1552,1549
1552,1550
1552,1551
1552,1553
1552,1554
1552,1571
1552,1572
1552,1573
1552,1574
1552,1575
1552,1576
1552,1577
1552,1578
1552,1583
1552,1590
1552,1591
1552,1713
1553,4
1553,39
1553,41
1553,1545
1553,1546
1553,1547
1553,1548
1553,1549
1553,1550
1553,1551
1553,1552
1553,1554
1553,1571
1553,1572
1553,1573
1553,1574
1553,1575
1553,1576
1553,1577
1553,1578
1553,1581
1553,1583
1553,1590
1553,1591
1553,1713
1554,4
1554,39
1554,41
1554,1545
1554,1546
1554,1547
1554,1548
1554,1549
1554,1550
1554,1551
1554,1552
1554,1553
1554,1571
1554,1572
1554,1573
1554,1574
1554,1575
1554,1576
1554,1577
1554,1578
1554,1581
1554,1583
1554,1590
1554,1591
1554,1713
1555,12
1555,1116
1555,1117
1555,1118
1555,1119
1555,1548
1555,1549
1555,1556
1556,12
1556,1116
1556,1117
1556,1118
1556,1119
1556,1548
1556,1549
1556,1555
1557,742
1558,742
1558,743
1559,29
1559,1560
1559,1561
1559,1562
1559,1563
1560,29
1560,1559
1560,1561
1560,1562
1560,1563
1561,838
1561,1083
1561,1559
1561,1560
1561,1562
1561,1563
1561,1696
1562,29
1562,1559
1562,1560
1562,1561
1562,1563
1562,1696
1562,1754
1562,1755
1562,1756
1562,1757
1562,1758
1562,1759
1562,1760
1562,1761
1563,29
1563,68
1563,180
1563,1559
1563,1560
1563,1561
1563,1562
1563,1696
1563,1754
1563,1755
1563,1756
1563,1757
1563,1758
1563,1759
1563,1760
1563,1761
1564,29
1564,1565
1565,29
1565,68
1565,1564
1566,29
1567,4
1567,5
1567,6
1567,145
1567,146
1567,147
1567,148
1567,150
1567,151
1567,152
1567,153
1567,437
1567,584
1567,585
1567,586
1567,1454
1567,1455
1567,1456
1567,1457
1567,1458
1567,1459
1567,1460
1567,1568
1568,4
1568,5
1568,6
1568,145
1568,146
1568,147
1568,148
1568,150
1568,151
1568,152
1568,153
1568,437
1568,584
1568,585
1568,586
1568,1409
1568,1454
1568,1455
1568,1456
1568,1458
1568,1459
1568,1460
1568,1567
1569,3
1569,4
1569,5
1569,41
1569,43
1569,145
1569,146
1569,147
1569,152
1569,153
1569,165
1569,396
1569,397
1569,1187
1569,1188
1569,1189
1569,1190
1569,1199
1569,1201
1569,1310
1569,1428
1569,1454
1569,1457
1569,1459
1569,1460
1570,4
1570,156
1571,1546
1571,1547
1571,1552
1571,1553
1571,1554
1571,1572
1572,1546
1572,1547
1572,1552
1572,1553
1572,1554
1572,1571
1573,209
1573,1546
1573,1547
1573,1552
1573,1553
1573,1554
1573,1574
1573,1575
1573,1583
1573,1584
1574,209
1574,1546
1574,1547
1574,1552
1574,1553
1574,1554
1574,1573
1574,1575
1574,1583
1574,1584
1575,209
1575,1546
1575,1547
1575,1552
1575,1553
1575,1554
1575,1573
1575,1574
1575,1583
1575,1584
1576,1505
1576,1506
1576,1507
1576,1509
1576,1510
1576,1511
1576,1512
1576,1514
1576,1546
1576,1547
1576,1552
1576,1553
1576,1554
1576,1577
1576,1578
1576,1698
1576,1699
1576,1700
1577,1505
1577,1506
1577,1507
1577,1509
1577,1510
1577,1511
1577,1512
1577,1514
1577,1546
1577,1547
1577,1552
1577,1553
1577,1554
1577,1576
1577,1578
1577,1698
1577,1699
1577,1700
1578,1505
1578,1506
1578,1507
1578,1509
1578,1510
1578,1511
1578,1512
1578,1546
1578,1547
1578,1552
1578,1553
1578,1554
1578,1576
1578,1577
1578,1698
1578,1699
1578,1700
1579,570
1579,1525
1579,1533
1579,1580
1580,17
1580,18
1580,19
1580,20
1580,158
1580,208
1580,209
1580,234
1580,235
1580,425
1580,570
1580,1488
1580,1489
1580,1490
1580,1491
1580,1525
1580,1533
1580,1579
1580,1583
1580,1584
1580,1604
1581,1122
1581,1287
1581,1288
1581,1352
1581,1475
1581,1553
1581,1554
1581,1582
1582,203
1582,204
1582,205
1582,206
1582,207
1582,219
1582,572
1582,1122
1582,1352
1582,1581
1582,1586
1582,1596
1582,1597
1582,1599
1582,1831
1583,234
1583,235
1583,425
1583,570
1583,1552
1583,1553
1583,1554
1583,1573
1583,1574
1583,1575
1583,1580
1583,1584
1584,208
1584,209
1584,234
1584,235
1584,570
1584,1488
1584,1489
1584,1490
1584,1491
1584,1573
1584,1574
1584,1575
1584,1580
1584,1583
1584,1604
1585,1586
1585,1587
1585,1588
1586,1582
1586,1585
1586,1587
1586,1588
1587,1585
1587,1586
1587,1588
1588,1585
1588,1586
1588,1587
1589,159
1589,1422
1589,1496
1589,1497
1590,4
1590,5
1590,12
1590,158
1590,1318
1590,1319
1590,1320
1590,1321
1590,1322
1590,1552
1590,1553
1590,1554
1590,1591
1590,1612
1590,1773
1590,1797
1590,1798
1591,4
1591,5
1591,12
1591,17
1591,18
1591,19
1591,20
1591,158
1591,1304
1591,1305
1591,1318
1591,1319
1591,1320
1591,1321
1591,1322
1591,1552
1591,1553
1591,1554
1591,1590
1591,1612
1591,1713
1591,1773
1591,1797
1591,1798
1592,160
1592,1505
1592,1593
1592,1594
1593,160
1593,1505
1593,1592
1593,1594
1594,145
1594,146
1594,147
1594,153
1594,160
1594,1505
1594,1592
1594,1593
1595,1596
1595,1597
1596,209
1596,314
1596,1582
1596,1595
1596,1597
1596,1599
1596,1614
1597,2
1597,12
1597,32
1597,46
1597,87
1597,131
1597,133
1597,208
1597,209
1597,884
1597,1150
1597,1314
1597,1445
1597,1505
1597,1582
1597,1595
1597,1596
1597,1598
1597,1599
1597,1600
1597,1604
1597,1611
1597,1614
1597,1621
1597,1628
1597,1633
1597,1802
1597,1817
1597,1919
1598,1597
1598,1599
1599,2
1599,12
1599,29
1599,32
1599,46
1599,52
1599,57
1599,87
1599,131
1599,132
1599,133
1599,208
1599,209
1599,884
1599,1150
1599,1314
1599,1445
1599,1473
1599,1505
1599,1582
1599,1596
1599,1597
1599,1598
1599,1600
1599,1604
1599,1611
1599,1614
1599,1621
1599,1628
1599,1633
1599,1802
1599,1817
1599,1919
1600,1597
1600,1599
1601,1065
1602,3
1602,4
1602,144
1602,1065
1602,1428
1602,1512
1602,1603
1602,1670
1603,3
1603,4
1603,5
1603,144
1603,1065
1603,1428
1603,1512
1603,1602
1603,1670
1604,63
1604,208
1604,209
1604,425
1604,733
1604,809
1604,810
1604,1029
1604,1093
1604,1155
1604,1580
1604,1584
1604,1597
1604,1599
1604,1605
1604,1606
1604,1607
1604,1608
1604,1609
1604,1610
1604,1611
1605,208
1605,209
1605,1604
1605,1607
1606,208
1606,209
1606,1604
1607,208
1607,209
1607,1604
1607,1605
1608,158
1608,208
1608,209
1608,706
1608,1604
1609,29
1609,208
1609,209
1609,1153
1609,1604
1610,208
1610,209
1610,775
1610,1604
1611,5
1611,12
1611,44
1611,159
1611,208
1611,209
1611,1597
1611,1599
1611,1604
1611,1896
1612,166
1612,220
1612,221
1612,1590
1612,1591
1613,195
1613,533
1613,1353
1613,1675
1613,1677
1613,1678
1614,12
1614,1596
1614,1597
1614,1599
1615,12
1616,219
1616,551
1616,814
1617,12
1617,1154
1617,1618
1618,1
1618,2
1618,6
1618,12
1618,160
1618,1154
1618,1617
1618,1669
1619,468
1620,1621
1621,1597
1621,1599
1621,1620
1622,618
1622,1623
1623,618
1623,1622
1624,12
1624,340
1624,1625
1625,17
1625,18
1625,19
1625,20
1625,340
1625,1624
1625,1781
1625,1782
1626,695
1627,137
1628,1
1628,2
1628,12
1628,19
1628,68
1628,706
1628,1150
1628,1597
1628,1599
1628,1772
1629,208
1629,209
1629,1630
1630,208
1630,209
1630,1629
1631,676
1632,208
1632,209
1632,1633
1633,208
1633,209
1633,1465
1633,1597
1633,1599
1633,1632
1634,208
1634,209
1634,749
1635,894
1635,1636
1636,894
1636,1635
1637,56
1637,57
1637,1638
1637,1639
1638,56
1638,57
1638,1637
1638,1639
1639,46
1639,706
1639,1637
1639,1638
1640,1641
1640,1642
1640,1643
1640,1644
1640,1645
1640,1646
1640,1647
1640,1648
1641,1640
1641,1642
1641,1643
1641,1644
1641,1645
1641,1646
1641,1647
1641,1648
1642,393
1642,1432
1642,1640
1642,1641
1642,1643
1642,1644
1642,1645
1642,1646
1642,1647
1642,1648
1642,1784
1642,1855
1643,393
1643,1432
1643,1640
1643,1641
1643,1642
1643,1644
1643,1645
1643,1646
1643,1647
1643,1648
1643,1784
1643,1855
1644,17
1644,18
1644,19
1644,20
1644,393
1644,1432
1644,1640
1644,1641
1644,1642
1644,1643
1644,1645
1644,1646
1644,1647
1644,1648
1644,1784
1644,1855
1645,5
1645,393
1645,1432
1645,1640
1645,1641
1645,1642
1645,1643
1645,1644
1645,1646
1645,1647
1645,1648
1645,1784
1645,1855
1646,5
1646,393
1646,588
1646,1432
1646,1640
1646,1641
1646,1642
1646,1643
1646,1644
1646,1645
1646,1647
1646,1648
1646,1650
1646,1651
1646,1784
1646,1855
1647,5
1647,17
1647,18
1647,19
1647,20
1647,393
1647,1432
1647,1640
1647,1641
1647,1642
1647,1643
1647,1644
1647,1645
1647,1646
1647,1648
1647,1650
1647,1651
1647,1784
1647,1855
1648,393
1648,1432
1648,1640
1648,1641
1648,1642
1648,1643
1648,1644
1648,1645
1648,1646
1648,1647
1648,1784
1648,1855
1649,1650
1649,1651
1650,1157
1650,1508
1650,1509
1650,1646
1650,1647
1650,1649
1650,1651
1650,1652
1651,1157
1651,1508
1651,1509
1651,1646
1651,1647
1651,1649
1651,1650
1651,1652
1652,5
1652,587
1652,1650
1652,1651
1652,1690
1653,1654
1653,1655
1654,34
1654,195
1654,741
1654,1653
1655,145
1655,146
1655,147
1655,153
1655,1653
1656,17
1656,18
1656,19
1656,20
1656,1061
1657,17
1657,18
1657,19
1657,20
1657,587
1657,1061
1657,1711
1657,1712
1657,1739
1658,15
1658,16
1658,622
1658,623
1658,1659
1659,5
1659,15
1659,16
1659,587
1659,622
1659,623
1659,1658
1660,0
1660,1
1660,2
1660,3
1660,4
1660,5
1660,160
1660,165
1660,1055
1660,1220
1660,1428
1660,1462
1660,1661
1660,1662
1660,1663
1660,1664
1660,1665
1660,1666
1660,1667
1660,1668
1660,1669
1661,1
1661,2
1661,160
1661,1220
1661,1660
1661,1662
1661,1663
1661,1664
1661,1665
1661,1669
1662,1
1662,2
1662,160
1662,1220
1662,1660
1662,1661
1662,1663
1662,1664
1662,1665
1662,1669
1663,1
1663,2
1663,160
1663,1220
1663,1660
1663,1661
1663,1662
1663,1664
1663,1665
1663,1669
1664,1
1664,2
1664,160
1664,1220
1664,1660
1664,1661
1664,1662
1664,1663
1664,1665
1664,1669
1665,1
1665,2
1665,160
1665,1220
1665,1660
1665,1661
1665,1662
1665,1663
1665,1664
1665,1669
1666,0
1666,1
1666,2
1666,160
1666,166
1666,1660
1666,1669
1667,0
1667,1
1667,2
1667,3
1667,4
1667,5
1667,158
1667,160
1667,165
1667,1660
1667,1669
1667,1675
1667,1676
1667,1677
1667,1678
1668,0
1668,1
1668,2
1668,160
1668,1660
1668,1669
1669,0
1669,1
1669,2
1669,6
1669,49
1669,159
1669,160
1669,164
1669,166
1669,1055
1669,1220
1669,1462
1669,1618
1669,1660
1669,1661
1669,1662
1669,1663
1669,1664
1669,1665
1669,1666
1669,1667
1669,1668
1670,3
1670,4
1670,5
1670,1428
1670,1602
1670,1603
1671,41
1671,161
1671,1465
1671,1740
1671,1741
1671,1742
1671,1743
1671,1744
1672,3
1672,4
1672,5
1672,158
1672,475
1673,3
1673,4
1673,5
1673,227
1674,3
1674,4
1674,5
1674,1428
1675,3
1675,4
1675,5
1675,158
1675,472
1675,473
1675,474
1675,475
1675,1613
1675,1667
1675,1676
1675,1677
1675,1678
1675,1679
1676,3
1676,4
1676,5
1676,158
1676,472
1676,473
1676,474
1676,475
1676,1667
1676,1675
1676,1677
1676,1678
1677,3
1677,4
1677,5
1677,158
1677,472
1677,473
1677,474
1677,475
1677,1083
1677,1613
1677,1667
1677,1675
1677,1676
1677,1678
1677,1679
1678,3
1678,4
1678,5
1678,158
1678,472
1678,473
1678,474
1678,475
1678,1613
1678,1667
1678,1675
1678,1676
1678,1677
1679,195
1679,533
1679,1675
1679,1677
1680,4
1680,5
1680,1681
1680,1682
1680,1683
1680,1684
1681,4
1681,5
1681,1680
1681,1682
1681,1683
1681,1684
1682,4
1682,5
1682,1680
1682,1681
1682,1683
1682,1684
1683,4
1683,5
1683,1680
1683,1681
1683,1682
1683,1684
1684,4
1684,5
1684,1680
1684,1681
1684,1682
1684,1683
1685,4
1685,5
1685,29
1685,1686
1686,4
1686,5
1686,29
1686,1685
1687,5
1687,208
1687,209
1688,5
1689,5
1690,587
1690,1652
1691,587
1691,1692
1692,587
1692,1691
1693,5
1693,587
1694,1162
1695,45
1695,46
1696,1561
1696,1562
1696,1563
1696,1754
1696,1757
1696,1759
1697,469
1697,656
1697,657
1697,658
1697,685
1697,686
1697,687
1697,688
1697,689
1697,690
1697,691
1697,692
1697,693
1697,1217
1697,1218
1697,1219
1697,1221
1697,1520
1698,1505
1698,1506
1698,1507
1698,1509
1698,1510
1698,1511
1698,1512
1698,1514
1698,1576
1698,1577
1698,1578
1698,1699
1698,1700
1699,1505
1699,1506
1699,1507
1699,1509
1699,1510
1699,1511
1699,1512
1699,1514
1699,1576
1699,1577
1699,1578
1699,1698
1699,1700
1700,1505
1700,1506
1700,1507
1700,1509
1700,1510
1700,1511
1700,1512
1700,1514
1700,1576
1700,1577
1700,1578
1700,1698
1700,1699
1701,68
1701,235
1701,1530
1701,1702
1701,1703
1701,1704
1701,1705
1701,1706
1701,1714
1702,235
1702,1530
1702,1701
1702,1703
1702,1704
1702,1705
1702,1706
1702,1714
1703,68
1703,235
1703,1530
1703,1701
1703,1702
1703,1704
1703,1705
1703,1706
1703,1714
1704,68
1704,235
1704,1530
1704,1701
1704,1702
1704,1703
1704,1705
1704,1706
1704,1714
1705,68
1705,235
1705,1530
1705,1701
1705,1702
1705,1703
1705,1704
1705,1706
1705,1714
1706,68
1706,235
1706,1530
1706,1701
1706,1702
1706,1703
1706,1704
1706,1705
1706,1714
1707,1175
1707,1176
1707,1177
1707,1708
1708,1175
1708,1176
1708,1177
1708,1707
1709,224
1709,225
1709,226
1709,227
1709,1710
1710,396
1710,397
1710,1187
1710,1189
1710,1709
1711,41
1711,150
1711,1657
1711,1712
1712,41
1712,47
1712,150
1712,1657
1712,1711
1713,17
1713,18
1713,19
1713,20
1713,587
1713,1552
1713,1553
1713,1554
1713,1591
1713,1773
1714,32
1714,41
1714,61
1714,68
1714,159
1714,161
1714,1199
1714,1496
1714,1497
1714,1534
1714,1535
1714,1701
1714,1702
1714,1703
1714,1704
1714,1705
1714,1706
1714,1715
1714,1716
1715,32
1715,61
1715,1496
1715,1497
1715,1714
1715,1716
1716,32
1716,61
1716,68
1716,1496
1716,1497
1716,1714
1716,1715
1717,45
1717,46
1717,215
1718,1719
1719,41
1719,43
1719,118
1719,180
1719,202
1719,1718
1719,1791
1719,1792
1720,306
1720,310
1720,1206
1720,1208
1720,1805
1720,1849
1721,9
1721,180
1721,258
1721,622
1721,623
1721,676
1721,677
1721,1722
1722,9
1722,70
1722,71
1722,72
1722,120
1722,246
1722,247
1722,248
1722,258
1722,607
1722,676
1722,677
1722,1721
1723,180
1723,625
1723,1724
1724,5
1724,180
1724,202
1724,625
1724,1723
1724,1725
1725,5
1725,162
1725,163
1725,202
1725,208
1725,209
1725,1724
1725,1772
1726,693
1726,694
1726,1221
1726,1727
1727,693
1727,694
1727,1221
1727,1726
1728,196
1729,180
1729,214
1730,40
1730,196
1730,314
1730,1409
1730,1731
1730,1732
1731,39
1731,40
1731,63
1731,288
1731,289
1731,290
1731,291
1731,292
1731,314
1731,369
1731,1730
1731,1732
1732,15
1732,16
1732,32
1732,40
1732,55
1732,61
1732,200
1732,253
1732,288
1732,289
1732,290
1732,291
1732,292
1732,396
1732,397
1732,650
1732,651
1732,1132
1732,1133
1732,1134
1732,1135
1732,1136
1732,1137
1732,1138
1732,1175
1732,1730
1732,1731
1732,1892
1732,1942
1733,12
1733,45
1733,46
1733,444
1733,587
1733,706
1733,1734
1734,45
1734,46
1734,464
1734,1733
1734,1916
1735,96
1735,97
1735,98
1735,99
1735,749
1735,1736
1735,1737
1735,1738
1736,96
1736,97
1736,98
1736,99
1736,304
1736,1735
1736,1737
1736,1738
1737,68
1737,96
1737,97
1737,98
1737,99
1737,171
1737,1735
1737,1736
1737,1738
1737,1956
1738,70
1738,71
1738,96
1738,97
1738,98
1738,99
1738,633
1738,1735
1738,1736
1738,1737
1739,1657
1740,41
1740,43
1740,161
1740,396
1740,397
1740,1187
1740,1188
1740,1189
1740,1190
1740,1671
1740,1741
1740,1742
1740,1743
1740,1744
1741,41
1741,43
1741,161
1741,1671
1741,1740
1741,1742
1741,1743
1741,1744
1742,41
1742,43
1742,161
1742,1671
1742,1740
1742,1741
1742,1743
1742,1744
1743,41
1743,161
1743,1671
1743,1740
1743,1741
1743,1742
1743,1744
1744,41
1744,161
1744,1671
1744,1740
1744,1741
1744,1742
1744,1743
1745,41
1745,43
1745,161
1745,1199
1746,55
1747,224
1747,225
1747,226
1747,227
1747,1748
1748,745
1748,957
1748,983
1748,1747
1748,1749
1748,1750
1748,1760
1748,1762
1748,1844
1749,1748
1750,646
1750,1748
1750,1751
1751,19
1751,20
1751,1750
1752,11
1753,127
1754,1562
1754,1563
1754,1696
1754,1755
1754,1756
1754,1757
1754,1758
1754,1759
1754,1760
1754,1761
1754,1799
1754,1808
1754,1809
1754,1810
1754,1811
1754,1812
1754,1813
1755,1562
1755,1563
1755,1754
1755,1756
1755,1757
1755,1758
1755,1759
1755,1760
1755,1761
1756,1562
1756,1563
1756,1754
1756,1755
1756,1757
1756,1758
1756,1759
1756,1760
1756,1761
1757,127
1757,1562
1757,1563
1757,1696
1757,1754
1757,1755
1757,1756
1757,1758
1757,1759
1757,1760
1757,1761
1757,1814
1758,1164
1758,1165
1758,1166
1758,1562
1758,1563
1758,1754
1758,1755
1758,1756
1758,1757
1758,1759
1758,1760
1758,1761
1759,68
1759,1562
1759,1563
1759,1696
1759,1754
1759,1755
1759,1756
1759,1757
1759,1758
1759,1760
1759,1761
1760,1562
1760,1563
1760,1748
1760,1754
1760,1755
1760,1756
1760,1757
1760,1758
1760,1759
1760,1761
1760,1808
1760,1809
1760,1810
1760,1811
1760,1812
1760,1813
1761,68
1761,1562
1761,1563
1761,1754
1761,1755
1761,1756
1761,1757
1761,1758
1761,1759
1761,1760
1762,295
1762,296
1762,302
1762,1748
1763,223
1764,1
1764,1765
1764,1766
1764,1767
1765,1
1765,1764
1765,1766
1765,1767
1766,1
1766,1764
1766,1765
1766,1767
1767,1
1767,2
1767,17
1767,18
1767,19
1767,20
1767,1764
1767,1765
1767,1766
1767,1774
1768,1
1768,2
1768,1769
1769,1
1769,2
1769,1768
1770,1
1770,2
1771,197
1771,1247
1772,12
1772,350
1772,393
1772,445
1772,1431
1772,1432
1772,1628
1772,1725
1773,12
1773,17
1773,18
1773,19
1773,20
1773,158
1773,198
1773,224
1773,587
1773,1475
1773,1590
1773,1591
1773,1713
1773,1797
1773,1798
1774,17
1774,18
1774,19
1774,20
1774,1767
1775,17
1775,18
1775,19
1775,20
1775,208
1775,209
1775,566
1775,567
1775,568
1775,1776
1775,1777
1776,17
1776,18
1776,19
1776,20
1776,566
1776,567
1776,568
1776,1775
1776,1777
1777,17
1777,18
1777,19
1777,20
1777,396
1777,397
1777,566
1777,567
1777,568
1777,1187
1777,1188
1777,1189
1777,1775
1777,1776
1778,17
1778,18
1778,19
1778,20
1778,1779
1778,1780
1779,17
1779,18
1779,19
1779,20
1779,1778
1779,1780
1780,17
1780,18
1780,19
1780,20
1780,1778
1780,1779
1781,17
1781,18
1781,19
1781,20
1781,1625
1781,1782
1782,1252
1782,1625
1782,1781
1782,1808
1782,1809
1782,1810
1782,1811
1782,1812
1782,1813
1783,18
1783,19
1783,20
1783,1784
1783,1785
1783,1786
1784,18
1784,19
1784,20
1784,1642
1784,1643
1784,1644
1784,1645
1784,1646
1784,1647
1784,1648
1784,1783
1784,1785
1784,1786
1785,18
1785,19
1785,20
1785,1783
1785,1784
1785,1786
1786,12
1786,18
1786,19
1786,20
1786,45
1786,46
1786,132
1786,133
1786,145
1786,146
1786,147
1786,1783
1786,1784
1786,1785
1787,17
1787,18
1787,20
1788,1
1788,2
1788,19
1788,20
1788,74
1789,19
1789,20
1789,1790
1789,1791
1789,1792
1790,1
1790,2
1790,19
1790,20
1790,1789
1790,1791
1790,1792
1790,1793
1790,1794
1791,17
1791,18
1791,19
1791,20
1791,396
1791,397
1791,417
1791,462
1791,463
1791,571
1791,661
1791,753
1791,1188
1791,1189
1791,1719
1791,1789
1791,1790
1791,1792
1791,1793
1791,1794
1792,417
1792,462
1792,463
1792,571
1792,1719
1792,1789
1792,1790
1792,1791
1792,1793
1792,1794
1793,462
1793,463
1793,1790
1793,1791
1793,1792
1793,1794
1794,462
1794,463
1794,1790
1794,1791
1794,1792
1794,1793
1795,17
1795,20
1795,417
1795,1512
1795,1796
1796,17
1796,20
1796,417
1796,1512
1796,1795
1797,5
1797,12
1797,17
1797,18
1797,19
1797,20
1797,158
1797,314
1797,321
1797,587
1797,624
1797,625
1797,1475
1797,1590
1797,1591
1797,1773
1797,1798
1797,1868
1798,12
1798,145
1798,146
1798,147
1798,158
1798,180
1798,587
1798,1475
1798,1590
1798,1591
1798,1773
1798,1797
1799,1754
1800,45
1800,46
1801,19
1801,20
1802,33
1802,34
1802,288
1802,289
1802,290
1802,291
1802,292
1802,1245
1802,1259
1802,1260
1802,1261
1802,1597
1802,1599
1803,118
1803,180
1803,202
1803,572
1804,117
1804,118
1804,572
1805,1720
1806,203
1806,204
1806,205
1806,206
1806,207
1806,219
1806,412
1806,413
1807,203
1807,204
1807,205
1807,206
1807,207
1807,219
1808,20
1808,403
1808,461
1808,462
1808,463
1808,571
1808,1754
1808,1760
1808,1782
1808,1809
1808,1810
1808,1811
1808,1812
1808,1813
1808,1855
1809,20
1809,403
1809,461
1809,462
1809,463
1809,571
1809,1754
1809,1760
1809,1782
1809,1808
1809,1810
1809,1811
1809,1812
1809,1813
1809,1855
1810,20
1810,403
1810,461
1810,462
1810,463
1810,571
1810,1754
1810,1760
1810,1782
1810,1808
1810,1809
1810,1811
1810,1812
1810,1813
1810,1855
1811,20
1811,403
1811,461
1811,462
1811,463
1811,571
1811,1754
1811,1760
1811,1782
1811,1808
1811,1809
1811,1810
1811,1812
1811,1813
1811,1855
1812,20
1812,403
1812,461
1812,462
1812,463
1812,571
1812,1754
1812,1760
1812,1782
1812,1808
1812,1809
1812,1810
1812,1811
1812,1813
1812,1855
1813,20
1813,403
1813,461
1813,462
1813,463
1813,571
1813,1754
1813,1760
1813,1782
1813,1808
1813,1809
1813,1810
1813,1811
1813,1812
1813,1855
1814,1757
1814,1855
1815,1
1815,2
1815,330
1815,1816
1815,1817
1815,1818
1815,1819
1815,1820
1815,1821
1815,1822
1816,1
1816,2
1816,208
1816,209
1816,330
1816,1815
1816,1817
1816,1818
1816,1819
1816,1820
1816,1821
1816,1822
1817,1
1817,2
1817,330
1817,1597
1817,1599
1817,1815
1817,1816
1817,1818
1817,1819
1817,1820
1817,1821
1817,1822
1818,1
1818,2
1818,57
1818,330
1818,1815
1818,1816
1818,1817
1818,1819
1818,1820
1818,1821
1818,1822
1819,1
1819,2
1819,57
1819,330
1819,1815
1819,1816
1819,1817
1819,1818
1819,1820
1819,1821
1819,1822
1820,1
1820,2
1820,57
1820,330
1820,1815
1820,1816
1820,1817
1820,1818
1820,1819
1820,1821
1820,1822
1821,1
1821,2
1821,57
1821,330
1821,1815
1821,1816
1821,1817
1821,1818
1821,1819
1821,1820
1821,1822
1822,1
1822,2
1822,57
1822,330
1822,1815
1822,1816
1822,1817
1822,1818
1822,1819
1822,1820
1822,1821
1823,330
1824,5
1824,177
1824,1825
1824,1826
1824,1827
1825,177
1825,1824
1825,1826
1825,1827
1826,177
1826,1824
1826,1825
1826,1827
1827,177
1827,1824
1827,1825
1827,1826
1828,132
1828,133
1828,288
1828,289
1828,290
1828,291
1828,292
1829,132
1829,133
1829,196
1830,20
1830,610
1831,223
1831,253
1831,402
1831,464
1831,467
1831,1582
1831,1832
1831,1833
1831,1834
1831,1835
1832,19
1832,20
1832,1831
1832,1833
1832,1834
1832,1835
1833,91
1833,210
1833,223
1833,253
1833,402
1833,464
1833,1831
1833,1832
1833,1834
1833,1835
1833,1853
1834,210
1834,223
1834,253
1834,306
1834,402
1834,464
1834,1831
1834,1832
1834,1833
1834,1835
1834,1853
1835,210
1835,223
1835,253
1835,402
1835,464
1835,1831
1835,1832
1835,1833
1835,1834
1836,5
1836,224
1836,225
1836,226
1836,227
1836,1475
1836,1837
1836,1838
1837,22
1837,33
1837,34
1837,40
1837,210
1837,295
1837,296
1837,401
1837,402
1837,1836
1837,1838
1837,1870
1838,21
1838,22
1838,33
1838,34
1838,133
1838,180
1838,202
1838,210
1838,295
1838,296
1838,401
1838,402
1838,1836
1838,1837
1838,1870
1839,462
1839,463
1839,1840
1840,462
1840,463
1840,1839
1841,15
1841,16
1841,203
1841,204
1841,205
1841,206
1841,207
1841,219
1841,731
1841,732
1842,5
1842,196
1842,393
1842,665
1842,1431
1842,1432
1843,117
1843,118
1843,697
1844,302
1844,1748
1845,195
1845,587
1846,1847
1846,1848
1846,1849
1846,1850
1846,1851
1847,1846
1847,1848
1847,1849
1847,1850
1847,1851
1848,1846
1848,1847
1848,1849
1848,1850
1848,1851
1849,1720
1849,1846
1849,1847
1849,1848
1849,1850
1849,1851
1850,1846
1850,1847
1850,1848
1850,1849
1850,1851
1851,1846
1851,1847
1851,1848
1851,1849
1851,1850
1852,309
1852,401
1852,402
1852,1230
1853,210
1853,330
1853,402
1853,930
1853,1833
1853,1834
1854,401
1854,1252
1855,19
1855,20
1855,1642
1855,1643
1855,1644
1855,1645
1855,1646
1855,1647
1855,1648
1855,1808
1855,1809
1855,1810
1855,1811
1855,1812
1855,1813
1855,1814
1856,620
1857,11
1857,173
1857,175
1857,176
1857,1858
1858,11
1858,68
1858,173
1858,188
1858,195
1858,1857
1859,92
1859,93
1859,94
1859,95
1860,173
1860,178
1860,1861
1861,178
1861,1860
1862,19
1862,20
1862,1863
1863,19
1863,20
1863,1862
1864,174
1865,72
1865,1538
1865,1971
1866,619
1867,619
1868,45
1868,46
1868,68
1868,212
1868,321
1868,370
1868,444
1868,479
1868,876
1868,1797
1868,1906
1869,6
1869,32
1869,41
1869,42
1869,43
1869,61
1869,161
1869,224
1869,225
1869,226
1869,227
1869,437
1869,472
1869,473
1869,474
1869,475
1869,1199
1869,1200
1869,1201
1869,1457
1869,1458
1869,1459
1869,1460
1870,3
1870,4
1870,5
1870,7
1870,29
1870,33
1870,34
1870,68
1870,165
1870,198
1870,199
1870,202
1870,224
1870,225
1870,226
1870,227
1870,295
1870,296
1870,304
1870,401
1870,402
1870,734
1870,735
1870,736
1870,737
1870,738
1870,739
1870,740
1870,741
1870,822
1870,1055
1870,1428
1870,1510
1870,1511
1870,1512
1870,1513
1870,1514
1870,1837
1870,1838
1871,64
1872,64
1872,68
1872,197
1872,223
1872,1873
1873,29
1873,32
1873,33
1873,34
1873,42
1873,50
1873,51
1873,52
1873,53
1873,54
1873,64
1873,68
1873,223
1873,600
1873,1872
1873,1874
1874,50
1874,51
1874,52
1874,53
1874,54
1874,64
1874,68
1874,1873
1875,469
1875,656
1875,657
1875,658
1875,689
1875,690
1875,691
1875,692
1875,693
1876,212
1877,25
1877,1878
1878,25
1878,1877
1879,104
1879,105
1880,158
1880,1881
1880,1882
1880,1883
1880,1884
1881,158
1881,1488
1881,1489
1881,1490
1881,1491
1881,1880
1881,1882
1881,1883
1881,1884
1882,33
1882,34
1882,158
1882,203
1882,204
1882,205
1882,206
1882,207
1882,219
1882,1880
1882,1881
1882,1883
1882,1884
1883,17
1883,18
1883,19
1883,20
1883,158
1883,1880
1883,1881
1883,1882
1883,1884
1884,5
1884,6
1884,49
1884,58
1884,91
1884,158
1884,1003
1884,1004
1884,1005
1884,1006
1884,1007
1884,1008
1884,1009
1884,1010
1884,1011
1884,1475
1884,1880
1884,1881
1884,1882
1884,1883
1884,1885
1884,1886
1884,1887
1884,1888
1884,1889
1885,1884
1885,1886
1885,1887
1885,1888
1885,1889
1886,1884
1886,1885
1886,1887
1886,1888
1886,1889
1887,1884
1887,1885
1887,1886
1887,1888
1887,1889
1888,1884
1888,1885
1888,1886
1888,1887
1888,1889
1889,1884
1889,1885
1889,1886
1889,1887
1889,1888
1890,201
1890,298
1890,504
1890,505
1890,506
1890,507
1890,606
1890,618
1890,631
1891,507
1892,40
1892,180
1892,306
1892,309
1892,310
1892,398
1892,399
1892,400
1892,401
1892,402
1892,405
1892,1732
1893,68
1893,127
1893,246
1893,857
1893,1314
1894,776
1894,777
1894,1895
1895,776
1895,777
1895,1894
1896,5
1896,44
1896,159
1896,1611
1897,335
1897,607
1898,579
1898,1899
1898,1900
1898,1901
1899,579
1899,1898
1899,1900
1899,1901
1900,579
1900,1898
1900,1899
1900,1901
1901,579
1901,1898
1901,1899
1901,1900
1902,59
1902,1903
1902,1904
1903,59
1903,1902
1903,1904
1904,59
1904,330
1904,1902
1904,1903
1905,4
1905,5
1905,19
1905,20
1905,48
1905,49
1905,58
1905,158
1906,48
1906,49
1906,58
1906,1868
1907,48
1907,49
1907,58
1907,665
1908,125
1908,126
1908,228
1908,869
1908,870
1909,330
1909,521
1910,464
1911,464
1911,1912
1911,1913
1912,464
1912,1911
1912,1913
1913,464
1913,1911
1913,1912
1914,437
1914,464
1914,1915
1915,437
1915,464
1915,1914
1916,20
1916,180
1916,464
1916,1734
1917,158
1917,287
1917,464
1917,547
1917,654
1917,769
1917,1918
1917,1919
1918,158
1918,162
1918,464
1918,547
1918,654
1918,769
1918,1917
1918,1919
1919,158
1919,208
1919,209
1919,464
1919,547
1919,654
1919,1597
1919,1599
1919,1917
1919,1918
1919,1920
1920,1919
1920,1936
1921,42
1921,64
1921,337
1921,519
1921,520
1921,1922
1922,32
1922,44
1922,54
1922,59
1922,161
1922,162
1922,337
1922,519
1922,520
1922,587
1922,1921
1923,74
1923,1924
1924,73
1924,1923
1925,155
1925,253
1926,55
1926,253
1927,54
1927,55
1927,253
1928,253
1929,201
1929,305
1929,306
1929,307
1929,308
1929,309
1929,310
1929,1930
1930,74
1930,305
1930,308
1930,311
1930,344
1930,376
1930,378
1930,380
1930,381
1930,382
1930,383
1930,506
1930,666
1930,1929
1930,1931
1930,1932
1930,1933
1931,201
1931,308
1931,311
1931,344
1931,376
1931,378
1931,380
1931,381
1931,382
1931,383
1931,506
1931,547
1931,666
1931,1930
1931,1932
1931,1933
1931,1934
1932,308
1932,311
1932,344
1932,376
1932,378
1932,380
1932,381
1932,382
1932,383
1932,506
1932,666
1932,1930
1932,1931
1932,1933
1933,201
1933,308
1933,311
1933,344
1933,376
1933,378
1933,380
1933,381
1933,382
1933,383
1933,506
1933,547
1933,607
1933,666
1933,1930
1933,1931
1933,1932
1934,72
1934,309
1934,400
1934,461
1934,462
1934,463
1934,571
1934,1322
1934,1931
1935,50
1935,51
1935,52
1935,53
1935,54
1935,84
1935,91
1935,1936
1935,1937
1936,50
1936,51
1936,52
1936,53
1936,54
1936,84
1936,1920
1936,1935
1936,1937
1937,50
1937,51
1937,52
1937,53
1937,54
1937,84
1937,1935
1937,1936
1937,1940
1937,1941
1938,359
1938,1939
1939,253
1939,254
1939,279
1939,280
1939,281
1939,282
1939,283
1939,284
1939,285
1939,286
1939,357
1939,358
1939,359
1939,1938
1939,1958
1939,1959
1940,1937
1940,1941
1941,1937
1941,1940
1942,40
1942,74
1942,77
1942,78
1942,79
1942,80
1942,81
1942,82
1942,1732
1942,1943
1942,1944
1942,1945
1943,74
1943,77
1943,1942
1943,1944
1943,1945
1944,74
1944,77
1944,1942
1944,1943
1944,1945
1945,74
1945,77
1945,222
1945,1942
1945,1943
1945,1944
1946,0
1946,5
1946,32
1946,145
1946,146
1946,147
1946,148
1946,150
1946,151
1946,152
1946,153
1946,437
1946,1079
1947,145
1947,146
1947,147
1947,148
1947,150
1947,151
1947,152
1947,153
1948,145
1948,146
1948,147
1948,153
1949,133
1949,145
1949,147
1949,1950
1949,1951
1950,132
1950,133
1950,145
1950,147
1950,1949
1950,1951
1951,132
1951,133
1951,145
1951,146
1951,147
1951,1949
1951,1950
1952,74
1952,117
1952,118
1952,412
1952,413
1952,853
1952,854
1952,855
1953,275
1953,464
1953,523
1954,83
1954,117
1954,118
1954,234
1954,311
1954,350
1954,428
1954,430
1954,460
1954,461
1954,462
1954,463
1954,464
1955,158
1955,706
1955,851
1956,68
1956,98
1956,99
1956,170
1956,171
1956,194
1956,414
1956,535
1956,881
1956,1737
1957,218
1958,357
1958,358
1958,359
1958,1939
1958,1959
1959,357
1959,358
1959,359
1959,1939
1959,1958
1960,1322
1960,1961
1960,1962
1960,1963
1961,1322
1961,1960
1961,1962
1961,1963
1962,1322
1962,1960
1962,1961
1962,1963
1963,1322
1963,1960
1963,1961
1963,1962
1964,509
1964,1322
1964,1965
1965,509
1965,1322
1965,1964
1966,37
1966,120
1966,224
1966,225
1966,226
1966,227
1967,201
1967,230
1967,1330
1967,1331
1967,1332
1967,1333
1967,1334
1967,1335
1968,258
1969,258
1970,577
1970,729
1970,730
1971,72
1971,1865
1972,72
1973,24
1973,72
1974,72
1975,72
1975,552
1976,180
1976,447
1976,448
1976,761
1976,762
1976,763
1977,253
1977,659
1978,479
1978,659
1979,188
1979,223
1979,414
1979,668
1979,669
1979,670
1979,1980
1979,1981
1980,188
1980,223
1980,414
1980,668
1980,669
1980,670
1980,1979
1980,1981
1981,188
1981,223
1981,414
1981,668
1981,669
1981,670
1981,1979
1981,1980
1982,92
1982,93
1982,94
1982,95
1982,200
1982,246
1982,247
1982,248
1982,649
1982,650
1982,651
1983,92
1983,93
1983,94
1983,95
1983,246
1983,247
1983,248
1984,92
1984,93
1984,94
1984,95
1984,246
1984,247
1984,248
1984,1985
1985,92
1985,93
1985,94
1985,95
1985,246
1985,247
1985,248
1985,1984
1986,70
1986,71
1986,84
1986,201
1986,246
1986,247
1986,248
1986,547
1987,248
1987,332
1988,72
1988,752
1989,342
1989,579
1990,72
1990,120
1990,431
1990,761
1990,762
1990,763
1990,1991
1990,1992
1990,1993
1990,1994
1991,72
1991,120
1991,431
1991,761
1991,762
1991,763
1991,1990
1991,1992
1991,1993
1991,1994
1992,72
1992,120
1992,431
1992,761
1992,762
1992,763
1992,1990
1992,1991
1992,1993
1992,1994
1993,72
1993,120
1993,431
1993,761
1993,762
1993,763
1993,1990
1993,1991
1993,1992
1993,1994
1994,72
1994,120
1994,431
1994,761
1994,762
1994,763
1994,1990
1994,1991
1994,1992
1994,1993
1995,72
1995,101
1995,102
1995,103
1995,106
1995,107
1995,108
1995,109
1995,110
1995,111
1995,112
1995,113
1995,116
1995,120
1995,308
1995,566
1995,567
1995,568
1995,1996
1996,72
1996,101
1996,102
1996,103
1996,106
1996,107
1996,108
1996,109
1996,110
1996,111
1996,112
1996,113
1996,116
1996,120
1996,239
1996,1995
1997,239
1998,119
1998,239
1999,10
