Source,Target,Type,Id,Label,timeset,Weight
G1,G186,Directed,4252,,,1
G1,G207,Directed,4253,,,1
G1,G218,Directed,4254,,,1
G1,G227,Directed,4255,,,1
G1,G228,Directed,4256,,,1
G1,G229,Directed,4257,,,1
G1,G230,Directed,4258,,,1
G2,G3,Directed,4259,,,1
G2,G186,Directed,4260,,,1
G2,G408,Directed,4261,,,1
G3,G2,Directed,4262,,,1
G3,G7,Directed,4263,,,1
G3,G186,Directed,4264,,,1
G3,G238,Directed,4265,,,1
G3,G243,Directed,4266,,,1
G3,G408,Directed,4267,,,1
G4,G6,Directed,4268,,,1
G4,G145,Directed,4269,,,1
G4,G147,Directed,4270,,,1
G4,G241,Directed,4271,,,1
G4,G243,Directed,4272,,,1
G4,G404,Directed,4273,,,1
G5,G148,Directed,4274,,,1
G5,G186,Directed,4275,,,1
G6,G4,Directed,4276,,,1
G6,G7,Directed,4277,,,1
G6,G61,Directed,4278,,,1
G6,G108,Directed,4279,,,1
G6,G157,Directed,4280,,,1
G6,G158,Directed,4281,,,1
G6,G159,Directed,4282,,,1
G6,G167,Directed,4283,,,1
G6,G169,Directed,4284,,,1
G6,G170,Directed,4285,,,1
G6,G220,Directed,4286,,,1
G6,G222,Directed,4287,,,1
G6,G227,Directed,4288,,,1
G6,G228,Directed,4289,,,1
G6,G241,Directed,4290,,,1
G6,G243,Directed,4291,,,1
G6,G245,Directed,4292,,,1
G6,G350,Directed,4293,,,1
G6,G360,Directed,4294,,,1
G6,G374,Directed,4295,,,1
G6,G408,Directed,4296,,,1
G6,G426,Directed,4297,,,1
G6,G428,Directed,4298,,,1
G7,G3,Directed,4299,,,1
G7,G6,Directed,4300,,,1
G7,G68,Directed,4301,,,1
G7,G99,Directed,4302,,,1
G7,G145,Directed,4303,,,1
G7,G147,Directed,4304,,,1
G7,G227,Directed,4305,,,1
G7,G228,Directed,4306,,,1
G7,G238,Directed,4307,,,1
G7,G243,Directed,4308,,,1
G8,G15,Directed,4309,,,1
G8,G23,Directed,4310,,,1
G8,G352,Directed,4311,,,1
G8,G353,Directed,4312,,,1
G9,G12,Directed,4313,,,1
G9,G16,Directed,4314,,,1
G9,G176,Directed,4315,,,1
G9,G182,Directed,4316,,,1
G10,G299,Directed,4317,,,1
G10,G300,Directed,4318,,,1
G10,G386,Directed,4319,,,1
G10,G387,Directed,4320,,,1
G10,G408,Directed,4321,,,1
G10,G449,Directed,4322,,,1
G10,G451,Directed,4323,,,1
G11,G299,Directed,4324,,,1
G11,G300,Directed,4325,,,1
G11,G383,Directed,4326,,,1
G11,G384,Directed,4327,,,1
G11,G408,Directed,4328,,,1
G12,G9,Directed,4329,,,1
G12,G176,Directed,4330,,,1
G12,G182,Directed,4331,,,1
G12,G249,Directed,4332,,,1
G13,G89,Directed,4333,,,1
G13,G112,Directed,4334,,,1
G13,G153,Directed,4335,,,1
G13,G186,Directed,4336,,,1
G13,G193,Directed,4337,,,1
G13,G205,Directed,4338,,,1
G13,G231,Directed,4339,,,1
G14,G145,Directed,4340,,,1
G14,G147,Directed,4341,,,1
G14,G202,Directed,4342,,,1
G14,G205,Directed,4343,,,1
G14,G371,Directed,4344,,,1
G14,G376,Directed,4345,,,1
G14,G408,Directed,4346,,,1
G15,G8,Directed,4347,,,1
G15,G352,Directed,4348,,,1
G15,G353,Directed,4349,,,1
G15,G356,Directed,4350,,,1
G16,G9,Directed,4351,,,1
G16,G17,Directed,4352,,,1
G16,G176,Directed,4353,,,1
G16,G182,Directed,4354,,,1
G17,G16,Directed,4355,,,1
G17,G18,Directed,4356,,,1
G17,G176,Directed,4357,,,1
G17,G182,Directed,4358,,,1
G18,G17,Directed,4359,,,1
G18,G19,Directed,4360,,,1
G18,G176,Directed,4361,,,1
G18,G182,Directed,4362,,,1
G18,G352,Directed,4363,,,1
G18,G354,Directed,4364,,,1
G19,G18,Directed,4365,,,1
G19,G20,Directed,4366,,,1
G19,G352,Directed,4367,,,1
G19,G354,Directed,4368,,,1
G20,G19,Directed,4369,,,1
G20,G21,Directed,4370,,,1
G20,G352,Directed,4371,,,1
G20,G354,Directed,4372,,,1
G21,G20,Directed,4373,,,1
G21,G22,Directed,4374,,,1
G21,G352,Directed,4375,,,1
G21,G354,Directed,4376,,,1
G22,G21,Directed,4377,,,1
G22,G23,Directed,4378,,,1
G22,G352,Directed,4379,,,1
G22,G354,Directed,4380,,,1
G23,G8,Directed,4381,,,1
G23,G22,Directed,4382,,,1
G23,G352,Directed,4383,,,1
G23,G353,Directed,4384,,,1
G23,G354,Directed,4385,,,1
G24,G102,Directed,4386,,,1
G24,G186,Directed,4387,,,1
G24,G227,Directed,4388,,,1
G24,G228,Directed,4389,,,1
G24,G287,Directed,4390,,,1
G25,G103,Directed,4391,,,1
G25,G186,Directed,4392,,,1
G25,G227,Directed,4393,,,1
G25,G228,Directed,4394,,,1
G25,G289,Directed,4395,,,1
G26,G105,Directed,4396,,,1
G26,G186,Directed,4397,,,1
G26,G227,Directed,4398,,,1
G26,G228,Directed,4399,,,1
G26,G292,Directed,4400,,,1
G27,G39,Directed,4401,,,1
G27,G186,Directed,4402,,,1
G27,G227,Directed,4403,,,1
G27,G228,Directed,4404,,,1
G27,G229,Directed,4405,,,1
G27,G230,Directed,4406,,,1
G27,G392,Directed,4407,,,1
G28,G31,Directed,4408,,,1
G28,G44,Directed,4409,,,1
G28,G186,Directed,4410,,,1
G28,G227,Directed,4411,,,1
G28,G228,Directed,4412,,,1
G28,G229,Directed,4413,,,1
G28,G230,Directed,4414,,,1
G29,G30,Directed,4415,,,1
G29,G76,Directed,4416,,,1
G29,G186,Directed,4417,,,1
G29,G227,Directed,4418,,,1
G29,G228,Directed,4419,,,1
G30,G29,Directed,4420,,,1
G30,G90,Directed,4421,,,1
G30,G153,Directed,4422,,,1
G30,G227,Directed,4423,,,1
G30,G228,Directed,4424,,,1
G31,G28,Directed,4425,,,1
G31,G89,Directed,4426,,,1
G31,G186,Directed,4427,,,1
G31,G205,Directed,4428,,,1
G31,G212,Directed,4429,,,1
G32,G76,Directed,4430,,,1
G32,G155,Directed,4431,,,1
G32,G186,Directed,4432,,,1
G32,G298,Directed,4433,,,1
G32,G392,Directed,4434,,,1
G33,G37,Directed,4435,,,1
G33,G145,Directed,4436,,,1
G33,G147,Directed,4437,,,1
G33,G153,Directed,4438,,,1
G33,G390,Directed,4439,,,1
G33,G408,Directed,4440,,,1
G34,G166,Directed,4441,,,1
G34,G186,Directed,4442,,,1
G34,G371,Directed,4443,,,1
G34,G372,Directed,4444,,,1
G35,G399,Directed,4445,,,1
G35,G437,Directed,4446,,,1
G36,G37,Directed,4447,,,1
G36,G45,Directed,4448,,,1
G36,G145,Directed,4449,,,1
G36,G147,Directed,4450,,,1
G36,G229,Directed,4451,,,1
G36,G230,Directed,4452,,,1
G37,G33,Directed,4453,,,1
G37,G36,Directed,4454,,,1
G37,G145,Directed,4455,,,1
G37,G147,Directed,4456,,,1
G38,G44,Directed,4457,,,1
G38,G88,Directed,4458,,,1
G38,G153,Directed,4459,,,1
G38,G427,Directed,4460,,,1
G39,G27,Directed,4461,,,1
G39,G153,Directed,4462,,,1
G39,G227,Directed,4463,,,1
G39,G228,Directed,4464,,,1
G39,G229,Directed,4465,,,1
G39,G230,Directed,4466,,,1
G39,G427,Directed,4467,,,1
G40,G117,Directed,4468,,,1
G40,G118,Directed,4469,,,1
G40,G173,Directed,4470,,,1
G40,G174,Directed,4471,,,1
G40,G186,Directed,4472,,,1
G41,G77,Directed,4473,,,1
G41,G79,Directed,4474,,,1
G41,G186,Directed,4475,,,1
G41,G227,Directed,4476,,,1
G41,G228,Directed,4477,,,1
G42,G43,Directed,4478,,,1
G42,G49,Directed,4479,,,1
G42,G155,Directed,4480,,,1
G42,G186,Directed,4481,,,1
G42,G227,Directed,4482,,,1
G42,G228,Directed,4483,,,1
G43,G42,Directed,4484,,,1
G43,G155,Directed,4485,,,1
G43,G186,Directed,4486,,,1
G43,G396,Directed,4487,,,1
G44,G28,Directed,4488,,,1
G44,G38,Directed,4489,,,1
G44,G227,Directed,4490,,,1
G44,G228,Directed,4491,,,1
G44,G229,Directed,4492,,,1
G44,G230,Directed,4493,,,1
G45,G36,Directed,4494,,,1
G45,G155,Directed,4495,,,1
G45,G186,Directed,4496,,,1
G45,G229,Directed,4497,,,1
G45,G230,Directed,4498,,,1
G45,G297,Directed,4499,,,1
G45,G298,Directed,4500,,,1
G46,G104,Directed,4501,,,1
G46,G186,Directed,4502,,,1
G46,G227,Directed,4503,,,1
G46,G228,Directed,4504,,,1
G46,G288,Directed,4505,,,1
G47,G107,Directed,4506,,,1
G47,G186,Directed,4507,,,1
G47,G227,Directed,4508,,,1
G47,G228,Directed,4509,,,1
G47,G291,Directed,4510,,,1
G48,G106,Directed,4511,,,1
G48,G186,Directed,4512,,,1
G48,G227,Directed,4513,,,1
G48,G228,Directed,4514,,,1
G48,G290,Directed,4515,,,1
G49,G42,Directed,4516,,,1
G49,G153,Directed,4517,,,1
G49,G155,Directed,4518,,,1
G49,G227,Directed,4519,,,1
G49,G228,Directed,4520,,,1
G49,G422,Directed,4521,,,1
G50,G186,Directed,4522,,,1
G50,G227,Directed,4523,,,1
G50,G228,Directed,4524,,,1
G50,G261,Directed,4525,,,1
G50,G406,Directed,4526,,,1
G51,G72,Directed,4527,,,1
G51,G186,Directed,4528,,,1
G51,G359,Directed,4529,,,1
G51,G447,Directed,4530,,,1
G52,G69,Directed,4531,,,1
G52,G71,Directed,4532,,,1
G52,G186,Directed,4533,,,1
G52,G312,Directed,4534,,,1
G52,G446,Directed,4535,,,1
G53,G54,Directed,4536,,,1
G53,G145,Directed,4537,,,1
G53,G147,Directed,4538,,,1
G53,G150,Directed,4539,,,1
G53,G154,Directed,4540,,,1
G53,G426,Directed,4541,,,1
G54,G53,Directed,4542,,,1
G54,G145,Directed,4543,,,1
G54,G147,Directed,4544,,,1
G55,G150,Directed,4545,,,1
G55,G154,Directed,4546,,,1
G55,G426,Directed,4547,,,1
G56,G123,Directed,4548,,,1
G56,G153,Directed,4549,,,1
G56,G217,Directed,4550,,,1
G56,G274,Directed,4551,,,1
G56,G433,Directed,4552,,,1
G57,G61,Directed,4553,,,1
G57,G153,Directed,4554,,,1
G57,G186,Directed,4555,,,1
G57,G250,Directed,4556,,,1
G58,G59,Directed,4557,,,1
G58,G60,Directed,4558,,,1
G58,G145,Directed,4559,,,1
G58,G147,Directed,4560,,,1
G58,G153,Directed,4561,,,1
G58,G198,Directed,4562,,,1
G58,G408,Directed,4563,,,1
G59,G58,Directed,4564,,,1
G59,G70,Directed,4565,,,1
G59,G145,Directed,4566,,,1
G59,G147,Directed,4567,,,1
G59,G153,Directed,4568,,,1
G59,G408,Directed,4569,,,1
G60,G58,Directed,4570,,,1
G60,G124,Directed,4571,,,1
G60,G145,Directed,4572,,,1
G60,G147,Directed,4573,,,1
G60,G198,Directed,4574,,,1
G60,G365,Directed,4575,,,1
G60,G408,Directed,4576,,,1
G61,G6,Directed,4577,,,1
G61,G57,Directed,4578,,,1
G61,G153,Directed,4579,,,1
G61,G186,Directed,4580,,,1
G61,G220,Directed,4581,,,1
G61,G222,Directed,4582,,,1
G62,G63,Directed,4583,,,1
G62,G124,Directed,4584,,,1
G62,G125,Directed,4585,,,1
G62,G128,Directed,4586,,,1
G62,G132,Directed,4587,,,1
G62,G145,Directed,4588,,,1
G62,G147,Directed,4589,,,1
G62,G205,Directed,4590,,,1
G62,G248,Directed,4591,,,1
G62,G408,Directed,4592,,,1
G63,G62,Directed,4593,,,1
G63,G145,Directed,4594,,,1
G63,G147,Directed,4595,,,1
G63,G205,Directed,4596,,,1
G63,G364,Directed,4597,,,1
G63,G408,Directed,4598,,,1
G64,G65,Directed,4599,,,1
G64,G186,Directed,4600,,,1
G64,G227,Directed,4601,,,1
G64,G228,Directed,4602,,,1
G64,G413,Directed,4603,,,1
G65,G64,Directed,4604,,,1
G65,G227,Directed,4605,,,1
G65,G228,Directed,4606,,,1
G66,G67,Directed,4607,,,1
G66,G164,Directed,4608,,,1
G66,G186,Directed,4609,,,1
G66,G408,Directed,4610,,,1
G67,G66,Directed,4611,,,1
G67,G186,Directed,4612,,,1
G67,G408,Directed,4613,,,1
G68,G7,Directed,4614,,,1
G68,G91,Directed,4615,,,1
G68,G108,Directed,4616,,,1
G68,G109,Directed,4617,,,1
G68,G145,Directed,4618,,,1
G68,G147,Directed,4619,,,1
G68,G227,Directed,4620,,,1
G68,G228,Directed,4621,,,1
G68,G229,Directed,4622,,,1
G68,G230,Directed,4623,,,1
G69,G52,Directed,4624,,,1
G69,G71,Directed,4625,,,1
G69,G186,Directed,4626,,,1
G69,G312,Directed,4627,,,1
G69,G446,Directed,4628,,,1
G70,G59,Directed,4629,,,1
G70,G125,Directed,4630,,,1
G70,G145,Directed,4631,,,1
G70,G147,Directed,4632,,,1
G70,G186,Directed,4633,,,1
G70,G205,Directed,4634,,,1
G70,G208,Directed,4635,,,1
G70,G408,Directed,4636,,,1
G71,G52,Directed,4637,,,1
G71,G69,Directed,4638,,,1
G71,G186,Directed,4639,,,1
G71,G312,Directed,4640,,,1
G71,G373,Directed,4641,,,1
G72,G51,Directed,4642,,,1
G72,G186,Directed,4643,,,1
G72,G359,Directed,4644,,,1
G73,G146,Directed,4645,,,1
G73,G147,Directed,4646,,,1
G73,G281,Directed,4647,,,1
G73,G348,Directed,4648,,,1
G73,G349,Directed,4649,,,1
G73,G426,Directed,4650,,,1
G74,G340,Directed,4651,,,1
G74,G342,Directed,4652,,,1
G74,G383,Directed,4653,,,1
G74,G408,Directed,4654,,,1
G74,G444,Directed,4655,,,1
G74,G445,Directed,4656,,,1
G74,G449,Directed,4657,,,1
G75,G100,Directed,4658,,,1
G75,G155,Directed,4659,,,1
G75,G186,Directed,4660,,,1
G75,G298,Directed,4661,,,1
G75,G392,Directed,4662,,,1
G76,G29,Directed,4663,,,1
G76,G32,Directed,4664,,,1
G76,G186,Directed,4665,,,1
G77,G41,Directed,4666,,,1
G77,G155,Directed,4667,,,1
G77,G227,Directed,4668,,,1
G77,G228,Directed,4669,,,1
G77,G298,Directed,4670,,,1
G77,G422,Directed,4671,,,1
G78,G79,Directed,4672,,,1
G78,G155,Directed,4673,,,1
G78,G173,Directed,4674,,,1
G78,G174,Directed,4675,,,1
G78,G270,Directed,4676,,,1
G78,G343,Directed,4677,,,1
G79,G41,Directed,4678,,,1
G79,G78,Directed,4679,,,1
G79,G173,Directed,4680,,,1
G79,G174,Directed,4681,,,1
G79,G186,Directed,4682,,,1
G80,G81,Directed,4683,,,1
G80,G156,Directed,4684,,,1
G80,G186,Directed,4685,,,1
G80,G229,Directed,4686,,,1
G80,G230,Directed,4687,,,1
G80,G233,Directed,4688,,,1
G80,G272,Directed,4689,,,1
G80,G273,Directed,4690,,,1
G81,G80,Directed,4691,,,1
G81,G83,Directed,4692,,,1
G81,G186,Directed,4693,,,1
G81,G229,Directed,4694,,,1
G81,G230,Directed,4695,,,1
G81,G233,Directed,4696,,,1
G81,G272,Directed,4697,,,1
G81,G273,Directed,4698,,,1
G82,G84,Directed,4699,,,1
G82,G85,Directed,4700,,,1
G82,G186,Directed,4701,,,1
G82,G229,Directed,4702,,,1
G82,G230,Directed,4703,,,1
G82,G233,Directed,4704,,,1
G82,G272,Directed,4705,,,1
G82,G273,Directed,4706,,,1
G83,G81,Directed,4707,,,1
G83,G84,Directed,4708,,,1
G83,G186,Directed,4709,,,1
G83,G229,Directed,4710,,,1
G83,G230,Directed,4711,,,1
G83,G233,Directed,4712,,,1
G83,G272,Directed,4713,,,1
G83,G273,Directed,4714,,,1
G84,G82,Directed,4715,,,1
G84,G83,Directed,4716,,,1
G84,G186,Directed,4717,,,1
G84,G229,Directed,4718,,,1
G84,G230,Directed,4719,,,1
G84,G233,Directed,4720,,,1
G84,G272,Directed,4721,,,1
G84,G273,Directed,4722,,,1
G85,G82,Directed,4723,,,1
G85,G101,Directed,4724,,,1
G85,G153,Directed,4725,,,1
G85,G186,Directed,4726,,,1
G85,G229,Directed,4727,,,1
G85,G230,Directed,4728,,,1
G85,G233,Directed,4729,,,1
G86,G89,Directed,4730,,,1
G86,G121,Directed,4731,,,1
G86,G165,Directed,4732,,,1
G86,G227,Directed,4733,,,1
G86,G228,Directed,4734,,,1
G86,G268,Directed,4735,,,1
G87,G90,Directed,4736,,,1
G87,G100,Directed,4737,,,1
G87,G153,Directed,4738,,,1
G87,G227,Directed,4739,,,1
G87,G228,Directed,4740,,,1
G88,G38,Directed,4741,,,1
G88,G153,Directed,4742,,,1
G88,G186,Directed,4743,,,1
G88,G201,Directed,4744,,,1
G88,G202,Directed,4745,,,1
G88,G211,Directed,4746,,,1
G88,G221,Directed,4747,,,1
G88,G231,Directed,4748,,,1
G88,G427,Directed,4749,,,1
G89,G13,Directed,4750,,,1
G89,G31,Directed,4751,,,1
G89,G86,Directed,4752,,,1
G89,G90,Directed,4753,,,1
G89,G109,Directed,4754,,,1
G89,G114,Directed,4755,,,1
G89,G116,Directed,4756,,,1
G89,G153,Directed,4757,,,1
G89,G165,Directed,4758,,,1
G89,G171,Directed,4759,,,1
G89,G186,Directed,4760,,,1
G89,G193,Directed,4761,,,1
G89,G198,Directed,4762,,,1
G89,G205,Directed,4763,,,1
G89,G207,Directed,4764,,,1
G89,G208,Directed,4765,,,1
G89,G212,Directed,4766,,,1
G89,G214,Directed,4767,,,1
G89,G217,Directed,4768,,,1
G89,G223,Directed,4769,,,1
G89,G224,Directed,4770,,,1
G89,G227,Directed,4771,,,1
G89,G228,Directed,4772,,,1
G89,G229,Directed,4773,,,1
G89,G230,Directed,4774,,,1
G89,G231,Directed,4775,,,1
G89,G268,Directed,4776,,,1
G89,G269,Directed,4777,,,1
G89,G277,Directed,4778,,,1
G89,G282,Directed,4779,,,1
G89,G389,Directed,4780,,,1
G89,G392,Directed,4781,,,1
G89,G395,Directed,4782,,,1
G89,G409,Directed,4783,,,1
G89,G436,Directed,4784,,,1
G90,G30,Directed,4785,,,1
G90,G87,Directed,4786,,,1
G90,G89,Directed,4787,,,1
G90,G153,Directed,4788,,,1
G90,G205,Directed,4789,,,1
G90,G214,Directed,4790,,,1
G91,G68,Directed,4791,,,1
G91,G186,Directed,4792,,,1
G91,G417,Directed,4793,,,1
G92,G146,Directed,4794,,,1
G92,G147,Directed,4795,,,1
G92,G186,Directed,4796,,,1
G92,G408,Directed,4797,,,1
G93,G145,Directed,4798,,,1
G93,G147,Directed,4799,,,1
G93,G301,Directed,4800,,,1
G93,G303,Directed,4801,,,1
G93,G412,Directed,4802,,,1
G93,G440,Directed,4803,,,1
G93,G443,Directed,4804,,,1
G94,G95,Directed,4805,,,1
G94,G150,Directed,4806,,,1
G94,G152,Directed,4807,,,1
G94,G186,Directed,4808,,,1
G94,G285,Directed,4809,,,1
G94,G408,Directed,4810,,,1
G95,G94,Directed,4811,,,1
G95,G186,Directed,4812,,,1
G95,G408,Directed,4813,,,1
G96,G153,Directed,4814,,,1
G96,G155,Directed,4815,,,1
G96,G172,Directed,4816,,,1
G96,G220,Directed,4817,,,1
G96,G229,Directed,4818,,,1
G96,G230,Directed,4819,,,1
G96,G414,Directed,4820,,,1
G97,G98,Directed,4821,,,1
G97,G144,Directed,4822,,,1
G97,G186,Directed,4823,,,1
G97,G408,Directed,4824,,,1
G98,G97,Directed,4825,,,1
G98,G186,Directed,4826,,,1
G98,G229,Directed,4827,,,1
G98,G230,Directed,4828,,,1
G98,G432,Directed,4829,,,1
G99,G7,Directed,4830,,,1
G99,G193,Directed,4831,,,1
G99,G220,Directed,4832,,,1
G99,G227,Directed,4833,,,1
G99,G228,Directed,4834,,,1
G99,G427,Directed,4835,,,1
G100,G75,Directed,4836,,,1
G100,G87,Directed,4837,,,1
G100,G186,Directed,4838,,,1
G100,G227,Directed,4839,,,1
G100,G228,Directed,4840,,,1
G101,G85,Directed,4841,,,1
G101,G119,Directed,4842,,,1
G101,G153,Directed,4843,,,1
G101,G278,Directed,4844,,,1
G101,G426,Directed,4845,,,1
G102,G24,Directed,4846,,,1
G102,G155,Directed,4847,,,1
G102,G227,Directed,4848,,,1
G102,G228,Directed,4849,,,1
G102,G298,Directed,4850,,,1
G102,G402,Directed,4851,,,1
G103,G25,Directed,4852,,,1
G103,G155,Directed,4853,,,1
G103,G227,Directed,4854,,,1
G103,G228,Directed,4855,,,1
G103,G298,Directed,4856,,,1
G103,G309,Directed,4857,,,1
G104,G46,Directed,4858,,,1
G104,G155,Directed,4859,,,1
G104,G227,Directed,4860,,,1
G104,G228,Directed,4861,,,1
G104,G298,Directed,4862,,,1
G104,G337,Directed,4863,,,1
G105,G26,Directed,4864,,,1
G105,G155,Directed,4865,,,1
G105,G227,Directed,4866,,,1
G105,G228,Directed,4867,,,1
G105,G280,Directed,4868,,,1
G105,G298,Directed,4869,,,1
G106,G48,Directed,4870,,,1
G106,G155,Directed,4871,,,1
G106,G227,Directed,4872,,,1
G106,G228,Directed,4873,,,1
G106,G298,Directed,4874,,,1
G106,G401,Directed,4875,,,1
G107,G47,Directed,4876,,,1
G107,G155,Directed,4877,,,1
G107,G227,Directed,4878,,,1
G107,G228,Directed,4879,,,1
G107,G298,Directed,4880,,,1
G107,G394,Directed,4881,,,1
G108,G6,Directed,4882,,,1
G108,G68,Directed,4883,,,1
G108,G145,Directed,4884,,,1
G108,G147,Directed,4885,,,1
G108,G227,Directed,4886,,,1
G108,G228,Directed,4887,,,1
G108,G360,Directed,4888,,,1
G108,G408,Directed,4889,,,1
G108,G428,Directed,4890,,,1
G109,G68,Directed,4891,,,1
G109,G89,Directed,4892,,,1
G109,G205,Directed,4893,,,1
G109,G227,Directed,4894,,,1
G109,G228,Directed,4895,,,1
G109,G229,Directed,4896,,,1
G109,G230,Directed,4897,,,1
G109,G269,Directed,4898,,,1
G110,G145,Directed,4899,,,1
G110,G147,Directed,4900,,,1
G110,G266,Directed,4901,,,1
G110,G408,Directed,4902,,,1
G110,G417,Directed,4903,,,1
G110,G432,Directed,4904,,,1
G111,G129,Directed,4905,,,1
G111,G153,Directed,4906,,,1
G111,G186,Directed,4907,,,1
G111,G190,Directed,4908,,,1
G111,G231,Directed,4909,,,1
G112,G13,Directed,4910,,,1
G112,G130,Directed,4911,,,1
G112,G153,Directed,4912,,,1
G112,G186,Directed,4913,,,1
G112,G231,Directed,4914,,,1
G113,G186,Directed,4915,,,1
G113,G262,Directed,4916,,,1
G113,G452,Directed,4917,,,1
G114,G89,Directed,4918,,,1
G114,G153,Directed,4919,,,1
G114,G205,Directed,4920,,,1
G114,G436,Directed,4921,,,1
G115,G120,Directed,4922,,,1
G115,G186,Directed,4923,,,1
G115,G296,Directed,4924,,,1
G115,G365,Directed,4925,,,1
G116,G89,Directed,4926,,,1
G116,G117,Directed,4927,,,1
G116,G171,Directed,4928,,,1
G116,G186,Directed,4929,,,1
G116,G205,Directed,4930,,,1
G116,G227,Directed,4931,,,1
G116,G228,Directed,4932,,,1
G117,G40,Directed,4933,,,1
G117,G116,Directed,4934,,,1
G117,G186,Directed,4935,,,1
G117,G227,Directed,4936,,,1
G117,G228,Directed,4937,,,1
G118,G40,Directed,4938,,,1
G118,G173,Directed,4939,,,1
G118,G174,Directed,4940,,,1
G118,G186,Directed,4941,,,1
G119,G101,Directed,4942,,,1
G119,G278,Directed,4943,,,1
G119,G316,Directed,4944,,,1
G119,G426,Directed,4945,,,1
G119,G427,Directed,4946,,,1
G120,G115,Directed,4947,,,1
G120,G233,Directed,4948,,,1
G120,G385,Directed,4949,,,1
G121,G86,Directed,4950,,,1
G121,G157,Directed,4951,,,1
G121,G227,Directed,4952,,,1
G121,G228,Directed,4953,,,1
G122,G145,Directed,4954,,,1
G122,G147,Directed,4955,,,1
G122,G198,Directed,4956,,,1
G122,G199,Directed,4957,,,1
G122,G229,Directed,4958,,,1
G122,G230,Directed,4959,,,1
G122,G408,Directed,4960,,,1
G123,G56,Directed,4961,,,1
G123,G225,Directed,4962,,,1
G123,G274,Directed,4963,,,1
G123,G433,Directed,4964,,,1
G124,G60,Directed,4965,,,1
G124,G62,Directed,4966,,,1
G124,G128,Directed,4967,,,1
G124,G131,Directed,4968,,,1
G124,G132,Directed,4969,,,1
G124,G135,Directed,4970,,,1
G124,G365,Directed,4971,,,1
G124,G426,Directed,4972,,,1
G125,G62,Directed,4973,,,1
G125,G70,Directed,4974,,,1
G125,G128,Directed,4975,,,1
G125,G145,Directed,4976,,,1
G125,G147,Directed,4977,,,1
G125,G186,Directed,4978,,,1
G125,G205,Directed,4979,,,1
G125,G208,Directed,4980,,,1
G125,G248,Directed,4981,,,1
G125,G408,Directed,4982,,,1
G126,G133,Directed,4983,,,1
G126,G146,Directed,4984,,,1
G126,G147,Directed,4985,,,1
G126,G408,Directed,4986,,,1
G127,G128,Directed,4987,,,1
G127,G143,Directed,4988,,,1
G127,G186,Directed,4989,,,1
G127,G220,Directed,4990,,,1
G127,G231,Directed,4991,,,1
G127,G275,Directed,4992,,,1
G127,G332,Directed,4993,,,1
G127,G335,Directed,4994,,,1
G127,G344,Directed,4995,,,1
G127,G376,Directed,4996,,,1
G128,G62,Directed,4997,,,1
G128,G124,Directed,4998,,,1
G128,G125,Directed,4999,,,1
G128,G127,Directed,5000,,,1
G128,G132,Directed,5001,,,1
G128,G134,Directed,5002,,,1
G128,G143,Directed,5003,,,1
G128,G145,Directed,5004,,,1
G128,G147,Directed,5005,,,1
G128,G186,Directed,5006,,,1
G128,G205,Directed,5007,,,1
G128,G210,Directed,5008,,,1
G128,G216,Directed,5009,,,1
G128,G220,Directed,5010,,,1
G128,G229,Directed,5011,,,1
G128,G230,Directed,5012,,,1
G128,G231,Directed,5013,,,1
G128,G248,Directed,5014,,,1
G128,G275,Directed,5015,,,1
G128,G344,Directed,5016,,,1
G128,G376,Directed,5017,,,1
G128,G408,Directed,5018,,,1
G128,G441,Directed,5019,,,1
G129,G111,Directed,5020,,,1
G129,G186,Directed,5021,,,1
G129,G229,Directed,5022,,,1
G129,G230,Directed,5023,,,1
G129,G445,Directed,5024,,,1
G130,G112,Directed,5025,,,1
G130,G186,Directed,5026,,,1
G130,G229,Directed,5027,,,1
G130,G230,Directed,5028,,,1
G130,G449,Directed,5029,,,1
G131,G124,Directed,5030,,,1
G131,G135,Directed,5031,,,1
G131,G426,Directed,5032,,,1
G132,G62,Directed,5033,,,1
G132,G124,Directed,5034,,,1
G132,G128,Directed,5035,,,1
G132,G186,Directed,5036,,,1
G132,G188,Directed,5037,,,1
G133,G126,Directed,5038,,,1
G133,G146,Directed,5039,,,1
G133,G147,Directed,5040,,,1
G133,G408,Directed,5041,,,1
G134,G128,Directed,5042,,,1
G134,G210,Directed,5043,,,1
G134,G216,Directed,5044,,,1
G135,G124,Directed,5045,,,1
G135,G131,Directed,5046,,,1
G135,G136,Directed,5047,,,1
G135,G146,Directed,5048,,,1
G135,G147,Directed,5049,,,1
G135,G167,Directed,5050,,,1
G135,G183,Directed,5051,,,1
G135,G186,Directed,5052,,,1
G135,G205,Directed,5053,,,1
G135,G208,Directed,5054,,,1
G135,G250,Directed,5055,,,1
G135,G299,Directed,5056,,,1
G135,G304,Directed,5057,,,1
G135,G383,Directed,5058,,,1
G135,G406,Directed,5059,,,1
G135,G407,Directed,5060,,,1
G135,G426,Directed,5061,,,1
G136,G135,Directed,5062,,,1
G136,G145,Directed,5063,,,1
G136,G147,Directed,5064,,,1
G136,G186,Directed,5065,,,1
G136,G205,Directed,5066,,,1
G136,G208,Directed,5067,,,1
G136,G248,Directed,5068,,,1
G136,G376,Directed,5069,,,1
G136,G408,Directed,5070,,,1
G136,G426,Directed,5071,,,1
G137,G141,Directed,5072,,,1
G137,G184,Directed,5073,,,1
G137,G186,Directed,5074,,,1
G137,G205,Directed,5075,,,1
G137,G448,Directed,5076,,,1
G138,G232,Directed,5077,,,1
G139,G141,Directed,5078,,,1
G139,G142,Directed,5079,,,1
G139,G229,Directed,5080,,,1
G139,G230,Directed,5081,,,1
G140,G153,Directed,5082,,,1
G140,G160,Directed,5083,,,1
G140,G168,Directed,5084,,,1
G140,G186,Directed,5085,,,1
G140,G229,Directed,5086,,,1
G140,G230,Directed,5087,,,1
G141,G137,Directed,5088,,,1
G141,G139,Directed,5089,,,1
G141,G186,Directed,5090,,,1
G141,G229,Directed,5091,,,1
G141,G230,Directed,5092,,,1
G141,G448,Directed,5093,,,1
G142,G139,Directed,5094,,,1
G142,G229,Directed,5095,,,1
G142,G230,Directed,5096,,,1
G143,G127,Directed,5097,,,1
G143,G128,Directed,5098,,,1
G143,G145,Directed,5099,,,1
G143,G147,Directed,5100,,,1
G143,G205,Directed,5101,,,1
G143,G229,Directed,5102,,,1
G143,G230,Directed,5103,,,1
G143,G332,Directed,5104,,,1
G143,G335,Directed,5105,,,1
G143,G349,Directed,5106,,,1
G143,G408,Directed,5107,,,1
G144,G97,Directed,5108,,,1
G144,G157,Directed,5109,,,1
G144,G186,Directed,5110,,,1
G144,G408,Directed,5111,,,1
G144,G417,Directed,5112,,,1
G145,G4,Directed,5113,,,1
G145,G7,Directed,5114,,,1
G145,G14,Directed,5115,,,1
G145,G33,Directed,5116,,,1
G145,G36,Directed,5117,,,1
G145,G37,Directed,5118,,,1
G145,G53,Directed,5119,,,1
G145,G54,Directed,5120,,,1
G145,G58,Directed,5121,,,1
G145,G59,Directed,5122,,,1
G145,G60,Directed,5123,,,1
G145,G62,Directed,5124,,,1
G145,G63,Directed,5125,,,1
G145,G68,Directed,5126,,,1
G145,G70,Directed,5127,,,1
G145,G93,Directed,5128,,,1
G145,G108,Directed,5129,,,1
G145,G110,Directed,5130,,,1
G145,G122,Directed,5131,,,1
G145,G125,Directed,5132,,,1
G145,G128,Directed,5133,,,1
G145,G136,Directed,5134,,,1
G145,G143,Directed,5135,,,1
G145,G146,Directed,5136,,,1
G145,G147,Directed,5137,,,1
G145,G149,Directed,5138,,,1
G145,G152,Directed,5139,,,1
G145,G153,Directed,5140,,,1
G145,G154,Directed,5141,,,1
G145,G155,Directed,5142,,,1
G145,G158,Directed,5143,,,1
G145,G159,Directed,5144,,,1
G145,G162,Directed,5145,,,1
G145,G164,Directed,5146,,,1
G145,G167,Directed,5147,,,1
G145,G175,Directed,5148,,,1
G145,G176,Directed,5149,,,1
G145,G183,Directed,5150,,,1
G145,G184,Directed,5151,,,1
G145,G185,Directed,5152,,,1
G145,G186,Directed,5153,,,1
G145,G198,Directed,5154,,,1
G145,G202,Directed,5155,,,1
G145,G205,Directed,5156,,,1
G145,G206,Directed,5157,,,1
G145,G208,Directed,5158,,,1
G145,G211,Directed,5159,,,1
G145,G231,Directed,5160,,,1
G145,G235,Directed,5161,,,1
G145,G236,Directed,5162,,,1
G145,G237,Directed,5163,,,1
G145,G238,Directed,5164,,,1
G145,G244,Directed,5165,,,1
G145,G245,Directed,5166,,,1
G145,G248,Directed,5167,,,1
G145,G258,Directed,5168,,,1
G145,G259,Directed,5169,,,1
G145,G285,Directed,5170,,,1
G145,G300,Directed,5171,,,1
G145,G303,Directed,5172,,,1
G145,G306,Directed,5173,,,1
G145,G311,Directed,5174,,,1
G145,G318,Directed,5175,,,1
G145,G320,Directed,5176,,,1
G145,G321,Directed,5177,,,1
G145,G322,Directed,5178,,,1
G145,G323,Directed,5179,,,1
G145,G324,Directed,5180,,,1
G145,G325,Directed,5181,,,1
G145,G326,Directed,5182,,,1
G145,G327,Directed,5183,,,1
G145,G328,Directed,5184,,,1
G145,G329,Directed,5185,,,1
G145,G332,Directed,5186,,,1
G145,G333,Directed,5187,,,1
G145,G334,Directed,5188,,,1
G145,G335,Directed,5189,,,1
G145,G336,Directed,5190,,,1
G145,G342,Directed,5191,,,1
G145,G349,Directed,5192,,,1
G145,G364,Directed,5193,,,1
G145,G368,Directed,5194,,,1
G145,G370,Directed,5195,,,1
G145,G371,Directed,5196,,,1
G145,G373,Directed,5197,,,1
G145,G376,Directed,5198,,,1
G145,G390,Directed,5199,,,1
G145,G399,Directed,5200,,,1
G145,G404,Directed,5201,,,1
G145,G405,Directed,5202,,,1
G145,G408,Directed,5203,,,1
G145,G409,Directed,5204,,,1
G145,G416,Directed,5205,,,1
G145,G417,Directed,5206,,,1
G145,G422,Directed,5207,,,1
G145,G424,Directed,5208,,,1
G145,G425,Directed,5209,,,1
G145,G427,Directed,5210,,,1
G145,G430,Directed,5211,,,1
G145,G431,Directed,5212,,,1
G145,G432,Directed,5213,,,1
G145,G441,Directed,5214,,,1
G145,G444,Directed,5215,,,1
G145,G451,Directed,5216,,,1
G146,G73,Directed,5217,,,1
G146,G92,Directed,5218,,,1
G146,G126,Directed,5219,,,1
G146,G133,Directed,5220,,,1
G146,G135,Directed,5221,,,1
G146,G145,Directed,5222,,,1
G146,G147,Directed,5223,,,1
G146,G155,Directed,5224,,,1
G146,G158,Directed,5225,,,1
G146,G159,Directed,5226,,,1
G146,G164,Directed,5227,,,1
G146,G167,Directed,5228,,,1
G146,G176,Directed,5229,,,1
G146,G183,Directed,5230,,,1
G146,G184,Directed,5231,,,1
G146,G186,Directed,5232,,,1
G146,G188,Directed,5233,,,1
G146,G196,Directed,5234,,,1
G146,G197,Directed,5235,,,1
G146,G198,Directed,5236,,,1
G146,G200,Directed,5237,,,1
G146,G205,Directed,5238,,,1
G146,G208,Directed,5239,,,1
G146,G231,Directed,5240,,,1
G146,G246,Directed,5241,,,1
G146,G295,Directed,5242,,,1
G146,G298,Directed,5243,,,1
G146,G299,Directed,5244,,,1
G146,G300,Directed,5245,,,1
G146,G302,Directed,5246,,,1
G146,G348,Directed,5247,,,1
G146,G365,Directed,5248,,,1
G146,G405,Directed,5249,,,1
G146,G408,Directed,5250,,,1
G146,G413,Directed,5251,,,1
G146,G414,Directed,5252,,,1
G146,G419,Directed,5253,,,1
G146,G426,Directed,5254,,,1
G147,G4,Directed,5255,,,1
G147,G7,Directed,5256,,,1
G147,G14,Directed,5257,,,1
G147,G33,Directed,5258,,,1
G147,G36,Directed,5259,,,1
G147,G37,Directed,5260,,,1
G147,G53,Directed,5261,,,1
G147,G54,Directed,5262,,,1
G147,G58,Directed,5263,,,1
G147,G59,Directed,5264,,,1
G147,G60,Directed,5265,,,1
G147,G62,Directed,5266,,,1
G147,G63,Directed,5267,,,1
G147,G68,Directed,5268,,,1
G147,G70,Directed,5269,,,1
G147,G73,Directed,5270,,,1
G147,G92,Directed,5271,,,1
G147,G93,Directed,5272,,,1
G147,G108,Directed,5273,,,1
G147,G110,Directed,5274,,,1
G147,G122,Directed,5275,,,1
G147,G125,Directed,5276,,,1
G147,G126,Directed,5277,,,1
G147,G128,Directed,5278,,,1
G147,G133,Directed,5279,,,1
G147,G135,Directed,5280,,,1
G147,G136,Directed,5281,,,1
G147,G143,Directed,5282,,,1
G147,G145,Directed,5283,,,1
G147,G146,Directed,5284,,,1
G147,G149,Directed,5285,,,1
G147,G152,Directed,5286,,,1
G147,G153,Directed,5287,,,1
G147,G154,Directed,5288,,,1
G147,G155,Directed,5289,,,1
G147,G158,Directed,5290,,,1
G147,G159,Directed,5291,,,1
G147,G162,Directed,5292,,,1
G147,G164,Directed,5293,,,1
G147,G167,Directed,5294,,,1
G147,G173,Directed,5295,,,1
G147,G175,Directed,5296,,,1
G147,G176,Directed,5297,,,1
G147,G183,Directed,5298,,,1
G147,G184,Directed,5299,,,1
G147,G185,Directed,5300,,,1
G147,G186,Directed,5301,,,1
G147,G196,Directed,5302,,,1
G147,G197,Directed,5303,,,1
G147,G198,Directed,5304,,,1
G147,G200,Directed,5305,,,1
G147,G202,Directed,5306,,,1
G147,G205,Directed,5307,,,1
G147,G206,Directed,5308,,,1
G147,G208,Directed,5309,,,1
G147,G211,Directed,5310,,,1
G147,G216,Directed,5311,,,1
G147,G231,Directed,5312,,,1
G147,G235,Directed,5313,,,1
G147,G236,Directed,5314,,,1
G147,G237,Directed,5315,,,1
G147,G238,Directed,5316,,,1
G147,G244,Directed,5317,,,1
G147,G245,Directed,5318,,,1
G147,G246,Directed,5319,,,1
G147,G248,Directed,5320,,,1
G147,G258,Directed,5321,,,1
G147,G259,Directed,5322,,,1
G147,G273,Directed,5323,,,1
G147,G285,Directed,5324,,,1
G147,G295,Directed,5325,,,1
G147,G298,Directed,5326,,,1
G147,G300,Directed,5327,,,1
G147,G303,Directed,5328,,,1
G147,G306,Directed,5329,,,1
G147,G311,Directed,5330,,,1
G147,G318,Directed,5331,,,1
G147,G320,Directed,5332,,,1
G147,G321,Directed,5333,,,1
G147,G322,Directed,5334,,,1
G147,G323,Directed,5335,,,1
G147,G324,Directed,5336,,,1
G147,G325,Directed,5337,,,1
G147,G326,Directed,5338,,,1
G147,G327,Directed,5339,,,1
G147,G328,Directed,5340,,,1
G147,G329,Directed,5341,,,1
G147,G332,Directed,5342,,,1
G147,G333,Directed,5343,,,1
G147,G334,Directed,5344,,,1
G147,G335,Directed,5345,,,1
G147,G336,Directed,5346,,,1
G147,G342,Directed,5347,,,1
G147,G348,Directed,5348,,,1
G147,G349,Directed,5349,,,1
G147,G364,Directed,5350,,,1
G147,G368,Directed,5351,,,1
G147,G370,Directed,5352,,,1
G147,G371,Directed,5353,,,1
G147,G373,Directed,5354,,,1
G147,G376,Directed,5355,,,1
G147,G390,Directed,5356,,,1
G147,G399,Directed,5357,,,1
G147,G404,Directed,5358,,,1
G147,G408,Directed,5359,,,1
G147,G409,Directed,5360,,,1
G147,G413,Directed,5361,,,1
G147,G414,Directed,5362,,,1
G147,G416,Directed,5363,,,1
G147,G417,Directed,5364,,,1
G147,G419,Directed,5365,,,1
G147,G422,Directed,5366,,,1
G147,G424,Directed,5367,,,1
G147,G425,Directed,5368,,,1
G147,G426,Directed,5369,,,1
G147,G427,Directed,5370,,,1
G147,G430,Directed,5371,,,1
G147,G431,Directed,5372,,,1
G147,G432,Directed,5373,,,1
G147,G438,Directed,5374,,,1
G147,G441,Directed,5375,,,1
G147,G444,Directed,5376,,,1
G147,G451,Directed,5377,,,1
G148,G5,Directed,5378,,,1
G148,G186,Directed,5379,,,1
G149,G145,Directed,5380,,,1
G149,G147,Directed,5381,,,1
G149,G152,Directed,5382,,,1
G149,G154,Directed,5383,,,1
G149,G186,Directed,5384,,,1
G149,G323,Directed,5385,,,1
G149,G352,Directed,5386,,,1
G149,G355,Directed,5387,,,1
G149,G412,Directed,5388,,,1
G149,G429,Directed,5389,,,1
G150,G53,Directed,5390,,,1
G150,G55,Directed,5391,,,1
G150,G94,Directed,5392,,,1
G150,G152,Directed,5393,,,1
G150,G154,Directed,5394,,,1
G150,G285,Directed,5395,,,1
G150,G426,Directed,5396,,,1
G151,G154,Directed,5397,,,1
G151,G285,Directed,5398,,,1
G151,G426,Directed,5399,,,1
G152,G94,Directed,5400,,,1
G152,G145,Directed,5401,,,1
G152,G147,Directed,5402,,,1
G152,G149,Directed,5403,,,1
G152,G150,Directed,5404,,,1
G152,G285,Directed,5405,,,1
G152,G318,Directed,5406,,,1
G153,G13,Directed,5407,,,1
G153,G30,Directed,5408,,,1
G153,G33,Directed,5409,,,1
G153,G38,Directed,5410,,,1
G153,G39,Directed,5411,,,1
G153,G49,Directed,5412,,,1
G153,G56,Directed,5413,,,1
G153,G57,Directed,5414,,,1
G153,G58,Directed,5415,,,1
G153,G59,Directed,5416,,,1
G153,G61,Directed,5417,,,1
G153,G85,Directed,5418,,,1
G153,G87,Directed,5419,,,1
G153,G88,Directed,5420,,,1
G153,G89,Directed,5421,,,1
G153,G90,Directed,5422,,,1
G153,G96,Directed,5423,,,1
G153,G101,Directed,5424,,,1
G153,G111,Directed,5425,,,1
G153,G112,Directed,5426,,,1
G153,G114,Directed,5427,,,1
G153,G140,Directed,5428,,,1
G153,G145,Directed,5429,,,1
G153,G147,Directed,5430,,,1
G153,G155,Directed,5431,,,1
G153,G168,Directed,5432,,,1
G153,G173,Directed,5433,,,1
G153,G174,Directed,5434,,,1
G153,G186,Directed,5435,,,1
G153,G190,Directed,5436,,,1
G153,G205,Directed,5437,,,1
G153,G208,Directed,5438,,,1
G153,G217,Directed,5439,,,1
G153,G220,Directed,5440,,,1
G153,G227,Directed,5441,,,1
G153,G228,Directed,5442,,,1
G153,G229,Directed,5443,,,1
G153,G230,Directed,5444,,,1
G153,G231,Directed,5445,,,1
G153,G233,Directed,5446,,,1
G153,G244,Directed,5447,,,1
G153,G265,Directed,5448,,,1
G153,G270,Directed,5449,,,1
G153,G271,Directed,5450,,,1
G153,G276,Directed,5451,,,1
G153,G277,Directed,5452,,,1
G153,G282,Directed,5453,,,1
G153,G286,Directed,5454,,,1
G153,G306,Directed,5455,,,1
G153,G311,Directed,5456,,,1
G153,G370,Directed,5457,,,1
G153,G385,Directed,5458,,,1
G153,G389,Directed,5459,,,1
G153,G390,Directed,5460,,,1
G153,G391,Directed,5461,,,1
G153,G392,Directed,5462,,,1
G153,G395,Directed,5463,,,1
G153,G407,Directed,5464,,,1
G153,G408,Directed,5465,,,1
G153,G414,Directed,5466,,,1
G153,G415,Directed,5467,,,1
G153,G421,Directed,5468,,,1
G153,G422,Directed,5469,,,1
G153,G427,Directed,5470,,,1
G154,G53,Directed,5471,,,1
G154,G55,Directed,5472,,,1
G154,G145,Directed,5473,,,1
G154,G147,Directed,5474,,,1
G154,G149,Directed,5475,,,1
G154,G150,Directed,5476,,,1
G154,G151,Directed,5477,,,1
G154,G205,Directed,5478,,,1
G154,G208,Directed,5479,,,1
G154,G231,Directed,5480,,,1
G154,G245,Directed,5481,,,1
G154,G285,Directed,5482,,,1
G154,G352,Directed,5483,,,1
G154,G355,Directed,5484,,,1
G154,G408,Directed,5485,,,1
G154,G426,Directed,5486,,,1
G155,G32,Directed,5487,,,1
G155,G42,Directed,5488,,,1
G155,G43,Directed,5489,,,1
G155,G45,Directed,5490,,,1
G155,G49,Directed,5491,,,1
G155,G75,Directed,5492,,,1
G155,G77,Directed,5493,,,1
G155,G78,Directed,5494,,,1
G155,G96,Directed,5495,,,1
G155,G102,Directed,5496,,,1
G155,G103,Directed,5497,,,1
G155,G104,Directed,5498,,,1
G155,G105,Directed,5499,,,1
G155,G106,Directed,5500,,,1
G155,G107,Directed,5501,,,1
G155,G145,Directed,5502,,,1
G155,G146,Directed,5503,,,1
G155,G147,Directed,5504,,,1
G155,G153,Directed,5505,,,1
G155,G176,Directed,5506,,,1
G155,G184,Directed,5507,,,1
G155,G186,Directed,5508,,,1
G155,G215,Directed,5509,,,1
G155,G220,Directed,5510,,,1
G155,G227,Directed,5511,,,1
G155,G228,Directed,5512,,,1
G155,G264,Directed,5513,,,1
G155,G267,Directed,5514,,,1
G155,G270,Directed,5515,,,1
G155,G271,Directed,5516,,,1
G155,G276,Directed,5517,,,1
G155,G277,Directed,5518,,,1
G155,G280,Directed,5519,,,1
G155,G295,Directed,5520,,,1
G155,G297,Directed,5521,,,1
G155,G298,Directed,5522,,,1
G155,G309,Directed,5523,,,1
G155,G317,Directed,5524,,,1
G155,G337,Directed,5525,,,1
G155,G343,Directed,5526,,,1
G155,G368,Directed,5527,,,1
G155,G370,Directed,5528,,,1
G155,G382,Directed,5529,,,1
G155,G388,Directed,5530,,,1
G155,G392,Directed,5531,,,1
G155,G394,Directed,5532,,,1
G155,G401,Directed,5533,,,1
G155,G402,Directed,5534,,,1
G155,G408,Directed,5535,,,1
G155,G409,Directed,5536,,,1
G155,G413,Directed,5537,,,1
G155,G414,Directed,5538,,,1
G155,G422,Directed,5539,,,1
G155,G426,Directed,5540,,,1
G155,G434,Directed,5541,,,1
G155,G435,Directed,5542,,,1
G155,G437,Directed,5543,,,1
G156,G80,Directed,5544,,,1
G156,G272,Directed,5545,,,1
G156,G273,Directed,5546,,,1
G157,G6,Directed,5547,,,1
G157,G121,Directed,5548,,,1
G157,G144,Directed,5549,,,1
G157,G159,Directed,5550,,,1
G157,G169,Directed,5551,,,1
G157,G170,Directed,5552,,,1
G157,G186,Directed,5553,,,1
G157,G227,Directed,5554,,,1
G157,G228,Directed,5555,,,1
G157,G408,Directed,5556,,,1
G157,G417,Directed,5557,,,1
G158,G6,Directed,5558,,,1
G158,G145,Directed,5559,,,1
G158,G146,Directed,5560,,,1
G158,G147,Directed,5561,,,1
G158,G159,Directed,5562,,,1
G158,G350,Directed,5563,,,1
G158,G374,Directed,5564,,,1
G159,G6,Directed,5565,,,1
G159,G145,Directed,5566,,,1
G159,G146,Directed,5567,,,1
G159,G147,Directed,5568,,,1
G159,G157,Directed,5569,,,1
G159,G158,Directed,5570,,,1
G159,G161,Directed,5571,,,1
G159,G164,Directed,5572,,,1
G159,G169,Directed,5573,,,1
G159,G170,Directed,5574,,,1
G159,G186,Directed,5575,,,1
G159,G231,Directed,5576,,,1
G160,G140,Directed,5577,,,1
G160,G164,Directed,5578,,,1
G160,G186,Directed,5579,,,1
G160,G229,Directed,5580,,,1
G160,G230,Directed,5581,,,1
G161,G159,Directed,5582,,,1
G161,G186,Directed,5583,,,1
G161,G231,Directed,5584,,,1
G161,G259,Directed,5585,,,1
G161,G295,Directed,5586,,,1
G162,G145,Directed,5587,,,1
G162,G147,Directed,5588,,,1
G162,G164,Directed,5589,,,1
G162,G186,Directed,5590,,,1
G162,G393,Directed,5591,,,1
G162,G404,Directed,5592,,,1
G163,G238,Directed,5593,,,1
G163,G243,Directed,5594,,,1
G163,G245,Directed,5595,,,1
G163,G426,Directed,5596,,,1
G164,G66,Directed,5597,,,1
G164,G145,Directed,5598,,,1
G164,G146,Directed,5599,,,1
G164,G147,Directed,5600,,,1
G164,G159,Directed,5601,,,1
G164,G160,Directed,5602,,,1
G164,G162,Directed,5603,,,1
G164,G229,Directed,5604,,,1
G164,G230,Directed,5605,,,1
G164,G405,Directed,5606,,,1
G165,G86,Directed,5607,,,1
G165,G89,Directed,5608,,,1
G165,G268,Directed,5609,,,1
G166,G34,Directed,5610,,,1
G166,G186,Directed,5611,,,1
G166,G361,Directed,5612,,,1
G166,G362,Directed,5613,,,1
G166,G371,Directed,5614,,,1
G166,G427,Directed,5615,,,1
G167,G6,Directed,5616,,,1
G167,G135,Directed,5617,,,1
G167,G145,Directed,5618,,,1
G167,G146,Directed,5619,,,1
G167,G147,Directed,5620,,,1
G167,G168,Directed,5621,,,1
G167,G169,Directed,5622,,,1
G167,G170,Directed,5623,,,1
G167,G431,Directed,5624,,,1
G168,G140,Directed,5625,,,1
G168,G153,Directed,5626,,,1
G168,G167,Directed,5627,,,1
G168,G170,Directed,5628,,,1
G168,G229,Directed,5629,,,1
G168,G230,Directed,5630,,,1
G169,G6,Directed,5631,,,1
G169,G157,Directed,5632,,,1
G169,G159,Directed,5633,,,1
G169,G167,Directed,5634,,,1
G169,G170,Directed,5635,,,1
G170,G6,Directed,5636,,,1
G170,G157,Directed,5637,,,1
G170,G159,Directed,5638,,,1
G170,G167,Directed,5639,,,1
G170,G168,Directed,5640,,,1
G170,G169,Directed,5641,,,1
G171,G89,Directed,5642,,,1
G171,G116,Directed,5643,,,1
G171,G205,Directed,5644,,,1
G171,G382,Directed,5645,,,1
G171,G427,Directed,5646,,,1
G172,G96,Directed,5647,,,1
G172,G173,Directed,5648,,,1
G172,G174,Directed,5649,,,1
G172,G229,Directed,5650,,,1
G172,G230,Directed,5651,,,1
G172,G434,Directed,5652,,,1
G173,G40,Directed,5653,,,1
G173,G78,Directed,5654,,,1
G173,G79,Directed,5655,,,1
G173,G118,Directed,5656,,,1
G173,G147,Directed,5657,,,1
G173,G153,Directed,5658,,,1
G173,G172,Directed,5659,,,1
G173,G174,Directed,5660,,,1
G173,G175,Directed,5661,,,1
G173,G186,Directed,5662,,,1
G173,G280,Directed,5663,,,1
G173,G285,Directed,5664,,,1
G173,G286,Directed,5665,,,1
G173,G287,Directed,5666,,,1
G173,G288,Directed,5667,,,1
G173,G289,Directed,5668,,,1
G173,G290,Directed,5669,,,1
G173,G291,Directed,5670,,,1
G173,G292,Directed,5671,,,1
G173,G309,Directed,5672,,,1
G173,G337,Directed,5673,,,1
G173,G365,Directed,5674,,,1
G173,G370,Directed,5675,,,1
G173,G374,Directed,5676,,,1
G173,G388,Directed,5677,,,1
G173,G394,Directed,5678,,,1
G173,G396,Directed,5679,,,1
G173,G401,Directed,5680,,,1
G173,G402,Directed,5681,,,1
G173,G414,Directed,5682,,,1
G173,G426,Directed,5683,,,1
G173,G434,Directed,5684,,,1
G173,G435,Directed,5685,,,1
G174,G40,Directed,5686,,,1
G174,G78,Directed,5687,,,1
G174,G79,Directed,5688,,,1
G174,G118,Directed,5689,,,1
G174,G153,Directed,5690,,,1
G174,G172,Directed,5691,,,1
G174,G173,Directed,5692,,,1
G174,G186,Directed,5693,,,1
G174,G280,Directed,5694,,,1
G174,G285,Directed,5695,,,1
G174,G286,Directed,5696,,,1
G174,G287,Directed,5697,,,1
G174,G288,Directed,5698,,,1
G174,G289,Directed,5699,,,1
G174,G290,Directed,5700,,,1
G174,G291,Directed,5701,,,1
G174,G292,Directed,5702,,,1
G174,G309,Directed,5703,,,1
G174,G337,Directed,5704,,,1
G174,G365,Directed,5705,,,1
G174,G370,Directed,5706,,,1
G174,G374,Directed,5707,,,1
G174,G388,Directed,5708,,,1
G174,G394,Directed,5709,,,1
G174,G396,Directed,5710,,,1
G174,G401,Directed,5711,,,1
G174,G402,Directed,5712,,,1
G174,G414,Directed,5713,,,1
G174,G434,Directed,5714,,,1
G174,G435,Directed,5715,,,1
G175,G145,Directed,5716,,,1
G175,G147,Directed,5717,,,1
G175,G173,Directed,5718,,,1
G175,G426,Directed,5719,,,1
G175,G430,Directed,5720,,,1
G176,G9,Directed,5721,,,1
G176,G12,Directed,5722,,,1
G176,G16,Directed,5723,,,1
G176,G17,Directed,5724,,,1
G176,G18,Directed,5725,,,1
G176,G145,Directed,5726,,,1
G176,G146,Directed,5727,,,1
G176,G147,Directed,5728,,,1
G176,G155,Directed,5729,,,1
G176,G182,Directed,5730,,,1
G176,G183,Directed,5731,,,1
G176,G184,Directed,5732,,,1
G176,G186,Directed,5733,,,1
G176,G188,Directed,5734,,,1
G176,G198,Directed,5735,,,1
G176,G249,Directed,5736,,,1
G176,G295,Directed,5737,,,1
G176,G298,Directed,5738,,,1
G176,G302,Directed,5739,,,1
G176,G408,Directed,5740,,,1
G176,G420,Directed,5741,,,1
G176,G426,Directed,5742,,,1
G176,G435,Directed,5743,,,1
G176,G437,Directed,5744,,,1
G177,G180,Directed,5745,,,1
G177,G229,Directed,5746,,,1
G177,G230,Directed,5747,,,1
G177,G330,Directed,5748,,,1
G178,G179,Directed,5749,,,1
G178,G181,Directed,5750,,,1
G178,G229,Directed,5751,,,1
G178,G230,Directed,5752,,,1
G179,G178,Directed,5753,,,1
G179,G182,Directed,5754,,,1
G179,G186,Directed,5755,,,1
G180,G177,Directed,5756,,,1
G180,G229,Directed,5757,,,1
G180,G230,Directed,5758,,,1
G181,G178,Directed,5759,,,1
G181,G229,Directed,5760,,,1
G181,G230,Directed,5761,,,1
G182,G9,Directed,5762,,,1
G182,G12,Directed,5763,,,1
G182,G16,Directed,5764,,,1
G182,G17,Directed,5765,,,1
G182,G18,Directed,5766,,,1
G182,G176,Directed,5767,,,1
G182,G179,Directed,5768,,,1
G182,G186,Directed,5769,,,1
G182,G249,Directed,5770,,,1
G183,G135,Directed,5771,,,1
G183,G145,Directed,5772,,,1
G183,G146,Directed,5773,,,1
G183,G147,Directed,5774,,,1
G183,G176,Directed,5775,,,1
G183,G186,Directed,5776,,,1
G183,G188,Directed,5777,,,1
G183,G205,Directed,5778,,,1
G183,G208,Directed,5779,,,1
G183,G229,Directed,5780,,,1
G183,G230,Directed,5781,,,1
G183,G231,Directed,5782,,,1
G183,G246,Directed,5783,,,1
G183,G310,Directed,5784,,,1
G183,G383,Directed,5785,,,1
G183,G426,Directed,5786,,,1
G184,G137,Directed,5787,,,1
G184,G145,Directed,5788,,,1
G184,G146,Directed,5789,,,1
G184,G147,Directed,5790,,,1
G184,G155,Directed,5791,,,1
G184,G176,Directed,5792,,,1
G184,G186,Directed,5793,,,1
G184,G188,Directed,5794,,,1
G184,G198,Directed,5795,,,1
G184,G205,Directed,5796,,,1
G184,G295,Directed,5797,,,1
G184,G298,Directed,5798,,,1
G184,G302,Directed,5799,,,1
G184,G310,Directed,5800,,,1
G184,G347,Directed,5801,,,1
G184,G408,Directed,5802,,,1
G184,G435,Directed,5803,,,1
G184,G437,Directed,5804,,,1
G185,G145,Directed,5805,,,1
G185,G147,Directed,5806,,,1
G185,G186,Directed,5807,,,1
G185,G187,Directed,5808,,,1
G185,G233,Directed,5809,,,1
G185,G234,Directed,5810,,,1
G185,G306,Directed,5811,,,1
G185,G408,Directed,5812,,,1
G185,G453,Directed,5813,,,1
G186,G1,Directed,5814,,,1
G186,G2,Directed,5815,,,1
G186,G3,Directed,5816,,,1
G186,G5,Directed,5817,,,1
G186,G13,Directed,5818,,,1
G186,G24,Directed,5819,,,1
G186,G25,Directed,5820,,,1
G186,G26,Directed,5821,,,1
G186,G27,Directed,5822,,,1
G186,G28,Directed,5823,,,1
G186,G29,Directed,5824,,,1
G186,G31,Directed,5825,,,1
G186,G32,Directed,5826,,,1
G186,G34,Directed,5827,,,1
G186,G40,Directed,5828,,,1
G186,G41,Directed,5829,,,1
G186,G42,Directed,5830,,,1
G186,G43,Directed,5831,,,1
G186,G45,Directed,5832,,,1
G186,G46,Directed,5833,,,1
G186,G47,Directed,5834,,,1
G186,G48,Directed,5835,,,1
G186,G50,Directed,5836,,,1
G186,G51,Directed,5837,,,1
G186,G52,Directed,5838,,,1
G186,G57,Directed,5839,,,1
G186,G61,Directed,5840,,,1
G186,G64,Directed,5841,,,1
G186,G66,Directed,5842,,,1
G186,G67,Directed,5843,,,1
G186,G69,Directed,5844,,,1
G186,G70,Directed,5845,,,1
G186,G71,Directed,5846,,,1
G186,G72,Directed,5847,,,1
G186,G75,Directed,5848,,,1
G186,G76,Directed,5849,,,1
G186,G79,Directed,5850,,,1
G186,G80,Directed,5851,,,1
G186,G81,Directed,5852,,,1
G186,G82,Directed,5853,,,1
G186,G83,Directed,5854,,,1
G186,G84,Directed,5855,,,1
G186,G85,Directed,5856,,,1
G186,G88,Directed,5857,,,1
G186,G89,Directed,5858,,,1
G186,G91,Directed,5859,,,1
G186,G92,Directed,5860,,,1
G186,G94,Directed,5861,,,1
G186,G95,Directed,5862,,,1
G186,G97,Directed,5863,,,1
G186,G98,Directed,5864,,,1
G186,G100,Directed,5865,,,1
G186,G111,Directed,5866,,,1
G186,G112,Directed,5867,,,1
G186,G113,Directed,5868,,,1
G186,G115,Directed,5869,,,1
G186,G116,Directed,5870,,,1
G186,G117,Directed,5871,,,1
G186,G118,Directed,5872,,,1
G186,G125,Directed,5873,,,1
G186,G127,Directed,5874,,,1
G186,G128,Directed,5875,,,1
G186,G129,Directed,5876,,,1
G186,G130,Directed,5877,,,1
G186,G132,Directed,5878,,,1
G186,G135,Directed,5879,,,1
G186,G136,Directed,5880,,,1
G186,G137,Directed,5881,,,1
G186,G140,Directed,5882,,,1
G186,G141,Directed,5883,,,1
G186,G144,Directed,5884,,,1
G186,G145,Directed,5885,,,1
G186,G146,Directed,5886,,,1
G186,G147,Directed,5887,,,1
G186,G148,Directed,5888,,,1
G186,G149,Directed,5889,,,1
G186,G153,Directed,5890,,,1
G186,G155,Directed,5891,,,1
G186,G157,Directed,5892,,,1
G186,G159,Directed,5893,,,1
G186,G160,Directed,5894,,,1
G186,G161,Directed,5895,,,1
G186,G162,Directed,5896,,,1
G186,G166,Directed,5897,,,1
G186,G173,Directed,5898,,,1
G186,G174,Directed,5899,,,1
G186,G176,Directed,5900,,,1
G186,G179,Directed,5901,,,1
G186,G182,Directed,5902,,,1
G186,G183,Directed,5903,,,1
G186,G184,Directed,5904,,,1
G186,G185,Directed,5905,,,1
G186,G187,Directed,5906,,,1
G186,G188,Directed,5907,,,1
G186,G190,Directed,5908,,,1
G186,G191,Directed,5909,,,1
G186,G194,Directed,5910,,,1
G186,G195,Directed,5911,,,1
G186,G197,Directed,5912,,,1
G186,G198,Directed,5913,,,1
G186,G201,Directed,5914,,,1
G186,G202,Directed,5915,,,1
G186,G203,Directed,5916,,,1
G186,G204,Directed,5917,,,1
G186,G205,Directed,5918,,,1
G186,G207,Directed,5919,,,1
G186,G208,Directed,5920,,,1
G186,G210,Directed,5921,,,1
G186,G211,Directed,5922,,,1
G186,G213,Directed,5923,,,1
G186,G215,Directed,5924,,,1
G186,G216,Directed,5925,,,1
G186,G217,Directed,5926,,,1
G186,G219,Directed,5927,,,1
G186,G220,Directed,5928,,,1
G186,G221,Directed,5929,,,1
G186,G226,Directed,5930,,,1
G186,G227,Directed,5931,,,1
G186,G228,Directed,5932,,,1
G186,G229,Directed,5933,,,1
G186,G230,Directed,5934,,,1
G186,G231,Directed,5935,,,1
G186,G233,Directed,5936,,,1
G186,G238,Directed,5937,,,1
G186,G239,Directed,5938,,,1
G186,G243,Directed,5939,,,1
G186,G246,Directed,5940,,,1
G186,G247,Directed,5941,,,1
G186,G251,Directed,5942,,,1
G186,G252,Directed,5943,,,1
G186,G253,Directed,5944,,,1
G186,G254,Directed,5945,,,1
G186,G255,Directed,5946,,,1
G186,G256,Directed,5947,,,1
G186,G259,Directed,5948,,,1
G186,G260,Directed,5949,,,1
G186,G261,Directed,5950,,,1
G186,G262,Directed,5951,,,1
G186,G269,Directed,5952,,,1
G186,G272,Directed,5953,,,1
G186,G273,Directed,5954,,,1
G186,G279,Directed,5955,,,1
G186,G283,Directed,5956,,,1
G186,G284,Directed,5957,,,1
G186,G285,Directed,5958,,,1
G186,G286,Directed,5959,,,1
G186,G287,Directed,5960,,,1
G186,G288,Directed,5961,,,1
G186,G289,Directed,5962,,,1
G186,G290,Directed,5963,,,1
G186,G291,Directed,5964,,,1
G186,G292,Directed,5965,,,1
G186,G293,Directed,5966,,,1
G186,G294,Directed,5967,,,1
G186,G295,Directed,5968,,,1
G186,G296,Directed,5969,,,1
G186,G297,Directed,5970,,,1
G186,G298,Directed,5971,,,1
G186,G299,Directed,5972,,,1
G186,G300,Directed,5973,,,1
G186,G302,Directed,5974,,,1
G186,G305,Directed,5975,,,1
G186,G306,Directed,5976,,,1
G186,G307,Directed,5977,,,1
G186,G308,Directed,5978,,,1
G186,G310,Directed,5979,,,1
G186,G311,Directed,5980,,,1
G186,G312,Directed,5981,,,1
G186,G313,Directed,5982,,,1
G186,G314,Directed,5983,,,1
G186,G315,Directed,5984,,,1
G186,G317,Directed,5985,,,1
G186,G318,Directed,5986,,,1
G186,G319,Directed,5987,,,1
G186,G323,Directed,5988,,,1
G186,G324,Directed,5989,,,1
G186,G330,Directed,5990,,,1
G186,G331,Directed,5991,,,1
G186,G334,Directed,5992,,,1
G186,G335,Directed,5993,,,1
G186,G336,Directed,5994,,,1
G186,G338,Directed,5995,,,1
G186,G339,Directed,5996,,,1
G186,G341,Directed,5997,,,1
G186,G342,Directed,5998,,,1
G186,G345,Directed,5999,,,1
G186,G346,Directed,6000,,,1
G186,G347,Directed,6001,,,1
G186,G359,Directed,6002,,,1
G186,G363,Directed,6003,,,1
G186,G365,Directed,6004,,,1
G186,G369,Directed,6005,,,1
G186,G371,Directed,6006,,,1
G186,G373,Directed,6007,,,1
G186,G375,Directed,6008,,,1
G186,G376,Directed,6009,,,1
G186,G381,Directed,6010,,,1
G186,G382,Directed,6011,,,1
G186,G383,Directed,6012,,,1
G186,G384,Directed,6013,,,1
G186,G386,Directed,6014,,,1
G186,G387,Directed,6015,,,1
G186,G389,Directed,6016,,,1
G186,G392,Directed,6017,,,1
G186,G393,Directed,6018,,,1
G186,G396,Directed,6019,,,1
G186,G400,Directed,6020,,,1
G186,G404,Directed,6021,,,1
G186,G408,Directed,6022,,,1
G186,G409,Directed,6023,,,1
G186,G410,Directed,6024,,,1
G186,G411,Directed,6025,,,1
G186,G412,Directed,6026,,,1
G186,G413,Directed,6027,,,1
G186,G416,Directed,6028,,,1
G186,G417,Directed,6029,,,1
G186,G418,Directed,6030,,,1
G186,G419,Directed,6031,,,1
G186,G420,Directed,6032,,,1
G186,G426,Directed,6033,,,1
G186,G427,Directed,6034,,,1
G186,G429,Directed,6035,,,1
G186,G431,Directed,6036,,,1
G186,G435,Directed,6037,,,1
G186,G436,Directed,6038,,,1
G186,G438,Directed,6039,,,1
G186,G439,Directed,6040,,,1
G186,G440,Directed,6041,,,1
G186,G442,Directed,6042,,,1
G186,G443,Directed,6043,,,1
G186,G446,Directed,6044,,,1
G186,G447,Directed,6045,,,1
G186,G448,Directed,6046,,,1
G186,G449,Directed,6047,,,1
G186,G450,Directed,6048,,,1
G186,G451,Directed,6049,,,1
G186,G452,Directed,6050,,,1
G187,G185,Directed,6051,,,1
G187,G186,Directed,6052,,,1
G187,G226,Directed,6053,,,1
G187,G233,Directed,6054,,,1
G187,G234,Directed,6055,,,1
G187,G363,Directed,6056,,,1
G187,G371,Directed,6057,,,1
G187,G376,Directed,6058,,,1
G187,G381,Directed,6059,,,1
G187,G382,Directed,6060,,,1
G187,G411,Directed,6061,,,1
G187,G423,Directed,6062,,,1
G187,G425,Directed,6063,,,1
G188,G132,Directed,6064,,,1
G188,G146,Directed,6065,,,1
G188,G176,Directed,6066,,,1
G188,G183,Directed,6067,,,1
G188,G184,Directed,6068,,,1
G188,G186,Directed,6069,,,1
G188,G198,Directed,6070,,,1
G188,G227,Directed,6071,,,1
G188,G228,Directed,6072,,,1
G188,G229,Directed,6073,,,1
G188,G230,Directed,6074,,,1
G188,G231,Directed,6075,,,1
G188,G246,Directed,6076,,,1
G188,G302,Directed,6077,,,1
G188,G408,Directed,6078,,,1
G189,G361,Directed,6079,,,1
G189,G362,Directed,6080,,,1
G189,G427,Directed,6081,,,1
G190,G111,Directed,6082,,,1
G190,G153,Directed,6083,,,1
G190,G186,Directed,6084,,,1
G190,G231,Directed,6085,,,1
G191,G186,Directed,6086,,,1
G191,G227,Directed,6087,,,1
G191,G228,Directed,6088,,,1
G191,G286,Directed,6089,,,1
G191,G297,Directed,6090,,,1
G192,G293,Directed,6091,,,1
G192,G376,Directed,6092,,,1
G193,G13,Directed,6093,,,1
G193,G89,Directed,6094,,,1
G193,G99,Directed,6095,,,1
G193,G205,Directed,6096,,,1
G193,G212,Directed,6097,,,1
G193,G220,Directed,6098,,,1
G193,G224,Directed,6099,,,1
G193,G376,Directed,6100,,,1
G193,G382,Directed,6101,,,1
G193,G391,Directed,6102,,,1
G193,G392,Directed,6103,,,1
G193,G427,Directed,6104,,,1
G194,G186,Directed,6105,,,1
G194,G219,Directed,6106,,,1
G194,G260,Directed,6107,,,1
G195,G186,Directed,6108,,,1
G195,G196,Directed,6109,,,1
G195,G217,Directed,6110,,,1
G195,G365,Directed,6111,,,1
G195,G450,Directed,6112,,,1
G196,G146,Directed,6113,,,1
G196,G147,Directed,6114,,,1
G196,G195,Directed,6115,,,1
G196,G198,Directed,6116,,,1
G196,G200,Directed,6117,,,1
G196,G365,Directed,6118,,,1
G196,G426,Directed,6119,,,1
G197,G146,Directed,6120,,,1
G197,G147,Directed,6121,,,1
G197,G186,Directed,6122,,,1
G197,G198,Directed,6123,,,1
G197,G205,Directed,6124,,,1
G197,G208,Directed,6125,,,1
G197,G231,Directed,6126,,,1
G197,G426,Directed,6127,,,1
G198,G58,Directed,6128,,,1
G198,G60,Directed,6129,,,1
G198,G89,Directed,6130,,,1
G198,G122,Directed,6131,,,1
G198,G145,Directed,6132,,,1
G198,G146,Directed,6133,,,1
G198,G147,Directed,6134,,,1
G198,G176,Directed,6135,,,1
G198,G184,Directed,6136,,,1
G198,G186,Directed,6137,,,1
G198,G188,Directed,6138,,,1
G198,G196,Directed,6139,,,1
G198,G197,Directed,6140,,,1
G198,G200,Directed,6141,,,1
G198,G205,Directed,6142,,,1
G198,G208,Directed,6143,,,1
G198,G231,Directed,6144,,,1
G198,G261,Directed,6145,,,1
G198,G302,Directed,6146,,,1
G198,G311,Directed,6147,,,1
G198,G365,Directed,6148,,,1
G198,G408,Directed,6149,,,1
G198,G409,Directed,6150,,,1
G198,G426,Directed,6151,,,1
G199,G122,Directed,6152,,,1
G199,G211,Directed,6153,,,1
G199,G227,Directed,6154,,,1
G199,G228,Directed,6155,,,1
G199,G229,Directed,6156,,,1
G199,G230,Directed,6157,,,1
G199,G408,Directed,6158,,,1
G200,G146,Directed,6159,,,1
G200,G147,Directed,6160,,,1
G200,G196,Directed,6161,,,1
G200,G198,Directed,6162,,,1
G200,G217,Directed,6163,,,1
G200,G311,Directed,6164,,,1
G200,G408,Directed,6165,,,1
G200,G426,Directed,6166,,,1
G201,G88,Directed,6167,,,1
G201,G186,Directed,6168,,,1
G201,G202,Directed,6169,,,1
G201,G210,Directed,6170,,,1
G201,G220,Directed,6171,,,1
G201,G231,Directed,6172,,,1
G202,G14,Directed,6173,,,1
G202,G88,Directed,6174,,,1
G202,G145,Directed,6175,,,1
G202,G147,Directed,6176,,,1
G202,G186,Directed,6177,,,1
G202,G201,Directed,6178,,,1
G202,G205,Directed,6179,,,1
G202,G220,Directed,6180,,,1
G202,G231,Directed,6181,,,1
G202,G267,Directed,6182,,,1
G202,G295,Directed,6183,,,1
G202,G408,Directed,6184,,,1
G202,G427,Directed,6185,,,1
G202,G439,Directed,6186,,,1
G202,G442,Directed,6187,,,1
G203,G186,Directed,6188,,,1
G203,G231,Directed,6189,,,1
G203,G427,Directed,6190,,,1
G203,G442,Directed,6191,,,1
G204,G186,Directed,6192,,,1
G204,G205,Directed,6193,,,1
G204,G213,Directed,6194,,,1
G204,G222,Directed,6195,,,1
G204,G233,Directed,6196,,,1
G204,G426,Directed,6197,,,1
G205,G13,Directed,6198,,,1
G205,G14,Directed,6199,,,1
G205,G31,Directed,6200,,,1
G205,G62,Directed,6201,,,1
G205,G63,Directed,6202,,,1
G205,G70,Directed,6203,,,1
G205,G89,Directed,6204,,,1
G205,G90,Directed,6205,,,1
G205,G109,Directed,6206,,,1
G205,G114,Directed,6207,,,1
G205,G116,Directed,6208,,,1
G205,G125,Directed,6209,,,1
G205,G128,Directed,6210,,,1
G205,G135,Directed,6211,,,1
G205,G136,Directed,6212,,,1
G205,G137,Directed,6213,,,1
G205,G143,Directed,6214,,,1
G205,G145,Directed,6215,,,1
G205,G146,Directed,6216,,,1
G205,G147,Directed,6217,,,1
G205,G153,Directed,6218,,,1
G205,G154,Directed,6219,,,1
G205,G171,Directed,6220,,,1
G205,G183,Directed,6221,,,1
G205,G184,Directed,6222,,,1
G205,G186,Directed,6223,,,1
G205,G193,Directed,6224,,,1
G205,G197,Directed,6225,,,1
G205,G198,Directed,6226,,,1
G205,G202,Directed,6227,,,1
G205,G204,Directed,6228,,,1
G205,G206,Directed,6229,,,1
G205,G207,Directed,6230,,,1
G205,G208,Directed,6231,,,1
G205,G212,Directed,6232,,,1
G205,G213,Directed,6233,,,1
G205,G214,Directed,6234,,,1
G205,G217,Directed,6235,,,1
G205,G223,Directed,6236,,,1
G205,G224,Directed,6237,,,1
G205,G227,Directed,6238,,,1
G205,G228,Directed,6239,,,1
G205,G229,Directed,6240,,,1
G205,G230,Directed,6241,,,1
G205,G231,Directed,6242,,,1
G205,G245,Directed,6243,,,1
G205,G246,Directed,6244,,,1
G205,G263,Directed,6245,,,1
G205,G269,Directed,6246,,,1
G205,G282,Directed,6247,,,1
G205,G304,Directed,6248,,,1
G205,G311,Directed,6249,,,1
G205,G316,Directed,6250,,,1
G205,G347,Directed,6251,,,1
G205,G349,Directed,6252,,,1
G205,G364,Directed,6253,,,1
G205,G392,Directed,6254,,,1
G205,G397,Directed,6255,,,1
G205,G408,Directed,6256,,,1
G205,G409,Directed,6257,,,1
G205,G426,Directed,6258,,,1
G205,G427,Directed,6259,,,1
G205,G436,Directed,6260,,,1
G205,G441,Directed,6261,,,1
G206,G145,Directed,6262,,,1
G206,G147,Directed,6263,,,1
G206,G205,Directed,6264,,,1
G206,G207,Directed,6265,,,1
G206,G229,Directed,6266,,,1
G206,G230,Directed,6267,,,1
G206,G408,Directed,6268,,,1
G207,G1,Directed,6269,,,1
G207,G89,Directed,6270,,,1
G207,G186,Directed,6271,,,1
G207,G205,Directed,6272,,,1
G207,G206,Directed,6273,,,1
G207,G217,Directed,6274,,,1
G207,G227,Directed,6275,,,1
G207,G228,Directed,6276,,,1
G207,G229,Directed,6277,,,1
G207,G230,Directed,6278,,,1
G207,G408,Directed,6279,,,1
G208,G70,Directed,6280,,,1
G208,G89,Directed,6281,,,1
G208,G125,Directed,6282,,,1
G208,G135,Directed,6283,,,1
G208,G136,Directed,6284,,,1
G208,G145,Directed,6285,,,1
G208,G146,Directed,6286,,,1
G208,G147,Directed,6287,,,1
G208,G153,Directed,6288,,,1
G208,G154,Directed,6289,,,1
G208,G183,Directed,6290,,,1
G208,G186,Directed,6291,,,1
G208,G197,Directed,6292,,,1
G208,G198,Directed,6293,,,1
G208,G205,Directed,6294,,,1
G208,G227,Directed,6295,,,1
G208,G228,Directed,6296,,,1
G208,G231,Directed,6297,,,1
G208,G245,Directed,6298,,,1
G208,G246,Directed,6299,,,1
G208,G304,Directed,6300,,,1
G208,G311,Directed,6301,,,1
G208,G316,Directed,6302,,,1
G208,G408,Directed,6303,,,1
G208,G426,Directed,6304,,,1
G208,G427,Directed,6305,,,1
G209,G231,Directed,6306,,,1
G209,G452,Directed,6307,,,1
G210,G128,Directed,6308,,,1
G210,G134,Directed,6309,,,1
G210,G186,Directed,6310,,,1
G210,G201,Directed,6311,,,1
G210,G216,Directed,6312,,,1
G210,G220,Directed,6313,,,1
G210,G272,Directed,6314,,,1
G210,G300,Directed,6315,,,1
G211,G88,Directed,6316,,,1
G211,G145,Directed,6317,,,1
G211,G147,Directed,6318,,,1
G211,G186,Directed,6319,,,1
G211,G199,Directed,6320,,,1
G211,G227,Directed,6321,,,1
G211,G228,Directed,6322,,,1
G211,G229,Directed,6323,,,1
G211,G230,Directed,6324,,,1
G211,G231,Directed,6325,,,1
G211,G416,Directed,6326,,,1
G212,G31,Directed,6327,,,1
G212,G89,Directed,6328,,,1
G212,G193,Directed,6329,,,1
G212,G205,Directed,6330,,,1
G212,G391,Directed,6331,,,1
G212,G427,Directed,6332,,,1
G213,G186,Directed,6333,,,1
G213,G204,Directed,6334,,,1
G213,G205,Directed,6335,,,1
G214,G89,Directed,6336,,,1
G214,G90,Directed,6337,,,1
G214,G205,Directed,6338,,,1
G215,G155,Directed,6339,,,1
G215,G186,Directed,6340,,,1
G215,G227,Directed,6341,,,1
G215,G228,Directed,6342,,,1
G215,G298,Directed,6343,,,1
G215,G365,Directed,6344,,,1
G215,G382,Directed,6345,,,1
G215,G409,Directed,6346,,,1
G216,G128,Directed,6347,,,1
G216,G134,Directed,6348,,,1
G216,G147,Directed,6349,,,1
G216,G186,Directed,6350,,,1
G216,G210,Directed,6351,,,1
G216,G273,Directed,6352,,,1
G216,G408,Directed,6353,,,1
G216,G426,Directed,6354,,,1
G217,G56,Directed,6355,,,1
G217,G89,Directed,6356,,,1
G217,G153,Directed,6357,,,1
G217,G186,Directed,6358,,,1
G217,G195,Directed,6359,,,1
G217,G200,Directed,6360,,,1
G217,G205,Directed,6361,,,1
G217,G207,Directed,6362,,,1
G217,G311,Directed,6363,,,1
G217,G408,Directed,6364,,,1
G217,G450,Directed,6365,,,1
G218,G1,Directed,6366,,,1
G218,G227,Directed,6367,,,1
G218,G228,Directed,6368,,,1
G218,G229,Directed,6369,,,1
G218,G230,Directed,6370,,,1
G218,G232,Directed,6371,,,1
G219,G186,Directed,6372,,,1
G219,G194,Directed,6373,,,1
G219,G260,Directed,6374,,,1
G220,G6,Directed,6375,,,1
G220,G61,Directed,6376,,,1
G220,G96,Directed,6377,,,1
G220,G99,Directed,6378,,,1
G220,G127,Directed,6379,,,1
G220,G128,Directed,6380,,,1
G220,G153,Directed,6381,,,1
G220,G155,Directed,6382,,,1
G220,G186,Directed,6383,,,1
G220,G193,Directed,6384,,,1
G220,G201,Directed,6385,,,1
G220,G202,Directed,6386,,,1
G220,G210,Directed,6387,,,1
G220,G222,Directed,6388,,,1
G220,G231,Directed,6389,,,1
G220,G267,Directed,6390,,,1
G220,G269,Directed,6391,,,1
G220,G298,Directed,6392,,,1
G220,G376,Directed,6393,,,1
G220,G408,Directed,6394,,,1
G220,G414,Directed,6395,,,1
G220,G427,Directed,6396,,,1
G220,G439,Directed,6397,,,1
G221,G88,Directed,6398,,,1
G221,G186,Directed,6399,,,1
G221,G231,Directed,6400,,,1
G221,G293,Directed,6401,,,1
G221,G376,Directed,6402,,,1
G221,G408,Directed,6403,,,1
G221,G416,Directed,6404,,,1
G222,G6,Directed,6405,,,1
G222,G61,Directed,6406,,,1
G222,G204,Directed,6407,,,1
G222,G220,Directed,6408,,,1
G222,G233,Directed,6409,,,1
G222,G426,Directed,6410,,,1
G223,G89,Directed,6411,,,1
G223,G205,Directed,6412,,,1
G223,G282,Directed,6413,,,1
G224,G89,Directed,6414,,,1
G224,G193,Directed,6415,,,1
G224,G205,Directed,6416,,,1
G224,G392,Directed,6417,,,1
G224,G427,Directed,6418,,,1
G225,G123,Directed,6419,,,1
G225,G274,Directed,6420,,,1
G225,G433,Directed,6421,,,1
G226,G186,Directed,6422,,,1
G226,G187,Directed,6423,,,1
G226,G233,Directed,6424,,,1
G226,G363,Directed,6425,,,1
G226,G376,Directed,6426,,,1
G227,G1,Directed,6427,,,1
G227,G6,Directed,6428,,,1
G227,G7,Directed,6429,,,1
G227,G24,Directed,6430,,,1
G227,G25,Directed,6431,,,1
G227,G26,Directed,6432,,,1
G227,G27,Directed,6433,,,1
G227,G28,Directed,6434,,,1
G227,G29,Directed,6435,,,1
G227,G30,Directed,6436,,,1
G227,G39,Directed,6437,,,1
G227,G41,Directed,6438,,,1
G227,G42,Directed,6439,,,1
G227,G44,Directed,6440,,,1
G227,G46,Directed,6441,,,1
G227,G47,Directed,6442,,,1
G227,G48,Directed,6443,,,1
G227,G49,Directed,6444,,,1
G227,G50,Directed,6445,,,1
G227,G64,Directed,6446,,,1
G227,G65,Directed,6447,,,1
G227,G68,Directed,6448,,,1
G227,G77,Directed,6449,,,1
G227,G86,Directed,6450,,,1
G227,G87,Directed,6451,,,1
G227,G89,Directed,6452,,,1
G227,G99,Directed,6453,,,1
G227,G100,Directed,6454,,,1
G227,G102,Directed,6455,,,1
G227,G103,Directed,6456,,,1
G227,G104,Directed,6457,,,1
G227,G105,Directed,6458,,,1
G227,G106,Directed,6459,,,1
G227,G107,Directed,6460,,,1
G227,G108,Directed,6461,,,1
G227,G109,Directed,6462,,,1
G227,G116,Directed,6463,,,1
G227,G117,Directed,6464,,,1
G227,G121,Directed,6465,,,1
G227,G153,Directed,6466,,,1
G227,G155,Directed,6467,,,1
G227,G157,Directed,6468,,,1
G227,G186,Directed,6469,,,1
G227,G188,Directed,6470,,,1
G227,G191,Directed,6471,,,1
G227,G199,Directed,6472,,,1
G227,G205,Directed,6473,,,1
G227,G207,Directed,6474,,,1
G227,G208,Directed,6475,,,1
G227,G211,Directed,6476,,,1
G227,G215,Directed,6477,,,1
G227,G218,Directed,6478,,,1
G227,G228,Directed,6479,,,1
G227,G231,Directed,6480,,,1
G227,G239,Directed,6481,,,1
G227,G243,Directed,6482,,,1
G227,G246,Directed,6483,,,1
G227,G282,Directed,6484,,,1
G227,G285,Directed,6485,,,1
G227,G293,Directed,6486,,,1
G227,G295,Directed,6487,,,1
G227,G297,Directed,6488,,,1
G227,G357,Directed,6489,,,1
G227,G374,Directed,6490,,,1
G227,G381,Directed,6491,,,1
G227,G382,Directed,6492,,,1
G227,G389,Directed,6493,,,1
G227,G406,Directed,6494,,,1
G227,G408,Directed,6495,,,1
G227,G409,Directed,6496,,,1
G227,G413,Directed,6497,,,1
G227,G421,Directed,6498,,,1
G227,G422,Directed,6499,,,1
G227,G435,Directed,6500,,,1
G227,G436,Directed,6501,,,1
G228,G1,Directed,6502,,,1
G228,G6,Directed,6503,,,1
G228,G7,Directed,6504,,,1
G228,G24,Directed,6505,,,1
G228,G25,Directed,6506,,,1
G228,G26,Directed,6507,,,1
G228,G27,Directed,6508,,,1
G228,G28,Directed,6509,,,1
G228,G29,Directed,6510,,,1
G228,G30,Directed,6511,,,1
G228,G39,Directed,6512,,,1
G228,G41,Directed,6513,,,1
G228,G42,Directed,6514,,,1
G228,G44,Directed,6515,,,1
G228,G46,Directed,6516,,,1
G228,G47,Directed,6517,,,1
G228,G48,Directed,6518,,,1
G228,G49,Directed,6519,,,1
G228,G50,Directed,6520,,,1
G228,G64,Directed,6521,,,1
G228,G65,Directed,6522,,,1
G228,G68,Directed,6523,,,1
G228,G77,Directed,6524,,,1
G228,G86,Directed,6525,,,1
G228,G87,Directed,6526,,,1
G228,G89,Directed,6527,,,1
G228,G99,Directed,6528,,,1
G228,G100,Directed,6529,,,1
G228,G102,Directed,6530,,,1
G228,G103,Directed,6531,,,1
G228,G104,Directed,6532,,,1
G228,G105,Directed,6533,,,1
G228,G106,Directed,6534,,,1
G228,G107,Directed,6535,,,1
G228,G108,Directed,6536,,,1
G228,G109,Directed,6537,,,1
G228,G116,Directed,6538,,,1
G228,G117,Directed,6539,,,1
G228,G121,Directed,6540,,,1
G228,G153,Directed,6541,,,1
G228,G155,Directed,6542,,,1
G228,G157,Directed,6543,,,1
G228,G186,Directed,6544,,,1
G228,G188,Directed,6545,,,1
G228,G191,Directed,6546,,,1
G228,G199,Directed,6547,,,1
G228,G205,Directed,6548,,,1
G228,G207,Directed,6549,,,1
G228,G208,Directed,6550,,,1
G228,G211,Directed,6551,,,1
G228,G215,Directed,6552,,,1
G228,G218,Directed,6553,,,1
G228,G227,Directed,6554,,,1
G228,G231,Directed,6555,,,1
G228,G239,Directed,6556,,,1
G228,G243,Directed,6557,,,1
G228,G246,Directed,6558,,,1
G228,G282,Directed,6559,,,1
G228,G285,Directed,6560,,,1
G228,G293,Directed,6561,,,1
G228,G295,Directed,6562,,,1
G228,G297,Directed,6563,,,1
G228,G357,Directed,6564,,,1
G228,G374,Directed,6565,,,1
G228,G381,Directed,6566,,,1
G228,G382,Directed,6567,,,1
G228,G389,Directed,6568,,,1
G228,G406,Directed,6569,,,1
G228,G408,Directed,6570,,,1
G228,G409,Directed,6571,,,1
G228,G413,Directed,6572,,,1
G228,G421,Directed,6573,,,1
G228,G422,Directed,6574,,,1
G228,G435,Directed,6575,,,1
G228,G436,Directed,6576,,,1
G229,G1,Directed,6577,,,1
G229,G27,Directed,6578,,,1
G229,G28,Directed,6579,,,1
G229,G36,Directed,6580,,,1
G229,G39,Directed,6581,,,1
G229,G44,Directed,6582,,,1
G229,G45,Directed,6583,,,1
G229,G68,Directed,6584,,,1
G229,G80,Directed,6585,,,1
G229,G81,Directed,6586,,,1
G229,G82,Directed,6587,,,1
G229,G83,Directed,6588,,,1
G229,G84,Directed,6589,,,1
G229,G85,Directed,6590,,,1
G229,G89,Directed,6591,,,1
G229,G96,Directed,6592,,,1
G229,G98,Directed,6593,,,1
G229,G109,Directed,6594,,,1
G229,G122,Directed,6595,,,1
G229,G128,Directed,6596,,,1
G229,G129,Directed,6597,,,1
G229,G130,Directed,6598,,,1
G229,G139,Directed,6599,,,1
G229,G140,Directed,6600,,,1
G229,G141,Directed,6601,,,1
G229,G142,Directed,6602,,,1
G229,G143,Directed,6603,,,1
G229,G153,Directed,6604,,,1
G229,G160,Directed,6605,,,1
G229,G164,Directed,6606,,,1
G229,G168,Directed,6607,,,1
G229,G172,Directed,6608,,,1
G229,G177,Directed,6609,,,1
G229,G178,Directed,6610,,,1
G229,G180,Directed,6611,,,1
G229,G181,Directed,6612,,,1
G229,G183,Directed,6613,,,1
G229,G186,Directed,6614,,,1
G229,G188,Directed,6615,,,1
G229,G199,Directed,6616,,,1
G229,G205,Directed,6617,,,1
G229,G206,Directed,6618,,,1
G229,G207,Directed,6619,,,1
G229,G211,Directed,6620,,,1
G229,G218,Directed,6621,,,1
G229,G230,Directed,6622,,,1
G229,G231,Directed,6623,,,1
G229,G233,Directed,6624,,,1
G229,G285,Directed,6625,,,1
G229,G293,Directed,6626,,,1
G229,G295,Directed,6627,,,1
G229,G374,Directed,6628,,,1
G229,G389,Directed,6629,,,1
G229,G408,Directed,6630,,,1
G229,G432,Directed,6631,,,1
G229,G435,Directed,6632,,,1
G229,G436,Directed,6633,,,1
G229,G445,Directed,6634,,,1
G229,G449,Directed,6635,,,1
G230,G1,Directed,6636,,,1
G230,G27,Directed,6637,,,1
G230,G28,Directed,6638,,,1
G230,G36,Directed,6639,,,1
G230,G39,Directed,6640,,,1
G230,G44,Directed,6641,,,1
G230,G45,Directed,6642,,,1
G230,G68,Directed,6643,,,1
G230,G80,Directed,6644,,,1
G230,G81,Directed,6645,,,1
G230,G82,Directed,6646,,,1
G230,G83,Directed,6647,,,1
G230,G84,Directed,6648,,,1
G230,G85,Directed,6649,,,1
G230,G89,Directed,6650,,,1
G230,G96,Directed,6651,,,1
G230,G98,Directed,6652,,,1
G230,G109,Directed,6653,,,1
G230,G122,Directed,6654,,,1
G230,G128,Directed,6655,,,1
G230,G129,Directed,6656,,,1
G230,G130,Directed,6657,,,1
G230,G139,Directed,6658,,,1
G230,G140,Directed,6659,,,1
G230,G141,Directed,6660,,,1
G230,G142,Directed,6661,,,1
G230,G143,Directed,6662,,,1
G230,G153,Directed,6663,,,1
G230,G160,Directed,6664,,,1
G230,G164,Directed,6665,,,1
G230,G168,Directed,6666,,,1
G230,G172,Directed,6667,,,1
G230,G177,Directed,6668,,,1
G230,G178,Directed,6669,,,1
G230,G180,Directed,6670,,,1
G230,G181,Directed,6671,,,1
G230,G183,Directed,6672,,,1
G230,G186,Directed,6673,,,1
G230,G188,Directed,6674,,,1
G230,G199,Directed,6675,,,1
G230,G205,Directed,6676,,,1
G230,G206,Directed,6677,,,1
G230,G207,Directed,6678,,,1
G230,G211,Directed,6679,,,1
G230,G218,Directed,6680,,,1
G230,G229,Directed,6681,,,1
G230,G231,Directed,6682,,,1
G230,G233,Directed,6683,,,1
G230,G285,Directed,6684,,,1
G230,G293,Directed,6685,,,1
G230,G295,Directed,6686,,,1
G230,G374,Directed,6687,,,1
G230,G389,Directed,6688,,,1
G230,G408,Directed,6689,,,1
G230,G432,Directed,6690,,,1
G230,G435,Directed,6691,,,1
G230,G436,Directed,6692,,,1
G230,G445,Directed,6693,,,1
G230,G449,Directed,6694,,,1
G231,G13,Directed,6695,,,1
G231,G88,Directed,6696,,,1
G231,G89,Directed,6697,,,1
G231,G111,Directed,6698,,,1
G231,G112,Directed,6699,,,1
G231,G127,Directed,6700,,,1
G231,G128,Directed,6701,,,1
G231,G145,Directed,6702,,,1
G231,G146,Directed,6703,,,1
G231,G147,Directed,6704,,,1
G231,G153,Directed,6705,,,1
G231,G154,Directed,6706,,,1
G231,G159,Directed,6707,,,1
G231,G161,Directed,6708,,,1
G231,G183,Directed,6709,,,1
G231,G186,Directed,6710,,,1
G231,G188,Directed,6711,,,1
G231,G190,Directed,6712,,,1
G231,G197,Directed,6713,,,1
G231,G198,Directed,6714,,,1
G231,G201,Directed,6715,,,1
G231,G202,Directed,6716,,,1
G231,G203,Directed,6717,,,1
G231,G205,Directed,6718,,,1
G231,G208,Directed,6719,,,1
G231,G209,Directed,6720,,,1
G231,G211,Directed,6721,,,1
G231,G220,Directed,6722,,,1
G231,G221,Directed,6723,,,1
G231,G227,Directed,6724,,,1
G231,G228,Directed,6725,,,1
G231,G229,Directed,6726,,,1
G231,G230,Directed,6727,,,1
G231,G245,Directed,6728,,,1
G231,G263,Directed,6729,,,1
G231,G275,Directed,6730,,,1
G231,G294,Directed,6731,,,1
G231,G295,Directed,6732,,,1
G231,G300,Directed,6733,,,1
G231,G304,Directed,6734,,,1
G231,G311,Directed,6735,,,1
G231,G316,Directed,6736,,,1
G231,G318,Directed,6737,,,1
G231,G319,Directed,6738,,,1
G231,G324,Directed,6739,,,1
G231,G335,Directed,6740,,,1
G231,G338,Directed,6741,,,1
G231,G339,Directed,6742,,,1
G231,G341,Directed,6743,,,1
G231,G342,Directed,6744,,,1
G231,G344,Directed,6745,,,1
G231,G365,Directed,6746,,,1
G231,G387,Directed,6747,,,1
G231,G397,Directed,6748,,,1
G231,G408,Directed,6749,,,1
G231,G427,Directed,6750,,,1
G231,G439,Directed,6751,,,1
G231,G442,Directed,6752,,,1
G231,G449,Directed,6753,,,1
G231,G451,Directed,6754,,,1
G231,G452,Directed,6755,,,1
G232,G138,Directed,6756,,,1
G232,G218,Directed,6757,,,1
G233,G80,Directed,6758,,,1
G233,G81,Directed,6759,,,1
G233,G82,Directed,6760,,,1
G233,G83,Directed,6761,,,1
G233,G84,Directed,6762,,,1
G233,G85,Directed,6763,,,1
G233,G120,Directed,6764,,,1
G233,G153,Directed,6765,,,1
G233,G185,Directed,6766,,,1
G233,G186,Directed,6767,,,1
G233,G187,Directed,6768,,,1
G233,G204,Directed,6769,,,1
G233,G222,Directed,6770,,,1
G233,G226,Directed,6771,,,1
G233,G229,Directed,6772,,,1
G233,G230,Directed,6773,,,1
G233,G234,Directed,6774,,,1
G233,G282,Directed,6775,,,1
G233,G305,Directed,6776,,,1
G233,G363,Directed,6777,,,1
G233,G376,Directed,6778,,,1
G233,G381,Directed,6779,,,1
G233,G382,Directed,6780,,,1
G233,G385,Directed,6781,,,1
G233,G400,Directed,6782,,,1
G233,G423,Directed,6783,,,1
G233,G425,Directed,6784,,,1
G233,G426,Directed,6785,,,1
G234,G185,Directed,6786,,,1
G234,G187,Directed,6787,,,1
G234,G233,Directed,6788,,,1
G235,G145,Directed,6789,,,1
G235,G147,Directed,6790,,,1
G235,G236,Directed,6791,,,1
G235,G237,Directed,6792,,,1
G236,G145,Directed,6793,,,1
G236,G147,Directed,6794,,,1
G236,G235,Directed,6795,,,1
G236,G444,Directed,6796,,,1
G237,G145,Directed,6797,,,1
G237,G147,Directed,6798,,,1
G237,G235,Directed,6799,,,1
G238,G3,Directed,6800,,,1
G238,G7,Directed,6801,,,1
G238,G145,Directed,6802,,,1
G238,G147,Directed,6803,,,1
G238,G163,Directed,6804,,,1
G238,G186,Directed,6805,,,1
G238,G240,Directed,6806,,,1
G238,G243,Directed,6807,,,1
G238,G244,Directed,6808,,,1
G238,G245,Directed,6809,,,1
G238,G249,Directed,6810,,,1
G238,G257,Directed,6811,,,1
G238,G334,Directed,6812,,,1
G238,G369,Directed,6813,,,1
G238,G378,Directed,6814,,,1
G238,G379,Directed,6815,,,1
G238,G410,Directed,6816,,,1
G238,G412,Directed,6817,,,1
G238,G426,Directed,6818,,,1
G238,G429,Directed,6819,,,1
G238,G443,Directed,6820,,,1
G239,G186,Directed,6821,,,1
G239,G227,Directed,6822,,,1
G239,G228,Directed,6823,,,1
G239,G242,Directed,6824,,,1
G239,G243,Directed,6825,,,1
G240,G238,Directed,6826,,,1
G240,G244,Directed,6827,,,1
G240,G249,Directed,6828,,,1
G240,G257,Directed,6829,,,1
G240,G355,Directed,6830,,,1
G241,G4,Directed,6831,,,1
G241,G6,Directed,6832,,,1
G241,G243,Directed,6833,,,1
G242,G239,Directed,6834,,,1
G243,G3,Directed,6835,,,1
G243,G4,Directed,6836,,,1
G243,G6,Directed,6837,,,1
G243,G7,Directed,6838,,,1
G243,G163,Directed,6839,,,1
G243,G186,Directed,6840,,,1
G243,G227,Directed,6841,,,1
G243,G228,Directed,6842,,,1
G243,G238,Directed,6843,,,1
G243,G239,Directed,6844,,,1
G243,G241,Directed,6845,,,1
G243,G245,Directed,6846,,,1
G243,G378,Directed,6847,,,1
G243,G379,Directed,6848,,,1
G243,G426,Directed,6849,,,1
G244,G145,Directed,6850,,,1
G244,G147,Directed,6851,,,1
G244,G153,Directed,6852,,,1
G244,G238,Directed,6853,,,1
G244,G240,Directed,6854,,,1
G244,G257,Directed,6855,,,1
G244,G355,Directed,6856,,,1
G244,G407,Directed,6857,,,1
G244,G451,Directed,6858,,,1
G245,G6,Directed,6859,,,1
G245,G145,Directed,6860,,,1
G245,G147,Directed,6861,,,1
G245,G154,Directed,6862,,,1
G245,G163,Directed,6863,,,1
G245,G205,Directed,6864,,,1
G245,G208,Directed,6865,,,1
G245,G231,Directed,6866,,,1
G245,G238,Directed,6867,,,1
G245,G243,Directed,6868,,,1
G245,G408,Directed,6869,,,1
G245,G426,Directed,6870,,,1
G246,G146,Directed,6871,,,1
G246,G147,Directed,6872,,,1
G246,G183,Directed,6873,,,1
G246,G186,Directed,6874,,,1
G246,G188,Directed,6875,,,1
G246,G205,Directed,6876,,,1
G246,G208,Directed,6877,,,1
G246,G227,Directed,6878,,,1
G246,G228,Directed,6879,,,1
G246,G247,Directed,6880,,,1
G246,G307,Directed,6881,,,1
G246,G426,Directed,6882,,,1
G247,G186,Directed,6883,,,1
G247,G246,Directed,6884,,,1
G247,G307,Directed,6885,,,1
G248,G62,Directed,6886,,,1
G248,G125,Directed,6887,,,1
G248,G128,Directed,6888,,,1
G248,G136,Directed,6889,,,1
G248,G145,Directed,6890,,,1
G248,G147,Directed,6891,,,1
G248,G376,Directed,6892,,,1
G248,G408,Directed,6893,,,1
G249,G12,Directed,6894,,,1
G249,G176,Directed,6895,,,1
G249,G182,Directed,6896,,,1
G249,G238,Directed,6897,,,1
G249,G240,Directed,6898,,,1
G249,G257,Directed,6899,,,1
G250,G57,Directed,6900,,,1
G250,G135,Directed,6901,,,1
G250,G304,Directed,6902,,,1
G250,G426,Directed,6903,,,1
G251,G186,Directed,6904,,,1
G251,G254,Directed,6905,,,1
G251,G255,Directed,6906,,,1
G252,G186,Directed,6907,,,1
G252,G253,Directed,6908,,,1
G252,G255,Directed,6909,,,1
G253,G186,Directed,6910,,,1
G253,G252,Directed,6911,,,1
G253,G255,Directed,6912,,,1
G254,G186,Directed,6913,,,1
G254,G251,Directed,6914,,,1
G254,G255,Directed,6915,,,1
G255,G186,Directed,6916,,,1
G255,G251,Directed,6917,,,1
G255,G252,Directed,6918,,,1
G255,G253,Directed,6919,,,1
G255,G254,Directed,6920,,,1
G256,G186,Directed,6921,,,1
G256,G313,Directed,6922,,,1
G256,G314,Directed,6923,,,1
G257,G238,Directed,6924,,,1
G257,G240,Directed,6925,,,1
G257,G244,Directed,6926,,,1
G257,G249,Directed,6927,,,1
G257,G355,Directed,6928,,,1
G258,G145,Directed,6929,,,1
G258,G147,Directed,6930,,,1
G258,G259,Directed,6931,,,1
G259,G145,Directed,6932,,,1
G259,G147,Directed,6933,,,1
G259,G161,Directed,6934,,,1
G259,G186,Directed,6935,,,1
G259,G258,Directed,6936,,,1
G259,G295,Directed,6937,,,1
G260,G186,Directed,6938,,,1
G260,G194,Directed,6939,,,1
G260,G219,Directed,6940,,,1
G261,G50,Directed,6941,,,1
G261,G186,Directed,6942,,,1
G261,G198,Directed,6943,,,1
G261,G311,Directed,6944,,,1
G261,G408,Directed,6945,,,1
G262,G113,Directed,6946,,,1
G262,G186,Directed,6947,,,1
G263,G205,Directed,6948,,,1
G263,G231,Directed,6949,,,1
G263,G397,Directed,6950,,,1
G264,G155,Directed,6951,,,1
G264,G414,Directed,6952,,,1
G264,G434,Directed,6953,,,1
G265,G153,Directed,6954,,,1
G265,G415,Directed,6955,,,1
G266,G110,Directed,6956,,,1
G266,G316,Directed,6957,,,1
G266,G408,Directed,6958,,,1
G266,G417,Directed,6959,,,1
G267,G155,Directed,6960,,,1
G267,G202,Directed,6961,,,1
G267,G220,Directed,6962,,,1
G267,G295,Directed,6963,,,1
G267,G298,Directed,6964,,,1
G267,G439,Directed,6965,,,1
G268,G86,Directed,6966,,,1
G268,G89,Directed,6967,,,1
G268,G165,Directed,6968,,,1
G269,G89,Directed,6969,,,1
G269,G109,Directed,6970,,,1
G269,G186,Directed,6971,,,1
G269,G205,Directed,6972,,,1
G269,G220,Directed,6973,,,1
G269,G408,Directed,6974,,,1
G270,G78,Directed,6975,,,1
G270,G153,Directed,6976,,,1
G270,G155,Directed,6977,,,1
G270,G343,Directed,6978,,,1
G270,G391,Directed,6979,,,1
G270,G395,Directed,6980,,,1
G271,G153,Directed,6981,,,1
G271,G155,Directed,6982,,,1
G271,G298,Directed,6983,,,1
G271,G343,Directed,6984,,,1
G271,G395,Directed,6985,,,1
G271,G427,Directed,6986,,,1
G272,G80,Directed,6987,,,1
G272,G81,Directed,6988,,,1
G272,G82,Directed,6989,,,1
G272,G83,Directed,6990,,,1
G272,G84,Directed,6991,,,1
G272,G156,Directed,6992,,,1
G272,G186,Directed,6993,,,1
G272,G210,Directed,6994,,,1
G272,G273,Directed,6995,,,1
G272,G300,Directed,6996,,,1
G273,G80,Directed,6997,,,1
G273,G81,Directed,6998,,,1
G273,G82,Directed,6999,,,1
G273,G83,Directed,7000,,,1
G273,G84,Directed,7001,,,1
G273,G147,Directed,7002,,,1
G273,G156,Directed,7003,,,1
G273,G186,Directed,7004,,,1
G273,G216,Directed,7005,,,1
G273,G272,Directed,7006,,,1
G273,G408,Directed,7007,,,1
G273,G426,Directed,7008,,,1
G274,G56,Directed,7009,,,1
G274,G123,Directed,7010,,,1
G274,G225,Directed,7011,,,1
G274,G433,Directed,7012,,,1
G275,G127,Directed,7013,,,1
G275,G128,Directed,7014,,,1
G275,G231,Directed,7015,,,1
G275,G344,Directed,7016,,,1
G276,G153,Directed,7017,,,1
G276,G155,Directed,7018,,,1
G276,G343,Directed,7019,,,1
G276,G388,Directed,7020,,,1
G276,G392,Directed,7021,,,1
G276,G395,Directed,7022,,,1
G277,G89,Directed,7023,,,1
G277,G153,Directed,7024,,,1
G277,G155,Directed,7025,,,1
G277,G343,Directed,7026,,,1
G277,G395,Directed,7027,,,1
G277,G437,Directed,7028,,,1
G278,G101,Directed,7029,,,1
G278,G119,Directed,7030,,,1
G278,G426,Directed,7031,,,1
G279,G186,Directed,7032,,,1
G279,G317,Directed,7033,,,1
G279,G389,Directed,7034,,,1
G280,G105,Directed,7035,,,1
G280,G155,Directed,7036,,,1
G280,G173,Directed,7037,,,1
G280,G174,Directed,7038,,,1
G280,G289,Directed,7039,,,1
G280,G298,Directed,7040,,,1
G281,G73,Directed,7041,,,1
G281,G349,Directed,7042,,,1
G281,G426,Directed,7043,,,1
G282,G89,Directed,7044,,,1
G282,G153,Directed,7045,,,1
G282,G205,Directed,7046,,,1
G282,G223,Directed,7047,,,1
G282,G227,Directed,7048,,,1
G282,G228,Directed,7049,,,1
G282,G233,Directed,7050,,,1
G282,G385,Directed,7051,,,1
G282,G421,Directed,7052,,,1
G283,G186,Directed,7053,,,1
G283,G284,Directed,7054,,,1
G283,G408,Directed,7055,,,1
G284,G186,Directed,7056,,,1
G284,G283,Directed,7057,,,1
G284,G408,Directed,7058,,,1
G285,G94,Directed,7059,,,1
G285,G145,Directed,7060,,,1
G285,G147,Directed,7061,,,1
G285,G150,Directed,7062,,,1
G285,G151,Directed,7063,,,1
G285,G152,Directed,7064,,,1
G285,G154,Directed,7065,,,1
G285,G173,Directed,7066,,,1
G285,G174,Directed,7067,,,1
G285,G186,Directed,7068,,,1
G285,G227,Directed,7069,,,1
G285,G228,Directed,7070,,,1
G285,G229,Directed,7071,,,1
G285,G230,Directed,7072,,,1
G285,G308,Directed,7073,,,1
G285,G373,Directed,7074,,,1
G285,G374,Directed,7075,,,1
G285,G375,Directed,7076,,,1
G285,G426,Directed,7077,,,1
G286,G153,Directed,7078,,,1
G286,G173,Directed,7079,,,1
G286,G174,Directed,7080,,,1
G286,G186,Directed,7081,,,1
G286,G191,Directed,7082,,,1
G286,G309,Directed,7083,,,1
G286,G370,Directed,7084,,,1
G287,G24,Directed,7085,,,1
G287,G173,Directed,7086,,,1
G287,G174,Directed,7087,,,1
G287,G186,Directed,7088,,,1
G287,G337,Directed,7089,,,1
G288,G46,Directed,7090,,,1
G288,G173,Directed,7091,,,1
G288,G174,Directed,7092,,,1
G288,G186,Directed,7093,,,1
G288,G394,Directed,7094,,,1
G289,G25,Directed,7095,,,1
G289,G173,Directed,7096,,,1
G289,G174,Directed,7097,,,1
G289,G186,Directed,7098,,,1
G289,G280,Directed,7099,,,1
G290,G48,Directed,7100,,,1
G290,G173,Directed,7101,,,1
G290,G174,Directed,7102,,,1
G290,G186,Directed,7103,,,1
G290,G414,Directed,7104,,,1
G291,G47,Directed,7105,,,1
G291,G173,Directed,7106,,,1
G291,G174,Directed,7107,,,1
G291,G186,Directed,7108,,,1
G291,G401,Directed,7109,,,1
G292,G26,Directed,7110,,,1
G292,G173,Directed,7111,,,1
G292,G174,Directed,7112,,,1
G292,G186,Directed,7113,,,1
G292,G402,Directed,7114,,,1
G293,G186,Directed,7115,,,1
G293,G192,Directed,7116,,,1
G293,G221,Directed,7117,,,1
G293,G227,Directed,7118,,,1
G293,G228,Directed,7119,,,1
G293,G229,Directed,7120,,,1
G293,G230,Directed,7121,,,1
G293,G295,Directed,7122,,,1
G293,G357,Directed,7123,,,1
G293,G376,Directed,7124,,,1
G294,G186,Directed,7125,,,1
G294,G231,Directed,7126,,,1
G294,G295,Directed,7127,,,1
G295,G146,Directed,7128,,,1
G295,G147,Directed,7129,,,1
G295,G155,Directed,7130,,,1
G295,G161,Directed,7131,,,1
G295,G176,Directed,7132,,,1
G295,G184,Directed,7133,,,1
G295,G186,Directed,7134,,,1
G295,G202,Directed,7135,,,1
G295,G227,Directed,7136,,,1
G295,G228,Directed,7137,,,1
G295,G229,Directed,7138,,,1
G295,G230,Directed,7139,,,1
G295,G231,Directed,7140,,,1
G295,G259,Directed,7141,,,1
G295,G267,Directed,7142,,,1
G295,G293,Directed,7143,,,1
G295,G294,Directed,7144,,,1
G295,G298,Directed,7145,,,1
G295,G408,Directed,7146,,,1
G295,G426,Directed,7147,,,1
G295,G439,Directed,7148,,,1
G296,G115,Directed,7149,,,1
G296,G186,Directed,7150,,,1
G296,G365,Directed,7151,,,1
G297,G45,Directed,7152,,,1
G297,G155,Directed,7153,,,1
G297,G186,Directed,7154,,,1
G297,G191,Directed,7155,,,1
G297,G227,Directed,7156,,,1
G297,G228,Directed,7157,,,1
G297,G298,Directed,7158,,,1
G298,G32,Directed,7159,,,1
G298,G45,Directed,7160,,,1
G298,G75,Directed,7161,,,1
G298,G77,Directed,7162,,,1
G298,G102,Directed,7163,,,1
G298,G103,Directed,7164,,,1
G298,G104,Directed,7165,,,1
G298,G105,Directed,7166,,,1
G298,G106,Directed,7167,,,1
G298,G107,Directed,7168,,,1
G298,G146,Directed,7169,,,1
G298,G147,Directed,7170,,,1
G298,G155,Directed,7171,,,1
G298,G176,Directed,7172,,,1
G298,G184,Directed,7173,,,1
G298,G186,Directed,7174,,,1
G298,G215,Directed,7175,,,1
G298,G220,Directed,7176,,,1
G298,G267,Directed,7177,,,1
G298,G271,Directed,7178,,,1
G298,G280,Directed,7179,,,1
G298,G295,Directed,7180,,,1
G298,G297,Directed,7181,,,1
G298,G309,Directed,7182,,,1
G298,G317,Directed,7183,,,1
G298,G337,Directed,7184,,,1
G298,G343,Directed,7185,,,1
G298,G382,Directed,7186,,,1
G298,G392,Directed,7187,,,1
G298,G394,Directed,7188,,,1
G298,G401,Directed,7189,,,1
G298,G402,Directed,7190,,,1
G298,G408,Directed,7191,,,1
G298,G409,Directed,7192,,,1
G298,G422,Directed,7193,,,1
G298,G426,Directed,7194,,,1
G299,G10,Directed,7195,,,1
G299,G11,Directed,7196,,,1
G299,G135,Directed,7197,,,1
G299,G146,Directed,7198,,,1
G299,G186,Directed,7199,,,1
G299,G300,Directed,7200,,,1
G299,G408,Directed,7201,,,1
G299,G426,Directed,7202,,,1
G299,G431,Directed,7203,,,1
G300,G10,Directed,7204,,,1
G300,G11,Directed,7205,,,1
G300,G145,Directed,7206,,,1
G300,G146,Directed,7207,,,1
G300,G147,Directed,7208,,,1
G300,G186,Directed,7209,,,1
G300,G210,Directed,7210,,,1
G300,G231,Directed,7211,,,1
G300,G272,Directed,7212,,,1
G300,G299,Directed,7213,,,1
G300,G387,Directed,7214,,,1
G300,G408,Directed,7215,,,1
G300,G431,Directed,7216,,,1
G301,G93,Directed,7217,,,1
G301,G412,Directed,7218,,,1
G301,G440,Directed,7219,,,1
G301,G443,Directed,7220,,,1
G302,G146,Directed,7221,,,1
G302,G176,Directed,7222,,,1
G302,G184,Directed,7223,,,1
G302,G186,Directed,7224,,,1
G302,G188,Directed,7225,,,1
G302,G198,Directed,7226,,,1
G302,G365,Directed,7227,,,1
G302,G408,Directed,7228,,,1
G303,G93,Directed,7229,,,1
G303,G145,Directed,7230,,,1
G303,G147,Directed,7231,,,1
G303,G426,Directed,7232,,,1
G303,G438,Directed,7233,,,1
G304,G135,Directed,7234,,,1
G304,G205,Directed,7235,,,1
G304,G208,Directed,7236,,,1
G304,G231,Directed,7237,,,1
G304,G250,Directed,7238,,,1
G304,G316,Directed,7239,,,1
G304,G426,Directed,7240,,,1
G304,G427,Directed,7241,,,1
G305,G186,Directed,7242,,,1
G305,G233,Directed,7243,,,1
G305,G400,Directed,7244,,,1
G306,G145,Directed,7245,,,1
G306,G147,Directed,7246,,,1
G306,G153,Directed,7247,,,1
G306,G185,Directed,7248,,,1
G306,G186,Directed,7249,,,1
G306,G399,Directed,7250,,,1
G306,G408,Directed,7251,,,1
G306,G409,Directed,7252,,,1
G306,G422,Directed,7253,,,1
G306,G427,Directed,7254,,,1
G307,G186,Directed,7255,,,1
G307,G246,Directed,7256,,,1
G307,G247,Directed,7257,,,1
G308,G186,Directed,7258,,,1
G308,G285,Directed,7259,,,1
G308,G375,Directed,7260,,,1
G309,G103,Directed,7261,,,1
G309,G155,Directed,7262,,,1
G309,G173,Directed,7263,,,1
G309,G174,Directed,7264,,,1
G309,G286,Directed,7265,,,1
G309,G298,Directed,7266,,,1
G310,G183,Directed,7267,,,1
G310,G184,Directed,7268,,,1
G310,G186,Directed,7269,,,1
G310,G408,Directed,7270,,,1
G311,G145,Directed,7271,,,1
G311,G147,Directed,7272,,,1
G311,G153,Directed,7273,,,1
G311,G186,Directed,7274,,,1
G311,G198,Directed,7275,,,1
G311,G200,Directed,7276,,,1
G311,G205,Directed,7277,,,1
G311,G208,Directed,7278,,,1
G311,G217,Directed,7279,,,1
G311,G231,Directed,7280,,,1
G311,G261,Directed,7281,,,1
G311,G408,Directed,7282,,,1
G312,G52,Directed,7283,,,1
G312,G69,Directed,7284,,,1
G312,G71,Directed,7285,,,1
G312,G186,Directed,7286,,,1
G312,G373,Directed,7287,,,1
G312,G446,Directed,7288,,,1
G313,G186,Directed,7289,,,1
G313,G256,Directed,7290,,,1
G313,G314,Directed,7291,,,1
G314,G186,Directed,7292,,,1
G314,G256,Directed,7293,,,1
G314,G313,Directed,7294,,,1
G314,G315,Directed,7295,,,1
G314,G438,Directed,7296,,,1
G315,G186,Directed,7297,,,1
G315,G314,Directed,7298,,,1
G315,G438,Directed,7299,,,1
G316,G119,Directed,7300,,,1
G316,G205,Directed,7301,,,1
G316,G208,Directed,7302,,,1
G316,G231,Directed,7303,,,1
G316,G266,Directed,7304,,,1
G316,G304,Directed,7305,,,1
G316,G408,Directed,7306,,,1
G316,G421,Directed,7307,,,1
G316,G427,Directed,7308,,,1
G317,G155,Directed,7309,,,1
G317,G186,Directed,7310,,,1
G317,G279,Directed,7311,,,1
G317,G298,Directed,7312,,,1
G317,G409,Directed,7313,,,1
G318,G145,Directed,7314,,,1
G318,G147,Directed,7315,,,1
G318,G152,Directed,7316,,,1
G318,G186,Directed,7317,,,1
G318,G231,Directed,7318,,,1
G318,G451,Directed,7319,,,1
G319,G186,Directed,7320,,,1
G319,G231,Directed,7321,,,1
G319,G449,Directed,7322,,,1
G320,G145,Directed,7323,,,1
G320,G147,Directed,7324,,,1
G320,G321,Directed,7325,,,1
G320,G322,Directed,7326,,,1
G321,G145,Directed,7327,,,1
G321,G147,Directed,7328,,,1
G321,G320,Directed,7329,,,1
G322,G145,Directed,7330,,,1
G322,G147,Directed,7331,,,1
G322,G320,Directed,7332,,,1
G323,G145,Directed,7333,,,1
G323,G147,Directed,7334,,,1
G323,G149,Directed,7335,,,1
G323,G186,Directed,7336,,,1
G323,G324,Directed,7337,,,1
G323,G325,Directed,7338,,,1
G323,G412,Directed,7339,,,1
G323,G429,Directed,7340,,,1
G324,G145,Directed,7341,,,1
G324,G147,Directed,7342,,,1
G324,G186,Directed,7343,,,1
G324,G231,Directed,7344,,,1
G324,G323,Directed,7345,,,1
G324,G335,Directed,7346,,,1
G325,G145,Directed,7347,,,1
G325,G147,Directed,7348,,,1
G325,G323,Directed,7349,,,1
G326,G145,Directed,7350,,,1
G326,G147,Directed,7351,,,1
G326,G327,Directed,7352,,,1
G326,G328,Directed,7353,,,1
G327,G145,Directed,7354,,,1
G327,G147,Directed,7355,,,1
G327,G326,Directed,7356,,,1
G328,G145,Directed,7357,,,1
G328,G147,Directed,7358,,,1
G328,G326,Directed,7359,,,1
G329,G145,Directed,7360,,,1
G329,G147,Directed,7361,,,1
G329,G332,Directed,7362,,,1
G329,G333,Directed,7363,,,1
G330,G177,Directed,7364,,,1
G330,G186,Directed,7365,,,1
G330,G331,Directed,7366,,,1
G331,G186,Directed,7367,,,1
G331,G330,Directed,7368,,,1
G332,G127,Directed,7369,,,1
G332,G143,Directed,7370,,,1
G332,G145,Directed,7371,,,1
G332,G147,Directed,7372,,,1
G332,G329,Directed,7373,,,1
G332,G335,Directed,7374,,,1
G332,G444,Directed,7375,,,1
G333,G145,Directed,7376,,,1
G333,G147,Directed,7377,,,1
G333,G329,Directed,7378,,,1
G334,G145,Directed,7379,,,1
G334,G147,Directed,7380,,,1
G334,G186,Directed,7381,,,1
G334,G238,Directed,7382,,,1
G334,G335,Directed,7383,,,1
G334,G336,Directed,7384,,,1
G334,G369,Directed,7385,,,1
G334,G410,Directed,7386,,,1
G334,G412,Directed,7387,,,1
G334,G429,Directed,7388,,,1
G334,G443,Directed,7389,,,1
G335,G127,Directed,7390,,,1
G335,G143,Directed,7391,,,1
G335,G145,Directed,7392,,,1
G335,G147,Directed,7393,,,1
G335,G186,Directed,7394,,,1
G335,G231,Directed,7395,,,1
G335,G324,Directed,7396,,,1
G335,G332,Directed,7397,,,1
G335,G334,Directed,7398,,,1
G335,G336,Directed,7399,,,1
G335,G342,Directed,7400,,,1
G335,G426,Directed,7401,,,1
G336,G145,Directed,7402,,,1
G336,G147,Directed,7403,,,1
G336,G186,Directed,7404,,,1
G336,G334,Directed,7405,,,1
G336,G335,Directed,7406,,,1
G336,G426,Directed,7407,,,1
G337,G104,Directed,7408,,,1
G337,G155,Directed,7409,,,1
G337,G173,Directed,7410,,,1
G337,G174,Directed,7411,,,1
G337,G287,Directed,7412,,,1
G337,G298,Directed,7413,,,1
G338,G186,Directed,7414,,,1
G338,G231,Directed,7415,,,1
G338,G341,Directed,7416,,,1
G339,G186,Directed,7417,,,1
G339,G231,Directed,7418,,,1
G339,G342,Directed,7419,,,1
G340,G74,Directed,7420,,,1
G340,G383,Directed,7421,,,1
G340,G408,Directed,7422,,,1
G341,G186,Directed,7423,,,1
G341,G231,Directed,7424,,,1
G341,G338,Directed,7425,,,1
G342,G74,Directed,7426,,,1
G342,G145,Directed,7427,,,1
G342,G147,Directed,7428,,,1
G342,G186,Directed,7429,,,1
G342,G231,Directed,7430,,,1
G342,G335,Directed,7431,,,1
G342,G339,Directed,7432,,,1
G342,G408,Directed,7433,,,1
G342,G449,Directed,7434,,,1
G343,G78,Directed,7435,,,1
G343,G155,Directed,7436,,,1
G343,G270,Directed,7437,,,1
G343,G271,Directed,7438,,,1
G343,G276,Directed,7439,,,1
G343,G277,Directed,7440,,,1
G343,G298,Directed,7441,,,1
G343,G388,Directed,7442,,,1
G343,G437,Directed,7443,,,1
G344,G127,Directed,7444,,,1
G344,G128,Directed,7445,,,1
G344,G231,Directed,7446,,,1
G344,G275,Directed,7447,,,1
G345,G186,Directed,7448,,,1
G345,G346,Directed,7449,,,1
G345,G348,Directed,7450,,,1
G345,G380,Directed,7451,,,1
G345,G408,Directed,7452,,,1
G346,G186,Directed,7453,,,1
G346,G345,Directed,7454,,,1
G346,G347,Directed,7455,,,1
G346,G408,Directed,7456,,,1
G346,G426,Directed,7457,,,1
G347,G184,Directed,7458,,,1
G347,G186,Directed,7459,,,1
G347,G205,Directed,7460,,,1
G347,G346,Directed,7461,,,1
G347,G426,Directed,7462,,,1
G348,G73,Directed,7463,,,1
G348,G146,Directed,7464,,,1
G348,G147,Directed,7465,,,1
G348,G345,Directed,7466,,,1
G348,G380,Directed,7467,,,1
G349,G73,Directed,7468,,,1
G349,G143,Directed,7469,,,1
G349,G145,Directed,7470,,,1
G349,G147,Directed,7471,,,1
G349,G205,Directed,7472,,,1
G349,G281,Directed,7473,,,1
G349,G408,Directed,7474,,,1
G349,G426,Directed,7475,,,1
G350,G6,Directed,7476,,,1
G350,G158,Directed,7477,,,1
G351,G366,Directed,7478,,,1
G351,G390,Directed,7479,,,1
G351,G426,Directed,7480,,,1
G352,G8,Directed,7481,,,1
G352,G15,Directed,7482,,,1
G352,G18,Directed,7483,,,1
G352,G19,Directed,7484,,,1
G352,G20,Directed,7485,,,1
G352,G21,Directed,7486,,,1
G352,G22,Directed,7487,,,1
G352,G23,Directed,7488,,,1
G352,G149,Directed,7489,,,1
G352,G154,Directed,7490,,,1
G352,G353,Directed,7491,,,1
G352,G354,Directed,7492,,,1
G352,G355,Directed,7493,,,1
G352,G356,Directed,7494,,,1
G353,G8,Directed,7495,,,1
G353,G15,Directed,7496,,,1
G353,G23,Directed,7497,,,1
G353,G352,Directed,7498,,,1
G353,G356,Directed,7499,,,1
G354,G18,Directed,7500,,,1
G354,G19,Directed,7501,,,1
G354,G20,Directed,7502,,,1
G354,G21,Directed,7503,,,1
G354,G22,Directed,7504,,,1
G354,G23,Directed,7505,,,1
G354,G352,Directed,7506,,,1
G355,G149,Directed,7507,,,1
G355,G154,Directed,7508,,,1
G355,G240,Directed,7509,,,1
G355,G244,Directed,7510,,,1
G355,G257,Directed,7511,,,1
G355,G352,Directed,7512,,,1
G356,G15,Directed,7513,,,1
G356,G352,Directed,7514,,,1
G356,G353,Directed,7515,,,1
G357,G227,Directed,7516,,,1
G357,G228,Directed,7517,,,1
G357,G293,Directed,7518,,,1
G358,G426,Directed,7519,,,1
G359,G51,Directed,7520,,,1
G359,G72,Directed,7521,,,1
G359,G186,Directed,7522,,,1
G359,G447,Directed,7523,,,1
G360,G6,Directed,7524,,,1
G360,G108,Directed,7525,,,1
G360,G408,Directed,7526,,,1
G360,G428,Directed,7527,,,1
G361,G166,Directed,7528,,,1
G361,G189,Directed,7529,,,1
G361,G362,Directed,7530,,,1
G361,G427,Directed,7531,,,1
G362,G166,Directed,7532,,,1
G362,G189,Directed,7533,,,1
G362,G361,Directed,7534,,,1
G362,G427,Directed,7535,,,1
G363,G186,Directed,7536,,,1
G363,G187,Directed,7537,,,1
G363,G226,Directed,7538,,,1
G363,G233,Directed,7539,,,1
G363,G376,Directed,7540,,,1
G364,G63,Directed,7541,,,1
G364,G145,Directed,7542,,,1
G364,G147,Directed,7543,,,1
G364,G205,Directed,7544,,,1
G364,G408,Directed,7545,,,1
G365,G60,Directed,7546,,,1
G365,G115,Directed,7547,,,1
G365,G124,Directed,7548,,,1
G365,G146,Directed,7549,,,1
G365,G173,Directed,7550,,,1
G365,G174,Directed,7551,,,1
G365,G186,Directed,7552,,,1
G365,G195,Directed,7553,,,1
G365,G196,Directed,7554,,,1
G365,G198,Directed,7555,,,1
G365,G215,Directed,7556,,,1
G365,G231,Directed,7557,,,1
G365,G296,Directed,7558,,,1
G365,G302,Directed,7559,,,1
G365,G435,Directed,7560,,,1
G366,G351,Directed,7561,,,1
G366,G390,Directed,7562,,,1
G366,G426,Directed,7563,,,1
G367,G390,Directed,7564,,,1
G367,G403,Directed,7565,,,1
G368,G145,Directed,7566,,,1
G368,G147,Directed,7567,,,1
G368,G155,Directed,7568,,,1
G368,G370,Directed,7569,,,1
G368,G408,Directed,7570,,,1
G369,G186,Directed,7571,,,1
G369,G238,Directed,7572,,,1
G369,G334,Directed,7573,,,1
G369,G410,Directed,7574,,,1
G370,G145,Directed,7575,,,1
G370,G147,Directed,7576,,,1
G370,G153,Directed,7577,,,1
G370,G155,Directed,7578,,,1
G370,G173,Directed,7579,,,1
G370,G174,Directed,7580,,,1
G370,G286,Directed,7581,,,1
G370,G368,Directed,7582,,,1
G370,G408,Directed,7583,,,1
G371,G14,Directed,7584,,,1
G371,G34,Directed,7585,,,1
G371,G145,Directed,7586,,,1
G371,G147,Directed,7587,,,1
G371,G166,Directed,7588,,,1
G371,G186,Directed,7589,,,1
G371,G187,Directed,7590,,,1
G371,G376,Directed,7591,,,1
G371,G408,Directed,7592,,,1
G371,G411,Directed,7593,,,1
G372,G34,Directed,7594,,,1
G372,G398,Directed,7595,,,1
G373,G71,Directed,7596,,,1
G373,G145,Directed,7597,,,1
G373,G147,Directed,7598,,,1
G373,G186,Directed,7599,,,1
G373,G285,Directed,7600,,,1
G373,G312,Directed,7601,,,1
G373,G375,Directed,7602,,,1
G374,G6,Directed,7603,,,1
G374,G158,Directed,7604,,,1
G374,G173,Directed,7605,,,1
G374,G174,Directed,7606,,,1
G374,G227,Directed,7607,,,1
G374,G228,Directed,7608,,,1
G374,G229,Directed,7609,,,1
G374,G230,Directed,7610,,,1
G374,G285,Directed,7611,,,1
G375,G186,Directed,7612,,,1
G375,G285,Directed,7613,,,1
G375,G308,Directed,7614,,,1
G375,G373,Directed,7615,,,1
G376,G14,Directed,7616,,,1
G376,G127,Directed,7617,,,1
G376,G128,Directed,7618,,,1
G376,G136,Directed,7619,,,1
G376,G145,Directed,7620,,,1
G376,G147,Directed,7621,,,1
G376,G186,Directed,7622,,,1
G376,G187,Directed,7623,,,1
G376,G192,Directed,7624,,,1
G376,G193,Directed,7625,,,1
G376,G220,Directed,7626,,,1
G376,G221,Directed,7627,,,1
G376,G226,Directed,7628,,,1
G376,G233,Directed,7629,,,1
G376,G248,Directed,7630,,,1
G376,G293,Directed,7631,,,1
G376,G363,Directed,7632,,,1
G376,G371,Directed,7633,,,1
G376,G382,Directed,7634,,,1
G376,G408,Directed,7635,,,1
G376,G427,Directed,7636,,,1
G377,G379,Directed,7637,,,1
G378,G238,Directed,7638,,,1
G378,G243,Directed,7639,,,1
G378,G379,Directed,7640,,,1
G379,G238,Directed,7641,,,1
G379,G243,Directed,7642,,,1
G379,G377,Directed,7643,,,1
G379,G378,Directed,7644,,,1
G380,G345,Directed,7645,,,1
G380,G348,Directed,7646,,,1
G381,G186,Directed,7647,,,1
G381,G187,Directed,7648,,,1
G381,G227,Directed,7649,,,1
G381,G228,Directed,7650,,,1
G381,G233,Directed,7651,,,1
G381,G382,Directed,7652,,,1
G381,G408,Directed,7653,,,1
G381,G418,Directed,7654,,,1
G382,G155,Directed,7655,,,1
G382,G171,Directed,7656,,,1
G382,G186,Directed,7657,,,1
G382,G187,Directed,7658,,,1
G382,G193,Directed,7659,,,1
G382,G215,Directed,7660,,,1
G382,G227,Directed,7661,,,1
G382,G228,Directed,7662,,,1
G382,G233,Directed,7663,,,1
G382,G298,Directed,7664,,,1
G382,G376,Directed,7665,,,1
G382,G381,Directed,7666,,,1
G382,G389,Directed,7667,,,1
G382,G427,Directed,7668,,,1
G382,G435,Directed,7669,,,1
G383,G11,Directed,7670,,,1
G383,G74,Directed,7671,,,1
G383,G135,Directed,7672,,,1
G383,G183,Directed,7673,,,1
G383,G186,Directed,7674,,,1
G383,G340,Directed,7675,,,1
G383,G384,Directed,7676,,,1
G383,G408,Directed,7677,,,1
G383,G426,Directed,7678,,,1
G383,G431,Directed,7679,,,1
G384,G11,Directed,7680,,,1
G384,G186,Directed,7681,,,1
G384,G383,Directed,7682,,,1
G384,G408,Directed,7683,,,1
G384,G431,Directed,7684,,,1
G385,G120,Directed,7685,,,1
G385,G153,Directed,7686,,,1
G385,G233,Directed,7687,,,1
G385,G282,Directed,7688,,,1
G386,G10,Directed,7689,,,1
G386,G186,Directed,7690,,,1
G386,G387,Directed,7691,,,1
G386,G408,Directed,7692,,,1
G386,G431,Directed,7693,,,1
G387,G10,Directed,7694,,,1
G387,G186,Directed,7695,,,1
G387,G231,Directed,7696,,,1
G387,G300,Directed,7697,,,1
G387,G386,Directed,7698,,,1
G387,G408,Directed,7699,,,1
G387,G431,Directed,7700,,,1
G388,G155,Directed,7701,,,1
G388,G173,Directed,7702,,,1
G388,G174,Directed,7703,,,1
G388,G276,Directed,7704,,,1
G388,G343,Directed,7705,,,1
G388,G396,Directed,7706,,,1
G389,G89,Directed,7707,,,1
G389,G153,Directed,7708,,,1
G389,G186,Directed,7709,,,1
G389,G227,Directed,7710,,,1
G389,G228,Directed,7711,,,1
G389,G229,Directed,7712,,,1
G389,G230,Directed,7713,,,1
G389,G279,Directed,7714,,,1
G389,G382,Directed,7715,,,1
G389,G435,Directed,7716,,,1
G390,G33,Directed,7717,,,1
G390,G145,Directed,7718,,,1
G390,G147,Directed,7719,,,1
G390,G153,Directed,7720,,,1
G390,G351,Directed,7721,,,1
G390,G366,Directed,7722,,,1
G390,G367,Directed,7723,,,1
G390,G403,Directed,7724,,,1
G390,G408,Directed,7725,,,1
G390,G426,Directed,7726,,,1
G391,G153,Directed,7727,,,1
G391,G193,Directed,7728,,,1
G391,G212,Directed,7729,,,1
G391,G270,Directed,7730,,,1
G391,G395,Directed,7731,,,1
G391,G427,Directed,7732,,,1
G392,G27,Directed,7733,,,1
G392,G32,Directed,7734,,,1
G392,G75,Directed,7735,,,1
G392,G89,Directed,7736,,,1
G392,G153,Directed,7737,,,1
G392,G155,Directed,7738,,,1
G392,G186,Directed,7739,,,1
G392,G193,Directed,7740,,,1
G392,G205,Directed,7741,,,1
G392,G224,Directed,7742,,,1
G392,G276,Directed,7743,,,1
G392,G298,Directed,7744,,,1
G392,G395,Directed,7745,,,1
G392,G427,Directed,7746,,,1
G393,G162,Directed,7747,,,1
G393,G186,Directed,7748,,,1
G393,G404,Directed,7749,,,1
G394,G107,Directed,7750,,,1
G394,G155,Directed,7751,,,1
G394,G173,Directed,7752,,,1
G394,G174,Directed,7753,,,1
G394,G288,Directed,7754,,,1
G394,G298,Directed,7755,,,1
G395,G89,Directed,7756,,,1
G395,G153,Directed,7757,,,1
G395,G270,Directed,7758,,,1
G395,G271,Directed,7759,,,1
G395,G276,Directed,7760,,,1
G395,G277,Directed,7761,,,1
G395,G391,Directed,7762,,,1
G395,G392,Directed,7763,,,1
G395,G427,Directed,7764,,,1
G396,G43,Directed,7765,,,1
G396,G173,Directed,7766,,,1
G396,G174,Directed,7767,,,1
G396,G186,Directed,7768,,,1
G396,G388,Directed,7769,,,1
G397,G205,Directed,7770,,,1
G397,G231,Directed,7771,,,1
G397,G263,Directed,7772,,,1
G398,G372,Directed,7773,,,1
G399,G35,Directed,7774,,,1
G399,G145,Directed,7775,,,1
G399,G147,Directed,7776,,,1
G399,G306,Directed,7777,,,1
G399,G408,Directed,7778,,,1
G399,G422,Directed,7779,,,1
G400,G186,Directed,7780,,,1
G400,G233,Directed,7781,,,1
G400,G305,Directed,7782,,,1
G401,G106,Directed,7783,,,1
G401,G155,Directed,7784,,,1
G401,G173,Directed,7785,,,1
G401,G174,Directed,7786,,,1
G401,G291,Directed,7787,,,1
G401,G298,Directed,7788,,,1
G402,G102,Directed,7789,,,1
G402,G155,Directed,7790,,,1
G402,G173,Directed,7791,,,1
G402,G174,Directed,7792,,,1
G402,G292,Directed,7793,,,1
G402,G298,Directed,7794,,,1
G403,G367,Directed,7795,,,1
G403,G390,Directed,7796,,,1
G404,G4,Directed,7797,,,1
G404,G145,Directed,7798,,,1
G404,G147,Directed,7799,,,1
G404,G162,Directed,7800,,,1
G404,G186,Directed,7801,,,1
G404,G393,Directed,7802,,,1
G405,G145,Directed,7803,,,1
G405,G146,Directed,7804,,,1
G405,G164,Directed,7805,,,1
G406,G50,Directed,7806,,,1
G406,G135,Directed,7807,,,1
G406,G227,Directed,7808,,,1
G406,G228,Directed,7809,,,1
G406,G407,Directed,7810,,,1
G406,G426,Directed,7811,,,1
G407,G135,Directed,7812,,,1
G407,G153,Directed,7813,,,1
G407,G244,Directed,7814,,,1
G407,G406,Directed,7815,,,1
G407,G426,Directed,7816,,,1
G408,G2,Directed,7817,,,1
G408,G3,Directed,7818,,,1
G408,G6,Directed,7819,,,1
G408,G10,Directed,7820,,,1
G408,G11,Directed,7821,,,1
G408,G14,Directed,7822,,,1
G408,G33,Directed,7823,,,1
G408,G58,Directed,7824,,,1
G408,G59,Directed,7825,,,1
G408,G60,Directed,7826,,,1
G408,G62,Directed,7827,,,1
G408,G63,Directed,7828,,,1
G408,G66,Directed,7829,,,1
G408,G67,Directed,7830,,,1
G408,G70,Directed,7831,,,1
G408,G74,Directed,7832,,,1
G408,G92,Directed,7833,,,1
G408,G94,Directed,7834,,,1
G408,G95,Directed,7835,,,1
G408,G97,Directed,7836,,,1
G408,G108,Directed,7837,,,1
G408,G110,Directed,7838,,,1
G408,G122,Directed,7839,,,1
G408,G125,Directed,7840,,,1
G408,G126,Directed,7841,,,1
G408,G128,Directed,7842,,,1
G408,G133,Directed,7843,,,1
G408,G136,Directed,7844,,,1
G408,G143,Directed,7845,,,1
G408,G144,Directed,7846,,,1
G408,G145,Directed,7847,,,1
G408,G146,Directed,7848,,,1
G408,G147,Directed,7849,,,1
G408,G153,Directed,7850,,,1
G408,G154,Directed,7851,,,1
G408,G155,Directed,7852,,,1
G408,G157,Directed,7853,,,1
G408,G176,Directed,7854,,,1
G408,G184,Directed,7855,,,1
G408,G185,Directed,7856,,,1
G408,G186,Directed,7857,,,1
G408,G188,Directed,7858,,,1
G408,G198,Directed,7859,,,1
G408,G199,Directed,7860,,,1
G408,G200,Directed,7861,,,1
G408,G202,Directed,7862,,,1
G408,G205,Directed,7863,,,1
G408,G206,Directed,7864,,,1
G408,G207,Directed,7865,,,1
G408,G208,Directed,7866,,,1
G408,G216,Directed,7867,,,1
G408,G217,Directed,7868,,,1
G408,G220,Directed,7869,,,1
G408,G221,Directed,7870,,,1
G408,G227,Directed,7871,,,1
G408,G228,Directed,7872,,,1
G408,G229,Directed,7873,,,1
G408,G230,Directed,7874,,,1
G408,G231,Directed,7875,,,1
G408,G245,Directed,7876,,,1
G408,G248,Directed,7877,,,1
G408,G261,Directed,7878,,,1
G408,G266,Directed,7879,,,1
G408,G269,Directed,7880,,,1
G408,G273,Directed,7881,,,1
G408,G283,Directed,7882,,,1
G408,G284,Directed,7883,,,1
G408,G295,Directed,7884,,,1
G408,G298,Directed,7885,,,1
G408,G299,Directed,7886,,,1
G408,G300,Directed,7887,,,1
G408,G302,Directed,7888,,,1
G408,G306,Directed,7889,,,1
G408,G310,Directed,7890,,,1
G408,G311,Directed,7891,,,1
G408,G316,Directed,7892,,,1
G408,G340,Directed,7893,,,1
G408,G342,Directed,7894,,,1
G408,G345,Directed,7895,,,1
G408,G346,Directed,7896,,,1
G408,G349,Directed,7897,,,1
G408,G360,Directed,7898,,,1
G408,G364,Directed,7899,,,1
G408,G368,Directed,7900,,,1
G408,G370,Directed,7901,,,1
G408,G371,Directed,7902,,,1
G408,G376,Directed,7903,,,1
G408,G381,Directed,7904,,,1
G408,G383,Directed,7905,,,1
G408,G384,Directed,7906,,,1
G408,G386,Directed,7907,,,1
G408,G387,Directed,7908,,,1
G408,G390,Directed,7909,,,1
G408,G399,Directed,7910,,,1
G408,G409,Directed,7911,,,1
G408,G416,Directed,7912,,,1
G408,G417,Directed,7913,,,1
G408,G418,Directed,7914,,,1
G408,G422,Directed,7915,,,1
G408,G426,Directed,7916,,,1
G408,G427,Directed,7917,,,1
G408,G428,Directed,7918,,,1
G408,G435,Directed,7919,,,1
G408,G437,Directed,7920,,,1
G408,G441,Directed,7921,,,1
G408,G444,Directed,7922,,,1
G408,G445,Directed,7923,,,1
G408,G449,Directed,7924,,,1
G408,G451,Directed,7925,,,1
G409,G89,Directed,7926,,,1
G409,G145,Directed,7927,,,1
G409,G147,Directed,7928,,,1
G409,G155,Directed,7929,,,1
G409,G186,Directed,7930,,,1
G409,G198,Directed,7931,,,1
G409,G205,Directed,7932,,,1
G409,G215,Directed,7933,,,1
G409,G227,Directed,7934,,,1
G409,G228,Directed,7935,,,1
G409,G298,Directed,7936,,,1
G409,G306,Directed,7937,,,1
G409,G317,Directed,7938,,,1
G409,G408,Directed,7939,,,1
G409,G427,Directed,7940,,,1
G410,G186,Directed,7941,,,1
G410,G238,Directed,7942,,,1
G410,G334,Directed,7943,,,1
G410,G369,Directed,7944,,,1
G411,G186,Directed,7945,,,1
G411,G187,Directed,7946,,,1
G411,G371,Directed,7947,,,1
G412,G93,Directed,7948,,,1
G412,G149,Directed,7949,,,1
G412,G186,Directed,7950,,,1
G412,G238,Directed,7951,,,1
G412,G301,Directed,7952,,,1
G412,G323,Directed,7953,,,1
G412,G334,Directed,7954,,,1
G412,G429,Directed,7955,,,1
G412,G439,Directed,7956,,,1
G412,G440,Directed,7957,,,1
G412,G443,Directed,7958,,,1
G413,G64,Directed,7959,,,1
G413,G146,Directed,7960,,,1
G413,G147,Directed,7961,,,1
G413,G155,Directed,7962,,,1
G413,G186,Directed,7963,,,1
G413,G227,Directed,7964,,,1
G413,G228,Directed,7965,,,1
G413,G414,Directed,7966,,,1
G413,G426,Directed,7967,,,1
G414,G96,Directed,7968,,,1
G414,G146,Directed,7969,,,1
G414,G147,Directed,7970,,,1
G414,G153,Directed,7971,,,1
G414,G155,Directed,7972,,,1
G414,G173,Directed,7973,,,1
G414,G174,Directed,7974,,,1
G414,G220,Directed,7975,,,1
G414,G264,Directed,7976,,,1
G414,G290,Directed,7977,,,1
G414,G413,Directed,7978,,,1
G414,G426,Directed,7979,,,1
G414,G434,Directed,7980,,,1
G415,G153,Directed,7981,,,1
G415,G265,Directed,7982,,,1
G416,G145,Directed,7983,,,1
G416,G147,Directed,7984,,,1
G416,G186,Directed,7985,,,1
G416,G211,Directed,7986,,,1
G416,G221,Directed,7987,,,1
G416,G408,Directed,7988,,,1
G417,G91,Directed,7989,,,1
G417,G110,Directed,7990,,,1
G417,G144,Directed,7991,,,1
G417,G145,Directed,7992,,,1
G417,G147,Directed,7993,,,1
G417,G157,Directed,7994,,,1
G417,G186,Directed,7995,,,1
G417,G266,Directed,7996,,,1
G417,G408,Directed,7997,,,1
G417,G427,Directed,7998,,,1
G418,G186,Directed,7999,,,1
G418,G381,Directed,8000,,,1
G418,G408,Directed,8001,,,1
G419,G146,Directed,8002,,,1
G419,G147,Directed,8003,,,1
G419,G186,Directed,8004,,,1
G420,G176,Directed,8005,,,1
G420,G186,Directed,8006,,,1
G420,G426,Directed,8007,,,1
G421,G153,Directed,8008,,,1
G421,G227,Directed,8009,,,1
G421,G228,Directed,8010,,,1
G421,G282,Directed,8011,,,1
G421,G316,Directed,8012,,,1
G422,G49,Directed,8013,,,1
G422,G77,Directed,8014,,,1
G422,G145,Directed,8015,,,1
G422,G147,Directed,8016,,,1
G422,G153,Directed,8017,,,1
G422,G155,Directed,8018,,,1
G422,G227,Directed,8019,,,1
G422,G228,Directed,8020,,,1
G422,G298,Directed,8021,,,1
G422,G306,Directed,8022,,,1
G422,G399,Directed,8023,,,1
G422,G408,Directed,8024,,,1
G423,G187,Directed,8025,,,1
G423,G233,Directed,8026,,,1
G423,G425,Directed,8027,,,1
G424,G145,Directed,8028,,,1
G424,G147,Directed,8029,,,1
G424,G425,Directed,8030,,,1
G425,G145,Directed,8031,,,1
G425,G147,Directed,8032,,,1
G425,G187,Directed,8033,,,1
G425,G233,Directed,8034,,,1
G425,G423,Directed,8035,,,1
G425,G424,Directed,8036,,,1
G426,G6,Directed,8037,,,1
G426,G53,Directed,8038,,,1
G426,G55,Directed,8039,,,1
G426,G73,Directed,8040,,,1
G426,G101,Directed,8041,,,1
G426,G119,Directed,8042,,,1
G426,G124,Directed,8043,,,1
G426,G131,Directed,8044,,,1
G426,G135,Directed,8045,,,1
G426,G136,Directed,8046,,,1
G426,G146,Directed,8047,,,1
G426,G147,Directed,8048,,,1
G426,G150,Directed,8049,,,1
G426,G151,Directed,8050,,,1
G426,G154,Directed,8051,,,1
G426,G155,Directed,8052,,,1
G426,G163,Directed,8053,,,1
G426,G173,Directed,8054,,,1
G426,G175,Directed,8055,,,1
G426,G176,Directed,8056,,,1
G426,G183,Directed,8057,,,1
G426,G186,Directed,8058,,,1
G426,G196,Directed,8059,,,1
G426,G197,Directed,8060,,,1
G426,G198,Directed,8061,,,1
G426,G200,Directed,8062,,,1
G426,G204,Directed,8063,,,1
G426,G205,Directed,8064,,,1
G426,G208,Directed,8065,,,1
G426,G216,Directed,8066,,,1
G426,G222,Directed,8067,,,1
G426,G233,Directed,8068,,,1
G426,G238,Directed,8069,,,1
G426,G243,Directed,8070,,,1
G426,G245,Directed,8071,,,1
G426,G246,Directed,8072,,,1
G426,G250,Directed,8073,,,1
G426,G273,Directed,8074,,,1
G426,G278,Directed,8075,,,1
G426,G281,Directed,8076,,,1
G426,G285,Directed,8077,,,1
G426,G295,Directed,8078,,,1
G426,G298,Directed,8079,,,1
G426,G299,Directed,8080,,,1
G426,G303,Directed,8081,,,1
G426,G304,Directed,8082,,,1
G426,G335,Directed,8083,,,1
G426,G336,Directed,8084,,,1
G426,G346,Directed,8085,,,1
G426,G347,Directed,8086,,,1
G426,G349,Directed,8087,,,1
G426,G351,Directed,8088,,,1
G426,G358,Directed,8089,,,1
G426,G366,Directed,8090,,,1
G426,G383,Directed,8091,,,1
G426,G390,Directed,8092,,,1
G426,G406,Directed,8093,,,1
G426,G407,Directed,8094,,,1
G426,G408,Directed,8095,,,1
G426,G413,Directed,8096,,,1
G426,G414,Directed,8097,,,1
G426,G420,Directed,8098,,,1
G426,G438,Directed,8099,,,1
G427,G38,Directed,8100,,,1
G427,G39,Directed,8101,,,1
G427,G88,Directed,8102,,,1
G427,G99,Directed,8103,,,1
G427,G119,Directed,8104,,,1
G427,G145,Directed,8105,,,1
G427,G147,Directed,8106,,,1
G427,G153,Directed,8107,,,1
G427,G166,Directed,8108,,,1
G427,G171,Directed,8109,,,1
G427,G186,Directed,8110,,,1
G427,G189,Directed,8111,,,1
G427,G193,Directed,8112,,,1
G427,G202,Directed,8113,,,1
G427,G203,Directed,8114,,,1
G427,G205,Directed,8115,,,1
G427,G208,Directed,8116,,,1
G427,G212,Directed,8117,,,1
G427,G220,Directed,8118,,,1
G427,G224,Directed,8119,,,1
G427,G231,Directed,8120,,,1
G427,G271,Directed,8121,,,1
G427,G304,Directed,8122,,,1
G427,G306,Directed,8123,,,1
G427,G316,Directed,8124,,,1
G427,G361,Directed,8125,,,1
G427,G362,Directed,8126,,,1
G427,G376,Directed,8127,,,1
G427,G382,Directed,8128,,,1
G427,G391,Directed,8129,,,1
G427,G392,Directed,8130,,,1
G427,G395,Directed,8131,,,1
G427,G408,Directed,8132,,,1
G427,G409,Directed,8133,,,1
G427,G417,Directed,8134,,,1
G427,G439,Directed,8135,,,1
G427,G442,Directed,8136,,,1
G428,G6,Directed,8137,,,1
G428,G108,Directed,8138,,,1
G428,G360,Directed,8139,,,1
G428,G408,Directed,8140,,,1
G429,G149,Directed,8141,,,1
G429,G186,Directed,8142,,,1
G429,G238,Directed,8143,,,1
G429,G323,Directed,8144,,,1
G429,G334,Directed,8145,,,1
G429,G412,Directed,8146,,,1
G430,G145,Directed,8147,,,1
G430,G147,Directed,8148,,,1
G430,G175,Directed,8149,,,1
G431,G145,Directed,8150,,,1
G431,G147,Directed,8151,,,1
G431,G167,Directed,8152,,,1
G431,G186,Directed,8153,,,1
G431,G299,Directed,8154,,,1
G431,G300,Directed,8155,,,1
G431,G383,Directed,8156,,,1
G431,G384,Directed,8157,,,1
G431,G386,Directed,8158,,,1
G431,G387,Directed,8159,,,1
G432,G98,Directed,8160,,,1
G432,G110,Directed,8161,,,1
G432,G145,Directed,8162,,,1
G432,G147,Directed,8163,,,1
G432,G229,Directed,8164,,,1
G432,G230,Directed,8165,,,1
G433,G56,Directed,8166,,,1
G433,G123,Directed,8167,,,1
G433,G225,Directed,8168,,,1
G433,G274,Directed,8169,,,1
G434,G155,Directed,8170,,,1
G434,G172,Directed,8171,,,1
G434,G173,Directed,8172,,,1
G434,G174,Directed,8173,,,1
G434,G264,Directed,8174,,,1
G434,G414,Directed,8175,,,1
G435,G155,Directed,8176,,,1
G435,G173,Directed,8177,,,1
G435,G174,Directed,8178,,,1
G435,G176,Directed,8179,,,1
G435,G184,Directed,8180,,,1
G435,G186,Directed,8181,,,1
G435,G227,Directed,8182,,,1
G435,G228,Directed,8183,,,1
G435,G229,Directed,8184,,,1
G435,G230,Directed,8185,,,1
G435,G365,Directed,8186,,,1
G435,G382,Directed,8187,,,1
G435,G389,Directed,8188,,,1
G435,G408,Directed,8189,,,1
G435,G436,Directed,8190,,,1
G435,G437,Directed,8191,,,1
G436,G89,Directed,8192,,,1
G436,G114,Directed,8193,,,1
G436,G186,Directed,8194,,,1
G436,G205,Directed,8195,,,1
G436,G227,Directed,8196,,,1
G436,G228,Directed,8197,,,1
G436,G229,Directed,8198,,,1
G436,G230,Directed,8199,,,1
G436,G435,Directed,8200,,,1
G437,G35,Directed,8201,,,1
G437,G155,Directed,8202,,,1
G437,G176,Directed,8203,,,1
G437,G184,Directed,8204,,,1
G437,G277,Directed,8205,,,1
G437,G343,Directed,8206,,,1
G437,G408,Directed,8207,,,1
G437,G435,Directed,8208,,,1
G438,G147,Directed,8209,,,1
G438,G186,Directed,8210,,,1
G438,G303,Directed,8211,,,1
G438,G314,Directed,8212,,,1
G438,G315,Directed,8213,,,1
G438,G426,Directed,8214,,,1
G439,G186,Directed,8215,,,1
G439,G202,Directed,8216,,,1
G439,G220,Directed,8217,,,1
G439,G231,Directed,8218,,,1
G439,G267,Directed,8219,,,1
G439,G295,Directed,8220,,,1
G439,G412,Directed,8221,,,1
G439,G427,Directed,8222,,,1
G439,G440,Directed,8223,,,1
G439,G442,Directed,8224,,,1
G439,G443,Directed,8225,,,1
G440,G93,Directed,8226,,,1
G440,G186,Directed,8227,,,1
G440,G301,Directed,8228,,,1
G440,G412,Directed,8229,,,1
G440,G439,Directed,8230,,,1
G440,G443,Directed,8231,,,1
G441,G128,Directed,8232,,,1
G441,G145,Directed,8233,,,1
G441,G147,Directed,8234,,,1
G441,G205,Directed,8235,,,1
G441,G408,Directed,8236,,,1
G442,G186,Directed,8237,,,1
G442,G202,Directed,8238,,,1
G442,G203,Directed,8239,,,1
G442,G231,Directed,8240,,,1
G442,G427,Directed,8241,,,1
G442,G439,Directed,8242,,,1
G443,G93,Directed,8243,,,1
G443,G186,Directed,8244,,,1
G443,G238,Directed,8245,,,1
G443,G301,Directed,8246,,,1
G443,G334,Directed,8247,,,1
G443,G412,Directed,8248,,,1
G443,G439,Directed,8249,,,1
G443,G440,Directed,8250,,,1
G444,G74,Directed,8251,,,1
G444,G145,Directed,8252,,,1
G444,G147,Directed,8253,,,1
G444,G236,Directed,8254,,,1
G444,G332,Directed,8255,,,1
G444,G408,Directed,8256,,,1
G444,G445,Directed,8257,,,1
G445,G74,Directed,8258,,,1
G445,G129,Directed,8259,,,1
G445,G229,Directed,8260,,,1
G445,G230,Directed,8261,,,1
G445,G408,Directed,8262,,,1
G445,G444,Directed,8263,,,1
G446,G52,Directed,8264,,,1
G446,G69,Directed,8265,,,1
G446,G186,Directed,8266,,,1
G446,G312,Directed,8267,,,1
G447,G51,Directed,8268,,,1
G447,G186,Directed,8269,,,1
G447,G359,Directed,8270,,,1
G448,G137,Directed,8271,,,1
G448,G141,Directed,8272,,,1
G448,G186,Directed,8273,,,1
G449,G10,Directed,8274,,,1
G449,G74,Directed,8275,,,1
G449,G130,Directed,8276,,,1
G449,G186,Directed,8277,,,1
G449,G229,Directed,8278,,,1
G449,G230,Directed,8279,,,1
G449,G231,Directed,8280,,,1
G449,G319,Directed,8281,,,1
G449,G342,Directed,8282,,,1
G449,G408,Directed,8283,,,1
G449,G451,Directed,8284,,,1
G450,G186,Directed,8285,,,1
G450,G195,Directed,8286,,,1
G450,G217,Directed,8287,,,1
G451,G10,Directed,8288,,,1
G451,G145,Directed,8289,,,1
G451,G147,Directed,8290,,,1
G451,G186,Directed,8291,,,1
G451,G231,Directed,8292,,,1
G451,G244,Directed,8293,,,1
G451,G318,Directed,8294,,,1
G451,G408,Directed,8295,,,1
G451,G449,Directed,8296,,,1
G452,G113,Directed,8297,,,1
G452,G186,Directed,8298,,,1
G452,G209,Directed,8299,,,1
G452,G231,Directed,8300,,,1
G453,G185,Directed,8301,,,1
