Source,Target,Type,Id,Label,timeset,Weight
G1,G2,Directed,0,,,1
G1,G4,Directed,1,,,1
G1,G8,Directed,2,,,1
G2,G1,Directed,3,,,1
G2,G4,Directed,4,,,1
G2,G8,Directed,5,,,1
G3,G5,Directed,6,,,1
G3,G8,Directed,7,,,1
G4,G1,Directed,8,,,1
G4,G2,Directed,9,,,1
G4,G8,Directed,10,,,1
G4,G26,Directed,11,,,1
G4,G47,Directed,12,,,1
G5,G3,Directed,13,,,1
G5,G8,Directed,14,,,1
G6,G7,Directed,15,,,1
G6,G8,Directed,16,,,1
G6,G13,Directed,17,,,1
G7,G6,Directed,18,,,1
G7,G8,Directed,19,,,1
G7,G13,Directed,20,,,1
G8,G1,Directed,21,,,1
G8,G2,Directed,22,,,1
G8,G3,Directed,23,,,1
G8,G4,Directed,24,,,1
G8,G5,Directed,25,,,1
G8,G6,Directed,26,,,1
G8,G7,Directed,27,,,1
G8,G13,Directed,28,,,1
G8,G16,Directed,29,,,1
G8,G23,Directed,30,,,1
G8,G24,Directed,31,,,1
G8,G26,Directed,32,,,1
G8,G27,Directed,33,,,1
G8,G28,Directed,34,,,1
G8,G30,Directed,35,,,1
G8,G34,Directed,36,,,1
G8,G35,Directed,37,,,1
G8,G36,Directed,38,,,1
G8,G37,Directed,39,,,1
G8,G38,Directed,40,,,1
G8,G47,Directed,41,,,1
G8,G65,Directed,42,,,1
G8,G67,Directed,43,,,1
G8,G112,Directed,44,,,1
G8,G118,Directed,45,,,1
G8,G144,Directed,46,,,1
G8,G201,Directed,47,,,1
G8,G248,Directed,48,,,1
G8,G313,Directed,49,,,1
G9,G10,Directed,50,,,1
G9,G11,Directed,51,,,1
G9,G12,Directed,52,,,1
G9,G13,Directed,53,,,1
G10,G9,Directed,54,,,1
G10,G11,Directed,55,,,1
G10,G12,Directed,56,,,1
G10,G13,Directed,57,,,1
G11,G9,Directed,58,,,1
G11,G10,Directed,59,,,1
G11,G13,Directed,60,,,1
G12,G9,Directed,61,,,1
G12,G10,Directed,62,,,1
G12,G13,Directed,63,,,1
G13,G6,Directed,64,,,1
G13,G7,Directed,65,,,1
G13,G8,Directed,66,,,1
G13,G9,Directed,67,,,1
G13,G10,Directed,68,,,1
G13,G11,Directed,69,,,1
G13,G12,Directed,70,,,1
G13,G14,Directed,71,,,1
G13,G15,Directed,72,,,1
G13,G17,Directed,73,,,1
G13,G18,Directed,74,,,1
G13,G19,Directed,75,,,1
G13,G20,Directed,76,,,1
G13,G21,Directed,77,,,1
G14,G13,Directed,78,,,1
G15,G13,Directed,79,,,1
G16,G8,Directed,80,,,1
G16,G22,Directed,81,,,1
G17,G13,Directed,82,,,1
G17,G19,Directed,83,,,1
G17,G20,Directed,84,,,1
G18,G13,Directed,85,,,1
G19,G13,Directed,86,,,1
G19,G17,Directed,87,,,1
G19,G20,Directed,88,,,1
G20,G13,Directed,89,,,1
G20,G17,Directed,90,,,1
G20,G19,Directed,91,,,1
G21,G13,Directed,92,,,1
G22,G16,Directed,93,,,1
G22,G26,Directed,94,,,1
G23,G8,Directed,95,,,1
G23,G24,Directed,96,,,1
G24,G8,Directed,97,,,1
G24,G23,Directed,98,,,1
G25,G26,Directed,99,,,1
G26,G4,Directed,100,,,1
G26,G8,Directed,101,,,1
G26,G22,Directed,102,,,1
G26,G25,Directed,103,,,1
G26,G29,Directed,104,,,1
G26,G31,Directed,105,,,1
G26,G33,Directed,106,,,1
G26,G47,Directed,107,,,1
G27,G8,Directed,108,,,1
G28,G8,Directed,109,,,1
G28,G35,Directed,110,,,1
G29,G26,Directed,111,,,1
G29,G31,Directed,112,,,1
G29,G33,Directed,113,,,1
G29,G47,Directed,114,,,1
G30,G8,Directed,115,,,1
G30,G34,Directed,116,,,1
G31,G26,Directed,117,,,1
G31,G29,Directed,118,,,1
G31,G32,Directed,119,,,1
G32,G31,Directed,120,,,1
G32,G33,Directed,121,,,1
G33,G26,Directed,122,,,1
G33,G29,Directed,123,,,1
G33,G32,Directed,124,,,1
G33,G47,Directed,125,,,1
G34,G8,Directed,126,,,1
G34,G30,Directed,127,,,1
G35,G8,Directed,128,,,1
G35,G28,Directed,129,,,1
G35,G36,Directed,130,,,1
G36,G8,Directed,131,,,1
G36,G35,Directed,132,,,1
G36,G38,Directed,133,,,1
G37,G8,Directed,134,,,1
G37,G38,Directed,135,,,1
G38,G8,Directed,136,,,1
G38,G36,Directed,137,,,1
G38,G37,Directed,138,,,1
G39,G47,Directed,139,,,1
G39,G65,Directed,140,,,1
G39,G142,Directed,141,,,1
G40,G45,Directed,142,,,1
G40,G46,Directed,143,,,1
G40,G50,Directed,144,,,1
G40,G55,Directed,145,,,1
G40,G61,Directed,146,,,1
G40,G62,Directed,147,,,1
G40,G144,Directed,148,,,1
G41,G53,Directed,149,,,1
G41,G67,Directed,150,,,1
G41,G166,Directed,151,,,1
G42,G47,Directed,152,,,1
G43,G67,Directed,153,,,1
G44,G67,Directed,154,,,1
G45,G40,Directed,155,,,1
G45,G46,Directed,156,,,1
G45,G47,Directed,157,,,1
G45,G50,Directed,158,,,1
G45,G54,Directed,159,,,1
G45,G55,Directed,160,,,1
G45,G58,Directed,161,,,1
G45,G59,Directed,162,,,1
G45,G61,Directed,163,,,1
G45,G62,Directed,164,,,1
G45,G63,Directed,165,,,1
G45,G65,Directed,166,,,1
G45,G67,Directed,167,,,1
G45,G83,Directed,168,,,1
G45,G118,Directed,169,,,1
G45,G142,Directed,170,,,1
G45,G144,Directed,171,,,1
G45,G166,Directed,172,,,1
G45,G201,Directed,173,,,1
G46,G40,Directed,174,,,1
G46,G45,Directed,175,,,1
G46,G50,Directed,176,,,1
G46,G55,Directed,177,,,1
G46,G62,Directed,178,,,1
G46,G63,Directed,179,,,1
G46,G67,Directed,180,,,1
G46,G144,Directed,181,,,1
G47,G4,Directed,182,,,1
G47,G8,Directed,183,,,1
G47,G26,Directed,184,,,1
G47,G29,Directed,185,,,1
G47,G33,Directed,186,,,1
G47,G39,Directed,187,,,1
G47,G42,Directed,188,,,1
G47,G45,Directed,189,,,1
G47,G48,Directed,190,,,1
G47,G49,Directed,191,,,1
G47,G54,Directed,192,,,1
G47,G56,Directed,193,,,1
G47,G58,Directed,194,,,1
G47,G59,Directed,195,,,1
G47,G60,Directed,196,,,1
G47,G65,Directed,197,,,1
G47,G67,Directed,198,,,1
G47,G74,Directed,199,,,1
G47,G75,Directed,200,,,1
G47,G83,Directed,201,,,1
G47,G86,Directed,202,,,1
G47,G94,Directed,203,,,1
G47,G109,Directed,204,,,1
G47,G112,Directed,205,,,1
G47,G118,Directed,206,,,1
G47,G123,Directed,207,,,1
G47,G131,Directed,208,,,1
G47,G142,Directed,209,,,1
G47,G144,Directed,210,,,1
G47,G147,Directed,211,,,1
G47,G150,Directed,212,,,1
G47,G152,Directed,213,,,1
G47,G166,Directed,214,,,1
G47,G169,Directed,215,,,1
G47,G172,Directed,216,,,1
G47,G176,Directed,217,,,1
G47,G177,Directed,218,,,1
G47,G182,Directed,219,,,1
G47,G183,Directed,220,,,1
G47,G197,Directed,221,,,1
G47,G201,Directed,222,,,1
G47,G203,Directed,223,,,1
G47,G219,Directed,224,,,1
G47,G230,Directed,225,,,1
G47,G232,Directed,226,,,1
G47,G245,Directed,227,,,1
G47,G246,Directed,228,,,1
G47,G248,Directed,229,,,1
G47,G253,Directed,230,,,1
G47,G255,Directed,231,,,1
G47,G258,Directed,232,,,1
G47,G261,Directed,233,,,1
G47,G263,Directed,234,,,1
G47,G293,Directed,235,,,1
G47,G311,Directed,236,,,1
G47,G313,Directed,237,,,1
G47,G316,Directed,238,,,1
G48,G47,Directed,239,,,1
G48,G49,Directed,240,,,1
G48,G65,Directed,241,,,1
G49,G47,Directed,242,,,1
G49,G48,Directed,243,,,1
G49,G56,Directed,244,,,1
G49,G60,Directed,245,,,1
G50,G40,Directed,246,,,1
G50,G45,Directed,247,,,1
G50,G46,Directed,248,,,1
G50,G55,Directed,249,,,1
G50,G61,Directed,250,,,1
G50,G62,Directed,251,,,1
G50,G63,Directed,252,,,1
G50,G67,Directed,253,,,1
G50,G144,Directed,254,,,1
G50,G166,Directed,255,,,1
G51,G67,Directed,256,,,1
G51,G82,Directed,257,,,1
G51,G118,Directed,258,,,1
G51,G166,Directed,259,,,1
G52,G67,Directed,260,,,1
G53,G41,Directed,261,,,1
G53,G67,Directed,262,,,1
G53,G82,Directed,263,,,1
G53,G144,Directed,264,,,1
G53,G166,Directed,265,,,1
G54,G45,Directed,266,,,1
G54,G47,Directed,267,,,1
G54,G58,Directed,268,,,1
G54,G59,Directed,269,,,1
G54,G60,Directed,270,,,1
G54,G65,Directed,271,,,1
G54,G83,Directed,272,,,1
G55,G40,Directed,273,,,1
G55,G45,Directed,274,,,1
G55,G46,Directed,275,,,1
G55,G50,Directed,276,,,1
G55,G61,Directed,277,,,1
G55,G62,Directed,278,,,1
G55,G63,Directed,279,,,1
G55,G144,Directed,280,,,1
G56,G47,Directed,281,,,1
G56,G49,Directed,282,,,1
G56,G58,Directed,283,,,1
G56,G59,Directed,284,,,1
G56,G60,Directed,285,,,1
G56,G65,Directed,286,,,1
G57,G69,Directed,287,,,1
G57,G70,Directed,288,,,1
G57,G71,Directed,289,,,1
G57,G118,Directed,290,,,1
G58,G45,Directed,291,,,1
G58,G47,Directed,292,,,1
G58,G54,Directed,293,,,1
G58,G56,Directed,294,,,1
G58,G59,Directed,295,,,1
G58,G60,Directed,296,,,1
G58,G65,Directed,297,,,1
G58,G83,Directed,298,,,1
G59,G45,Directed,299,,,1
G59,G47,Directed,300,,,1
G59,G54,Directed,301,,,1
G59,G56,Directed,302,,,1
G59,G58,Directed,303,,,1
G59,G60,Directed,304,,,1
G59,G64,Directed,305,,,1
G59,G65,Directed,306,,,1
G59,G83,Directed,307,,,1
G59,G144,Directed,308,,,1
G60,G47,Directed,309,,,1
G60,G49,Directed,310,,,1
G60,G54,Directed,311,,,1
G60,G56,Directed,312,,,1
G60,G58,Directed,313,,,1
G60,G59,Directed,314,,,1
G60,G64,Directed,315,,,1
G60,G65,Directed,316,,,1
G61,G40,Directed,317,,,1
G61,G45,Directed,318,,,1
G61,G50,Directed,319,,,1
G61,G55,Directed,320,,,1
G61,G62,Directed,321,,,1
G61,G63,Directed,322,,,1
G62,G40,Directed,323,,,1
G62,G45,Directed,324,,,1
G62,G46,Directed,325,,,1
G62,G50,Directed,326,,,1
G62,G55,Directed,327,,,1
G62,G61,Directed,328,,,1
G62,G63,Directed,329,,,1
G62,G67,Directed,330,,,1
G62,G144,Directed,331,,,1
G62,G166,Directed,332,,,1
G63,G45,Directed,333,,,1
G63,G46,Directed,334,,,1
G63,G50,Directed,335,,,1
G63,G55,Directed,336,,,1
G63,G61,Directed,337,,,1
G63,G62,Directed,338,,,1
G63,G67,Directed,339,,,1
G63,G144,Directed,340,,,1
G63,G166,Directed,341,,,1
G64,G59,Directed,342,,,1
G64,G60,Directed,343,,,1
G64,G65,Directed,344,,,1
G65,G8,Directed,345,,,1
G65,G39,Directed,346,,,1
G65,G45,Directed,347,,,1
G65,G47,Directed,348,,,1
G65,G48,Directed,349,,,1
G65,G54,Directed,350,,,1
G65,G56,Directed,351,,,1
G65,G58,Directed,352,,,1
G65,G59,Directed,353,,,1
G65,G60,Directed,354,,,1
G65,G64,Directed,355,,,1
G65,G66,Directed,356,,,1
G65,G67,Directed,357,,,1
G65,G74,Directed,358,,,1
G65,G75,Directed,359,,,1
G65,G83,Directed,360,,,1
G65,G87,Directed,361,,,1
G65,G108,Directed,362,,,1
G65,G112,Directed,363,,,1
G65,G116,Directed,364,,,1
G65,G118,Directed,365,,,1
G65,G142,Directed,366,,,1
G65,G144,Directed,367,,,1
G65,G151,Directed,368,,,1
G65,G166,Directed,369,,,1
G65,G169,Directed,370,,,1
G65,G176,Directed,371,,,1
G65,G183,Directed,372,,,1
G65,G197,Directed,373,,,1
G65,G201,Directed,374,,,1
G65,G203,Directed,375,,,1
G65,G219,Directed,376,,,1
G65,G245,Directed,377,,,1
G65,G246,Directed,378,,,1
G65,G248,Directed,379,,,1
G65,G253,Directed,380,,,1
G65,G255,Directed,381,,,1
G65,G258,Directed,382,,,1
G65,G261,Directed,383,,,1
G65,G263,Directed,384,,,1
G65,G293,Directed,385,,,1
G66,G65,Directed,386,,,1
G66,G87,Directed,387,,,1
G66,G116,Directed,388,,,1
G66,G151,Directed,389,,,1
G67,G8,Directed,390,,,1
G67,G41,Directed,391,,,1
G67,G43,Directed,392,,,1
G67,G44,Directed,393,,,1
G67,G45,Directed,394,,,1
G67,G46,Directed,395,,,1
G67,G47,Directed,396,,,1
G67,G50,Directed,397,,,1
G67,G51,Directed,398,,,1
G67,G52,Directed,399,,,1
G67,G53,Directed,400,,,1
G67,G62,Directed,401,,,1
G67,G63,Directed,402,,,1
G67,G65,Directed,403,,,1
G67,G71,Directed,404,,,1
G67,G76,Directed,405,,,1
G67,G78,Directed,406,,,1
G67,G79,Directed,407,,,1
G67,G82,Directed,408,,,1
G67,G90,Directed,409,,,1
G67,G94,Directed,410,,,1
G67,G95,Directed,411,,,1
G67,G99,Directed,412,,,1
G67,G109,Directed,413,,,1
G67,G111,Directed,414,,,1
G67,G112,Directed,415,,,1
G67,G118,Directed,416,,,1
G67,G119,Directed,417,,,1
G67,G120,Directed,418,,,1
G67,G123,Directed,419,,,1
G67,G128,Directed,420,,,1
G67,G131,Directed,421,,,1
G67,G133,Directed,422,,,1
G67,G136,Directed,423,,,1
G67,G144,Directed,424,,,1
G67,G146,Directed,425,,,1
G67,G147,Directed,426,,,1
G67,G150,Directed,427,,,1
G67,G152,Directed,428,,,1
G67,G153,Directed,429,,,1
G67,G159,Directed,430,,,1
G67,G161,Directed,431,,,1
G67,G162,Directed,432,,,1
G67,G166,Directed,433,,,1
G67,G167,Directed,434,,,1
G67,G172,Directed,435,,,1
G67,G174,Directed,436,,,1
G67,G176,Directed,437,,,1
G67,G177,Directed,438,,,1
G67,G179,Directed,439,,,1
G67,G182,Directed,440,,,1
G67,G183,Directed,441,,,1
G67,G189,Directed,442,,,1
G67,G197,Directed,443,,,1
G67,G201,Directed,444,,,1
G67,G203,Directed,445,,,1
G67,G217,Directed,446,,,1
G67,G219,Directed,447,,,1
G67,G230,Directed,448,,,1
G67,G232,Directed,449,,,1
G67,G233,Directed,450,,,1
G67,G246,Directed,451,,,1
G67,G248,Directed,452,,,1
G67,G253,Directed,453,,,1
G67,G255,Directed,454,,,1
G67,G258,Directed,455,,,1
G67,G261,Directed,456,,,1
G67,G263,Directed,457,,,1
G67,G274,Directed,458,,,1
G67,G292,Directed,459,,,1
G67,G293,Directed,460,,,1
G67,G296,Directed,461,,,1
G67,G299,Directed,462,,,1
G67,G301,Directed,463,,,1
G67,G307,Directed,464,,,1
G67,G310,Directed,465,,,1
G67,G311,Directed,466,,,1
G67,G313,Directed,467,,,1
G68,G80,Directed,468,,,1
G68,G96,Directed,469,,,1
G68,G109,Directed,470,,,1
G68,G118,Directed,471,,,1
G68,G125,Directed,472,,,1
G68,G147,Directed,473,,,1
G69,G57,Directed,474,,,1
G69,G71,Directed,475,,,1
G69,G73,Directed,476,,,1
G69,G118,Directed,477,,,1
G70,G57,Directed,478,,,1
G70,G112,Directed,479,,,1
G70,G118,Directed,480,,,1
G71,G57,Directed,481,,,1
G71,G67,Directed,482,,,1
G71,G69,Directed,483,,,1
G71,G73,Directed,484,,,1
G71,G77,Directed,485,,,1
G71,G90,Directed,486,,,1
G71,G111,Directed,487,,,1
G71,G112,Directed,488,,,1
G71,G118,Directed,489,,,1
G72,G96,Directed,490,,,1
G72,G118,Directed,491,,,1
G72,G146,Directed,492,,,1
G72,G147,Directed,493,,,1
G72,G152,Directed,494,,,1
G72,G162,Directed,495,,,1
G72,G177,Directed,496,,,1
G73,G69,Directed,497,,,1
G73,G71,Directed,498,,,1
G73,G77,Directed,499,,,1
G73,G90,Directed,500,,,1
G73,G94,Directed,501,,,1
G73,G118,Directed,502,,,1
G74,G47,Directed,503,,,1
G74,G65,Directed,504,,,1
G74,G75,Directed,505,,,1
G74,G116,Directed,506,,,1
G74,G201,Directed,507,,,1
G75,G47,Directed,508,,,1
G75,G65,Directed,509,,,1
G75,G74,Directed,510,,,1
G75,G87,Directed,511,,,1
G75,G108,Directed,512,,,1
G75,G116,Directed,513,,,1
G75,G151,Directed,514,,,1
G75,G166,Directed,515,,,1
G75,G201,Directed,516,,,1
G76,G67,Directed,517,,,1
G76,G82,Directed,518,,,1
G76,G98,Directed,519,,,1
G76,G118,Directed,520,,,1
G76,G142,Directed,521,,,1
G76,G144,Directed,522,,,1
G77,G71,Directed,523,,,1
G77,G73,Directed,524,,,1
G77,G94,Directed,525,,,1
G77,G118,Directed,526,,,1
G78,G67,Directed,527,,,1
G78,G79,Directed,528,,,1
G78,G118,Directed,529,,,1
G79,G67,Directed,530,,,1
G79,G78,Directed,531,,,1
G79,G118,Directed,532,,,1
G80,G68,Directed,533,,,1
G80,G101,Directed,534,,,1
G80,G109,Directed,535,,,1
G80,G118,Directed,536,,,1
G80,G146,Directed,537,,,1
G80,G147,Directed,538,,,1
G80,G152,Directed,539,,,1
G80,G162,Directed,540,,,1
G80,G176,Directed,541,,,1
G80,G177,Directed,542,,,1
G81,G85,Directed,543,,,1
G81,G118,Directed,544,,,1
G81,G144,Directed,545,,,1
G81,G166,Directed,546,,,1
G81,G261,Directed,547,,,1
G82,G51,Directed,548,,,1
G82,G53,Directed,549,,,1
G82,G67,Directed,550,,,1
G82,G76,Directed,551,,,1
G82,G106,Directed,552,,,1
G82,G118,Directed,553,,,1
G82,G130,Directed,554,,,1
G82,G140,Directed,555,,,1
G82,G144,Directed,556,,,1
G82,G166,Directed,557,,,1
G82,G182,Directed,558,,,1
G83,G45,Directed,559,,,1
G83,G47,Directed,560,,,1
G83,G54,Directed,561,,,1
G83,G58,Directed,562,,,1
G83,G59,Directed,563,,,1
G83,G65,Directed,564,,,1
G83,G85,Directed,565,,,1
G83,G86,Directed,566,,,1
G83,G97,Directed,567,,,1
G83,G104,Directed,568,,,1
G83,G118,Directed,569,,,1
G83,G144,Directed,570,,,1
G83,G166,Directed,571,,,1
G83,G201,Directed,572,,,1
G83,G248,Directed,573,,,1
G84,G112,Directed,574,,,1
G84,G118,Directed,575,,,1
G85,G81,Directed,576,,,1
G85,G83,Directed,577,,,1
G85,G97,Directed,578,,,1
G85,G144,Directed,579,,,1
G85,G261,Directed,580,,,1
G86,G47,Directed,581,,,1
G86,G83,Directed,582,,,1
G86,G144,Directed,583,,,1
G87,G65,Directed,584,,,1
G87,G66,Directed,585,,,1
G87,G75,Directed,586,,,1
G88,G118,Directed,587,,,1
G89,G174,Directed,588,,,1
G90,G67,Directed,589,,,1
G90,G71,Directed,590,,,1
G90,G73,Directed,591,,,1
G90,G94,Directed,592,,,1
G90,G112,Directed,593,,,1
G90,G118,Directed,594,,,1
G90,G152,Directed,595,,,1
G90,G166,Directed,596,,,1
G90,G182,Directed,597,,,1
G91,G92,Directed,598,,,1
G91,G95,Directed,599,,,1
G91,G109,Directed,600,,,1
G91,G112,Directed,601,,,1
G91,G118,Directed,602,,,1
G91,G119,Directed,603,,,1
G91,G146,Directed,604,,,1
G91,G147,Directed,605,,,1
G91,G150,Directed,606,,,1
G91,G152,Directed,607,,,1
G91,G162,Directed,608,,,1
G91,G174,Directed,609,,,1
G91,G176,Directed,610,,,1
G91,G177,Directed,611,,,1
G91,G179,Directed,612,,,1
G91,G221,Directed,613,,,1
G91,G230,Directed,614,,,1
G91,G255,Directed,615,,,1
G92,G91,Directed,616,,,1
G92,G95,Directed,617,,,1
G92,G109,Directed,618,,,1
G92,G112,Directed,619,,,1
G92,G118,Directed,620,,,1
G92,G119,Directed,621,,,1
G92,G143,Directed,622,,,1
G92,G146,Directed,623,,,1
G92,G147,Directed,624,,,1
G92,G150,Directed,625,,,1
G92,G152,Directed,626,,,1
G92,G162,Directed,627,,,1
G92,G174,Directed,628,,,1
G92,G176,Directed,629,,,1
G92,G179,Directed,630,,,1
G92,G182,Directed,631,,,1
G92,G221,Directed,632,,,1
G92,G230,Directed,633,,,1
G92,G255,Directed,634,,,1
G92,G299,Directed,635,,,1
G93,G100,Directed,636,,,1
G93,G118,Directed,637,,,1
G93,G152,Directed,638,,,1
G93,G161,Directed,639,,,1
G94,G47,Directed,640,,,1
G94,G67,Directed,641,,,1
G94,G73,Directed,642,,,1
G94,G77,Directed,643,,,1
G94,G90,Directed,644,,,1
G94,G99,Directed,645,,,1
G94,G109,Directed,646,,,1
G94,G112,Directed,647,,,1
G94,G118,Directed,648,,,1
G94,G131,Directed,649,,,1
G94,G146,Directed,650,,,1
G94,G147,Directed,651,,,1
G94,G152,Directed,652,,,1
G94,G159,Directed,653,,,1
G94,G162,Directed,654,,,1
G94,G166,Directed,655,,,1
G94,G172,Directed,656,,,1
G94,G176,Directed,657,,,1
G94,G179,Directed,658,,,1
G94,G182,Directed,659,,,1
G94,G201,Directed,660,,,1
G94,G217,Directed,661,,,1
G94,G219,Directed,662,,,1
G94,G230,Directed,663,,,1
G94,G232,Directed,664,,,1
G94,G248,Directed,665,,,1
G94,G255,Directed,666,,,1
G94,G258,Directed,667,,,1
G94,G261,Directed,668,,,1
G94,G263,Directed,669,,,1
G94,G299,Directed,670,,,1
G94,G301,Directed,671,,,1
G94,G310,Directed,672,,,1
G94,G311,Directed,673,,,1
G95,G67,Directed,674,,,1
G95,G91,Directed,675,,,1
G95,G92,Directed,676,,,1
G95,G101,Directed,677,,,1
G95,G109,Directed,678,,,1
G95,G112,Directed,679,,,1
G95,G118,Directed,680,,,1
G95,G119,Directed,681,,,1
G95,G131,Directed,682,,,1
G95,G146,Directed,683,,,1
G95,G147,Directed,684,,,1
G95,G150,Directed,685,,,1
G95,G152,Directed,686,,,1
G95,G162,Directed,687,,,1
G95,G174,Directed,688,,,1
G95,G176,Directed,689,,,1
G95,G177,Directed,690,,,1
G95,G179,Directed,691,,,1
G95,G221,Directed,692,,,1
G95,G230,Directed,693,,,1
G95,G255,Directed,694,,,1
G95,G299,Directed,695,,,1
G96,G68,Directed,696,,,1
G96,G72,Directed,697,,,1
G96,G118,Directed,698,,,1
G96,G147,Directed,699,,,1
G96,G152,Directed,700,,,1
G96,G162,Directed,701,,,1
G96,G177,Directed,702,,,1
G97,G83,Directed,703,,,1
G97,G85,Directed,704,,,1
G97,G104,Directed,705,,,1
G98,G76,Directed,706,,,1
G98,G144,Directed,707,,,1
G99,G67,Directed,708,,,1
G99,G94,Directed,709,,,1
G99,G112,Directed,710,,,1
G99,G118,Directed,711,,,1
G99,G147,Directed,712,,,1
G99,G152,Directed,713,,,1
G99,G161,Directed,714,,,1
G99,G167,Directed,715,,,1
G99,G176,Directed,716,,,1
G100,G93,Directed,717,,,1
G100,G111,Directed,718,,,1
G100,G112,Directed,719,,,1
G100,G118,Directed,720,,,1
G100,G137,Directed,721,,,1
G100,G152,Directed,722,,,1
G100,G161,Directed,723,,,1
G101,G80,Directed,724,,,1
G101,G95,Directed,725,,,1
G101,G112,Directed,726,,,1
G101,G118,Directed,727,,,1
G101,G129,Directed,728,,,1
G101,G146,Directed,729,,,1
G101,G152,Directed,730,,,1
G101,G162,Directed,731,,,1
G101,G174,Directed,732,,,1
G101,G176,Directed,733,,,1
G101,G179,Directed,734,,,1
G101,G221,Directed,735,,,1
G101,G230,Directed,736,,,1
G101,G255,Directed,737,,,1
G102,G107,Directed,738,,,1
G102,G118,Directed,739,,,1
G102,G120,Directed,740,,,1
G102,G182,Directed,741,,,1
G103,G115,Directed,742,,,1
G103,G152,Directed,743,,,1
G104,G83,Directed,744,,,1
G104,G97,Directed,745,,,1
G104,G144,Directed,746,,,1
G105,G123,Directed,747,,,1
G105,G167,Directed,748,,,1
G105,G182,Directed,749,,,1
G106,G82,Directed,750,,,1
G106,G118,Directed,751,,,1
G106,G120,Directed,752,,,1
G106,G140,Directed,753,,,1
G106,G166,Directed,754,,,1
G106,G182,Directed,755,,,1
G107,G102,Directed,756,,,1
G107,G118,Directed,757,,,1
G108,G65,Directed,758,,,1
G108,G75,Directed,759,,,1
G108,G116,Directed,760,,,1
G108,G201,Directed,761,,,1
G109,G47,Directed,762,,,1
G109,G67,Directed,763,,,1
G109,G68,Directed,764,,,1
G109,G80,Directed,765,,,1
G109,G91,Directed,766,,,1
G109,G92,Directed,767,,,1
G109,G94,Directed,768,,,1
G109,G95,Directed,769,,,1
G109,G112,Directed,770,,,1
G109,G118,Directed,771,,,1
G109,G119,Directed,772,,,1
G109,G131,Directed,773,,,1
G109,G144,Directed,774,,,1
G109,G146,Directed,775,,,1
G109,G147,Directed,776,,,1
G109,G150,Directed,777,,,1
G109,G152,Directed,778,,,1
G109,G159,Directed,779,,,1
G109,G161,Directed,780,,,1
G109,G162,Directed,781,,,1
G109,G166,Directed,782,,,1
G109,G167,Directed,783,,,1
G109,G170,Directed,784,,,1
G109,G174,Directed,785,,,1
G109,G176,Directed,786,,,1
G109,G177,Directed,787,,,1
G109,G179,Directed,788,,,1
G109,G182,Directed,789,,,1
G109,G201,Directed,790,,,1
G109,G202,Directed,791,,,1
G109,G203,Directed,792,,,1
G109,G212,Directed,793,,,1
G109,G217,Directed,794,,,1
G109,G219,Directed,795,,,1
G109,G221,Directed,796,,,1
G109,G230,Directed,797,,,1
G109,G232,Directed,798,,,1
G109,G248,Directed,799,,,1
G109,G255,Directed,800,,,1
G109,G258,Directed,801,,,1
G109,G261,Directed,802,,,1
G109,G273,Directed,803,,,1
G109,G293,Directed,804,,,1
G109,G299,Directed,805,,,1
G109,G301,Directed,806,,,1
G109,G306,Directed,807,,,1
G109,G307,Directed,808,,,1
G109,G310,Directed,809,,,1
G109,G311,Directed,810,,,1
G109,G321,Directed,811,,,1
G110,G152,Directed,812,,,1
G110,G162,Directed,813,,,1
G111,G67,Directed,814,,,1
G111,G71,Directed,815,,,1
G111,G100,Directed,816,,,1
G111,G112,Directed,817,,,1
G111,G118,Directed,818,,,1
G111,G152,Directed,819,,,1
G111,G161,Directed,820,,,1
G112,G8,Directed,821,,,1
G112,G47,Directed,822,,,1
G112,G65,Directed,823,,,1
G112,G67,Directed,824,,,1
G112,G70,Directed,825,,,1
G112,G71,Directed,826,,,1
G112,G84,Directed,827,,,1
G112,G90,Directed,828,,,1
G112,G91,Directed,829,,,1
G112,G92,Directed,830,,,1
G112,G94,Directed,831,,,1
G112,G95,Directed,832,,,1
G112,G99,Directed,833,,,1
G112,G100,Directed,834,,,1
G112,G101,Directed,835,,,1
G112,G109,Directed,836,,,1
G112,G111,Directed,837,,,1
G112,G118,Directed,838,,,1
G112,G119,Directed,839,,,1
G112,G123,Directed,840,,,1
G112,G125,Directed,841,,,1
G112,G126,Directed,842,,,1
G112,G131,Directed,843,,,1
G112,G136,Directed,844,,,1
G112,G137,Directed,845,,,1
G112,G144,Directed,846,,,1
G112,G146,Directed,847,,,1
G112,G147,Directed,848,,,1
G112,G149,Directed,849,,,1
G112,G150,Directed,850,,,1
G112,G152,Directed,851,,,1
G112,G157,Directed,852,,,1
G112,G159,Directed,853,,,1
G112,G161,Directed,854,,,1
G112,G162,Directed,855,,,1
G112,G166,Directed,856,,,1
G112,G167,Directed,857,,,1
G112,G170,Directed,858,,,1
G112,G172,Directed,859,,,1
G112,G174,Directed,860,,,1
G112,G176,Directed,861,,,1
G112,G177,Directed,862,,,1
G112,G179,Directed,863,,,1
G112,G182,Directed,864,,,1
G112,G189,Directed,865,,,1
G112,G201,Directed,866,,,1
G112,G202,Directed,867,,,1
G112,G203,Directed,868,,,1
G112,G212,Directed,869,,,1
G112,G217,Directed,870,,,1
G112,G219,Directed,871,,,1
G112,G221,Directed,872,,,1
G112,G230,Directed,873,,,1
G112,G232,Directed,874,,,1
G112,G248,Directed,875,,,1
G112,G253,Directed,876,,,1
G112,G255,Directed,877,,,1
G112,G258,Directed,878,,,1
G112,G261,Directed,879,,,1
G112,G263,Directed,880,,,1
G112,G292,Directed,881,,,1
G112,G293,Directed,882,,,1
G112,G296,Directed,883,,,1
G112,G299,Directed,884,,,1
G112,G301,Directed,885,,,1
G112,G305,Directed,886,,,1
G112,G306,Directed,887,,,1
G112,G307,Directed,888,,,1
G112,G310,Directed,889,,,1
G112,G311,Directed,890,,,1
G113,G152,Directed,891,,,1
G113,G174,Directed,892,,,1
G114,G118,Directed,893,,,1
G115,G103,Directed,894,,,1
G115,G152,Directed,895,,,1
G116,G65,Directed,896,,,1
G116,G66,Directed,897,,,1
G116,G74,Directed,898,,,1
G116,G75,Directed,899,,,1
G116,G108,Directed,900,,,1
G116,G151,Directed,901,,,1
G117,G152,Directed,902,,,1
G118,G8,Directed,903,,,1
G118,G45,Directed,904,,,1
G118,G47,Directed,905,,,1
G118,G51,Directed,906,,,1
G118,G57,Directed,907,,,1
G118,G65,Directed,908,,,1
G118,G67,Directed,909,,,1
G118,G68,Directed,910,,,1
G118,G69,Directed,911,,,1
G118,G70,Directed,912,,,1
G118,G71,Directed,913,,,1
G118,G72,Directed,914,,,1
G118,G73,Directed,915,,,1
G118,G76,Directed,916,,,1
G118,G77,Directed,917,,,1
G118,G78,Directed,918,,,1
G118,G79,Directed,919,,,1
G118,G80,Directed,920,,,1
G118,G81,Directed,921,,,1
G118,G82,Directed,922,,,1
G118,G83,Directed,923,,,1
G118,G84,Directed,924,,,1
G118,G88,Directed,925,,,1
G118,G90,Directed,926,,,1
G118,G91,Directed,927,,,1
G118,G92,Directed,928,,,1
G118,G93,Directed,929,,,1
G118,G94,Directed,930,,,1
G118,G95,Directed,931,,,1
G118,G96,Directed,932,,,1
G118,G99,Directed,933,,,1
G118,G100,Directed,934,,,1
G118,G101,Directed,935,,,1
G118,G102,Directed,936,,,1
G118,G106,Directed,937,,,1
G118,G107,Directed,938,,,1
G118,G109,Directed,939,,,1
G118,G111,Directed,940,,,1
G118,G112,Directed,941,,,1
G118,G114,Directed,942,,,1
G118,G119,Directed,943,,,1
G118,G120,Directed,944,,,1
G118,G125,Directed,945,,,1
G118,G126,Directed,946,,,1
G118,G127,Directed,947,,,1
G118,G128,Directed,948,,,1
G118,G129,Directed,949,,,1
G118,G130,Directed,950,,,1
G118,G131,Directed,951,,,1
G118,G133,Directed,952,,,1
G118,G134,Directed,953,,,1
G118,G136,Directed,954,,,1
G118,G137,Directed,955,,,1
G118,G139,Directed,956,,,1
G118,G140,Directed,957,,,1
G118,G143,Directed,958,,,1
G118,G144,Directed,959,,,1
G118,G145,Directed,960,,,1
G118,G146,Directed,961,,,1
G118,G147,Directed,962,,,1
G118,G148,Directed,963,,,1
G118,G149,Directed,964,,,1
G118,G150,Directed,965,,,1
G118,G152,Directed,966,,,1
G118,G153,Directed,967,,,1
G118,G154,Directed,968,,,1
G118,G155,Directed,969,,,1
G118,G157,Directed,970,,,1
G118,G158,Directed,971,,,1
G118,G159,Directed,972,,,1
G118,G161,Directed,973,,,1
G118,G162,Directed,974,,,1
G118,G163,Directed,975,,,1
G118,G164,Directed,976,,,1
G118,G166,Directed,977,,,1
G118,G167,Directed,978,,,1
G118,G168,Directed,979,,,1
G118,G169,Directed,980,,,1
G118,G172,Directed,981,,,1
G118,G173,Directed,982,,,1
G118,G174,Directed,983,,,1
G118,G176,Directed,984,,,1
G118,G177,Directed,985,,,1
G118,G179,Directed,986,,,1
G118,G181,Directed,987,,,1
G118,G182,Directed,988,,,1
G118,G183,Directed,989,,,1
G118,G186,Directed,990,,,1
G118,G189,Directed,991,,,1
G118,G191,Directed,992,,,1
G118,G192,Directed,993,,,1
G118,G197,Directed,994,,,1
G118,G198,Directed,995,,,1
G118,G201,Directed,996,,,1
G118,G202,Directed,997,,,1
G118,G203,Directed,998,,,1
G118,G204,Directed,999,,,1
G118,G212,Directed,1000,,,1
G118,G216,Directed,1001,,,1
G118,G217,Directed,1002,,,1
G118,G218,Directed,1003,,,1
G118,G219,Directed,1004,,,1
G118,G221,Directed,1005,,,1
G118,G222,Directed,1006,,,1
G118,G225,Directed,1007,,,1
G118,G229,Directed,1008,,,1
G118,G230,Directed,1009,,,1
G118,G232,Directed,1010,,,1
G118,G233,Directed,1011,,,1
G118,G240,Directed,1012,,,1
G118,G246,Directed,1013,,,1
G118,G248,Directed,1014,,,1
G118,G249,Directed,1015,,,1
G118,G250,Directed,1016,,,1
G118,G253,Directed,1017,,,1
G118,G255,Directed,1018,,,1
G118,G256,Directed,1019,,,1
G118,G258,Directed,1020,,,1
G118,G260,Directed,1021,,,1
G118,G261,Directed,1022,,,1
G118,G263,Directed,1023,,,1
G118,G273,Directed,1024,,,1
G118,G274,Directed,1025,,,1
G118,G276,Directed,1026,,,1
G118,G284,Directed,1027,,,1
G118,G288,Directed,1028,,,1
G118,G292,Directed,1029,,,1
G118,G293,Directed,1030,,,1
G118,G296,Directed,1031,,,1
G118,G297,Directed,1032,,,1
G118,G299,Directed,1033,,,1
G118,G301,Directed,1034,,,1
G118,G305,Directed,1035,,,1
G118,G306,Directed,1036,,,1
G118,G307,Directed,1037,,,1
G118,G310,Directed,1038,,,1
G118,G311,Directed,1039,,,1
G118,G313,Directed,1040,,,1
G118,G321,Directed,1041,,,1
G119,G67,Directed,1042,,,1
G119,G91,Directed,1043,,,1
G119,G92,Directed,1044,,,1
G119,G95,Directed,1045,,,1
G119,G109,Directed,1046,,,1
G119,G112,Directed,1047,,,1
G119,G118,Directed,1048,,,1
G119,G131,Directed,1049,,,1
G119,G146,Directed,1050,,,1
G119,G147,Directed,1051,,,1
G119,G150,Directed,1052,,,1
G119,G152,Directed,1053,,,1
G119,G162,Directed,1054,,,1
G119,G174,Directed,1055,,,1
G119,G176,Directed,1056,,,1
G119,G177,Directed,1057,,,1
G119,G179,Directed,1058,,,1
G119,G182,Directed,1059,,,1
G119,G217,Directed,1060,,,1
G119,G221,Directed,1061,,,1
G119,G230,Directed,1062,,,1
G119,G255,Directed,1063,,,1
G119,G261,Directed,1064,,,1
G119,G299,Directed,1065,,,1
G119,G301,Directed,1066,,,1
G119,G306,Directed,1067,,,1
G119,G310,Directed,1068,,,1
G119,G311,Directed,1069,,,1
G119,G321,Directed,1070,,,1
G120,G67,Directed,1071,,,1
G120,G102,Directed,1072,,,1
G120,G106,Directed,1073,,,1
G120,G118,Directed,1074,,,1
G120,G130,Directed,1075,,,1
G120,G166,Directed,1076,,,1
G120,G182,Directed,1077,,,1
G120,G258,Directed,1078,,,1
G121,G142,Directed,1079,,,1
G122,G163,Directed,1080,,,1
G123,G47,Directed,1081,,,1
G123,G67,Directed,1082,,,1
G123,G105,Directed,1083,,,1
G123,G112,Directed,1084,,,1
G123,G131,Directed,1085,,,1
G123,G146,Directed,1086,,,1
G123,G147,Directed,1087,,,1
G123,G152,Directed,1088,,,1
G123,G159,Directed,1089,,,1
G123,G163,Directed,1090,,,1
G123,G166,Directed,1091,,,1
G123,G167,Directed,1092,,,1
G123,G172,Directed,1093,,,1
G123,G179,Directed,1094,,,1
G123,G182,Directed,1095,,,1
G123,G217,Directed,1096,,,1
G123,G219,Directed,1097,,,1
G123,G255,Directed,1098,,,1
G123,G261,Directed,1099,,,1
G123,G273,Directed,1100,,,1
G123,G296,Directed,1101,,,1
G123,G299,Directed,1102,,,1
G123,G301,Directed,1103,,,1
G123,G302,Directed,1104,,,1
G123,G307,Directed,1105,,,1
G123,G310,Directed,1106,,,1
G124,G138,Directed,1107,,,1
G124,G201,Directed,1108,,,1
G125,G68,Directed,1109,,,1
G125,G112,Directed,1110,,,1
G125,G118,Directed,1111,,,1
G125,G131,Directed,1112,,,1
G125,G147,Directed,1113,,,1
G125,G152,Directed,1114,,,1
G125,G162,Directed,1115,,,1
G125,G170,Directed,1116,,,1
G125,G174,Directed,1117,,,1
G125,G177,Directed,1118,,,1
G125,G179,Directed,1119,,,1
G125,G221,Directed,1120,,,1
G125,G230,Directed,1121,,,1
G125,G255,Directed,1122,,,1
G125,G299,Directed,1123,,,1
G126,G112,Directed,1124,,,1
G126,G118,Directed,1125,,,1
G126,G137,Directed,1126,,,1
G126,G152,Directed,1127,,,1
G126,G161,Directed,1128,,,1
G126,G176,Directed,1129,,,1
G126,G182,Directed,1130,,,1
G126,G217,Directed,1131,,,1
G127,G118,Directed,1132,,,1
G127,G137,Directed,1133,,,1
G127,G152,Directed,1134,,,1
G127,G255,Directed,1135,,,1
G128,G67,Directed,1136,,,1
G128,G118,Directed,1137,,,1
G128,G133,Directed,1138,,,1
G128,G142,Directed,1139,,,1
G128,G152,Directed,1140,,,1
G128,G166,Directed,1141,,,1
G128,G182,Directed,1142,,,1
G128,G258,Directed,1143,,,1
G128,G261,Directed,1144,,,1
G129,G101,Directed,1145,,,1
G129,G118,Directed,1146,,,1
G129,G152,Directed,1147,,,1
G129,G221,Directed,1148,,,1
G129,G255,Directed,1149,,,1
G130,G82,Directed,1150,,,1
G130,G118,Directed,1151,,,1
G130,G120,Directed,1152,,,1
G130,G145,Directed,1153,,,1
G130,G148,Directed,1154,,,1
G130,G160,Directed,1155,,,1
G130,G166,Directed,1156,,,1
G130,G182,Directed,1157,,,1
G130,G258,Directed,1158,,,1
G131,G47,Directed,1159,,,1
G131,G67,Directed,1160,,,1
G131,G94,Directed,1161,,,1
G131,G95,Directed,1162,,,1
G131,G109,Directed,1163,,,1
G131,G112,Directed,1164,,,1
G131,G118,Directed,1165,,,1
G131,G119,Directed,1166,,,1
G131,G123,Directed,1167,,,1
G131,G125,Directed,1168,,,1
G131,G146,Directed,1169,,,1
G131,G147,Directed,1170,,,1
G131,G150,Directed,1171,,,1
G131,G152,Directed,1172,,,1
G131,G153,Directed,1173,,,1
G131,G162,Directed,1174,,,1
G131,G166,Directed,1175,,,1
G131,G167,Directed,1176,,,1
G131,G170,Directed,1177,,,1
G131,G172,Directed,1178,,,1
G131,G174,Directed,1179,,,1
G131,G176,Directed,1180,,,1
G131,G177,Directed,1181,,,1
G131,G179,Directed,1182,,,1
G131,G182,Directed,1183,,,1
G131,G189,Directed,1184,,,1
G131,G201,Directed,1185,,,1
G131,G212,Directed,1186,,,1
G131,G217,Directed,1187,,,1
G131,G219,Directed,1188,,,1
G131,G221,Directed,1189,,,1
G131,G230,Directed,1190,,,1
G131,G248,Directed,1191,,,1
G131,G255,Directed,1192,,,1
G131,G258,Directed,1193,,,1
G131,G261,Directed,1194,,,1
G131,G292,Directed,1195,,,1
G131,G293,Directed,1196,,,1
G131,G299,Directed,1197,,,1
G131,G301,Directed,1198,,,1
G131,G305,Directed,1199,,,1
G131,G306,Directed,1200,,,1
G131,G307,Directed,1201,,,1
G131,G310,Directed,1202,,,1
G131,G311,Directed,1203,,,1
G132,G152,Directed,1204,,,1
G132,G174,Directed,1205,,,1
G132,G230,Directed,1206,,,1
G132,G255,Directed,1207,,,1
G133,G67,Directed,1208,,,1
G133,G118,Directed,1209,,,1
G133,G128,Directed,1210,,,1
G133,G140,Directed,1211,,,1
G133,G144,Directed,1212,,,1
G133,G152,Directed,1213,,,1
G133,G166,Directed,1214,,,1
G133,G172,Directed,1215,,,1
G133,G182,Directed,1216,,,1
G133,G219,Directed,1217,,,1
G133,G232,Directed,1218,,,1
G133,G255,Directed,1219,,,1
G133,G258,Directed,1220,,,1
G133,G261,Directed,1221,,,1
G133,G293,Directed,1222,,,1
G134,G118,Directed,1223,,,1
G134,G136,Directed,1224,,,1
G135,G139,Directed,1225,,,1
G136,G67,Directed,1226,,,1
G136,G112,Directed,1227,,,1
G136,G118,Directed,1228,,,1
G136,G134,Directed,1229,,,1
G136,G152,Directed,1230,,,1
G137,G100,Directed,1231,,,1
G137,G112,Directed,1232,,,1
G137,G118,Directed,1233,,,1
G137,G126,Directed,1234,,,1
G137,G127,Directed,1235,,,1
G137,G139,Directed,1236,,,1
G137,G152,Directed,1237,,,1
G137,G161,Directed,1238,,,1
G137,G176,Directed,1239,,,1
G137,G255,Directed,1240,,,1
G138,G124,Directed,1241,,,1
G138,G183,Directed,1242,,,1
G138,G201,Directed,1243,,,1
G139,G118,Directed,1244,,,1
G139,G135,Directed,1245,,,1
G139,G137,Directed,1246,,,1
G139,G161,Directed,1247,,,1
G139,G162,Directed,1248,,,1
G139,G167,Directed,1249,,,1
G139,G177,Directed,1250,,,1
G139,G230,Directed,1251,,,1
G140,G82,Directed,1252,,,1
G140,G106,Directed,1253,,,1
G140,G118,Directed,1254,,,1
G140,G133,Directed,1255,,,1
G140,G166,Directed,1256,,,1
G140,G182,Directed,1257,,,1
G141,G157,Directed,1258,,,1
G141,G177,Directed,1259,,,1
G142,G39,Directed,1260,,,1
G142,G45,Directed,1261,,,1
G142,G47,Directed,1262,,,1
G142,G65,Directed,1263,,,1
G142,G76,Directed,1264,,,1
G142,G121,Directed,1265,,,1
G142,G128,Directed,1266,,,1
G142,G144,Directed,1267,,,1
G142,G166,Directed,1268,,,1
G142,G172,Directed,1269,,,1
G142,G198,Directed,1270,,,1
G142,G216,Directed,1271,,,1
G142,G225,Directed,1272,,,1
G142,G229,Directed,1273,,,1
G142,G233,Directed,1274,,,1
G142,G261,Directed,1275,,,1
G142,G293,Directed,1276,,,1
G143,G92,Directed,1277,,,1
G143,G118,Directed,1278,,,1
G143,G147,Directed,1279,,,1
G143,G152,Directed,1280,,,1
G143,G162,Directed,1281,,,1
G143,G170,Directed,1282,,,1
G143,G174,Directed,1283,,,1
G143,G221,Directed,1284,,,1
G143,G230,Directed,1285,,,1
G143,G299,Directed,1286,,,1
G143,G306,Directed,1287,,,1
G143,G310,Directed,1288,,,1
G143,G311,Directed,1289,,,1
G144,G8,Directed,1290,,,1
G144,G40,Directed,1291,,,1
G144,G45,Directed,1292,,,1
G144,G46,Directed,1293,,,1
G144,G47,Directed,1294,,,1
G144,G50,Directed,1295,,,1
G144,G53,Directed,1296,,,1
G144,G55,Directed,1297,,,1
G144,G59,Directed,1298,,,1
G144,G62,Directed,1299,,,1
G144,G63,Directed,1300,,,1
G144,G65,Directed,1301,,,1
G144,G67,Directed,1302,,,1
G144,G76,Directed,1303,,,1
G144,G81,Directed,1304,,,1
G144,G82,Directed,1305,,,1
G144,G83,Directed,1306,,,1
G144,G85,Directed,1307,,,1
G144,G86,Directed,1308,,,1
G144,G98,Directed,1309,,,1
G144,G104,Directed,1310,,,1
G144,G109,Directed,1311,,,1
G144,G112,Directed,1312,,,1
G144,G118,Directed,1313,,,1
G144,G133,Directed,1314,,,1
G144,G142,Directed,1315,,,1
G144,G150,Directed,1316,,,1
G144,G162,Directed,1317,,,1
G144,G166,Directed,1318,,,1
G144,G168,Directed,1319,,,1
G144,G169,Directed,1320,,,1
G144,G172,Directed,1321,,,1
G144,G176,Directed,1322,,,1
G144,G177,Directed,1323,,,1
G144,G181,Directed,1324,,,1
G144,G182,Directed,1325,,,1
G144,G183,Directed,1326,,,1
G144,G197,Directed,1327,,,1
G144,G201,Directed,1328,,,1
G144,G203,Directed,1329,,,1
G144,G213,Directed,1330,,,1
G144,G216,Directed,1331,,,1
G144,G219,Directed,1332,,,1
G144,G225,Directed,1333,,,1
G144,G233,Directed,1334,,,1
G144,G245,Directed,1335,,,1
G144,G246,Directed,1336,,,1
G144,G248,Directed,1337,,,1
G144,G250,Directed,1338,,,1
G144,G253,Directed,1339,,,1
G144,G255,Directed,1340,,,1
G144,G258,Directed,1341,,,1
G144,G261,Directed,1342,,,1
G144,G263,Directed,1343,,,1
G144,G274,Directed,1344,,,1
G144,G292,Directed,1345,,,1
G144,G293,Directed,1346,,,1
G144,G297,Directed,1347,,,1
G144,G299,Directed,1348,,,1
G145,G118,Directed,1349,,,1
G145,G130,Directed,1350,,,1
G145,G148,Directed,1351,,,1
G145,G182,Directed,1352,,,1
G146,G67,Directed,1353,,,1
G146,G72,Directed,1354,,,1
G146,G80,Directed,1355,,,1
G146,G91,Directed,1356,,,1
G146,G92,Directed,1357,,,1
G146,G94,Directed,1358,,,1
G146,G95,Directed,1359,,,1
G146,G101,Directed,1360,,,1
G146,G109,Directed,1361,,,1
G146,G112,Directed,1362,,,1
G146,G118,Directed,1363,,,1
G146,G119,Directed,1364,,,1
G146,G123,Directed,1365,,,1
G146,G131,Directed,1366,,,1
G146,G147,Directed,1367,,,1
G146,G150,Directed,1368,,,1
G146,G152,Directed,1369,,,1
G146,G159,Directed,1370,,,1
G146,G161,Directed,1371,,,1
G146,G166,Directed,1372,,,1
G146,G167,Directed,1373,,,1
G146,G168,Directed,1374,,,1
G146,G172,Directed,1375,,,1
G146,G174,Directed,1376,,,1
G146,G176,Directed,1377,,,1
G146,G177,Directed,1378,,,1
G146,G179,Directed,1379,,,1
G146,G182,Directed,1380,,,1
G146,G189,Directed,1381,,,1
G146,G202,Directed,1382,,,1
G146,G212,Directed,1383,,,1
G146,G217,Directed,1384,,,1
G146,G218,Directed,1385,,,1
G146,G221,Directed,1386,,,1
G146,G230,Directed,1387,,,1
G146,G232,Directed,1388,,,1
G146,G237,Directed,1389,,,1
G146,G255,Directed,1390,,,1
G146,G260,Directed,1391,,,1
G146,G261,Directed,1392,,,1
G146,G284,Directed,1393,,,1
G146,G292,Directed,1394,,,1
G146,G293,Directed,1395,,,1
G146,G299,Directed,1396,,,1
G146,G301,Directed,1397,,,1
G146,G305,Directed,1398,,,1
G146,G306,Directed,1399,,,1
G146,G307,Directed,1400,,,1
G146,G310,Directed,1401,,,1
G146,G311,Directed,1402,,,1
G147,G47,Directed,1403,,,1
G147,G67,Directed,1404,,,1
G147,G68,Directed,1405,,,1
G147,G72,Directed,1406,,,1
G147,G80,Directed,1407,,,1
G147,G91,Directed,1408,,,1
G147,G92,Directed,1409,,,1
G147,G94,Directed,1410,,,1
G147,G95,Directed,1411,,,1
G147,G96,Directed,1412,,,1
G147,G99,Directed,1413,,,1
G147,G109,Directed,1414,,,1
G147,G112,Directed,1415,,,1
G147,G118,Directed,1416,,,1
G147,G119,Directed,1417,,,1
G147,G123,Directed,1418,,,1
G147,G125,Directed,1419,,,1
G147,G131,Directed,1420,,,1
G147,G143,Directed,1421,,,1
G147,G146,Directed,1422,,,1
G147,G150,Directed,1423,,,1
G147,G152,Directed,1424,,,1
G147,G153,Directed,1425,,,1
G147,G159,Directed,1426,,,1
G147,G161,Directed,1427,,,1
G147,G162,Directed,1428,,,1
G147,G166,Directed,1429,,,1
G147,G167,Directed,1430,,,1
G147,G172,Directed,1431,,,1
G147,G174,Directed,1432,,,1
G147,G176,Directed,1433,,,1
G147,G177,Directed,1434,,,1
G147,G179,Directed,1435,,,1
G147,G182,Directed,1436,,,1
G147,G201,Directed,1437,,,1
G147,G202,Directed,1438,,,1
G147,G212,Directed,1439,,,1
G147,G217,Directed,1440,,,1
G147,G218,Directed,1441,,,1
G147,G219,Directed,1442,,,1
G147,G221,Directed,1443,,,1
G147,G230,Directed,1444,,,1
G147,G232,Directed,1445,,,1
G147,G248,Directed,1446,,,1
G147,G249,Directed,1447,,,1
G147,G255,Directed,1448,,,1
G147,G258,Directed,1449,,,1
G147,G260,Directed,1450,,,1
G147,G261,Directed,1451,,,1
G147,G273,Directed,1452,,,1
G147,G284,Directed,1453,,,1
G147,G292,Directed,1454,,,1
G147,G293,Directed,1455,,,1
G147,G298,Directed,1456,,,1
G147,G299,Directed,1457,,,1
G147,G300,Directed,1458,,,1
G147,G301,Directed,1459,,,1
G147,G305,Directed,1460,,,1
G147,G306,Directed,1461,,,1
G147,G307,Directed,1462,,,1
G147,G310,Directed,1463,,,1
G147,G311,Directed,1464,,,1
G147,G320,Directed,1465,,,1
G147,G321,Directed,1466,,,1
G147,G322,Directed,1467,,,1
G147,G324,Directed,1468,,,1
G147,G325,Directed,1469,,,1
G148,G118,Directed,1470,,,1
G148,G130,Directed,1471,,,1
G148,G145,Directed,1472,,,1
G148,G158,Directed,1473,,,1
G148,G166,Directed,1474,,,1
G148,G182,Directed,1475,,,1
G149,G112,Directed,1476,,,1
G149,G118,Directed,1477,,,1
G149,G152,Directed,1478,,,1
G149,G157,Directed,1479,,,1
G149,G221,Directed,1480,,,1
G149,G230,Directed,1481,,,1
G149,G255,Directed,1482,,,1
G150,G47,Directed,1483,,,1
G150,G67,Directed,1484,,,1
G150,G91,Directed,1485,,,1
G150,G92,Directed,1486,,,1
G150,G95,Directed,1487,,,1
G150,G109,Directed,1488,,,1
G150,G112,Directed,1489,,,1
G150,G118,Directed,1490,,,1
G150,G119,Directed,1491,,,1
G150,G131,Directed,1492,,,1
G150,G144,Directed,1493,,,1
G150,G146,Directed,1494,,,1
G150,G147,Directed,1495,,,1
G150,G152,Directed,1496,,,1
G150,G159,Directed,1497,,,1
G150,G162,Directed,1498,,,1
G150,G166,Directed,1499,,,1
G150,G167,Directed,1500,,,1
G150,G174,Directed,1501,,,1
G150,G176,Directed,1502,,,1
G150,G177,Directed,1503,,,1
G150,G179,Directed,1504,,,1
G150,G182,Directed,1505,,,1
G150,G201,Directed,1506,,,1
G150,G202,Directed,1507,,,1
G150,G212,Directed,1508,,,1
G150,G219,Directed,1509,,,1
G150,G221,Directed,1510,,,1
G150,G230,Directed,1511,,,1
G150,G248,Directed,1512,,,1
G150,G255,Directed,1513,,,1
G150,G258,Directed,1514,,,1
G150,G261,Directed,1515,,,1
G150,G263,Directed,1516,,,1
G150,G292,Directed,1517,,,1
G150,G296,Directed,1518,,,1
G150,G299,Directed,1519,,,1
G150,G301,Directed,1520,,,1
G150,G306,Directed,1521,,,1
G150,G310,Directed,1522,,,1
G150,G311,Directed,1523,,,1
G150,G320,Directed,1524,,,1
G150,G321,Directed,1525,,,1
G150,G322,Directed,1526,,,1
G150,G324,Directed,1527,,,1
G150,G325,Directed,1528,,,1
G151,G65,Directed,1529,,,1
G151,G66,Directed,1530,,,1
G151,G75,Directed,1531,,,1
G151,G116,Directed,1532,,,1
G151,G201,Directed,1533,,,1
G152,G47,Directed,1534,,,1
G152,G67,Directed,1535,,,1
G152,G72,Directed,1536,,,1
G152,G80,Directed,1537,,,1
G152,G90,Directed,1538,,,1
G152,G91,Directed,1539,,,1
G152,G92,Directed,1540,,,1
G152,G93,Directed,1541,,,1
G152,G94,Directed,1542,,,1
G152,G95,Directed,1543,,,1
G152,G96,Directed,1544,,,1
G152,G99,Directed,1545,,,1
G152,G100,Directed,1546,,,1
G152,G101,Directed,1547,,,1
G152,G103,Directed,1548,,,1
G152,G109,Directed,1549,,,1
G152,G110,Directed,1550,,,1
G152,G111,Directed,1551,,,1
G152,G112,Directed,1552,,,1
G152,G113,Directed,1553,,,1
G152,G115,Directed,1554,,,1
G152,G117,Directed,1555,,,1
G152,G118,Directed,1556,,,1
G152,G119,Directed,1557,,,1
G152,G123,Directed,1558,,,1
G152,G125,Directed,1559,,,1
G152,G126,Directed,1560,,,1
G152,G127,Directed,1561,,,1
G152,G128,Directed,1562,,,1
G152,G129,Directed,1563,,,1
G152,G131,Directed,1564,,,1
G152,G132,Directed,1565,,,1
G152,G133,Directed,1566,,,1
G152,G136,Directed,1567,,,1
G152,G137,Directed,1568,,,1
G152,G143,Directed,1569,,,1
G152,G146,Directed,1570,,,1
G152,G147,Directed,1571,,,1
G152,G149,Directed,1572,,,1
G152,G150,Directed,1573,,,1
G152,G156,Directed,1574,,,1
G152,G157,Directed,1575,,,1
G152,G158,Directed,1576,,,1
G152,G159,Directed,1577,,,1
G152,G161,Directed,1578,,,1
G152,G162,Directed,1579,,,1
G152,G166,Directed,1580,,,1
G152,G167,Directed,1581,,,1
G152,G170,Directed,1582,,,1
G152,G172,Directed,1583,,,1
G152,G174,Directed,1584,,,1
G152,G176,Directed,1585,,,1
G152,G177,Directed,1586,,,1
G152,G179,Directed,1587,,,1
G152,G182,Directed,1588,,,1
G152,G183,Directed,1589,,,1
G152,G186,Directed,1590,,,1
G152,G187,Directed,1591,,,1
G152,G189,Directed,1592,,,1
G152,G191,Directed,1593,,,1
G152,G192,Directed,1594,,,1
G152,G198,Directed,1595,,,1
G152,G201,Directed,1596,,,1
G152,G202,Directed,1597,,,1
G152,G210,Directed,1598,,,1
G152,G212,Directed,1599,,,1
G152,G215,Directed,1600,,,1
G152,G217,Directed,1601,,,1
G152,G218,Directed,1602,,,1
G152,G219,Directed,1603,,,1
G152,G221,Directed,1604,,,1
G152,G222,Directed,1605,,,1
G152,G230,Directed,1606,,,1
G152,G232,Directed,1607,,,1
G152,G233,Directed,1608,,,1
G152,G248,Directed,1609,,,1
G152,G252,Directed,1610,,,1
G152,G255,Directed,1611,,,1
G152,G256,Directed,1612,,,1
G152,G258,Directed,1613,,,1
G152,G261,Directed,1614,,,1
G152,G263,Directed,1615,,,1
G152,G284,Directed,1616,,,1
G152,G288,Directed,1617,,,1
G152,G292,Directed,1618,,,1
G152,G293,Directed,1619,,,1
G152,G297,Directed,1620,,,1
G152,G299,Directed,1621,,,1
G152,G301,Directed,1622,,,1
G152,G305,Directed,1623,,,1
G152,G306,Directed,1624,,,1
G152,G307,Directed,1625,,,1
G152,G310,Directed,1626,,,1
G152,G311,Directed,1627,,,1
G153,G67,Directed,1628,,,1
G153,G118,Directed,1629,,,1
G153,G131,Directed,1630,,,1
G153,G147,Directed,1631,,,1
G153,G166,Directed,1632,,,1
G153,G203,Directed,1633,,,1
G153,G248,Directed,1634,,,1
G153,G261,Directed,1635,,,1
G153,G293,Directed,1636,,,1
G154,G118,Directed,1637,,,1
G154,G164,Directed,1638,,,1
G154,G171,Directed,1639,,,1
G154,G182,Directed,1640,,,1
G155,G118,Directed,1641,,,1
G155,G171,Directed,1642,,,1
G156,G152,Directed,1643,,,1
G157,G112,Directed,1644,,,1
G157,G118,Directed,1645,,,1
G157,G141,Directed,1646,,,1
G157,G149,Directed,1647,,,1
G157,G152,Directed,1648,,,1
G157,G177,Directed,1649,,,1
G157,G221,Directed,1650,,,1
G157,G230,Directed,1651,,,1
G157,G255,Directed,1652,,,1
G158,G118,Directed,1653,,,1
G158,G148,Directed,1654,,,1
G158,G152,Directed,1655,,,1
G158,G161,Directed,1656,,,1
G158,G171,Directed,1657,,,1
G158,G182,Directed,1658,,,1
G159,G67,Directed,1659,,,1
G159,G94,Directed,1660,,,1
G159,G109,Directed,1661,,,1
G159,G112,Directed,1662,,,1
G159,G118,Directed,1663,,,1
G159,G123,Directed,1664,,,1
G159,G146,Directed,1665,,,1
G159,G147,Directed,1666,,,1
G159,G150,Directed,1667,,,1
G159,G152,Directed,1668,,,1
G159,G161,Directed,1669,,,1
G159,G162,Directed,1670,,,1
G159,G166,Directed,1671,,,1
G159,G167,Directed,1672,,,1
G159,G174,Directed,1673,,,1
G159,G176,Directed,1674,,,1
G159,G179,Directed,1675,,,1
G159,G182,Directed,1676,,,1
G159,G217,Directed,1677,,,1
G159,G219,Directed,1678,,,1
G159,G230,Directed,1679,,,1
G159,G248,Directed,1680,,,1
G159,G255,Directed,1681,,,1
G159,G258,Directed,1682,,,1
G159,G261,Directed,1683,,,1
G159,G293,Directed,1684,,,1
G159,G299,Directed,1685,,,1
G159,G301,Directed,1686,,,1
G160,G130,Directed,1687,,,1
G160,G182,Directed,1688,,,1
G161,G67,Directed,1689,,,1
G161,G93,Directed,1690,,,1
G161,G99,Directed,1691,,,1
G161,G100,Directed,1692,,,1
G161,G109,Directed,1693,,,1
G161,G111,Directed,1694,,,1
G161,G112,Directed,1695,,,1
G161,G118,Directed,1696,,,1
G161,G126,Directed,1697,,,1
G161,G137,Directed,1698,,,1
G161,G139,Directed,1699,,,1
G161,G146,Directed,1700,,,1
G161,G147,Directed,1701,,,1
G161,G152,Directed,1702,,,1
G161,G158,Directed,1703,,,1
G161,G159,Directed,1704,,,1
G161,G162,Directed,1705,,,1
G161,G167,Directed,1706,,,1
G161,G174,Directed,1707,,,1
G161,G179,Directed,1708,,,1
G161,G182,Directed,1709,,,1
G161,G189,Directed,1710,,,1
G161,G191,Directed,1711,,,1
G161,G230,Directed,1712,,,1
G161,G248,Directed,1713,,,1
G161,G255,Directed,1714,,,1
G161,G261,Directed,1715,,,1
G161,G299,Directed,1716,,,1
G161,G301,Directed,1717,,,1
G162,G67,Directed,1718,,,1
G162,G72,Directed,1719,,,1
G162,G80,Directed,1720,,,1
G162,G91,Directed,1721,,,1
G162,G92,Directed,1722,,,1
G162,G94,Directed,1723,,,1
G162,G95,Directed,1724,,,1
G162,G96,Directed,1725,,,1
G162,G101,Directed,1726,,,1
G162,G109,Directed,1727,,,1
G162,G110,Directed,1728,,,1
G162,G112,Directed,1729,,,1
G162,G118,Directed,1730,,,1
G162,G119,Directed,1731,,,1
G162,G125,Directed,1732,,,1
G162,G131,Directed,1733,,,1
G162,G139,Directed,1734,,,1
G162,G143,Directed,1735,,,1
G162,G144,Directed,1736,,,1
G162,G147,Directed,1737,,,1
G162,G150,Directed,1738,,,1
G162,G152,Directed,1739,,,1
G162,G159,Directed,1740,,,1
G162,G161,Directed,1741,,,1
G162,G166,Directed,1742,,,1
G162,G167,Directed,1743,,,1
G162,G172,Directed,1744,,,1
G162,G174,Directed,1745,,,1
G162,G176,Directed,1746,,,1
G162,G177,Directed,1747,,,1
G162,G179,Directed,1748,,,1
G162,G182,Directed,1749,,,1
G162,G201,Directed,1750,,,1
G162,G202,Directed,1751,,,1
G162,G212,Directed,1752,,,1
G162,G217,Directed,1753,,,1
G162,G218,Directed,1754,,,1
G162,G219,Directed,1755,,,1
G162,G221,Directed,1756,,,1
G162,G230,Directed,1757,,,1
G162,G232,Directed,1758,,,1
G162,G237,Directed,1759,,,1
G162,G243,Directed,1760,,,1
G162,G248,Directed,1761,,,1
G162,G249,Directed,1762,,,1
G162,G252,Directed,1763,,,1
G162,G255,Directed,1764,,,1
G162,G258,Directed,1765,,,1
G162,G261,Directed,1766,,,1
G162,G273,Directed,1767,,,1
G162,G284,Directed,1768,,,1
G162,G288,Directed,1769,,,1
G162,G292,Directed,1770,,,1
G162,G293,Directed,1771,,,1
G162,G299,Directed,1772,,,1
G162,G301,Directed,1773,,,1
G162,G305,Directed,1774,,,1
G162,G306,Directed,1775,,,1
G162,G307,Directed,1776,,,1
G162,G310,Directed,1777,,,1
G162,G311,Directed,1778,,,1
G162,G321,Directed,1779,,,1
G163,G118,Directed,1780,,,1
G163,G122,Directed,1781,,,1
G163,G123,Directed,1782,,,1
G163,G182,Directed,1783,,,1
G164,G118,Directed,1784,,,1
G164,G154,Directed,1785,,,1
G164,G182,Directed,1786,,,1
G165,G201,Directed,1787,,,1
G166,G41,Directed,1788,,,1
G166,G45,Directed,1789,,,1
G166,G47,Directed,1790,,,1
G166,G50,Directed,1791,,,1
G166,G51,Directed,1792,,,1
G166,G53,Directed,1793,,,1
G166,G62,Directed,1794,,,1
G166,G63,Directed,1795,,,1
G166,G65,Directed,1796,,,1
G166,G67,Directed,1797,,,1
G166,G75,Directed,1798,,,1
G166,G81,Directed,1799,,,1
G166,G82,Directed,1800,,,1
G166,G83,Directed,1801,,,1
G166,G90,Directed,1802,,,1
G166,G94,Directed,1803,,,1
G166,G106,Directed,1804,,,1
G166,G109,Directed,1805,,,1
G166,G112,Directed,1806,,,1
G166,G118,Directed,1807,,,1
G166,G120,Directed,1808,,,1
G166,G123,Directed,1809,,,1
G166,G128,Directed,1810,,,1
G166,G130,Directed,1811,,,1
G166,G131,Directed,1812,,,1
G166,G133,Directed,1813,,,1
G166,G140,Directed,1814,,,1
G166,G142,Directed,1815,,,1
G166,G144,Directed,1816,,,1
G166,G146,Directed,1817,,,1
G166,G147,Directed,1818,,,1
G166,G148,Directed,1819,,,1
G166,G150,Directed,1820,,,1
G166,G152,Directed,1821,,,1
G166,G153,Directed,1822,,,1
G166,G159,Directed,1823,,,1
G166,G162,Directed,1824,,,1
G166,G167,Directed,1825,,,1
G166,G168,Directed,1826,,,1
G166,G169,Directed,1827,,,1
G166,G172,Directed,1828,,,1
G166,G173,Directed,1829,,,1
G166,G174,Directed,1830,,,1
G166,G175,Directed,1831,,,1
G166,G176,Directed,1832,,,1
G166,G177,Directed,1833,,,1
G166,G181,Directed,1834,,,1
G166,G182,Directed,1835,,,1
G166,G183,Directed,1836,,,1
G166,G184,Directed,1837,,,1
G166,G197,Directed,1838,,,1
G166,G198,Directed,1839,,,1
G166,G201,Directed,1840,,,1
G166,G203,Directed,1841,,,1
G166,G206,Directed,1842,,,1
G166,G213,Directed,1843,,,1
G166,G216,Directed,1844,,,1
G166,G217,Directed,1845,,,1
G166,G219,Directed,1846,,,1
G166,G225,Directed,1847,,,1
G166,G230,Directed,1848,,,1
G166,G232,Directed,1849,,,1
G166,G233,Directed,1850,,,1
G166,G242,Directed,1851,,,1
G166,G245,Directed,1852,,,1
G166,G246,Directed,1853,,,1
G166,G248,Directed,1854,,,1
G166,G250,Directed,1855,,,1
G166,G251,Directed,1856,,,1
G166,G253,Directed,1857,,,1
G166,G255,Directed,1858,,,1
G166,G258,Directed,1859,,,1
G166,G261,Directed,1860,,,1
G166,G263,Directed,1861,,,1
G166,G274,Directed,1862,,,1
G166,G276,Directed,1863,,,1
G166,G288,Directed,1864,,,1
G166,G292,Directed,1865,,,1
G166,G293,Directed,1866,,,1
G166,G296,Directed,1867,,,1
G166,G297,Directed,1868,,,1
G166,G299,Directed,1869,,,1
G166,G301,Directed,1870,,,1
G166,G311,Directed,1871,,,1
G166,G313,Directed,1872,,,1
G167,G67,Directed,1873,,,1
G167,G99,Directed,1874,,,1
G167,G105,Directed,1875,,,1
G167,G109,Directed,1876,,,1
G167,G112,Directed,1877,,,1
G167,G118,Directed,1878,,,1
G167,G123,Directed,1879,,,1
G167,G131,Directed,1880,,,1
G167,G139,Directed,1881,,,1
G167,G146,Directed,1882,,,1
G167,G147,Directed,1883,,,1
G167,G150,Directed,1884,,,1
G167,G152,Directed,1885,,,1
G167,G159,Directed,1886,,,1
G167,G161,Directed,1887,,,1
G167,G162,Directed,1888,,,1
G167,G166,Directed,1889,,,1
G167,G172,Directed,1890,,,1
G167,G174,Directed,1891,,,1
G167,G176,Directed,1892,,,1
G167,G179,Directed,1893,,,1
G167,G182,Directed,1894,,,1
G167,G189,Directed,1895,,,1
G167,G191,Directed,1896,,,1
G167,G201,Directed,1897,,,1
G167,G217,Directed,1898,,,1
G167,G219,Directed,1899,,,1
G167,G230,Directed,1900,,,1
G167,G232,Directed,1901,,,1
G167,G248,Directed,1902,,,1
G167,G255,Directed,1903,,,1
G167,G258,Directed,1904,,,1
G167,G261,Directed,1905,,,1
G167,G292,Directed,1906,,,1
G167,G293,Directed,1907,,,1
G167,G299,Directed,1908,,,1
G167,G301,Directed,1909,,,1
G167,G302,Directed,1910,,,1
G167,G307,Directed,1911,,,1
G167,G310,Directed,1912,,,1
G167,G311,Directed,1913,,,1
G168,G118,Directed,1914,,,1
G168,G144,Directed,1915,,,1
G168,G146,Directed,1916,,,1
G168,G166,Directed,1917,,,1
G168,G248,Directed,1918,,,1
G168,G258,Directed,1919,,,1
G168,G261,Directed,1920,,,1
G169,G47,Directed,1921,,,1
G169,G65,Directed,1922,,,1
G169,G118,Directed,1923,,,1
G169,G144,Directed,1924,,,1
G169,G166,Directed,1925,,,1
G169,G183,Directed,1926,,,1
G169,G197,Directed,1927,,,1
G169,G201,Directed,1928,,,1
G169,G203,Directed,1929,,,1
G169,G213,Directed,1930,,,1
G169,G219,Directed,1931,,,1
G169,G246,Directed,1932,,,1
G169,G248,Directed,1933,,,1
G169,G258,Directed,1934,,,1
G169,G261,Directed,1935,,,1
G169,G263,Directed,1936,,,1
G170,G109,Directed,1937,,,1
G170,G112,Directed,1938,,,1
G170,G125,Directed,1939,,,1
G170,G131,Directed,1940,,,1
G170,G143,Directed,1941,,,1
G170,G152,Directed,1942,,,1
G171,G154,Directed,1943,,,1
G171,G155,Directed,1944,,,1
G171,G158,Directed,1945,,,1
G172,G47,Directed,1946,,,1
G172,G67,Directed,1947,,,1
G172,G94,Directed,1948,,,1
G172,G112,Directed,1949,,,1
G172,G118,Directed,1950,,,1
G172,G123,Directed,1951,,,1
G172,G131,Directed,1952,,,1
G172,G133,Directed,1953,,,1
G172,G142,Directed,1954,,,1
G172,G144,Directed,1955,,,1
G172,G146,Directed,1956,,,1
G172,G147,Directed,1957,,,1
G172,G152,Directed,1958,,,1
G172,G162,Directed,1959,,,1
G172,G166,Directed,1960,,,1
G172,G167,Directed,1961,,,1
G172,G174,Directed,1962,,,1
G172,G176,Directed,1963,,,1
G172,G179,Directed,1964,,,1
G172,G182,Directed,1965,,,1
G172,G198,Directed,1966,,,1
G172,G201,Directed,1967,,,1
G172,G216,Directed,1968,,,1
G172,G217,Directed,1969,,,1
G172,G219,Directed,1970,,,1
G172,G225,Directed,1971,,,1
G172,G230,Directed,1972,,,1
G172,G232,Directed,1973,,,1
G172,G248,Directed,1974,,,1
G172,G255,Directed,1975,,,1
G172,G258,Directed,1976,,,1
G172,G261,Directed,1977,,,1
G172,G263,Directed,1978,,,1
G172,G293,Directed,1979,,,1
G172,G299,Directed,1980,,,1
G173,G118,Directed,1981,,,1
G173,G166,Directed,1982,,,1
G173,G248,Directed,1983,,,1
G173,G261,Directed,1984,,,1
G174,G67,Directed,1985,,,1
G174,G89,Directed,1986,,,1
G174,G91,Directed,1987,,,1
G174,G92,Directed,1988,,,1
G174,G95,Directed,1989,,,1
G174,G101,Directed,1990,,,1
G174,G109,Directed,1991,,,1
G174,G112,Directed,1992,,,1
G174,G113,Directed,1993,,,1
G174,G118,Directed,1994,,,1
G174,G119,Directed,1995,,,1
G174,G125,Directed,1996,,,1
G174,G131,Directed,1997,,,1
G174,G132,Directed,1998,,,1
G174,G143,Directed,1999,,,1
G174,G146,Directed,2000,,,1
G174,G147,Directed,2001,,,1
G174,G150,Directed,2002,,,1
G174,G152,Directed,2003,,,1
G174,G159,Directed,2004,,,1
G174,G161,Directed,2005,,,1
G174,G162,Directed,2006,,,1
G174,G166,Directed,2007,,,1
G174,G167,Directed,2008,,,1
G174,G172,Directed,2009,,,1
G174,G176,Directed,2010,,,1
G174,G177,Directed,2011,,,1
G174,G182,Directed,2012,,,1
G174,G201,Directed,2013,,,1
G174,G202,Directed,2014,,,1
G174,G204,Directed,2015,,,1
G174,G212,Directed,2016,,,1
G174,G217,Directed,2017,,,1
G174,G218,Directed,2018,,,1
G174,G219,Directed,2019,,,1
G174,G221,Directed,2020,,,1
G174,G230,Directed,2021,,,1
G174,G248,Directed,2022,,,1
G174,G255,Directed,2023,,,1
G174,G258,Directed,2024,,,1
G174,G261,Directed,2025,,,1
G174,G273,Directed,2026,,,1
G174,G284,Directed,2027,,,1
G174,G292,Directed,2028,,,1
G174,G293,Directed,2029,,,1
G174,G299,Directed,2030,,,1
G174,G301,Directed,2031,,,1
G174,G305,Directed,2032,,,1
G174,G306,Directed,2033,,,1
G174,G307,Directed,2034,,,1
G174,G310,Directed,2035,,,1
G174,G311,Directed,2036,,,1
G174,G321,Directed,2037,,,1
G175,G166,Directed,2038,,,1
G176,G47,Directed,2039,,,1
G176,G65,Directed,2040,,,1
G176,G67,Directed,2041,,,1
G176,G80,Directed,2042,,,1
G176,G91,Directed,2043,,,1
G176,G92,Directed,2044,,,1
G176,G94,Directed,2045,,,1
G176,G95,Directed,2046,,,1
G176,G99,Directed,2047,,,1
G176,G101,Directed,2048,,,1
G176,G109,Directed,2049,,,1
G176,G112,Directed,2050,,,1
G176,G118,Directed,2051,,,1
G176,G119,Directed,2052,,,1
G176,G126,Directed,2053,,,1
G176,G131,Directed,2054,,,1
G176,G137,Directed,2055,,,1
G176,G144,Directed,2056,,,1
G176,G146,Directed,2057,,,1
G176,G147,Directed,2058,,,1
G176,G150,Directed,2059,,,1
G176,G152,Directed,2060,,,1
G176,G159,Directed,2061,,,1
G176,G162,Directed,2062,,,1
G176,G166,Directed,2063,,,1
G176,G167,Directed,2064,,,1
G176,G172,Directed,2065,,,1
G176,G174,Directed,2066,,,1
G176,G179,Directed,2067,,,1
G176,G182,Directed,2068,,,1
G176,G189,Directed,2069,,,1
G176,G192,Directed,2070,,,1
G176,G201,Directed,2071,,,1
G176,G202,Directed,2072,,,1
G176,G212,Directed,2073,,,1
G176,G217,Directed,2074,,,1
G176,G218,Directed,2075,,,1
G176,G219,Directed,2076,,,1
G176,G221,Directed,2077,,,1
G176,G222,Directed,2078,,,1
G176,G230,Directed,2079,,,1
G176,G232,Directed,2080,,,1
G176,G233,Directed,2081,,,1
G176,G239,Directed,2082,,,1
G176,G248,Directed,2083,,,1
G176,G255,Directed,2084,,,1
G176,G256,Directed,2085,,,1
G176,G258,Directed,2086,,,1
G176,G261,Directed,2087,,,1
G176,G263,Directed,2088,,,1
G176,G271,Directed,2089,,,1
G176,G284,Directed,2090,,,1
G176,G292,Directed,2091,,,1
G176,G296,Directed,2092,,,1
G176,G299,Directed,2093,,,1
G176,G301,Directed,2094,,,1
G176,G305,Directed,2095,,,1
G176,G306,Directed,2096,,,1
G176,G307,Directed,2097,,,1
G176,G310,Directed,2098,,,1
G176,G311,Directed,2099,,,1
G177,G47,Directed,2100,,,1
G177,G67,Directed,2101,,,1
G177,G72,Directed,2102,,,1
G177,G80,Directed,2103,,,1
G177,G91,Directed,2104,,,1
G177,G95,Directed,2105,,,1
G177,G96,Directed,2106,,,1
G177,G109,Directed,2107,,,1
G177,G112,Directed,2108,,,1
G177,G118,Directed,2109,,,1
G177,G119,Directed,2110,,,1
G177,G125,Directed,2111,,,1
G177,G131,Directed,2112,,,1
G177,G139,Directed,2113,,,1
G177,G141,Directed,2114,,,1
G177,G144,Directed,2115,,,1
G177,G146,Directed,2116,,,1
G177,G147,Directed,2117,,,1
G177,G150,Directed,2118,,,1
G177,G152,Directed,2119,,,1
G177,G157,Directed,2120,,,1
G177,G162,Directed,2121,,,1
G177,G166,Directed,2122,,,1
G177,G174,Directed,2123,,,1
G177,G179,Directed,2124,,,1
G177,G182,Directed,2125,,,1
G177,G190,Directed,2126,,,1
G177,G201,Directed,2127,,,1
G177,G202,Directed,2128,,,1
G177,G204,Directed,2129,,,1
G177,G212,Directed,2130,,,1
G177,G218,Directed,2131,,,1
G177,G230,Directed,2132,,,1
G177,G240,Directed,2133,,,1
G177,G248,Directed,2134,,,1
G177,G255,Directed,2135,,,1
G177,G258,Directed,2136,,,1
G177,G260,Directed,2137,,,1
G177,G261,Directed,2138,,,1
G177,G263,Directed,2139,,,1
G177,G273,Directed,2140,,,1
G177,G292,Directed,2141,,,1
G177,G293,Directed,2142,,,1
G177,G299,Directed,2143,,,1
G177,G301,Directed,2144,,,1
G177,G310,Directed,2145,,,1
G177,G311,Directed,2146,,,1
G177,G321,Directed,2147,,,1
G178,G201,Directed,2148,,,1
G179,G67,Directed,2149,,,1
G179,G91,Directed,2150,,,1
G179,G92,Directed,2151,,,1
G179,G94,Directed,2152,,,1
G179,G95,Directed,2153,,,1
G179,G101,Directed,2154,,,1
G179,G109,Directed,2155,,,1
G179,G112,Directed,2156,,,1
G179,G118,Directed,2157,,,1
G179,G119,Directed,2158,,,1
G179,G123,Directed,2159,,,1
G179,G125,Directed,2160,,,1
G179,G131,Directed,2161,,,1
G179,G146,Directed,2162,,,1
G179,G147,Directed,2163,,,1
G179,G150,Directed,2164,,,1
G179,G152,Directed,2165,,,1
G179,G159,Directed,2166,,,1
G179,G161,Directed,2167,,,1
G179,G162,Directed,2168,,,1
G179,G167,Directed,2169,,,1
G179,G172,Directed,2170,,,1
G179,G176,Directed,2171,,,1
G179,G177,Directed,2172,,,1
G179,G182,Directed,2173,,,1
G179,G189,Directed,2174,,,1
G179,G217,Directed,2175,,,1
G179,G218,Directed,2176,,,1
G179,G221,Directed,2177,,,1
G179,G230,Directed,2178,,,1
G179,G232,Directed,2179,,,1
G179,G255,Directed,2180,,,1
G179,G260,Directed,2181,,,1
G179,G261,Directed,2182,,,1
G179,G292,Directed,2183,,,1
G179,G293,Directed,2184,,,1
G179,G299,Directed,2185,,,1
G179,G301,Directed,2186,,,1
G179,G306,Directed,2187,,,1
G179,G307,Directed,2188,,,1
G179,G310,Directed,2189,,,1
G179,G311,Directed,2190,,,1
G180,G182,Directed,2191,,,1
G181,G118,Directed,2192,,,1
G181,G144,Directed,2193,,,1
G181,G166,Directed,2194,,,1
G181,G182,Directed,2195,,,1
G181,G188,Directed,2196,,,1
G181,G219,Directed,2197,,,1
G181,G258,Directed,2198,,,1
G181,G261,Directed,2199,,,1
G182,G47,Directed,2200,,,1
G182,G67,Directed,2201,,,1
G182,G82,Directed,2202,,,1
G182,G90,Directed,2203,,,1
G182,G92,Directed,2204,,,1
G182,G94,Directed,2205,,,1
G182,G102,Directed,2206,,,1
G182,G105,Directed,2207,,,1
G182,G106,Directed,2208,,,1
G182,G109,Directed,2209,,,1
G182,G112,Directed,2210,,,1
G182,G118,Directed,2211,,,1
G182,G119,Directed,2212,,,1
G182,G120,Directed,2213,,,1
G182,G123,Directed,2214,,,1
G182,G126,Directed,2215,,,1
G182,G128,Directed,2216,,,1
G182,G130,Directed,2217,,,1
G182,G131,Directed,2218,,,1
G182,G133,Directed,2219,,,1
G182,G140,Directed,2220,,,1
G182,G144,Directed,2221,,,1
G182,G145,Directed,2222,,,1
G182,G146,Directed,2223,,,1
G182,G147,Directed,2224,,,1
G182,G148,Directed,2225,,,1
G182,G150,Directed,2226,,,1
G182,G152,Directed,2227,,,1
G182,G154,Directed,2228,,,1
G182,G158,Directed,2229,,,1
G182,G159,Directed,2230,,,1
G182,G160,Directed,2231,,,1
G182,G161,Directed,2232,,,1
G182,G162,Directed,2233,,,1
G182,G163,Directed,2234,,,1
G182,G164,Directed,2235,,,1
G182,G166,Directed,2236,,,1
G182,G167,Directed,2237,,,1
G182,G172,Directed,2238,,,1
G182,G174,Directed,2239,,,1
G182,G176,Directed,2240,,,1
G182,G177,Directed,2241,,,1
G182,G179,Directed,2242,,,1
G182,G180,Directed,2243,,,1
G182,G181,Directed,2244,,,1
G182,G189,Directed,2245,,,1
G182,G191,Directed,2246,,,1
G182,G192,Directed,2247,,,1
G182,G195,Directed,2248,,,1
G182,G196,Directed,2249,,,1
G182,G198,Directed,2250,,,1
G182,G201,Directed,2251,,,1
G182,G203,Directed,2252,,,1
G182,G206,Directed,2253,,,1
G182,G207,Directed,2254,,,1
G182,G209,Directed,2255,,,1
G182,G211,Directed,2256,,,1
G182,G212,Directed,2257,,,1
G182,G216,Directed,2258,,,1
G182,G217,Directed,2259,,,1
G182,G219,Directed,2260,,,1
G182,G220,Directed,2261,,,1
G182,G221,Directed,2262,,,1
G182,G222,Directed,2263,,,1
G182,G225,Directed,2264,,,1
G182,G226,Directed,2265,,,1
G182,G230,Directed,2266,,,1
G182,G232,Directed,2267,,,1
G182,G233,Directed,2268,,,1
G182,G239,Directed,2269,,,1
G182,G246,Directed,2270,,,1
G182,G248,Directed,2271,,,1
G182,G250,Directed,2272,,,1
G182,G253,Directed,2273,,,1
G182,G255,Directed,2274,,,1
G182,G256,Directed,2275,,,1
G182,G258,Directed,2276,,,1
G182,G261,Directed,2277,,,1
G182,G263,Directed,2278,,,1
G182,G274,Directed,2279,,,1
G182,G284,Directed,2280,,,1
G182,G292,Directed,2281,,,1
G182,G293,Directed,2282,,,1
G182,G296,Directed,2283,,,1
G182,G297,Directed,2284,,,1
G182,G299,Directed,2285,,,1
G182,G301,Directed,2286,,,1
G182,G305,Directed,2287,,,1
G182,G306,Directed,2288,,,1
G182,G307,Directed,2289,,,1
G182,G310,Directed,2290,,,1
G182,G311,Directed,2291,,,1
G182,G313,Directed,2292,,,1
G182,G321,Directed,2293,,,1
G183,G47,Directed,2294,,,1
G183,G65,Directed,2295,,,1
G183,G67,Directed,2296,,,1
G183,G118,Directed,2297,,,1
G183,G138,Directed,2298,,,1
G183,G144,Directed,2299,,,1
G183,G152,Directed,2300,,,1
G183,G166,Directed,2301,,,1
G183,G169,Directed,2302,,,1
G183,G197,Directed,2303,,,1
G183,G201,Directed,2304,,,1
G183,G203,Directed,2305,,,1
G183,G213,Directed,2306,,,1
G183,G219,Directed,2307,,,1
G183,G224,Directed,2308,,,1
G183,G245,Directed,2309,,,1
G183,G246,Directed,2310,,,1
G183,G248,Directed,2311,,,1
G183,G253,Directed,2312,,,1
G183,G258,Directed,2313,,,1
G183,G261,Directed,2314,,,1
G183,G263,Directed,2315,,,1
G183,G293,Directed,2316,,,1
G184,G166,Directed,2317,,,1
G184,G255,Directed,2318,,,1
G184,G261,Directed,2319,,,1
G184,G293,Directed,2320,,,1
G185,G201,Directed,2321,,,1
G186,G118,Directed,2322,,,1
G186,G152,Directed,2323,,,1
G186,G192,Directed,2324,,,1
G186,G230,Directed,2325,,,1
G187,G152,Directed,2326,,,1
G188,G181,Directed,2327,,,1
G189,G67,Directed,2328,,,1
G189,G112,Directed,2329,,,1
G189,G118,Directed,2330,,,1
G189,G131,Directed,2331,,,1
G189,G146,Directed,2332,,,1
G189,G152,Directed,2333,,,1
G189,G161,Directed,2334,,,1
G189,G167,Directed,2335,,,1
G189,G176,Directed,2336,,,1
G189,G179,Directed,2337,,,1
G189,G182,Directed,2338,,,1
G189,G192,Directed,2339,,,1
G189,G217,Directed,2340,,,1
G189,G230,Directed,2341,,,1
G189,G232,Directed,2342,,,1
G189,G255,Directed,2343,,,1
G189,G256,Directed,2344,,,1
G189,G261,Directed,2345,,,1
G190,G177,Directed,2346,,,1
G190,G202,Directed,2347,,,1
G190,G230,Directed,2348,,,1
G191,G118,Directed,2349,,,1
G191,G152,Directed,2350,,,1
G191,G161,Directed,2351,,,1
G191,G167,Directed,2352,,,1
G191,G182,Directed,2353,,,1
G192,G118,Directed,2354,,,1
G192,G152,Directed,2355,,,1
G192,G176,Directed,2356,,,1
G192,G182,Directed,2357,,,1
G192,G186,Directed,2358,,,1
G192,G189,Directed,2359,,,1
G192,G204,Directed,2360,,,1
G192,G217,Directed,2361,,,1
G192,G222,Directed,2362,,,1
G192,G255,Directed,2363,,,1
G193,G201,Directed,2364,,,1
G194,G221,Directed,2365,,,1
G195,G182,Directed,2366,,,1
G195,G207,Directed,2367,,,1
G196,G182,Directed,2368,,,1
G197,G47,Directed,2369,,,1
G197,G65,Directed,2370,,,1
G197,G67,Directed,2371,,,1
G197,G118,Directed,2372,,,1
G197,G144,Directed,2373,,,1
G197,G166,Directed,2374,,,1
G197,G169,Directed,2375,,,1
G197,G183,Directed,2376,,,1
G197,G201,Directed,2377,,,1
G197,G213,Directed,2378,,,1
G197,G219,Directed,2379,,,1
G197,G245,Directed,2380,,,1
G197,G246,Directed,2381,,,1
G197,G248,Directed,2382,,,1
G197,G250,Directed,2383,,,1
G197,G251,Directed,2384,,,1
G197,G253,Directed,2385,,,1
G197,G258,Directed,2386,,,1
G197,G261,Directed,2387,,,1
G197,G263,Directed,2388,,,1
G198,G118,Directed,2389,,,1
G198,G142,Directed,2390,,,1
G198,G152,Directed,2391,,,1
G198,G166,Directed,2392,,,1
G198,G172,Directed,2393,,,1
G198,G182,Directed,2394,,,1
G198,G206,Directed,2395,,,1
G198,G216,Directed,2396,,,1
G198,G219,Directed,2397,,,1
G198,G232,Directed,2398,,,1
G198,G258,Directed,2399,,,1
G198,G261,Directed,2400,,,1
G199,G201,Directed,2401,,,1
G199,G213,Directed,2402,,,1
G200,G213,Directed,2403,,,1
G201,G8,Directed,2404,,,1
G201,G45,Directed,2405,,,1
G201,G47,Directed,2406,,,1
G201,G65,Directed,2407,,,1
G201,G67,Directed,2408,,,1
G201,G74,Directed,2409,,,1
G201,G75,Directed,2410,,,1
G201,G83,Directed,2411,,,1
G201,G94,Directed,2412,,,1
G201,G108,Directed,2413,,,1
G201,G109,Directed,2414,,,1
G201,G112,Directed,2415,,,1
G201,G118,Directed,2416,,,1
G201,G124,Directed,2417,,,1
G201,G131,Directed,2418,,,1
G201,G138,Directed,2419,,,1
G201,G144,Directed,2420,,,1
G201,G147,Directed,2421,,,1
G201,G150,Directed,2422,,,1
G201,G151,Directed,2423,,,1
G201,G152,Directed,2424,,,1
G201,G162,Directed,2425,,,1
G201,G165,Directed,2426,,,1
G201,G166,Directed,2427,,,1
G201,G167,Directed,2428,,,1
G201,G169,Directed,2429,,,1
G201,G172,Directed,2430,,,1
G201,G174,Directed,2431,,,1
G201,G176,Directed,2432,,,1
G201,G177,Directed,2433,,,1
G201,G178,Directed,2434,,,1
G201,G182,Directed,2435,,,1
G201,G183,Directed,2436,,,1
G201,G185,Directed,2437,,,1
G201,G193,Directed,2438,,,1
G201,G197,Directed,2439,,,1
G201,G199,Directed,2440,,,1
G201,G203,Directed,2441,,,1
G201,G205,Directed,2442,,,1
G201,G213,Directed,2443,,,1
G201,G214,Directed,2444,,,1
G201,G217,Directed,2445,,,1
G201,G219,Directed,2446,,,1
G201,G224,Directed,2447,,,1
G201,G228,Directed,2448,,,1
G201,G230,Directed,2449,,,1
G201,G232,Directed,2450,,,1
G201,G233,Directed,2451,,,1
G201,G236,Directed,2452,,,1
G201,G242,Directed,2453,,,1
G201,G245,Directed,2454,,,1
G201,G246,Directed,2455,,,1
G201,G248,Directed,2456,,,1
G201,G250,Directed,2457,,,1
G201,G251,Directed,2458,,,1
G201,G253,Directed,2459,,,1
G201,G255,Directed,2460,,,1
G201,G258,Directed,2461,,,1
G201,G261,Directed,2462,,,1
G201,G263,Directed,2463,,,1
G201,G276,Directed,2464,,,1
G201,G292,Directed,2465,,,1
G201,G293,Directed,2466,,,1
G201,G299,Directed,2467,,,1
G201,G311,Directed,2468,,,1
G201,G313,Directed,2469,,,1
G201,G316,Directed,2470,,,1
G201,G318,Directed,2471,,,1
G202,G109,Directed,2472,,,1
G202,G112,Directed,2473,,,1
G202,G118,Directed,2474,,,1
G202,G146,Directed,2475,,,1
G202,G147,Directed,2476,,,1
G202,G150,Directed,2477,,,1
G202,G152,Directed,2478,,,1
G202,G162,Directed,2479,,,1
G202,G174,Directed,2480,,,1
G202,G176,Directed,2481,,,1
G202,G177,Directed,2482,,,1
G202,G190,Directed,2483,,,1
G202,G204,Directed,2484,,,1
G202,G212,Directed,2485,,,1
G202,G217,Directed,2486,,,1
G202,G221,Directed,2487,,,1
G202,G230,Directed,2488,,,1
G202,G255,Directed,2489,,,1
G202,G261,Directed,2490,,,1
G203,G47,Directed,2491,,,1
G203,G65,Directed,2492,,,1
G203,G67,Directed,2493,,,1
G203,G109,Directed,2494,,,1
G203,G112,Directed,2495,,,1
G203,G118,Directed,2496,,,1
G203,G144,Directed,2497,,,1
G203,G153,Directed,2498,,,1
G203,G166,Directed,2499,,,1
G203,G169,Directed,2500,,,1
G203,G182,Directed,2501,,,1
G203,G183,Directed,2502,,,1
G203,G201,Directed,2503,,,1
G203,G219,Directed,2504,,,1
G203,G245,Directed,2505,,,1
G203,G246,Directed,2506,,,1
G203,G248,Directed,2507,,,1
G203,G250,Directed,2508,,,1
G203,G251,Directed,2509,,,1
G203,G253,Directed,2510,,,1
G203,G258,Directed,2511,,,1
G203,G261,Directed,2512,,,1
G203,G263,Directed,2513,,,1
G203,G288,Directed,2514,,,1
G203,G293,Directed,2515,,,1
G203,G311,Directed,2516,,,1
G204,G118,Directed,2517,,,1
G204,G174,Directed,2518,,,1
G204,G177,Directed,2519,,,1
G204,G192,Directed,2520,,,1
G204,G202,Directed,2521,,,1
G204,G218,Directed,2522,,,1
G204,G230,Directed,2523,,,1
G205,G201,Directed,2524,,,1
G205,G213,Directed,2525,,,1
G206,G166,Directed,2526,,,1
G206,G182,Directed,2527,,,1
G206,G198,Directed,2528,,,1
G206,G209,Directed,2529,,,1
G206,G239,Directed,2530,,,1
G206,G261,Directed,2531,,,1
G207,G182,Directed,2532,,,1
G207,G195,Directed,2533,,,1
G208,G258,Directed,2534,,,1
G209,G182,Directed,2535,,,1
G209,G206,Directed,2536,,,1
G210,G152,Directed,2537,,,1
G211,G182,Directed,2538,,,1
G212,G109,Directed,2539,,,1
G212,G112,Directed,2540,,,1
G212,G118,Directed,2541,,,1
G212,G131,Directed,2542,,,1
G212,G146,Directed,2543,,,1
G212,G147,Directed,2544,,,1
G212,G150,Directed,2545,,,1
G212,G152,Directed,2546,,,1
G212,G162,Directed,2547,,,1
G212,G174,Directed,2548,,,1
G212,G176,Directed,2549,,,1
G212,G177,Directed,2550,,,1
G212,G182,Directed,2551,,,1
G212,G202,Directed,2552,,,1
G212,G217,Directed,2553,,,1
G212,G221,Directed,2554,,,1
G212,G230,Directed,2555,,,1
G212,G255,Directed,2556,,,1
G212,G261,Directed,2557,,,1
G213,G144,Directed,2558,,,1
G213,G166,Directed,2559,,,1
G213,G169,Directed,2560,,,1
G213,G183,Directed,2561,,,1
G213,G197,Directed,2562,,,1
G213,G199,Directed,2563,,,1
G213,G200,Directed,2564,,,1
G213,G201,Directed,2565,,,1
G213,G205,Directed,2566,,,1
G213,G245,Directed,2567,,,1
G213,G246,Directed,2568,,,1
G213,G248,Directed,2569,,,1
G213,G253,Directed,2570,,,1
G213,G261,Directed,2571,,,1
G213,G263,Directed,2572,,,1
G214,G201,Directed,2573,,,1
G214,G248,Directed,2574,,,1
G215,G152,Directed,2575,,,1
G215,G230,Directed,2576,,,1
G215,G255,Directed,2577,,,1
G216,G118,Directed,2578,,,1
G216,G142,Directed,2579,,,1
G216,G144,Directed,2580,,,1
G216,G166,Directed,2581,,,1
G216,G172,Directed,2582,,,1
G216,G182,Directed,2583,,,1
G216,G198,Directed,2584,,,1
G216,G225,Directed,2585,,,1
G216,G232,Directed,2586,,,1
G216,G239,Directed,2587,,,1
G216,G255,Directed,2588,,,1
G216,G258,Directed,2589,,,1
G216,G261,Directed,2590,,,1
G216,G262,Directed,2591,,,1
G216,G293,Directed,2592,,,1
G216,G296,Directed,2593,,,1
G217,G67,Directed,2594,,,1
G217,G94,Directed,2595,,,1
G217,G109,Directed,2596,,,1
G217,G112,Directed,2597,,,1
G217,G118,Directed,2598,,,1
G217,G119,Directed,2599,,,1
G217,G123,Directed,2600,,,1
G217,G126,Directed,2601,,,1
G217,G131,Directed,2602,,,1
G217,G146,Directed,2603,,,1
G217,G147,Directed,2604,,,1
G217,G152,Directed,2605,,,1
G217,G159,Directed,2606,,,1
G217,G162,Directed,2607,,,1
G217,G166,Directed,2608,,,1
G217,G167,Directed,2609,,,1
G217,G172,Directed,2610,,,1
G217,G174,Directed,2611,,,1
G217,G176,Directed,2612,,,1
G217,G179,Directed,2613,,,1
G217,G182,Directed,2614,,,1
G217,G189,Directed,2615,,,1
G217,G192,Directed,2616,,,1
G217,G201,Directed,2617,,,1
G217,G202,Directed,2618,,,1
G217,G212,Directed,2619,,,1
G217,G218,Directed,2620,,,1
G217,G219,Directed,2621,,,1
G217,G221,Directed,2622,,,1
G217,G222,Directed,2623,,,1
G217,G230,Directed,2624,,,1
G217,G232,Directed,2625,,,1
G217,G239,Directed,2626,,,1
G217,G240,Directed,2627,,,1
G217,G248,Directed,2628,,,1
G217,G255,Directed,2629,,,1
G217,G256,Directed,2630,,,1
G217,G258,Directed,2631,,,1
G217,G261,Directed,2632,,,1
G217,G263,Directed,2633,,,1
G217,G271,Directed,2634,,,1
G217,G281,Directed,2635,,,1
G217,G283,Directed,2636,,,1
G217,G284,Directed,2637,,,1
G217,G286,Directed,2638,,,1
G217,G292,Directed,2639,,,1
G217,G293,Directed,2640,,,1
G217,G296,Directed,2641,,,1
G217,G297,Directed,2642,,,1
G217,G299,Directed,2643,,,1
G217,G301,Directed,2644,,,1
G217,G306,Directed,2645,,,1
G217,G307,Directed,2646,,,1
G217,G310,Directed,2647,,,1
G217,G311,Directed,2648,,,1
G217,G321,Directed,2649,,,1
G218,G118,Directed,2650,,,1
G218,G146,Directed,2651,,,1
G218,G147,Directed,2652,,,1
G218,G152,Directed,2653,,,1
G218,G162,Directed,2654,,,1
G218,G174,Directed,2655,,,1
G218,G176,Directed,2656,,,1
G218,G177,Directed,2657,,,1
G218,G179,Directed,2658,,,1
G218,G204,Directed,2659,,,1
G218,G217,Directed,2660,,,1
G218,G221,Directed,2661,,,1
G218,G230,Directed,2662,,,1
G218,G235,Directed,2663,,,1
G218,G249,Directed,2664,,,1
G218,G255,Directed,2665,,,1
G218,G261,Directed,2666,,,1
G218,G299,Directed,2667,,,1
G219,G47,Directed,2668,,,1
G219,G65,Directed,2669,,,1
G219,G67,Directed,2670,,,1
G219,G94,Directed,2671,,,1
G219,G109,Directed,2672,,,1
G219,G112,Directed,2673,,,1
G219,G118,Directed,2674,,,1
G219,G123,Directed,2675,,,1
G219,G131,Directed,2676,,,1
G219,G133,Directed,2677,,,1
G219,G144,Directed,2678,,,1
G219,G147,Directed,2679,,,1
G219,G150,Directed,2680,,,1
G219,G152,Directed,2681,,,1
G219,G159,Directed,2682,,,1
G219,G162,Directed,2683,,,1
G219,G166,Directed,2684,,,1
G219,G167,Directed,2685,,,1
G219,G169,Directed,2686,,,1
G219,G172,Directed,2687,,,1
G219,G174,Directed,2688,,,1
G219,G176,Directed,2689,,,1
G219,G181,Directed,2690,,,1
G219,G182,Directed,2691,,,1
G219,G183,Directed,2692,,,1
G219,G197,Directed,2693,,,1
G219,G198,Directed,2694,,,1
G219,G201,Directed,2695,,,1
G219,G203,Directed,2696,,,1
G219,G217,Directed,2697,,,1
G219,G230,Directed,2698,,,1
G219,G232,Directed,2699,,,1
G219,G233,Directed,2700,,,1
G219,G245,Directed,2701,,,1
G219,G246,Directed,2702,,,1
G219,G248,Directed,2703,,,1
G219,G250,Directed,2704,,,1
G219,G253,Directed,2705,,,1
G219,G255,Directed,2706,,,1
G219,G258,Directed,2707,,,1
G219,G261,Directed,2708,,,1
G219,G263,Directed,2709,,,1
G219,G274,Directed,2710,,,1
G219,G276,Directed,2711,,,1
G219,G293,Directed,2712,,,1
G219,G297,Directed,2713,,,1
G219,G299,Directed,2714,,,1
G219,G301,Directed,2715,,,1
G219,G313,Directed,2716,,,1
G220,G182,Directed,2717,,,1
G220,G226,Directed,2718,,,1
G220,G261,Directed,2719,,,1
G221,G91,Directed,2720,,,1
G221,G92,Directed,2721,,,1
G221,G95,Directed,2722,,,1
G221,G101,Directed,2723,,,1
G221,G109,Directed,2724,,,1
G221,G112,Directed,2725,,,1
G221,G118,Directed,2726,,,1
G221,G119,Directed,2727,,,1
G221,G125,Directed,2728,,,1
G221,G129,Directed,2729,,,1
G221,G131,Directed,2730,,,1
G221,G143,Directed,2731,,,1
G221,G146,Directed,2732,,,1
G221,G147,Directed,2733,,,1
G221,G149,Directed,2734,,,1
G221,G150,Directed,2735,,,1
G221,G152,Directed,2736,,,1
G221,G157,Directed,2737,,,1
G221,G162,Directed,2738,,,1
G221,G174,Directed,2739,,,1
G221,G176,Directed,2740,,,1
G221,G179,Directed,2741,,,1
G221,G182,Directed,2742,,,1
G221,G194,Directed,2743,,,1
G221,G202,Directed,2744,,,1
G221,G212,Directed,2745,,,1
G221,G217,Directed,2746,,,1
G221,G218,Directed,2747,,,1
G221,G230,Directed,2748,,,1
G221,G237,Directed,2749,,,1
G221,G243,Directed,2750,,,1
G221,G249,Directed,2751,,,1
G221,G252,Directed,2752,,,1
G221,G255,Directed,2753,,,1
G221,G260,Directed,2754,,,1
G221,G261,Directed,2755,,,1
G221,G273,Directed,2756,,,1
G221,G284,Directed,2757,,,1
G221,G298,Directed,2758,,,1
G221,G299,Directed,2759,,,1
G221,G300,Directed,2760,,,1
G221,G301,Directed,2761,,,1
G221,G305,Directed,2762,,,1
G221,G306,Directed,2763,,,1
G221,G307,Directed,2764,,,1
G221,G310,Directed,2765,,,1
G221,G311,Directed,2766,,,1
G221,G321,Directed,2767,,,1
G221,G322,Directed,2768,,,1
G221,G325,Directed,2769,,,1
G222,G118,Directed,2770,,,1
G222,G152,Directed,2771,,,1
G222,G176,Directed,2772,,,1
G222,G182,Directed,2773,,,1
G222,G192,Directed,2774,,,1
G222,G217,Directed,2775,,,1
G222,G230,Directed,2776,,,1
G222,G232,Directed,2777,,,1
G222,G255,Directed,2778,,,1
G222,G261,Directed,2779,,,1
G223,G230,Directed,2780,,,1
G223,G255,Directed,2781,,,1
G224,G183,Directed,2782,,,1
G224,G201,Directed,2783,,,1
G224,G242,Directed,2784,,,1
G224,G261,Directed,2785,,,1
G225,G118,Directed,2786,,,1
G225,G142,Directed,2787,,,1
G225,G144,Directed,2788,,,1
G225,G166,Directed,2789,,,1
G225,G172,Directed,2790,,,1
G225,G182,Directed,2791,,,1
G225,G216,Directed,2792,,,1
G225,G232,Directed,2793,,,1
G225,G255,Directed,2794,,,1
G225,G258,Directed,2795,,,1
G225,G261,Directed,2796,,,1
G225,G262,Directed,2797,,,1
G225,G293,Directed,2798,,,1
G225,G296,Directed,2799,,,1
G226,G182,Directed,2800,,,1
G226,G220,Directed,2801,,,1
G226,G261,Directed,2802,,,1
G227,G230,Directed,2803,,,1
G228,G201,Directed,2804,,,1
G228,G236,Directed,2805,,,1
G229,G118,Directed,2806,,,1
G229,G142,Directed,2807,,,1
G229,G233,Directed,2808,,,1
G229,G254,Directed,2809,,,1
G229,G261,Directed,2810,,,1
G229,G262,Directed,2811,,,1
G229,G274,Directed,2812,,,1
G230,G47,Directed,2813,,,1
G230,G67,Directed,2814,,,1
G230,G91,Directed,2815,,,1
G230,G92,Directed,2816,,,1
G230,G94,Directed,2817,,,1
G230,G95,Directed,2818,,,1
G230,G101,Directed,2819,,,1
G230,G109,Directed,2820,,,1
G230,G112,Directed,2821,,,1
G230,G118,Directed,2822,,,1
G230,G119,Directed,2823,,,1
G230,G125,Directed,2824,,,1
G230,G131,Directed,2825,,,1
G230,G132,Directed,2826,,,1
G230,G139,Directed,2827,,,1
G230,G143,Directed,2828,,,1
G230,G146,Directed,2829,,,1
G230,G147,Directed,2830,,,1
G230,G149,Directed,2831,,,1
G230,G150,Directed,2832,,,1
G230,G152,Directed,2833,,,1
G230,G157,Directed,2834,,,1
G230,G159,Directed,2835,,,1
G230,G161,Directed,2836,,,1
G230,G162,Directed,2837,,,1
G230,G166,Directed,2838,,,1
G230,G167,Directed,2839,,,1
G230,G172,Directed,2840,,,1
G230,G174,Directed,2841,,,1
G230,G176,Directed,2842,,,1
G230,G177,Directed,2843,,,1
G230,G179,Directed,2844,,,1
G230,G182,Directed,2845,,,1
G230,G186,Directed,2846,,,1
G230,G189,Directed,2847,,,1
G230,G190,Directed,2848,,,1
G230,G201,Directed,2849,,,1
G230,G202,Directed,2850,,,1
G230,G204,Directed,2851,,,1
G230,G212,Directed,2852,,,1
G230,G215,Directed,2853,,,1
G230,G217,Directed,2854,,,1
G230,G218,Directed,2855,,,1
G230,G219,Directed,2856,,,1
G230,G221,Directed,2857,,,1
G230,G222,Directed,2858,,,1
G230,G223,Directed,2859,,,1
G230,G227,Directed,2860,,,1
G230,G232,Directed,2861,,,1
G230,G234,Directed,2862,,,1
G230,G235,Directed,2863,,,1
G230,G237,Directed,2864,,,1
G230,G238,Directed,2865,,,1
G230,G239,Directed,2866,,,1
G230,G240,Directed,2867,,,1
G230,G243,Directed,2868,,,1
G230,G248,Directed,2869,,,1
G230,G249,Directed,2870,,,1
G230,G252,Directed,2871,,,1
G230,G255,Directed,2872,,,1
G230,G256,Directed,2873,,,1
G230,G258,Directed,2874,,,1
G230,G259,Directed,2875,,,1
G230,G260,Directed,2876,,,1
G230,G261,Directed,2877,,,1
G230,G263,Directed,2878,,,1
G230,G272,Directed,2879,,,1
G230,G273,Directed,2880,,,1
G230,G281,Directed,2881,,,1
G230,G284,Directed,2882,,,1
G230,G286,Directed,2883,,,1
G230,G287,Directed,2884,,,1
G230,G288,Directed,2885,,,1
G230,G292,Directed,2886,,,1
G230,G293,Directed,2887,,,1
G230,G295,Directed,2888,,,1
G230,G297,Directed,2889,,,1
G230,G298,Directed,2890,,,1
G230,G299,Directed,2891,,,1
G230,G300,Directed,2892,,,1
G230,G301,Directed,2893,,,1
G230,G305,Directed,2894,,,1
G230,G306,Directed,2895,,,1
G230,G307,Directed,2896,,,1
G230,G310,Directed,2897,,,1
G230,G311,Directed,2898,,,1
G230,G321,Directed,2899,,,1
G231,G258,Directed,2900,,,1
G232,G47,Directed,2901,,,1
G232,G67,Directed,2902,,,1
G232,G94,Directed,2903,,,1
G232,G109,Directed,2904,,,1
G232,G112,Directed,2905,,,1
G232,G118,Directed,2906,,,1
G232,G133,Directed,2907,,,1
G232,G146,Directed,2908,,,1
G232,G147,Directed,2909,,,1
G232,G152,Directed,2910,,,1
G232,G162,Directed,2911,,,1
G232,G166,Directed,2912,,,1
G232,G167,Directed,2913,,,1
G232,G172,Directed,2914,,,1
G232,G176,Directed,2915,,,1
G232,G179,Directed,2916,,,1
G232,G182,Directed,2917,,,1
G232,G189,Directed,2918,,,1
G232,G198,Directed,2919,,,1
G232,G201,Directed,2920,,,1
G232,G216,Directed,2921,,,1
G232,G217,Directed,2922,,,1
G232,G219,Directed,2923,,,1
G232,G222,Directed,2924,,,1
G232,G225,Directed,2925,,,1
G232,G230,Directed,2926,,,1
G232,G239,Directed,2927,,,1
G232,G240,Directed,2928,,,1
G232,G248,Directed,2929,,,1
G232,G255,Directed,2930,,,1
G232,G256,Directed,2931,,,1
G232,G258,Directed,2932,,,1
G232,G261,Directed,2933,,,1
G232,G283,Directed,2934,,,1
G232,G285,Directed,2935,,,1
G232,G288,Directed,2936,,,1
G232,G292,Directed,2937,,,1
G232,G296,Directed,2938,,,1
G232,G297,Directed,2939,,,1
G232,G299,Directed,2940,,,1
G232,G301,Directed,2941,,,1
G232,G307,Directed,2942,,,1
G232,G310,Directed,2943,,,1
G232,G311,Directed,2944,,,1
G233,G67,Directed,2945,,,1
G233,G118,Directed,2946,,,1
G233,G142,Directed,2947,,,1
G233,G144,Directed,2948,,,1
G233,G152,Directed,2949,,,1
G233,G166,Directed,2950,,,1
G233,G176,Directed,2951,,,1
G233,G182,Directed,2952,,,1
G233,G201,Directed,2953,,,1
G233,G219,Directed,2954,,,1
G233,G229,Directed,2955,,,1
G233,G248,Directed,2956,,,1
G233,G254,Directed,2957,,,1
G233,G255,Directed,2958,,,1
G233,G258,Directed,2959,,,1
G233,G261,Directed,2960,,,1
G233,G262,Directed,2961,,,1
G233,G263,Directed,2962,,,1
G233,G274,Directed,2963,,,1
G233,G275,Directed,2964,,,1
G233,G276,Directed,2965,,,1
G233,G293,Directed,2966,,,1
G233,G296,Directed,2967,,,1
G234,G230,Directed,2968,,,1
G234,G255,Directed,2969,,,1
G235,G218,Directed,2970,,,1
G235,G230,Directed,2971,,,1
G236,G201,Directed,2972,,,1
G236,G228,Directed,2973,,,1
G237,G146,Directed,2974,,,1
G237,G162,Directed,2975,,,1
G237,G221,Directed,2976,,,1
G237,G230,Directed,2977,,,1
G237,G255,Directed,2978,,,1
G238,G230,Directed,2979,,,1
G239,G176,Directed,2980,,,1
G239,G182,Directed,2981,,,1
G239,G206,Directed,2982,,,1
G239,G216,Directed,2983,,,1
G239,G217,Directed,2984,,,1
G239,G230,Directed,2985,,,1
G239,G232,Directed,2986,,,1
G239,G255,Directed,2987,,,1
G239,G261,Directed,2988,,,1
G239,G262,Directed,2989,,,1
G240,G118,Directed,2990,,,1
G240,G177,Directed,2991,,,1
G240,G217,Directed,2992,,,1
G240,G230,Directed,2993,,,1
G240,G232,Directed,2994,,,1
G240,G255,Directed,2995,,,1
G240,G256,Directed,2996,,,1
G240,G261,Directed,2997,,,1
G241,G261,Directed,2998,,,1
G242,G166,Directed,2999,,,1
G242,G201,Directed,3000,,,1
G242,G224,Directed,3001,,,1
G242,G245,Directed,3002,,,1
G242,G248,Directed,3003,,,1
G242,G251,Directed,3004,,,1
G242,G261,Directed,3005,,,1
G243,G162,Directed,3006,,,1
G243,G221,Directed,3007,,,1
G243,G230,Directed,3008,,,1
G244,G248,Directed,3009,,,1
G245,G47,Directed,3010,,,1
G245,G65,Directed,3011,,,1
G245,G144,Directed,3012,,,1
G245,G166,Directed,3013,,,1
G245,G183,Directed,3014,,,1
G245,G197,Directed,3015,,,1
G245,G201,Directed,3016,,,1
G245,G203,Directed,3017,,,1
G245,G213,Directed,3018,,,1
G245,G219,Directed,3019,,,1
G245,G242,Directed,3020,,,1
G245,G246,Directed,3021,,,1
G245,G248,Directed,3022,,,1
G245,G253,Directed,3023,,,1
G245,G258,Directed,3024,,,1
G245,G261,Directed,3025,,,1
G245,G263,Directed,3026,,,1
G246,G47,Directed,3027,,,1
G246,G65,Directed,3028,,,1
G246,G67,Directed,3029,,,1
G246,G118,Directed,3030,,,1
G246,G144,Directed,3031,,,1
G246,G166,Directed,3032,,,1
G246,G169,Directed,3033,,,1
G246,G182,Directed,3034,,,1
G246,G183,Directed,3035,,,1
G246,G197,Directed,3036,,,1
G246,G201,Directed,3037,,,1
G246,G203,Directed,3038,,,1
G246,G213,Directed,3039,,,1
G246,G219,Directed,3040,,,1
G246,G245,Directed,3041,,,1
G246,G250,Directed,3042,,,1
G246,G253,Directed,3043,,,1
G246,G255,Directed,3044,,,1
G246,G258,Directed,3045,,,1
G246,G261,Directed,3046,,,1
G246,G263,Directed,3047,,,1
G246,G293,Directed,3048,,,1
G246,G313,Directed,3049,,,1
G247,G261,Directed,3050,,,1
G248,G8,Directed,3051,,,1
G248,G47,Directed,3052,,,1
G248,G65,Directed,3053,,,1
G248,G67,Directed,3054,,,1
G248,G83,Directed,3055,,,1
G248,G94,Directed,3056,,,1
G248,G109,Directed,3057,,,1
G248,G112,Directed,3058,,,1
G248,G118,Directed,3059,,,1
G248,G131,Directed,3060,,,1
G248,G144,Directed,3061,,,1
G248,G147,Directed,3062,,,1
G248,G150,Directed,3063,,,1
G248,G152,Directed,3064,,,1
G248,G153,Directed,3065,,,1
G248,G159,Directed,3066,,,1
G248,G161,Directed,3067,,,1
G248,G162,Directed,3068,,,1
G248,G166,Directed,3069,,,1
G248,G167,Directed,3070,,,1
G248,G168,Directed,3071,,,1
G248,G169,Directed,3072,,,1
G248,G172,Directed,3073,,,1
G248,G173,Directed,3074,,,1
G248,G174,Directed,3075,,,1
G248,G176,Directed,3076,,,1
G248,G177,Directed,3077,,,1
G248,G182,Directed,3078,,,1
G248,G183,Directed,3079,,,1
G248,G197,Directed,3080,,,1
G248,G201,Directed,3081,,,1
G248,G203,Directed,3082,,,1
G248,G213,Directed,3083,,,1
G248,G214,Directed,3084,,,1
G248,G217,Directed,3085,,,1
G248,G219,Directed,3086,,,1
G248,G230,Directed,3087,,,1
G248,G232,Directed,3088,,,1
G248,G233,Directed,3089,,,1
G248,G242,Directed,3090,,,1
G248,G244,Directed,3091,,,1
G248,G245,Directed,3092,,,1
G248,G250,Directed,3093,,,1
G248,G253,Directed,3094,,,1
G248,G255,Directed,3095,,,1
G248,G258,Directed,3096,,,1
G248,G261,Directed,3097,,,1
G248,G263,Directed,3098,,,1
G248,G274,Directed,3099,,,1
G248,G276,Directed,3100,,,1
G248,G292,Directed,3101,,,1
G248,G293,Directed,3102,,,1
G248,G299,Directed,3103,,,1
G248,G301,Directed,3104,,,1
G248,G311,Directed,3105,,,1
G248,G313,Directed,3106,,,1
G248,G316,Directed,3107,,,1
G248,G318,Directed,3108,,,1
G248,G331,Directed,3109,,,1
G249,G118,Directed,3110,,,1
G249,G147,Directed,3111,,,1
G249,G162,Directed,3112,,,1
G249,G218,Directed,3113,,,1
G249,G221,Directed,3114,,,1
G249,G230,Directed,3115,,,1
G249,G255,Directed,3116,,,1
G249,G259,Directed,3117,,,1
G249,G260,Directed,3118,,,1
G250,G118,Directed,3119,,,1
G250,G144,Directed,3120,,,1
G250,G166,Directed,3121,,,1
G250,G182,Directed,3122,,,1
G250,G197,Directed,3123,,,1
G250,G201,Directed,3124,,,1
G250,G203,Directed,3125,,,1
G250,G219,Directed,3126,,,1
G250,G246,Directed,3127,,,1
G250,G248,Directed,3128,,,1
G250,G258,Directed,3129,,,1
G250,G261,Directed,3130,,,1
G250,G263,Directed,3131,,,1
G250,G274,Directed,3132,,,1
G251,G166,Directed,3133,,,1
G251,G197,Directed,3134,,,1
G251,G201,Directed,3135,,,1
G251,G203,Directed,3136,,,1
G251,G242,Directed,3137,,,1
G251,G258,Directed,3138,,,1
G251,G261,Directed,3139,,,1
G252,G152,Directed,3140,,,1
G252,G162,Directed,3141,,,1
G252,G221,Directed,3142,,,1
G252,G230,Directed,3143,,,1
G253,G47,Directed,3144,,,1
G253,G65,Directed,3145,,,1
G253,G67,Directed,3146,,,1
G253,G112,Directed,3147,,,1
G253,G118,Directed,3148,,,1
G253,G144,Directed,3149,,,1
G253,G166,Directed,3150,,,1
G253,G182,Directed,3151,,,1
G253,G183,Directed,3152,,,1
G253,G197,Directed,3153,,,1
G253,G201,Directed,3154,,,1
G253,G203,Directed,3155,,,1
G253,G213,Directed,3156,,,1
G253,G219,Directed,3157,,,1
G253,G245,Directed,3158,,,1
G253,G246,Directed,3159,,,1
G253,G248,Directed,3160,,,1
G253,G255,Directed,3161,,,1
G253,G258,Directed,3162,,,1
G253,G261,Directed,3163,,,1
G253,G263,Directed,3164,,,1
G253,G293,Directed,3165,,,1
G254,G229,Directed,3166,,,1
G254,G233,Directed,3167,,,1
G254,G261,Directed,3168,,,1
G254,G262,Directed,3169,,,1
G254,G276,Directed,3170,,,1
G254,G288,Directed,3171,,,1
G255,G47,Directed,3172,,,1
G255,G65,Directed,3173,,,1
G255,G67,Directed,3174,,,1
G255,G91,Directed,3175,,,1
G255,G92,Directed,3176,,,1
G255,G94,Directed,3177,,,1
G255,G95,Directed,3178,,,1
G255,G101,Directed,3179,,,1
G255,G109,Directed,3180,,,1
G255,G112,Directed,3181,,,1
G255,G118,Directed,3182,,,1
G255,G119,Directed,3183,,,1
G255,G123,Directed,3184,,,1
G255,G125,Directed,3185,,,1
G255,G127,Directed,3186,,,1
G255,G129,Directed,3187,,,1
G255,G131,Directed,3188,,,1
G255,G132,Directed,3189,,,1
G255,G133,Directed,3190,,,1
G255,G137,Directed,3191,,,1
G255,G144,Directed,3192,,,1
G255,G146,Directed,3193,,,1
G255,G147,Directed,3194,,,1
G255,G149,Directed,3195,,,1
G255,G150,Directed,3196,,,1
G255,G152,Directed,3197,,,1
G255,G157,Directed,3198,,,1
G255,G159,Directed,3199,,,1
G255,G161,Directed,3200,,,1
G255,G162,Directed,3201,,,1
G255,G166,Directed,3202,,,1
G255,G167,Directed,3203,,,1
G255,G172,Directed,3204,,,1
G255,G174,Directed,3205,,,1
G255,G176,Directed,3206,,,1
G255,G177,Directed,3207,,,1
G255,G179,Directed,3208,,,1
G255,G182,Directed,3209,,,1
G255,G184,Directed,3210,,,1
G255,G189,Directed,3211,,,1
G255,G192,Directed,3212,,,1
G255,G201,Directed,3213,,,1
G255,G202,Directed,3214,,,1
G255,G212,Directed,3215,,,1
G255,G215,Directed,3216,,,1
G255,G216,Directed,3217,,,1
G255,G217,Directed,3218,,,1
G255,G218,Directed,3219,,,1
G255,G219,Directed,3220,,,1
G255,G221,Directed,3221,,,1
G255,G222,Directed,3222,,,1
G255,G223,Directed,3223,,,1
G255,G225,Directed,3224,,,1
G255,G230,Directed,3225,,,1
G255,G232,Directed,3226,,,1
G255,G233,Directed,3227,,,1
G255,G234,Directed,3228,,,1
G255,G237,Directed,3229,,,1
G255,G239,Directed,3230,,,1
G255,G240,Directed,3231,,,1
G255,G246,Directed,3232,,,1
G255,G248,Directed,3233,,,1
G255,G249,Directed,3234,,,1
G255,G253,Directed,3235,,,1
G255,G256,Directed,3236,,,1
G255,G258,Directed,3237,,,1
G255,G259,Directed,3238,,,1
G255,G260,Directed,3239,,,1
G255,G261,Directed,3240,,,1
G255,G263,Directed,3241,,,1
G255,G265,Directed,3242,,,1
G255,G266,Directed,3243,,,1
G255,G267,Directed,3244,,,1
G255,G271,Directed,3245,,,1
G255,G272,Directed,3246,,,1
G255,G273,Directed,3247,,,1
G255,G276,Directed,3248,,,1
G255,G281,Directed,3249,,,1
G255,G283,Directed,3250,,,1
G255,G284,Directed,3251,,,1
G255,G286,Directed,3252,,,1
G255,G287,Directed,3253,,,1
G255,G288,Directed,3254,,,1
G255,G289,Directed,3255,,,1
G255,G292,Directed,3256,,,1
G255,G293,Directed,3257,,,1
G255,G295,Directed,3258,,,1
G255,G296,Directed,3259,,,1
G255,G297,Directed,3260,,,1
G255,G298,Directed,3261,,,1
G255,G299,Directed,3262,,,1
G255,G300,Directed,3263,,,1
G255,G301,Directed,3264,,,1
G255,G305,Directed,3265,,,1
G255,G306,Directed,3266,,,1
G255,G307,Directed,3267,,,1
G255,G310,Directed,3268,,,1
G255,G311,Directed,3269,,,1
G255,G313,Directed,3270,,,1
G255,G321,Directed,3271,,,1
G255,G322,Directed,3272,,,1
G256,G118,Directed,3273,,,1
G256,G152,Directed,3274,,,1
G256,G176,Directed,3275,,,1
G256,G182,Directed,3276,,,1
G256,G189,Directed,3277,,,1
G256,G217,Directed,3278,,,1
G256,G230,Directed,3279,,,1
G256,G232,Directed,3280,,,1
G256,G240,Directed,3281,,,1
G256,G255,Directed,3282,,,1
G256,G261,Directed,3283,,,1
G256,G267,Directed,3284,,,1
G256,G271,Directed,3285,,,1
G256,G272,Directed,3286,,,1
G256,G292,Directed,3287,,,1
G256,G296,Directed,3288,,,1
G256,G299,Directed,3289,,,1
G257,G261,Directed,3290,,,1
G258,G47,Directed,3291,,,1
G258,G65,Directed,3292,,,1
G258,G67,Directed,3293,,,1
G258,G94,Directed,3294,,,1
G258,G109,Directed,3295,,,1
G258,G112,Directed,3296,,,1
G258,G118,Directed,3297,,,1
G258,G120,Directed,3298,,,1
G258,G128,Directed,3299,,,1
G258,G130,Directed,3300,,,1
G258,G131,Directed,3301,,,1
G258,G133,Directed,3302,,,1
G258,G144,Directed,3303,,,1
G258,G147,Directed,3304,,,1
G258,G150,Directed,3305,,,1
G258,G152,Directed,3306,,,1
G258,G159,Directed,3307,,,1
G258,G162,Directed,3308,,,1
G258,G166,Directed,3309,,,1
G258,G167,Directed,3310,,,1
G258,G168,Directed,3311,,,1
G258,G169,Directed,3312,,,1
G258,G172,Directed,3313,,,1
G258,G174,Directed,3314,,,1
G258,G176,Directed,3315,,,1
G258,G177,Directed,3316,,,1
G258,G181,Directed,3317,,,1
G258,G182,Directed,3318,,,1
G258,G183,Directed,3319,,,1
G258,G197,Directed,3320,,,1
G258,G198,Directed,3321,,,1
G258,G201,Directed,3322,,,1
G258,G203,Directed,3323,,,1
G258,G208,Directed,3324,,,1
G258,G216,Directed,3325,,,1
G258,G217,Directed,3326,,,1
G258,G219,Directed,3327,,,1
G258,G225,Directed,3328,,,1
G258,G230,Directed,3329,,,1
G258,G231,Directed,3330,,,1
G258,G232,Directed,3331,,,1
G258,G233,Directed,3332,,,1
G258,G245,Directed,3333,,,1
G258,G246,Directed,3334,,,1
G258,G248,Directed,3335,,,1
G258,G250,Directed,3336,,,1
G258,G251,Directed,3337,,,1
G258,G253,Directed,3338,,,1
G258,G255,Directed,3339,,,1
G258,G261,Directed,3340,,,1
G258,G263,Directed,3341,,,1
G258,G264,Directed,3342,,,1
G258,G274,Directed,3343,,,1
G258,G276,Directed,3344,,,1
G258,G288,Directed,3345,,,1
G258,G293,Directed,3346,,,1
G258,G296,Directed,3347,,,1
G258,G297,Directed,3348,,,1
G258,G299,Directed,3349,,,1
G258,G313,Directed,3350,,,1
G259,G230,Directed,3351,,,1
G259,G249,Directed,3352,,,1
G259,G255,Directed,3353,,,1
G259,G273,Directed,3354,,,1
G260,G118,Directed,3355,,,1
G260,G146,Directed,3356,,,1
G260,G147,Directed,3357,,,1
G260,G177,Directed,3358,,,1
G260,G179,Directed,3359,,,1
G260,G221,Directed,3360,,,1
G260,G230,Directed,3361,,,1
G260,G249,Directed,3362,,,1
G260,G255,Directed,3363,,,1
G260,G273,Directed,3364,,,1
G260,G284,Directed,3365,,,1
G261,G47,Directed,3366,,,1
G261,G65,Directed,3367,,,1
G261,G67,Directed,3368,,,1
G261,G81,Directed,3369,,,1
G261,G85,Directed,3370,,,1
G261,G94,Directed,3371,,,1
G261,G109,Directed,3372,,,1
G261,G112,Directed,3373,,,1
G261,G118,Directed,3374,,,1
G261,G119,Directed,3375,,,1
G261,G123,Directed,3376,,,1
G261,G128,Directed,3377,,,1
G261,G131,Directed,3378,,,1
G261,G133,Directed,3379,,,1
G261,G142,Directed,3380,,,1
G261,G144,Directed,3381,,,1
G261,G146,Directed,3382,,,1
G261,G147,Directed,3383,,,1
G261,G150,Directed,3384,,,1
G261,G152,Directed,3385,,,1
G261,G153,Directed,3386,,,1
G261,G159,Directed,3387,,,1
G261,G161,Directed,3388,,,1
G261,G162,Directed,3389,,,1
G261,G166,Directed,3390,,,1
G261,G167,Directed,3391,,,1
G261,G168,Directed,3392,,,1
G261,G169,Directed,3393,,,1
G261,G172,Directed,3394,,,1
G261,G173,Directed,3395,,,1
G261,G174,Directed,3396,,,1
G261,G176,Directed,3397,,,1
G261,G177,Directed,3398,,,1
G261,G179,Directed,3399,,,1
G261,G181,Directed,3400,,,1
G261,G182,Directed,3401,,,1
G261,G183,Directed,3402,,,1
G261,G184,Directed,3403,,,1
G261,G189,Directed,3404,,,1
G261,G197,Directed,3405,,,1
G261,G198,Directed,3406,,,1
G261,G201,Directed,3407,,,1
G261,G202,Directed,3408,,,1
G261,G203,Directed,3409,,,1
G261,G206,Directed,3410,,,1
G261,G212,Directed,3411,,,1
G261,G213,Directed,3412,,,1
G261,G216,Directed,3413,,,1
G261,G217,Directed,3414,,,1
G261,G218,Directed,3415,,,1
G261,G219,Directed,3416,,,1
G261,G220,Directed,3417,,,1
G261,G221,Directed,3418,,,1
G261,G222,Directed,3419,,,1
G261,G224,Directed,3420,,,1
G261,G225,Directed,3421,,,1
G261,G226,Directed,3422,,,1
G261,G229,Directed,3423,,,1
G261,G230,Directed,3424,,,1
G261,G232,Directed,3425,,,1
G261,G233,Directed,3426,,,1
G261,G239,Directed,3427,,,1
G261,G240,Directed,3428,,,1
G261,G241,Directed,3429,,,1
G261,G242,Directed,3430,,,1
G261,G245,Directed,3431,,,1
G261,G246,Directed,3432,,,1
G261,G247,Directed,3433,,,1
G261,G248,Directed,3434,,,1
G261,G250,Directed,3435,,,1
G261,G251,Directed,3436,,,1
G261,G253,Directed,3437,,,1
G261,G254,Directed,3438,,,1
G261,G255,Directed,3439,,,1
G261,G256,Directed,3440,,,1
G261,G257,Directed,3441,,,1
G261,G258,Directed,3442,,,1
G261,G263,Directed,3443,,,1
G261,G266,Directed,3444,,,1
G261,G267,Directed,3445,,,1
G261,G268,Directed,3446,,,1
G261,G269,Directed,3447,,,1
G261,G270,Directed,3448,,,1
G261,G271,Directed,3449,,,1
G261,G273,Directed,3450,,,1
G261,G274,Directed,3451,,,1
G261,G275,Directed,3452,,,1
G261,G276,Directed,3453,,,1
G261,G277,Directed,3454,,,1
G261,G278,Directed,3455,,,1
G261,G279,Directed,3456,,,1
G261,G280,Directed,3457,,,1
G261,G281,Directed,3458,,,1
G261,G282,Directed,3459,,,1
G261,G283,Directed,3460,,,1
G261,G284,Directed,3461,,,1
G261,G286,Directed,3462,,,1
G261,G288,Directed,3463,,,1
G261,G290,Directed,3464,,,1
G261,G291,Directed,3465,,,1
G261,G292,Directed,3466,,,1
G261,G293,Directed,3467,,,1
G261,G294,Directed,3468,,,1
G261,G296,Directed,3469,,,1
G261,G297,Directed,3470,,,1
G261,G299,Directed,3471,,,1
G261,G301,Directed,3472,,,1
G261,G303,Directed,3473,,,1
G261,G304,Directed,3474,,,1
G261,G305,Directed,3475,,,1
G261,G306,Directed,3476,,,1
G261,G307,Directed,3477,,,1
G261,G308,Directed,3478,,,1
G261,G309,Directed,3479,,,1
G261,G310,Directed,3480,,,1
G261,G311,Directed,3481,,,1
G261,G313,Directed,3482,,,1
G261,G321,Directed,3483,,,1
G262,G216,Directed,3484,,,1
G262,G225,Directed,3485,,,1
G262,G229,Directed,3486,,,1
G262,G233,Directed,3487,,,1
G262,G239,Directed,3488,,,1
G262,G254,Directed,3489,,,1
G262,G275,Directed,3490,,,1
G262,G276,Directed,3491,,,1
G262,G288,Directed,3492,,,1
G262,G292,Directed,3493,,,1
G262,G293,Directed,3494,,,1
G262,G296,Directed,3495,,,1
G262,G297,Directed,3496,,,1
G263,G47,Directed,3497,,,1
G263,G65,Directed,3498,,,1
G263,G67,Directed,3499,,,1
G263,G94,Directed,3500,,,1
G263,G112,Directed,3501,,,1
G263,G118,Directed,3502,,,1
G263,G144,Directed,3503,,,1
G263,G150,Directed,3504,,,1
G263,G152,Directed,3505,,,1
G263,G166,Directed,3506,,,1
G263,G169,Directed,3507,,,1
G263,G172,Directed,3508,,,1
G263,G176,Directed,3509,,,1
G263,G177,Directed,3510,,,1
G263,G182,Directed,3511,,,1
G263,G183,Directed,3512,,,1
G263,G197,Directed,3513,,,1
G263,G201,Directed,3514,,,1
G263,G203,Directed,3515,,,1
G263,G213,Directed,3516,,,1
G263,G217,Directed,3517,,,1
G263,G219,Directed,3518,,,1
G263,G230,Directed,3519,,,1
G263,G233,Directed,3520,,,1
G263,G245,Directed,3521,,,1
G263,G246,Directed,3522,,,1
G263,G248,Directed,3523,,,1
G263,G250,Directed,3524,,,1
G263,G253,Directed,3525,,,1
G263,G255,Directed,3526,,,1
G263,G258,Directed,3527,,,1
G263,G261,Directed,3528,,,1
G263,G276,Directed,3529,,,1
G263,G293,Directed,3530,,,1
G263,G311,Directed,3531,,,1
G263,G313,Directed,3532,,,1
G264,G258,Directed,3533,,,1
G265,G255,Directed,3534,,,1
G266,G255,Directed,3535,,,1
G266,G261,Directed,3536,,,1
G266,G267,Directed,3537,,,1
G266,G271,Directed,3538,,,1
G266,G272,Directed,3539,,,1
G266,G281,Directed,3540,,,1
G266,G286,Directed,3541,,,1
G267,G255,Directed,3542,,,1
G267,G256,Directed,3543,,,1
G267,G261,Directed,3544,,,1
G267,G266,Directed,3545,,,1
G267,G271,Directed,3546,,,1
G267,G281,Directed,3547,,,1
G267,G283,Directed,3548,,,1
G268,G261,Directed,3549,,,1
G269,G261,Directed,3550,,,1
G269,G270,Directed,3551,,,1
G270,G261,Directed,3552,,,1
G270,G269,Directed,3553,,,1
G271,G176,Directed,3554,,,1
G271,G217,Directed,3555,,,1
G271,G255,Directed,3556,,,1
G271,G256,Directed,3557,,,1
G271,G261,Directed,3558,,,1
G271,G266,Directed,3559,,,1
G271,G267,Directed,3560,,,1
G271,G281,Directed,3561,,,1
G271,G283,Directed,3562,,,1
G272,G230,Directed,3563,,,1
G272,G255,Directed,3564,,,1
G272,G256,Directed,3565,,,1
G272,G266,Directed,3566,,,1
G272,G283,Directed,3567,,,1
G273,G109,Directed,3568,,,1
G273,G118,Directed,3569,,,1
G273,G123,Directed,3570,,,1
G273,G147,Directed,3571,,,1
G273,G162,Directed,3572,,,1
G273,G174,Directed,3573,,,1
G273,G177,Directed,3574,,,1
G273,G221,Directed,3575,,,1
G273,G230,Directed,3576,,,1
G273,G255,Directed,3577,,,1
G273,G259,Directed,3578,,,1
G273,G260,Directed,3579,,,1
G273,G261,Directed,3580,,,1
G273,G284,Directed,3581,,,1
G273,G299,Directed,3582,,,1
G273,G322,Directed,3583,,,1
G273,G325,Directed,3584,,,1
G274,G67,Directed,3585,,,1
G274,G118,Directed,3586,,,1
G274,G144,Directed,3587,,,1
G274,G166,Directed,3588,,,1
G274,G182,Directed,3589,,,1
G274,G219,Directed,3590,,,1
G274,G229,Directed,3591,,,1
G274,G233,Directed,3592,,,1
G274,G248,Directed,3593,,,1
G274,G250,Directed,3594,,,1
G274,G258,Directed,3595,,,1
G274,G261,Directed,3596,,,1
G274,G293,Directed,3597,,,1
G275,G233,Directed,3598,,,1
G275,G261,Directed,3599,,,1
G275,G262,Directed,3600,,,1
G275,G276,Directed,3601,,,1
G275,G288,Directed,3602,,,1
G275,G296,Directed,3603,,,1
G276,G118,Directed,3604,,,1
G276,G166,Directed,3605,,,1
G276,G201,Directed,3606,,,1
G276,G219,Directed,3607,,,1
G276,G233,Directed,3608,,,1
G276,G248,Directed,3609,,,1
G276,G254,Directed,3610,,,1
G276,G255,Directed,3611,,,1
G276,G258,Directed,3612,,,1
G276,G261,Directed,3613,,,1
G276,G262,Directed,3614,,,1
G276,G263,Directed,3615,,,1
G276,G275,Directed,3616,,,1
G276,G288,Directed,3617,,,1
G276,G293,Directed,3618,,,1
G276,G296,Directed,3619,,,1
G276,G297,Directed,3620,,,1
G277,G261,Directed,3621,,,1
G278,G261,Directed,3622,,,1
G279,G261,Directed,3623,,,1
G280,G261,Directed,3624,,,1
G281,G217,Directed,3625,,,1
G281,G230,Directed,3626,,,1
G281,G255,Directed,3627,,,1
G281,G261,Directed,3628,,,1
G281,G266,Directed,3629,,,1
G281,G267,Directed,3630,,,1
G281,G271,Directed,3631,,,1
G281,G283,Directed,3632,,,1
G281,G286,Directed,3633,,,1
G281,G293,Directed,3634,,,1
G282,G261,Directed,3635,,,1
G283,G217,Directed,3636,,,1
G283,G232,Directed,3637,,,1
G283,G255,Directed,3638,,,1
G283,G261,Directed,3639,,,1
G283,G267,Directed,3640,,,1
G283,G271,Directed,3641,,,1
G283,G272,Directed,3642,,,1
G283,G281,Directed,3643,,,1
G283,G293,Directed,3644,,,1
G284,G118,Directed,3645,,,1
G284,G146,Directed,3646,,,1
G284,G147,Directed,3647,,,1
G284,G152,Directed,3648,,,1
G284,G162,Directed,3649,,,1
G284,G174,Directed,3650,,,1
G284,G176,Directed,3651,,,1
G284,G182,Directed,3652,,,1
G284,G217,Directed,3653,,,1
G284,G221,Directed,3654,,,1
G284,G230,Directed,3655,,,1
G284,G255,Directed,3656,,,1
G284,G260,Directed,3657,,,1
G284,G261,Directed,3658,,,1
G284,G273,Directed,3659,,,1
G284,G286,Directed,3660,,,1
G284,G293,Directed,3661,,,1
G284,G298,Directed,3662,,,1
G284,G299,Directed,3663,,,1
G284,G300,Directed,3664,,,1
G284,G306,Directed,3665,,,1
G284,G311,Directed,3666,,,1
G285,G232,Directed,3667,,,1
G286,G217,Directed,3668,,,1
G286,G230,Directed,3669,,,1
G286,G255,Directed,3670,,,1
G286,G261,Directed,3671,,,1
G286,G266,Directed,3672,,,1
G286,G281,Directed,3673,,,1
G286,G284,Directed,3674,,,1
G286,G293,Directed,3675,,,1
G286,G299,Directed,3676,,,1
G286,G301,Directed,3677,,,1
G287,G230,Directed,3678,,,1
G287,G255,Directed,3679,,,1
G287,G299,Directed,3680,,,1
G287,G301,Directed,3681,,,1
G287,G311,Directed,3682,,,1
G288,G118,Directed,3683,,,1
G288,G152,Directed,3684,,,1
G288,G162,Directed,3685,,,1
G288,G166,Directed,3686,,,1
G288,G203,Directed,3687,,,1
G288,G230,Directed,3688,,,1
G288,G232,Directed,3689,,,1
G288,G254,Directed,3690,,,1
G288,G255,Directed,3691,,,1
G288,G258,Directed,3692,,,1
G288,G261,Directed,3693,,,1
G288,G262,Directed,3694,,,1
G288,G275,Directed,3695,,,1
G288,G276,Directed,3696,,,1
G288,G293,Directed,3697,,,1
G288,G296,Directed,3698,,,1
G288,G297,Directed,3699,,,1
G288,G308,Directed,3700,,,1
G289,G255,Directed,3701,,,1
G290,G261,Directed,3702,,,1
G290,G293,Directed,3703,,,1
G291,G261,Directed,3704,,,1
G292,G67,Directed,3705,,,1
G292,G112,Directed,3706,,,1
G292,G118,Directed,3707,,,1
G292,G131,Directed,3708,,,1
G292,G144,Directed,3709,,,1
G292,G146,Directed,3710,,,1
G292,G147,Directed,3711,,,1
G292,G150,Directed,3712,,,1
G292,G152,Directed,3713,,,1
G292,G162,Directed,3714,,,1
G292,G166,Directed,3715,,,1
G292,G167,Directed,3716,,,1
G292,G174,Directed,3717,,,1
G292,G176,Directed,3718,,,1
G292,G177,Directed,3719,,,1
G292,G179,Directed,3720,,,1
G292,G182,Directed,3721,,,1
G292,G201,Directed,3722,,,1
G292,G217,Directed,3723,,,1
G292,G230,Directed,3724,,,1
G292,G232,Directed,3725,,,1
G292,G248,Directed,3726,,,1
G292,G255,Directed,3727,,,1
G292,G256,Directed,3728,,,1
G292,G261,Directed,3729,,,1
G292,G262,Directed,3730,,,1
G292,G293,Directed,3731,,,1
G292,G296,Directed,3732,,,1
G292,G297,Directed,3733,,,1
G292,G299,Directed,3734,,,1
G292,G301,Directed,3735,,,1
G292,G310,Directed,3736,,,1
G292,G311,Directed,3737,,,1
G293,G47,Directed,3738,,,1
G293,G65,Directed,3739,,,1
G293,G67,Directed,3740,,,1
G293,G109,Directed,3741,,,1
G293,G112,Directed,3742,,,1
G293,G118,Directed,3743,,,1
G293,G131,Directed,3744,,,1
G293,G133,Directed,3745,,,1
G293,G142,Directed,3746,,,1
G293,G144,Directed,3747,,,1
G293,G146,Directed,3748,,,1
G293,G147,Directed,3749,,,1
G293,G152,Directed,3750,,,1
G293,G153,Directed,3751,,,1
G293,G159,Directed,3752,,,1
G293,G162,Directed,3753,,,1
G293,G166,Directed,3754,,,1
G293,G167,Directed,3755,,,1
G293,G172,Directed,3756,,,1
G293,G174,Directed,3757,,,1
G293,G177,Directed,3758,,,1
G293,G179,Directed,3759,,,1
G293,G182,Directed,3760,,,1
G293,G183,Directed,3761,,,1
G293,G184,Directed,3762,,,1
G293,G201,Directed,3763,,,1
G293,G203,Directed,3764,,,1
G293,G216,Directed,3765,,,1
G293,G217,Directed,3766,,,1
G293,G219,Directed,3767,,,1
G293,G225,Directed,3768,,,1
G293,G230,Directed,3769,,,1
G293,G233,Directed,3770,,,1
G293,G246,Directed,3771,,,1
G293,G248,Directed,3772,,,1
G293,G253,Directed,3773,,,1
G293,G255,Directed,3774,,,1
G293,G258,Directed,3775,,,1
G293,G261,Directed,3776,,,1
G293,G262,Directed,3777,,,1
G293,G263,Directed,3778,,,1
G293,G274,Directed,3779,,,1
G293,G276,Directed,3780,,,1
G293,G281,Directed,3781,,,1
G293,G283,Directed,3782,,,1
G293,G284,Directed,3783,,,1
G293,G286,Directed,3784,,,1
G293,G288,Directed,3785,,,1
G293,G290,Directed,3786,,,1
G293,G292,Directed,3787,,,1
G293,G296,Directed,3788,,,1
G293,G297,Directed,3789,,,1
G293,G299,Directed,3790,,,1
G293,G301,Directed,3791,,,1
G293,G303,Directed,3792,,,1
G293,G305,Directed,3793,,,1
G293,G306,Directed,3794,,,1
G293,G307,Directed,3795,,,1
G293,G308,Directed,3796,,,1
G293,G309,Directed,3797,,,1
G293,G310,Directed,3798,,,1
G293,G311,Directed,3799,,,1
G294,G261,Directed,3800,,,1
G295,G230,Directed,3801,,,1
G295,G255,Directed,3802,,,1
G296,G67,Directed,3803,,,1
G296,G112,Directed,3804,,,1
G296,G118,Directed,3805,,,1
G296,G123,Directed,3806,,,1
G296,G150,Directed,3807,,,1
G296,G166,Directed,3808,,,1
G296,G176,Directed,3809,,,1
G296,G182,Directed,3810,,,1
G296,G216,Directed,3811,,,1
G296,G217,Directed,3812,,,1
G296,G225,Directed,3813,,,1
G296,G232,Directed,3814,,,1
G296,G233,Directed,3815,,,1
G296,G255,Directed,3816,,,1
G296,G256,Directed,3817,,,1
G296,G258,Directed,3818,,,1
G296,G261,Directed,3819,,,1
G296,G262,Directed,3820,,,1
G296,G275,Directed,3821,,,1
G296,G276,Directed,3822,,,1
G296,G288,Directed,3823,,,1
G296,G292,Directed,3824,,,1
G296,G293,Directed,3825,,,1
G296,G297,Directed,3826,,,1
G296,G303,Directed,3827,,,1
G296,G308,Directed,3828,,,1
G296,G311,Directed,3829,,,1
G297,G118,Directed,3830,,,1
G297,G144,Directed,3831,,,1
G297,G152,Directed,3832,,,1
G297,G166,Directed,3833,,,1
G297,G182,Directed,3834,,,1
G297,G217,Directed,3835,,,1
G297,G219,Directed,3836,,,1
G297,G230,Directed,3837,,,1
G297,G232,Directed,3838,,,1
G297,G255,Directed,3839,,,1
G297,G258,Directed,3840,,,1
G297,G261,Directed,3841,,,1
G297,G262,Directed,3842,,,1
G297,G276,Directed,3843,,,1
G297,G288,Directed,3844,,,1
G297,G292,Directed,3845,,,1
G297,G293,Directed,3846,,,1
G297,G296,Directed,3847,,,1
G297,G308,Directed,3848,,,1
G298,G147,Directed,3849,,,1
G298,G221,Directed,3850,,,1
G298,G230,Directed,3851,,,1
G298,G255,Directed,3852,,,1
G298,G284,Directed,3853,,,1
G298,G299,Directed,3854,,,1
G298,G300,Directed,3855,,,1
G299,G67,Directed,3856,,,1
G299,G92,Directed,3857,,,1
G299,G94,Directed,3858,,,1
G299,G95,Directed,3859,,,1
G299,G109,Directed,3860,,,1
G299,G112,Directed,3861,,,1
G299,G118,Directed,3862,,,1
G299,G119,Directed,3863,,,1
G299,G123,Directed,3864,,,1
G299,G125,Directed,3865,,,1
G299,G131,Directed,3866,,,1
G299,G143,Directed,3867,,,1
G299,G144,Directed,3868,,,1
G299,G146,Directed,3869,,,1
G299,G147,Directed,3870,,,1
G299,G150,Directed,3871,,,1
G299,G152,Directed,3872,,,1
G299,G159,Directed,3873,,,1
G299,G161,Directed,3874,,,1
G299,G162,Directed,3875,,,1
G299,G166,Directed,3876,,,1
G299,G167,Directed,3877,,,1
G299,G172,Directed,3878,,,1
G299,G174,Directed,3879,,,1
G299,G176,Directed,3880,,,1
G299,G177,Directed,3881,,,1
G299,G179,Directed,3882,,,1
G299,G182,Directed,3883,,,1
G299,G201,Directed,3884,,,1
G299,G217,Directed,3885,,,1
G299,G218,Directed,3886,,,1
G299,G219,Directed,3887,,,1
G299,G221,Directed,3888,,,1
G299,G230,Directed,3889,,,1
G299,G232,Directed,3890,,,1
G299,G248,Directed,3891,,,1
G299,G255,Directed,3892,,,1
G299,G256,Directed,3893,,,1
G299,G258,Directed,3894,,,1
G299,G261,Directed,3895,,,1
G299,G273,Directed,3896,,,1
G299,G284,Directed,3897,,,1
G299,G286,Directed,3898,,,1
G299,G287,Directed,3899,,,1
G299,G292,Directed,3900,,,1
G299,G293,Directed,3901,,,1
G299,G298,Directed,3902,,,1
G299,G301,Directed,3903,,,1
G299,G305,Directed,3904,,,1
G299,G306,Directed,3905,,,1
G299,G307,Directed,3906,,,1
G299,G310,Directed,3907,,,1
G299,G311,Directed,3908,,,1
G299,G321,Directed,3909,,,1
G299,G322,Directed,3910,,,1
G299,G325,Directed,3911,,,1
G300,G147,Directed,3912,,,1
G300,G221,Directed,3913,,,1
G300,G230,Directed,3914,,,1
G300,G255,Directed,3915,,,1
G300,G284,Directed,3916,,,1
G300,G298,Directed,3917,,,1
G300,G301,Directed,3918,,,1
G300,G307,Directed,3919,,,1
G301,G67,Directed,3920,,,1
G301,G94,Directed,3921,,,1
G301,G109,Directed,3922,,,1
G301,G112,Directed,3923,,,1
G301,G118,Directed,3924,,,1
G301,G119,Directed,3925,,,1
G301,G123,Directed,3926,,,1
G301,G131,Directed,3927,,,1
G301,G146,Directed,3928,,,1
G301,G147,Directed,3929,,,1
G301,G150,Directed,3930,,,1
G301,G152,Directed,3931,,,1
G301,G159,Directed,3932,,,1
G301,G161,Directed,3933,,,1
G301,G162,Directed,3934,,,1
G301,G166,Directed,3935,,,1
G301,G167,Directed,3936,,,1
G301,G174,Directed,3937,,,1
G301,G176,Directed,3938,,,1
G301,G177,Directed,3939,,,1
G301,G179,Directed,3940,,,1
G301,G182,Directed,3941,,,1
G301,G217,Directed,3942,,,1
G301,G219,Directed,3943,,,1
G301,G221,Directed,3944,,,1
G301,G230,Directed,3945,,,1
G301,G232,Directed,3946,,,1
G301,G248,Directed,3947,,,1
G301,G255,Directed,3948,,,1
G301,G261,Directed,3949,,,1
G301,G286,Directed,3950,,,1
G301,G287,Directed,3951,,,1
G301,G292,Directed,3952,,,1
G301,G293,Directed,3953,,,1
G301,G299,Directed,3954,,,1
G301,G300,Directed,3955,,,1
G301,G305,Directed,3956,,,1
G301,G306,Directed,3957,,,1
G301,G307,Directed,3958,,,1
G301,G310,Directed,3959,,,1
G301,G311,Directed,3960,,,1
G301,G321,Directed,3961,,,1
G302,G123,Directed,3962,,,1
G302,G167,Directed,3963,,,1
G302,G310,Directed,3964,,,1
G303,G261,Directed,3965,,,1
G303,G293,Directed,3966,,,1
G303,G296,Directed,3967,,,1
G304,G261,Directed,3968,,,1
G305,G112,Directed,3969,,,1
G305,G118,Directed,3970,,,1
G305,G131,Directed,3971,,,1
G305,G146,Directed,3972,,,1
G305,G147,Directed,3973,,,1
G305,G152,Directed,3974,,,1
G305,G162,Directed,3975,,,1
G305,G174,Directed,3976,,,1
G305,G176,Directed,3977,,,1
G305,G182,Directed,3978,,,1
G305,G221,Directed,3979,,,1
G305,G230,Directed,3980,,,1
G305,G255,Directed,3981,,,1
G305,G261,Directed,3982,,,1
G305,G293,Directed,3983,,,1
G305,G299,Directed,3984,,,1
G305,G301,Directed,3985,,,1
G305,G307,Directed,3986,,,1
G305,G311,Directed,3987,,,1
G306,G109,Directed,3988,,,1
G306,G112,Directed,3989,,,1
G306,G118,Directed,3990,,,1
G306,G119,Directed,3991,,,1
G306,G131,Directed,3992,,,1
G306,G143,Directed,3993,,,1
G306,G146,Directed,3994,,,1
G306,G147,Directed,3995,,,1
G306,G150,Directed,3996,,,1
G306,G152,Directed,3997,,,1
G306,G162,Directed,3998,,,1
G306,G174,Directed,3999,,,1
G306,G176,Directed,4000,,,1
G306,G179,Directed,4001,,,1
G306,G182,Directed,4002,,,1
G306,G217,Directed,4003,,,1
G306,G221,Directed,4004,,,1
G306,G230,Directed,4005,,,1
G306,G255,Directed,4006,,,1
G306,G261,Directed,4007,,,1
G306,G284,Directed,4008,,,1
G306,G293,Directed,4009,,,1
G306,G299,Directed,4010,,,1
G306,G301,Directed,4011,,,1
G306,G307,Directed,4012,,,1
G306,G310,Directed,4013,,,1
G306,G311,Directed,4014,,,1
G307,G67,Directed,4015,,,1
G307,G109,Directed,4016,,,1
G307,G112,Directed,4017,,,1
G307,G118,Directed,4018,,,1
G307,G123,Directed,4019,,,1
G307,G131,Directed,4020,,,1
G307,G146,Directed,4021,,,1
G307,G147,Directed,4022,,,1
G307,G152,Directed,4023,,,1
G307,G162,Directed,4024,,,1
G307,G167,Directed,4025,,,1
G307,G174,Directed,4026,,,1
G307,G176,Directed,4027,,,1
G307,G179,Directed,4028,,,1
G307,G182,Directed,4029,,,1
G307,G217,Directed,4030,,,1
G307,G221,Directed,4031,,,1
G307,G230,Directed,4032,,,1
G307,G232,Directed,4033,,,1
G307,G255,Directed,4034,,,1
G307,G261,Directed,4035,,,1
G307,G293,Directed,4036,,,1
G307,G299,Directed,4037,,,1
G307,G300,Directed,4038,,,1
G307,G301,Directed,4039,,,1
G307,G305,Directed,4040,,,1
G307,G306,Directed,4041,,,1
G307,G310,Directed,4042,,,1
G307,G311,Directed,4043,,,1
G308,G261,Directed,4044,,,1
G308,G288,Directed,4045,,,1
G308,G293,Directed,4046,,,1
G308,G296,Directed,4047,,,1
G308,G297,Directed,4048,,,1
G309,G261,Directed,4049,,,1
G309,G293,Directed,4050,,,1
G310,G67,Directed,4051,,,1
G310,G94,Directed,4052,,,1
G310,G109,Directed,4053,,,1
G310,G112,Directed,4054,,,1
G310,G118,Directed,4055,,,1
G310,G119,Directed,4056,,,1
G310,G123,Directed,4057,,,1
G310,G131,Directed,4058,,,1
G310,G143,Directed,4059,,,1
G310,G146,Directed,4060,,,1
G310,G147,Directed,4061,,,1
G310,G150,Directed,4062,,,1
G310,G152,Directed,4063,,,1
G310,G162,Directed,4064,,,1
G310,G167,Directed,4065,,,1
G310,G174,Directed,4066,,,1
G310,G176,Directed,4067,,,1
G310,G177,Directed,4068,,,1
G310,G179,Directed,4069,,,1
G310,G182,Directed,4070,,,1
G310,G217,Directed,4071,,,1
G310,G221,Directed,4072,,,1
G310,G230,Directed,4073,,,1
G310,G232,Directed,4074,,,1
G310,G255,Directed,4075,,,1
G310,G261,Directed,4076,,,1
G310,G292,Directed,4077,,,1
G310,G293,Directed,4078,,,1
G310,G299,Directed,4079,,,1
G310,G301,Directed,4080,,,1
G310,G302,Directed,4081,,,1
G310,G306,Directed,4082,,,1
G310,G307,Directed,4083,,,1
G310,G311,Directed,4084,,,1
G311,G47,Directed,4085,,,1
G311,G67,Directed,4086,,,1
G311,G94,Directed,4087,,,1
G311,G109,Directed,4088,,,1
G311,G112,Directed,4089,,,1
G311,G118,Directed,4090,,,1
G311,G119,Directed,4091,,,1
G311,G131,Directed,4092,,,1
G311,G143,Directed,4093,,,1
G311,G146,Directed,4094,,,1
G311,G147,Directed,4095,,,1
G311,G150,Directed,4096,,,1
G311,G152,Directed,4097,,,1
G311,G162,Directed,4098,,,1
G311,G166,Directed,4099,,,1
G311,G167,Directed,4100,,,1
G311,G174,Directed,4101,,,1
G311,G176,Directed,4102,,,1
G311,G177,Directed,4103,,,1
G311,G179,Directed,4104,,,1
G311,G182,Directed,4105,,,1
G311,G201,Directed,4106,,,1
G311,G203,Directed,4107,,,1
G311,G217,Directed,4108,,,1
G311,G221,Directed,4109,,,1
G311,G230,Directed,4110,,,1
G311,G232,Directed,4111,,,1
G311,G248,Directed,4112,,,1
G311,G255,Directed,4113,,,1
G311,G261,Directed,4114,,,1
G311,G263,Directed,4115,,,1
G311,G284,Directed,4116,,,1
G311,G287,Directed,4117,,,1
G311,G292,Directed,4118,,,1
G311,G293,Directed,4119,,,1
G311,G296,Directed,4120,,,1
G311,G299,Directed,4121,,,1
G311,G301,Directed,4122,,,1
G311,G305,Directed,4123,,,1
G311,G306,Directed,4124,,,1
G311,G307,Directed,4125,,,1
G311,G310,Directed,4126,,,1
G311,G320,Directed,4127,,,1
G311,G321,Directed,4128,,,1
G311,G322,Directed,4129,,,1
G311,G324,Directed,4130,,,1
G311,G325,Directed,4131,,,1
G312,G313,Directed,4132,,,1
G312,G316,Directed,4133,,,1
G312,G318,Directed,4134,,,1
G313,G8,Directed,4135,,,1
G313,G47,Directed,4136,,,1
G313,G67,Directed,4137,,,1
G313,G118,Directed,4138,,,1
G313,G166,Directed,4139,,,1
G313,G182,Directed,4140,,,1
G313,G201,Directed,4141,,,1
G313,G219,Directed,4142,,,1
G313,G246,Directed,4143,,,1
G313,G248,Directed,4144,,,1
G313,G255,Directed,4145,,,1
G313,G258,Directed,4146,,,1
G313,G261,Directed,4147,,,1
G313,G263,Directed,4148,,,1
G313,G312,Directed,4149,,,1
G313,G314,Directed,4150,,,1
G313,G315,Directed,4151,,,1
G313,G316,Directed,4152,,,1
G313,G317,Directed,4153,,,1
G313,G318,Directed,4154,,,1
G313,G319,Directed,4155,,,1
G313,G326,Directed,4156,,,1
G313,G329,Directed,4157,,,1
G313,G331,Directed,4158,,,1
G314,G313,Directed,4159,,,1
G314,G316,Directed,4160,,,1
G314,G317,Directed,4161,,,1
G315,G313,Directed,4162,,,1
G315,G316,Directed,4163,,,1
G315,G317,Directed,4164,,,1
G316,G47,Directed,4165,,,1
G316,G201,Directed,4166,,,1
G316,G248,Directed,4167,,,1
G316,G312,Directed,4168,,,1
G316,G313,Directed,4169,,,1
G316,G314,Directed,4170,,,1
G316,G315,Directed,4171,,,1
G316,G317,Directed,4172,,,1
G316,G318,Directed,4173,,,1
G316,G319,Directed,4174,,,1
G317,G313,Directed,4175,,,1
G317,G314,Directed,4176,,,1
G317,G315,Directed,4177,,,1
G317,G316,Directed,4178,,,1
G318,G201,Directed,4179,,,1
G318,G248,Directed,4180,,,1
G318,G312,Directed,4181,,,1
G318,G313,Directed,4182,,,1
G318,G316,Directed,4183,,,1
G318,G319,Directed,4184,,,1
G319,G313,Directed,4185,,,1
G319,G316,Directed,4186,,,1
G319,G318,Directed,4187,,,1
G320,G147,Directed,4188,,,1
G320,G150,Directed,4189,,,1
G320,G311,Directed,4190,,,1
G320,G324,Directed,4191,,,1
G321,G109,Directed,4192,,,1
G321,G118,Directed,4193,,,1
G321,G119,Directed,4194,,,1
G321,G147,Directed,4195,,,1
G321,G150,Directed,4196,,,1
G321,G162,Directed,4197,,,1
G321,G174,Directed,4198,,,1
G321,G177,Directed,4199,,,1
G321,G182,Directed,4200,,,1
G321,G217,Directed,4201,,,1
G321,G221,Directed,4202,,,1
G321,G230,Directed,4203,,,1
G321,G255,Directed,4204,,,1
G321,G261,Directed,4205,,,1
G321,G299,Directed,4206,,,1
G321,G301,Directed,4207,,,1
G321,G311,Directed,4208,,,1
G321,G322,Directed,4209,,,1
G321,G323,Directed,4210,,,1
G321,G324,Directed,4211,,,1
G321,G325,Directed,4212,,,1
G322,G147,Directed,4213,,,1
G322,G150,Directed,4214,,,1
G322,G221,Directed,4215,,,1
G322,G255,Directed,4216,,,1
G322,G273,Directed,4217,,,1
G322,G299,Directed,4218,,,1
G322,G311,Directed,4219,,,1
G322,G321,Directed,4220,,,1
G322,G325,Directed,4221,,,1
G323,G321,Directed,4222,,,1
G324,G147,Directed,4223,,,1
G324,G150,Directed,4224,,,1
G324,G311,Directed,4225,,,1
G324,G320,Directed,4226,,,1
G324,G321,Directed,4227,,,1
G325,G147,Directed,4228,,,1
G325,G150,Directed,4229,,,1
G325,G221,Directed,4230,,,1
G325,G273,Directed,4231,,,1
G325,G299,Directed,4232,,,1
G325,G311,Directed,4233,,,1
G325,G321,Directed,4234,,,1
G325,G322,Directed,4235,,,1
G326,G313,Directed,4236,,,1
G327,G328,Directed,4237,,,1
G327,G329,Directed,4238,,,1
G327,G330,Directed,4239,,,1
G327,G332,Directed,4240,,,1
G328,G327,Directed,4241,,,1
G328,G329,Directed,4242,,,1
G329,G313,Directed,4243,,,1
G329,G327,Directed,4244,,,1
G329,G328,Directed,4245,,,1
G329,G330,Directed,4246,,,1
G330,G327,Directed,4247,,,1
G330,G329,Directed,4248,,,1
G331,G248,Directed,4249,,,1
G331,G313,Directed,4250,,,1
G332,G327,Directed,4251,,,1
