Source,Target,Type,Id,Label,timeset,Weight
G1,G2,Directed,8302,,,1
G1,G26,Directed,8303,,,1
G1,G49,Directed,8304,,,1
G1,G50,Directed,8305,,,1
G1,G51,Directed,8306,,,1
G1,G52,Directed,8307,,,1
G1,G53,Directed,8308,,,1
G1,G58,Directed,8309,,,1
G1,G70,Directed,8310,,,1
G1,G76,Directed,8311,,,1
G1,G79,Directed,8312,,,1
G1,G92,Directed,8313,,,1
G1,G95,Directed,8314,,,1
G1,G99,Directed,8315,,,1
G1,G101,Directed,8316,,,1
G1,G102,Directed,8317,,,1
G1,G111,Directed,8318,,,1
G1,G131,Directed,8319,,,1
G1,G142,Directed,8320,,,1
G1,G155,Directed,8321,,,1
G1,G156,Directed,8322,,,1
G1,G245,Directed,8323,,,1
G1,G267,Directed,8324,,,1
G1,G288,Directed,8325,,,1
G1,G296,Directed,8326,,,1
G1,G302,Directed,8327,,,1
G1,G309,Directed,8328,,,1
G1,G342,Directed,8329,,,1
G1,G374,Directed,8330,,,1
G1,G384,Directed,8331,,,1
G1,G388,Directed,8332,,,1
G1,G393,Directed,8333,,,1
G1,G402,Directed,8334,,,1
G1,G468,Directed,8335,,,1
G1,G478,Directed,8336,,,1
G1,G496,Directed,8337,,,1
G1,G526,Directed,8338,,,1
G1,G663,Directed,8339,,,1
G1,G664,Directed,8340,,,1
G1,G744,Directed,8341,,,1
G2,G1,Directed,8342,,,1
G2,G3,Directed,8343,,,1
G2,G4,Directed,8344,,,1
G2,G22,Directed,8345,,,1
G2,G26,Directed,8346,,,1
G2,G49,Directed,8347,,,1
G2,G50,Directed,8348,,,1
G2,G51,Directed,8349,,,1
G2,G52,Directed,8350,,,1
G2,G53,Directed,8351,,,1
G2,G58,Directed,8352,,,1
G2,G70,Directed,8353,,,1
G2,G76,Directed,8354,,,1
G2,G79,Directed,8355,,,1
G2,G92,Directed,8356,,,1
G2,G95,Directed,8357,,,1
G2,G99,Directed,8358,,,1
G2,G100,Directed,8359,,,1
G2,G101,Directed,8360,,,1
G2,G102,Directed,8361,,,1
G2,G111,Directed,8362,,,1
G2,G131,Directed,8363,,,1
G2,G142,Directed,8364,,,1
G2,G143,Directed,8365,,,1
G2,G150,Directed,8366,,,1
G2,G153,Directed,8367,,,1
G2,G155,Directed,8368,,,1
G2,G156,Directed,8369,,,1
G2,G166,Directed,8370,,,1
G2,G243,Directed,8371,,,1
G2,G245,Directed,8372,,,1
G2,G263,Directed,8373,,,1
G2,G265,Directed,8374,,,1
G2,G267,Directed,8375,,,1
G2,G288,Directed,8376,,,1
G2,G289,Directed,8377,,,1
G2,G296,Directed,8378,,,1
G2,G302,Directed,8379,,,1
G2,G309,Directed,8380,,,1
G2,G313,Directed,8381,,,1
G2,G342,Directed,8382,,,1
G2,G373,Directed,8383,,,1
G2,G374,Directed,8384,,,1
G2,G381,Directed,8385,,,1
G2,G384,Directed,8386,,,1
G2,G386,Directed,8387,,,1
G2,G388,Directed,8388,,,1
G2,G393,Directed,8389,,,1
G2,G402,Directed,8390,,,1
G2,G462,Directed,8391,,,1
G2,G468,Directed,8392,,,1
G2,G478,Directed,8393,,,1
G2,G488,Directed,8394,,,1
G2,G496,Directed,8395,,,1
G2,G526,Directed,8396,,,1
G2,G534,Directed,8397,,,1
G2,G663,Directed,8398,,,1
G2,G664,Directed,8399,,,1
G2,G680,Directed,8400,,,1
G2,G744,Directed,8401,,,1
G2,G749,Directed,8402,,,1
G2,G780,Directed,8403,,,1
G2,G830,Directed,8404,,,1
G2,G862,Directed,8405,,,1
G2,G1104,Directed,8406,,,1
G2,G1554,Directed,8407,,,1
G2,G1561,Directed,8408,,,1
G2,G1676,Directed,8409,,,1
G3,G2,Directed,8410,,,1
G3,G4,Directed,8411,,,1
G3,G22,Directed,8412,,,1
G3,G99,Directed,8413,,,1
G3,G101,Directed,8414,,,1
G3,G102,Directed,8415,,,1
G3,G131,Directed,8416,,,1
G3,G155,Directed,8417,,,1
G3,G243,Directed,8418,,,1
G3,G296,Directed,8419,,,1
G3,G309,Directed,8420,,,1
G3,G384,Directed,8421,,,1
G3,G388,Directed,8422,,,1
G3,G439,Directed,8423,,,1
G3,G478,Directed,8424,,,1
G3,G614,Directed,8425,,,1
G3,G643,Directed,8426,,,1
G3,G720,Directed,8427,,,1
G3,G749,Directed,8428,,,1
G4,G2,Directed,8429,,,1
G4,G3,Directed,8430,,,1
G4,G22,Directed,8431,,,1
G4,G99,Directed,8432,,,1
G4,G101,Directed,8433,,,1
G4,G102,Directed,8434,,,1
G4,G131,Directed,8435,,,1
G4,G155,Directed,8436,,,1
G4,G243,Directed,8437,,,1
G4,G296,Directed,8438,,,1
G4,G309,Directed,8439,,,1
G4,G384,Directed,8440,,,1
G4,G386,Directed,8441,,,1
G4,G388,Directed,8442,,,1
G4,G393,Directed,8443,,,1
G4,G439,Directed,8444,,,1
G4,G478,Directed,8445,,,1
G4,G614,Directed,8446,,,1
G4,G621,Directed,8447,,,1
G4,G643,Directed,8448,,,1
G4,G720,Directed,8449,,,1
G4,G749,Directed,8450,,,1
G4,G808,Directed,8451,,,1
G5,G6,Directed,8452,,,1
G5,G174,Directed,8453,,,1
G5,G292,Directed,8454,,,1
G5,G313,Directed,8455,,,1
G5,G469,Directed,8456,,,1
G5,G688,Directed,8457,,,1
G5,G1110,Directed,8458,,,1
G5,G1124,Directed,8459,,,1
G5,G1213,Directed,8460,,,1
G6,G5,Directed,8461,,,1
G6,G98,Directed,8462,,,1
G6,G109,Directed,8463,,,1
G6,G117,Directed,8464,,,1
G6,G292,Directed,8465,,,1
G6,G313,Directed,8466,,,1
G6,G420,Directed,8467,,,1
G6,G465,Directed,8468,,,1
G6,G469,Directed,8469,,,1
G6,G637,Directed,8470,,,1
G6,G688,Directed,8471,,,1
G6,G734,Directed,8472,,,1
G6,G1082,Directed,8473,,,1
G6,G1110,Directed,8474,,,1
G6,G1124,Directed,8475,,,1
G6,G1125,Directed,8476,,,1
G6,G1213,Directed,8477,,,1
G6,G1301,Directed,8478,,,1
G6,G1309,Directed,8479,,,1
G6,G1531,Directed,8480,,,1
G6,G1693,Directed,8481,,,1
G7,G8,Directed,8482,,,1
G7,G244,Directed,8483,,,1
G7,G269,Directed,8484,,,1
G7,G293,Directed,8485,,,1
G7,G307,Directed,8486,,,1
G7,G311,Directed,8487,,,1
G7,G874,Directed,8488,,,1
G7,G1012,Directed,8489,,,1
G7,G1016,Directed,8490,,,1
G7,G1027,Directed,8491,,,1
G7,G1030,Directed,8492,,,1
G7,G1138,Directed,8493,,,1
G7,G1733,Directed,8494,,,1
G8,G7,Directed,8495,,,1
G8,G244,Directed,8496,,,1
G8,G269,Directed,8497,,,1
G8,G293,Directed,8498,,,1
G8,G307,Directed,8499,,,1
G8,G311,Directed,8500,,,1
G8,G976,Directed,8501,,,1
G8,G980,Directed,8502,,,1
G8,G1012,Directed,8503,,,1
G8,G1016,Directed,8504,,,1
G8,G1027,Directed,8505,,,1
G8,G1030,Directed,8506,,,1
G8,G1036,Directed,8507,,,1
G8,G1138,Directed,8508,,,1
G8,G1232,Directed,8509,,,1
G8,G1319,Directed,8510,,,1
G8,G1733,Directed,8511,,,1
G8,G1760,Directed,8512,,,1
G9,G10,Directed,8513,,,1
G9,G21,Directed,8514,,,1
G9,G144,Directed,8515,,,1
G9,G145,Directed,8516,,,1
G9,G218,Directed,8517,,,1
G9,G975,Directed,8518,,,1
G9,G1038,Directed,8519,,,1
G9,G1154,Directed,8520,,,1
G9,G1155,Directed,8521,,,1
G9,G1192,Directed,8522,,,1
G9,G1194,Directed,8523,,,1
G9,G1195,Directed,8524,,,1
G9,G1222,Directed,8525,,,1
G9,G1227,Directed,8526,,,1
G9,G1472,Directed,8527,,,1
G9,G1831,Directed,8528,,,1
G9,G1836,Directed,8529,,,1
G9,G1883,Directed,8530,,,1
G9,G1917,Directed,8531,,,1
G9,G1948,Directed,8532,,,1
G9,G2054,Directed,8533,,,1
G10,G9,Directed,8534,,,1
G10,G21,Directed,8535,,,1
G10,G145,Directed,8536,,,1
G10,G218,Directed,8537,,,1
G10,G975,Directed,8538,,,1
G10,G1038,Directed,8539,,,1
G10,G1154,Directed,8540,,,1
G10,G1155,Directed,8541,,,1
G10,G1192,Directed,8542,,,1
G11,G12,Directed,8543,,,1
G11,G13,Directed,8544,,,1
G11,G14,Directed,8545,,,1
G11,G27,Directed,8546,,,1
G11,G54,Directed,8547,,,1
G11,G55,Directed,8548,,,1
G11,G56,Directed,8549,,,1
G11,G57,Directed,8550,,,1
G11,G59,Directed,8551,,,1
G11,G144,Directed,8552,,,1
G11,G145,Directed,8553,,,1
G11,G152,Directed,8554,,,1
G11,G219,Directed,8555,,,1
G11,G242,Directed,8556,,,1
G11,G264,Directed,8557,,,1
G11,G268,Directed,8558,,,1
G11,G281,Directed,8559,,,1
G11,G310,Directed,8560,,,1
G11,G314,Directed,8561,,,1
G11,G321,Directed,8562,,,1
G11,G354,Directed,8563,,,1
G11,G367,Directed,8564,,,1
G11,G379,Directed,8565,,,1
G11,G410,Directed,8566,,,1
G11,G460,Directed,8567,,,1
G11,G461,Directed,8568,,,1
G11,G470,Directed,8569,,,1
G11,G495,Directed,8570,,,1
G11,G510,Directed,8571,,,1
G11,G515,Directed,8572,,,1
G11,G563,Directed,8573,,,1
G11,G564,Directed,8574,,,1
G11,G600,Directed,8575,,,1
G11,G719,Directed,8576,,,1
G11,G796,Directed,8577,,,1
G11,G831,Directed,8578,,,1
G11,G1109,Directed,8579,,,1
G12,G11,Directed,8580,,,1
G12,G13,Directed,8581,,,1
G12,G14,Directed,8582,,,1
G12,G54,Directed,8583,,,1
G12,G55,Directed,8584,,,1
G12,G56,Directed,8585,,,1
G12,G57,Directed,8586,,,1
G12,G59,Directed,8587,,,1
G12,G242,Directed,8588,,,1
G12,G264,Directed,8589,,,1
G12,G268,Directed,8590,,,1
G12,G281,Directed,8591,,,1
G13,G11,Directed,8592,,,1
G13,G12,Directed,8593,,,1
G13,G14,Directed,8594,,,1
G13,G27,Directed,8595,,,1
G13,G54,Directed,8596,,,1
G13,G55,Directed,8597,,,1
G13,G56,Directed,8598,,,1
G13,G57,Directed,8599,,,1
G13,G59,Directed,8600,,,1
G13,G242,Directed,8601,,,1
G13,G264,Directed,8602,,,1
G13,G268,Directed,8603,,,1
G13,G281,Directed,8604,,,1
G13,G310,Directed,8605,,,1
G13,G314,Directed,8606,,,1
G13,G379,Directed,8607,,,1
G13,G410,Directed,8608,,,1
G13,G461,Directed,8609,,,1
G13,G600,Directed,8610,,,1
G13,G719,Directed,8611,,,1
G13,G1109,Directed,8612,,,1
G14,G11,Directed,8613,,,1
G14,G12,Directed,8614,,,1
G14,G13,Directed,8615,,,1
G14,G27,Directed,8616,,,1
G14,G54,Directed,8617,,,1
G14,G55,Directed,8618,,,1
G14,G56,Directed,8619,,,1
G14,G57,Directed,8620,,,1
G14,G59,Directed,8621,,,1
G14,G242,Directed,8622,,,1
G14,G264,Directed,8623,,,1
G14,G268,Directed,8624,,,1
G14,G281,Directed,8625,,,1
G14,G310,Directed,8626,,,1
G14,G314,Directed,8627,,,1
G14,G379,Directed,8628,,,1
G14,G410,Directed,8629,,,1
G14,G461,Directed,8630,,,1
G14,G600,Directed,8631,,,1
G14,G1109,Directed,8632,,,1
G15,G16,Directed,8633,,,1
G15,G74,Directed,8634,,,1
G15,G188,Directed,8635,,,1
G15,G330,Directed,8636,,,1
G15,G965,Directed,8637,,,1
G16,G15,Directed,8638,,,1
G16,G74,Directed,8639,,,1
G16,G188,Directed,8640,,,1
G17,G18,Directed,8641,,,1
G17,G1205,Directed,8642,,,1
G17,G1229,Directed,8643,,,1
G17,G1549,Directed,8644,,,1
G17,G2140,Directed,8645,,,1
G17,G2141,Directed,8646,,,1
G18,G17,Directed,8647,,,1
G18,G2140,Directed,8648,,,1
G18,G2169,Directed,8649,,,1
G18,G2184,Directed,8650,,,1
G18,G2185,Directed,8651,,,1
G18,G2186,Directed,8652,,,1
G19,G20,Directed,8653,,,1
G19,G96,Directed,8654,,,1
G20,G19,Directed,8655,,,1
G20,G96,Directed,8656,,,1
G20,G321,Directed,8657,,,1
G20,G337,Directed,8658,,,1
G20,G517,Directed,8659,,,1
G20,G541,Directed,8660,,,1
G20,G596,Directed,8661,,,1
G20,G1085,Directed,8662,,,1
G20,G1198,Directed,8663,,,1
G20,G1224,Directed,8664,,,1
G20,G1556,Directed,8665,,,1
G20,G1573,Directed,8666,,,1
G21,G9,Directed,8667,,,1
G21,G10,Directed,8668,,,1
G21,G218,Directed,8669,,,1
G21,G248,Directed,8670,,,1
G21,G273,Directed,8671,,,1
G21,G274,Directed,8672,,,1
G21,G299,Directed,8673,,,1
G21,G306,Directed,8674,,,1
G21,G417,Directed,8675,,,1
G21,G667,Directed,8676,,,1
G21,G975,Directed,8677,,,1
G21,G1038,Directed,8678,,,1
G21,G1544,Directed,8679,,,1
G21,G1547,Directed,8680,,,1
G21,G1584,Directed,8681,,,1
G22,G2,Directed,8682,,,1
G22,G3,Directed,8683,,,1
G22,G4,Directed,8684,,,1
G22,G95,Directed,8685,,,1
G22,G99,Directed,8686,,,1
G22,G101,Directed,8687,,,1
G22,G102,Directed,8688,,,1
G22,G131,Directed,8689,,,1
G22,G155,Directed,8690,,,1
G22,G243,Directed,8691,,,1
G22,G296,Directed,8692,,,1
G22,G302,Directed,8693,,,1
G22,G309,Directed,8694,,,1
G22,G384,Directed,8695,,,1
G22,G388,Directed,8696,,,1
G22,G393,Directed,8697,,,1
G22,G439,Directed,8698,,,1
G22,G478,Directed,8699,,,1
G22,G543,Directed,8700,,,1
G22,G614,Directed,8701,,,1
G22,G643,Directed,8702,,,1
G22,G720,Directed,8703,,,1
G22,G749,Directed,8704,,,1
G22,G808,Directed,8705,,,1
G23,G24,Directed,8706,,,1
G23,G47,Directed,8707,,,1
G23,G141,Directed,8708,,,1
G23,G610,Directed,8709,,,1
G23,G611,Directed,8710,,,1
G24,G23,Directed,8711,,,1
G24,G47,Directed,8712,,,1
G24,G141,Directed,8713,,,1
G25,G26,Directed,8714,,,1
G25,G53,Directed,8715,,,1
G25,G66,Directed,8716,,,1
G25,G76,Directed,8717,,,1
G25,G92,Directed,8718,,,1
G25,G168,Directed,8719,,,1
G25,G169,Directed,8720,,,1
G25,G270,Directed,8721,,,1
G25,G288,Directed,8722,,,1
G25,G289,Directed,8723,,,1
G25,G350,Directed,8724,,,1
G25,G359,Directed,8725,,,1
G25,G376,Directed,8726,,,1
G25,G428,Directed,8727,,,1
G25,G545,Directed,8728,,,1
G25,G598,Directed,8729,,,1
G25,G635,Directed,8730,,,1
G25,G637,Directed,8731,,,1
G25,G724,Directed,8732,,,1
G25,G1168,Directed,8733,,,1
G25,G1301,Directed,8734,,,1
G25,G1520,Directed,8735,,,1
G25,G1521,Directed,8736,,,1
G25,G1650,Directed,8737,,,1
G26,G1,Directed,8738,,,1
G26,G2,Directed,8739,,,1
G26,G25,Directed,8740,,,1
G26,G50,Directed,8741,,,1
G26,G53,Directed,8742,,,1
G26,G66,Directed,8743,,,1
G26,G76,Directed,8744,,,1
G26,G92,Directed,8745,,,1
G26,G156,Directed,8746,,,1
G26,G168,Directed,8747,,,1
G26,G169,Directed,8748,,,1
G26,G288,Directed,8749,,,1
G26,G289,Directed,8750,,,1
G26,G309,Directed,8751,,,1
G26,G320,Directed,8752,,,1
G26,G321,Directed,8753,,,1
G26,G342,Directed,8754,,,1
G26,G350,Directed,8755,,,1
G26,G354,Directed,8756,,,1
G26,G376,Directed,8757,,,1
G26,G428,Directed,8758,,,1
G26,G545,Directed,8759,,,1
G26,G598,Directed,8760,,,1
G26,G635,Directed,8761,,,1
G26,G651,Directed,8762,,,1
G26,G716,Directed,8763,,,1
G26,G724,Directed,8764,,,1
G26,G750,Directed,8765,,,1
G26,G808,Directed,8766,,,1
G26,G1301,Directed,8767,,,1
G27,G11,Directed,8768,,,1
G27,G13,Directed,8769,,,1
G27,G14,Directed,8770,,,1
G27,G54,Directed,8771,,,1
G27,G55,Directed,8772,,,1
G27,G56,Directed,8773,,,1
G27,G57,Directed,8774,,,1
G27,G59,Directed,8775,,,1
G27,G242,Directed,8776,,,1
G27,G264,Directed,8777,,,1
G27,G268,Directed,8778,,,1
G27,G281,Directed,8779,,,1
G27,G310,Directed,8780,,,1
G27,G314,Directed,8781,,,1
G27,G379,Directed,8782,,,1
G27,G460,Directed,8783,,,1
G27,G600,Directed,8784,,,1
G27,G719,Directed,8785,,,1
G27,G971,Directed,8786,,,1
G27,G1109,Directed,8787,,,1
G27,G1638,Directed,8788,,,1
G28,G29,Directed,8789,,,1
G28,G40,Directed,8790,,,1
G28,G65,Directed,8791,,,1
G28,G67,Directed,8792,,,1
G28,G68,Directed,8793,,,1
G28,G91,Directed,8794,,,1
G28,G112,Directed,8795,,,1
G28,G175,Directed,8796,,,1
G28,G176,Directed,8797,,,1
G28,G177,Directed,8798,,,1
G28,G180,Directed,8799,,,1
G28,G183,Directed,8800,,,1
G28,G186,Directed,8801,,,1
G28,G190,Directed,8802,,,1
G28,G191,Directed,8803,,,1
G28,G192,Directed,8804,,,1
G28,G195,Directed,8805,,,1
G28,G199,Directed,8806,,,1
G28,G204,Directed,8807,,,1
G28,G205,Directed,8808,,,1
G28,G206,Directed,8809,,,1
G28,G207,Directed,8810,,,1
G28,G223,Directed,8811,,,1
G28,G244,Directed,8812,,,1
G28,G258,Directed,8813,,,1
G28,G275,Directed,8814,,,1
G28,G518,Directed,8815,,,1
G28,G524,Directed,8816,,,1
G28,G584,Directed,8817,,,1
G28,G675,Directed,8818,,,1
G28,G780,Directed,8819,,,1
G28,G918,Directed,8820,,,1
G28,G923,Directed,8821,,,1
G28,G924,Directed,8822,,,1
G28,G932,Directed,8823,,,1
G28,G933,Directed,8824,,,1
G28,G936,Directed,8825,,,1
G28,G937,Directed,8826,,,1
G28,G949,Directed,8827,,,1
G28,G967,Directed,8828,,,1
G28,G1101,Directed,8829,,,1
G28,G1414,Directed,8830,,,1
G28,G1733,Directed,8831,,,1
G29,G28,Directed,8832,,,1
G29,G41,Directed,8833,,,1
G29,G42,Directed,8834,,,1
G29,G45,Directed,8835,,,1
G29,G46,Directed,8836,,,1
G29,G65,Directed,8837,,,1
G29,G68,Directed,8838,,,1
G29,G80,Directed,8839,,,1
G29,G91,Directed,8840,,,1
G29,G112,Directed,8841,,,1
G29,G175,Directed,8842,,,1
G29,G176,Directed,8843,,,1
G29,G177,Directed,8844,,,1
G29,G178,Directed,8845,,,1
G29,G179,Directed,8846,,,1
G29,G180,Directed,8847,,,1
G29,G181,Directed,8848,,,1
G29,G182,Directed,8849,,,1
G29,G183,Directed,8850,,,1
G29,G184,Directed,8851,,,1
G29,G185,Directed,8852,,,1
G29,G186,Directed,8853,,,1
G29,G187,Directed,8854,,,1
G29,G189,Directed,8855,,,1
G29,G190,Directed,8856,,,1
G29,G191,Directed,8857,,,1
G29,G192,Directed,8858,,,1
G29,G195,Directed,8859,,,1
G29,G198,Directed,8860,,,1
G29,G199,Directed,8861,,,1
G29,G204,Directed,8862,,,1
G29,G205,Directed,8863,,,1
G29,G206,Directed,8864,,,1
G29,G207,Directed,8865,,,1
G29,G210,Directed,8866,,,1
G29,G213,Directed,8867,,,1
G29,G223,Directed,8868,,,1
G29,G235,Directed,8869,,,1
G29,G258,Directed,8870,,,1
G29,G275,Directed,8871,,,1
G29,G423,Directed,8872,,,1
G29,G518,Directed,8873,,,1
G29,G521,Directed,8874,,,1
G29,G524,Directed,8875,,,1
G29,G535,Directed,8876,,,1
G29,G629,Directed,8877,,,1
G29,G912,Directed,8878,,,1
G29,G913,Directed,8879,,,1
G29,G914,Directed,8880,,,1
G29,G917,Directed,8881,,,1
G29,G918,Directed,8882,,,1
G29,G919,Directed,8883,,,1
G29,G921,Directed,8884,,,1
G29,G922,Directed,8885,,,1
G29,G923,Directed,8886,,,1
G29,G924,Directed,8887,,,1
G29,G925,Directed,8888,,,1
G29,G926,Directed,8889,,,1
G29,G927,Directed,8890,,,1
G29,G928,Directed,8891,,,1
G29,G932,Directed,8892,,,1
G29,G933,Directed,8893,,,1
G29,G934,Directed,8894,,,1
G29,G935,Directed,8895,,,1
G29,G936,Directed,8896,,,1
G29,G937,Directed,8897,,,1
G29,G938,Directed,8898,,,1
G29,G939,Directed,8899,,,1
G29,G940,Directed,8900,,,1
G29,G941,Directed,8901,,,1
G29,G942,Directed,8902,,,1
G29,G943,Directed,8903,,,1
G29,G944,Directed,8904,,,1
G29,G949,Directed,8905,,,1
G29,G953,Directed,8906,,,1
G29,G954,Directed,8907,,,1
G29,G955,Directed,8908,,,1
G29,G958,Directed,8909,,,1
G29,G959,Directed,8910,,,1
G29,G960,Directed,8911,,,1
G29,G963,Directed,8912,,,1
G29,G964,Directed,8913,,,1
G29,G966,Directed,8914,,,1
G29,G967,Directed,8915,,,1
G29,G977,Directed,8916,,,1
G29,G985,Directed,8917,,,1
G29,G1101,Directed,8918,,,1
G29,G1104,Directed,8919,,,1
G29,G1114,Directed,8920,,,1
G29,G1121,Directed,8921,,,1
G29,G1122,Directed,8922,,,1
G29,G1279,Directed,8923,,,1
G29,G1387,Directed,8924,,,1
G29,G1790,Directed,8925,,,1
G29,G1823,Directed,8926,,,1
G30,G31,Directed,8927,,,1
G30,G48,Directed,8928,,,1
G30,G62,Directed,8929,,,1
G30,G63,Directed,8930,,,1
G30,G368,Directed,8931,,,1
G30,G376,Directed,8932,,,1
G30,G407,Directed,8933,,,1
G30,G968,Directed,8934,,,1
G30,G974,Directed,8935,,,1
G30,G1010,Directed,8936,,,1
G30,G1053,Directed,8937,,,1
G30,G1089,Directed,8938,,,1
G30,G1612,Directed,8939,,,1
G31,G30,Directed,8940,,,1
G31,G48,Directed,8941,,,1
G31,G62,Directed,8942,,,1
G31,G63,Directed,8943,,,1
G31,G368,Directed,8944,,,1
G31,G376,Directed,8945,,,1
G31,G407,Directed,8946,,,1
G31,G1007,Directed,8947,,,1
G32,G33,Directed,8948,,,1
G32,G60,Directed,8949,,,1
G32,G61,Directed,8950,,,1
G32,G295,Directed,8951,,,1
G32,G297,Directed,8952,,,1
G32,G308,Directed,8953,,,1
G32,G321,Directed,8954,,,1
G32,G369,Directed,8955,,,1
G32,G394,Directed,8956,,,1
G32,G395,Directed,8957,,,1
G32,G472,Directed,8958,,,1
G32,G649,Directed,8959,,,1
G32,G662,Directed,8960,,,1
G32,G678,Directed,8961,,,1
G32,G679,Directed,8962,,,1
G32,G1439,Directed,8963,,,1
G32,G1445,Directed,8964,,,1
G32,G1467,Directed,8965,,,1
G32,G1527,Directed,8966,,,1
G32,G1556,Directed,8967,,,1
G32,G1576,Directed,8968,,,1
G32,G1578,Directed,8969,,,1
G32,G1608,Directed,8970,,,1
G32,G1880,Directed,8971,,,1
G33,G32,Directed,8972,,,1
G33,G60,Directed,8973,,,1
G33,G61,Directed,8974,,,1
G33,G295,Directed,8975,,,1
G33,G297,Directed,8976,,,1
G33,G308,Directed,8977,,,1
G33,G321,Directed,8978,,,1
G33,G369,Directed,8979,,,1
G33,G394,Directed,8980,,,1
G33,G395,Directed,8981,,,1
G33,G472,Directed,8982,,,1
G33,G649,Directed,8983,,,1
G33,G662,Directed,8984,,,1
G33,G678,Directed,8985,,,1
G33,G679,Directed,8986,,,1
G33,G1439,Directed,8987,,,1
G33,G1527,Directed,8988,,,1
G33,G1576,Directed,8989,,,1
G33,G1608,Directed,8990,,,1
G33,G1880,Directed,8991,,,1
G34,G35,Directed,8992,,,1
G34,G569,Directed,8993,,,1
G34,G583,Directed,8994,,,1
G34,G672,Directed,8995,,,1
G34,G685,Directed,8996,,,1
G34,G794,Directed,8997,,,1
G34,G838,Directed,8998,,,1
G34,G845,Directed,8999,,,1
G34,G858,Directed,9000,,,1
G34,G884,Directed,9001,,,1
G34,G888,Directed,9002,,,1
G35,G34,Directed,9003,,,1
G35,G558,Directed,9004,,,1
G35,G583,Directed,9005,,,1
G35,G888,Directed,9006,,,1
G35,G2098,Directed,9007,,,1
G35,G2197,Directed,9008,,,1
G35,G2248,Directed,9009,,,1
G36,G37,Directed,9010,,,1
G36,G163,Directed,9011,,,1
G36,G164,Directed,9012,,,1
G36,G607,Directed,9013,,,1
G36,G608,Directed,9014,,,1
G37,G36,Directed,9015,,,1
G37,G163,Directed,9016,,,1
G37,G164,Directed,9017,,,1
G38,G39,Directed,9018,,,1
G38,G775,Directed,9019,,,1
G39,G38,Directed,9020,,,1
G39,G775,Directed,9021,,,1
G40,G28,Directed,9022,,,1
G40,G41,Directed,9023,,,1
G40,G42,Directed,9024,,,1
G40,G45,Directed,9025,,,1
G40,G46,Directed,9026,,,1
G40,G67,Directed,9027,,,1
G40,G68,Directed,9028,,,1
G40,G91,Directed,9029,,,1
G40,G157,Directed,9030,,,1
G40,G258,Directed,9031,,,1
G40,G275,Directed,9032,,,1
G40,G322,Directed,9033,,,1
G40,G335,Directed,9034,,,1
G40,G413,Directed,9035,,,1
G40,G463,Directed,9036,,,1
G40,G464,Directed,9037,,,1
G40,G483,Directed,9038,,,1
G40,G485,Directed,9039,,,1
G40,G524,Directed,9040,,,1
G40,G570,Directed,9041,,,1
G40,G644,Directed,9042,,,1
G40,G903,Directed,9043,,,1
G40,G918,Directed,9044,,,1
G40,G919,Directed,9045,,,1
G40,G921,Directed,9046,,,1
G40,G922,Directed,9047,,,1
G40,G1197,Directed,9048,,,1
G40,G1414,Directed,9049,,,1
G40,G1438,Directed,9050,,,1
G40,G1690,Directed,9051,,,1
G40,G1838,Directed,9052,,,1
G40,G1849,Directed,9053,,,1
G41,G29,Directed,9054,,,1
G41,G40,Directed,9055,,,1
G41,G42,Directed,9056,,,1
G41,G45,Directed,9057,,,1
G41,G46,Directed,9058,,,1
G41,G65,Directed,9059,,,1
G41,G67,Directed,9060,,,1
G41,G68,Directed,9061,,,1
G41,G91,Directed,9062,,,1
G41,G112,Directed,9063,,,1
G41,G175,Directed,9064,,,1
G41,G176,Directed,9065,,,1
G41,G177,Directed,9066,,,1
G41,G180,Directed,9067,,,1
G41,G183,Directed,9068,,,1
G41,G186,Directed,9069,,,1
G41,G190,Directed,9070,,,1
G41,G191,Directed,9071,,,1
G41,G192,Directed,9072,,,1
G41,G195,Directed,9073,,,1
G41,G199,Directed,9074,,,1
G41,G204,Directed,9075,,,1
G41,G205,Directed,9076,,,1
G41,G206,Directed,9077,,,1
G41,G207,Directed,9078,,,1
G41,G223,Directed,9079,,,1
G41,G244,Directed,9080,,,1
G41,G275,Directed,9081,,,1
G41,G322,Directed,9082,,,1
G41,G335,Directed,9083,,,1
G41,G413,Directed,9084,,,1
G41,G483,Directed,9085,,,1
G41,G518,Directed,9086,,,1
G41,G570,Directed,9087,,,1
G41,G644,Directed,9088,,,1
G41,G801,Directed,9089,,,1
G41,G918,Directed,9090,,,1
G41,G923,Directed,9091,,,1
G41,G924,Directed,9092,,,1
G41,G932,Directed,9093,,,1
G41,G933,Directed,9094,,,1
G41,G936,Directed,9095,,,1
G41,G937,Directed,9096,,,1
G41,G949,Directed,9097,,,1
G41,G967,Directed,9098,,,1
G41,G1101,Directed,9099,,,1
G41,G1197,Directed,9100,,,1
G41,G1414,Directed,9101,,,1
G41,G1733,Directed,9102,,,1
G42,G29,Directed,9103,,,1
G42,G40,Directed,9104,,,1
G42,G41,Directed,9105,,,1
G42,G45,Directed,9106,,,1
G42,G46,Directed,9107,,,1
G42,G65,Directed,9108,,,1
G42,G67,Directed,9109,,,1
G42,G68,Directed,9110,,,1
G42,G91,Directed,9111,,,1
G42,G112,Directed,9112,,,1
G42,G157,Directed,9113,,,1
G42,G175,Directed,9114,,,1
G42,G176,Directed,9115,,,1
G42,G177,Directed,9116,,,1
G42,G180,Directed,9117,,,1
G42,G183,Directed,9118,,,1
G42,G186,Directed,9119,,,1
G42,G190,Directed,9120,,,1
G42,G191,Directed,9121,,,1
G42,G192,Directed,9122,,,1
G42,G195,Directed,9123,,,1
G42,G199,Directed,9124,,,1
G42,G204,Directed,9125,,,1
G42,G205,Directed,9126,,,1
G42,G206,Directed,9127,,,1
G42,G207,Directed,9128,,,1
G42,G223,Directed,9129,,,1
G42,G244,Directed,9130,,,1
G42,G251,Directed,9131,,,1
G42,G275,Directed,9132,,,1
G42,G335,Directed,9133,,,1
G42,G413,Directed,9134,,,1
G42,G463,Directed,9135,,,1
G42,G464,Directed,9136,,,1
G42,G485,Directed,9137,,,1
G42,G518,Directed,9138,,,1
G42,G570,Directed,9139,,,1
G42,G659,Directed,9140,,,1
G42,G918,Directed,9141,,,1
G42,G923,Directed,9142,,,1
G42,G924,Directed,9143,,,1
G42,G932,Directed,9144,,,1
G42,G933,Directed,9145,,,1
G42,G936,Directed,9146,,,1
G42,G937,Directed,9147,,,1
G42,G949,Directed,9148,,,1
G42,G967,Directed,9149,,,1
G42,G1101,Directed,9150,,,1
G42,G1197,Directed,9151,,,1
G42,G1414,Directed,9152,,,1
G42,G1733,Directed,9153,,,1
G42,G1849,Directed,9154,,,1
G43,G44,Directed,9155,,,1
G43,G115,Directed,9156,,,1
G43,G116,Directed,9157,,,1
G43,G336,Directed,9158,,,1
G43,G338,Directed,9159,,,1
G43,G375,Directed,9160,,,1
G44,G43,Directed,9161,,,1
G44,G115,Directed,9162,,,1
G44,G116,Directed,9163,,,1
G44,G336,Directed,9164,,,1
G44,G338,Directed,9165,,,1
G44,G375,Directed,9166,,,1
G45,G29,Directed,9167,,,1
G45,G40,Directed,9168,,,1
G45,G41,Directed,9169,,,1
G45,G42,Directed,9170,,,1
G45,G46,Directed,9171,,,1
G45,G65,Directed,9172,,,1
G45,G67,Directed,9173,,,1
G45,G68,Directed,9174,,,1
G45,G91,Directed,9175,,,1
G45,G112,Directed,9176,,,1
G45,G157,Directed,9177,,,1
G45,G175,Directed,9178,,,1
G45,G176,Directed,9179,,,1
G45,G177,Directed,9180,,,1
G45,G180,Directed,9181,,,1
G45,G183,Directed,9182,,,1
G45,G186,Directed,9183,,,1
G45,G190,Directed,9184,,,1
G45,G191,Directed,9185,,,1
G45,G192,Directed,9186,,,1
G45,G195,Directed,9187,,,1
G45,G199,Directed,9188,,,1
G45,G204,Directed,9189,,,1
G45,G205,Directed,9190,,,1
G45,G206,Directed,9191,,,1
G45,G207,Directed,9192,,,1
G45,G223,Directed,9193,,,1
G45,G251,Directed,9194,,,1
G45,G275,Directed,9195,,,1
G45,G335,Directed,9196,,,1
G45,G413,Directed,9197,,,1
G45,G463,Directed,9198,,,1
G45,G464,Directed,9199,,,1
G45,G483,Directed,9200,,,1
G45,G485,Directed,9201,,,1
G45,G486,Directed,9202,,,1
G45,G518,Directed,9203,,,1
G45,G570,Directed,9204,,,1
G45,G659,Directed,9205,,,1
G45,G918,Directed,9206,,,1
G45,G923,Directed,9207,,,1
G45,G924,Directed,9208,,,1
G45,G932,Directed,9209,,,1
G45,G933,Directed,9210,,,1
G45,G936,Directed,9211,,,1
G45,G937,Directed,9212,,,1
G45,G949,Directed,9213,,,1
G45,G967,Directed,9214,,,1
G45,G1101,Directed,9215,,,1
G45,G1197,Directed,9216,,,1
G45,G1414,Directed,9217,,,1
G45,G1849,Directed,9218,,,1
G46,G29,Directed,9219,,,1
G46,G40,Directed,9220,,,1
G46,G41,Directed,9221,,,1
G46,G42,Directed,9222,,,1
G46,G45,Directed,9223,,,1
G46,G53,Directed,9224,,,1
G46,G65,Directed,9225,,,1
G46,G67,Directed,9226,,,1
G46,G68,Directed,9227,,,1
G46,G91,Directed,9228,,,1
G46,G112,Directed,9229,,,1
G46,G175,Directed,9230,,,1
G46,G176,Directed,9231,,,1
G46,G177,Directed,9232,,,1
G46,G180,Directed,9233,,,1
G46,G183,Directed,9234,,,1
G46,G186,Directed,9235,,,1
G46,G190,Directed,9236,,,1
G46,G191,Directed,9237,,,1
G46,G192,Directed,9238,,,1
G46,G195,Directed,9239,,,1
G46,G199,Directed,9240,,,1
G46,G204,Directed,9241,,,1
G46,G205,Directed,9242,,,1
G46,G206,Directed,9243,,,1
G46,G207,Directed,9244,,,1
G46,G223,Directed,9245,,,1
G46,G251,Directed,9246,,,1
G46,G275,Directed,9247,,,1
G46,G314,Directed,9248,,,1
G46,G322,Directed,9249,,,1
G46,G335,Directed,9250,,,1
G46,G362,Directed,9251,,,1
G46,G410,Directed,9252,,,1
G46,G413,Directed,9253,,,1
G46,G470,Directed,9254,,,1
G46,G483,Directed,9255,,,1
G46,G515,Directed,9256,,,1
G46,G518,Directed,9257,,,1
G46,G543,Directed,9258,,,1
G46,G570,Directed,9259,,,1
G46,G579,Directed,9260,,,1
G46,G644,Directed,9261,,,1
G46,G668,Directed,9262,,,1
G46,G703,Directed,9263,,,1
G46,G918,Directed,9264,,,1
G46,G923,Directed,9265,,,1
G46,G924,Directed,9266,,,1
G46,G932,Directed,9267,,,1
G46,G933,Directed,9268,,,1
G46,G936,Directed,9269,,,1
G46,G937,Directed,9270,,,1
G46,G949,Directed,9271,,,1
G46,G967,Directed,9272,,,1
G46,G1101,Directed,9273,,,1
G46,G1197,Directed,9274,,,1
G46,G1414,Directed,9275,,,1
G47,G23,Directed,9276,,,1
G47,G24,Directed,9277,,,1
G47,G141,Directed,9278,,,1
G48,G30,Directed,9279,,,1
G48,G31,Directed,9280,,,1
G48,G62,Directed,9281,,,1
G48,G63,Directed,9282,,,1
G48,G368,Directed,9283,,,1
G48,G376,Directed,9284,,,1
G48,G407,Directed,9285,,,1
G49,G1,Directed,9286,,,1
G49,G2,Directed,9287,,,1
G49,G50,Directed,9288,,,1
G49,G51,Directed,9289,,,1
G49,G52,Directed,9290,,,1
G49,G53,Directed,9291,,,1
G49,G58,Directed,9292,,,1
G49,G69,Directed,9293,,,1
G49,G70,Directed,9294,,,1
G49,G71,Directed,9295,,,1
G49,G75,Directed,9296,,,1
G49,G76,Directed,9297,,,1
G49,G80,Directed,9298,,,1
G49,G81,Directed,9299,,,1
G49,G84,Directed,9300,,,1
G49,G92,Directed,9301,,,1
G49,G95,Directed,9302,,,1
G49,G97,Directed,9303,,,1
G49,G99,Directed,9304,,,1
G49,G100,Directed,9305,,,1
G49,G143,Directed,9306,,,1
G49,G150,Directed,9307,,,1
G49,G158,Directed,9308,,,1
G49,G245,Directed,9309,,,1
G49,G263,Directed,9310,,,1
G49,G265,Directed,9311,,,1
G49,G267,Directed,9312,,,1
G49,G302,Directed,9313,,,1
G49,G309,Directed,9314,,,1
G49,G342,Directed,9315,,,1
G49,G351,Directed,9316,,,1
G49,G381,Directed,9317,,,1
G49,G405,Directed,9318,,,1
G49,G423,Directed,9319,,,1
G49,G456,Directed,9320,,,1
G49,G462,Directed,9321,,,1
G49,G471,Directed,9322,,,1
G49,G472,Directed,9323,,,1
G49,G489,Directed,9324,,,1
G49,G512,Directed,9325,,,1
G49,G528,Directed,9326,,,1
G49,G554,Directed,9327,,,1
G49,G589,Directed,9328,,,1
G49,G598,Directed,9329,,,1
G49,G599,Directed,9330,,,1
G49,G632,Directed,9331,,,1
G49,G652,Directed,9332,,,1
G49,G808,Directed,9333,,,1
G49,G841,Directed,9334,,,1
G49,G1345,Directed,9335,,,1
G49,G1412,Directed,9336,,,1
G49,G1587,Directed,9337,,,1
G50,G1,Directed,9338,,,1
G50,G2,Directed,9339,,,1
G50,G26,Directed,9340,,,1
G50,G49,Directed,9341,,,1
G50,G51,Directed,9342,,,1
G50,G52,Directed,9343,,,1
G50,G53,Directed,9344,,,1
G50,G58,Directed,9345,,,1
G50,G69,Directed,9346,,,1
G50,G70,Directed,9347,,,1
G50,G71,Directed,9348,,,1
G50,G75,Directed,9349,,,1
G50,G76,Directed,9350,,,1
G50,G80,Directed,9351,,,1
G50,G81,Directed,9352,,,1
G50,G84,Directed,9353,,,1
G50,G92,Directed,9354,,,1
G50,G95,Directed,9355,,,1
G50,G97,Directed,9356,,,1
G50,G99,Directed,9357,,,1
G50,G100,Directed,9358,,,1
G50,G143,Directed,9359,,,1
G50,G146,Directed,9360,,,1
G50,G150,Directed,9361,,,1
G50,G153,Directed,9362,,,1
G50,G155,Directed,9363,,,1
G50,G156,Directed,9364,,,1
G50,G158,Directed,9365,,,1
G50,G166,Directed,9366,,,1
G50,G245,Directed,9367,,,1
G50,G263,Directed,9368,,,1
G50,G265,Directed,9369,,,1
G50,G267,Directed,9370,,,1
G50,G288,Directed,9371,,,1
G50,G296,Directed,9372,,,1
G50,G302,Directed,9373,,,1
G50,G309,Directed,9374,,,1
G50,G342,Directed,9375,,,1
G50,G351,Directed,9376,,,1
G50,G381,Directed,9377,,,1
G50,G405,Directed,9378,,,1
G50,G456,Directed,9379,,,1
G50,G462,Directed,9380,,,1
G50,G471,Directed,9381,,,1
G50,G472,Directed,9382,,,1
G50,G486,Directed,9383,,,1
G50,G489,Directed,9384,,,1
G50,G508,Directed,9385,,,1
G50,G512,Directed,9386,,,1
G50,G517,Directed,9387,,,1
G50,G545,Directed,9388,,,1
G50,G589,Directed,9389,,,1
G50,G598,Directed,9390,,,1
G50,G640,Directed,9391,,,1
G50,G1345,Directed,9392,,,1
G51,G1,Directed,9393,,,1
G51,G2,Directed,9394,,,1
G51,G49,Directed,9395,,,1
G51,G50,Directed,9396,,,1
G51,G52,Directed,9397,,,1
G51,G53,Directed,9398,,,1
G51,G58,Directed,9399,,,1
G51,G69,Directed,9400,,,1
G51,G70,Directed,9401,,,1
G51,G71,Directed,9402,,,1
G51,G75,Directed,9403,,,1
G51,G76,Directed,9404,,,1
G51,G80,Directed,9405,,,1
G51,G81,Directed,9406,,,1
G51,G84,Directed,9407,,,1
G51,G92,Directed,9408,,,1
G51,G95,Directed,9409,,,1
G51,G97,Directed,9410,,,1
G51,G99,Directed,9411,,,1
G51,G100,Directed,9412,,,1
G51,G143,Directed,9413,,,1
G51,G150,Directed,9414,,,1
G51,G153,Directed,9415,,,1
G51,G158,Directed,9416,,,1
G51,G235,Directed,9417,,,1
G51,G245,Directed,9418,,,1
G51,G263,Directed,9419,,,1
G51,G265,Directed,9420,,,1
G51,G267,Directed,9421,,,1
G51,G296,Directed,9422,,,1
G51,G302,Directed,9423,,,1
G51,G309,Directed,9424,,,1
G51,G328,Directed,9425,,,1
G51,G342,Directed,9426,,,1
G51,G351,Directed,9427,,,1
G51,G381,Directed,9428,,,1
G51,G405,Directed,9429,,,1
G51,G423,Directed,9430,,,1
G51,G456,Directed,9431,,,1
G51,G462,Directed,9432,,,1
G51,G489,Directed,9433,,,1
G51,G496,Directed,9434,,,1
G51,G502,Directed,9435,,,1
G51,G508,Directed,9436,,,1
G51,G528,Directed,9437,,,1
G51,G554,Directed,9438,,,1
G51,G598,Directed,9439,,,1
G51,G632,Directed,9440,,,1
G51,G652,Directed,9441,,,1
G51,G808,Directed,9442,,,1
G51,G826,Directed,9443,,,1
G51,G841,Directed,9444,,,1
G51,G1345,Directed,9445,,,1
G51,G1412,Directed,9446,,,1
G51,G1587,Directed,9447,,,1
G52,G1,Directed,9448,,,1
G52,G2,Directed,9449,,,1
G52,G49,Directed,9450,,,1
G52,G50,Directed,9451,,,1
G52,G51,Directed,9452,,,1
G52,G53,Directed,9453,,,1
G52,G58,Directed,9454,,,1
G52,G69,Directed,9455,,,1
G52,G70,Directed,9456,,,1
G52,G71,Directed,9457,,,1
G52,G75,Directed,9458,,,1
G52,G76,Directed,9459,,,1
G52,G80,Directed,9460,,,1
G52,G81,Directed,9461,,,1
G52,G84,Directed,9462,,,1
G52,G92,Directed,9463,,,1
G52,G95,Directed,9464,,,1
G52,G99,Directed,9465,,,1
G52,G100,Directed,9466,,,1
G52,G143,Directed,9467,,,1
G52,G150,Directed,9468,,,1
G52,G245,Directed,9469,,,1
G52,G263,Directed,9470,,,1
G52,G265,Directed,9471,,,1
G52,G267,Directed,9472,,,1
G52,G288,Directed,9473,,,1
G52,G296,Directed,9474,,,1
G52,G302,Directed,9475,,,1
G52,G309,Directed,9476,,,1
G52,G342,Directed,9477,,,1
G52,G351,Directed,9478,,,1
G52,G381,Directed,9479,,,1
G52,G405,Directed,9480,,,1
G52,G423,Directed,9481,,,1
G52,G456,Directed,9482,,,1
G52,G462,Directed,9483,,,1
G52,G471,Directed,9484,,,1
G52,G472,Directed,9485,,,1
G52,G489,Directed,9486,,,1
G52,G508,Directed,9487,,,1
G52,G510,Directed,9488,,,1
G52,G512,Directed,9489,,,1
G52,G528,Directed,9490,,,1
G52,G554,Directed,9491,,,1
G52,G589,Directed,9492,,,1
G52,G599,Directed,9493,,,1
G52,G790,Directed,9494,,,1
G52,G850,Directed,9495,,,1
G52,G1345,Directed,9496,,,1
G52,G1412,Directed,9497,,,1
G53,G1,Directed,9498,,,1
G53,G2,Directed,9499,,,1
G53,G25,Directed,9500,,,1
G53,G26,Directed,9501,,,1
G53,G46,Directed,9502,,,1
G53,G49,Directed,9503,,,1
G53,G50,Directed,9504,,,1
G53,G51,Directed,9505,,,1
G53,G52,Directed,9506,,,1
G53,G58,Directed,9507,,,1
G53,G69,Directed,9508,,,1
G53,G70,Directed,9509,,,1
G53,G71,Directed,9510,,,1
G53,G75,Directed,9511,,,1
G53,G76,Directed,9512,,,1
G53,G79,Directed,9513,,,1
G53,G80,Directed,9514,,,1
G53,G81,Directed,9515,,,1
G53,G84,Directed,9516,,,1
G53,G92,Directed,9517,,,1
G53,G95,Directed,9518,,,1
G53,G99,Directed,9519,,,1
G53,G100,Directed,9520,,,1
G53,G150,Directed,9521,,,1
G53,G153,Directed,9522,,,1
G53,G156,Directed,9523,,,1
G53,G245,Directed,9524,,,1
G53,G263,Directed,9525,,,1
G53,G265,Directed,9526,,,1
G53,G267,Directed,9527,,,1
G53,G288,Directed,9528,,,1
G53,G289,Directed,9529,,,1
G53,G296,Directed,9530,,,1
G53,G302,Directed,9531,,,1
G53,G309,Directed,9532,,,1
G53,G319,Directed,9533,,,1
G53,G329,Directed,9534,,,1
G53,G342,Directed,9535,,,1
G53,G351,Directed,9536,,,1
G53,G381,Directed,9537,,,1
G53,G405,Directed,9538,,,1
G53,G423,Directed,9539,,,1
G53,G456,Directed,9540,,,1
G53,G462,Directed,9541,,,1
G53,G471,Directed,9542,,,1
G53,G472,Directed,9543,,,1
G53,G489,Directed,9544,,,1
G53,G508,Directed,9545,,,1
G53,G510,Directed,9546,,,1
G53,G512,Directed,9547,,,1
G53,G528,Directed,9548,,,1
G53,G554,Directed,9549,,,1
G53,G589,Directed,9550,,,1
G53,G599,Directed,9551,,,1
G53,G1345,Directed,9552,,,1
G53,G1412,Directed,9553,,,1
G54,G11,Directed,9554,,,1
G54,G12,Directed,9555,,,1
G54,G13,Directed,9556,,,1
G54,G14,Directed,9557,,,1
G54,G27,Directed,9558,,,1
G54,G55,Directed,9559,,,1
G54,G56,Directed,9560,,,1
G54,G57,Directed,9561,,,1
G54,G59,Directed,9562,,,1
G54,G120,Directed,9563,,,1
G54,G172,Directed,9564,,,1
G54,G242,Directed,9565,,,1
G54,G264,Directed,9566,,,1
G54,G268,Directed,9567,,,1
G54,G281,Directed,9568,,,1
G54,G310,Directed,9569,,,1
G54,G314,Directed,9570,,,1
G54,G379,Directed,9571,,,1
G54,G461,Directed,9572,,,1
G54,G1096,Directed,9573,,,1
G54,G1109,Directed,9574,,,1
G54,G2270,Directed,9575,,,1
G55,G11,Directed,9576,,,1
G55,G12,Directed,9577,,,1
G55,G13,Directed,9578,,,1
G55,G14,Directed,9579,,,1
G55,G27,Directed,9580,,,1
G55,G54,Directed,9581,,,1
G55,G56,Directed,9582,,,1
G55,G57,Directed,9583,,,1
G55,G59,Directed,9584,,,1
G55,G145,Directed,9585,,,1
G55,G242,Directed,9586,,,1
G55,G264,Directed,9587,,,1
G55,G268,Directed,9588,,,1
G55,G281,Directed,9589,,,1
G55,G310,Directed,9590,,,1
G55,G314,Directed,9591,,,1
G55,G354,Directed,9592,,,1
G55,G379,Directed,9593,,,1
G55,G410,Directed,9594,,,1
G55,G461,Directed,9595,,,1
G55,G563,Directed,9596,,,1
G55,G600,Directed,9597,,,1
G55,G1109,Directed,9598,,,1
G55,G2270,Directed,9599,,,1
G56,G11,Directed,9600,,,1
G56,G12,Directed,9601,,,1
G56,G13,Directed,9602,,,1
G56,G14,Directed,9603,,,1
G56,G27,Directed,9604,,,1
G56,G54,Directed,9605,,,1
G56,G55,Directed,9606,,,1
G56,G57,Directed,9607,,,1
G56,G59,Directed,9608,,,1
G56,G242,Directed,9609,,,1
G56,G264,Directed,9610,,,1
G56,G268,Directed,9611,,,1
G56,G281,Directed,9612,,,1
G56,G310,Directed,9613,,,1
G56,G314,Directed,9614,,,1
G56,G379,Directed,9615,,,1
G56,G410,Directed,9616,,,1
G56,G461,Directed,9617,,,1
G56,G600,Directed,9618,,,1
G56,G719,Directed,9619,,,1
G56,G1109,Directed,9620,,,1
G57,G11,Directed,9621,,,1
G57,G12,Directed,9622,,,1
G57,G13,Directed,9623,,,1
G57,G14,Directed,9624,,,1
G57,G27,Directed,9625,,,1
G57,G54,Directed,9626,,,1
G57,G55,Directed,9627,,,1
G57,G56,Directed,9628,,,1
G57,G59,Directed,9629,,,1
G57,G145,Directed,9630,,,1
G57,G242,Directed,9631,,,1
G57,G264,Directed,9632,,,1
G57,G268,Directed,9633,,,1
G57,G281,Directed,9634,,,1
G57,G310,Directed,9635,,,1
G57,G314,Directed,9636,,,1
G57,G354,Directed,9637,,,1
G57,G379,Directed,9638,,,1
G57,G410,Directed,9639,,,1
G57,G461,Directed,9640,,,1
G57,G600,Directed,9641,,,1
G57,G1109,Directed,9642,,,1
G58,G1,Directed,9643,,,1
G58,G2,Directed,9644,,,1
G58,G49,Directed,9645,,,1
G58,G50,Directed,9646,,,1
G58,G51,Directed,9647,,,1
G58,G52,Directed,9648,,,1
G58,G53,Directed,9649,,,1
G58,G69,Directed,9650,,,1
G58,G70,Directed,9651,,,1
G58,G71,Directed,9652,,,1
G58,G75,Directed,9653,,,1
G58,G76,Directed,9654,,,1
G58,G80,Directed,9655,,,1
G58,G81,Directed,9656,,,1
G58,G84,Directed,9657,,,1
G58,G92,Directed,9658,,,1
G58,G95,Directed,9659,,,1
G58,G97,Directed,9660,,,1
G58,G99,Directed,9661,,,1
G58,G100,Directed,9662,,,1
G58,G143,Directed,9663,,,1
G58,G146,Directed,9664,,,1
G58,G150,Directed,9665,,,1
G58,G158,Directed,9666,,,1
G58,G245,Directed,9667,,,1
G58,G263,Directed,9668,,,1
G58,G265,Directed,9669,,,1
G58,G267,Directed,9670,,,1
G58,G296,Directed,9671,,,1
G58,G302,Directed,9672,,,1
G58,G309,Directed,9673,,,1
G58,G342,Directed,9674,,,1
G58,G351,Directed,9675,,,1
G58,G381,Directed,9676,,,1
G58,G405,Directed,9677,,,1
G58,G423,Directed,9678,,,1
G58,G456,Directed,9679,,,1
G58,G462,Directed,9680,,,1
G58,G471,Directed,9681,,,1
G58,G472,Directed,9682,,,1
G58,G489,Directed,9683,,,1
G58,G508,Directed,9684,,,1
G58,G512,Directed,9685,,,1
G58,G526,Directed,9686,,,1
G58,G528,Directed,9687,,,1
G58,G554,Directed,9688,,,1
G58,G589,Directed,9689,,,1
G58,G598,Directed,9690,,,1
G58,G632,Directed,9691,,,1
G58,G696,Directed,9692,,,1
G58,G790,Directed,9693,,,1
G58,G841,Directed,9694,,,1
G58,G1345,Directed,9695,,,1
G59,G11,Directed,9696,,,1
G59,G12,Directed,9697,,,1
G59,G13,Directed,9698,,,1
G59,G14,Directed,9699,,,1
G59,G27,Directed,9700,,,1
G59,G54,Directed,9701,,,1
G59,G55,Directed,9702,,,1
G59,G56,Directed,9703,,,1
G59,G57,Directed,9704,,,1
G59,G242,Directed,9705,,,1
G59,G264,Directed,9706,,,1
G59,G268,Directed,9707,,,1
G59,G281,Directed,9708,,,1
G59,G310,Directed,9709,,,1
G59,G314,Directed,9710,,,1
G59,G379,Directed,9711,,,1
G59,G410,Directed,9712,,,1
G59,G461,Directed,9713,,,1
G59,G600,Directed,9714,,,1
G59,G1109,Directed,9715,,,1
G60,G32,Directed,9716,,,1
G60,G33,Directed,9717,,,1
G60,G61,Directed,9718,,,1
G60,G295,Directed,9719,,,1
G60,G297,Directed,9720,,,1
G60,G308,Directed,9721,,,1
G60,G321,Directed,9722,,,1
G60,G369,Directed,9723,,,1
G60,G394,Directed,9724,,,1
G60,G395,Directed,9725,,,1
G60,G472,Directed,9726,,,1
G60,G649,Directed,9727,,,1
G60,G662,Directed,9728,,,1
G60,G678,Directed,9729,,,1
G60,G679,Directed,9730,,,1
G60,G1439,Directed,9731,,,1
G60,G1527,Directed,9732,,,1
G60,G1576,Directed,9733,,,1
G60,G1608,Directed,9734,,,1
G60,G1880,Directed,9735,,,1
G61,G32,Directed,9736,,,1
G61,G33,Directed,9737,,,1
G61,G60,Directed,9738,,,1
G61,G295,Directed,9739,,,1
G61,G297,Directed,9740,,,1
G61,G308,Directed,9741,,,1
G61,G321,Directed,9742,,,1
G61,G369,Directed,9743,,,1
G61,G394,Directed,9744,,,1
G61,G395,Directed,9745,,,1
G61,G472,Directed,9746,,,1
G61,G649,Directed,9747,,,1
G61,G662,Directed,9748,,,1
G61,G678,Directed,9749,,,1
G61,G679,Directed,9750,,,1
G61,G1439,Directed,9751,,,1
G61,G1445,Directed,9752,,,1
G61,G1467,Directed,9753,,,1
G61,G1527,Directed,9754,,,1
G61,G1556,Directed,9755,,,1
G61,G1576,Directed,9756,,,1
G61,G1578,Directed,9757,,,1
G61,G1608,Directed,9758,,,1
G61,G1880,Directed,9759,,,1
G62,G30,Directed,9760,,,1
G62,G31,Directed,9761,,,1
G62,G48,Directed,9762,,,1
G62,G63,Directed,9763,,,1
G62,G368,Directed,9764,,,1
G62,G376,Directed,9765,,,1
G62,G407,Directed,9766,,,1
G62,G410,Directed,9767,,,1
G62,G1072,Directed,9768,,,1
G62,G1420,Directed,9769,,,1
G62,G1441,Directed,9770,,,1
G62,G1887,Directed,9771,,,1
G62,G1901,Directed,9772,,,1
G62,G1904,Directed,9773,,,1
G63,G30,Directed,9774,,,1
G63,G31,Directed,9775,,,1
G63,G48,Directed,9776,,,1
G63,G62,Directed,9777,,,1
G63,G368,Directed,9778,,,1
G63,G376,Directed,9779,,,1
G63,G407,Directed,9780,,,1
G63,G410,Directed,9781,,,1
G63,G1072,Directed,9782,,,1
G63,G1420,Directed,9783,,,1
G63,G1441,Directed,9784,,,1
G63,G1887,Directed,9785,,,1
G63,G1901,Directed,9786,,,1
G63,G1904,Directed,9787,,,1
G64,G65,Directed,9788,,,1
G64,G182,Directed,9789,,,1
G64,G235,Directed,9790,,,1
G64,G695,Directed,9791,,,1
G64,G1449,Directed,9792,,,1
G64,G1647,Directed,9793,,,1
G64,G1916,Directed,9794,,,1
G64,G1959,Directed,9795,,,1
G65,G28,Directed,9796,,,1
G65,G29,Directed,9797,,,1
G65,G41,Directed,9798,,,1
G65,G42,Directed,9799,,,1
G65,G45,Directed,9800,,,1
G65,G46,Directed,9801,,,1
G65,G64,Directed,9802,,,1
G65,G198,Directed,9803,,,1
G65,G199,Directed,9804,,,1
G65,G235,Directed,9805,,,1
G65,G258,Directed,9806,,,1
G65,G275,Directed,9807,,,1
G65,G423,Directed,9808,,,1
G65,G521,Directed,9809,,,1
G65,G535,Directed,9810,,,1
G65,G614,Directed,9811,,,1
G65,G918,Directed,9812,,,1
G65,G919,Directed,9813,,,1
G65,G921,Directed,9814,,,1
G65,G922,Directed,9815,,,1
G65,G953,Directed,9816,,,1
G65,G954,Directed,9817,,,1
G65,G955,Directed,9818,,,1
G65,G960,Directed,9819,,,1
G65,G964,Directed,9820,,,1
G65,G966,Directed,9821,,,1
G65,G977,Directed,9822,,,1
G65,G979,Directed,9823,,,1
G65,G1454,Directed,9824,,,1
G65,G2010,Directed,9825,,,1
G65,G2043,Directed,9826,,,1
G65,G2061,Directed,9827,,,1
G66,G25,Directed,9828,,,1
G66,G26,Directed,9829,,,1
G66,G288,Directed,9830,,,1
G66,G342,Directed,9831,,,1
G66,G350,Directed,9832,,,1
G66,G354,Directed,9833,,,1
G66,G376,Directed,9834,,,1
G66,G598,Directed,9835,,,1
G66,G651,Directed,9836,,,1
G66,G738,Directed,9837,,,1
G66,G798,Directed,9838,,,1
G66,G2195,Directed,9839,,,1
G67,G28,Directed,9840,,,1
G67,G40,Directed,9841,,,1
G67,G41,Directed,9842,,,1
G67,G42,Directed,9843,,,1
G67,G45,Directed,9844,,,1
G67,G46,Directed,9845,,,1
G67,G68,Directed,9846,,,1
G67,G91,Directed,9847,,,1
G67,G113,Directed,9848,,,1
G67,G157,Directed,9849,,,1
G67,G210,Directed,9850,,,1
G67,G213,Directed,9851,,,1
G67,G255,Directed,9852,,,1
G67,G267,Directed,9853,,,1
G67,G322,Directed,9854,,,1
G67,G335,Directed,9855,,,1
G67,G413,Directed,9856,,,1
G67,G422,Directed,9857,,,1
G67,G485,Directed,9858,,,1
G67,G570,Directed,9859,,,1
G67,G682,Directed,9860,,,1
G67,G802,Directed,9861,,,1
G67,G892,Directed,9862,,,1
G67,G912,Directed,9863,,,1
G67,G913,Directed,9864,,,1
G67,G914,Directed,9865,,,1
G67,G917,Directed,9866,,,1
G67,G1104,Directed,9867,,,1
G67,G1114,Directed,9868,,,1
G67,G1121,Directed,9869,,,1
G67,G1122,Directed,9870,,,1
G67,G1126,Directed,9871,,,1
G67,G1156,Directed,9872,,,1
G67,G1161,Directed,9873,,,1
G67,G1162,Directed,9874,,,1
G67,G1163,Directed,9875,,,1
G67,G1164,Directed,9876,,,1
G67,G1197,Directed,9877,,,1
G67,G1253,Directed,9878,,,1
G67,G1254,Directed,9879,,,1
G67,G1261,Directed,9880,,,1
G67,G1262,Directed,9881,,,1
G67,G1273,Directed,9882,,,1
G67,G1305,Directed,9883,,,1
G67,G1478,Directed,9884,,,1
G67,G1479,Directed,9885,,,1
G67,G1480,Directed,9886,,,1
G67,G1481,Directed,9887,,,1
G67,G1494,Directed,9888,,,1
G67,G1495,Directed,9889,,,1
G67,G1657,Directed,9890,,,1
G67,G1872,Directed,9891,,,1
G68,G28,Directed,9892,,,1
G68,G29,Directed,9893,,,1
G68,G40,Directed,9894,,,1
G68,G41,Directed,9895,,,1
G68,G42,Directed,9896,,,1
G68,G45,Directed,9897,,,1
G68,G46,Directed,9898,,,1
G68,G67,Directed,9899,,,1
G68,G69,Directed,9900,,,1
G68,G112,Directed,9901,,,1
G68,G113,Directed,9902,,,1
G68,G157,Directed,9903,,,1
G68,G175,Directed,9904,,,1
G68,G176,Directed,9905,,,1
G68,G177,Directed,9906,,,1
G68,G178,Directed,9907,,,1
G68,G179,Directed,9908,,,1
G68,G180,Directed,9909,,,1
G68,G181,Directed,9910,,,1
G68,G182,Directed,9911,,,1
G68,G183,Directed,9912,,,1
G68,G184,Directed,9913,,,1
G68,G185,Directed,9914,,,1
G68,G186,Directed,9915,,,1
G68,G187,Directed,9916,,,1
G68,G189,Directed,9917,,,1
G68,G190,Directed,9918,,,1
G68,G191,Directed,9919,,,1
G68,G192,Directed,9920,,,1
G68,G195,Directed,9921,,,1
G68,G198,Directed,9922,,,1
G68,G199,Directed,9923,,,1
G68,G204,Directed,9924,,,1
G68,G205,Directed,9925,,,1
G68,G206,Directed,9926,,,1
G68,G207,Directed,9927,,,1
G68,G210,Directed,9928,,,1
G68,G213,Directed,9929,,,1
G68,G223,Directed,9930,,,1
G68,G235,Directed,9931,,,1
G68,G258,Directed,9932,,,1
G68,G275,Directed,9933,,,1
G68,G322,Directed,9934,,,1
G68,G335,Directed,9935,,,1
G68,G413,Directed,9936,,,1
G68,G422,Directed,9937,,,1
G68,G423,Directed,9938,,,1
G68,G463,Directed,9939,,,1
G68,G464,Directed,9940,,,1
G68,G483,Directed,9941,,,1
G68,G485,Directed,9942,,,1
G68,G518,Directed,9943,,,1
G68,G521,Directed,9944,,,1
G68,G535,Directed,9945,,,1
G68,G543,Directed,9946,,,1
G68,G570,Directed,9947,,,1
G68,G864,Directed,9948,,,1
G68,G892,Directed,9949,,,1
G68,G912,Directed,9950,,,1
G68,G913,Directed,9951,,,1
G68,G914,Directed,9952,,,1
G68,G917,Directed,9953,,,1
G68,G918,Directed,9954,,,1
G68,G919,Directed,9955,,,1
G68,G921,Directed,9956,,,1
G68,G922,Directed,9957,,,1
G68,G923,Directed,9958,,,1
G68,G924,Directed,9959,,,1
G68,G925,Directed,9960,,,1
G68,G926,Directed,9961,,,1
G68,G927,Directed,9962,,,1
G68,G928,Directed,9963,,,1
G68,G932,Directed,9964,,,1
G68,G933,Directed,9965,,,1
G68,G934,Directed,9966,,,1
G68,G935,Directed,9967,,,1
G68,G936,Directed,9968,,,1
G68,G937,Directed,9969,,,1
G68,G938,Directed,9970,,,1
G68,G939,Directed,9971,,,1
G68,G940,Directed,9972,,,1
G68,G941,Directed,9973,,,1
G68,G942,Directed,9974,,,1
G68,G943,Directed,9975,,,1
G68,G944,Directed,9976,,,1
G68,G949,Directed,9977,,,1
G68,G953,Directed,9978,,,1
G68,G954,Directed,9979,,,1
G68,G955,Directed,9980,,,1
G68,G960,Directed,9981,,,1
G68,G964,Directed,9982,,,1
G68,G966,Directed,9983,,,1
G68,G967,Directed,9984,,,1
G68,G977,Directed,9985,,,1
G68,G1060,Directed,9986,,,1
G68,G1073,Directed,9987,,,1
G68,G1101,Directed,9988,,,1
G68,G1156,Directed,9989,,,1
G68,G1163,Directed,9990,,,1
G68,G1197,Directed,9991,,,1
G68,G1235,Directed,9992,,,1
G68,G1242,Directed,9993,,,1
G68,G1253,Directed,9994,,,1
G68,G1254,Directed,9995,,,1
G68,G1261,Directed,9996,,,1
G68,G1262,Directed,9997,,,1
G68,G1273,Directed,9998,,,1
G68,G1305,Directed,9999,,,1
G68,G1494,Directed,10000,,,1
G68,G1495,Directed,10001,,,1
G68,G1537,Directed,10002,,,1
G68,G1540,Directed,10003,,,1
G68,G1624,Directed,10004,,,1
G68,G1831,Directed,10005,,,1
G68,G1836,Directed,10006,,,1
G68,G1849,Directed,10007,,,1
G68,G1872,Directed,10008,,,1
G68,G1883,Directed,10009,,,1
G69,G49,Directed,10010,,,1
G69,G50,Directed,10011,,,1
G69,G51,Directed,10012,,,1
G69,G52,Directed,10013,,,1
G69,G53,Directed,10014,,,1
G69,G58,Directed,10015,,,1
G69,G68,Directed,10016,,,1
G69,G70,Directed,10017,,,1
G69,G71,Directed,10018,,,1
G69,G80,Directed,10019,,,1
G69,G81,Directed,10020,,,1
G69,G91,Directed,10021,,,1
G69,G92,Directed,10022,,,1
G69,G95,Directed,10023,,,1
G69,G97,Directed,10024,,,1
G69,G100,Directed,10025,,,1
G69,G112,Directed,10026,,,1
G69,G146,Directed,10027,,,1
G69,G150,Directed,10028,,,1
G69,G158,Directed,10029,,,1
G69,G175,Directed,10030,,,1
G69,G176,Directed,10031,,,1
G69,G177,Directed,10032,,,1
G69,G180,Directed,10033,,,1
G69,G183,Directed,10034,,,1
G69,G186,Directed,10035,,,1
G69,G190,Directed,10036,,,1
G69,G191,Directed,10037,,,1
G69,G192,Directed,10038,,,1
G69,G195,Directed,10039,,,1
G69,G204,Directed,10040,,,1
G69,G205,Directed,10041,,,1
G69,G206,Directed,10042,,,1
G69,G207,Directed,10043,,,1
G69,G223,Directed,10044,,,1
G69,G245,Directed,10045,,,1
G69,G265,Directed,10046,,,1
G69,G275,Directed,10047,,,1
G69,G342,Directed,10048,,,1
G69,G456,Directed,10049,,,1
G69,G513,Directed,10050,,,1
G69,G518,Directed,10051,,,1
G69,G598,Directed,10052,,,1
G69,G632,Directed,10053,,,1
G69,G652,Directed,10054,,,1
G69,G841,Directed,10055,,,1
G69,G918,Directed,10056,,,1
G69,G923,Directed,10057,,,1
G69,G924,Directed,10058,,,1
G69,G932,Directed,10059,,,1
G69,G933,Directed,10060,,,1
G69,G936,Directed,10061,,,1
G69,G937,Directed,10062,,,1
G69,G949,Directed,10063,,,1
G69,G967,Directed,10064,,,1
G69,G1101,Directed,10065,,,1
G69,G1412,Directed,10066,,,1
G69,G1587,Directed,10067,,,1
G70,G1,Directed,10068,,,1
G70,G2,Directed,10069,,,1
G70,G49,Directed,10070,,,1
G70,G50,Directed,10071,,,1
G70,G51,Directed,10072,,,1
G70,G52,Directed,10073,,,1
G70,G53,Directed,10074,,,1
G70,G58,Directed,10075,,,1
G70,G69,Directed,10076,,,1
G70,G75,Directed,10077,,,1
G70,G76,Directed,10078,,,1
G70,G79,Directed,10079,,,1
G70,G80,Directed,10080,,,1
G70,G84,Directed,10081,,,1
G70,G92,Directed,10082,,,1
G70,G99,Directed,10083,,,1
G70,G158,Directed,10084,,,1
G70,G245,Directed,10085,,,1
G70,G263,Directed,10086,,,1
G70,G267,Directed,10087,,,1
G70,G288,Directed,10088,,,1
G70,G296,Directed,10089,,,1
G70,G302,Directed,10090,,,1
G70,G342,Directed,10091,,,1
G70,G462,Directed,10092,,,1
G70,G628,Directed,10093,,,1
G71,G49,Directed,10094,,,1
G71,G50,Directed,10095,,,1
G71,G51,Directed,10096,,,1
G71,G52,Directed,10097,,,1
G71,G53,Directed,10098,,,1
G71,G58,Directed,10099,,,1
G71,G69,Directed,10100,,,1
G71,G75,Directed,10101,,,1
G71,G76,Directed,10102,,,1
G71,G80,Directed,10103,,,1
G71,G81,Directed,10104,,,1
G71,G92,Directed,10105,,,1
G71,G95,Directed,10106,,,1
G71,G97,Directed,10107,,,1
G71,G100,Directed,10108,,,1
G71,G146,Directed,10109,,,1
G71,G150,Directed,10110,,,1
G71,G153,Directed,10111,,,1
G71,G174,Directed,10112,,,1
G71,G245,Directed,10113,,,1
G71,G263,Directed,10114,,,1
G71,G265,Directed,10115,,,1
G71,G342,Directed,10116,,,1
G71,G381,Directed,10117,,,1
G71,G423,Directed,10118,,,1
G71,G456,Directed,10119,,,1
G71,G492,Directed,10120,,,1
G71,G512,Directed,10121,,,1
G71,G516,Directed,10122,,,1
G71,G559,Directed,10123,,,1
G71,G598,Directed,10124,,,1
G71,G632,Directed,10125,,,1
G71,G696,Directed,10126,,,1
G71,G761,Directed,10127,,,1
G71,G786,Directed,10128,,,1
G71,G841,Directed,10129,,,1
G71,G1412,Directed,10130,,,1
G71,G1587,Directed,10131,,,1
G72,G73,Directed,10132,,,1
G72,G647,Directed,10133,,,1
G72,G1415,Directed,10134,,,1
G72,G1425,Directed,10135,,,1
G72,G1524,Directed,10136,,,1
G73,G72,Directed,10137,,,1
G73,G321,Directed,10138,,,1
G73,G590,Directed,10139,,,1
G73,G613,Directed,10140,,,1
G73,G647,Directed,10141,,,1
G73,G915,Directed,10142,,,1
G73,G1415,Directed,10143,,,1
G73,G1425,Directed,10144,,,1
G73,G1524,Directed,10145,,,1
G74,G15,Directed,10146,,,1
G74,G16,Directed,10147,,,1
G75,G49,Directed,10148,,,1
G75,G50,Directed,10149,,,1
G75,G51,Directed,10150,,,1
G75,G52,Directed,10151,,,1
G75,G53,Directed,10152,,,1
G75,G58,Directed,10153,,,1
G75,G70,Directed,10154,,,1
G75,G71,Directed,10155,,,1
G75,G76,Directed,10156,,,1
G75,G80,Directed,10157,,,1
G75,G81,Directed,10158,,,1
G75,G84,Directed,10159,,,1
G75,G92,Directed,10160,,,1
G75,G95,Directed,10161,,,1
G75,G99,Directed,10162,,,1
G75,G100,Directed,10163,,,1
G75,G150,Directed,10164,,,1
G75,G155,Directed,10165,,,1
G75,G158,Directed,10166,,,1
G75,G245,Directed,10167,,,1
G75,G263,Directed,10168,,,1
G75,G265,Directed,10169,,,1
G75,G267,Directed,10170,,,1
G75,G296,Directed,10171,,,1
G75,G302,Directed,10172,,,1
G75,G342,Directed,10173,,,1
G75,G351,Directed,10174,,,1
G75,G381,Directed,10175,,,1
G75,G405,Directed,10176,,,1
G75,G456,Directed,10177,,,1
G75,G462,Directed,10178,,,1
G75,G472,Directed,10179,,,1
G75,G512,Directed,10180,,,1
G75,G1345,Directed,10181,,,1
G76,G1,Directed,10182,,,1
G76,G2,Directed,10183,,,1
G76,G25,Directed,10184,,,1
G76,G26,Directed,10185,,,1
G76,G49,Directed,10186,,,1
G76,G50,Directed,10187,,,1
G76,G51,Directed,10188,,,1
G76,G52,Directed,10189,,,1
G76,G53,Directed,10190,,,1
G76,G58,Directed,10191,,,1
G76,G70,Directed,10192,,,1
G76,G71,Directed,10193,,,1
G76,G75,Directed,10194,,,1
G76,G80,Directed,10195,,,1
G76,G81,Directed,10196,,,1
G76,G84,Directed,10197,,,1
G76,G92,Directed,10198,,,1
G76,G95,Directed,10199,,,1
G76,G97,Directed,10200,,,1
G76,G99,Directed,10201,,,1
G76,G111,Directed,10202,,,1
G76,G150,Directed,10203,,,1
G76,G155,Directed,10204,,,1
G76,G156,Directed,10205,,,1
G76,G166,Directed,10206,,,1
G76,G245,Directed,10207,,,1
G76,G263,Directed,10208,,,1
G76,G265,Directed,10209,,,1
G76,G267,Directed,10210,,,1
G76,G289,Directed,10211,,,1
G76,G302,Directed,10212,,,1
G76,G342,Directed,10213,,,1
G76,G351,Directed,10214,,,1
G76,G381,Directed,10215,,,1
G76,G405,Directed,10216,,,1
G76,G456,Directed,10217,,,1
G76,G471,Directed,10218,,,1
G76,G508,Directed,10219,,,1
G76,G512,Directed,10220,,,1
G76,G545,Directed,10221,,,1
G76,G589,Directed,10222,,,1
G76,G759,Directed,10223,,,1
G76,G1345,Directed,10224,,,1
G77,G78,Directed,10225,,,1
G77,G273,Directed,10226,,,1
G77,G425,Directed,10227,,,1
G77,G1049,Directed,10228,,,1
G77,G1130,Directed,10229,,,1
G77,G1472,Directed,10230,,,1
G78,G77,Directed,10231,,,1
G78,G364,Directed,10232,,,1
G78,G1275,Directed,10233,,,1
G78,G1615,Directed,10234,,,1
G79,G1,Directed,10235,,,1
G79,G2,Directed,10236,,,1
G79,G53,Directed,10237,,,1
G79,G70,Directed,10238,,,1
G79,G99,Directed,10239,,,1
G79,G155,Directed,10240,,,1
G79,G156,Directed,10241,,,1
G79,G288,Directed,10242,,,1
G79,G296,Directed,10243,,,1
G79,G342,Directed,10244,,,1
G79,G496,Directed,10245,,,1
G79,G640,Directed,10246,,,1
G79,G671,Directed,10247,,,1
G80,G29,Directed,10248,,,1
G80,G49,Directed,10249,,,1
G80,G50,Directed,10250,,,1
G80,G51,Directed,10251,,,1
G80,G52,Directed,10252,,,1
G80,G53,Directed,10253,,,1
G80,G58,Directed,10254,,,1
G80,G69,Directed,10255,,,1
G80,G70,Directed,10256,,,1
G80,G71,Directed,10257,,,1
G80,G75,Directed,10258,,,1
G80,G76,Directed,10259,,,1
G80,G81,Directed,10260,,,1
G80,G84,Directed,10261,,,1
G80,G92,Directed,10262,,,1
G80,G95,Directed,10263,,,1
G80,G97,Directed,10264,,,1
G80,G100,Directed,10265,,,1
G80,G150,Directed,10266,,,1
G80,G176,Directed,10267,,,1
G80,G192,Directed,10268,,,1
G80,G199,Directed,10269,,,1
G80,G206,Directed,10270,,,1
G80,G223,Directed,10271,,,1
G80,G245,Directed,10272,,,1
G80,G263,Directed,10273,,,1
G80,G265,Directed,10274,,,1
G80,G267,Directed,10275,,,1
G80,G302,Directed,10276,,,1
G80,G342,Directed,10277,,,1
G80,G351,Directed,10278,,,1
G80,G381,Directed,10279,,,1
G80,G405,Directed,10280,,,1
G80,G423,Directed,10281,,,1
G80,G456,Directed,10282,,,1
G80,G462,Directed,10283,,,1
G80,G471,Directed,10284,,,1
G80,G472,Directed,10285,,,1
G80,G489,Directed,10286,,,1
G80,G512,Directed,10287,,,1
G80,G528,Directed,10288,,,1
G80,G554,Directed,10289,,,1
G80,G599,Directed,10290,,,1
G80,G841,Directed,10291,,,1
G80,G933,Directed,10292,,,1
G80,G1101,Directed,10293,,,1
G80,G1245,Directed,10294,,,1
G80,G1321,Directed,10295,,,1
G80,G1345,Directed,10296,,,1
G80,G1412,Directed,10297,,,1
G80,G1587,Directed,10298,,,1
G81,G49,Directed,10299,,,1
G81,G50,Directed,10300,,,1
G81,G51,Directed,10301,,,1
G81,G52,Directed,10302,,,1
G81,G53,Directed,10303,,,1
G81,G58,Directed,10304,,,1
G81,G69,Directed,10305,,,1
G81,G71,Directed,10306,,,1
G81,G75,Directed,10307,,,1
G81,G76,Directed,10308,,,1
G81,G80,Directed,10309,,,1
G81,G95,Directed,10310,,,1
G81,G97,Directed,10311,,,1
G81,G100,Directed,10312,,,1
G81,G150,Directed,10313,,,1
G81,G245,Directed,10314,,,1
G81,G263,Directed,10315,,,1
G81,G265,Directed,10316,,,1
G81,G267,Directed,10317,,,1
G81,G302,Directed,10318,,,1
G81,G351,Directed,10319,,,1
G81,G381,Directed,10320,,,1
G81,G405,Directed,10321,,,1
G81,G423,Directed,10322,,,1
G81,G456,Directed,10323,,,1
G81,G489,Directed,10324,,,1
G81,G528,Directed,10325,,,1
G81,G554,Directed,10326,,,1
G81,G599,Directed,10327,,,1
G81,G871,Directed,10328,,,1
G81,G1345,Directed,10329,,,1
G81,G1412,Directed,10330,,,1
G82,G83,Directed,10331,,,1
G82,G354,Directed,10332,,,1
G82,G371,Directed,10333,,,1
G82,G565,Directed,10334,,,1
G82,G658,Directed,10335,,,1
G83,G82,Directed,10336,,,1
G83,G371,Directed,10337,,,1
G83,G372,Directed,10338,,,1
G83,G807,Directed,10339,,,1
G83,G1233,Directed,10340,,,1
G83,G1234,Directed,10341,,,1
G83,G1286,Directed,10342,,,1
G83,G1303,Directed,10343,,,1
G83,G1307,Directed,10344,,,1
G84,G49,Directed,10345,,,1
G84,G50,Directed,10346,,,1
G84,G51,Directed,10347,,,1
G84,G52,Directed,10348,,,1
G84,G53,Directed,10349,,,1
G84,G58,Directed,10350,,,1
G84,G70,Directed,10351,,,1
G84,G75,Directed,10352,,,1
G84,G76,Directed,10353,,,1
G84,G80,Directed,10354,,,1
G84,G92,Directed,10355,,,1
G84,G99,Directed,10356,,,1
G84,G146,Directed,10357,,,1
G84,G150,Directed,10358,,,1
G84,G153,Directed,10359,,,1
G84,G245,Directed,10360,,,1
G84,G263,Directed,10361,,,1
G84,G265,Directed,10362,,,1
G84,G267,Directed,10363,,,1
G84,G288,Directed,10364,,,1
G84,G296,Directed,10365,,,1
G84,G302,Directed,10366,,,1
G84,G342,Directed,10367,,,1
G84,G381,Directed,10368,,,1
G84,G462,Directed,10369,,,1
G84,G471,Directed,10370,,,1
G84,G517,Directed,10371,,,1
G84,G526,Directed,10372,,,1
G84,G589,Directed,10373,,,1
G84,G640,Directed,10374,,,1
G84,G1345,Directed,10375,,,1
G85,G86,Directed,10376,,,1
G85,G98,Directed,10377,,,1
G85,G114,Directed,10378,,,1
G85,G136,Directed,10379,,,1
G85,G154,Directed,10380,,,1
G85,G165,Directed,10381,,,1
G85,G683,Directed,10382,,,1
G85,G733,Directed,10383,,,1
G85,G835,Directed,10384,,,1
G85,G1025,Directed,10385,,,1
G86,G85,Directed,10386,,,1
G86,G98,Directed,10387,,,1
G86,G114,Directed,10388,,,1
G86,G136,Directed,10389,,,1
G86,G154,Directed,10390,,,1
G86,G165,Directed,10391,,,1
G86,G733,Directed,10392,,,1
G87,G88,Directed,10393,,,1
G87,G126,Directed,10394,,,1
G87,G137,Directed,10395,,,1
G87,G514,Directed,10396,,,1
G87,G585,Directed,10397,,,1
G87,G647,Directed,10398,,,1
G87,G1183,Directed,10399,,,1
G87,G1437,Directed,10400,,,1
G87,G2174,Directed,10401,,,1
G87,G2297,Directed,10402,,,1
G87,G2298,Directed,10403,,,1
G88,G87,Directed,10404,,,1
G88,G621,Directed,10405,,,1
G88,G799,Directed,10406,,,1
G89,G90,Directed,10407,,,1
G89,G140,Directed,10408,,,1
G89,G453,Directed,10409,,,1
G89,G454,Directed,10410,,,1
G89,G697,Directed,10411,,,1
G89,G699,Directed,10412,,,1
G89,G2002,Directed,10413,,,1
G89,G2084,Directed,10414,,,1
G90,G89,Directed,10415,,,1
G90,G140,Directed,10416,,,1
G90,G453,Directed,10417,,,1
G90,G454,Directed,10418,,,1
G91,G28,Directed,10419,,,1
G91,G29,Directed,10420,,,1
G91,G40,Directed,10421,,,1
G91,G41,Directed,10422,,,1
G91,G42,Directed,10423,,,1
G91,G45,Directed,10424,,,1
G91,G46,Directed,10425,,,1
G91,G67,Directed,10426,,,1
G91,G69,Directed,10427,,,1
G91,G112,Directed,10428,,,1
G91,G113,Directed,10429,,,1
G91,G175,Directed,10430,,,1
G91,G176,Directed,10431,,,1
G91,G177,Directed,10432,,,1
G91,G178,Directed,10433,,,1
G91,G179,Directed,10434,,,1
G91,G180,Directed,10435,,,1
G91,G181,Directed,10436,,,1
G91,G182,Directed,10437,,,1
G91,G183,Directed,10438,,,1
G91,G184,Directed,10439,,,1
G91,G185,Directed,10440,,,1
G91,G186,Directed,10441,,,1
G91,G187,Directed,10442,,,1
G91,G189,Directed,10443,,,1
G91,G190,Directed,10444,,,1
G91,G191,Directed,10445,,,1
G91,G192,Directed,10446,,,1
G91,G195,Directed,10447,,,1
G91,G198,Directed,10448,,,1
G91,G199,Directed,10449,,,1
G91,G204,Directed,10450,,,1
G91,G205,Directed,10451,,,1
G91,G206,Directed,10452,,,1
G91,G207,Directed,10453,,,1
G91,G210,Directed,10454,,,1
G91,G213,Directed,10455,,,1
G91,G223,Directed,10456,,,1
G91,G235,Directed,10457,,,1
G91,G258,Directed,10458,,,1
G91,G275,Directed,10459,,,1
G91,G322,Directed,10460,,,1
G91,G422,Directed,10461,,,1
G91,G423,Directed,10462,,,1
G91,G518,Directed,10463,,,1
G91,G521,Directed,10464,,,1
G91,G524,Directed,10465,,,1
G91,G535,Directed,10466,,,1
G91,G584,Directed,10467,,,1
G91,G675,Directed,10468,,,1
G91,G864,Directed,10469,,,1
G91,G892,Directed,10470,,,1
G91,G912,Directed,10471,,,1
G91,G913,Directed,10472,,,1
G91,G914,Directed,10473,,,1
G91,G917,Directed,10474,,,1
G91,G918,Directed,10475,,,1
G91,G919,Directed,10476,,,1
G91,G921,Directed,10477,,,1
G91,G922,Directed,10478,,,1
G91,G923,Directed,10479,,,1
G91,G924,Directed,10480,,,1
G91,G925,Directed,10481,,,1
G91,G926,Directed,10482,,,1
G91,G927,Directed,10483,,,1
G91,G928,Directed,10484,,,1
G91,G932,Directed,10485,,,1
G91,G933,Directed,10486,,,1
G91,G934,Directed,10487,,,1
G91,G935,Directed,10488,,,1
G91,G936,Directed,10489,,,1
G91,G937,Directed,10490,,,1
G91,G938,Directed,10491,,,1
G91,G939,Directed,10492,,,1
G91,G940,Directed,10493,,,1
G91,G941,Directed,10494,,,1
G91,G942,Directed,10495,,,1
G91,G943,Directed,10496,,,1
G91,G944,Directed,10497,,,1
G91,G949,Directed,10498,,,1
G91,G953,Directed,10499,,,1
G91,G954,Directed,10500,,,1
G91,G955,Directed,10501,,,1
G91,G960,Directed,10502,,,1
G91,G964,Directed,10503,,,1
G91,G966,Directed,10504,,,1
G91,G967,Directed,10505,,,1
G91,G977,Directed,10506,,,1
G91,G1060,Directed,10507,,,1
G91,G1073,Directed,10508,,,1
G91,G1101,Directed,10509,,,1
G91,G1156,Directed,10510,,,1
G91,G1163,Directed,10511,,,1
G91,G1235,Directed,10512,,,1
G91,G1242,Directed,10513,,,1
G91,G1253,Directed,10514,,,1
G91,G1254,Directed,10515,,,1
G91,G1261,Directed,10516,,,1
G91,G1262,Directed,10517,,,1
G91,G1273,Directed,10518,,,1
G91,G1305,Directed,10519,,,1
G91,G1438,Directed,10520,,,1
G91,G1494,Directed,10521,,,1
G91,G1495,Directed,10522,,,1
G91,G1537,Directed,10523,,,1
G91,G1540,Directed,10524,,,1
G91,G1624,Directed,10525,,,1
G91,G1690,Directed,10526,,,1
G91,G1831,Directed,10527,,,1
G91,G1836,Directed,10528,,,1
G91,G1838,Directed,10529,,,1
G91,G1872,Directed,10530,,,1
G91,G1883,Directed,10531,,,1
G92,G1,Directed,10532,,,1
G92,G2,Directed,10533,,,1
G92,G25,Directed,10534,,,1
G92,G26,Directed,10535,,,1
G92,G49,Directed,10536,,,1
G92,G50,Directed,10537,,,1
G92,G51,Directed,10538,,,1
G92,G52,Directed,10539,,,1
G92,G53,Directed,10540,,,1
G92,G58,Directed,10541,,,1
G92,G69,Directed,10542,,,1
G92,G70,Directed,10543,,,1
G92,G71,Directed,10544,,,1
G92,G75,Directed,10545,,,1
G92,G76,Directed,10546,,,1
G92,G80,Directed,10547,,,1
G92,G84,Directed,10548,,,1
G92,G95,Directed,10549,,,1
G92,G97,Directed,10550,,,1
G92,G99,Directed,10551,,,1
G92,G138,Directed,10552,,,1
G92,G146,Directed,10553,,,1
G92,G150,Directed,10554,,,1
G92,G155,Directed,10555,,,1
G92,G156,Directed,10556,,,1
G92,G245,Directed,10557,,,1
G92,G263,Directed,10558,,,1
G92,G267,Directed,10559,,,1
G92,G288,Directed,10560,,,1
G92,G289,Directed,10561,,,1
G92,G296,Directed,10562,,,1
G92,G302,Directed,10563,,,1
G92,G309,Directed,10564,,,1
G92,G320,Directed,10565,,,1
G92,G342,Directed,10566,,,1
G92,G381,Directed,10567,,,1
G92,G386,Directed,10568,,,1
G92,G393,Directed,10569,,,1
G92,G462,Directed,10570,,,1
G92,G472,Directed,10571,,,1
G92,G500,Directed,10572,,,1
G92,G508,Directed,10573,,,1
G92,G512,Directed,10574,,,1
G92,G517,Directed,10575,,,1
G92,G522,Directed,10576,,,1
G92,G586,Directed,10577,,,1
G92,G624,Directed,10578,,,1
G92,G640,Directed,10579,,,1
G92,G662,Directed,10580,,,1
G92,G1345,Directed,10581,,,1
G92,G1820,Directed,10582,,,1
G93,G94,Directed,10583,,,1
G93,G174,Directed,10584,,,1
G93,G266,Directed,10585,,,1
G93,G976,Directed,10586,,,1
G93,G1860,Directed,10587,,,1
G94,G93,Directed,10588,,,1
G94,G266,Directed,10589,,,1
G94,G976,Directed,10590,,,1
G95,G1,Directed,10591,,,1
G95,G2,Directed,10592,,,1
G95,G22,Directed,10593,,,1
G95,G49,Directed,10594,,,1
G95,G50,Directed,10595,,,1
G95,G51,Directed,10596,,,1
G95,G52,Directed,10597,,,1
G95,G53,Directed,10598,,,1
G95,G58,Directed,10599,,,1
G95,G69,Directed,10600,,,1
G95,G71,Directed,10601,,,1
G95,G75,Directed,10602,,,1
G95,G76,Directed,10603,,,1
G95,G80,Directed,10604,,,1
G95,G81,Directed,10605,,,1
G95,G92,Directed,10606,,,1
G95,G97,Directed,10607,,,1
G95,G99,Directed,10608,,,1
G95,G100,Directed,10609,,,1
G95,G131,Directed,10610,,,1
G95,G146,Directed,10611,,,1
G95,G150,Directed,10612,,,1
G95,G153,Directed,10613,,,1
G95,G155,Directed,10614,,,1
G95,G245,Directed,10615,,,1
G95,G263,Directed,10616,,,1
G95,G265,Directed,10617,,,1
G95,G267,Directed,10618,,,1
G95,G296,Directed,10619,,,1
G95,G302,Directed,10620,,,1
G95,G309,Directed,10621,,,1
G95,G342,Directed,10622,,,1
G95,G351,Directed,10623,,,1
G95,G393,Directed,10624,,,1
G95,G402,Directed,10625,,,1
G95,G405,Directed,10626,,,1
G95,G456,Directed,10627,,,1
G95,G462,Directed,10628,,,1
G95,G488,Directed,10629,,,1
G95,G489,Directed,10630,,,1
G95,G500,Directed,10631,,,1
G95,G512,Directed,10632,,,1
G95,G528,Directed,10633,,,1
G95,G554,Directed,10634,,,1
G95,G862,Directed,10635,,,1
G95,G1345,Directed,10636,,,1
G96,G19,Directed,10637,,,1
G96,G20,Directed,10638,,,1
G96,G337,Directed,10639,,,1
G97,G49,Directed,10640,,,1
G97,G50,Directed,10641,,,1
G97,G51,Directed,10642,,,1
G97,G58,Directed,10643,,,1
G97,G69,Directed,10644,,,1
G97,G71,Directed,10645,,,1
G97,G76,Directed,10646,,,1
G97,G80,Directed,10647,,,1
G97,G81,Directed,10648,,,1
G97,G92,Directed,10649,,,1
G97,G95,Directed,10650,,,1
G97,G100,Directed,10651,,,1
G97,G150,Directed,10652,,,1
G97,G174,Directed,10653,,,1
G97,G245,Directed,10654,,,1
G97,G265,Directed,10655,,,1
G97,G456,Directed,10656,,,1
G97,G696,Directed,10657,,,1
G97,G841,Directed,10658,,,1
G97,G1412,Directed,10659,,,1
G97,G1587,Directed,10660,,,1
G98,G6,Directed,10661,,,1
G98,G85,Directed,10662,,,1
G98,G86,Directed,10663,,,1
G98,G114,Directed,10664,,,1
G98,G136,Directed,10665,,,1
G98,G154,Directed,10666,,,1
G98,G292,Directed,10667,,,1
G98,G420,Directed,10668,,,1
G98,G496,Directed,10669,,,1
G98,G609,Directed,10670,,,1
G98,G637,Directed,10671,,,1
G98,G683,Directed,10672,,,1
G98,G688,Directed,10673,,,1
G98,G733,Directed,10674,,,1
G98,G1110,Directed,10675,,,1
G98,G1213,Directed,10676,,,1
G99,G1,Directed,10677,,,1
G99,G2,Directed,10678,,,1
G99,G3,Directed,10679,,,1
G99,G4,Directed,10680,,,1
G99,G22,Directed,10681,,,1
G99,G49,Directed,10682,,,1
G99,G50,Directed,10683,,,1
G99,G51,Directed,10684,,,1
G99,G52,Directed,10685,,,1
G99,G53,Directed,10686,,,1
G99,G58,Directed,10687,,,1
G99,G70,Directed,10688,,,1
G99,G75,Directed,10689,,,1
G99,G76,Directed,10690,,,1
G99,G79,Directed,10691,,,1
G99,G84,Directed,10692,,,1
G99,G92,Directed,10693,,,1
G99,G95,Directed,10694,,,1
G99,G101,Directed,10695,,,1
G99,G102,Directed,10696,,,1
G99,G111,Directed,10697,,,1
G99,G131,Directed,10698,,,1
G99,G138,Directed,10699,,,1
G99,G142,Directed,10700,,,1
G99,G155,Directed,10701,,,1
G99,G156,Directed,10702,,,1
G99,G243,Directed,10703,,,1
G99,G245,Directed,10704,,,1
G99,G263,Directed,10705,,,1
G99,G267,Directed,10706,,,1
G99,G288,Directed,10707,,,1
G99,G296,Directed,10708,,,1
G99,G302,Directed,10709,,,1
G99,G309,Directed,10710,,,1
G99,G342,Directed,10711,,,1
G99,G373,Directed,10712,,,1
G99,G374,Directed,10713,,,1
G99,G384,Directed,10714,,,1
G99,G386,Directed,10715,,,1
G99,G388,Directed,10716,,,1
G99,G393,Directed,10717,,,1
G99,G402,Directed,10718,,,1
G99,G468,Directed,10719,,,1
G99,G478,Directed,10720,,,1
G99,G488,Directed,10721,,,1
G99,G496,Directed,10722,,,1
G99,G526,Directed,10723,,,1
G99,G530,Directed,10724,,,1
G99,G534,Directed,10725,,,1
G99,G543,Directed,10726,,,1
G99,G640,Directed,10727,,,1
G99,G663,Directed,10728,,,1
G99,G680,Directed,10729,,,1
G99,G744,Directed,10730,,,1
G99,G749,Directed,10731,,,1
G99,G777,Directed,10732,,,1
G99,G862,Directed,10733,,,1
G99,G1104,Directed,10734,,,1
G99,G1554,Directed,10735,,,1
G99,G1561,Directed,10736,,,1
G100,G2,Directed,10737,,,1
G100,G49,Directed,10738,,,1
G100,G50,Directed,10739,,,1
G100,G51,Directed,10740,,,1
G100,G52,Directed,10741,,,1
G100,G53,Directed,10742,,,1
G100,G58,Directed,10743,,,1
G100,G69,Directed,10744,,,1
G100,G71,Directed,10745,,,1
G100,G75,Directed,10746,,,1
G100,G80,Directed,10747,,,1
G100,G81,Directed,10748,,,1
G100,G95,Directed,10749,,,1
G100,G97,Directed,10750,,,1
G100,G143,Directed,10751,,,1
G100,G150,Directed,10752,,,1
G100,G153,Directed,10753,,,1
G100,G245,Directed,10754,,,1
G100,G263,Directed,10755,,,1
G100,G265,Directed,10756,,,1
G100,G267,Directed,10757,,,1
G100,G302,Directed,10758,,,1
G100,G342,Directed,10759,,,1
G100,G351,Directed,10760,,,1
G100,G381,Directed,10761,,,1
G100,G423,Directed,10762,,,1
G100,G456,Directed,10763,,,1
G100,G462,Directed,10764,,,1
G100,G598,Directed,10765,,,1
G100,G599,Directed,10766,,,1
G100,G632,Directed,10767,,,1
G100,G1412,Directed,10768,,,1
G101,G1,Directed,10769,,,1
G101,G2,Directed,10770,,,1
G101,G3,Directed,10771,,,1
G101,G4,Directed,10772,,,1
G101,G22,Directed,10773,,,1
G101,G99,Directed,10774,,,1
G101,G102,Directed,10775,,,1
G101,G111,Directed,10776,,,1
G101,G131,Directed,10777,,,1
G101,G142,Directed,10778,,,1
G101,G155,Directed,10779,,,1
G101,G243,Directed,10780,,,1
G101,G296,Directed,10781,,,1
G101,G309,Directed,10782,,,1
G101,G342,Directed,10783,,,1
G101,G373,Directed,10784,,,1
G101,G374,Directed,10785,,,1
G101,G384,Directed,10786,,,1
G101,G386,Directed,10787,,,1
G101,G388,Directed,10788,,,1
G101,G393,Directed,10789,,,1
G101,G402,Directed,10790,,,1
G101,G468,Directed,10791,,,1
G101,G478,Directed,10792,,,1
G101,G488,Directed,10793,,,1
G101,G526,Directed,10794,,,1
G101,G662,Directed,10795,,,1
G101,G663,Directed,10796,,,1
G101,G680,Directed,10797,,,1
G101,G744,Directed,10798,,,1
G101,G749,Directed,10799,,,1
G101,G766,Directed,10800,,,1
G101,G862,Directed,10801,,,1
G101,G1104,Directed,10802,,,1
G101,G1554,Directed,10803,,,1
G101,G1561,Directed,10804,,,1
G102,G1,Directed,10805,,,1
G102,G2,Directed,10806,,,1
G102,G3,Directed,10807,,,1
G102,G4,Directed,10808,,,1
G102,G22,Directed,10809,,,1
G102,G99,Directed,10810,,,1
G102,G101,Directed,10811,,,1
G102,G111,Directed,10812,,,1
G102,G131,Directed,10813,,,1
G102,G142,Directed,10814,,,1
G102,G243,Directed,10815,,,1
G102,G296,Directed,10816,,,1
G102,G309,Directed,10817,,,1
G102,G342,Directed,10818,,,1
G102,G384,Directed,10819,,,1
G102,G388,Directed,10820,,,1
G102,G393,Directed,10821,,,1
G102,G402,Directed,10822,,,1
G102,G468,Directed,10823,,,1
G102,G478,Directed,10824,,,1
G102,G488,Directed,10825,,,1
G102,G534,Directed,10826,,,1
G102,G663,Directed,10827,,,1
G102,G736,Directed,10828,,,1
G102,G744,Directed,10829,,,1
G102,G749,Directed,10830,,,1
G102,G766,Directed,10831,,,1
G103,G104,Directed,10832,,,1
G103,G166,Directed,10833,,,1
G103,G167,Directed,10834,,,1
G103,G316,Directed,10835,,,1
G103,G1103,Directed,10836,,,1
G103,G1210,Directed,10837,,,1
G103,G1648,Directed,10838,,,1
G104,G103,Directed,10839,,,1
G104,G166,Directed,10840,,,1
G104,G316,Directed,10841,,,1
G104,G1103,Directed,10842,,,1
G104,G1210,Directed,10843,,,1
G105,G106,Directed,10844,,,1
G105,G128,Directed,10845,,,1
G105,G139,Directed,10846,,,1
G105,G284,Directed,10847,,,1
G105,G285,Directed,10848,,,1
G105,G319,Directed,10849,,,1
G105,G329,Directed,10850,,,1
G105,G343,Directed,10851,,,1
G105,G344,Directed,10852,,,1
G105,G399,Directed,10853,,,1
G105,G1058,Directed,10854,,,1
G105,G1059,Directed,10855,,,1
G105,G1065,Directed,10856,,,1
G105,G1066,Directed,10857,,,1
G105,G1099,Directed,10858,,,1
G105,G1144,Directed,10859,,,1
G106,G105,Directed,10860,,,1
G106,G139,Directed,10861,,,1
G106,G319,Directed,10862,,,1
G106,G399,Directed,10863,,,1
G106,G1058,Directed,10864,,,1
G106,G1059,Directed,10865,,,1
G107,G108,Directed,10866,,,1
G107,G519,Directed,10867,,,1
G108,G107,Directed,10868,,,1
G108,G320,Directed,10869,,,1
G108,G321,Directed,10870,,,1
G108,G519,Directed,10871,,,1
G108,G1533,Directed,10872,,,1
G108,G1760,Directed,10873,,,1
G108,G2074,Directed,10874,,,1
G108,G2075,Directed,10875,,,1
G109,G6,Directed,10876,,,1
G109,G110,Directed,10877,,,1
G109,G239,Directed,10878,,,1
G109,G292,Directed,10879,,,1
G109,G313,Directed,10880,,,1
G109,G339,Directed,10881,,,1
G109,G469,Directed,10882,,,1
G109,G688,Directed,10883,,,1
G109,G763,Directed,10884,,,1
G109,G1110,Directed,10885,,,1
G109,G1124,Directed,10886,,,1
G109,G1125,Directed,10887,,,1
G109,G1301,Directed,10888,,,1
G109,G1309,Directed,10889,,,1
G109,G1531,Directed,10890,,,1
G109,G2200,Directed,10891,,,1
G110,G109,Directed,10892,,,1
G110,G350,Directed,10893,,,1
G110,G469,Directed,10894,,,1
G110,G688,Directed,10895,,,1
G110,G1110,Directed,10896,,,1
G110,G1124,Directed,10897,,,1
G110,G1125,Directed,10898,,,1
G110,G1301,Directed,10899,,,1
G110,G1309,Directed,10900,,,1
G110,G1531,Directed,10901,,,1
G110,G2200,Directed,10902,,,1
G110,G2201,Directed,10903,,,1
G111,G1,Directed,10904,,,1
G111,G2,Directed,10905,,,1
G111,G76,Directed,10906,,,1
G111,G99,Directed,10907,,,1
G111,G101,Directed,10908,,,1
G111,G102,Directed,10909,,,1
G111,G131,Directed,10910,,,1
G111,G142,Directed,10911,,,1
G111,G155,Directed,10912,,,1
G111,G296,Directed,10913,,,1
G111,G309,Directed,10914,,,1
G111,G384,Directed,10915,,,1
G111,G388,Directed,10916,,,1
G111,G402,Directed,10917,,,1
G111,G468,Directed,10918,,,1
G111,G478,Directed,10919,,,1
G111,G488,Directed,10920,,,1
G111,G517,Directed,10921,,,1
G111,G627,Directed,10922,,,1
G111,G736,Directed,10923,,,1
G111,G744,Directed,10924,,,1
G111,G1510,Directed,10925,,,1
G112,G28,Directed,10926,,,1
G112,G29,Directed,10927,,,1
G112,G41,Directed,10928,,,1
G112,G42,Directed,10929,,,1
G112,G45,Directed,10930,,,1
G112,G46,Directed,10931,,,1
G112,G68,Directed,10932,,,1
G112,G69,Directed,10933,,,1
G112,G91,Directed,10934,,,1
G112,G113,Directed,10935,,,1
G112,G167,Directed,10936,,,1
G112,G176,Directed,10937,,,1
G112,G177,Directed,10938,,,1
G112,G178,Directed,10939,,,1
G112,G179,Directed,10940,,,1
G112,G180,Directed,10941,,,1
G112,G181,Directed,10942,,,1
G112,G182,Directed,10943,,,1
G112,G183,Directed,10944,,,1
G112,G184,Directed,10945,,,1
G112,G185,Directed,10946,,,1
G112,G186,Directed,10947,,,1
G112,G187,Directed,10948,,,1
G112,G189,Directed,10949,,,1
G112,G190,Directed,10950,,,1
G112,G191,Directed,10951,,,1
G112,G192,Directed,10952,,,1
G112,G195,Directed,10953,,,1
G112,G198,Directed,10954,,,1
G112,G199,Directed,10955,,,1
G112,G204,Directed,10956,,,1
G112,G205,Directed,10957,,,1
G112,G206,Directed,10958,,,1
G112,G207,Directed,10959,,,1
G112,G210,Directed,10960,,,1
G112,G213,Directed,10961,,,1
G112,G223,Directed,10962,,,1
G112,G235,Directed,10963,,,1
G112,G258,Directed,10964,,,1
G112,G275,Directed,10965,,,1
G112,G288,Directed,10966,,,1
G112,G334,Directed,10967,,,1
G112,G422,Directed,10968,,,1
G112,G423,Directed,10969,,,1
G112,G449,Directed,10970,,,1
G112,G518,Directed,10971,,,1
G112,G521,Directed,10972,,,1
G112,G535,Directed,10973,,,1
G112,G864,Directed,10974,,,1
G112,G912,Directed,10975,,,1
G112,G913,Directed,10976,,,1
G112,G914,Directed,10977,,,1
G112,G917,Directed,10978,,,1
G112,G918,Directed,10979,,,1
G112,G919,Directed,10980,,,1
G112,G921,Directed,10981,,,1
G112,G922,Directed,10982,,,1
G112,G923,Directed,10983,,,1
G112,G924,Directed,10984,,,1
G112,G925,Directed,10985,,,1
G112,G926,Directed,10986,,,1
G112,G927,Directed,10987,,,1
G112,G928,Directed,10988,,,1
G112,G932,Directed,10989,,,1
G112,G933,Directed,10990,,,1
G112,G934,Directed,10991,,,1
G112,G935,Directed,10992,,,1
G112,G936,Directed,10993,,,1
G112,G937,Directed,10994,,,1
G112,G938,Directed,10995,,,1
G112,G939,Directed,10996,,,1
G112,G940,Directed,10997,,,1
G112,G941,Directed,10998,,,1
G112,G942,Directed,10999,,,1
G112,G943,Directed,11000,,,1
G112,G944,Directed,11001,,,1
G112,G949,Directed,11002,,,1
G112,G953,Directed,11003,,,1
G112,G954,Directed,11004,,,1
G112,G955,Directed,11005,,,1
G112,G960,Directed,11006,,,1
G112,G964,Directed,11007,,,1
G112,G966,Directed,11008,,,1
G112,G967,Directed,11009,,,1
G112,G977,Directed,11010,,,1
G112,G1060,Directed,11011,,,1
G112,G1073,Directed,11012,,,1
G112,G1101,Directed,11013,,,1
G112,G1157,Directed,11014,,,1
G112,G1235,Directed,11015,,,1
G112,G1241,Directed,11016,,,1
G112,G1242,Directed,11017,,,1
G112,G1243,Directed,11018,,,1
G112,G1245,Directed,11019,,,1
G112,G1254,Directed,11020,,,1
G112,G1261,Directed,11021,,,1
G112,G1273,Directed,11022,,,1
G112,G1305,Directed,11023,,,1
G112,G1321,Directed,11024,,,1
G112,G1443,Directed,11025,,,1
G112,G1503,Directed,11026,,,1
G112,G1537,Directed,11027,,,1
G112,G1540,Directed,11028,,,1
G112,G1624,Directed,11029,,,1
G112,G1659,Directed,11030,,,1
G112,G1671,Directed,11031,,,1
G113,G67,Directed,11032,,,1
G113,G68,Directed,11033,,,1
G113,G91,Directed,11034,,,1
G113,G112,Directed,11035,,,1
G113,G175,Directed,11036,,,1
G113,G176,Directed,11037,,,1
G113,G177,Directed,11038,,,1
G113,G180,Directed,11039,,,1
G113,G183,Directed,11040,,,1
G113,G186,Directed,11041,,,1
G113,G190,Directed,11042,,,1
G113,G191,Directed,11043,,,1
G113,G192,Directed,11044,,,1
G113,G195,Directed,11045,,,1
G113,G204,Directed,11046,,,1
G113,G205,Directed,11047,,,1
G113,G206,Directed,11048,,,1
G113,G210,Directed,11049,,,1
G113,G223,Directed,11050,,,1
G113,G275,Directed,11051,,,1
G113,G322,Directed,11052,,,1
G113,G352,Directed,11053,,,1
G113,G432,Directed,11054,,,1
G113,G492,Directed,11055,,,1
G113,G516,Directed,11056,,,1
G113,G518,Directed,11057,,,1
G113,G559,Directed,11058,,,1
G113,G580,Directed,11059,,,1
G113,G704,Directed,11060,,,1
G113,G731,Directed,11061,,,1
G113,G892,Directed,11062,,,1
G113,G923,Directed,11063,,,1
G113,G924,Directed,11064,,,1
G113,G932,Directed,11065,,,1
G113,G933,Directed,11066,,,1
G113,G936,Directed,11067,,,1
G113,G937,Directed,11068,,,1
G113,G949,Directed,11069,,,1
G113,G967,Directed,11070,,,1
G113,G1032,Directed,11071,,,1
G113,G1033,Directed,11072,,,1
G113,G1101,Directed,11073,,,1
G113,G1121,Directed,11074,,,1
G113,G1203,Directed,11075,,,1
G113,G1253,Directed,11076,,,1
G113,G1262,Directed,11077,,,1
G113,G1495,Directed,11078,,,1
G113,G1674,Directed,11079,,,1
G113,G1706,Directed,11080,,,1
G113,G1708,Directed,11081,,,1
G113,G1772,Directed,11082,,,1
G113,G1774,Directed,11083,,,1
G113,G1872,Directed,11084,,,1
G114,G85,Directed,11085,,,1
G114,G86,Directed,11086,,,1
G114,G98,Directed,11087,,,1
G114,G121,Directed,11088,,,1
G114,G122,Directed,11089,,,1
G114,G136,Directed,11090,,,1
G114,G154,Directed,11091,,,1
G114,G165,Directed,11092,,,1
G114,G733,Directed,11093,,,1
G114,G984,Directed,11094,,,1
G114,G2103,Directed,11095,,,1
G115,G43,Directed,11096,,,1
G115,G44,Directed,11097,,,1
G115,G116,Directed,11098,,,1
G115,G336,Directed,11099,,,1
G115,G338,Directed,11100,,,1
G115,G375,Directed,11101,,,1
G116,G43,Directed,11102,,,1
G116,G44,Directed,11103,,,1
G116,G115,Directed,11104,,,1
G116,G159,Directed,11105,,,1
G116,G240,Directed,11106,,,1
G116,G336,Directed,11107,,,1
G116,G338,Directed,11108,,,1
G116,G375,Directed,11109,,,1
G116,G575,Directed,11110,,,1
G116,G699,Directed,11111,,,1
G116,G739,Directed,11112,,,1
G116,G745,Directed,11113,,,1
G116,G760,Directed,11114,,,1
G116,G762,Directed,11115,,,1
G116,G769,Directed,11116,,,1
G116,G1012,Directed,11117,,,1
G116,G1702,Directed,11118,,,1
G116,G2002,Directed,11119,,,1
G116,G2047,Directed,11120,,,1
G116,G2080,Directed,11121,,,1
G116,G2102,Directed,11122,,,1
G116,G2107,Directed,11123,,,1
G116,G2108,Directed,11124,,,1
G116,G2109,Directed,11125,,,1
G116,G2116,Directed,11126,,,1
G116,G2118,Directed,11127,,,1
G116,G2119,Directed,11128,,,1
G116,G2120,Directed,11129,,,1
G116,G2121,Directed,11130,,,1
G116,G2124,Directed,11131,,,1
G116,G2126,Directed,11132,,,1
G116,G2127,Directed,11133,,,1
G116,G2128,Directed,11134,,,1
G116,G2130,Directed,11135,,,1
G116,G2131,Directed,11136,,,1
G116,G2132,Directed,11137,,,1
G116,G2133,Directed,11138,,,1
G116,G2134,Directed,11139,,,1
G116,G2136,Directed,11140,,,1
G116,G2137,Directed,11141,,,1
G116,G2256,Directed,11142,,,1
G116,G2275,Directed,11143,,,1
G116,G2287,Directed,11144,,,1
G116,G2327,Directed,11145,,,1
G116,G2366,Directed,11146,,,1
G117,G6,Directed,11147,,,1
G117,G118,Directed,11148,,,1
G117,G238,Directed,11149,,,1
G117,G239,Directed,11150,,,1
G117,G262,Directed,11151,,,1
G117,G292,Directed,11152,,,1
G117,G313,Directed,11153,,,1
G117,G339,Directed,11154,,,1
G117,G350,Directed,11155,,,1
G117,G469,Directed,11156,,,1
G117,G496,Directed,11157,,,1
G117,G507,Directed,11158,,,1
G117,G544,Directed,11159,,,1
G117,G688,Directed,11160,,,1
G117,G813,Directed,11161,,,1
G117,G1082,Directed,11162,,,1
G117,G1110,Directed,11163,,,1
G117,G1124,Directed,11164,,,1
G117,G1125,Directed,11165,,,1
G117,G1301,Directed,11166,,,1
G117,G1309,Directed,11167,,,1
G117,G1447,Directed,11168,,,1
G117,G1577,Directed,11169,,,1
G117,G1582,Directed,11170,,,1
G117,G1750,Directed,11171,,,1
G117,G2269,Directed,11172,,,1
G118,G117,Directed,11173,,,1
G118,G238,Directed,11174,,,1
G118,G239,Directed,11175,,,1
G118,G262,Directed,11176,,,1
G118,G339,Directed,11177,,,1
G118,G496,Directed,11178,,,1
G118,G507,Directed,11179,,,1
G118,G1110,Directed,11180,,,1
G118,G1124,Directed,11181,,,1
G118,G1447,Directed,11182,,,1
G119,G120,Directed,11183,,,1
G119,G160,Directed,11184,,,1
G119,G479,Directed,11185,,,1
G119,G536,Directed,11186,,,1
G119,G1477,Directed,11187,,,1
G120,G54,Directed,11188,,,1
G120,G119,Directed,11189,,,1
G120,G160,Directed,11190,,,1
G120,G242,Directed,11191,,,1
G120,G321,Directed,11192,,,1
G120,G479,Directed,11193,,,1
G120,G536,Directed,11194,,,1
G120,G558,Directed,11195,,,1
G120,G699,Directed,11196,,,1
G120,G1293,Directed,11197,,,1
G120,G2091,Directed,11198,,,1
G120,G2165,Directed,11199,,,1
G120,G2232,Directed,11200,,,1
G120,G2252,Directed,11201,,,1
G120,G2270,Directed,11202,,,1
G120,G2301,Directed,11203,,,1
G120,G2302,Directed,11204,,,1
G120,G2330,Directed,11205,,,1
G121,G114,Directed,11206,,,1
G121,G122,Directed,11207,,,1
G121,G165,Directed,11208,,,1
G121,G437,Directed,11209,,,1
G121,G450,Directed,11210,,,1
G121,G502,Directed,11211,,,1
G121,G566,Directed,11212,,,1
G121,G700,Directed,11213,,,1
G121,G878,Directed,11214,,,1
G121,G879,Directed,11215,,,1
G121,G893,Directed,11216,,,1
G121,G1158,Directed,11217,,,1
G122,G114,Directed,11218,,,1
G122,G121,Directed,11219,,,1
G122,G165,Directed,11220,,,1
G122,G700,Directed,11221,,,1
G122,G851,Directed,11222,,,1
G122,G893,Directed,11223,,,1
G122,G988,Directed,11224,,,1
G122,G1347,Directed,11225,,,1
G122,G1560,Directed,11226,,,1
G122,G1575,Directed,11227,,,1
G122,G1643,Directed,11228,,,1
G123,G124,Directed,11229,,,1
G124,G123,Directed,11230,,,1
G124,G149,Directed,11231,,,1
G124,G386,Directed,11232,,,1
G124,G829,Directed,11233,,,1
G125,G126,Directed,11234,,,1
G125,G137,Directed,11235,,,1
G125,G514,Directed,11236,,,1
G125,G1397,Directed,11237,,,1
G125,G2234,Directed,11238,,,1
G125,G2259,Directed,11239,,,1
G126,G87,Directed,11240,,,1
G126,G125,Directed,11241,,,1
G126,G137,Directed,11242,,,1
G126,G514,Directed,11243,,,1
G126,G585,Directed,11244,,,1
G126,G867,Directed,11245,,,1
G127,G128,Directed,11246,,,1
G127,G686,Directed,11247,,,1
G127,G724,Directed,11248,,,1
G127,G848,Directed,11249,,,1
G127,G1835,Directed,11250,,,1
G127,G1852,Directed,11251,,,1
G128,G105,Directed,11252,,,1
G128,G127,Directed,11253,,,1
G128,G139,Directed,11254,,,1
G128,G848,Directed,11255,,,1
G129,G130,Directed,11256,,,1
G129,G228,Directed,11257,,,1
G129,G229,Directed,11258,,,1
G129,G260,Directed,11259,,,1
G129,G294,Directed,11260,,,1
G129,G315,Directed,11261,,,1
G129,G385,Directed,11262,,,1
G129,G606,Directed,11263,,,1
G129,G674,Directed,11264,,,1
G129,G708,Directed,11265,,,1
G129,G711,Directed,11266,,,1
G129,G1293,Directed,11267,,,1
G129,G1419,Directed,11268,,,1
G130,G129,Directed,11269,,,1
G130,G228,Directed,11270,,,1
G130,G294,Directed,11271,,,1
G130,G315,Directed,11272,,,1
G130,G385,Directed,11273,,,1
G130,G421,Directed,11274,,,1
G130,G674,Directed,11275,,,1
G130,G708,Directed,11276,,,1
G130,G711,Directed,11277,,,1
G130,G1801,Directed,11278,,,1
G130,G2082,Directed,11279,,,1
G130,G2363,Directed,11280,,,1
G131,G1,Directed,11281,,,1
G131,G2,Directed,11282,,,1
G131,G3,Directed,11283,,,1
G131,G4,Directed,11284,,,1
G131,G22,Directed,11285,,,1
G131,G95,Directed,11286,,,1
G131,G99,Directed,11287,,,1
G131,G101,Directed,11288,,,1
G131,G102,Directed,11289,,,1
G131,G111,Directed,11290,,,1
G131,G142,Directed,11291,,,1
G131,G155,Directed,11292,,,1
G131,G243,Directed,11293,,,1
G131,G296,Directed,11294,,,1
G131,G309,Directed,11295,,,1
G131,G342,Directed,11296,,,1
G131,G373,Directed,11297,,,1
G131,G374,Directed,11298,,,1
G131,G384,Directed,11299,,,1
G131,G386,Directed,11300,,,1
G131,G388,Directed,11301,,,1
G131,G393,Directed,11302,,,1
G131,G402,Directed,11303,,,1
G131,G468,Directed,11304,,,1
G131,G478,Directed,11305,,,1
G131,G488,Directed,11306,,,1
G131,G526,Directed,11307,,,1
G131,G663,Directed,11308,,,1
G131,G680,Directed,11309,,,1
G131,G736,Directed,11310,,,1
G131,G744,Directed,11311,,,1
G131,G749,Directed,11312,,,1
G131,G766,Directed,11313,,,1
G131,G800,Directed,11314,,,1
G131,G862,Directed,11315,,,1
G131,G1104,Directed,11316,,,1
G131,G1554,Directed,11317,,,1
G131,G1561,Directed,11318,,,1
G132,G133,Directed,11319,,,1
G133,G132,Directed,11320,,,1
G133,G689,Directed,11321,,,1
G133,G869,Directed,11322,,,1
G133,G2300,Directed,11323,,,1
G134,G135,Directed,11324,,,1
G134,G159,Directed,11325,,,1
G134,G246,Directed,11326,,,1
G134,G455,Directed,11327,,,1
G134,G571,Directed,11328,,,1
G134,G572,Directed,11329,,,1
G134,G2098,Directed,11330,,,1
G135,G134,Directed,11331,,,1
G135,G159,Directed,11332,,,1
G135,G246,Directed,11333,,,1
G135,G455,Directed,11334,,,1
G135,G571,Directed,11335,,,1
G135,G572,Directed,11336,,,1
G135,G2098,Directed,11337,,,1
G136,G85,Directed,11338,,,1
G136,G86,Directed,11339,,,1
G136,G98,Directed,11340,,,1
G136,G114,Directed,11341,,,1
G136,G154,Directed,11342,,,1
G136,G165,Directed,11343,,,1
G136,G420,Directed,11344,,,1
G136,G683,Directed,11345,,,1
G136,G733,Directed,11346,,,1
G137,G87,Directed,11347,,,1
G137,G125,Directed,11348,,,1
G137,G126,Directed,11349,,,1
G137,G415,Directed,11350,,,1
G137,G450,Directed,11351,,,1
G137,G514,Directed,11352,,,1
G137,G585,Directed,11353,,,1
G137,G1398,Directed,11354,,,1
G137,G1611,Directed,11355,,,1
G137,G2234,Directed,11356,,,1
G137,G2259,Directed,11357,,,1
G138,G92,Directed,11358,,,1
G138,G99,Directed,11359,,,1
G138,G156,Directed,11360,,,1
G138,G288,Directed,11361,,,1
G138,G342,Directed,11362,,,1
G138,G386,Directed,11363,,,1
G138,G491,Directed,11364,,,1
G138,G502,Directed,11365,,,1
G138,G522,Directed,11366,,,1
G138,G527,Directed,11367,,,1
G138,G866,Directed,11368,,,1
G139,G105,Directed,11369,,,1
G139,G106,Directed,11370,,,1
G139,G128,Directed,11371,,,1
G139,G319,Directed,11372,,,1
G139,G399,Directed,11373,,,1
G139,G1579,Directed,11374,,,1
G139,G1794,Directed,11375,,,1
G140,G89,Directed,11376,,,1
G140,G90,Directed,11377,,,1
G140,G232,Directed,11378,,,1
G140,G453,Directed,11379,,,1
G140,G454,Directed,11380,,,1
G140,G2084,Directed,11381,,,1
G141,G23,Directed,11382,,,1
G141,G24,Directed,11383,,,1
G141,G47,Directed,11384,,,1
G142,G1,Directed,11385,,,1
G142,G2,Directed,11386,,,1
G142,G99,Directed,11387,,,1
G142,G101,Directed,11388,,,1
G142,G102,Directed,11389,,,1
G142,G111,Directed,11390,,,1
G142,G131,Directed,11391,,,1
G142,G296,Directed,11392,,,1
G142,G309,Directed,11393,,,1
G142,G384,Directed,11394,,,1
G142,G388,Directed,11395,,,1
G142,G478,Directed,11396,,,1
G142,G526,Directed,11397,,,1
G142,G744,Directed,11398,,,1
G143,G2,Directed,11399,,,1
G143,G49,Directed,11400,,,1
G143,G50,Directed,11401,,,1
G143,G51,Directed,11402,,,1
G143,G52,Directed,11403,,,1
G143,G58,Directed,11404,,,1
G143,G100,Directed,11405,,,1
G143,G150,Directed,11406,,,1
G143,G245,Directed,11407,,,1
G143,G263,Directed,11408,,,1
G143,G265,Directed,11409,,,1
G143,G267,Directed,11410,,,1
G143,G309,Directed,11411,,,1
G143,G599,Directed,11412,,,1
G143,G732,Directed,11413,,,1
G144,G9,Directed,11414,,,1
G144,G11,Directed,11415,,,1
G144,G145,Directed,11416,,,1
G144,G152,Directed,11417,,,1
G144,G242,Directed,11418,,,1
G144,G254,Directed,11419,,,1
G144,G277,Directed,11420,,,1
G144,G312,Directed,11421,,,1
G144,G410,Directed,11422,,,1
G144,G414,Directed,11423,,,1
G144,G470,Directed,11424,,,1
G144,G477,Directed,11425,,,1
G144,G510,Directed,11426,,,1
G144,G517,Directed,11427,,,1
G144,G701,Directed,11428,,,1
G144,G962,Directed,11429,,,1
G144,G975,Directed,11430,,,1
G144,G1147,Directed,11431,,,1
G144,G1177,Directed,11432,,,1
G144,G1178,Directed,11433,,,1
G144,G1260,Directed,11434,,,1
G144,G1292,Directed,11435,,,1
G144,G1302,Directed,11436,,,1
G144,G1316,Directed,11437,,,1
G144,G1335,Directed,11438,,,1
G144,G1360,Directed,11439,,,1
G144,G1383,Directed,11440,,,1
G144,G1427,Directed,11441,,,1
G144,G1460,Directed,11442,,,1
G144,G1496,Directed,11443,,,1
G144,G1563,Directed,11444,,,1
G144,G1675,Directed,11445,,,1
G144,G1695,Directed,11446,,,1
G144,G1696,Directed,11447,,,1
G144,G1735,Directed,11448,,,1
G144,G1751,Directed,11449,,,1
G144,G1902,Directed,11450,,,1
G144,G1944,Directed,11451,,,1
G144,G1957,Directed,11452,,,1
G145,G9,Directed,11453,,,1
G145,G10,Directed,11454,,,1
G145,G11,Directed,11455,,,1
G145,G55,Directed,11456,,,1
G145,G57,Directed,11457,,,1
G145,G144,Directed,11458,,,1
G145,G152,Directed,11459,,,1
G145,G242,Directed,11460,,,1
G145,G354,Directed,11461,,,1
G145,G410,Directed,11462,,,1
G145,G460,Directed,11463,,,1
G145,G470,Directed,11464,,,1
G145,G510,Directed,11465,,,1
G145,G590,Directed,11466,,,1
G145,G701,Directed,11467,,,1
G145,G851,Directed,11468,,,1
G145,G865,Directed,11469,,,1
G145,G1062,Directed,11470,,,1
G145,G1063,Directed,11471,,,1
G145,G1244,Directed,11472,,,1
G145,G1418,Directed,11473,,,1
G145,G1446,Directed,11474,,,1
G146,G50,Directed,11475,,,1
G146,G58,Directed,11476,,,1
G146,G69,Directed,11477,,,1
G146,G71,Directed,11478,,,1
G146,G84,Directed,11479,,,1
G146,G92,Directed,11480,,,1
G146,G95,Directed,11481,,,1
G146,G153,Directed,11482,,,1
G146,G158,Directed,11483,,,1
G146,G655,Directed,11484,,,1
G146,G2059,Directed,11485,,,1
G146,G2062,Directed,11486,,,1
G146,G2079,Directed,11487,,,1
G147,G148,Directed,11488,,,1
G147,G161,Directed,11489,,,1
G147,G484,Directed,11490,,,1
G147,G854,Directed,11491,,,1
G147,G856,Directed,11492,,,1
G147,G872,Directed,11493,,,1
G147,G2151,Directed,11494,,,1
G147,G2254,Directed,11495,,,1
G147,G2262,Directed,11496,,,1
G148,G147,Directed,11497,,,1
G148,G161,Directed,11498,,,1
G148,G854,Directed,11499,,,1
G148,G2172,Directed,11500,,,1
G149,G124,Directed,11501,,,1
G150,G2,Directed,11502,,,1
G150,G49,Directed,11503,,,1
G150,G50,Directed,11504,,,1
G150,G51,Directed,11505,,,1
G150,G52,Directed,11506,,,1
G150,G53,Directed,11507,,,1
G150,G58,Directed,11508,,,1
G150,G69,Directed,11509,,,1
G150,G71,Directed,11510,,,1
G150,G75,Directed,11511,,,1
G150,G76,Directed,11512,,,1
G150,G80,Directed,11513,,,1
G150,G81,Directed,11514,,,1
G150,G84,Directed,11515,,,1
G150,G92,Directed,11516,,,1
G150,G95,Directed,11517,,,1
G150,G97,Directed,11518,,,1
G150,G100,Directed,11519,,,1
G150,G143,Directed,11520,,,1
G150,G153,Directed,11521,,,1
G150,G155,Directed,11522,,,1
G150,G245,Directed,11523,,,1
G150,G263,Directed,11524,,,1
G150,G265,Directed,11525,,,1
G150,G267,Directed,11526,,,1
G150,G302,Directed,11527,,,1
G150,G351,Directed,11528,,,1
G150,G381,Directed,11529,,,1
G150,G405,Directed,11530,,,1
G150,G456,Directed,11531,,,1
G150,G508,Directed,11532,,,1
G150,G517,Directed,11533,,,1
G150,G528,Directed,11534,,,1
G150,G586,Directed,11535,,,1
G150,G589,Directed,11536,,,1
G150,G598,Directed,11537,,,1
G150,G871,Directed,11538,,,1
G150,G1412,Directed,11539,,,1
G151,G152,Directed,11540,,,1
G151,G601,Directed,11541,,,1
G151,G605,Directed,11542,,,1
G151,G1136,Directed,11543,,,1
G151,G1336,Directed,11544,,,1
G151,G1354,Directed,11545,,,1
G151,G1425,Directed,11546,,,1
G151,G1989,Directed,11547,,,1
G151,G2001,Directed,11548,,,1
G152,G11,Directed,11549,,,1
G152,G144,Directed,11550,,,1
G152,G145,Directed,11551,,,1
G152,G151,Directed,11552,,,1
G152,G242,Directed,11553,,,1
G152,G375,Directed,11554,,,1
G152,G410,Directed,11555,,,1
G152,G470,Directed,11556,,,1
G152,G510,Directed,11557,,,1
G152,G515,Directed,11558,,,1
G152,G543,Directed,11559,,,1
G152,G547,Directed,11560,,,1
G152,G601,Directed,11561,,,1
G152,G605,Directed,11562,,,1
G152,G626,Directed,11563,,,1
G152,G628,Directed,11564,,,1
G152,G841,Directed,11565,,,1
G152,G1136,Directed,11566,,,1
G152,G1336,Directed,11567,,,1
G152,G1354,Directed,11568,,,1
G152,G1425,Directed,11569,,,1
G152,G1989,Directed,11570,,,1
G152,G2001,Directed,11571,,,1
G153,G2,Directed,11572,,,1
G153,G50,Directed,11573,,,1
G153,G51,Directed,11574,,,1
G153,G53,Directed,11575,,,1
G153,G71,Directed,11576,,,1
G153,G84,Directed,11577,,,1
G153,G95,Directed,11578,,,1
G153,G100,Directed,11579,,,1
G153,G146,Directed,11580,,,1
G153,G150,Directed,11581,,,1
G153,G245,Directed,11582,,,1
G153,G263,Directed,11583,,,1
G153,G265,Directed,11584,,,1
G153,G267,Directed,11585,,,1
G153,G302,Directed,11586,,,1
G153,G351,Directed,11587,,,1
G153,G381,Directed,11588,,,1
G153,G456,Directed,11589,,,1
G153,G462,Directed,11590,,,1
G153,G489,Directed,11591,,,1
G153,G508,Directed,11592,,,1
G154,G85,Directed,11593,,,1
G154,G86,Directed,11594,,,1
G154,G98,Directed,11595,,,1
G154,G114,Directed,11596,,,1
G154,G136,Directed,11597,,,1
G154,G683,Directed,11598,,,1
G154,G733,Directed,11599,,,1
G155,G1,Directed,11600,,,1
G155,G2,Directed,11601,,,1
G155,G3,Directed,11602,,,1
G155,G4,Directed,11603,,,1
G155,G22,Directed,11604,,,1
G155,G50,Directed,11605,,,1
G155,G75,Directed,11606,,,1
G155,G76,Directed,11607,,,1
G155,G79,Directed,11608,,,1
G155,G92,Directed,11609,,,1
G155,G95,Directed,11610,,,1
G155,G99,Directed,11611,,,1
G155,G101,Directed,11612,,,1
G155,G111,Directed,11613,,,1
G155,G131,Directed,11614,,,1
G155,G150,Directed,11615,,,1
G155,G156,Directed,11616,,,1
G155,G243,Directed,11617,,,1
G155,G288,Directed,11618,,,1
G155,G296,Directed,11619,,,1
G155,G302,Directed,11620,,,1
G155,G309,Directed,11621,,,1
G155,G342,Directed,11622,,,1
G155,G373,Directed,11623,,,1
G155,G374,Directed,11624,,,1
G155,G384,Directed,11625,,,1
G155,G386,Directed,11626,,,1
G155,G393,Directed,11627,,,1
G155,G402,Directed,11628,,,1
G155,G478,Directed,11629,,,1
G155,G488,Directed,11630,,,1
G155,G496,Directed,11631,,,1
G155,G500,Directed,11632,,,1
G155,G517,Directed,11633,,,1
G155,G627,Directed,11634,,,1
G155,G640,Directed,11635,,,1
G155,G663,Directed,11636,,,1
G155,G664,Directed,11637,,,1
G155,G680,Directed,11638,,,1
G155,G862,Directed,11639,,,1
G155,G1104,Directed,11640,,,1
G155,G1554,Directed,11641,,,1
G155,G1561,Directed,11642,,,1
G156,G1,Directed,11643,,,1
G156,G2,Directed,11644,,,1
G156,G26,Directed,11645,,,1
G156,G50,Directed,11646,,,1
G156,G53,Directed,11647,,,1
G156,G76,Directed,11648,,,1
G156,G79,Directed,11649,,,1
G156,G92,Directed,11650,,,1
G156,G99,Directed,11651,,,1
G156,G138,Directed,11652,,,1
G156,G155,Directed,11653,,,1
G156,G288,Directed,11654,,,1
G156,G296,Directed,11655,,,1
G156,G342,Directed,11656,,,1
G156,G384,Directed,11657,,,1
G156,G386,Directed,11658,,,1
G156,G393,Directed,11659,,,1
G156,G468,Directed,11660,,,1
G156,G496,Directed,11661,,,1
G156,G534,Directed,11662,,,1
G156,G640,Directed,11663,,,1
G156,G663,Directed,11664,,,1
G156,G680,Directed,11665,,,1
G156,G777,Directed,11666,,,1
G156,G862,Directed,11667,,,1
G156,G1101,Directed,11668,,,1
G156,G1104,Directed,11669,,,1
G156,G1356,Directed,11670,,,1
G156,G1554,Directed,11671,,,1
G156,G1561,Directed,11672,,,1
G156,G2018,Directed,11673,,,1
G157,G40,Directed,11674,,,1
G157,G42,Directed,11675,,,1
G157,G45,Directed,11676,,,1
G157,G67,Directed,11677,,,1
G157,G68,Directed,11678,,,1
G157,G335,Directed,11679,,,1
G157,G407,Directed,11680,,,1
G157,G413,Directed,11681,,,1
G157,G485,Directed,11682,,,1
G157,G852,Directed,11683,,,1
G157,G1128,Directed,11684,,,1
G157,G1129,Directed,11685,,,1
G157,G1176,Directed,11686,,,1
G157,G1246,Directed,11687,,,1
G157,G1247,Directed,11688,,,1
G157,G1248,Directed,11689,,,1
G157,G1267,Directed,11690,,,1
G158,G49,Directed,11691,,,1
G158,G50,Directed,11692,,,1
G158,G51,Directed,11693,,,1
G158,G58,Directed,11694,,,1
G158,G69,Directed,11695,,,1
G158,G70,Directed,11696,,,1
G158,G75,Directed,11697,,,1
G158,G146,Directed,11698,,,1
G158,G289,Directed,11699,,,1
G158,G317,Directed,11700,,,1
G158,G893,Directed,11701,,,1
G158,G1152,Directed,11702,,,1
G158,G1347,Directed,11703,,,1
G159,G116,Directed,11704,,,1
G159,G134,Directed,11705,,,1
G159,G135,Directed,11706,,,1
G159,G246,Directed,11707,,,1
G159,G375,Directed,11708,,,1
G159,G455,Directed,11709,,,1
G159,G2098,Directed,11710,,,1
G160,G119,Directed,11711,,,1
G160,G120,Directed,11712,,,1
G160,G536,Directed,11713,,,1
G160,G1053,Directed,11714,,,1
G161,G147,Directed,11715,,,1
G161,G148,Directed,11716,,,1
G161,G162,Directed,11717,,,1
G161,G444,Directed,11718,,,1
G161,G445,Directed,11719,,,1
G161,G466,Directed,11720,,,1
G161,G484,Directed,11721,,,1
G161,G739,Directed,11722,,,1
G161,G760,Directed,11723,,,1
G161,G847,Directed,11724,,,1
G161,G855,Directed,11725,,,1
G161,G856,Directed,11726,,,1
G161,G2150,Directed,11727,,,1
G161,G2151,Directed,11728,,,1
G161,G2227,Directed,11729,,,1
G161,G2230,Directed,11730,,,1
G161,G2262,Directed,11731,,,1
G161,G2272,Directed,11732,,,1
G162,G161,Directed,11733,,,1
G162,G445,Directed,11734,,,1
G162,G699,Directed,11735,,,1
G162,G760,Directed,11736,,,1
G163,G36,Directed,11737,,,1
G163,G37,Directed,11738,,,1
G163,G164,Directed,11739,,,1
G163,G756,Directed,11740,,,1
G164,G36,Directed,11741,,,1
G164,G37,Directed,11742,,,1
G164,G163,Directed,11743,,,1
G164,G545,Directed,11744,,,1
G164,G607,Directed,11745,,,1
G164,G608,Directed,11746,,,1
G164,G2156,Directed,11747,,,1
G165,G85,Directed,11748,,,1
G165,G86,Directed,11749,,,1
G165,G114,Directed,11750,,,1
G165,G121,Directed,11751,,,1
G165,G122,Directed,11752,,,1
G165,G136,Directed,11753,,,1
G165,G700,Directed,11754,,,1
G166,G2,Directed,11755,,,1
G166,G50,Directed,11756,,,1
G166,G76,Directed,11757,,,1
G166,G103,Directed,11758,,,1
G166,G104,Directed,11759,,,1
G166,G167,Directed,11760,,,1
G166,G289,Directed,11761,,,1
G166,G316,Directed,11762,,,1
G166,G739,Directed,11763,,,1
G166,G865,Directed,11764,,,1
G166,G1210,Directed,11765,,,1
G166,G1648,Directed,11766,,,1
G167,G103,Directed,11767,,,1
G167,G112,Directed,11768,,,1
G167,G166,Directed,11769,,,1
G167,G175,Directed,11770,,,1
G167,G176,Directed,11771,,,1
G167,G177,Directed,11772,,,1
G167,G180,Directed,11773,,,1
G167,G183,Directed,11774,,,1
G167,G186,Directed,11775,,,1
G167,G190,Directed,11776,,,1
G167,G191,Directed,11777,,,1
G167,G192,Directed,11778,,,1
G167,G195,Directed,11779,,,1
G167,G316,Directed,11780,,,1
G167,G334,Directed,11781,,,1
G167,G449,Directed,11782,,,1
G167,G518,Directed,11783,,,1
G167,G923,Directed,11784,,,1
G167,G924,Directed,11785,,,1
G167,G932,Directed,11786,,,1
G167,G933,Directed,11787,,,1
G167,G936,Directed,11788,,,1
G167,G937,Directed,11789,,,1
G167,G949,Directed,11790,,,1
G167,G1241,Directed,11791,,,1
G167,G1243,Directed,11792,,,1
G167,G1245,Directed,11793,,,1
G167,G1321,Directed,11794,,,1
G167,G1443,Directed,11795,,,1
G167,G1446,Directed,11796,,,1
G167,G1503,Directed,11797,,,1
G167,G1671,Directed,11798,,,1
G168,G25,Directed,11799,,,1
G168,G26,Directed,11800,,,1
G168,G169,Directed,11801,,,1
G168,G428,Directed,11802,,,1
G168,G724,Directed,11803,,,1
G169,G25,Directed,11804,,,1
G169,G26,Directed,11805,,,1
G169,G168,Directed,11806,,,1
G170,G171,Directed,11807,,,1
G170,G477,Directed,11808,,,1
G170,G537,Directed,11809,,,1
G170,G1090,Directed,11810,,,1
G170,G1287,Directed,11811,,,1
G170,G1459,Directed,11812,,,1
G170,G1498,Directed,11813,,,1
G170,G1550,Directed,11814,,,1
G170,G1597,Directed,11815,,,1
G170,G1623,Directed,11816,,,1
G170,G1637,Directed,11817,,,1
G170,G1655,Directed,11818,,,1
G170,G1698,Directed,11819,,,1
G170,G1757,Directed,11820,,,1
G170,G1769,Directed,11821,,,1
G170,G1778,Directed,11822,,,1
G170,G1806,Directed,11823,,,1
G170,G1812,Directed,11824,,,1
G170,G1819,Directed,11825,,,1
G170,G1929,Directed,11826,,,1
G171,G170,Directed,11827,,,1
G171,G477,Directed,11828,,,1
G171,G537,Directed,11829,,,1
G171,G1090,Directed,11830,,,1
G171,G1597,Directed,11831,,,1
G171,G1806,Directed,11832,,,1
G171,G1929,Directed,11833,,,1
G172,G54,Directed,11834,,,1
G172,G173,Directed,11835,,,1
G172,G366,Directed,11836,,,1
G172,G367,Directed,11837,,,1
G172,G379,Directed,11838,,,1
G172,G382,Directed,11839,,,1
G172,G406,Directed,11840,,,1
G172,G435,Directed,11841,,,1
G172,G461,Directed,11842,,,1
G172,G495,Directed,11843,,,1
G172,G505,Directed,11844,,,1
G172,G612,Directed,11845,,,1
G172,G709,Directed,11846,,,1
G172,G1435,Directed,11847,,,1
G173,G172,Directed,11848,,,1
G174,G5,Directed,11849,,,1
G174,G71,Directed,11850,,,1
G174,G93,Directed,11851,,,1
G174,G97,Directed,11852,,,1
G174,G230,Directed,11853,,,1
G174,G260,Directed,11854,,,1
G174,G318,Directed,11855,,,1
G174,G374,Directed,11856,,,1
G174,G416,Directed,11857,,,1
G174,G548,Directed,11858,,,1
G174,G725,Directed,11859,,,1
G174,G731,Directed,11860,,,1
G174,G788,Directed,11861,,,1
G174,G889,Directed,11862,,,1
G174,G892,Directed,11863,,,1
G174,G905,Directed,11864,,,1
G174,G908,Directed,11865,,,1
G174,G916,Directed,11866,,,1
G174,G969,Directed,11867,,,1
G174,G987,Directed,11868,,,1
G174,G1000,Directed,11869,,,1
G174,G1007,Directed,11870,,,1
G174,G1035,Directed,11871,,,1
G174,G1036,Directed,11872,,,1
G174,G1045,Directed,11873,,,1
G174,G1201,Directed,11874,,,1
G174,G1214,Directed,11875,,,1
G174,G1216,Directed,11876,,,1
G174,G1294,Directed,11877,,,1
G174,G1323,Directed,11878,,,1
G174,G1826,Directed,11879,,,1
G174,G1856,Directed,11880,,,1
G175,G28,Directed,11881,,,1
G175,G29,Directed,11882,,,1
G175,G41,Directed,11883,,,1
G175,G42,Directed,11884,,,1
G175,G45,Directed,11885,,,1
G175,G46,Directed,11886,,,1
G175,G68,Directed,11887,,,1
G175,G69,Directed,11888,,,1
G175,G91,Directed,11889,,,1
G175,G113,Directed,11890,,,1
G175,G167,Directed,11891,,,1
G175,G176,Directed,11892,,,1
G175,G177,Directed,11893,,,1
G175,G178,Directed,11894,,,1
G175,G179,Directed,11895,,,1
G175,G180,Directed,11896,,,1
G175,G181,Directed,11897,,,1
G175,G182,Directed,11898,,,1
G175,G183,Directed,11899,,,1
G175,G184,Directed,11900,,,1
G175,G185,Directed,11901,,,1
G175,G186,Directed,11902,,,1
G175,G187,Directed,11903,,,1
G175,G189,Directed,11904,,,1
G175,G190,Directed,11905,,,1
G175,G191,Directed,11906,,,1
G175,G192,Directed,11907,,,1
G175,G195,Directed,11908,,,1
G175,G198,Directed,11909,,,1
G175,G199,Directed,11910,,,1
G175,G204,Directed,11911,,,1
G175,G205,Directed,11912,,,1
G175,G206,Directed,11913,,,1
G175,G207,Directed,11914,,,1
G175,G210,Directed,11915,,,1
G175,G213,Directed,11916,,,1
G175,G223,Directed,11917,,,1
G175,G235,Directed,11918,,,1
G175,G258,Directed,11919,,,1
G175,G275,Directed,11920,,,1
G175,G288,Directed,11921,,,1
G175,G334,Directed,11922,,,1
G175,G422,Directed,11923,,,1
G175,G423,Directed,11924,,,1
G175,G449,Directed,11925,,,1
G175,G518,Directed,11926,,,1
G175,G521,Directed,11927,,,1
G175,G535,Directed,11928,,,1
G175,G864,Directed,11929,,,1
G175,G912,Directed,11930,,,1
G175,G913,Directed,11931,,,1
G175,G914,Directed,11932,,,1
G175,G917,Directed,11933,,,1
G175,G918,Directed,11934,,,1
G175,G919,Directed,11935,,,1
G175,G921,Directed,11936,,,1
G175,G922,Directed,11937,,,1
G175,G923,Directed,11938,,,1
G175,G924,Directed,11939,,,1
G175,G925,Directed,11940,,,1
G175,G926,Directed,11941,,,1
G175,G927,Directed,11942,,,1
G175,G928,Directed,11943,,,1
G175,G932,Directed,11944,,,1
G175,G933,Directed,11945,,,1
G175,G934,Directed,11946,,,1
G175,G935,Directed,11947,,,1
G175,G936,Directed,11948,,,1
G175,G937,Directed,11949,,,1
G175,G938,Directed,11950,,,1
G175,G939,Directed,11951,,,1
G175,G940,Directed,11952,,,1
G175,G941,Directed,11953,,,1
G175,G942,Directed,11954,,,1
G175,G943,Directed,11955,,,1
G175,G944,Directed,11956,,,1
G175,G949,Directed,11957,,,1
G175,G953,Directed,11958,,,1
G175,G954,Directed,11959,,,1
G175,G955,Directed,11960,,,1
G175,G960,Directed,11961,,,1
G175,G964,Directed,11962,,,1
G175,G966,Directed,11963,,,1
G175,G967,Directed,11964,,,1
G175,G977,Directed,11965,,,1
G175,G1060,Directed,11966,,,1
G175,G1073,Directed,11967,,,1
G175,G1101,Directed,11968,,,1
G175,G1157,Directed,11969,,,1
G175,G1235,Directed,11970,,,1
G175,G1241,Directed,11971,,,1
G175,G1242,Directed,11972,,,1
G175,G1243,Directed,11973,,,1
G175,G1245,Directed,11974,,,1
G175,G1254,Directed,11975,,,1
G175,G1261,Directed,11976,,,1
G175,G1273,Directed,11977,,,1
G175,G1305,Directed,11978,,,1
G175,G1321,Directed,11979,,,1
G175,G1443,Directed,11980,,,1
G175,G1503,Directed,11981,,,1
G175,G1537,Directed,11982,,,1
G175,G1540,Directed,11983,,,1
G175,G1624,Directed,11984,,,1
G175,G1659,Directed,11985,,,1
G175,G1671,Directed,11986,,,1
G176,G28,Directed,11987,,,1
G176,G29,Directed,11988,,,1
G176,G41,Directed,11989,,,1
G176,G42,Directed,11990,,,1
G176,G45,Directed,11991,,,1
G176,G46,Directed,11992,,,1
G176,G68,Directed,11993,,,1
G176,G69,Directed,11994,,,1
G176,G80,Directed,11995,,,1
G176,G91,Directed,11996,,,1
G176,G112,Directed,11997,,,1
G176,G113,Directed,11998,,,1
G176,G167,Directed,11999,,,1
G176,G175,Directed,12000,,,1
G176,G177,Directed,12001,,,1
G176,G178,Directed,12002,,,1
G176,G179,Directed,12003,,,1
G176,G180,Directed,12004,,,1
G176,G181,Directed,12005,,,1
G176,G182,Directed,12006,,,1
G176,G183,Directed,12007,,,1
G176,G184,Directed,12008,,,1
G176,G185,Directed,12009,,,1
G176,G186,Directed,12010,,,1
G176,G187,Directed,12011,,,1
G176,G189,Directed,12012,,,1
G176,G190,Directed,12013,,,1
G176,G191,Directed,12014,,,1
G176,G192,Directed,12015,,,1
G176,G195,Directed,12016,,,1
G176,G198,Directed,12017,,,1
G176,G199,Directed,12018,,,1
G176,G204,Directed,12019,,,1
G176,G205,Directed,12020,,,1
G176,G206,Directed,12021,,,1
G176,G207,Directed,12022,,,1
G176,G210,Directed,12023,,,1
G176,G213,Directed,12024,,,1
G176,G223,Directed,12025,,,1
G176,G235,Directed,12026,,,1
G176,G258,Directed,12027,,,1
G176,G275,Directed,12028,,,1
G176,G288,Directed,12029,,,1
G176,G334,Directed,12030,,,1
G176,G422,Directed,12031,,,1
G176,G423,Directed,12032,,,1
G176,G449,Directed,12033,,,1
G176,G518,Directed,12034,,,1
G176,G521,Directed,12035,,,1
G176,G535,Directed,12036,,,1
G176,G864,Directed,12037,,,1
G176,G912,Directed,12038,,,1
G176,G913,Directed,12039,,,1
G176,G914,Directed,12040,,,1
G176,G917,Directed,12041,,,1
G176,G918,Directed,12042,,,1
G176,G919,Directed,12043,,,1
G176,G921,Directed,12044,,,1
G176,G922,Directed,12045,,,1
G176,G923,Directed,12046,,,1
G176,G924,Directed,12047,,,1
G176,G925,Directed,12048,,,1
G176,G926,Directed,12049,,,1
G176,G927,Directed,12050,,,1
G176,G928,Directed,12051,,,1
G176,G932,Directed,12052,,,1
G176,G933,Directed,12053,,,1
G176,G934,Directed,12054,,,1
G176,G935,Directed,12055,,,1
G176,G936,Directed,12056,,,1
G176,G937,Directed,12057,,,1
G176,G938,Directed,12058,,,1
G176,G939,Directed,12059,,,1
G176,G940,Directed,12060,,,1
G176,G941,Directed,12061,,,1
G176,G942,Directed,12062,,,1
G176,G943,Directed,12063,,,1
G176,G944,Directed,12064,,,1
G176,G949,Directed,12065,,,1
G176,G953,Directed,12066,,,1
G176,G954,Directed,12067,,,1
G176,G955,Directed,12068,,,1
G176,G958,Directed,12069,,,1
G176,G959,Directed,12070,,,1
G176,G960,Directed,12071,,,1
G176,G963,Directed,12072,,,1
G176,G964,Directed,12073,,,1
G176,G966,Directed,12074,,,1
G176,G967,Directed,12075,,,1
G176,G977,Directed,12076,,,1
G176,G1060,Directed,12077,,,1
G176,G1073,Directed,12078,,,1
G176,G1101,Directed,12079,,,1
G176,G1104,Directed,12080,,,1
G176,G1114,Directed,12081,,,1
G176,G1121,Directed,12082,,,1
G176,G1122,Directed,12083,,,1
G176,G1157,Directed,12084,,,1
G176,G1235,Directed,12085,,,1
G176,G1241,Directed,12086,,,1
G176,G1242,Directed,12087,,,1
G176,G1243,Directed,12088,,,1
G176,G1245,Directed,12089,,,1
G176,G1254,Directed,12090,,,1
G176,G1261,Directed,12091,,,1
G176,G1273,Directed,12092,,,1
G176,G1305,Directed,12093,,,1
G176,G1321,Directed,12094,,,1
G176,G1443,Directed,12095,,,1
G176,G1503,Directed,12096,,,1
G176,G1537,Directed,12097,,,1
G176,G1540,Directed,12098,,,1
G176,G1624,Directed,12099,,,1
G176,G1659,Directed,12100,,,1
G176,G1671,Directed,12101,,,1
G177,G28,Directed,12102,,,1
G177,G29,Directed,12103,,,1
G177,G41,Directed,12104,,,1
G177,G42,Directed,12105,,,1
G177,G45,Directed,12106,,,1
G177,G46,Directed,12107,,,1
G177,G68,Directed,12108,,,1
G177,G69,Directed,12109,,,1
G177,G91,Directed,12110,,,1
G177,G112,Directed,12111,,,1
G177,G113,Directed,12112,,,1
G177,G167,Directed,12113,,,1
G177,G175,Directed,12114,,,1
G177,G176,Directed,12115,,,1
G177,G178,Directed,12116,,,1
G177,G179,Directed,12117,,,1
G177,G180,Directed,12118,,,1
G177,G181,Directed,12119,,,1
G177,G182,Directed,12120,,,1
G177,G183,Directed,12121,,,1
G177,G184,Directed,12122,,,1
G177,G185,Directed,12123,,,1
G177,G186,Directed,12124,,,1
G177,G187,Directed,12125,,,1
G177,G189,Directed,12126,,,1
G177,G190,Directed,12127,,,1
G177,G191,Directed,12128,,,1
G177,G192,Directed,12129,,,1
G177,G195,Directed,12130,,,1
G177,G198,Directed,12131,,,1
G177,G199,Directed,12132,,,1
G177,G204,Directed,12133,,,1
G177,G205,Directed,12134,,,1
G177,G206,Directed,12135,,,1
G177,G207,Directed,12136,,,1
G177,G210,Directed,12137,,,1
G177,G213,Directed,12138,,,1
G177,G223,Directed,12139,,,1
G177,G235,Directed,12140,,,1
G177,G258,Directed,12141,,,1
G177,G275,Directed,12142,,,1
G177,G288,Directed,12143,,,1
G177,G334,Directed,12144,,,1
G177,G422,Directed,12145,,,1
G177,G423,Directed,12146,,,1
G177,G449,Directed,12147,,,1
G177,G518,Directed,12148,,,1
G177,G521,Directed,12149,,,1
G177,G535,Directed,12150,,,1
G177,G864,Directed,12151,,,1
G177,G912,Directed,12152,,,1
G177,G913,Directed,12153,,,1
G177,G914,Directed,12154,,,1
G177,G917,Directed,12155,,,1
G177,G918,Directed,12156,,,1
G177,G919,Directed,12157,,,1
G177,G921,Directed,12158,,,1
G177,G922,Directed,12159,,,1
G177,G923,Directed,12160,,,1
G177,G925,Directed,12161,,,1
G177,G926,Directed,12162,,,1
G177,G927,Directed,12163,,,1
G177,G928,Directed,12164,,,1
G177,G932,Directed,12165,,,1
G177,G933,Directed,12166,,,1
G177,G934,Directed,12167,,,1
G177,G935,Directed,12168,,,1
G177,G936,Directed,12169,,,1
G177,G937,Directed,12170,,,1
G177,G938,Directed,12171,,,1
G177,G939,Directed,12172,,,1
G177,G940,Directed,12173,,,1
G177,G941,Directed,12174,,,1
G177,G942,Directed,12175,,,1
G177,G943,Directed,12176,,,1
G177,G944,Directed,12177,,,1
G177,G949,Directed,12178,,,1
G177,G953,Directed,12179,,,1
G177,G954,Directed,12180,,,1
G177,G955,Directed,12181,,,1
G177,G960,Directed,12182,,,1
G177,G964,Directed,12183,,,1
G177,G966,Directed,12184,,,1
G177,G967,Directed,12185,,,1
G177,G977,Directed,12186,,,1
G177,G1060,Directed,12187,,,1
G177,G1073,Directed,12188,,,1
G177,G1101,Directed,12189,,,1
G177,G1157,Directed,12190,,,1
G177,G1235,Directed,12191,,,1
G177,G1241,Directed,12192,,,1
G177,G1242,Directed,12193,,,1
G177,G1243,Directed,12194,,,1
G177,G1245,Directed,12195,,,1
G177,G1254,Directed,12196,,,1
G177,G1261,Directed,12197,,,1
G177,G1273,Directed,12198,,,1
G177,G1305,Directed,12199,,,1
G177,G1321,Directed,12200,,,1
G177,G1443,Directed,12201,,,1
G177,G1503,Directed,12202,,,1
G177,G1537,Directed,12203,,,1
G177,G1540,Directed,12204,,,1
G177,G1624,Directed,12205,,,1
G177,G1659,Directed,12206,,,1
G177,G1671,Directed,12207,,,1
G178,G29,Directed,12208,,,1
G178,G68,Directed,12209,,,1
G178,G91,Directed,12210,,,1
G178,G112,Directed,12211,,,1
G178,G175,Directed,12212,,,1
G178,G176,Directed,12213,,,1
G178,G177,Directed,12214,,,1
G178,G179,Directed,12215,,,1
G178,G180,Directed,12216,,,1
G178,G182,Directed,12217,,,1
G178,G183,Directed,12218,,,1
G178,G186,Directed,12219,,,1
G178,G190,Directed,12220,,,1
G178,G191,Directed,12221,,,1
G178,G192,Directed,12222,,,1
G178,G195,Directed,12223,,,1
G178,G199,Directed,12224,,,1
G178,G204,Directed,12225,,,1
G178,G205,Directed,12226,,,1
G178,G206,Directed,12227,,,1
G178,G207,Directed,12228,,,1
G178,G223,Directed,12229,,,1
G178,G235,Directed,12230,,,1
G178,G275,Directed,12231,,,1
G178,G288,Directed,12232,,,1
G178,G334,Directed,12233,,,1
G178,G342,Directed,12234,,,1
G178,G449,Directed,12235,,,1
G178,G518,Directed,12236,,,1
G178,G670,Directed,12237,,,1
G178,G918,Directed,12238,,,1
G178,G923,Directed,12239,,,1
G178,G924,Directed,12240,,,1
G178,G932,Directed,12241,,,1
G178,G933,Directed,12242,,,1
G178,G936,Directed,12243,,,1
G178,G937,Directed,12244,,,1
G178,G949,Directed,12245,,,1
G178,G967,Directed,12246,,,1
G178,G1101,Directed,12247,,,1
G178,G1118,Directed,12248,,,1
G178,G1157,Directed,12249,,,1
G178,G1241,Directed,12250,,,1
G178,G1243,Directed,12251,,,1
G178,G1245,Directed,12252,,,1
G178,G1256,Directed,12253,,,1
G178,G1321,Directed,12254,,,1
G178,G1426,Directed,12255,,,1
G178,G1443,Directed,12256,,,1
G178,G1449,Directed,12257,,,1
G178,G1503,Directed,12258,,,1
G178,G1628,Directed,12259,,,1
G178,G1669,Directed,12260,,,1
G179,G29,Directed,12261,,,1
G179,G68,Directed,12262,,,1
G179,G91,Directed,12263,,,1
G179,G112,Directed,12264,,,1
G179,G175,Directed,12265,,,1
G179,G176,Directed,12266,,,1
G179,G177,Directed,12267,,,1
G179,G178,Directed,12268,,,1
G179,G180,Directed,12269,,,1
G179,G183,Directed,12270,,,1
G179,G186,Directed,12271,,,1
G179,G190,Directed,12272,,,1
G179,G191,Directed,12273,,,1
G179,G192,Directed,12274,,,1
G179,G195,Directed,12275,,,1
G179,G199,Directed,12276,,,1
G179,G204,Directed,12277,,,1
G179,G205,Directed,12278,,,1
G179,G206,Directed,12279,,,1
G179,G207,Directed,12280,,,1
G179,G223,Directed,12281,,,1
G179,G235,Directed,12282,,,1
G179,G275,Directed,12283,,,1
G179,G334,Directed,12284,,,1
G179,G449,Directed,12285,,,1
G179,G518,Directed,12286,,,1
G179,G918,Directed,12287,,,1
G179,G923,Directed,12288,,,1
G179,G924,Directed,12289,,,1
G179,G932,Directed,12290,,,1
G179,G933,Directed,12291,,,1
G179,G936,Directed,12292,,,1
G179,G937,Directed,12293,,,1
G179,G949,Directed,12294,,,1
G179,G967,Directed,12295,,,1
G179,G1101,Directed,12296,,,1
G179,G1118,Directed,12297,,,1
G179,G1241,Directed,12298,,,1
G179,G1243,Directed,12299,,,1
G179,G1245,Directed,12300,,,1
G179,G1256,Directed,12301,,,1
G179,G1321,Directed,12302,,,1
G179,G1426,Directed,12303,,,1
G179,G1443,Directed,12304,,,1
G179,G1449,Directed,12305,,,1
G179,G1503,Directed,12306,,,1
G179,G1628,Directed,12307,,,1
G180,G28,Directed,12308,,,1
G180,G29,Directed,12309,,,1
G180,G41,Directed,12310,,,1
G180,G42,Directed,12311,,,1
G180,G45,Directed,12312,,,1
G180,G46,Directed,12313,,,1
G180,G68,Directed,12314,,,1
G180,G69,Directed,12315,,,1
G180,G91,Directed,12316,,,1
G180,G112,Directed,12317,,,1
G180,G113,Directed,12318,,,1
G180,G167,Directed,12319,,,1
G180,G175,Directed,12320,,,1
G180,G176,Directed,12321,,,1
G180,G177,Directed,12322,,,1
G180,G178,Directed,12323,,,1
G180,G179,Directed,12324,,,1
G180,G181,Directed,12325,,,1
G180,G182,Directed,12326,,,1
G180,G183,Directed,12327,,,1
G180,G184,Directed,12328,,,1
G180,G185,Directed,12329,,,1
G180,G186,Directed,12330,,,1
G180,G187,Directed,12331,,,1
G180,G189,Directed,12332,,,1
G180,G190,Directed,12333,,,1
G180,G191,Directed,12334,,,1
G180,G192,Directed,12335,,,1
G180,G195,Directed,12336,,,1
G180,G198,Directed,12337,,,1
G180,G199,Directed,12338,,,1
G180,G204,Directed,12339,,,1
G180,G205,Directed,12340,,,1
G180,G206,Directed,12341,,,1
G180,G207,Directed,12342,,,1
G180,G210,Directed,12343,,,1
G180,G213,Directed,12344,,,1
G180,G223,Directed,12345,,,1
G180,G235,Directed,12346,,,1
G180,G258,Directed,12347,,,1
G180,G275,Directed,12348,,,1
G180,G334,Directed,12349,,,1
G180,G422,Directed,12350,,,1
G180,G423,Directed,12351,,,1
G180,G449,Directed,12352,,,1
G180,G518,Directed,12353,,,1
G180,G521,Directed,12354,,,1
G180,G535,Directed,12355,,,1
G180,G864,Directed,12356,,,1
G180,G912,Directed,12357,,,1
G180,G913,Directed,12358,,,1
G180,G914,Directed,12359,,,1
G180,G917,Directed,12360,,,1
G180,G918,Directed,12361,,,1
G180,G919,Directed,12362,,,1
G180,G921,Directed,12363,,,1
G180,G922,Directed,12364,,,1
G180,G924,Directed,12365,,,1
G180,G925,Directed,12366,,,1
G180,G926,Directed,12367,,,1
G180,G927,Directed,12368,,,1
G180,G928,Directed,12369,,,1
G180,G932,Directed,12370,,,1
G180,G933,Directed,12371,,,1
G180,G934,Directed,12372,,,1
G180,G935,Directed,12373,,,1
G180,G936,Directed,12374,,,1
G180,G937,Directed,12375,,,1
G180,G938,Directed,12376,,,1
G180,G939,Directed,12377,,,1
G180,G940,Directed,12378,,,1
G180,G941,Directed,12379,,,1
G180,G942,Directed,12380,,,1
G180,G943,Directed,12381,,,1
G180,G944,Directed,12382,,,1
G180,G949,Directed,12383,,,1
G180,G953,Directed,12384,,,1
G180,G954,Directed,12385,,,1
G180,G955,Directed,12386,,,1
G180,G960,Directed,12387,,,1
G180,G964,Directed,12388,,,1
G180,G966,Directed,12389,,,1
G180,G967,Directed,12390,,,1
G180,G977,Directed,12391,,,1
G180,G1060,Directed,12392,,,1
G180,G1073,Directed,12393,,,1
G180,G1101,Directed,12394,,,1
G180,G1235,Directed,12395,,,1
G180,G1241,Directed,12396,,,1
G180,G1242,Directed,12397,,,1
G180,G1243,Directed,12398,,,1
G180,G1245,Directed,12399,,,1
G180,G1254,Directed,12400,,,1
G180,G1261,Directed,12401,,,1
G180,G1273,Directed,12402,,,1
G180,G1305,Directed,12403,,,1
G180,G1321,Directed,12404,,,1
G180,G1443,Directed,12405,,,1
G180,G1503,Directed,12406,,,1
G180,G1537,Directed,12407,,,1
G180,G1540,Directed,12408,,,1
G180,G1624,Directed,12409,,,1
G180,G1659,Directed,12410,,,1
G180,G1671,Directed,12411,,,1
G181,G29,Directed,12412,,,1
G181,G68,Directed,12413,,,1
G181,G91,Directed,12414,,,1
G181,G112,Directed,12415,,,1
G181,G175,Directed,12416,,,1
G181,G176,Directed,12417,,,1
G181,G177,Directed,12418,,,1
G181,G180,Directed,12419,,,1
G181,G183,Directed,12420,,,1
G181,G186,Directed,12421,,,1
G181,G190,Directed,12422,,,1
G181,G191,Directed,12423,,,1
G181,G192,Directed,12424,,,1
G181,G195,Directed,12425,,,1
G181,G199,Directed,12426,,,1
G181,G204,Directed,12427,,,1
G181,G205,Directed,12428,,,1
G181,G206,Directed,12429,,,1
G181,G207,Directed,12430,,,1
G181,G223,Directed,12431,,,1
G181,G275,Directed,12432,,,1
G181,G288,Directed,12433,,,1
G181,G334,Directed,12434,,,1
G181,G449,Directed,12435,,,1
G181,G518,Directed,12436,,,1
G181,G580,Directed,12437,,,1
G181,G918,Directed,12438,,,1
G181,G923,Directed,12439,,,1
G181,G924,Directed,12440,,,1
G181,G932,Directed,12441,,,1
G181,G933,Directed,12442,,,1
G181,G936,Directed,12443,,,1
G181,G937,Directed,12444,,,1
G181,G949,Directed,12445,,,1
G181,G967,Directed,12446,,,1
G181,G1101,Directed,12447,,,1
G181,G1157,Directed,12448,,,1
G181,G1241,Directed,12449,,,1
G181,G1243,Directed,12450,,,1
G181,G1245,Directed,12451,,,1
G181,G1321,Directed,12452,,,1
G181,G1443,Directed,12453,,,1
G181,G1503,Directed,12454,,,1
G182,G29,Directed,12455,,,1
G182,G64,Directed,12456,,,1
G182,G68,Directed,12457,,,1
G182,G91,Directed,12458,,,1
G182,G112,Directed,12459,,,1
G182,G175,Directed,12460,,,1
G182,G176,Directed,12461,,,1
G182,G177,Directed,12462,,,1
G182,G178,Directed,12463,,,1
G182,G180,Directed,12464,,,1
G182,G183,Directed,12465,,,1
G182,G186,Directed,12466,,,1
G182,G190,Directed,12467,,,1
G182,G191,Directed,12468,,,1
G182,G192,Directed,12469,,,1
G182,G195,Directed,12470,,,1
G182,G199,Directed,12471,,,1
G182,G204,Directed,12472,,,1
G182,G205,Directed,12473,,,1
G182,G206,Directed,12474,,,1
G182,G207,Directed,12475,,,1
G182,G223,Directed,12476,,,1
G182,G275,Directed,12477,,,1
G182,G288,Directed,12478,,,1
G182,G334,Directed,12479,,,1
G182,G449,Directed,12480,,,1
G182,G518,Directed,12481,,,1
G182,G918,Directed,12482,,,1
G182,G923,Directed,12483,,,1
G182,G924,Directed,12484,,,1
G182,G932,Directed,12485,,,1
G182,G933,Directed,12486,,,1
G182,G936,Directed,12487,,,1
G182,G937,Directed,12488,,,1
G182,G949,Directed,12489,,,1
G182,G967,Directed,12490,,,1
G182,G1101,Directed,12491,,,1
G182,G1157,Directed,12492,,,1
G182,G1241,Directed,12493,,,1
G182,G1243,Directed,12494,,,1
G182,G1245,Directed,12495,,,1
G182,G1321,Directed,12496,,,1
G182,G1443,Directed,12497,,,1
G182,G1503,Directed,12498,,,1
G183,G28,Directed,12499,,,1
G183,G29,Directed,12500,,,1
G183,G41,Directed,12501,,,1
G183,G42,Directed,12502,,,1
G183,G45,Directed,12503,,,1
G183,G46,Directed,12504,,,1
G183,G68,Directed,12505,,,1
G183,G69,Directed,12506,,,1
G183,G91,Directed,12507,,,1
G183,G112,Directed,12508,,,1
G183,G113,Directed,12509,,,1
G183,G167,Directed,12510,,,1
G183,G175,Directed,12511,,,1
G183,G176,Directed,12512,,,1
G183,G177,Directed,12513,,,1
G183,G178,Directed,12514,,,1
G183,G179,Directed,12515,,,1
G183,G180,Directed,12516,,,1
G183,G181,Directed,12517,,,1
G183,G182,Directed,12518,,,1
G183,G184,Directed,12519,,,1
G183,G185,Directed,12520,,,1
G183,G186,Directed,12521,,,1
G183,G187,Directed,12522,,,1
G183,G189,Directed,12523,,,1
G183,G191,Directed,12524,,,1
G183,G192,Directed,12525,,,1
G183,G195,Directed,12526,,,1
G183,G198,Directed,12527,,,1
G183,G199,Directed,12528,,,1
G183,G204,Directed,12529,,,1
G183,G205,Directed,12530,,,1
G183,G206,Directed,12531,,,1
G183,G207,Directed,12532,,,1
G183,G210,Directed,12533,,,1
G183,G213,Directed,12534,,,1
G183,G223,Directed,12535,,,1
G183,G235,Directed,12536,,,1
G183,G258,Directed,12537,,,1
G183,G275,Directed,12538,,,1
G183,G334,Directed,12539,,,1
G183,G422,Directed,12540,,,1
G183,G423,Directed,12541,,,1
G183,G449,Directed,12542,,,1
G183,G518,Directed,12543,,,1
G183,G521,Directed,12544,,,1
G183,G535,Directed,12545,,,1
G183,G864,Directed,12546,,,1
G183,G912,Directed,12547,,,1
G183,G913,Directed,12548,,,1
G183,G914,Directed,12549,,,1
G183,G917,Directed,12550,,,1
G183,G918,Directed,12551,,,1
G183,G919,Directed,12552,,,1
G183,G921,Directed,12553,,,1
G183,G922,Directed,12554,,,1
G183,G923,Directed,12555,,,1
G183,G924,Directed,12556,,,1
G183,G925,Directed,12557,,,1
G183,G926,Directed,12558,,,1
G183,G927,Directed,12559,,,1
G183,G928,Directed,12560,,,1
G183,G932,Directed,12561,,,1
G183,G933,Directed,12562,,,1
G183,G934,Directed,12563,,,1
G183,G935,Directed,12564,,,1
G183,G936,Directed,12565,,,1
G183,G937,Directed,12566,,,1
G183,G938,Directed,12567,,,1
G183,G939,Directed,12568,,,1
G183,G940,Directed,12569,,,1
G183,G941,Directed,12570,,,1
G183,G942,Directed,12571,,,1
G183,G943,Directed,12572,,,1
G183,G944,Directed,12573,,,1
G183,G949,Directed,12574,,,1
G183,G953,Directed,12575,,,1
G183,G954,Directed,12576,,,1
G183,G955,Directed,12577,,,1
G183,G960,Directed,12578,,,1
G183,G964,Directed,12579,,,1
G183,G966,Directed,12580,,,1
G183,G967,Directed,12581,,,1
G183,G977,Directed,12582,,,1
G183,G1060,Directed,12583,,,1
G183,G1073,Directed,12584,,,1
G183,G1101,Directed,12585,,,1
G183,G1235,Directed,12586,,,1
G183,G1241,Directed,12587,,,1
G183,G1242,Directed,12588,,,1
G183,G1243,Directed,12589,,,1
G183,G1245,Directed,12590,,,1
G183,G1254,Directed,12591,,,1
G183,G1261,Directed,12592,,,1
G183,G1273,Directed,12593,,,1
G183,G1305,Directed,12594,,,1
G183,G1321,Directed,12595,,,1
G183,G1443,Directed,12596,,,1
G183,G1503,Directed,12597,,,1
G183,G1537,Directed,12598,,,1
G183,G1540,Directed,12599,,,1
G183,G1624,Directed,12600,,,1
G183,G1659,Directed,12601,,,1
G183,G1671,Directed,12602,,,1
G184,G29,Directed,12603,,,1
G184,G68,Directed,12604,,,1
G184,G91,Directed,12605,,,1
G184,G112,Directed,12606,,,1
G184,G175,Directed,12607,,,1
G184,G176,Directed,12608,,,1
G184,G177,Directed,12609,,,1
G184,G180,Directed,12610,,,1
G184,G183,Directed,12611,,,1
G184,G186,Directed,12612,,,1
G184,G190,Directed,12613,,,1
G184,G191,Directed,12614,,,1
G184,G192,Directed,12615,,,1
G184,G195,Directed,12616,,,1
G184,G199,Directed,12617,,,1
G184,G204,Directed,12618,,,1
G184,G205,Directed,12619,,,1
G184,G206,Directed,12620,,,1
G184,G207,Directed,12621,,,1
G184,G223,Directed,12622,,,1
G184,G275,Directed,12623,,,1
G184,G334,Directed,12624,,,1
G184,G449,Directed,12625,,,1
G184,G518,Directed,12626,,,1
G184,G918,Directed,12627,,,1
G184,G923,Directed,12628,,,1
G184,G924,Directed,12629,,,1
G184,G932,Directed,12630,,,1
G184,G933,Directed,12631,,,1
G184,G936,Directed,12632,,,1
G184,G937,Directed,12633,,,1
G184,G949,Directed,12634,,,1
G184,G967,Directed,12635,,,1
G184,G1101,Directed,12636,,,1
G184,G1241,Directed,12637,,,1
G184,G1243,Directed,12638,,,1
G184,G1245,Directed,12639,,,1
G184,G1321,Directed,12640,,,1
G184,G1443,Directed,12641,,,1
G184,G1503,Directed,12642,,,1
G185,G29,Directed,12643,,,1
G185,G68,Directed,12644,,,1
G185,G91,Directed,12645,,,1
G185,G112,Directed,12646,,,1
G185,G175,Directed,12647,,,1
G185,G176,Directed,12648,,,1
G185,G177,Directed,12649,,,1
G185,G180,Directed,12650,,,1
G185,G183,Directed,12651,,,1
G185,G186,Directed,12652,,,1
G185,G190,Directed,12653,,,1
G185,G191,Directed,12654,,,1
G185,G192,Directed,12655,,,1
G185,G195,Directed,12656,,,1
G185,G199,Directed,12657,,,1
G185,G204,Directed,12658,,,1
G185,G205,Directed,12659,,,1
G185,G206,Directed,12660,,,1
G185,G207,Directed,12661,,,1
G185,G223,Directed,12662,,,1
G185,G275,Directed,12663,,,1
G185,G334,Directed,12664,,,1
G185,G449,Directed,12665,,,1
G185,G518,Directed,12666,,,1
G185,G918,Directed,12667,,,1
G185,G923,Directed,12668,,,1
G185,G924,Directed,12669,,,1
G185,G932,Directed,12670,,,1
G185,G933,Directed,12671,,,1
G185,G936,Directed,12672,,,1
G185,G937,Directed,12673,,,1
G185,G949,Directed,12674,,,1
G185,G967,Directed,12675,,,1
G185,G1101,Directed,12676,,,1
G185,G1241,Directed,12677,,,1
G185,G1243,Directed,12678,,,1
G185,G1245,Directed,12679,,,1
G185,G1321,Directed,12680,,,1
G185,G1443,Directed,12681,,,1
G185,G1503,Directed,12682,,,1
G186,G28,Directed,12683,,,1
G186,G29,Directed,12684,,,1
G186,G41,Directed,12685,,,1
G186,G42,Directed,12686,,,1
G186,G45,Directed,12687,,,1
G186,G46,Directed,12688,,,1
G186,G68,Directed,12689,,,1
G186,G69,Directed,12690,,,1
G186,G91,Directed,12691,,,1
G186,G112,Directed,12692,,,1
G186,G113,Directed,12693,,,1
G186,G167,Directed,12694,,,1
G186,G175,Directed,12695,,,1
G186,G176,Directed,12696,,,1
G186,G177,Directed,12697,,,1
G186,G178,Directed,12698,,,1
G186,G179,Directed,12699,,,1
G186,G180,Directed,12700,,,1
G186,G181,Directed,12701,,,1
G186,G182,Directed,12702,,,1
G186,G183,Directed,12703,,,1
G186,G184,Directed,12704,,,1
G186,G185,Directed,12705,,,1
G186,G187,Directed,12706,,,1
G186,G189,Directed,12707,,,1
G186,G190,Directed,12708,,,1
G186,G191,Directed,12709,,,1
G186,G192,Directed,12710,,,1
G186,G195,Directed,12711,,,1
G186,G198,Directed,12712,,,1
G186,G199,Directed,12713,,,1
G186,G204,Directed,12714,,,1
G186,G205,Directed,12715,,,1
G186,G206,Directed,12716,,,1
G186,G207,Directed,12717,,,1
G186,G210,Directed,12718,,,1
G186,G213,Directed,12719,,,1
G186,G223,Directed,12720,,,1
G186,G235,Directed,12721,,,1
G186,G258,Directed,12722,,,1
G186,G275,Directed,12723,,,1
G186,G334,Directed,12724,,,1
G186,G422,Directed,12725,,,1
G186,G423,Directed,12726,,,1
G186,G449,Directed,12727,,,1
G186,G518,Directed,12728,,,1
G186,G521,Directed,12729,,,1
G186,G535,Directed,12730,,,1
G186,G864,Directed,12731,,,1
G186,G912,Directed,12732,,,1
G186,G913,Directed,12733,,,1
G186,G914,Directed,12734,,,1
G186,G917,Directed,12735,,,1
G186,G918,Directed,12736,,,1
G186,G919,Directed,12737,,,1
G186,G921,Directed,12738,,,1
G186,G922,Directed,12739,,,1
G186,G923,Directed,12740,,,1
G186,G924,Directed,12741,,,1
G186,G925,Directed,12742,,,1
G186,G926,Directed,12743,,,1
G186,G927,Directed,12744,,,1
G186,G928,Directed,12745,,,1
G186,G932,Directed,12746,,,1
G186,G933,Directed,12747,,,1
G186,G934,Directed,12748,,,1
G186,G935,Directed,12749,,,1
G186,G936,Directed,12750,,,1
G186,G938,Directed,12751,,,1
G186,G939,Directed,12752,,,1
G186,G940,Directed,12753,,,1
G186,G941,Directed,12754,,,1
G186,G942,Directed,12755,,,1
G186,G943,Directed,12756,,,1
G186,G944,Directed,12757,,,1
G186,G949,Directed,12758,,,1
G186,G953,Directed,12759,,,1
G186,G954,Directed,12760,,,1
G186,G955,Directed,12761,,,1
G186,G960,Directed,12762,,,1
G186,G964,Directed,12763,,,1
G186,G966,Directed,12764,,,1
G186,G967,Directed,12765,,,1
G186,G977,Directed,12766,,,1
G186,G1060,Directed,12767,,,1
G186,G1073,Directed,12768,,,1
G186,G1101,Directed,12769,,,1
G186,G1235,Directed,12770,,,1
G186,G1241,Directed,12771,,,1
G186,G1242,Directed,12772,,,1
G186,G1243,Directed,12773,,,1
G186,G1245,Directed,12774,,,1
G186,G1254,Directed,12775,,,1
G186,G1261,Directed,12776,,,1
G186,G1273,Directed,12777,,,1
G186,G1305,Directed,12778,,,1
G186,G1321,Directed,12779,,,1
G186,G1443,Directed,12780,,,1
G186,G1503,Directed,12781,,,1
G186,G1537,Directed,12782,,,1
G186,G1540,Directed,12783,,,1
G186,G1624,Directed,12784,,,1
G186,G1659,Directed,12785,,,1
G186,G1671,Directed,12786,,,1
G187,G29,Directed,12787,,,1
G187,G68,Directed,12788,,,1
G187,G91,Directed,12789,,,1
G187,G112,Directed,12790,,,1
G187,G175,Directed,12791,,,1
G187,G176,Directed,12792,,,1
G187,G177,Directed,12793,,,1
G187,G180,Directed,12794,,,1
G187,G183,Directed,12795,,,1
G187,G186,Directed,12796,,,1
G187,G190,Directed,12797,,,1
G187,G191,Directed,12798,,,1
G187,G192,Directed,12799,,,1
G187,G195,Directed,12800,,,1
G187,G199,Directed,12801,,,1
G187,G204,Directed,12802,,,1
G187,G205,Directed,12803,,,1
G187,G206,Directed,12804,,,1
G187,G207,Directed,12805,,,1
G187,G223,Directed,12806,,,1
G187,G275,Directed,12807,,,1
G187,G288,Directed,12808,,,1
G187,G334,Directed,12809,,,1
G187,G449,Directed,12810,,,1
G187,G518,Directed,12811,,,1
G187,G918,Directed,12812,,,1
G187,G923,Directed,12813,,,1
G187,G924,Directed,12814,,,1
G187,G932,Directed,12815,,,1
G187,G933,Directed,12816,,,1
G187,G936,Directed,12817,,,1
G187,G937,Directed,12818,,,1
G187,G949,Directed,12819,,,1
G187,G967,Directed,12820,,,1
G187,G1101,Directed,12821,,,1
G187,G1157,Directed,12822,,,1
G187,G1241,Directed,12823,,,1
G187,G1243,Directed,12824,,,1
G187,G1245,Directed,12825,,,1
G187,G1321,Directed,12826,,,1
G187,G1443,Directed,12827,,,1
G187,G1503,Directed,12828,,,1
G188,G15,Directed,12829,,,1
G188,G16,Directed,12830,,,1
G189,G29,Directed,12831,,,1
G189,G68,Directed,12832,,,1
G189,G91,Directed,12833,,,1
G189,G112,Directed,12834,,,1
G189,G175,Directed,12835,,,1
G189,G176,Directed,12836,,,1
G189,G177,Directed,12837,,,1
G189,G180,Directed,12838,,,1
G189,G183,Directed,12839,,,1
G189,G186,Directed,12840,,,1
G189,G190,Directed,12841,,,1
G189,G191,Directed,12842,,,1
G189,G192,Directed,12843,,,1
G189,G195,Directed,12844,,,1
G189,G199,Directed,12845,,,1
G189,G204,Directed,12846,,,1
G189,G205,Directed,12847,,,1
G189,G206,Directed,12848,,,1
G189,G207,Directed,12849,,,1
G189,G223,Directed,12850,,,1
G189,G275,Directed,12851,,,1
G189,G334,Directed,12852,,,1
G189,G432,Directed,12853,,,1
G189,G449,Directed,12854,,,1
G189,G518,Directed,12855,,,1
G189,G918,Directed,12856,,,1
G189,G923,Directed,12857,,,1
G189,G924,Directed,12858,,,1
G189,G932,Directed,12859,,,1
G189,G933,Directed,12860,,,1
G189,G936,Directed,12861,,,1
G189,G937,Directed,12862,,,1
G189,G949,Directed,12863,,,1
G189,G967,Directed,12864,,,1
G189,G1101,Directed,12865,,,1
G189,G1241,Directed,12866,,,1
G189,G1243,Directed,12867,,,1
G189,G1245,Directed,12868,,,1
G189,G1321,Directed,12869,,,1
G189,G1443,Directed,12870,,,1
G189,G1503,Directed,12871,,,1
G190,G28,Directed,12872,,,1
G190,G29,Directed,12873,,,1
G190,G41,Directed,12874,,,1
G190,G42,Directed,12875,,,1
G190,G45,Directed,12876,,,1
G190,G46,Directed,12877,,,1
G190,G68,Directed,12878,,,1
G190,G69,Directed,12879,,,1
G190,G91,Directed,12880,,,1
G190,G112,Directed,12881,,,1
G190,G113,Directed,12882,,,1
G190,G167,Directed,12883,,,1
G190,G175,Directed,12884,,,1
G190,G176,Directed,12885,,,1
G190,G177,Directed,12886,,,1
G190,G178,Directed,12887,,,1
G190,G179,Directed,12888,,,1
G190,G180,Directed,12889,,,1
G190,G181,Directed,12890,,,1
G190,G182,Directed,12891,,,1
G190,G184,Directed,12892,,,1
G190,G185,Directed,12893,,,1
G190,G186,Directed,12894,,,1
G190,G187,Directed,12895,,,1
G190,G189,Directed,12896,,,1
G190,G191,Directed,12897,,,1
G190,G192,Directed,12898,,,1
G190,G195,Directed,12899,,,1
G190,G198,Directed,12900,,,1
G190,G199,Directed,12901,,,1
G190,G204,Directed,12902,,,1
G190,G205,Directed,12903,,,1
G190,G206,Directed,12904,,,1
G190,G207,Directed,12905,,,1
G190,G210,Directed,12906,,,1
G190,G213,Directed,12907,,,1
G190,G223,Directed,12908,,,1
G190,G235,Directed,12909,,,1
G190,G258,Directed,12910,,,1
G190,G275,Directed,12911,,,1
G190,G334,Directed,12912,,,1
G190,G422,Directed,12913,,,1
G190,G423,Directed,12914,,,1
G190,G449,Directed,12915,,,1
G190,G518,Directed,12916,,,1
G190,G521,Directed,12917,,,1
G190,G535,Directed,12918,,,1
G190,G864,Directed,12919,,,1
G190,G912,Directed,12920,,,1
G190,G913,Directed,12921,,,1
G190,G914,Directed,12922,,,1
G190,G917,Directed,12923,,,1
G190,G918,Directed,12924,,,1
G190,G919,Directed,12925,,,1
G190,G921,Directed,12926,,,1
G190,G922,Directed,12927,,,1
G190,G923,Directed,12928,,,1
G190,G924,Directed,12929,,,1
G190,G925,Directed,12930,,,1
G190,G926,Directed,12931,,,1
G190,G927,Directed,12932,,,1
G190,G928,Directed,12933,,,1
G190,G932,Directed,12934,,,1
G190,G933,Directed,12935,,,1
G190,G934,Directed,12936,,,1
G190,G935,Directed,12937,,,1
G190,G936,Directed,12938,,,1
G190,G937,Directed,12939,,,1
G190,G938,Directed,12940,,,1
G190,G939,Directed,12941,,,1
G190,G940,Directed,12942,,,1
G190,G941,Directed,12943,,,1
G190,G942,Directed,12944,,,1
G190,G943,Directed,12945,,,1
G190,G944,Directed,12946,,,1
G190,G949,Directed,12947,,,1
G190,G953,Directed,12948,,,1
G190,G954,Directed,12949,,,1
G190,G955,Directed,12950,,,1
G190,G960,Directed,12951,,,1
G190,G964,Directed,12952,,,1
G190,G966,Directed,12953,,,1
G190,G967,Directed,12954,,,1
G190,G977,Directed,12955,,,1
G190,G1060,Directed,12956,,,1
G190,G1073,Directed,12957,,,1
G190,G1101,Directed,12958,,,1
G190,G1235,Directed,12959,,,1
G190,G1241,Directed,12960,,,1
G190,G1242,Directed,12961,,,1
G190,G1243,Directed,12962,,,1
G190,G1245,Directed,12963,,,1
G190,G1254,Directed,12964,,,1
G190,G1261,Directed,12965,,,1
G190,G1273,Directed,12966,,,1
G190,G1305,Directed,12967,,,1
G190,G1321,Directed,12968,,,1
G190,G1443,Directed,12969,,,1
G190,G1503,Directed,12970,,,1
G190,G1537,Directed,12971,,,1
G190,G1540,Directed,12972,,,1
G190,G1624,Directed,12973,,,1
G190,G1659,Directed,12974,,,1
G190,G1671,Directed,12975,,,1
G191,G28,Directed,12976,,,1
G191,G29,Directed,12977,,,1
G191,G41,Directed,12978,,,1
G191,G42,Directed,12979,,,1
G191,G45,Directed,12980,,,1
G191,G46,Directed,12981,,,1
G191,G68,Directed,12982,,,1
G191,G69,Directed,12983,,,1
G191,G91,Directed,12984,,,1
G191,G112,Directed,12985,,,1
G191,G113,Directed,12986,,,1
G191,G167,Directed,12987,,,1
G191,G175,Directed,12988,,,1
G191,G176,Directed,12989,,,1
G191,G177,Directed,12990,,,1
G191,G178,Directed,12991,,,1
G191,G179,Directed,12992,,,1
G191,G180,Directed,12993,,,1
G191,G181,Directed,12994,,,1
G191,G182,Directed,12995,,,1
G191,G183,Directed,12996,,,1
G191,G184,Directed,12997,,,1
G191,G185,Directed,12998,,,1
G191,G186,Directed,12999,,,1
G191,G187,Directed,13000,,,1
G191,G189,Directed,13001,,,1
G191,G190,Directed,13002,,,1
G191,G192,Directed,13003,,,1
G191,G198,Directed,13004,,,1
G191,G199,Directed,13005,,,1
G191,G204,Directed,13006,,,1
G191,G205,Directed,13007,,,1
G191,G206,Directed,13008,,,1
G191,G207,Directed,13009,,,1
G191,G210,Directed,13010,,,1
G191,G213,Directed,13011,,,1
G191,G223,Directed,13012,,,1
G191,G235,Directed,13013,,,1
G191,G258,Directed,13014,,,1
G191,G275,Directed,13015,,,1
G191,G334,Directed,13016,,,1
G191,G422,Directed,13017,,,1
G191,G423,Directed,13018,,,1
G191,G449,Directed,13019,,,1
G191,G518,Directed,13020,,,1
G191,G521,Directed,13021,,,1
G191,G535,Directed,13022,,,1
G191,G864,Directed,13023,,,1
G191,G912,Directed,13024,,,1
G191,G913,Directed,13025,,,1
G191,G914,Directed,13026,,,1
G191,G917,Directed,13027,,,1
G191,G918,Directed,13028,,,1
G191,G919,Directed,13029,,,1
G191,G921,Directed,13030,,,1
G191,G922,Directed,13031,,,1
G191,G923,Directed,13032,,,1
G191,G924,Directed,13033,,,1
G191,G925,Directed,13034,,,1
G191,G926,Directed,13035,,,1
G191,G927,Directed,13036,,,1
G191,G928,Directed,13037,,,1
G191,G932,Directed,13038,,,1
G191,G933,Directed,13039,,,1
G191,G934,Directed,13040,,,1
G191,G935,Directed,13041,,,1
G191,G936,Directed,13042,,,1
G191,G937,Directed,13043,,,1
G191,G938,Directed,13044,,,1
G191,G939,Directed,13045,,,1
G191,G940,Directed,13046,,,1
G191,G941,Directed,13047,,,1
G191,G942,Directed,13048,,,1
G191,G943,Directed,13049,,,1
G191,G944,Directed,13050,,,1
G191,G949,Directed,13051,,,1
G191,G953,Directed,13052,,,1
G191,G954,Directed,13053,,,1
G191,G955,Directed,13054,,,1
G191,G960,Directed,13055,,,1
G191,G964,Directed,13056,,,1
G191,G966,Directed,13057,,,1
G191,G967,Directed,13058,,,1
G191,G977,Directed,13059,,,1
G191,G1060,Directed,13060,,,1
G191,G1073,Directed,13061,,,1
G191,G1101,Directed,13062,,,1
G191,G1235,Directed,13063,,,1
G191,G1241,Directed,13064,,,1
G191,G1242,Directed,13065,,,1
G191,G1243,Directed,13066,,,1
G191,G1245,Directed,13067,,,1
G191,G1254,Directed,13068,,,1
G191,G1261,Directed,13069,,,1
G191,G1273,Directed,13070,,,1
G191,G1305,Directed,13071,,,1
G191,G1321,Directed,13072,,,1
G191,G1443,Directed,13073,,,1
G191,G1503,Directed,13074,,,1
G191,G1537,Directed,13075,,,1
G191,G1540,Directed,13076,,,1
G191,G1624,Directed,13077,,,1
G191,G1659,Directed,13078,,,1
G191,G1671,Directed,13079,,,1
G192,G28,Directed,13080,,,1
G192,G29,Directed,13081,,,1
G192,G41,Directed,13082,,,1
G192,G42,Directed,13083,,,1
G192,G45,Directed,13084,,,1
G192,G46,Directed,13085,,,1
G192,G68,Directed,13086,,,1
G192,G69,Directed,13087,,,1
G192,G80,Directed,13088,,,1
G192,G91,Directed,13089,,,1
G192,G112,Directed,13090,,,1
G192,G113,Directed,13091,,,1
G192,G167,Directed,13092,,,1
G192,G175,Directed,13093,,,1
G192,G176,Directed,13094,,,1
G192,G177,Directed,13095,,,1
G192,G178,Directed,13096,,,1
G192,G179,Directed,13097,,,1
G192,G180,Directed,13098,,,1
G192,G181,Directed,13099,,,1
G192,G182,Directed,13100,,,1
G192,G183,Directed,13101,,,1
G192,G184,Directed,13102,,,1
G192,G185,Directed,13103,,,1
G192,G186,Directed,13104,,,1
G192,G187,Directed,13105,,,1
G192,G189,Directed,13106,,,1
G192,G190,Directed,13107,,,1
G192,G191,Directed,13108,,,1
G192,G195,Directed,13109,,,1
G192,G198,Directed,13110,,,1
G192,G199,Directed,13111,,,1
G192,G204,Directed,13112,,,1
G192,G205,Directed,13113,,,1
G192,G206,Directed,13114,,,1
G192,G207,Directed,13115,,,1
G192,G210,Directed,13116,,,1
G192,G213,Directed,13117,,,1
G192,G223,Directed,13118,,,1
G192,G235,Directed,13119,,,1
G192,G258,Directed,13120,,,1
G192,G275,Directed,13121,,,1
G192,G334,Directed,13122,,,1
G192,G422,Directed,13123,,,1
G192,G423,Directed,13124,,,1
G192,G449,Directed,13125,,,1
G192,G518,Directed,13126,,,1
G192,G521,Directed,13127,,,1
G192,G535,Directed,13128,,,1
G192,G864,Directed,13129,,,1
G192,G912,Directed,13130,,,1
G192,G913,Directed,13131,,,1
G192,G914,Directed,13132,,,1
G192,G917,Directed,13133,,,1
G192,G918,Directed,13134,,,1
G192,G919,Directed,13135,,,1
G192,G921,Directed,13136,,,1
G192,G922,Directed,13137,,,1
G192,G923,Directed,13138,,,1
G192,G924,Directed,13139,,,1
G192,G925,Directed,13140,,,1
G192,G926,Directed,13141,,,1
G192,G927,Directed,13142,,,1
G192,G928,Directed,13143,,,1
G192,G932,Directed,13144,,,1
G192,G933,Directed,13145,,,1
G192,G934,Directed,13146,,,1
G192,G935,Directed,13147,,,1
G192,G936,Directed,13148,,,1
G192,G937,Directed,13149,,,1
G192,G938,Directed,13150,,,1
G192,G939,Directed,13151,,,1
G192,G940,Directed,13152,,,1
G192,G941,Directed,13153,,,1
G192,G942,Directed,13154,,,1
G192,G943,Directed,13155,,,1
G192,G944,Directed,13156,,,1
G192,G949,Directed,13157,,,1
G192,G953,Directed,13158,,,1
G192,G954,Directed,13159,,,1
G192,G955,Directed,13160,,,1
G192,G958,Directed,13161,,,1
G192,G959,Directed,13162,,,1
G192,G960,Directed,13163,,,1
G192,G963,Directed,13164,,,1
G192,G964,Directed,13165,,,1
G192,G966,Directed,13166,,,1
G192,G967,Directed,13167,,,1
G192,G977,Directed,13168,,,1
G192,G1060,Directed,13169,,,1
G192,G1073,Directed,13170,,,1
G192,G1101,Directed,13171,,,1
G192,G1104,Directed,13172,,,1
G192,G1114,Directed,13173,,,1
G192,G1121,Directed,13174,,,1
G192,G1122,Directed,13175,,,1
G192,G1235,Directed,13176,,,1
G192,G1241,Directed,13177,,,1
G192,G1242,Directed,13178,,,1
G192,G1243,Directed,13179,,,1
G192,G1245,Directed,13180,,,1
G192,G1254,Directed,13181,,,1
G192,G1261,Directed,13182,,,1
G192,G1273,Directed,13183,,,1
G192,G1305,Directed,13184,,,1
G192,G1321,Directed,13185,,,1
G192,G1443,Directed,13186,,,1
G192,G1503,Directed,13187,,,1
G192,G1537,Directed,13188,,,1
G192,G1540,Directed,13189,,,1
G192,G1624,Directed,13190,,,1
G192,G1659,Directed,13191,,,1
G192,G1671,Directed,13192,,,1
G193,G194,Directed,13193,,,1
G193,G323,Directed,13194,,,1
G193,G991,Directed,13195,,,1
G193,G1221,Directed,13196,,,1
G193,G1417,Directed,13197,,,1
G193,G1469,Directed,13198,,,1
G194,G193,Directed,13199,,,1
G194,G323,Directed,13200,,,1
G194,G531,Directed,13201,,,1
G194,G991,Directed,13202,,,1
G194,G1119,Directed,13203,,,1
G194,G1221,Directed,13204,,,1
G194,G1417,Directed,13205,,,1
G194,G1469,Directed,13206,,,1
G194,G1928,Directed,13207,,,1
G194,G2015,Directed,13208,,,1
G194,G2024,Directed,13209,,,1
G194,G2063,Directed,13210,,,1
G194,G2064,Directed,13211,,,1
G194,G2068,Directed,13212,,,1
G195,G28,Directed,13213,,,1
G195,G29,Directed,13214,,,1
G195,G41,Directed,13215,,,1
G195,G42,Directed,13216,,,1
G195,G45,Directed,13217,,,1
G195,G46,Directed,13218,,,1
G195,G68,Directed,13219,,,1
G195,G69,Directed,13220,,,1
G195,G91,Directed,13221,,,1
G195,G112,Directed,13222,,,1
G195,G113,Directed,13223,,,1
G195,G167,Directed,13224,,,1
G195,G175,Directed,13225,,,1
G195,G176,Directed,13226,,,1
G195,G177,Directed,13227,,,1
G195,G178,Directed,13228,,,1
G195,G179,Directed,13229,,,1
G195,G180,Directed,13230,,,1
G195,G181,Directed,13231,,,1
G195,G182,Directed,13232,,,1
G195,G183,Directed,13233,,,1
G195,G184,Directed,13234,,,1
G195,G185,Directed,13235,,,1
G195,G186,Directed,13236,,,1
G195,G187,Directed,13237,,,1
G195,G189,Directed,13238,,,1
G195,G190,Directed,13239,,,1
G195,G192,Directed,13240,,,1
G195,G198,Directed,13241,,,1
G195,G199,Directed,13242,,,1
G195,G204,Directed,13243,,,1
G195,G205,Directed,13244,,,1
G195,G206,Directed,13245,,,1
G195,G207,Directed,13246,,,1
G195,G210,Directed,13247,,,1
G195,G213,Directed,13248,,,1
G195,G223,Directed,13249,,,1
G195,G235,Directed,13250,,,1
G195,G258,Directed,13251,,,1
G195,G275,Directed,13252,,,1
G195,G334,Directed,13253,,,1
G195,G422,Directed,13254,,,1
G195,G423,Directed,13255,,,1
G195,G449,Directed,13256,,,1
G195,G518,Directed,13257,,,1
G195,G521,Directed,13258,,,1
G195,G535,Directed,13259,,,1
G195,G864,Directed,13260,,,1
G195,G912,Directed,13261,,,1
G195,G913,Directed,13262,,,1
G195,G914,Directed,13263,,,1
G195,G917,Directed,13264,,,1
G195,G918,Directed,13265,,,1
G195,G919,Directed,13266,,,1
G195,G921,Directed,13267,,,1
G195,G922,Directed,13268,,,1
G195,G923,Directed,13269,,,1
G195,G924,Directed,13270,,,1
G195,G925,Directed,13271,,,1
G195,G926,Directed,13272,,,1
G195,G927,Directed,13273,,,1
G195,G928,Directed,13274,,,1
G195,G932,Directed,13275,,,1
G195,G933,Directed,13276,,,1
G195,G934,Directed,13277,,,1
G195,G935,Directed,13278,,,1
G195,G936,Directed,13279,,,1
G195,G937,Directed,13280,,,1
G195,G938,Directed,13281,,,1
G195,G939,Directed,13282,,,1
G195,G940,Directed,13283,,,1
G195,G941,Directed,13284,,,1
G195,G942,Directed,13285,,,1
G195,G943,Directed,13286,,,1
G195,G944,Directed,13287,,,1
G195,G949,Directed,13288,,,1
G195,G953,Directed,13289,,,1
G195,G954,Directed,13290,,,1
G195,G955,Directed,13291,,,1
G195,G960,Directed,13292,,,1
G195,G964,Directed,13293,,,1
G195,G966,Directed,13294,,,1
G195,G967,Directed,13295,,,1
G195,G977,Directed,13296,,,1
G195,G1060,Directed,13297,,,1
G195,G1073,Directed,13298,,,1
G195,G1101,Directed,13299,,,1
G195,G1235,Directed,13300,,,1
G195,G1241,Directed,13301,,,1
G195,G1242,Directed,13302,,,1
G195,G1243,Directed,13303,,,1
G195,G1245,Directed,13304,,,1
G195,G1254,Directed,13305,,,1
G195,G1261,Directed,13306,,,1
G195,G1273,Directed,13307,,,1
G195,G1305,Directed,13308,,,1
G195,G1321,Directed,13309,,,1
G195,G1443,Directed,13310,,,1
G195,G1503,Directed,13311,,,1
G195,G1537,Directed,13312,,,1
G195,G1540,Directed,13313,,,1
G195,G1624,Directed,13314,,,1
G195,G1659,Directed,13315,,,1
G195,G1671,Directed,13316,,,1
G196,G197,Directed,13317,,,1
G196,G375,Directed,13318,,,1
G196,G542,Directed,13319,,,1
G196,G641,Directed,13320,,,1
G196,G642,Directed,13321,,,1
G196,G758,Directed,13322,,,1
G196,G1230,Directed,13323,,,1
G196,G1271,Directed,13324,,,1
G196,G2110,Directed,13325,,,1
G196,G2137,Directed,13326,,,1
G196,G2164,Directed,13327,,,1
G197,G196,Directed,13328,,,1
G197,G375,Directed,13329,,,1
G197,G1413,Directed,13330,,,1
G197,G2164,Directed,13331,,,1
G198,G29,Directed,13332,,,1
G198,G65,Directed,13333,,,1
G198,G68,Directed,13334,,,1
G198,G91,Directed,13335,,,1
G198,G112,Directed,13336,,,1
G198,G175,Directed,13337,,,1
G198,G176,Directed,13338,,,1
G198,G177,Directed,13339,,,1
G198,G180,Directed,13340,,,1
G198,G183,Directed,13341,,,1
G198,G186,Directed,13342,,,1
G198,G190,Directed,13343,,,1
G198,G191,Directed,13344,,,1
G198,G192,Directed,13345,,,1
G198,G195,Directed,13346,,,1
G198,G199,Directed,13347,,,1
G198,G204,Directed,13348,,,1
G198,G205,Directed,13349,,,1
G198,G206,Directed,13350,,,1
G198,G207,Directed,13351,,,1
G198,G223,Directed,13352,,,1
G198,G275,Directed,13353,,,1
G198,G518,Directed,13354,,,1
G198,G629,Directed,13355,,,1
G198,G886,Directed,13356,,,1
G198,G918,Directed,13357,,,1
G198,G923,Directed,13358,,,1
G198,G924,Directed,13359,,,1
G198,G932,Directed,13360,,,1
G198,G933,Directed,13361,,,1
G198,G936,Directed,13362,,,1
G198,G937,Directed,13363,,,1
G198,G949,Directed,13364,,,1
G198,G967,Directed,13365,,,1
G198,G985,Directed,13366,,,1
G198,G1101,Directed,13367,,,1
G198,G1279,Directed,13368,,,1
G199,G28,Directed,13369,,,1
G199,G29,Directed,13370,,,1
G199,G41,Directed,13371,,,1
G199,G42,Directed,13372,,,1
G199,G45,Directed,13373,,,1
G199,G46,Directed,13374,,,1
G199,G65,Directed,13375,,,1
G199,G68,Directed,13376,,,1
G199,G80,Directed,13377,,,1
G199,G91,Directed,13378,,,1
G199,G112,Directed,13379,,,1
G199,G175,Directed,13380,,,1
G199,G176,Directed,13381,,,1
G199,G177,Directed,13382,,,1
G199,G178,Directed,13383,,,1
G199,G179,Directed,13384,,,1
G199,G180,Directed,13385,,,1
G199,G181,Directed,13386,,,1
G199,G182,Directed,13387,,,1
G199,G183,Directed,13388,,,1
G199,G184,Directed,13389,,,1
G199,G185,Directed,13390,,,1
G199,G186,Directed,13391,,,1
G199,G187,Directed,13392,,,1
G199,G189,Directed,13393,,,1
G199,G190,Directed,13394,,,1
G199,G191,Directed,13395,,,1
G199,G192,Directed,13396,,,1
G199,G195,Directed,13397,,,1
G199,G198,Directed,13398,,,1
G199,G204,Directed,13399,,,1
G199,G205,Directed,13400,,,1
G199,G206,Directed,13401,,,1
G199,G207,Directed,13402,,,1
G199,G210,Directed,13403,,,1
G199,G213,Directed,13404,,,1
G199,G223,Directed,13405,,,1
G199,G235,Directed,13406,,,1
G199,G258,Directed,13407,,,1
G199,G275,Directed,13408,,,1
G199,G423,Directed,13409,,,1
G199,G518,Directed,13410,,,1
G199,G521,Directed,13411,,,1
G199,G535,Directed,13412,,,1
G199,G559,Directed,13413,,,1
G199,G704,Directed,13414,,,1
G199,G912,Directed,13415,,,1
G199,G913,Directed,13416,,,1
G199,G914,Directed,13417,,,1
G199,G917,Directed,13418,,,1
G199,G918,Directed,13419,,,1
G199,G919,Directed,13420,,,1
G199,G921,Directed,13421,,,1
G199,G922,Directed,13422,,,1
G199,G923,Directed,13423,,,1
G199,G924,Directed,13424,,,1
G199,G925,Directed,13425,,,1
G199,G926,Directed,13426,,,1
G199,G927,Directed,13427,,,1
G199,G928,Directed,13428,,,1
G199,G932,Directed,13429,,,1
G199,G933,Directed,13430,,,1
G199,G934,Directed,13431,,,1
G199,G935,Directed,13432,,,1
G199,G936,Directed,13433,,,1
G199,G937,Directed,13434,,,1
G199,G938,Directed,13435,,,1
G199,G939,Directed,13436,,,1
G199,G940,Directed,13437,,,1
G199,G941,Directed,13438,,,1
G199,G942,Directed,13439,,,1
G199,G943,Directed,13440,,,1
G199,G944,Directed,13441,,,1
G199,G949,Directed,13442,,,1
G199,G953,Directed,13443,,,1
G199,G954,Directed,13444,,,1
G199,G955,Directed,13445,,,1
G199,G958,Directed,13446,,,1
G199,G959,Directed,13447,,,1
G199,G960,Directed,13448,,,1
G199,G963,Directed,13449,,,1
G199,G964,Directed,13450,,,1
G199,G966,Directed,13451,,,1
G199,G967,Directed,13452,,,1
G199,G977,Directed,13453,,,1
G199,G1101,Directed,13454,,,1
G199,G1104,Directed,13455,,,1
G199,G1114,Directed,13456,,,1
G199,G1121,Directed,13457,,,1
G199,G1122,Directed,13458,,,1
G199,G2009,Directed,13459,,,1
G200,G201,Directed,13460,,,1
G200,G215,Directed,13461,,,1
G200,G509,Directed,13462,,,1
G200,G707,Directed,13463,,,1
G200,G902,Directed,13464,,,1
G200,G1250,Directed,13465,,,1
G200,G1379,Directed,13466,,,1
G201,G200,Directed,13467,,,1
G201,G215,Directed,13468,,,1
G201,G509,Directed,13469,,,1
G201,G902,Directed,13470,,,1
G201,G1250,Directed,13471,,,1
G201,G1379,Directed,13472,,,1
G202,G203,Directed,13473,,,1
G202,G487,Directed,13474,,,1
G202,G509,Directed,13475,,,1
G202,G1379,Directed,13476,,,1
G202,G1704,Directed,13477,,,1
G202,G1764,Directed,13478,,,1
G202,G1851,Directed,13479,,,1
G203,G202,Directed,13480,,,1
G203,G487,Directed,13481,,,1
G203,G509,Directed,13482,,,1
G203,G1379,Directed,13483,,,1
G204,G28,Directed,13484,,,1
G204,G29,Directed,13485,,,1
G204,G41,Directed,13486,,,1
G204,G42,Directed,13487,,,1
G204,G45,Directed,13488,,,1
G204,G46,Directed,13489,,,1
G204,G68,Directed,13490,,,1
G204,G69,Directed,13491,,,1
G204,G91,Directed,13492,,,1
G204,G112,Directed,13493,,,1
G204,G113,Directed,13494,,,1
G204,G175,Directed,13495,,,1
G204,G176,Directed,13496,,,1
G204,G177,Directed,13497,,,1
G204,G178,Directed,13498,,,1
G204,G179,Directed,13499,,,1
G204,G180,Directed,13500,,,1
G204,G181,Directed,13501,,,1
G204,G182,Directed,13502,,,1
G204,G183,Directed,13503,,,1
G204,G184,Directed,13504,,,1
G204,G185,Directed,13505,,,1
G204,G186,Directed,13506,,,1
G204,G187,Directed,13507,,,1
G204,G189,Directed,13508,,,1
G204,G190,Directed,13509,,,1
G204,G191,Directed,13510,,,1
G204,G192,Directed,13511,,,1
G204,G195,Directed,13512,,,1
G204,G198,Directed,13513,,,1
G204,G199,Directed,13514,,,1
G204,G205,Directed,13515,,,1
G204,G206,Directed,13516,,,1
G204,G207,Directed,13517,,,1
G204,G210,Directed,13518,,,1
G204,G213,Directed,13519,,,1
G204,G223,Directed,13520,,,1
G204,G235,Directed,13521,,,1
G204,G258,Directed,13522,,,1
G204,G275,Directed,13523,,,1
G204,G422,Directed,13524,,,1
G204,G423,Directed,13525,,,1
G204,G518,Directed,13526,,,1
G204,G521,Directed,13527,,,1
G204,G535,Directed,13528,,,1
G204,G695,Directed,13529,,,1
G204,G864,Directed,13530,,,1
G204,G912,Directed,13531,,,1
G204,G913,Directed,13532,,,1
G204,G914,Directed,13533,,,1
G204,G917,Directed,13534,,,1
G204,G918,Directed,13535,,,1
G204,G919,Directed,13536,,,1
G204,G921,Directed,13537,,,1
G204,G922,Directed,13538,,,1
G204,G923,Directed,13539,,,1
G204,G924,Directed,13540,,,1
G204,G925,Directed,13541,,,1
G204,G926,Directed,13542,,,1
G204,G927,Directed,13543,,,1
G204,G928,Directed,13544,,,1
G204,G932,Directed,13545,,,1
G204,G933,Directed,13546,,,1
G204,G934,Directed,13547,,,1
G204,G935,Directed,13548,,,1
G204,G936,Directed,13549,,,1
G204,G937,Directed,13550,,,1
G204,G938,Directed,13551,,,1
G204,G939,Directed,13552,,,1
G204,G940,Directed,13553,,,1
G204,G941,Directed,13554,,,1
G204,G942,Directed,13555,,,1
G204,G943,Directed,13556,,,1
G204,G944,Directed,13557,,,1
G204,G949,Directed,13558,,,1
G204,G953,Directed,13559,,,1
G204,G954,Directed,13560,,,1
G204,G955,Directed,13561,,,1
G204,G960,Directed,13562,,,1
G204,G964,Directed,13563,,,1
G204,G966,Directed,13564,,,1
G204,G977,Directed,13565,,,1
G204,G1060,Directed,13566,,,1
G204,G1073,Directed,13567,,,1
G204,G1101,Directed,13568,,,1
G204,G1235,Directed,13569,,,1
G204,G1242,Directed,13570,,,1
G204,G1254,Directed,13571,,,1
G204,G1261,Directed,13572,,,1
G204,G1273,Directed,13573,,,1
G204,G1305,Directed,13574,,,1
G204,G1537,Directed,13575,,,1
G204,G1540,Directed,13576,,,1
G204,G1624,Directed,13577,,,1
G205,G28,Directed,13578,,,1
G205,G29,Directed,13579,,,1
G205,G41,Directed,13580,,,1
G205,G42,Directed,13581,,,1
G205,G45,Directed,13582,,,1
G205,G46,Directed,13583,,,1
G205,G68,Directed,13584,,,1
G205,G69,Directed,13585,,,1
G205,G91,Directed,13586,,,1
G205,G112,Directed,13587,,,1
G205,G113,Directed,13588,,,1
G205,G175,Directed,13589,,,1
G205,G176,Directed,13590,,,1
G205,G177,Directed,13591,,,1
G205,G178,Directed,13592,,,1
G205,G179,Directed,13593,,,1
G205,G180,Directed,13594,,,1
G205,G181,Directed,13595,,,1
G205,G182,Directed,13596,,,1
G205,G183,Directed,13597,,,1
G205,G184,Directed,13598,,,1
G205,G185,Directed,13599,,,1
G205,G186,Directed,13600,,,1
G205,G187,Directed,13601,,,1
G205,G189,Directed,13602,,,1
G205,G190,Directed,13603,,,1
G205,G191,Directed,13604,,,1
G205,G192,Directed,13605,,,1
G205,G195,Directed,13606,,,1
G205,G198,Directed,13607,,,1
G205,G199,Directed,13608,,,1
G205,G204,Directed,13609,,,1
G205,G206,Directed,13610,,,1
G205,G210,Directed,13611,,,1
G205,G213,Directed,13612,,,1
G205,G223,Directed,13613,,,1
G205,G235,Directed,13614,,,1
G205,G246,Directed,13615,,,1
G205,G258,Directed,13616,,,1
G205,G275,Directed,13617,,,1
G205,G400,Directed,13618,,,1
G205,G423,Directed,13619,,,1
G205,G432,Directed,13620,,,1
G205,G492,Directed,13621,,,1
G205,G516,Directed,13622,,,1
G205,G518,Directed,13623,,,1
G205,G521,Directed,13624,,,1
G205,G535,Directed,13625,,,1
G205,G864,Directed,13626,,,1
G205,G892,Directed,13627,,,1
G205,G912,Directed,13628,,,1
G205,G913,Directed,13629,,,1
G205,G914,Directed,13630,,,1
G205,G917,Directed,13631,,,1
G205,G918,Directed,13632,,,1
G205,G919,Directed,13633,,,1
G205,G921,Directed,13634,,,1
G205,G922,Directed,13635,,,1
G205,G923,Directed,13636,,,1
G205,G924,Directed,13637,,,1
G205,G925,Directed,13638,,,1
G205,G926,Directed,13639,,,1
G205,G927,Directed,13640,,,1
G205,G928,Directed,13641,,,1
G205,G932,Directed,13642,,,1
G205,G933,Directed,13643,,,1
G205,G934,Directed,13644,,,1
G205,G935,Directed,13645,,,1
G205,G936,Directed,13646,,,1
G205,G937,Directed,13647,,,1
G205,G938,Directed,13648,,,1
G205,G939,Directed,13649,,,1
G205,G940,Directed,13650,,,1
G205,G941,Directed,13651,,,1
G205,G942,Directed,13652,,,1
G205,G943,Directed,13653,,,1
G205,G944,Directed,13654,,,1
G205,G949,Directed,13655,,,1
G205,G953,Directed,13656,,,1
G205,G954,Directed,13657,,,1
G205,G955,Directed,13658,,,1
G205,G960,Directed,13659,,,1
G205,G964,Directed,13660,,,1
G205,G966,Directed,13661,,,1
G205,G967,Directed,13662,,,1
G205,G977,Directed,13663,,,1
G205,G1060,Directed,13664,,,1
G205,G1073,Directed,13665,,,1
G205,G1101,Directed,13666,,,1
G205,G1121,Directed,13667,,,1
G205,G1183,Directed,13668,,,1
G205,G1235,Directed,13669,,,1
G205,G1242,Directed,13670,,,1
G205,G1537,Directed,13671,,,1
G205,G1540,Directed,13672,,,1
G205,G1624,Directed,13673,,,1
G205,G1674,Directed,13674,,,1
G205,G1706,Directed,13675,,,1
G205,G1708,Directed,13676,,,1
G205,G1772,Directed,13677,,,1
G205,G1774,Directed,13678,,,1
G206,G28,Directed,13679,,,1
G206,G29,Directed,13680,,,1
G206,G41,Directed,13681,,,1
G206,G42,Directed,13682,,,1
G206,G45,Directed,13683,,,1
G206,G46,Directed,13684,,,1
G206,G68,Directed,13685,,,1
G206,G69,Directed,13686,,,1
G206,G80,Directed,13687,,,1
G206,G91,Directed,13688,,,1
G206,G112,Directed,13689,,,1
G206,G113,Directed,13690,,,1
G206,G175,Directed,13691,,,1
G206,G176,Directed,13692,,,1
G206,G177,Directed,13693,,,1
G206,G178,Directed,13694,,,1
G206,G179,Directed,13695,,,1
G206,G180,Directed,13696,,,1
G206,G181,Directed,13697,,,1
G206,G182,Directed,13698,,,1
G206,G183,Directed,13699,,,1
G206,G184,Directed,13700,,,1
G206,G185,Directed,13701,,,1
G206,G186,Directed,13702,,,1
G206,G187,Directed,13703,,,1
G206,G189,Directed,13704,,,1
G206,G190,Directed,13705,,,1
G206,G191,Directed,13706,,,1
G206,G192,Directed,13707,,,1
G206,G195,Directed,13708,,,1
G206,G198,Directed,13709,,,1
G206,G199,Directed,13710,,,1
G206,G204,Directed,13711,,,1
G206,G205,Directed,13712,,,1
G206,G207,Directed,13713,,,1
G206,G210,Directed,13714,,,1
G206,G213,Directed,13715,,,1
G206,G223,Directed,13716,,,1
G206,G235,Directed,13717,,,1
G206,G258,Directed,13718,,,1
G206,G275,Directed,13719,,,1
G206,G422,Directed,13720,,,1
G206,G423,Directed,13721,,,1
G206,G518,Directed,13722,,,1
G206,G521,Directed,13723,,,1
G206,G535,Directed,13724,,,1
G206,G645,Directed,13725,,,1
G206,G864,Directed,13726,,,1
G206,G912,Directed,13727,,,1
G206,G913,Directed,13728,,,1
G206,G914,Directed,13729,,,1
G206,G917,Directed,13730,,,1
G206,G918,Directed,13731,,,1
G206,G919,Directed,13732,,,1
G206,G921,Directed,13733,,,1
G206,G922,Directed,13734,,,1
G206,G923,Directed,13735,,,1
G206,G924,Directed,13736,,,1
G206,G925,Directed,13737,,,1
G206,G926,Directed,13738,,,1
G206,G927,Directed,13739,,,1
G206,G928,Directed,13740,,,1
G206,G932,Directed,13741,,,1
G206,G933,Directed,13742,,,1
G206,G934,Directed,13743,,,1
G206,G935,Directed,13744,,,1
G206,G936,Directed,13745,,,1
G206,G937,Directed,13746,,,1
G206,G938,Directed,13747,,,1
G206,G939,Directed,13748,,,1
G206,G940,Directed,13749,,,1
G206,G941,Directed,13750,,,1
G206,G942,Directed,13751,,,1
G206,G943,Directed,13752,,,1
G206,G944,Directed,13753,,,1
G206,G949,Directed,13754,,,1
G206,G953,Directed,13755,,,1
G206,G954,Directed,13756,,,1
G206,G955,Directed,13757,,,1
G206,G958,Directed,13758,,,1
G206,G959,Directed,13759,,,1
G206,G960,Directed,13760,,,1
G206,G963,Directed,13761,,,1
G206,G964,Directed,13762,,,1
G206,G966,Directed,13763,,,1
G206,G967,Directed,13764,,,1
G206,G977,Directed,13765,,,1
G206,G1060,Directed,13766,,,1
G206,G1073,Directed,13767,,,1
G206,G1101,Directed,13768,,,1
G206,G1104,Directed,13769,,,1
G206,G1114,Directed,13770,,,1
G206,G1118,Directed,13771,,,1
G206,G1121,Directed,13772,,,1
G206,G1122,Directed,13773,,,1
G206,G1235,Directed,13774,,,1
G206,G1242,Directed,13775,,,1
G206,G1254,Directed,13776,,,1
G206,G1256,Directed,13777,,,1
G206,G1261,Directed,13778,,,1
G206,G1273,Directed,13779,,,1
G206,G1305,Directed,13780,,,1
G206,G1426,Directed,13781,,,1
G206,G1449,Directed,13782,,,1
G206,G1537,Directed,13783,,,1
G206,G1540,Directed,13784,,,1
G206,G1624,Directed,13785,,,1
G206,G1628,Directed,13786,,,1
G207,G28,Directed,13787,,,1
G207,G29,Directed,13788,,,1
G207,G41,Directed,13789,,,1
G207,G42,Directed,13790,,,1
G207,G45,Directed,13791,,,1
G207,G46,Directed,13792,,,1
G207,G68,Directed,13793,,,1
G207,G69,Directed,13794,,,1
G207,G91,Directed,13795,,,1
G207,G112,Directed,13796,,,1
G207,G175,Directed,13797,,,1
G207,G176,Directed,13798,,,1
G207,G177,Directed,13799,,,1
G207,G178,Directed,13800,,,1
G207,G179,Directed,13801,,,1
G207,G180,Directed,13802,,,1
G207,G181,Directed,13803,,,1
G207,G182,Directed,13804,,,1
G207,G183,Directed,13805,,,1
G207,G184,Directed,13806,,,1
G207,G185,Directed,13807,,,1
G207,G186,Directed,13808,,,1
G207,G187,Directed,13809,,,1
G207,G189,Directed,13810,,,1
G207,G190,Directed,13811,,,1
G207,G191,Directed,13812,,,1
G207,G192,Directed,13813,,,1
G207,G195,Directed,13814,,,1
G207,G198,Directed,13815,,,1
G207,G199,Directed,13816,,,1
G207,G204,Directed,13817,,,1
G207,G206,Directed,13818,,,1
G207,G210,Directed,13819,,,1
G207,G213,Directed,13820,,,1
G207,G223,Directed,13821,,,1
G207,G235,Directed,13822,,,1
G207,G246,Directed,13823,,,1
G207,G258,Directed,13824,,,1
G207,G275,Directed,13825,,,1
G207,G400,Directed,13826,,,1
G207,G423,Directed,13827,,,1
G207,G518,Directed,13828,,,1
G207,G521,Directed,13829,,,1
G207,G535,Directed,13830,,,1
G207,G864,Directed,13831,,,1
G207,G912,Directed,13832,,,1
G207,G913,Directed,13833,,,1
G207,G914,Directed,13834,,,1
G207,G917,Directed,13835,,,1
G207,G918,Directed,13836,,,1
G207,G919,Directed,13837,,,1
G207,G921,Directed,13838,,,1
G207,G922,Directed,13839,,,1
G207,G923,Directed,13840,,,1
G207,G924,Directed,13841,,,1
G207,G925,Directed,13842,,,1
G207,G926,Directed,13843,,,1
G207,G927,Directed,13844,,,1
G207,G928,Directed,13845,,,1
G207,G932,Directed,13846,,,1
G207,G933,Directed,13847,,,1
G207,G934,Directed,13848,,,1
G207,G935,Directed,13849,,,1
G207,G936,Directed,13850,,,1
G207,G937,Directed,13851,,,1
G207,G938,Directed,13852,,,1
G207,G939,Directed,13853,,,1
G207,G940,Directed,13854,,,1
G207,G941,Directed,13855,,,1
G207,G942,Directed,13856,,,1
G207,G943,Directed,13857,,,1
G207,G944,Directed,13858,,,1
G207,G949,Directed,13859,,,1
G207,G953,Directed,13860,,,1
G207,G954,Directed,13861,,,1
G207,G955,Directed,13862,,,1
G207,G960,Directed,13863,,,1
G207,G964,Directed,13864,,,1
G207,G966,Directed,13865,,,1
G207,G967,Directed,13866,,,1
G207,G977,Directed,13867,,,1
G207,G1060,Directed,13868,,,1
G207,G1073,Directed,13869,,,1
G207,G1101,Directed,13870,,,1
G207,G1183,Directed,13871,,,1
G207,G1235,Directed,13872,,,1
G207,G1242,Directed,13873,,,1
G207,G1537,Directed,13874,,,1
G207,G1540,Directed,13875,,,1
G207,G1624,Directed,13876,,,1
G208,G209,Directed,13877,,,1
G208,G606,Directed,13878,,,1
G208,G1159,Directed,13879,,,1
G209,G208,Directed,13880,,,1
G209,G228,Directed,13881,,,1
G209,G229,Directed,13882,,,1
G209,G315,Directed,13883,,,1
G209,G606,Directed,13884,,,1
G209,G1140,Directed,13885,,,1
G209,G1225,Directed,13886,,,1
G209,G1293,Directed,13887,,,1
G209,G1419,Directed,13888,,,1
G209,G1651,Directed,13889,,,1
G210,G29,Directed,13890,,,1
G210,G67,Directed,13891,,,1
G210,G68,Directed,13892,,,1
G210,G91,Directed,13893,,,1
G210,G112,Directed,13894,,,1
G210,G113,Directed,13895,,,1
G210,G175,Directed,13896,,,1
G210,G176,Directed,13897,,,1
G210,G177,Directed,13898,,,1
G210,G180,Directed,13899,,,1
G210,G183,Directed,13900,,,1
G210,G186,Directed,13901,,,1
G210,G190,Directed,13902,,,1
G210,G191,Directed,13903,,,1
G210,G192,Directed,13904,,,1
G210,G195,Directed,13905,,,1
G210,G199,Directed,13906,,,1
G210,G204,Directed,13907,,,1
G210,G205,Directed,13908,,,1
G210,G206,Directed,13909,,,1
G210,G207,Directed,13910,,,1
G210,G223,Directed,13911,,,1
G210,G275,Directed,13912,,,1
G210,G322,Directed,13913,,,1
G210,G432,Directed,13914,,,1
G210,G492,Directed,13915,,,1
G210,G516,Directed,13916,,,1
G210,G518,Directed,13917,,,1
G210,G892,Directed,13918,,,1
G210,G918,Directed,13919,,,1
G210,G923,Directed,13920,,,1
G210,G924,Directed,13921,,,1
G210,G932,Directed,13922,,,1
G210,G933,Directed,13923,,,1
G210,G936,Directed,13924,,,1
G210,G937,Directed,13925,,,1
G210,G949,Directed,13926,,,1
G210,G967,Directed,13927,,,1
G210,G1101,Directed,13928,,,1
G210,G1121,Directed,13929,,,1
G210,G1253,Directed,13930,,,1
G210,G1262,Directed,13931,,,1
G210,G1494,Directed,13932,,,1
G210,G1495,Directed,13933,,,1
G210,G1674,Directed,13934,,,1
G210,G1706,Directed,13935,,,1
G210,G1708,Directed,13936,,,1
G210,G1772,Directed,13937,,,1
G210,G1774,Directed,13938,,,1
G210,G1872,Directed,13939,,,1
G211,G212,Directed,13940,,,1
G211,G221,Directed,13941,,,1
G211,G222,Directed,13942,,,1
G211,G993,Directed,13943,,,1
G211,G1011,Directed,13944,,,1
G211,G1012,Directed,13945,,,1
G211,G1016,Directed,13946,,,1
G211,G1027,Directed,13947,,,1
G211,G1030,Directed,13948,,,1
G211,G1161,Directed,13949,,,1
G211,G1533,Directed,13950,,,1
G211,G1889,Directed,13951,,,1
G212,G211,Directed,13952,,,1
G212,G221,Directed,13953,,,1
G212,G222,Directed,13954,,,1
G212,G993,Directed,13955,,,1
G212,G1011,Directed,13956,,,1
G212,G1012,Directed,13957,,,1
G212,G1016,Directed,13958,,,1
G212,G1027,Directed,13959,,,1
G212,G1030,Directed,13960,,,1
G212,G1161,Directed,13961,,,1
G212,G1533,Directed,13962,,,1
G212,G1889,Directed,13963,,,1
G213,G29,Directed,13964,,,1
G213,G67,Directed,13965,,,1
G213,G68,Directed,13966,,,1
G213,G91,Directed,13967,,,1
G213,G112,Directed,13968,,,1
G213,G175,Directed,13969,,,1
G213,G176,Directed,13970,,,1
G213,G177,Directed,13971,,,1
G213,G180,Directed,13972,,,1
G213,G183,Directed,13973,,,1
G213,G186,Directed,13974,,,1
G213,G190,Directed,13975,,,1
G213,G191,Directed,13976,,,1
G213,G192,Directed,13977,,,1
G213,G195,Directed,13978,,,1
G213,G199,Directed,13979,,,1
G213,G204,Directed,13980,,,1
G213,G205,Directed,13981,,,1
G213,G206,Directed,13982,,,1
G213,G207,Directed,13983,,,1
G213,G223,Directed,13984,,,1
G213,G275,Directed,13985,,,1
G213,G322,Directed,13986,,,1
G213,G476,Directed,13987,,,1
G213,G518,Directed,13988,,,1
G213,G918,Directed,13989,,,1
G213,G923,Directed,13990,,,1
G213,G924,Directed,13991,,,1
G213,G932,Directed,13992,,,1
G213,G933,Directed,13993,,,1
G213,G936,Directed,13994,,,1
G213,G937,Directed,13995,,,1
G213,G949,Directed,13996,,,1
G213,G967,Directed,13997,,,1
G213,G1101,Directed,13998,,,1
G213,G1253,Directed,13999,,,1
G213,G1262,Directed,14000,,,1
G213,G1494,Directed,14001,,,1
G213,G1495,Directed,14002,,,1
G213,G1872,Directed,14003,,,1
G214,G215,Directed,14004,,,1
G214,G1264,Directed,14005,,,1
G214,G1297,Directed,14006,,,1
G215,G200,Directed,14007,,,1
G215,G201,Directed,14008,,,1
G215,G214,Directed,14009,,,1
G215,G470,Directed,14010,,,1
G215,G509,Directed,14011,,,1
G215,G707,Directed,14012,,,1
G215,G741,Directed,14013,,,1
G215,G902,Directed,14014,,,1
G215,G994,Directed,14015,,,1
G215,G1250,Directed,14016,,,1
G215,G1379,Directed,14017,,,1
G215,G1821,Directed,14018,,,1
G215,G2214,Directed,14019,,,1
G216,G217,Directed,14020,,,1
G216,G976,Directed,14021,,,1
G217,G216,Directed,14022,,,1
G217,G219,Directed,14023,,,1
G217,G220,Directed,14024,,,1
G217,G259,Directed,14025,,,1
G217,G272,Directed,14026,,,1
G217,G424,Directed,14027,,,1
G217,G504,Directed,14028,,,1
G217,G594,Directed,14029,,,1
G217,G905,Directed,14030,,,1
G217,G991,Directed,14031,,,1
G217,G998,Directed,14032,,,1
G217,G1017,Directed,14033,,,1
G217,G1031,Directed,14034,,,1
G217,G1186,Directed,14035,,,1
G217,G1312,Directed,14036,,,1
G217,G1348,Directed,14037,,,1
G217,G1565,Directed,14038,,,1
G217,G1793,Directed,14039,,,1
G217,G1975,Directed,14040,,,1
G217,G1992,Directed,14041,,,1
G217,G2039,Directed,14042,,,1
G218,G9,Directed,14043,,,1
G218,G10,Directed,14044,,,1
G218,G21,Directed,14045,,,1
G218,G418,Directed,14046,,,1
G218,G975,Directed,14047,,,1
G218,G1038,Directed,14048,,,1
G219,G11,Directed,14049,,,1
G219,G217,Directed,14050,,,1
G219,G220,Directed,14051,,,1
G219,G224,Directed,14052,,,1
G219,G227,Directed,14053,,,1
G219,G272,Directed,14054,,,1
G219,G353,Directed,14055,,,1
G219,G495,Directed,14056,,,1
G219,G636,Directed,14057,,,1
G219,G1148,Directed,14058,,,1
G219,G1150,Directed,14059,,,1
G219,G1312,Directed,14060,,,1
G219,G1318,Directed,14061,,,1
G219,G1793,Directed,14062,,,1
G219,G1992,Directed,14063,,,1
G219,G2039,Directed,14064,,,1
G220,G217,Directed,14065,,,1
G220,G219,Directed,14066,,,1
G220,G224,Directed,14067,,,1
G220,G227,Directed,14068,,,1
G220,G246,Directed,14069,,,1
G220,G247,Directed,14070,,,1
G220,G248,Directed,14071,,,1
G220,G272,Directed,14072,,,1
G220,G400,Directed,14073,,,1
G220,G1148,Directed,14074,,,1
G220,G1150,Directed,14075,,,1
G220,G1193,Directed,14076,,,1
G220,G1202,Directed,14077,,,1
G220,G1215,Directed,14078,,,1
G220,G1312,Directed,14079,,,1
G220,G1793,Directed,14080,,,1
G220,G1992,Directed,14081,,,1
G220,G2039,Directed,14082,,,1
G221,G211,Directed,14083,,,1
G221,G212,Directed,14084,,,1
G221,G222,Directed,14085,,,1
G221,G993,Directed,14086,,,1
G221,G1011,Directed,14087,,,1
G221,G1012,Directed,14088,,,1
G221,G1016,Directed,14089,,,1
G221,G1027,Directed,14090,,,1
G221,G1030,Directed,14091,,,1
G221,G1161,Directed,14092,,,1
G221,G1533,Directed,14093,,,1
G221,G1889,Directed,14094,,,1
G222,G211,Directed,14095,,,1
G222,G212,Directed,14096,,,1
G222,G221,Directed,14097,,,1
G222,G993,Directed,14098,,,1
G222,G1011,Directed,14099,,,1
G222,G1012,Directed,14100,,,1
G222,G1016,Directed,14101,,,1
G222,G1027,Directed,14102,,,1
G222,G1030,Directed,14103,,,1
G222,G1161,Directed,14104,,,1
G222,G1533,Directed,14105,,,1
G222,G1889,Directed,14106,,,1
G223,G28,Directed,14107,,,1
G223,G29,Directed,14108,,,1
G223,G41,Directed,14109,,,1
G223,G42,Directed,14110,,,1
G223,G45,Directed,14111,,,1
G223,G46,Directed,14112,,,1
G223,G68,Directed,14113,,,1
G223,G69,Directed,14114,,,1
G223,G80,Directed,14115,,,1
G223,G91,Directed,14116,,,1
G223,G112,Directed,14117,,,1
G223,G113,Directed,14118,,,1
G223,G175,Directed,14119,,,1
G223,G176,Directed,14120,,,1
G223,G177,Directed,14121,,,1
G223,G178,Directed,14122,,,1
G223,G179,Directed,14123,,,1
G223,G180,Directed,14124,,,1
G223,G181,Directed,14125,,,1
G223,G182,Directed,14126,,,1
G223,G183,Directed,14127,,,1
G223,G184,Directed,14128,,,1
G223,G185,Directed,14129,,,1
G223,G186,Directed,14130,,,1
G223,G187,Directed,14131,,,1
G223,G189,Directed,14132,,,1
G223,G190,Directed,14133,,,1
G223,G191,Directed,14134,,,1
G223,G192,Directed,14135,,,1
G223,G195,Directed,14136,,,1
G223,G198,Directed,14137,,,1
G223,G199,Directed,14138,,,1
G223,G204,Directed,14139,,,1
G223,G205,Directed,14140,,,1
G223,G206,Directed,14141,,,1
G223,G207,Directed,14142,,,1
G223,G210,Directed,14143,,,1
G223,G213,Directed,14144,,,1
G223,G235,Directed,14145,,,1
G223,G258,Directed,14146,,,1
G223,G275,Directed,14147,,,1
G223,G422,Directed,14148,,,1
G223,G423,Directed,14149,,,1
G223,G518,Directed,14150,,,1
G223,G521,Directed,14151,,,1
G223,G535,Directed,14152,,,1
G223,G864,Directed,14153,,,1
G223,G912,Directed,14154,,,1
G223,G913,Directed,14155,,,1
G223,G914,Directed,14156,,,1
G223,G917,Directed,14157,,,1
G223,G918,Directed,14158,,,1
G223,G919,Directed,14159,,,1
G223,G921,Directed,14160,,,1
G223,G922,Directed,14161,,,1
G223,G923,Directed,14162,,,1
G223,G924,Directed,14163,,,1
G223,G925,Directed,14164,,,1
G223,G926,Directed,14165,,,1
G223,G927,Directed,14166,,,1
G223,G928,Directed,14167,,,1
G223,G932,Directed,14168,,,1
G223,G933,Directed,14169,,,1
G223,G934,Directed,14170,,,1
G223,G935,Directed,14171,,,1
G223,G936,Directed,14172,,,1
G223,G937,Directed,14173,,,1
G223,G938,Directed,14174,,,1
G223,G939,Directed,14175,,,1
G223,G940,Directed,14176,,,1
G223,G941,Directed,14177,,,1
G223,G942,Directed,14178,,,1
G223,G943,Directed,14179,,,1
G223,G944,Directed,14180,,,1
G223,G949,Directed,14181,,,1
G223,G953,Directed,14182,,,1
G223,G954,Directed,14183,,,1
G223,G955,Directed,14184,,,1
G223,G958,Directed,14185,,,1
G223,G959,Directed,14186,,,1
G223,G960,Directed,14187,,,1
G223,G963,Directed,14188,,,1
G223,G964,Directed,14189,,,1
G223,G966,Directed,14190,,,1
G223,G967,Directed,14191,,,1
G223,G977,Directed,14192,,,1
G223,G1060,Directed,14193,,,1
G223,G1073,Directed,14194,,,1
G223,G1101,Directed,14195,,,1
G223,G1104,Directed,14196,,,1
G223,G1114,Directed,14197,,,1
G223,G1121,Directed,14198,,,1
G223,G1122,Directed,14199,,,1
G223,G1235,Directed,14200,,,1
G223,G1242,Directed,14201,,,1
G223,G1254,Directed,14202,,,1
G223,G1261,Directed,14203,,,1
G223,G1273,Directed,14204,,,1
G223,G1305,Directed,14205,,,1
G223,G1537,Directed,14206,,,1
G223,G1540,Directed,14207,,,1
G223,G1624,Directed,14208,,,1
G224,G219,Directed,14209,,,1
G224,G220,Directed,14210,,,1
G224,G259,Directed,14211,,,1
G224,G424,Directed,14212,,,1
G224,G504,Directed,14213,,,1
G224,G594,Directed,14214,,,1
G224,G991,Directed,14215,,,1
G224,G998,Directed,14216,,,1
G224,G1017,Directed,14217,,,1
G224,G1031,Directed,14218,,,1
G224,G1312,Directed,14219,,,1
G224,G1565,Directed,14220,,,1
G224,G1793,Directed,14221,,,1
G224,G1975,Directed,14222,,,1
G224,G1992,Directed,14223,,,1
G224,G2039,Directed,14224,,,1
G225,G226,Directed,14225,,,1
G225,G318,Directed,14226,,,1
G225,G321,Directed,14227,,,1
G225,G725,Directed,14228,,,1
G225,G905,Directed,14229,,,1
G226,G225,Directed,14230,,,1
G226,G321,Directed,14231,,,1
G226,G499,Directed,14232,,,1
G226,G725,Directed,14233,,,1
G226,G1120,Directed,14234,,,1
G226,G1150,Directed,14235,,,1
G226,G1741,Directed,14236,,,1
G227,G219,Directed,14237,,,1
G227,G220,Directed,14238,,,1
G227,G259,Directed,14239,,,1
G227,G424,Directed,14240,,,1
G227,G504,Directed,14241,,,1
G227,G594,Directed,14242,,,1
G227,G991,Directed,14243,,,1
G227,G998,Directed,14244,,,1
G227,G1017,Directed,14245,,,1
G227,G1031,Directed,14246,,,1
G227,G1312,Directed,14247,,,1
G227,G1565,Directed,14248,,,1
G227,G1793,Directed,14249,,,1
G227,G1975,Directed,14250,,,1
G227,G1992,Directed,14251,,,1
G227,G2039,Directed,14252,,,1
G228,G129,Directed,14253,,,1
G228,G130,Directed,14254,,,1
G228,G209,Directed,14255,,,1
G228,G229,Directed,14256,,,1
G228,G294,Directed,14257,,,1
G228,G315,Directed,14258,,,1
G228,G385,Directed,14259,,,1
G228,G451,Directed,14260,,,1
G228,G606,Directed,14261,,,1
G228,G674,Directed,14262,,,1
G228,G708,Directed,14263,,,1
G228,G711,Directed,14264,,,1
G228,G1293,Directed,14265,,,1
G228,G1419,Directed,14266,,,1
G228,G1651,Directed,14267,,,1
G228,G1832,Directed,14268,,,1
G229,G129,Directed,14269,,,1
G229,G209,Directed,14270,,,1
G229,G228,Directed,14271,,,1
G229,G315,Directed,14272,,,1
G229,G385,Directed,14273,,,1
G229,G606,Directed,14274,,,1
G229,G1056,Directed,14275,,,1
G229,G1293,Directed,14276,,,1
G229,G1419,Directed,14277,,,1
G229,G1651,Directed,14278,,,1
G230,G174,Directed,14279,,,1
G231,G232,Directed,14280,,,1
G232,G140,Directed,14281,,,1
G232,G231,Directed,14282,,,1
G232,G242,Directed,14283,,,1
G232,G268,Directed,14284,,,1
G232,G391,Directed,14285,,,1
G232,G1251,Directed,14286,,,1
G233,G234,Directed,14287,,,1
G233,G244,Directed,14288,,,1
G233,G832,Directed,14289,,,1
G233,G1077,Directed,14290,,,1
G233,G1538,Directed,14291,,,1
G233,G1733,Directed,14292,,,1
G234,G233,Directed,14293,,,1
G234,G244,Directed,14294,,,1
G234,G832,Directed,14295,,,1
G234,G1538,Directed,14296,,,1
G234,G1733,Directed,14297,,,1
G234,G2245,Directed,14298,,,1
G235,G29,Directed,14299,,,1
G235,G51,Directed,14300,,,1
G235,G64,Directed,14301,,,1
G235,G65,Directed,14302,,,1
G235,G68,Directed,14303,,,1
G235,G91,Directed,14304,,,1
G235,G112,Directed,14305,,,1
G235,G175,Directed,14306,,,1
G235,G176,Directed,14307,,,1
G235,G177,Directed,14308,,,1
G235,G178,Directed,14309,,,1
G235,G179,Directed,14310,,,1
G235,G180,Directed,14311,,,1
G235,G183,Directed,14312,,,1
G235,G186,Directed,14313,,,1
G235,G190,Directed,14314,,,1
G235,G191,Directed,14315,,,1
G235,G192,Directed,14316,,,1
G235,G195,Directed,14317,,,1
G235,G199,Directed,14318,,,1
G235,G204,Directed,14319,,,1
G235,G205,Directed,14320,,,1
G235,G206,Directed,14321,,,1
G235,G207,Directed,14322,,,1
G235,G223,Directed,14323,,,1
G235,G275,Directed,14324,,,1
G235,G518,Directed,14325,,,1
G235,G629,Directed,14326,,,1
G235,G918,Directed,14327,,,1
G235,G923,Directed,14328,,,1
G235,G924,Directed,14329,,,1
G235,G932,Directed,14330,,,1
G235,G933,Directed,14331,,,1
G235,G936,Directed,14332,,,1
G235,G937,Directed,14333,,,1
G235,G949,Directed,14334,,,1
G235,G967,Directed,14335,,,1
G235,G1101,Directed,14336,,,1
G235,G1118,Directed,14337,,,1
G235,G1256,Directed,14338,,,1
G235,G1387,Directed,14339,,,1
G235,G1426,Directed,14340,,,1
G235,G1449,Directed,14341,,,1
G235,G1669,Directed,14342,,,1
G236,G237,Directed,14343,,,1
G237,G236,Directed,14344,,,1
G237,G288,Directed,14345,,,1
G237,G850,Directed,14346,,,1
G238,G117,Directed,14347,,,1
G238,G118,Directed,14348,,,1
G238,G239,Directed,14349,,,1
G238,G262,Directed,14350,,,1
G238,G339,Directed,14351,,,1
G238,G496,Directed,14352,,,1
G238,G544,Directed,14353,,,1
G238,G1110,Directed,14354,,,1
G238,G1124,Directed,14355,,,1
G238,G1391,Directed,14356,,,1
G238,G1447,Directed,14357,,,1
G238,G1582,Directed,14358,,,1
G239,G109,Directed,14359,,,1
G239,G117,Directed,14360,,,1
G239,G118,Directed,14361,,,1
G239,G238,Directed,14362,,,1
G239,G262,Directed,14363,,,1
G239,G339,Directed,14364,,,1
G239,G350,Directed,14365,,,1
G239,G469,Directed,14366,,,1
G239,G496,Directed,14367,,,1
G239,G544,Directed,14368,,,1
G239,G688,Directed,14369,,,1
G239,G951,Directed,14370,,,1
G239,G1082,Directed,14371,,,1
G239,G1110,Directed,14372,,,1
G239,G1124,Directed,14373,,,1
G239,G1125,Directed,14374,,,1
G239,G1301,Directed,14375,,,1
G239,G1309,Directed,14376,,,1
G239,G1447,Directed,14377,,,1
G239,G1531,Directed,14378,,,1
G239,G1577,Directed,14379,,,1
G239,G1582,Directed,14380,,,1
G239,G1750,Directed,14381,,,1
G240,G116,Directed,14382,,,1
G240,G241,Directed,14383,,,1
G240,G249,Directed,14384,,,1
G240,G769,Directed,14385,,,1
G240,G2077,Directed,14386,,,1
G240,G2107,Directed,14387,,,1
G241,G240,Directed,14388,,,1
G241,G249,Directed,14389,,,1
G241,G769,Directed,14390,,,1
G241,G2077,Directed,14391,,,1
G241,G2107,Directed,14392,,,1
G242,G11,Directed,14393,,,1
G242,G12,Directed,14394,,,1
G242,G13,Directed,14395,,,1
G242,G14,Directed,14396,,,1
G242,G27,Directed,14397,,,1
G242,G54,Directed,14398,,,1
G242,G55,Directed,14399,,,1
G242,G56,Directed,14400,,,1
G242,G57,Directed,14401,,,1
G242,G59,Directed,14402,,,1
G242,G120,Directed,14403,,,1
G242,G144,Directed,14404,,,1
G242,G145,Directed,14405,,,1
G242,G152,Directed,14406,,,1
G242,G232,Directed,14407,,,1
G242,G264,Directed,14408,,,1
G242,G268,Directed,14409,,,1
G242,G281,Directed,14410,,,1
G242,G310,Directed,14411,,,1
G242,G314,Directed,14412,,,1
G242,G354,Directed,14413,,,1
G242,G367,Directed,14414,,,1
G242,G379,Directed,14415,,,1
G242,G408,Directed,14416,,,1
G242,G410,Directed,14417,,,1
G242,G461,Directed,14418,,,1
G242,G470,Directed,14419,,,1
G242,G510,Directed,14420,,,1
G242,G515,Directed,14421,,,1
G242,G547,Directed,14422,,,1
G242,G563,Directed,14423,,,1
G242,G579,Directed,14424,,,1
G242,G600,Directed,14425,,,1
G242,G796,Directed,14426,,,1
G242,G1109,Directed,14427,,,1
G242,G1771,Directed,14428,,,1
G243,G2,Directed,14429,,,1
G243,G3,Directed,14430,,,1
G243,G4,Directed,14431,,,1
G243,G22,Directed,14432,,,1
G243,G99,Directed,14433,,,1
G243,G101,Directed,14434,,,1
G243,G102,Directed,14435,,,1
G243,G131,Directed,14436,,,1
G243,G155,Directed,14437,,,1
G243,G296,Directed,14438,,,1
G243,G309,Directed,14439,,,1
G243,G384,Directed,14440,,,1
G243,G388,Directed,14441,,,1
G243,G393,Directed,14442,,,1
G243,G439,Directed,14443,,,1
G243,G478,Directed,14444,,,1
G243,G614,Directed,14445,,,1
G243,G643,Directed,14446,,,1
G243,G720,Directed,14447,,,1
G243,G749,Directed,14448,,,1
G243,G808,Directed,14449,,,1
G243,G1694,Directed,14450,,,1
G243,G1748,Directed,14451,,,1
G243,G1870,Directed,14452,,,1
G244,G7,Directed,14453,,,1
G244,G8,Directed,14454,,,1
G244,G28,Directed,14455,,,1
G244,G41,Directed,14456,,,1
G244,G42,Directed,14457,,,1
G244,G233,Directed,14458,,,1
G244,G234,Directed,14459,,,1
G244,G269,Directed,14460,,,1
G244,G289,Directed,14461,,,1
G244,G293,Directed,14462,,,1
G244,G307,Directed,14463,,,1
G244,G311,Directed,14464,,,1
G244,G410,Directed,14465,,,1
G244,G832,Directed,14466,,,1
G244,G882,Directed,14467,,,1
G244,G1012,Directed,14468,,,1
G244,G1016,Directed,14469,,,1
G244,G1027,Directed,14470,,,1
G244,G1030,Directed,14471,,,1
G244,G1077,Directed,14472,,,1
G244,G1138,Directed,14473,,,1
G244,G1152,Directed,14474,,,1
G244,G1173,Directed,14475,,,1
G244,G1174,Directed,14476,,,1
G244,G1647,Directed,14477,,,1
G244,G1660,Directed,14478,,,1
G244,G1689,Directed,14479,,,1
G244,G1691,Directed,14480,,,1
G244,G1733,Directed,14481,,,1
G244,G1892,Directed,14482,,,1
G244,G1901,Directed,14483,,,1
G244,G1958,Directed,14484,,,1
G244,G2000,Directed,14485,,,1
G244,G2215,Directed,14486,,,1
G244,G2216,Directed,14487,,,1
G244,G2217,Directed,14488,,,1
G245,G1,Directed,14489,,,1
G245,G2,Directed,14490,,,1
G245,G49,Directed,14491,,,1
G245,G50,Directed,14492,,,1
G245,G51,Directed,14493,,,1
G245,G52,Directed,14494,,,1
G245,G53,Directed,14495,,,1
G245,G58,Directed,14496,,,1
G245,G69,Directed,14497,,,1
G245,G70,Directed,14498,,,1
G245,G71,Directed,14499,,,1
G245,G75,Directed,14500,,,1
G245,G76,Directed,14501,,,1
G245,G80,Directed,14502,,,1
G245,G81,Directed,14503,,,1
G245,G84,Directed,14504,,,1
G245,G92,Directed,14505,,,1
G245,G95,Directed,14506,,,1
G245,G97,Directed,14507,,,1
G245,G99,Directed,14508,,,1
G245,G100,Directed,14509,,,1
G245,G143,Directed,14510,,,1
G245,G150,Directed,14511,,,1
G245,G153,Directed,14512,,,1
G245,G251,Directed,14513,,,1
G245,G252,Directed,14514,,,1
G245,G263,Directed,14515,,,1
G245,G265,Directed,14516,,,1
G245,G267,Directed,14517,,,1
G245,G296,Directed,14518,,,1
G245,G302,Directed,14519,,,1
G245,G342,Directed,14520,,,1
G245,G351,Directed,14521,,,1
G245,G381,Directed,14522,,,1
G245,G405,Directed,14523,,,1
G245,G423,Directed,14524,,,1
G245,G456,Directed,14525,,,1
G245,G462,Directed,14526,,,1
G245,G472,Directed,14527,,,1
G245,G489,Directed,14528,,,1
G245,G508,Directed,14529,,,1
G245,G512,Directed,14530,,,1
G245,G528,Directed,14531,,,1
G245,G554,Directed,14532,,,1
G245,G589,Directed,14533,,,1
G245,G598,Directed,14534,,,1
G245,G599,Directed,14535,,,1
G245,G632,Directed,14536,,,1
G245,G652,Directed,14537,,,1
G245,G808,Directed,14538,,,1
G245,G826,Directed,14539,,,1
G245,G841,Directed,14540,,,1
G245,G1210,Directed,14541,,,1
G245,G1345,Directed,14542,,,1
G245,G1412,Directed,14543,,,1
G246,G134,Directed,14544,,,1
G246,G135,Directed,14545,,,1
G246,G159,Directed,14546,,,1
G246,G205,Directed,14547,,,1
G246,G207,Directed,14548,,,1
G246,G220,Directed,14549,,,1
G246,G247,Directed,14550,,,1
G246,G248,Directed,14551,,,1
G246,G254,Directed,14552,,,1
G246,G255,Directed,14553,,,1
G246,G300,Directed,14554,,,1
G246,G397,Directed,14555,,,1
G246,G400,Directed,14556,,,1
G246,G448,Directed,14557,,,1
G246,G455,Directed,14558,,,1
G246,G473,Directed,14559,,,1
G246,G516,Directed,14560,,,1
G246,G560,Directed,14561,,,1
G246,G597,Directed,14562,,,1
G246,G681,Directed,14563,,,1
G246,G702,Directed,14564,,,1
G246,G723,Directed,14565,,,1
G246,G892,Directed,14566,,,1
G246,G1026,Directed,14567,,,1
G246,G1028,Directed,14568,,,1
G246,G1034,Directed,14569,,,1
G246,G1041,Directed,14570,,,1
G246,G1042,Directed,14571,,,1
G246,G1043,Directed,14572,,,1
G246,G1050,Directed,14573,,,1
G246,G1051,Directed,14574,,,1
G246,G1057,Directed,14575,,,1
G246,G1067,Directed,14576,,,1
G246,G1156,Directed,14577,,,1
G246,G1163,Directed,14578,,,1
G246,G1187,Directed,14579,,,1
G246,G1192,Directed,14580,,,1
G246,G1193,Directed,14581,,,1
G246,G1194,Directed,14582,,,1
G246,G1202,Directed,14583,,,1
G246,G1215,Directed,14584,,,1
G246,G1249,Directed,14585,,,1
G246,G1255,Directed,14586,,,1
G246,G1289,Directed,14587,,,1
G246,G1302,Directed,14588,,,1
G246,G1317,Directed,14589,,,1
G246,G1320,Directed,14590,,,1
G246,G1331,Directed,14591,,,1
G246,G1335,Directed,14592,,,1
G246,G1360,Directed,14593,,,1
G246,G1408,Directed,14594,,,1
G246,G1411,Directed,14595,,,1
G246,G1493,Directed,14596,,,1
G246,G1588,Directed,14597,,,1
G246,G1697,Directed,14598,,,1
G246,G1717,Directed,14599,,,1
G246,G1909,Directed,14600,,,1
G246,G1954,Directed,14601,,,1
G247,G220,Directed,14602,,,1
G247,G246,Directed,14603,,,1
G247,G300,Directed,14604,,,1
G247,G400,Directed,14605,,,1
G247,G597,Directed,14606,,,1
G247,G1187,Directed,14607,,,1
G247,G1192,Directed,14608,,,1
G247,G1411,Directed,14609,,,1
G247,G1909,Directed,14610,,,1
G247,G1954,Directed,14611,,,1
G248,G21,Directed,14612,,,1
G248,G220,Directed,14613,,,1
G248,G246,Directed,14614,,,1
G248,G300,Directed,14615,,,1
G248,G400,Directed,14616,,,1
G248,G597,Directed,14617,,,1
G248,G692,Directed,14618,,,1
G248,G883,Directed,14619,,,1
G248,G1187,Directed,14620,,,1
G248,G1192,Directed,14621,,,1
G248,G1411,Directed,14622,,,1
G248,G1909,Directed,14623,,,1
G248,G1954,Directed,14624,,,1
G249,G240,Directed,14625,,,1
G249,G241,Directed,14626,,,1
G249,G1558,Directed,14627,,,1
G249,G2077,Directed,14628,,,1
G249,G2089,Directed,14629,,,1
G250,G251,Directed,14630,,,1
G250,G450,Directed,14631,,,1
G250,G698,Directed,14632,,,1
G250,G828,Directed,14633,,,1
G251,G42,Directed,14634,,,1
G251,G45,Directed,14635,,,1
G251,G46,Directed,14636,,,1
G251,G245,Directed,14637,,,1
G251,G250,Directed,14638,,,1
G251,G265,Directed,14639,,,1
G251,G335,Directed,14640,,,1
G251,G624,Directed,14641,,,1
G251,G659,Directed,14642,,,1
G251,G697,Directed,14643,,,1
G251,G698,Directed,14644,,,1
G251,G716,Directed,14645,,,1
G251,G721,Directed,14646,,,1
G251,G2084,Directed,14647,,,1
G252,G245,Directed,14648,,,1
G252,G253,Directed,14649,,,1
G252,G806,Directed,14650,,,1
G253,G252,Directed,14651,,,1
G254,G144,Directed,14652,,,1
G254,G246,Directed,14653,,,1
G254,G255,Directed,14654,,,1
G254,G400,Directed,14655,,,1
G254,G466,Directed,14656,,,1
G254,G474,Directed,14657,,,1
G254,G579,Directed,14658,,,1
G254,G617,Directed,14659,,,1
G254,G705,Directed,14660,,,1
G254,G1034,Directed,14661,,,1
G254,G1051,Directed,14662,,,1
G254,G1067,Directed,14663,,,1
G254,G1126,Directed,14664,,,1
G254,G1154,Directed,14665,,,1
G254,G1155,Directed,14666,,,1
G254,G1192,Directed,14667,,,1
G254,G1193,Directed,14668,,,1
G254,G1202,Directed,14669,,,1
G254,G1208,Directed,14670,,,1
G254,G1215,Directed,14671,,,1
G254,G1264,Directed,14672,,,1
G254,G1265,Directed,14673,,,1
G254,G1297,Directed,14674,,,1
G254,G1454,Directed,14675,,,1
G254,G1571,Directed,14676,,,1
G254,G1583,Directed,14677,,,1
G254,G1657,Directed,14678,,,1
G254,G1705,Directed,14679,,,1
G254,G2014,Directed,14680,,,1
G254,G2020,Directed,14681,,,1
G255,G67,Directed,14682,,,1
G255,G246,Directed,14683,,,1
G255,G254,Directed,14684,,,1
G255,G400,Directed,14685,,,1
G255,G448,Directed,14686,,,1
G255,G482,Directed,14687,,,1
G255,G516,Directed,14688,,,1
G255,G562,Directed,14689,,,1
G255,G681,Directed,14690,,,1
G255,G920,Directed,14691,,,1
G255,G1034,Directed,14692,,,1
G255,G1051,Directed,14693,,,1
G255,G1067,Directed,14694,,,1
G255,G1126,Directed,14695,,,1
G255,G1154,Directed,14696,,,1
G255,G1155,Directed,14697,,,1
G255,G1249,Directed,14698,,,1
G255,G1256,Directed,14699,,,1
G255,G1257,Directed,14700,,,1
G255,G1264,Directed,14701,,,1
G255,G1265,Directed,14702,,,1
G255,G1266,Directed,14703,,,1
G255,G1277,Directed,14704,,,1
G255,G1297,Directed,14705,,,1
G255,G1427,Directed,14706,,,1
G255,G1454,Directed,14707,,,1
G255,G1460,Directed,14708,,,1
G255,G1483,Directed,14709,,,1
G255,G1493,Directed,14710,,,1
G255,G1537,Directed,14711,,,1
G255,G1540,Directed,14712,,,1
G255,G1583,Directed,14713,,,1
G255,G1624,Directed,14714,,,1
G255,G1657,Directed,14715,,,1
G255,G1705,Directed,14716,,,1
G255,G1717,Directed,14717,,,1
G256,G257,Directed,14718,,,1
G256,G1143,Directed,14719,,,1
G257,G256,Directed,14720,,,1
G257,G276,Directed,14721,,,1
G257,G1116,Directed,14722,,,1
G257,G1605,Directed,14723,,,1
G258,G28,Directed,14724,,,1
G258,G29,Directed,14725,,,1
G258,G40,Directed,14726,,,1
G258,G65,Directed,14727,,,1
G258,G68,Directed,14728,,,1
G258,G91,Directed,14729,,,1
G258,G112,Directed,14730,,,1
G258,G175,Directed,14731,,,1
G258,G176,Directed,14732,,,1
G258,G177,Directed,14733,,,1
G258,G180,Directed,14734,,,1
G258,G183,Directed,14735,,,1
G258,G186,Directed,14736,,,1
G258,G190,Directed,14737,,,1
G258,G191,Directed,14738,,,1
G258,G192,Directed,14739,,,1
G258,G195,Directed,14740,,,1
G258,G199,Directed,14741,,,1
G258,G204,Directed,14742,,,1
G258,G205,Directed,14743,,,1
G258,G206,Directed,14744,,,1
G258,G207,Directed,14745,,,1
G258,G223,Directed,14746,,,1
G258,G275,Directed,14747,,,1
G258,G518,Directed,14748,,,1
G258,G524,Directed,14749,,,1
G258,G918,Directed,14750,,,1
G258,G923,Directed,14751,,,1
G258,G924,Directed,14752,,,1
G258,G932,Directed,14753,,,1
G258,G933,Directed,14754,,,1
G258,G936,Directed,14755,,,1
G258,G937,Directed,14756,,,1
G258,G949,Directed,14757,,,1
G258,G967,Directed,14758,,,1
G258,G1101,Directed,14759,,,1
G258,G1414,Directed,14760,,,1
G258,G1438,Directed,14761,,,1
G258,G1690,Directed,14762,,,1
G258,G1838,Directed,14763,,,1
G258,G1844,Directed,14764,,,1
G259,G217,Directed,14765,,,1
G259,G224,Directed,14766,,,1
G259,G227,Directed,14767,,,1
G259,G272,Directed,14768,,,1
G259,G424,Directed,14769,,,1
G259,G510,Directed,14770,,,1
G259,G562,Directed,14771,,,1
G259,G920,Directed,14772,,,1
G259,G991,Directed,14773,,,1
G259,G997,Directed,14774,,,1
G259,G998,Directed,14775,,,1
G259,G999,Directed,14776,,,1
G259,G1001,Directed,14777,,,1
G259,G1003,Directed,14778,,,1
G259,G1017,Directed,14779,,,1
G259,G1031,Directed,14780,,,1
G259,G1148,Directed,14781,,,1
G259,G1150,Directed,14782,,,1
G260,G129,Directed,14783,,,1
G260,G174,Directed,14784,,,1
G260,G294,Directed,14785,,,1
G260,G905,Directed,14786,,,1
G261,G262,Directed,14787,,,1
G262,G117,Directed,14788,,,1
G262,G118,Directed,14789,,,1
G262,G238,Directed,14790,,,1
G262,G239,Directed,14791,,,1
G262,G261,Directed,14792,,,1
G262,G339,Directed,14793,,,1
G262,G496,Directed,14794,,,1
G262,G507,Directed,14795,,,1
G262,G544,Directed,14796,,,1
G262,G813,Directed,14797,,,1
G262,G1110,Directed,14798,,,1
G262,G1124,Directed,14799,,,1
G262,G1447,Directed,14800,,,1
G262,G1577,Directed,14801,,,1
G262,G1582,Directed,14802,,,1
G262,G1878,Directed,14803,,,1
G263,G2,Directed,14804,,,1
G263,G49,Directed,14805,,,1
G263,G50,Directed,14806,,,1
G263,G51,Directed,14807,,,1
G263,G52,Directed,14808,,,1
G263,G53,Directed,14809,,,1
G263,G58,Directed,14810,,,1
G263,G70,Directed,14811,,,1
G263,G71,Directed,14812,,,1
G263,G75,Directed,14813,,,1
G263,G76,Directed,14814,,,1
G263,G80,Directed,14815,,,1
G263,G81,Directed,14816,,,1
G263,G84,Directed,14817,,,1
G263,G92,Directed,14818,,,1
G263,G95,Directed,14819,,,1
G263,G99,Directed,14820,,,1
G263,G100,Directed,14821,,,1
G263,G143,Directed,14822,,,1
G263,G150,Directed,14823,,,1
G263,G153,Directed,14824,,,1
G263,G245,Directed,14825,,,1
G263,G265,Directed,14826,,,1
G263,G267,Directed,14827,,,1
G263,G296,Directed,14828,,,1
G263,G302,Directed,14829,,,1
G263,G309,Directed,14830,,,1
G263,G342,Directed,14831,,,1
G263,G351,Directed,14832,,,1
G263,G381,Directed,14833,,,1
G263,G405,Directed,14834,,,1
G263,G423,Directed,14835,,,1
G263,G456,Directed,14836,,,1
G263,G462,Directed,14837,,,1
G263,G471,Directed,14838,,,1
G263,G472,Directed,14839,,,1
G263,G489,Directed,14840,,,1
G263,G508,Directed,14841,,,1
G263,G510,Directed,14842,,,1
G263,G512,Directed,14843,,,1
G263,G528,Directed,14844,,,1
G263,G554,Directed,14845,,,1
G263,G599,Directed,14846,,,1
G263,G790,Directed,14847,,,1
G263,G823,Directed,14848,,,1
G263,G1345,Directed,14849,,,1
G264,G11,Directed,14850,,,1
G264,G12,Directed,14851,,,1
G264,G13,Directed,14852,,,1
G264,G14,Directed,14853,,,1
G264,G27,Directed,14854,,,1
G264,G54,Directed,14855,,,1
G264,G55,Directed,14856,,,1
G264,G56,Directed,14857,,,1
G264,G57,Directed,14858,,,1
G264,G59,Directed,14859,,,1
G264,G242,Directed,14860,,,1
G264,G268,Directed,14861,,,1
G264,G281,Directed,14862,,,1
G264,G310,Directed,14863,,,1
G264,G314,Directed,14864,,,1
G264,G410,Directed,14865,,,1
G264,G600,Directed,14866,,,1
G264,G719,Directed,14867,,,1
G264,G1109,Directed,14868,,,1
G265,G2,Directed,14869,,,1
G265,G49,Directed,14870,,,1
G265,G50,Directed,14871,,,1
G265,G51,Directed,14872,,,1
G265,G52,Directed,14873,,,1
G265,G53,Directed,14874,,,1
G265,G58,Directed,14875,,,1
G265,G69,Directed,14876,,,1
G265,G71,Directed,14877,,,1
G265,G75,Directed,14878,,,1
G265,G76,Directed,14879,,,1
G265,G80,Directed,14880,,,1
G265,G81,Directed,14881,,,1
G265,G84,Directed,14882,,,1
G265,G95,Directed,14883,,,1
G265,G97,Directed,14884,,,1
G265,G100,Directed,14885,,,1
G265,G143,Directed,14886,,,1
G265,G150,Directed,14887,,,1
G265,G153,Directed,14888,,,1
G265,G245,Directed,14889,,,1
G265,G251,Directed,14890,,,1
G265,G263,Directed,14891,,,1
G265,G267,Directed,14892,,,1
G265,G302,Directed,14893,,,1
G265,G309,Directed,14894,,,1
G265,G351,Directed,14895,,,1
G265,G381,Directed,14896,,,1
G265,G405,Directed,14897,,,1
G265,G423,Directed,14898,,,1
G265,G456,Directed,14899,,,1
G265,G462,Directed,14900,,,1
G265,G472,Directed,14901,,,1
G265,G489,Directed,14902,,,1
G265,G508,Directed,14903,,,1
G265,G526,Directed,14904,,,1
G265,G528,Directed,14905,,,1
G265,G554,Directed,14906,,,1
G265,G589,Directed,14907,,,1
G265,G599,Directed,14908,,,1
G265,G770,Directed,14909,,,1
G265,G1345,Directed,14910,,,1
G265,G1375,Directed,14911,,,1
G265,G1377,Directed,14912,,,1
G265,G1412,Directed,14913,,,1
G265,G1482,Directed,14914,,,1
G265,G1488,Directed,14915,,,1
G265,G1489,Directed,14916,,,1
G265,G1505,Directed,14917,,,1
G265,G1587,Directed,14918,,,1
G265,G1622,Directed,14919,,,1
G265,G1737,Directed,14920,,,1
G265,G1765,Directed,14921,,,1
G266,G93,Directed,14922,,,1
G266,G94,Directed,14923,,,1
G267,G1,Directed,14924,,,1
G267,G2,Directed,14925,,,1
G267,G49,Directed,14926,,,1
G267,G50,Directed,14927,,,1
G267,G51,Directed,14928,,,1
G267,G52,Directed,14929,,,1
G267,G53,Directed,14930,,,1
G267,G58,Directed,14931,,,1
G267,G67,Directed,14932,,,1
G267,G70,Directed,14933,,,1
G267,G75,Directed,14934,,,1
G267,G76,Directed,14935,,,1
G267,G80,Directed,14936,,,1
G267,G81,Directed,14937,,,1
G267,G84,Directed,14938,,,1
G267,G92,Directed,14939,,,1
G267,G95,Directed,14940,,,1
G267,G99,Directed,14941,,,1
G267,G100,Directed,14942,,,1
G267,G143,Directed,14943,,,1
G267,G150,Directed,14944,,,1
G267,G153,Directed,14945,,,1
G267,G245,Directed,14946,,,1
G267,G263,Directed,14947,,,1
G267,G265,Directed,14948,,,1
G267,G296,Directed,14949,,,1
G267,G302,Directed,14950,,,1
G267,G309,Directed,14951,,,1
G267,G342,Directed,14952,,,1
G267,G351,Directed,14953,,,1
G267,G381,Directed,14954,,,1
G267,G405,Directed,14955,,,1
G267,G423,Directed,14956,,,1
G267,G462,Directed,14957,,,1
G267,G471,Directed,14958,,,1
G267,G489,Directed,14959,,,1
G267,G512,Directed,14960,,,1
G267,G528,Directed,14961,,,1
G267,G554,Directed,14962,,,1
G267,G589,Directed,14963,,,1
G267,G1126,Directed,14964,,,1
G267,G1161,Directed,14965,,,1
G267,G1345,Directed,14966,,,1
G267,G1677,Directed,14967,,,1
G268,G11,Directed,14968,,,1
G268,G12,Directed,14969,,,1
G268,G13,Directed,14970,,,1
G268,G14,Directed,14971,,,1
G268,G27,Directed,14972,,,1
G268,G54,Directed,14973,,,1
G268,G55,Directed,14974,,,1
G268,G56,Directed,14975,,,1
G268,G57,Directed,14976,,,1
G268,G59,Directed,14977,,,1
G268,G232,Directed,14978,,,1
G268,G242,Directed,14979,,,1
G268,G264,Directed,14980,,,1
G268,G281,Directed,14981,,,1
G268,G310,Directed,14982,,,1
G268,G314,Directed,14983,,,1
G268,G379,Directed,14984,,,1
G268,G408,Directed,14985,,,1
G268,G461,Directed,14986,,,1
G268,G600,Directed,14987,,,1
G268,G719,Directed,14988,,,1
G268,G1109,Directed,14989,,,1
G269,G7,Directed,14990,,,1
G269,G8,Directed,14991,,,1
G269,G244,Directed,14992,,,1
G269,G293,Directed,14993,,,1
G269,G307,Directed,14994,,,1
G269,G311,Directed,14995,,,1
G269,G1012,Directed,14996,,,1
G269,G1016,Directed,14997,,,1
G269,G1027,Directed,14998,,,1
G269,G1030,Directed,14999,,,1
G269,G1138,Directed,15000,,,1
G269,G1733,Directed,15001,,,1
G270,G25,Directed,15002,,,1
G270,G271,Directed,15003,,,1
G270,G349,Directed,15004,,,1
G270,G350,Directed,15005,,,1
G270,G359,Directed,15006,,,1
G270,G401,Directed,15007,,,1
G270,G635,Directed,15008,,,1
G270,G637,Directed,15009,,,1
G270,G688,Directed,15010,,,1
G270,G1110,Directed,15011,,,1
G270,G1124,Directed,15012,,,1
G270,G1125,Directed,15013,,,1
G270,G1168,Directed,15014,,,1
G270,G1238,Directed,15015,,,1
G270,G1301,Directed,15016,,,1
G270,G1353,Directed,15017,,,1
G270,G1430,Directed,15018,,,1
G270,G1518,Directed,15019,,,1
G270,G1722,Directed,15020,,,1
G271,G270,Directed,15021,,,1
G271,G349,Directed,15022,,,1
G271,G350,Directed,15023,,,1
G271,G359,Directed,15024,,,1
G271,G401,Directed,15025,,,1
G271,G635,Directed,15026,,,1
G271,G637,Directed,15027,,,1
G271,G688,Directed,15028,,,1
G271,G1110,Directed,15029,,,1
G271,G1124,Directed,15030,,,1
G271,G1125,Directed,15031,,,1
G271,G1168,Directed,15032,,,1
G271,G1238,Directed,15033,,,1
G271,G1301,Directed,15034,,,1
G271,G1353,Directed,15035,,,1
G271,G1430,Directed,15036,,,1
G271,G1518,Directed,15037,,,1
G271,G1722,Directed,15038,,,1
G271,G2201,Directed,15039,,,1
G272,G217,Directed,15040,,,1
G272,G219,Directed,15041,,,1
G272,G220,Directed,15042,,,1
G272,G259,Directed,15043,,,1
G272,G424,Directed,15044,,,1
G272,G594,Directed,15045,,,1
G272,G763,Directed,15046,,,1
G272,G991,Directed,15047,,,1
G272,G998,Directed,15048,,,1
G272,G1017,Directed,15049,,,1
G272,G1031,Directed,15050,,,1
G272,G1312,Directed,15051,,,1
G272,G1929,Directed,15052,,,1
G272,G1975,Directed,15053,,,1
G272,G1992,Directed,15054,,,1
G272,G2028,Directed,15055,,,1
G273,G21,Directed,15056,,,1
G273,G77,Directed,15057,,,1
G273,G274,Directed,15058,,,1
G273,G299,Directed,15059,,,1
G273,G300,Directed,15060,,,1
G273,G312,Directed,15061,,,1
G273,G443,Directed,15062,,,1
G273,G962,Directed,15063,,,1
G273,G1037,Directed,15064,,,1
G273,G1068,Directed,15065,,,1
G273,G1072,Directed,15066,,,1
G273,G1101,Directed,15067,,,1
G273,G1141,Directed,15068,,,1
G273,G1327,Directed,15069,,,1
G273,G1361,Directed,15070,,,1
G273,G1615,Directed,15071,,,1
G273,G1782,Directed,15072,,,1
G273,G1903,Directed,15073,,,1
G273,G1905,Directed,15074,,,1
G273,G1931,Directed,15075,,,1
G274,G21,Directed,15076,,,1
G274,G273,Directed,15077,,,1
G274,G299,Directed,15078,,,1
G274,G300,Directed,15079,,,1
G274,G312,Directed,15080,,,1
G274,G1068,Directed,15081,,,1
G274,G1072,Directed,15082,,,1
G274,G1141,Directed,15083,,,1
G274,G1327,Directed,15084,,,1
G274,G1361,Directed,15085,,,1
G275,G28,Directed,15086,,,1
G275,G29,Directed,15087,,,1
G275,G40,Directed,15088,,,1
G275,G41,Directed,15089,,,1
G275,G42,Directed,15090,,,1
G275,G45,Directed,15091,,,1
G275,G46,Directed,15092,,,1
G275,G65,Directed,15093,,,1
G275,G68,Directed,15094,,,1
G275,G69,Directed,15095,,,1
G275,G91,Directed,15096,,,1
G275,G112,Directed,15097,,,1
G275,G113,Directed,15098,,,1
G275,G175,Directed,15099,,,1
G275,G176,Directed,15100,,,1
G275,G177,Directed,15101,,,1
G275,G178,Directed,15102,,,1
G275,G179,Directed,15103,,,1
G275,G180,Directed,15104,,,1
G275,G181,Directed,15105,,,1
G275,G182,Directed,15106,,,1
G275,G183,Directed,15107,,,1
G275,G184,Directed,15108,,,1
G275,G185,Directed,15109,,,1
G275,G186,Directed,15110,,,1
G275,G187,Directed,15111,,,1
G275,G189,Directed,15112,,,1
G275,G190,Directed,15113,,,1
G275,G191,Directed,15114,,,1
G275,G192,Directed,15115,,,1
G275,G195,Directed,15116,,,1
G275,G198,Directed,15117,,,1
G275,G199,Directed,15118,,,1
G275,G204,Directed,15119,,,1
G275,G205,Directed,15120,,,1
G275,G206,Directed,15121,,,1
G275,G207,Directed,15122,,,1
G275,G210,Directed,15123,,,1
G275,G213,Directed,15124,,,1
G275,G223,Directed,15125,,,1
G275,G235,Directed,15126,,,1
G275,G258,Directed,15127,,,1
G275,G423,Directed,15128,,,1
G275,G432,Directed,15129,,,1
G275,G492,Directed,15130,,,1
G275,G516,Directed,15131,,,1
G275,G518,Directed,15132,,,1
G275,G521,Directed,15133,,,1
G275,G535,Directed,15134,,,1
G275,G864,Directed,15135,,,1
G275,G892,Directed,15136,,,1
G275,G912,Directed,15137,,,1
G275,G913,Directed,15138,,,1
G275,G914,Directed,15139,,,1
G275,G917,Directed,15140,,,1
G275,G919,Directed,15141,,,1
G275,G921,Directed,15142,,,1
G275,G922,Directed,15143,,,1
G275,G923,Directed,15144,,,1
G275,G924,Directed,15145,,,1
G275,G925,Directed,15146,,,1
G275,G926,Directed,15147,,,1
G275,G927,Directed,15148,,,1
G275,G928,Directed,15149,,,1
G275,G932,Directed,15150,,,1
G275,G933,Directed,15151,,,1
G275,G934,Directed,15152,,,1
G275,G935,Directed,15153,,,1
G275,G936,Directed,15154,,,1
G275,G937,Directed,15155,,,1
G275,G938,Directed,15156,,,1
G275,G939,Directed,15157,,,1
G275,G940,Directed,15158,,,1
G275,G941,Directed,15159,,,1
G275,G942,Directed,15160,,,1
G275,G943,Directed,15161,,,1
G275,G944,Directed,15162,,,1
G275,G949,Directed,15163,,,1
G275,G953,Directed,15164,,,1
G275,G954,Directed,15165,,,1
G275,G955,Directed,15166,,,1
G275,G960,Directed,15167,,,1
G275,G964,Directed,15168,,,1
G275,G966,Directed,15169,,,1
G275,G967,Directed,15170,,,1
G275,G977,Directed,15171,,,1
G275,G1060,Directed,15172,,,1
G275,G1073,Directed,15173,,,1
G275,G1121,Directed,15174,,,1
G275,G1235,Directed,15175,,,1
G275,G1242,Directed,15176,,,1
G275,G1414,Directed,15177,,,1
G275,G1674,Directed,15178,,,1
G275,G1706,Directed,15179,,,1
G275,G1708,Directed,15180,,,1
G275,G1772,Directed,15181,,,1
G275,G1774,Directed,15182,,,1
G276,G257,Directed,15183,,,1
G276,G1619,Directed,15184,,,1
G277,G144,Directed,15185,,,1
G277,G278,Directed,15186,,,1
G277,G301,Directed,15187,,,1
G277,G995,Directed,15188,,,1
G277,G996,Directed,15189,,,1
G277,G1102,Directed,15190,,,1
G278,G277,Directed,15191,,,1
G278,G301,Directed,15192,,,1
G278,G321,Directed,15193,,,1
G278,G995,Directed,15194,,,1
G278,G996,Directed,15195,,,1
G278,G1102,Directed,15196,,,1
G279,G280,Directed,15197,,,1
G279,G352,Directed,15198,,,1
G279,G404,Directed,15199,,,1
G279,G1499,Directed,15200,,,1
G280,G279,Directed,15201,,,1
G280,G827,Directed,15202,,,1
G281,G11,Directed,15203,,,1
G281,G12,Directed,15204,,,1
G281,G13,Directed,15205,,,1
G281,G14,Directed,15206,,,1
G281,G27,Directed,15207,,,1
G281,G54,Directed,15208,,,1
G281,G55,Directed,15209,,,1
G281,G56,Directed,15210,,,1
G281,G57,Directed,15211,,,1
G281,G59,Directed,15212,,,1
G281,G242,Directed,15213,,,1
G281,G264,Directed,15214,,,1
G281,G268,Directed,15215,,,1
G281,G310,Directed,15216,,,1
G281,G314,Directed,15217,,,1
G281,G379,Directed,15218,,,1
G281,G461,Directed,15219,,,1
G281,G600,Directed,15220,,,1
G281,G719,Directed,15221,,,1
G281,G1109,Directed,15222,,,1
G282,G283,Directed,15223,,,1
G282,G298,Directed,15224,,,1
G283,G282,Directed,15225,,,1
G283,G298,Directed,15226,,,1
G283,G1704,Directed,15227,,,1
G283,G1764,Directed,15228,,,1
G283,G1916,Directed,15229,,,1
G283,G1959,Directed,15230,,,1
G283,G1992,Directed,15231,,,1
G284,G105,Directed,15232,,,1
G284,G285,Directed,15233,,,1
G284,G319,Directed,15234,,,1
G284,G329,Directed,15235,,,1
G284,G331,Directed,15236,,,1
G284,G343,Directed,15237,,,1
G284,G344,Directed,15238,,,1
G284,G1058,Directed,15239,,,1
G284,G1059,Directed,15240,,,1
G284,G1065,Directed,15241,,,1
G284,G1066,Directed,15242,,,1
G284,G1099,Directed,15243,,,1
G284,G1144,Directed,15244,,,1
G284,G1672,Directed,15245,,,1
G285,G105,Directed,15246,,,1
G285,G284,Directed,15247,,,1
G285,G319,Directed,15248,,,1
G285,G329,Directed,15249,,,1
G285,G331,Directed,15250,,,1
G285,G343,Directed,15251,,,1
G285,G344,Directed,15252,,,1
G285,G1058,Directed,15253,,,1
G285,G1059,Directed,15254,,,1
G285,G1065,Directed,15255,,,1
G285,G1066,Directed,15256,,,1
G285,G1099,Directed,15257,,,1
G285,G1144,Directed,15258,,,1
G285,G1672,Directed,15259,,,1
G286,G287,Directed,15260,,,1
G286,G2248,Directed,15261,,,1
G287,G286,Directed,15262,,,1
G287,G2248,Directed,15263,,,1
G288,G1,Directed,15264,,,1
G288,G2,Directed,15265,,,1
G288,G25,Directed,15266,,,1
G288,G26,Directed,15267,,,1
G288,G50,Directed,15268,,,1
G288,G52,Directed,15269,,,1
G288,G53,Directed,15270,,,1
G288,G66,Directed,15271,,,1
G288,G70,Directed,15272,,,1
G288,G79,Directed,15273,,,1
G288,G84,Directed,15274,,,1
G288,G92,Directed,15275,,,1
G288,G99,Directed,15276,,,1
G288,G112,Directed,15277,,,1
G288,G138,Directed,15278,,,1
G288,G155,Directed,15279,,,1
G288,G156,Directed,15280,,,1
G288,G175,Directed,15281,,,1
G288,G176,Directed,15282,,,1
G288,G177,Directed,15283,,,1
G288,G178,Directed,15284,,,1
G288,G181,Directed,15285,,,1
G288,G182,Directed,15286,,,1
G288,G187,Directed,15287,,,1
G288,G237,Directed,15288,,,1
G288,G289,Directed,15289,,,1
G288,G296,Directed,15290,,,1
G288,G302,Directed,15291,,,1
G288,G334,Directed,15292,,,1
G288,G342,Directed,15293,,,1
G288,G354,Directed,15294,,,1
G288,G432,Directed,15295,,,1
G288,G449,Directed,15296,,,1
G288,G496,Directed,15297,,,1
G288,G518,Directed,15298,,,1
G288,G640,Directed,15299,,,1
G288,G668,Directed,15300,,,1
G288,G830,Directed,15301,,,1
G288,G892,Directed,15302,,,1
G288,G924,Directed,15303,,,1
G288,G925,Directed,15304,,,1
G288,G926,Directed,15305,,,1
G288,G927,Directed,15306,,,1
G288,G938,Directed,15307,,,1
G288,G940,Directed,15308,,,1
G288,G949,Directed,15309,,,1
G288,G953,Directed,15310,,,1
G288,G954,Directed,15311,,,1
G288,G955,Directed,15312,,,1
G288,G1118,Directed,15313,,,1
G288,G1152,Directed,15314,,,1
G288,G1156,Directed,15315,,,1
G288,G1163,Directed,15316,,,1
G288,G1169,Directed,15317,,,1
G288,G1241,Directed,15318,,,1
G288,G1243,Directed,15319,,,1
G288,G1245,Directed,15320,,,1
G288,G1295,Directed,15321,,,1
G288,G1676,Directed,15322,,,1
G288,G1894,Directed,15323,,,1
G288,G1900,Directed,15324,,,1
G288,G1977,Directed,15325,,,1
G289,G2,Directed,15326,,,1
G289,G25,Directed,15327,,,1
G289,G26,Directed,15328,,,1
G289,G53,Directed,15329,,,1
G289,G76,Directed,15330,,,1
G289,G92,Directed,15331,,,1
G289,G158,Directed,15332,,,1
G289,G166,Directed,15333,,,1
G289,G244,Directed,15334,,,1
G289,G288,Directed,15335,,,1
G289,G317,Directed,15336,,,1
G289,G432,Directed,15337,,,1
G289,G510,Directed,15338,,,1
G289,G694,Directed,15339,,,1
G289,G893,Directed,15340,,,1
G289,G1157,Directed,15341,,,1
G289,G1169,Directed,15342,,,1
G289,G1276,Directed,15343,,,1
G289,G1295,Directed,15344,,,1
G289,G1346,Directed,15345,,,1
G289,G1347,Directed,15346,,,1
G289,G1364,Directed,15347,,,1
G289,G1733,Directed,15348,,,1
G289,G1900,Directed,15349,,,1
G289,G1964,Directed,15350,,,1
G289,G2046,Directed,15351,,,1
G290,G291,Directed,15352,,,1
G290,G357,Directed,15353,,,1
G290,G623,Directed,15354,,,1
G290,G669,Directed,15355,,,1
G290,G2151,Directed,15356,,,1
G290,G2255,Directed,15357,,,1
G290,G2256,Directed,15358,,,1
G290,G2272,Directed,15359,,,1
G290,G2273,Directed,15360,,,1
G290,G2274,Directed,15361,,,1
G291,G290,Directed,15362,,,1
G291,G669,Directed,15363,,,1
G291,G687,Directed,15364,,,1
G292,G5,Directed,15365,,,1
G292,G6,Directed,15366,,,1
G292,G98,Directed,15367,,,1
G292,G109,Directed,15368,,,1
G292,G117,Directed,15369,,,1
G292,G313,Directed,15370,,,1
G292,G420,Directed,15371,,,1
G292,G465,Directed,15372,,,1
G292,G469,Directed,15373,,,1
G292,G637,Directed,15374,,,1
G292,G688,Directed,15375,,,1
G292,G734,Directed,15376,,,1
G292,G1082,Directed,15377,,,1
G292,G1110,Directed,15378,,,1
G292,G1124,Directed,15379,,,1
G292,G1125,Directed,15380,,,1
G292,G1213,Directed,15381,,,1
G292,G1301,Directed,15382,,,1
G292,G1309,Directed,15383,,,1
G292,G1386,Directed,15384,,,1
G292,G1531,Directed,15385,,,1
G293,G7,Directed,15386,,,1
G293,G8,Directed,15387,,,1
G293,G244,Directed,15388,,,1
G293,G269,Directed,15389,,,1
G293,G307,Directed,15390,,,1
G293,G311,Directed,15391,,,1
G294,G129,Directed,15392,,,1
G294,G130,Directed,15393,,,1
G294,G228,Directed,15394,,,1
G294,G260,Directed,15395,,,1
G294,G385,Directed,15396,,,1
G294,G674,Directed,15397,,,1
G294,G708,Directed,15398,,,1
G295,G32,Directed,15399,,,1
G295,G33,Directed,15400,,,1
G295,G60,Directed,15401,,,1
G295,G61,Directed,15402,,,1
G295,G297,Directed,15403,,,1
G295,G308,Directed,15404,,,1
G295,G321,Directed,15405,,,1
G295,G369,Directed,15406,,,1
G295,G394,Directed,15407,,,1
G295,G395,Directed,15408,,,1
G295,G472,Directed,15409,,,1
G295,G649,Directed,15410,,,1
G295,G662,Directed,15411,,,1
G295,G678,Directed,15412,,,1
G295,G679,Directed,15413,,,1
G295,G1439,Directed,15414,,,1
G295,G1527,Directed,15415,,,1
G295,G1576,Directed,15416,,,1
G295,G1608,Directed,15417,,,1
G295,G1880,Directed,15418,,,1
G296,G1,Directed,15419,,,1
G296,G2,Directed,15420,,,1
G296,G3,Directed,15421,,,1
G296,G4,Directed,15422,,,1
G296,G22,Directed,15423,,,1
G296,G50,Directed,15424,,,1
G296,G51,Directed,15425,,,1
G296,G52,Directed,15426,,,1
G296,G53,Directed,15427,,,1
G296,G58,Directed,15428,,,1
G296,G70,Directed,15429,,,1
G296,G75,Directed,15430,,,1
G296,G79,Directed,15431,,,1
G296,G84,Directed,15432,,,1
G296,G92,Directed,15433,,,1
G296,G95,Directed,15434,,,1
G296,G99,Directed,15435,,,1
G296,G101,Directed,15436,,,1
G296,G102,Directed,15437,,,1
G296,G111,Directed,15438,,,1
G296,G131,Directed,15439,,,1
G296,G142,Directed,15440,,,1
G296,G155,Directed,15441,,,1
G296,G156,Directed,15442,,,1
G296,G243,Directed,15443,,,1
G296,G245,Directed,15444,,,1
G296,G263,Directed,15445,,,1
G296,G267,Directed,15446,,,1
G296,G288,Directed,15447,,,1
G296,G302,Directed,15448,,,1
G296,G309,Directed,15449,,,1
G296,G342,Directed,15450,,,1
G296,G369,Directed,15451,,,1
G296,G373,Directed,15452,,,1
G296,G374,Directed,15453,,,1
G296,G384,Directed,15454,,,1
G296,G386,Directed,15455,,,1
G296,G388,Directed,15456,,,1
G296,G393,Directed,15457,,,1
G296,G402,Directed,15458,,,1
G296,G462,Directed,15459,,,1
G296,G468,Directed,15460,,,1
G296,G478,Directed,15461,,,1
G296,G488,Directed,15462,,,1
G296,G496,Directed,15463,,,1
G296,G526,Directed,15464,,,1
G296,G627,Directed,15465,,,1
G296,G640,Directed,15466,,,1
G296,G663,Directed,15467,,,1
G296,G680,Directed,15468,,,1
G296,G736,Directed,15469,,,1
G296,G744,Directed,15470,,,1
G296,G749,Directed,15471,,,1
G296,G862,Directed,15472,,,1
G296,G1104,Directed,15473,,,1
G296,G1554,Directed,15474,,,1
G296,G1561,Directed,15475,,,1
G297,G32,Directed,15476,,,1
G297,G33,Directed,15477,,,1
G297,G60,Directed,15478,,,1
G297,G61,Directed,15479,,,1
G297,G295,Directed,15480,,,1
G297,G308,Directed,15481,,,1
G297,G321,Directed,15482,,,1
G297,G369,Directed,15483,,,1
G297,G394,Directed,15484,,,1
G297,G395,Directed,15485,,,1
G297,G472,Directed,15486,,,1
G297,G649,Directed,15487,,,1
G297,G662,Directed,15488,,,1
G297,G678,Directed,15489,,,1
G297,G679,Directed,15490,,,1
G297,G1439,Directed,15491,,,1
G297,G1445,Directed,15492,,,1
G297,G1467,Directed,15493,,,1
G297,G1527,Directed,15494,,,1
G297,G1556,Directed,15495,,,1
G297,G1576,Directed,15496,,,1
G297,G1578,Directed,15497,,,1
G297,G1608,Directed,15498,,,1
G297,G1880,Directed,15499,,,1
G298,G282,Directed,15500,,,1
G298,G283,Directed,15501,,,1
G298,G1325,Directed,15502,,,1
G298,G1603,Directed,15503,,,1
G299,G21,Directed,15504,,,1
G299,G273,Directed,15505,,,1
G299,G274,Directed,15506,,,1
G299,G300,Directed,15507,,,1
G299,G312,Directed,15508,,,1
G299,G352,Directed,15509,,,1
G299,G353,Directed,15510,,,1
G299,G383,Directed,15511,,,1
G300,G246,Directed,15512,,,1
G300,G247,Directed,15513,,,1
G300,G248,Directed,15514,,,1
G300,G273,Directed,15515,,,1
G300,G274,Directed,15516,,,1
G300,G299,Directed,15517,,,1
G300,G312,Directed,15518,,,1
G300,G352,Directed,15519,,,1
G300,G383,Directed,15520,,,1
G300,G400,Directed,15521,,,1
G300,G636,Directed,15522,,,1
G300,G647,Directed,15523,,,1
G300,G1037,Directed,15524,,,1
G300,G1700,Directed,15525,,,1
G300,G1931,Directed,15526,,,1
G301,G277,Directed,15527,,,1
G301,G278,Directed,15528,,,1
G301,G995,Directed,15529,,,1
G301,G996,Directed,15530,,,1
G301,G1102,Directed,15531,,,1
G301,G1519,Directed,15532,,,1
G301,G1593,Directed,15533,,,1
G302,G1,Directed,15534,,,1
G302,G2,Directed,15535,,,1
G302,G22,Directed,15536,,,1
G302,G49,Directed,15537,,,1
G302,G50,Directed,15538,,,1
G302,G51,Directed,15539,,,1
G302,G52,Directed,15540,,,1
G302,G53,Directed,15541,,,1
G302,G58,Directed,15542,,,1
G302,G70,Directed,15543,,,1
G302,G75,Directed,15544,,,1
G302,G76,Directed,15545,,,1
G302,G80,Directed,15546,,,1
G302,G81,Directed,15547,,,1
G302,G84,Directed,15548,,,1
G302,G92,Directed,15549,,,1
G302,G95,Directed,15550,,,1
G302,G99,Directed,15551,,,1
G302,G100,Directed,15552,,,1
G302,G150,Directed,15553,,,1
G302,G153,Directed,15554,,,1
G302,G155,Directed,15555,,,1
G302,G245,Directed,15556,,,1
G302,G263,Directed,15557,,,1
G302,G265,Directed,15558,,,1
G302,G267,Directed,15559,,,1
G302,G288,Directed,15560,,,1
G302,G296,Directed,15561,,,1
G302,G309,Directed,15562,,,1
G302,G342,Directed,15563,,,1
G302,G351,Directed,15564,,,1
G302,G405,Directed,15565,,,1
G302,G423,Directed,15566,,,1
G302,G462,Directed,15567,,,1
G302,G471,Directed,15568,,,1
G302,G489,Directed,15569,,,1
G302,G512,Directed,15570,,,1
G302,G528,Directed,15571,,,1
G302,G554,Directed,15572,,,1
G302,G1345,Directed,15573,,,1
G303,G304,Directed,15574,,,1
G303,G333,Directed,15575,,,1
G303,G370,Directed,15576,,,1
G303,G387,Directed,15577,,,1
G303,G419,Directed,15578,,,1
G303,G421,Directed,15579,,,1
G303,G429,Directed,15580,,,1
G303,G451,Directed,15581,,,1
G303,G452,Directed,15582,,,1
G303,G493,Directed,15583,,,1
G303,G494,Directed,15584,,,1
G303,G511,Directed,15585,,,1
G303,G520,Directed,15586,,,1
G303,G691,Directed,15587,,,1
G303,G711,Directed,15588,,,1
G303,G889,Directed,15589,,,1
G303,G1005,Directed,15590,,,1
G303,G1504,Directed,15591,,,1
G303,G1515,Directed,15592,,,1
G303,G1516,Directed,15593,,,1
G303,G1517,Directed,15594,,,1
G303,G1649,Directed,15595,,,1
G303,G1809,Directed,15596,,,1
G304,G303,Directed,15597,,,1
G304,G333,Directed,15598,,,1
G304,G370,Directed,15599,,,1
G304,G387,Directed,15600,,,1
G304,G419,Directed,15601,,,1
G304,G421,Directed,15602,,,1
G304,G429,Directed,15603,,,1
G304,G451,Directed,15604,,,1
G304,G452,Directed,15605,,,1
G304,G493,Directed,15606,,,1
G304,G494,Directed,15607,,,1
G304,G511,Directed,15608,,,1
G304,G520,Directed,15609,,,1
G304,G691,Directed,15610,,,1
G304,G711,Directed,15611,,,1
G304,G1069,Directed,15612,,,1
G304,G1504,Directed,15613,,,1
G304,G1515,Directed,15614,,,1
G304,G1516,Directed,15615,,,1
G304,G1517,Directed,15616,,,1
G304,G1649,Directed,15617,,,1
G304,G1716,Directed,15618,,,1
G304,G1809,Directed,15619,,,1
G305,G306,Directed,15620,,,1
G305,G432,Directed,15621,,,1
G305,G1038,Directed,15622,,,1
G305,G1169,Directed,15623,,,1
G305,G1390,Directed,15624,,,1
G305,G1537,Directed,15625,,,1
G305,G1540,Directed,15626,,,1
G305,G1544,Directed,15627,,,1
G305,G1547,Directed,15628,,,1
G305,G1584,Directed,15629,,,1
G305,G1624,Directed,15630,,,1
G305,G1933,Directed,15631,,,1
G305,G1934,Directed,15632,,,1
G306,G21,Directed,15633,,,1
G306,G305,Directed,15634,,,1
G306,G353,Directed,15635,,,1
G306,G432,Directed,15636,,,1
G306,G629,Directed,15637,,,1
G306,G636,Directed,15638,,,1
G306,G647,Directed,15639,,,1
G306,G701,Directed,15640,,,1
G306,G868,Directed,15641,,,1
G306,G1169,Directed,15642,,,1
G306,G1183,Directed,15643,,,1
G306,G1276,Directed,15644,,,1
G306,G1295,Directed,15645,,,1
G306,G1318,Directed,15646,,,1
G306,G1337,Directed,15647,,,1
G306,G1556,Directed,15648,,,1
G306,G1700,Directed,15649,,,1
G307,G7,Directed,15650,,,1
G307,G8,Directed,15651,,,1
G307,G244,Directed,15652,,,1
G307,G269,Directed,15653,,,1
G307,G293,Directed,15654,,,1
G307,G311,Directed,15655,,,1
G307,G1012,Directed,15656,,,1
G307,G1016,Directed,15657,,,1
G307,G1027,Directed,15658,,,1
G307,G1030,Directed,15659,,,1
G307,G1138,Directed,15660,,,1
G307,G1733,Directed,15661,,,1
G308,G32,Directed,15662,,,1
G308,G33,Directed,15663,,,1
G308,G60,Directed,15664,,,1
G308,G61,Directed,15665,,,1
G308,G295,Directed,15666,,,1
G308,G297,Directed,15667,,,1
G308,G321,Directed,15668,,,1
G308,G369,Directed,15669,,,1
G308,G394,Directed,15670,,,1
G308,G395,Directed,15671,,,1
G308,G472,Directed,15672,,,1
G308,G649,Directed,15673,,,1
G308,G662,Directed,15674,,,1
G308,G678,Directed,15675,,,1
G308,G679,Directed,15676,,,1
G308,G1439,Directed,15677,,,1
G308,G1527,Directed,15678,,,1
G308,G1576,Directed,15679,,,1
G308,G1608,Directed,15680,,,1
G308,G1880,Directed,15681,,,1
G309,G1,Directed,15682,,,1
G309,G2,Directed,15683,,,1
G309,G3,Directed,15684,,,1
G309,G4,Directed,15685,,,1
G309,G22,Directed,15686,,,1
G309,G26,Directed,15687,,,1
G309,G49,Directed,15688,,,1
G309,G50,Directed,15689,,,1
G309,G51,Directed,15690,,,1
G309,G52,Directed,15691,,,1
G309,G53,Directed,15692,,,1
G309,G58,Directed,15693,,,1
G309,G92,Directed,15694,,,1
G309,G95,Directed,15695,,,1
G309,G99,Directed,15696,,,1
G309,G101,Directed,15697,,,1
G309,G102,Directed,15698,,,1
G309,G111,Directed,15699,,,1
G309,G131,Directed,15700,,,1
G309,G142,Directed,15701,,,1
G309,G143,Directed,15702,,,1
G309,G155,Directed,15703,,,1
G309,G243,Directed,15704,,,1
G309,G263,Directed,15705,,,1
G309,G265,Directed,15706,,,1
G309,G267,Directed,15707,,,1
G309,G296,Directed,15708,,,1
G309,G302,Directed,15709,,,1
G309,G321,Directed,15710,,,1
G309,G342,Directed,15711,,,1
G309,G369,Directed,15712,,,1
G309,G381,Directed,15713,,,1
G309,G384,Directed,15714,,,1
G309,G386,Directed,15715,,,1
G309,G388,Directed,15716,,,1
G309,G393,Directed,15717,,,1
G309,G402,Directed,15718,,,1
G309,G468,Directed,15719,,,1
G309,G478,Directed,15720,,,1
G309,G488,Directed,15721,,,1
G309,G526,Directed,15722,,,1
G309,G614,Directed,15723,,,1
G309,G663,Directed,15724,,,1
G309,G680,Directed,15725,,,1
G309,G720,Directed,15726,,,1
G309,G737,Directed,15727,,,1
G309,G744,Directed,15728,,,1
G309,G749,Directed,15729,,,1
G309,G844,Directed,15730,,,1
G309,G862,Directed,15731,,,1
G309,G1104,Directed,15732,,,1
G309,G1554,Directed,15733,,,1
G309,G1561,Directed,15734,,,1
G310,G11,Directed,15735,,,1
G310,G13,Directed,15736,,,1
G310,G14,Directed,15737,,,1
G310,G27,Directed,15738,,,1
G310,G54,Directed,15739,,,1
G310,G55,Directed,15740,,,1
G310,G56,Directed,15741,,,1
G310,G57,Directed,15742,,,1
G310,G59,Directed,15743,,,1
G310,G242,Directed,15744,,,1
G310,G264,Directed,15745,,,1
G310,G268,Directed,15746,,,1
G310,G281,Directed,15747,,,1
G310,G314,Directed,15748,,,1
G310,G600,Directed,15749,,,1
G310,G791,Directed,15750,,,1
G310,G1109,Directed,15751,,,1
G310,G1225,Directed,15752,,,1
G311,G7,Directed,15753,,,1
G311,G8,Directed,15754,,,1
G311,G244,Directed,15755,,,1
G311,G269,Directed,15756,,,1
G311,G293,Directed,15757,,,1
G311,G307,Directed,15758,,,1
G311,G1012,Directed,15759,,,1
G311,G1016,Directed,15760,,,1
G311,G1027,Directed,15761,,,1
G311,G1030,Directed,15762,,,1
G311,G1138,Directed,15763,,,1
G311,G1710,Directed,15764,,,1
G311,G1733,Directed,15765,,,1
G312,G144,Directed,15766,,,1
G312,G273,Directed,15767,,,1
G312,G274,Directed,15768,,,1
G312,G299,Directed,15769,,,1
G312,G300,Directed,15770,,,1
G312,G352,Directed,15771,,,1
G312,G414,Directed,15772,,,1
G312,G477,Directed,15773,,,1
G312,G560,Directed,15774,,,1
G312,G702,Directed,15775,,,1
G312,G1068,Directed,15776,,,1
G312,G1072,Directed,15777,,,1
G312,G1141,Directed,15778,,,1
G312,G1177,Directed,15779,,,1
G312,G1178,Directed,15780,,,1
G312,G1327,Directed,15781,,,1
G312,G1361,Directed,15782,,,1
G312,G1403,Directed,15783,,,1
G312,G1776,Directed,15784,,,1
G312,G1780,Directed,15785,,,1
G312,G2051,Directed,15786,,,1
G313,G2,Directed,15787,,,1
G313,G5,Directed,15788,,,1
G313,G6,Directed,15789,,,1
G313,G109,Directed,15790,,,1
G313,G117,Directed,15791,,,1
G313,G292,Directed,15792,,,1
G313,G465,Directed,15793,,,1
G313,G469,Directed,15794,,,1
G313,G688,Directed,15795,,,1
G313,G1082,Directed,15796,,,1
G313,G1110,Directed,15797,,,1
G313,G1124,Directed,15798,,,1
G313,G1125,Directed,15799,,,1
G313,G1213,Directed,15800,,,1
G313,G1301,Directed,15801,,,1
G313,G1309,Directed,15802,,,1
G313,G1531,Directed,15803,,,1
G314,G11,Directed,15804,,,1
G314,G13,Directed,15805,,,1
G314,G14,Directed,15806,,,1
G314,G27,Directed,15807,,,1
G314,G46,Directed,15808,,,1
G314,G54,Directed,15809,,,1
G314,G55,Directed,15810,,,1
G314,G56,Directed,15811,,,1
G314,G57,Directed,15812,,,1
G314,G59,Directed,15813,,,1
G314,G242,Directed,15814,,,1
G314,G264,Directed,15815,,,1
G314,G268,Directed,15816,,,1
G314,G281,Directed,15817,,,1
G314,G310,Directed,15818,,,1
G314,G367,Directed,15819,,,1
G314,G379,Directed,15820,,,1
G314,G382,Directed,15821,,,1
G314,G410,Directed,15822,,,1
G314,G460,Directed,15823,,,1
G314,G461,Directed,15824,,,1
G314,G466,Directed,15825,,,1
G314,G510,Directed,15826,,,1
G314,G563,Directed,15827,,,1
G314,G566,Directed,15828,,,1
G314,G579,Directed,15829,,,1
G314,G1109,Directed,15830,,,1
G314,G1435,Directed,15831,,,1
G315,G129,Directed,15832,,,1
G315,G130,Directed,15833,,,1
G315,G209,Directed,15834,,,1
G315,G228,Directed,15835,,,1
G315,G229,Directed,15836,,,1
G315,G385,Directed,15837,,,1
G315,G606,Directed,15838,,,1
G315,G1293,Directed,15839,,,1
G315,G1419,Directed,15840,,,1
G315,G1651,Directed,15841,,,1
G316,G103,Directed,15842,,,1
G316,G104,Directed,15843,,,1
G316,G166,Directed,15844,,,1
G316,G167,Directed,15845,,,1
G316,G739,Directed,15846,,,1
G316,G1210,Directed,15847,,,1
G317,G158,Directed,15848,,,1
G317,G289,Directed,15849,,,1
G317,G318,Directed,15850,,,1
G317,G320,Directed,15851,,,1
G317,G321,Directed,15852,,,1
G317,G325,Directed,15853,,,1
G317,G326,Directed,15854,,,1
G317,G364,Directed,15855,,,1
G317,G682,Directed,15856,,,1
G317,G802,Directed,15857,,,1
G317,G893,Directed,15858,,,1
G317,G1152,Directed,15859,,,1
G317,G1182,Directed,15860,,,1
G317,G1188,Directed,15861,,,1
G317,G1275,Directed,15862,,,1
G317,G1327,Directed,15863,,,1
G317,G1346,Directed,15864,,,1
G317,G1347,Directed,15865,,,1
G317,G1361,Directed,15866,,,1
G317,G1364,Directed,15867,,,1
G317,G1538,Directed,15868,,,1
G317,G1553,Directed,15869,,,1
G318,G174,Directed,15870,,,1
G318,G225,Directed,15871,,,1
G318,G317,Directed,15872,,,1
G318,G396,Directed,15873,,,1
G318,G590,Directed,15874,,,1
G318,G968,Directed,15875,,,1
G318,G1009,Directed,15876,,,1
G318,G1044,Directed,15877,,,1
G318,G1052,Directed,15878,,,1
G318,G1076,Directed,15879,,,1
G318,G1089,Directed,15880,,,1
G318,G1120,Directed,15881,,,1
G318,G1123,Directed,15882,,,1
G318,G1206,Directed,15883,,,1
G318,G1236,Directed,15884,,,1
G318,G1258,Directed,15885,,,1
G318,G1276,Directed,15886,,,1
G318,G1285,Directed,15887,,,1
G318,G1393,Directed,15888,,,1
G318,G1474,Directed,15889,,,1
G318,G1660,Directed,15890,,,1
G318,G1788,Directed,15891,,,1
G318,G1862,Directed,15892,,,1
G319,G53,Directed,15893,,,1
G319,G105,Directed,15894,,,1
G319,G106,Directed,15895,,,1
G319,G139,Directed,15896,,,1
G319,G284,Directed,15897,,,1
G319,G285,Directed,15898,,,1
G319,G329,Directed,15899,,,1
G319,G331,Directed,15900,,,1
G319,G343,Directed,15901,,,1
G319,G344,Directed,15902,,,1
G319,G374,Directed,15903,,,1
G319,G1058,Directed,15904,,,1
G319,G1059,Directed,15905,,,1
G319,G1065,Directed,15906,,,1
G319,G1066,Directed,15907,,,1
G319,G1099,Directed,15908,,,1
G319,G1144,Directed,15909,,,1
G319,G1672,Directed,15910,,,1
G320,G26,Directed,15911,,,1
G320,G92,Directed,15912,,,1
G320,G108,Directed,15913,,,1
G320,G317,Directed,15914,,,1
G320,G321,Directed,15915,,,1
G320,G349,Directed,15916,,,1
G320,G350,Directed,15917,,,1
G320,G401,Directed,15918,,,1
G320,G428,Directed,15919,,,1
G320,G624,Directed,15920,,,1
G320,G825,Directed,15921,,,1
G320,G839,Directed,15922,,,1
G320,G1053,Directed,15923,,,1
G320,G1123,Directed,15924,,,1
G320,G1258,Directed,15925,,,1
G321,G11,Directed,15926,,,1
G321,G20,Directed,15927,,,1
G321,G26,Directed,15928,,,1
G321,G32,Directed,15929,,,1
G321,G33,Directed,15930,,,1
G321,G60,Directed,15931,,,1
G321,G61,Directed,15932,,,1
G321,G73,Directed,15933,,,1
G321,G108,Directed,15934,,,1
G321,G120,Directed,15935,,,1
G321,G225,Directed,15936,,,1
G321,G226,Directed,15937,,,1
G321,G278,Directed,15938,,,1
G321,G295,Directed,15939,,,1
G321,G297,Directed,15940,,,1
G321,G308,Directed,15941,,,1
G321,G309,Directed,15942,,,1
G321,G317,Directed,15943,,,1
G321,G320,Directed,15944,,,1
G321,G349,Directed,15945,,,1
G321,G350,Directed,15946,,,1
G321,G365,Directed,15947,,,1
G321,G369,Directed,15948,,,1
G321,G375,Directed,15949,,,1
G321,G394,Directed,15950,,,1
G321,G395,Directed,15951,,,1
G321,G396,Directed,15952,,,1
G321,G401,Directed,15953,,,1
G321,G427,Directed,15954,,,1
G321,G428,Directed,15955,,,1
G321,G434,Directed,15956,,,1
G321,G482,Directed,15957,,,1
G321,G498,Directed,15958,,,1
G321,G540,Directed,15959,,,1
G321,G590,Directed,15960,,,1
G321,G635,Directed,15961,,,1
G321,G655,Directed,15962,,,1
G321,G825,Directed,15963,,,1
G321,G835,Directed,15964,,,1
G321,G839,Directed,15965,,,1
G321,G860,Directed,15966,,,1
G321,G968,Directed,15967,,,1
G321,G974,Directed,15968,,,1
G321,G1004,Directed,15969,,,1
G321,G1008,Directed,15970,,,1
G321,G1009,Directed,15971,,,1
G321,G1029,Directed,15972,,,1
G321,G1044,Directed,15973,,,1
G321,G1052,Directed,15974,,,1
G321,G1064,Directed,15975,,,1
G321,G1076,Directed,15976,,,1
G321,G1080,Directed,15977,,,1
G321,G1089,Directed,15978,,,1
G321,G1094,Directed,15979,,,1
G321,G1123,Directed,15980,,,1
G321,G1127,Directed,15981,,,1
G321,G1180,Directed,15982,,,1
G321,G1206,Directed,15983,,,1
G321,G1236,Directed,15984,,,1
G321,G1237,Directed,15985,,,1
G321,G1258,Directed,15986,,,1
G321,G1276,Directed,15987,,,1
G321,G1282,Directed,15988,,,1
G321,G1285,Directed,15989,,,1
G321,G1311,Directed,15990,,,1
G321,G1331,Directed,15991,,,1
G321,G1339,Directed,15992,,,1
G321,G1344,Directed,15993,,,1
G321,G1378,Directed,15994,,,1
G321,G1393,Directed,15995,,,1
G321,G1409,Directed,15996,,,1
G321,G1439,Directed,15997,,,1
G321,G1450,Directed,15998,,,1
G321,G1468,Directed,15999,,,1
G321,G1474,Directed,16000,,,1
G321,G1500,Directed,16001,,,1
G321,G1511,Directed,16002,,,1
G321,G1527,Directed,16003,,,1
G321,G1534,Directed,16004,,,1
G321,G1552,Directed,16005,,,1
G321,G1585,Directed,16006,,,1
G321,G1596,Directed,16007,,,1
G321,G1612,Directed,16008,,,1
G321,G1616,Directed,16009,,,1
G321,G1661,Directed,16010,,,1
G321,G1667,Directed,16011,,,1
G321,G1779,Directed,16012,,,1
G321,G1784,Directed,16013,,,1
G321,G1854,Directed,16014,,,1
G321,G1882,Directed,16015,,,1
G322,G40,Directed,16016,,,1
G322,G41,Directed,16017,,,1
G322,G46,Directed,16018,,,1
G322,G67,Directed,16019,,,1
G322,G68,Directed,16020,,,1
G322,G91,Directed,16021,,,1
G322,G113,Directed,16022,,,1
G322,G210,Directed,16023,,,1
G322,G213,Directed,16024,,,1
G322,G422,Directed,16025,,,1
G322,G483,Directed,16026,,,1
G322,G892,Directed,16027,,,1
G322,G912,Directed,16028,,,1
G322,G913,Directed,16029,,,1
G322,G914,Directed,16030,,,1
G322,G917,Directed,16031,,,1
G322,G1104,Directed,16032,,,1
G322,G1114,Directed,16033,,,1
G322,G1121,Directed,16034,,,1
G322,G1122,Directed,16035,,,1
G322,G1156,Directed,16036,,,1
G322,G1163,Directed,16037,,,1
G322,G1197,Directed,16038,,,1
G322,G1253,Directed,16039,,,1
G322,G1254,Directed,16040,,,1
G322,G1261,Directed,16041,,,1
G322,G1262,Directed,16042,,,1
G322,G1273,Directed,16043,,,1
G322,G1305,Directed,16044,,,1
G322,G1495,Directed,16045,,,1
G322,G1625,Directed,16046,,,1
G322,G1872,Directed,16047,,,1
G323,G193,Directed,16048,,,1
G323,G194,Directed,16049,,,1
G323,G324,Directed,16050,,,1
G323,G498,Directed,16051,,,1
G323,G531,Directed,16052,,,1
G323,G1119,Directed,16053,,,1
G323,G1417,Directed,16054,,,1
G323,G1469,Directed,16055,,,1
G323,G1671,Directed,16056,,,1
G324,G323,Directed,16057,,,1
G324,G498,Directed,16058,,,1
G324,G531,Directed,16059,,,1
G324,G845,Directed,16060,,,1
G324,G1119,Directed,16061,,,1
G324,G1221,Directed,16062,,,1
G325,G317,Directed,16063,,,1
G325,G326,Directed,16064,,,1
G325,G364,Directed,16065,,,1
G325,G1018,Directed,16066,,,1
G325,G1019,Directed,16067,,,1
G325,G1188,Directed,16068,,,1
G325,G1275,Directed,16069,,,1
G325,G1327,Directed,16070,,,1
G325,G1361,Directed,16071,,,1
G325,G1538,Directed,16072,,,1
G325,G1543,Directed,16073,,,1
G325,G1553,Directed,16074,,,1
G325,G1610,Directed,16075,,,1
G325,G1613,Directed,16076,,,1
G325,G1623,Directed,16077,,,1
G325,G1891,Directed,16078,,,1
G326,G317,Directed,16079,,,1
G326,G325,Directed,16080,,,1
G326,G364,Directed,16081,,,1
G326,G1182,Directed,16082,,,1
G326,G1275,Directed,16083,,,1
G326,G1327,Directed,16084,,,1
G326,G1361,Directed,16085,,,1
G326,G1538,Directed,16086,,,1
G326,G1553,Directed,16087,,,1
G326,G1613,Directed,16088,,,1
G326,G1991,Directed,16089,,,1
G327,G328,Directed,16090,,,1
G327,G357,Directed,16091,,,1
G327,G358,Directed,16092,,,1
G327,G398,Directed,16093,,,1
G327,G410,Directed,16094,,,1
G327,G440,Directed,16095,,,1
G327,G446,Directed,16096,,,1
G327,G470,Directed,16097,,,1
G327,G626,Directed,16098,,,1
G327,G710,Directed,16099,,,1
G328,G51,Directed,16100,,,1
G328,G327,Directed,16101,,,1
G328,G357,Directed,16102,,,1
G328,G358,Directed,16103,,,1
G328,G398,Directed,16104,,,1
G328,G446,Directed,16105,,,1
G328,G490,Directed,16106,,,1
G328,G710,Directed,16107,,,1
G328,G812,Directed,16108,,,1
G329,G53,Directed,16109,,,1
G329,G105,Directed,16110,,,1
G329,G284,Directed,16111,,,1
G329,G285,Directed,16112,,,1
G329,G319,Directed,16113,,,1
G329,G331,Directed,16114,,,1
G329,G343,Directed,16115,,,1
G329,G344,Directed,16116,,,1
G329,G1058,Directed,16117,,,1
G329,G1059,Directed,16118,,,1
G329,G1065,Directed,16119,,,1
G329,G1066,Directed,16120,,,1
G329,G1099,Directed,16121,,,1
G329,G1144,Directed,16122,,,1
G329,G1186,Directed,16123,,,1
G329,G1672,Directed,16124,,,1
G330,G15,Directed,16125,,,1
G330,G2219,Directed,16126,,,1
G331,G284,Directed,16127,,,1
G331,G285,Directed,16128,,,1
G331,G319,Directed,16129,,,1
G331,G329,Directed,16130,,,1
G331,G343,Directed,16131,,,1
G331,G344,Directed,16132,,,1
G331,G1058,Directed,16133,,,1
G331,G1059,Directed,16134,,,1
G331,G1065,Directed,16135,,,1
G331,G1066,Directed,16136,,,1
G331,G1099,Directed,16137,,,1
G331,G1144,Directed,16138,,,1
G331,G1672,Directed,16139,,,1
G332,G333,Directed,16140,,,1
G333,G303,Directed,16141,,,1
G333,G304,Directed,16142,,,1
G333,G332,Directed,16143,,,1
G333,G370,Directed,16144,,,1
G333,G387,Directed,16145,,,1
G333,G419,Directed,16146,,,1
G333,G421,Directed,16147,,,1
G333,G429,Directed,16148,,,1
G333,G450,Directed,16149,,,1
G333,G451,Directed,16150,,,1
G333,G452,Directed,16151,,,1
G333,G493,Directed,16152,,,1
G333,G494,Directed,16153,,,1
G333,G566,Directed,16154,,,1
G333,G691,Directed,16155,,,1
G333,G711,Directed,16156,,,1
G333,G1504,Directed,16157,,,1
G333,G1515,Directed,16158,,,1
G333,G1516,Directed,16159,,,1
G333,G1517,Directed,16160,,,1
G333,G1649,Directed,16161,,,1
G333,G1809,Directed,16162,,,1
G334,G112,Directed,16163,,,1
G334,G167,Directed,16164,,,1
G334,G175,Directed,16165,,,1
G334,G176,Directed,16166,,,1
G334,G177,Directed,16167,,,1
G334,G178,Directed,16168,,,1
G334,G179,Directed,16169,,,1
G334,G180,Directed,16170,,,1
G334,G181,Directed,16171,,,1
G334,G182,Directed,16172,,,1
G334,G183,Directed,16173,,,1
G334,G184,Directed,16174,,,1
G334,G185,Directed,16175,,,1
G334,G186,Directed,16176,,,1
G334,G187,Directed,16177,,,1
G334,G189,Directed,16178,,,1
G334,G190,Directed,16179,,,1
G334,G191,Directed,16180,,,1
G334,G192,Directed,16181,,,1
G334,G195,Directed,16182,,,1
G334,G288,Directed,16183,,,1
G334,G518,Directed,16184,,,1
G334,G923,Directed,16185,,,1
G334,G924,Directed,16186,,,1
G334,G925,Directed,16187,,,1
G334,G926,Directed,16188,,,1
G334,G927,Directed,16189,,,1
G334,G928,Directed,16190,,,1
G334,G932,Directed,16191,,,1
G334,G933,Directed,16192,,,1
G334,G934,Directed,16193,,,1
G334,G935,Directed,16194,,,1
G334,G936,Directed,16195,,,1
G334,G937,Directed,16196,,,1
G334,G938,Directed,16197,,,1
G334,G939,Directed,16198,,,1
G334,G940,Directed,16199,,,1
G334,G941,Directed,16200,,,1
G334,G942,Directed,16201,,,1
G334,G943,Directed,16202,,,1
G334,G944,Directed,16203,,,1
G334,G949,Directed,16204,,,1
G334,G953,Directed,16205,,,1
G334,G954,Directed,16206,,,1
G334,G955,Directed,16207,,,1
G334,G1157,Directed,16208,,,1
G334,G1241,Directed,16209,,,1
G334,G1243,Directed,16210,,,1
G334,G1245,Directed,16211,,,1
G334,G1321,Directed,16212,,,1
G334,G1443,Directed,16213,,,1
G334,G1503,Directed,16214,,,1
G334,G1659,Directed,16215,,,1
G334,G1671,Directed,16216,,,1
G335,G40,Directed,16217,,,1
G335,G41,Directed,16218,,,1
G335,G42,Directed,16219,,,1
G335,G45,Directed,16220,,,1
G335,G46,Directed,16221,,,1
G335,G67,Directed,16222,,,1
G335,G68,Directed,16223,,,1
G335,G157,Directed,16224,,,1
G335,G251,Directed,16225,,,1
G335,G413,Directed,16226,,,1
G335,G463,Directed,16227,,,1
G335,G464,Directed,16228,,,1
G335,G485,Directed,16229,,,1
G335,G486,Directed,16230,,,1
G335,G570,Directed,16231,,,1
G335,G659,Directed,16232,,,1
G335,G824,Directed,16233,,,1
G335,G1197,Directed,16234,,,1
G335,G1849,Directed,16235,,,1
G336,G43,Directed,16236,,,1
G336,G44,Directed,16237,,,1
G336,G115,Directed,16238,,,1
G336,G116,Directed,16239,,,1
G336,G338,Directed,16240,,,1
G336,G375,Directed,16241,,,1
G337,G20,Directed,16242,,,1
G337,G96,Directed,16243,,,1
G338,G43,Directed,16244,,,1
G338,G44,Directed,16245,,,1
G338,G115,Directed,16246,,,1
G338,G116,Directed,16247,,,1
G338,G336,Directed,16248,,,1
G338,G375,Directed,16249,,,1
G339,G109,Directed,16250,,,1
G339,G117,Directed,16251,,,1
G339,G118,Directed,16252,,,1
G339,G238,Directed,16253,,,1
G339,G239,Directed,16254,,,1
G339,G262,Directed,16255,,,1
G339,G350,Directed,16256,,,1
G339,G469,Directed,16257,,,1
G339,G496,Directed,16258,,,1
G339,G507,Directed,16259,,,1
G339,G544,Directed,16260,,,1
G339,G688,Directed,16261,,,1
G339,G1082,Directed,16262,,,1
G339,G1110,Directed,16263,,,1
G339,G1124,Directed,16264,,,1
G339,G1125,Directed,16265,,,1
G339,G1301,Directed,16266,,,1
G339,G1309,Directed,16267,,,1
G339,G1447,Directed,16268,,,1
G339,G1577,Directed,16269,,,1
G339,G1582,Directed,16270,,,1
G340,G341,Directed,16271,,,1
G341,G340,Directed,16272,,,1
G341,G360,Directed,16273,,,1
G341,G648,Directed,16274,,,1
G341,G951,Directed,16275,,,1
G341,G1271,Directed,16276,,,1
G341,G2277,Directed,16277,,,1
G341,G2278,Directed,16278,,,1
G341,G2279,Directed,16279,,,1
G341,G2299,Directed,16280,,,1
G341,G2304,Directed,16281,,,1
G342,G1,Directed,16282,,,1
G342,G2,Directed,16283,,,1
G342,G26,Directed,16284,,,1
G342,G49,Directed,16285,,,1
G342,G50,Directed,16286,,,1
G342,G51,Directed,16287,,,1
G342,G52,Directed,16288,,,1
G342,G53,Directed,16289,,,1
G342,G58,Directed,16290,,,1
G342,G66,Directed,16291,,,1
G342,G69,Directed,16292,,,1
G342,G70,Directed,16293,,,1
G342,G71,Directed,16294,,,1
G342,G75,Directed,16295,,,1
G342,G76,Directed,16296,,,1
G342,G79,Directed,16297,,,1
G342,G80,Directed,16298,,,1
G342,G84,Directed,16299,,,1
G342,G92,Directed,16300,,,1
G342,G95,Directed,16301,,,1
G342,G99,Directed,16302,,,1
G342,G100,Directed,16303,,,1
G342,G101,Directed,16304,,,1
G342,G102,Directed,16305,,,1
G342,G131,Directed,16306,,,1
G342,G138,Directed,16307,,,1
G342,G155,Directed,16308,,,1
G342,G156,Directed,16309,,,1
G342,G178,Directed,16310,,,1
G342,G245,Directed,16311,,,1
G342,G263,Directed,16312,,,1
G342,G267,Directed,16313,,,1
G342,G288,Directed,16314,,,1
G342,G296,Directed,16315,,,1
G342,G302,Directed,16316,,,1
G342,G309,Directed,16317,,,1
G342,G373,Directed,16318,,,1
G342,G384,Directed,16319,,,1
G342,G386,Directed,16320,,,1
G342,G388,Directed,16321,,,1
G342,G393,Directed,16322,,,1
G342,G402,Directed,16323,,,1
G342,G468,Directed,16324,,,1
G342,G478,Directed,16325,,,1
G342,G488,Directed,16326,,,1
G342,G492,Directed,16327,,,1
G342,G496,Directed,16328,,,1
G342,G516,Directed,16329,,,1
G342,G526,Directed,16330,,,1
G342,G534,Directed,16331,,,1
G342,G543,Directed,16332,,,1
G342,G559,Directed,16333,,,1
G342,G598,Directed,16334,,,1
G342,G640,Directed,16335,,,1
G342,G663,Directed,16336,,,1
G342,G668,Directed,16337,,,1
G342,G671,Directed,16338,,,1
G342,G680,Directed,16339,,,1
G342,G730,Directed,16340,,,1
G342,G750,Directed,16341,,,1
G342,G761,Directed,16342,,,1
G342,G786,Directed,16343,,,1
G342,G814,Directed,16344,,,1
G342,G841,Directed,16345,,,1
G342,G862,Directed,16346,,,1
G342,G1104,Directed,16347,,,1
G342,G1118,Directed,16348,,,1
G342,G1345,Directed,16349,,,1
G342,G1426,Directed,16350,,,1
G342,G1449,Directed,16351,,,1
G342,G1554,Directed,16352,,,1
G342,G1561,Directed,16353,,,1
G342,G1628,Directed,16354,,,1
G343,G105,Directed,16355,,,1
G343,G284,Directed,16356,,,1
G343,G285,Directed,16357,,,1
G343,G319,Directed,16358,,,1
G343,G329,Directed,16359,,,1
G343,G331,Directed,16360,,,1
G343,G344,Directed,16361,,,1
G343,G1058,Directed,16362,,,1
G343,G1059,Directed,16363,,,1
G343,G1065,Directed,16364,,,1
G343,G1066,Directed,16365,,,1
G343,G1099,Directed,16366,,,1
G343,G1144,Directed,16367,,,1
G344,G105,Directed,16368,,,1
G344,G284,Directed,16369,,,1
G344,G285,Directed,16370,,,1
G344,G319,Directed,16371,,,1
G344,G329,Directed,16372,,,1
G344,G331,Directed,16373,,,1
G344,G343,Directed,16374,,,1
G344,G568,Directed,16375,,,1
G344,G646,Directed,16376,,,1
G344,G740,Directed,16377,,,1
G344,G773,Directed,16378,,,1
G344,G823,Directed,16379,,,1
G344,G849,Directed,16380,,,1
G344,G1058,Directed,16381,,,1
G344,G1059,Directed,16382,,,1
G344,G1065,Directed,16383,,,1
G344,G1066,Directed,16384,,,1
G344,G1099,Directed,16385,,,1
G344,G1144,Directed,16386,,,1
G344,G1672,Directed,16387,,,1
G345,G346,Directed,16388,,,1
G345,G362,Directed,16389,,,1
G345,G363,Directed,16390,,,1
G345,G380,Directed,16391,,,1
G345,G501,Directed,16392,,,1
G345,G593,Directed,16393,,,1
G346,G345,Directed,16394,,,1
G346,G362,Directed,16395,,,1
G346,G363,Directed,16396,,,1
G346,G380,Directed,16397,,,1
G346,G501,Directed,16398,,,1
G346,G593,Directed,16399,,,1
G346,G1092,Directed,16400,,,1
G346,G1846,Directed,16401,,,1
G347,G348,Directed,16402,,,1
G347,G375,Directed,16403,,,1
G347,G948,Directed,16404,,,1
G348,G347,Directed,16405,,,1
G349,G270,Directed,16406,,,1
G349,G271,Directed,16407,,,1
G349,G320,Directed,16408,,,1
G349,G321,Directed,16409,,,1
G349,G350,Directed,16410,,,1
G349,G359,Directed,16411,,,1
G349,G401,Directed,16412,,,1
G349,G635,Directed,16413,,,1
G349,G637,Directed,16414,,,1
G349,G688,Directed,16415,,,1
G349,G1110,Directed,16416,,,1
G349,G1124,Directed,16417,,,1
G349,G1168,Directed,16418,,,1
G349,G1238,Directed,16419,,,1
G349,G1301,Directed,16420,,,1
G349,G1353,Directed,16421,,,1
G349,G1430,Directed,16422,,,1
G349,G1518,Directed,16423,,,1
G349,G1722,Directed,16424,,,1
G350,G25,Directed,16425,,,1
G350,G26,Directed,16426,,,1
G350,G66,Directed,16427,,,1
G350,G110,Directed,16428,,,1
G350,G117,Directed,16429,,,1
G350,G239,Directed,16430,,,1
G350,G270,Directed,16431,,,1
G350,G271,Directed,16432,,,1
G350,G320,Directed,16433,,,1
G350,G321,Directed,16434,,,1
G350,G339,Directed,16435,,,1
G350,G349,Directed,16436,,,1
G350,G359,Directed,16437,,,1
G350,G401,Directed,16438,,,1
G350,G428,Directed,16439,,,1
G350,G439,Directed,16440,,,1
G350,G467,Directed,16441,,,1
G350,G469,Directed,16442,,,1
G350,G545,Directed,16443,,,1
G350,G598,Directed,16444,,,1
G350,G635,Directed,16445,,,1
G350,G637,Directed,16446,,,1
G350,G684,Directed,16447,,,1
G350,G688,Directed,16448,,,1
G350,G825,Directed,16449,,,1
G350,G1082,Directed,16450,,,1
G350,G1110,Directed,16451,,,1
G350,G1124,Directed,16452,,,1
G350,G1125,Directed,16453,,,1
G350,G1168,Directed,16454,,,1
G350,G1238,Directed,16455,,,1
G350,G1301,Directed,16456,,,1
G350,G1309,Directed,16457,,,1
G350,G1353,Directed,16458,,,1
G350,G1430,Directed,16459,,,1
G350,G1518,Directed,16460,,,1
G350,G1520,Directed,16461,,,1
G350,G1521,Directed,16462,,,1
G350,G1531,Directed,16463,,,1
G350,G1650,Directed,16464,,,1
G350,G1722,Directed,16465,,,1
G351,G49,Directed,16466,,,1
G351,G50,Directed,16467,,,1
G351,G51,Directed,16468,,,1
G351,G52,Directed,16469,,,1
G351,G53,Directed,16470,,,1
G351,G58,Directed,16471,,,1
G351,G75,Directed,16472,,,1
G351,G76,Directed,16473,,,1
G351,G80,Directed,16474,,,1
G351,G81,Directed,16475,,,1
G351,G95,Directed,16476,,,1
G351,G100,Directed,16477,,,1
G351,G150,Directed,16478,,,1
G351,G153,Directed,16479,,,1
G351,G245,Directed,16480,,,1
G351,G263,Directed,16481,,,1
G351,G265,Directed,16482,,,1
G351,G267,Directed,16483,,,1
G351,G302,Directed,16484,,,1
G351,G381,Directed,16485,,,1
G351,G405,Directed,16486,,,1
G351,G462,Directed,16487,,,1
G351,G472,Directed,16488,,,1
G351,G489,Directed,16489,,,1
G351,G508,Directed,16490,,,1
G351,G510,Directed,16491,,,1
G351,G528,Directed,16492,,,1
G351,G554,Directed,16493,,,1
G351,G1345,Directed,16494,,,1
G352,G113,Directed,16495,,,1
G352,G279,Directed,16496,,,1
G352,G299,Directed,16497,,,1
G352,G300,Directed,16498,,,1
G352,G312,Directed,16499,,,1
G352,G353,Directed,16500,,,1
G352,G383,Directed,16501,,,1
G352,G422,Directed,16502,,,1
G352,G636,Directed,16503,,,1
G352,G681,Directed,16504,,,1
G352,G1254,Directed,16505,,,1
G352,G1261,Directed,16506,,,1
G352,G1273,Directed,16507,,,1
G352,G1302,Directed,16508,,,1
G352,G1305,Directed,16509,,,1
G352,G1318,Directed,16510,,,1
G352,G1335,Directed,16511,,,1
G352,G1360,Directed,16512,,,1
G352,G1493,Directed,16513,,,1
G352,G1631,Directed,16514,,,1
G352,G1639,Directed,16515,,,1
G352,G1717,Directed,16516,,,1
G353,G219,Directed,16517,,,1
G353,G299,Directed,16518,,,1
G353,G306,Directed,16519,,,1
G353,G352,Directed,16520,,,1
G353,G383,Directed,16521,,,1
G353,G1524,Directed,16522,,,1
G353,G1603,Directed,16523,,,1
G353,G1770,Directed,16524,,,1
G353,G1787,Directed,16525,,,1
G354,G11,Directed,16526,,,1
G354,G26,Directed,16527,,,1
G354,G55,Directed,16528,,,1
G354,G57,Directed,16529,,,1
G354,G66,Directed,16530,,,1
G354,G82,Directed,16531,,,1
G354,G145,Directed,16532,,,1
G354,G242,Directed,16533,,,1
G354,G288,Directed,16534,,,1
G354,G460,Directed,16535,,,1
G354,G510,Directed,16536,,,1
G354,G651,Directed,16537,,,1
G354,G765,Directed,16538,,,1
G354,G774,Directed,16539,,,1
G354,G785,Directed,16540,,,1
G355,G356,Directed,16541,,,1
G356,G355,Directed,16542,,,1
G356,G658,Directed,16543,,,1
G357,G290,Directed,16544,,,1
G357,G327,Directed,16545,,,1
G357,G328,Directed,16546,,,1
G357,G358,Directed,16547,,,1
G357,G398,Directed,16548,,,1
G357,G446,Directed,16549,,,1
G357,G490,Directed,16550,,,1
G357,G710,Directed,16551,,,1
G358,G327,Directed,16552,,,1
G358,G328,Directed,16553,,,1
G358,G357,Directed,16554,,,1
G358,G398,Directed,16555,,,1
G358,G446,Directed,16556,,,1
G358,G490,Directed,16557,,,1
G358,G710,Directed,16558,,,1
G359,G25,Directed,16559,,,1
G359,G270,Directed,16560,,,1
G359,G271,Directed,16561,,,1
G359,G349,Directed,16562,,,1
G359,G350,Directed,16563,,,1
G359,G635,Directed,16564,,,1
G359,G637,Directed,16565,,,1
G359,G1168,Directed,16566,,,1
G359,G1238,Directed,16567,,,1
G359,G1430,Directed,16568,,,1
G360,G341,Directed,16569,,,1
G360,G361,Directed,16570,,,1
G361,G360,Directed,16571,,,1
G362,G46,Directed,16572,,,1
G362,G345,Directed,16573,,,1
G362,G346,Directed,16574,,,1
G362,G363,Directed,16575,,,1
G362,G380,Directed,16576,,,1
G362,G501,Directed,16577,,,1
G362,G593,Directed,16578,,,1
G362,G884,Directed,16579,,,1
G362,G1570,Directed,16580,,,1
G363,G345,Directed,16581,,,1
G363,G346,Directed,16582,,,1
G363,G362,Directed,16583,,,1
G363,G755,Directed,16584,,,1
G364,G78,Directed,16585,,,1
G364,G317,Directed,16586,,,1
G364,G325,Directed,16587,,,1
G364,G326,Directed,16588,,,1
G364,G425,Directed,16589,,,1
G364,G900,Directed,16590,,,1
G364,G1049,Directed,16591,,,1
G364,G1182,Directed,16592,,,1
G364,G1188,Directed,16593,,,1
G364,G1283,Directed,16594,,,1
G364,G1302,Directed,16595,,,1
G364,G1327,Directed,16596,,,1
G364,G1335,Directed,16597,,,1
G364,G1352,Directed,16598,,,1
G364,G1360,Directed,16599,,,1
G364,G1361,Directed,16600,,,1
G364,G1538,Directed,16601,,,1
G364,G1553,Directed,16602,,,1
G364,G1613,Directed,16603,,,1
G364,G1896,Directed,16604,,,1
G365,G321,Directed,16605,,,1
G365,G503,Directed,16606,,,1
G365,G956,Directed,16607,,,1
G366,G172,Directed,16608,,,1
G366,G367,Directed,16609,,,1
G366,G379,Directed,16610,,,1
G366,G382,Directed,16611,,,1
G366,G406,Directed,16612,,,1
G366,G435,Directed,16613,,,1
G366,G461,Directed,16614,,,1
G366,G495,Directed,16615,,,1
G366,G505,Directed,16616,,,1
G366,G612,Directed,16617,,,1
G366,G709,Directed,16618,,,1
G366,G1435,Directed,16619,,,1
G367,G11,Directed,16620,,,1
G367,G172,Directed,16621,,,1
G367,G242,Directed,16622,,,1
G367,G314,Directed,16623,,,1
G367,G366,Directed,16624,,,1
G367,G379,Directed,16625,,,1
G367,G382,Directed,16626,,,1
G367,G406,Directed,16627,,,1
G367,G435,Directed,16628,,,1
G367,G461,Directed,16629,,,1
G367,G495,Directed,16630,,,1
G367,G505,Directed,16631,,,1
G367,G612,Directed,16632,,,1
G367,G709,Directed,16633,,,1
G367,G1435,Directed,16634,,,1
G368,G30,Directed,16635,,,1
G368,G31,Directed,16636,,,1
G368,G48,Directed,16637,,,1
G368,G62,Directed,16638,,,1
G368,G63,Directed,16639,,,1
G368,G376,Directed,16640,,,1
G368,G407,Directed,16641,,,1
G369,G32,Directed,16642,,,1
G369,G33,Directed,16643,,,1
G369,G60,Directed,16644,,,1
G369,G61,Directed,16645,,,1
G369,G295,Directed,16646,,,1
G369,G296,Directed,16647,,,1
G369,G297,Directed,16648,,,1
G369,G308,Directed,16649,,,1
G369,G309,Directed,16650,,,1
G369,G321,Directed,16651,,,1
G369,G394,Directed,16652,,,1
G369,G395,Directed,16653,,,1
G369,G680,Directed,16654,,,1
G369,G978,Directed,16655,,,1
G369,G979,Directed,16656,,,1
G369,G1071,Directed,16657,,,1
G369,G1366,Directed,16658,,,1
G369,G1392,Directed,16659,,,1
G369,G1439,Directed,16660,,,1
G369,G1527,Directed,16661,,,1
G369,G1724,Directed,16662,,,1
G369,G1725,Directed,16663,,,1
G369,G1895,Directed,16664,,,1
G369,G1922,Directed,16665,,,1
G370,G303,Directed,16666,,,1
G370,G304,Directed,16667,,,1
G370,G333,Directed,16668,,,1
G370,G387,Directed,16669,,,1
G370,G419,Directed,16670,,,1
G370,G421,Directed,16671,,,1
G370,G429,Directed,16672,,,1
G370,G451,Directed,16673,,,1
G370,G452,Directed,16674,,,1
G370,G493,Directed,16675,,,1
G370,G494,Directed,16676,,,1
G370,G511,Directed,16677,,,1
G370,G520,Directed,16678,,,1
G370,G691,Directed,16679,,,1
G370,G711,Directed,16680,,,1
G370,G1504,Directed,16681,,,1
G370,G1515,Directed,16682,,,1
G370,G1516,Directed,16683,,,1
G370,G1517,Directed,16684,,,1
G370,G1649,Directed,16685,,,1
G370,G1809,Directed,16686,,,1
G371,G82,Directed,16687,,,1
G371,G83,Directed,16688,,,1
G372,G83,Directed,16689,,,1
G373,G2,Directed,16690,,,1
G373,G99,Directed,16691,,,1
G373,G101,Directed,16692,,,1
G373,G131,Directed,16693,,,1
G373,G155,Directed,16694,,,1
G373,G296,Directed,16695,,,1
G373,G342,Directed,16696,,,1
G373,G374,Directed,16697,,,1
G373,G384,Directed,16698,,,1
G373,G386,Directed,16699,,,1
G373,G393,Directed,16700,,,1
G373,G402,Directed,16701,,,1
G373,G478,Directed,16702,,,1
G373,G488,Directed,16703,,,1
G373,G663,Directed,16704,,,1
G373,G680,Directed,16705,,,1
G373,G736,Directed,16706,,,1
G373,G862,Directed,16707,,,1
G373,G1104,Directed,16708,,,1
G373,G1554,Directed,16709,,,1
G373,G1561,Directed,16710,,,1
G374,G1,Directed,16711,,,1
G374,G2,Directed,16712,,,1
G374,G99,Directed,16713,,,1
G374,G101,Directed,16714,,,1
G374,G131,Directed,16715,,,1
G374,G155,Directed,16716,,,1
G374,G174,Directed,16717,,,1
G374,G296,Directed,16718,,,1
G374,G319,Directed,16719,,,1
G374,G373,Directed,16720,,,1
G374,G384,Directed,16721,,,1
G374,G402,Directed,16722,,,1
G374,G478,Directed,16723,,,1
G374,G671,Directed,16724,,,1
G374,G857,Directed,16725,,,1
G375,G43,Directed,16726,,,1
G375,G44,Directed,16727,,,1
G375,G115,Directed,16728,,,1
G375,G116,Directed,16729,,,1
G375,G152,Directed,16730,,,1
G375,G159,Directed,16731,,,1
G375,G196,Directed,16732,,,1
G375,G197,Directed,16733,,,1
G375,G321,Directed,16734,,,1
G375,G336,Directed,16735,,,1
G375,G338,Directed,16736,,,1
G375,G347,Directed,16737,,,1
G375,G575,Directed,16738,,,1
G375,G699,Directed,16739,,,1
G375,G723,Directed,16740,,,1
G375,G739,Directed,16741,,,1
G375,G745,Directed,16742,,,1
G375,G760,Directed,16743,,,1
G375,G762,Directed,16744,,,1
G375,G769,Directed,16745,,,1
G375,G1551,Directed,16746,,,1
G375,G1610,Directed,16747,,,1
G375,G1676,Directed,16748,,,1
G375,G1702,Directed,16749,,,1
G375,G1777,Directed,16750,,,1
G375,G1883,Directed,16751,,,1
G375,G2002,Directed,16752,,,1
G375,G2047,Directed,16753,,,1
G375,G2080,Directed,16754,,,1
G375,G2102,Directed,16755,,,1
G375,G2107,Directed,16756,,,1
G375,G2108,Directed,16757,,,1
G375,G2109,Directed,16758,,,1
G375,G2110,Directed,16759,,,1
G375,G2111,Directed,16760,,,1
G375,G2115,Directed,16761,,,1
G375,G2116,Directed,16762,,,1
G375,G2117,Directed,16763,,,1
G375,G2118,Directed,16764,,,1
G375,G2119,Directed,16765,,,1
G375,G2120,Directed,16766,,,1
G375,G2121,Directed,16767,,,1
G375,G2122,Directed,16768,,,1
G375,G2124,Directed,16769,,,1
G375,G2125,Directed,16770,,,1
G375,G2126,Directed,16771,,,1
G375,G2127,Directed,16772,,,1
G375,G2128,Directed,16773,,,1
G375,G2129,Directed,16774,,,1
G375,G2130,Directed,16775,,,1
G375,G2131,Directed,16776,,,1
G375,G2132,Directed,16777,,,1
G375,G2133,Directed,16778,,,1
G375,G2134,Directed,16779,,,1
G375,G2136,Directed,16780,,,1
G375,G2137,Directed,16781,,,1
G376,G25,Directed,16782,,,1
G376,G26,Directed,16783,,,1
G376,G30,Directed,16784,,,1
G376,G31,Directed,16785,,,1
G376,G48,Directed,16786,,,1
G376,G62,Directed,16787,,,1
G376,G63,Directed,16788,,,1
G376,G66,Directed,16789,,,1
G376,G368,Directed,16790,,,1
G376,G407,Directed,16791,,,1
G377,G378,Directed,16792,,,1
G377,G1395,Directed,16793,,,1
G377,G1916,Directed,16794,,,1
G378,G377,Directed,16795,,,1
G379,G11,Directed,16796,,,1
G379,G13,Directed,16797,,,1
G379,G14,Directed,16798,,,1
G379,G27,Directed,16799,,,1
G379,G54,Directed,16800,,,1
G379,G55,Directed,16801,,,1
G379,G56,Directed,16802,,,1
G379,G57,Directed,16803,,,1
G379,G59,Directed,16804,,,1
G379,G172,Directed,16805,,,1
G379,G242,Directed,16806,,,1
G379,G268,Directed,16807,,,1
G379,G281,Directed,16808,,,1
G379,G314,Directed,16809,,,1
G379,G366,Directed,16810,,,1
G379,G367,Directed,16811,,,1
G379,G382,Directed,16812,,,1
G379,G406,Directed,16813,,,1
G379,G435,Directed,16814,,,1
G379,G461,Directed,16815,,,1
G379,G495,Directed,16816,,,1
G379,G505,Directed,16817,,,1
G379,G612,Directed,16818,,,1
G379,G709,Directed,16819,,,1
G379,G1080,Directed,16820,,,1
G379,G1109,Directed,16821,,,1
G379,G1435,Directed,16822,,,1
G380,G345,Directed,16823,,,1
G380,G346,Directed,16824,,,1
G380,G362,Directed,16825,,,1
G380,G501,Directed,16826,,,1
G380,G593,Directed,16827,,,1
G380,G763,Directed,16828,,,1
G380,G1092,Directed,16829,,,1
G381,G2,Directed,16830,,,1
G381,G49,Directed,16831,,,1
G381,G50,Directed,16832,,,1
G381,G51,Directed,16833,,,1
G381,G52,Directed,16834,,,1
G381,G53,Directed,16835,,,1
G381,G58,Directed,16836,,,1
G381,G71,Directed,16837,,,1
G381,G75,Directed,16838,,,1
G381,G76,Directed,16839,,,1
G381,G80,Directed,16840,,,1
G381,G81,Directed,16841,,,1
G381,G84,Directed,16842,,,1
G381,G92,Directed,16843,,,1
G381,G100,Directed,16844,,,1
G381,G150,Directed,16845,,,1
G381,G153,Directed,16846,,,1
G381,G245,Directed,16847,,,1
G381,G263,Directed,16848,,,1
G381,G265,Directed,16849,,,1
G381,G267,Directed,16850,,,1
G381,G309,Directed,16851,,,1
G381,G351,Directed,16852,,,1
G381,G456,Directed,16853,,,1
G381,G462,Directed,16854,,,1
G381,G472,Directed,16855,,,1
G381,G489,Directed,16856,,,1
G381,G508,Directed,16857,,,1
G381,G526,Directed,16858,,,1
G381,G589,Directed,16859,,,1
G381,G1345,Directed,16860,,,1
G382,G172,Directed,16861,,,1
G382,G314,Directed,16862,,,1
G382,G366,Directed,16863,,,1
G382,G367,Directed,16864,,,1
G382,G379,Directed,16865,,,1
G382,G406,Directed,16866,,,1
G382,G435,Directed,16867,,,1
G382,G461,Directed,16868,,,1
G382,G495,Directed,16869,,,1
G382,G505,Directed,16870,,,1
G382,G612,Directed,16871,,,1
G382,G709,Directed,16872,,,1
G382,G1435,Directed,16873,,,1
G383,G299,Directed,16874,,,1
G383,G300,Directed,16875,,,1
G383,G352,Directed,16876,,,1
G383,G353,Directed,16877,,,1
G383,G482,Directed,16878,,,1
G383,G636,Directed,16879,,,1
G383,G681,Directed,16880,,,1
G383,G1256,Directed,16881,,,1
G383,G1318,Directed,16882,,,1
G383,G1493,Directed,16883,,,1
G383,G1717,Directed,16884,,,1
G384,G1,Directed,16885,,,1
G384,G2,Directed,16886,,,1
G384,G3,Directed,16887,,,1
G384,G4,Directed,16888,,,1
G384,G22,Directed,16889,,,1
G384,G99,Directed,16890,,,1
G384,G101,Directed,16891,,,1
G384,G102,Directed,16892,,,1
G384,G111,Directed,16893,,,1
G384,G131,Directed,16894,,,1
G384,G142,Directed,16895,,,1
G384,G155,Directed,16896,,,1
G384,G156,Directed,16897,,,1
G384,G243,Directed,16898,,,1
G384,G296,Directed,16899,,,1
G384,G309,Directed,16900,,,1
G384,G342,Directed,16901,,,1
G384,G373,Directed,16902,,,1
G384,G374,Directed,16903,,,1
G384,G386,Directed,16904,,,1
G384,G388,Directed,16905,,,1
G384,G393,Directed,16906,,,1
G384,G402,Directed,16907,,,1
G384,G468,Directed,16908,,,1
G384,G478,Directed,16909,,,1
G384,G488,Directed,16910,,,1
G384,G526,Directed,16911,,,1
G384,G534,Directed,16912,,,1
G384,G663,Directed,16913,,,1
G384,G680,Directed,16914,,,1
G384,G744,Directed,16915,,,1
G384,G749,Directed,16916,,,1
G384,G862,Directed,16917,,,1
G384,G1104,Directed,16918,,,1
G384,G1554,Directed,16919,,,1
G384,G1561,Directed,16920,,,1
G385,G129,Directed,16921,,,1
G385,G130,Directed,16922,,,1
G385,G228,Directed,16923,,,1
G385,G229,Directed,16924,,,1
G385,G294,Directed,16925,,,1
G385,G315,Directed,16926,,,1
G385,G606,Directed,16927,,,1
G385,G674,Directed,16928,,,1
G385,G691,Directed,16929,,,1
G385,G708,Directed,16930,,,1
G385,G711,Directed,16931,,,1
G385,G1419,Directed,16932,,,1
G385,G1801,Directed,16933,,,1
G386,G2,Directed,16934,,,1
G386,G4,Directed,16935,,,1
G386,G92,Directed,16936,,,1
G386,G99,Directed,16937,,,1
G386,G101,Directed,16938,,,1
G386,G124,Directed,16939,,,1
G386,G131,Directed,16940,,,1
G386,G138,Directed,16941,,,1
G386,G155,Directed,16942,,,1
G386,G156,Directed,16943,,,1
G386,G296,Directed,16944,,,1
G386,G309,Directed,16945,,,1
G386,G342,Directed,16946,,,1
G386,G373,Directed,16947,,,1
G386,G384,Directed,16948,,,1
G386,G393,Directed,16949,,,1
G386,G402,Directed,16950,,,1
G386,G468,Directed,16951,,,1
G386,G478,Directed,16952,,,1
G386,G491,Directed,16953,,,1
G386,G500,Directed,16954,,,1
G386,G502,Directed,16955,,,1
G386,G522,Directed,16956,,,1
G386,G526,Directed,16957,,,1
G386,G527,Directed,16958,,,1
G386,G534,Directed,16959,,,1
G386,G663,Directed,16960,,,1
G386,G680,Directed,16961,,,1
G386,G737,Directed,16962,,,1
G386,G749,Directed,16963,,,1
G386,G862,Directed,16964,,,1
G386,G1104,Directed,16965,,,1
G386,G1554,Directed,16966,,,1
G386,G1561,Directed,16967,,,1
G387,G303,Directed,16968,,,1
G387,G304,Directed,16969,,,1
G387,G333,Directed,16970,,,1
G387,G370,Directed,16971,,,1
G387,G419,Directed,16972,,,1
G387,G421,Directed,16973,,,1
G387,G429,Directed,16974,,,1
G387,G451,Directed,16975,,,1
G387,G452,Directed,16976,,,1
G387,G493,Directed,16977,,,1
G387,G494,Directed,16978,,,1
G387,G511,Directed,16979,,,1
G387,G520,Directed,16980,,,1
G387,G691,Directed,16981,,,1
G387,G711,Directed,16982,,,1
G387,G1504,Directed,16983,,,1
G387,G1515,Directed,16984,,,1
G387,G1516,Directed,16985,,,1
G387,G1517,Directed,16986,,,1
G387,G1649,Directed,16987,,,1
G387,G1809,Directed,16988,,,1
G388,G1,Directed,16989,,,1
G388,G2,Directed,16990,,,1
G388,G3,Directed,16991,,,1
G388,G4,Directed,16992,,,1
G388,G22,Directed,16993,,,1
G388,G99,Directed,16994,,,1
G388,G101,Directed,16995,,,1
G388,G102,Directed,16996,,,1
G388,G111,Directed,16997,,,1
G388,G131,Directed,16998,,,1
G388,G142,Directed,16999,,,1
G388,G243,Directed,17000,,,1
G388,G296,Directed,17001,,,1
G388,G309,Directed,17002,,,1
G388,G342,Directed,17003,,,1
G388,G384,Directed,17004,,,1
G388,G393,Directed,17005,,,1
G388,G402,Directed,17006,,,1
G388,G468,Directed,17007,,,1
G388,G478,Directed,17008,,,1
G388,G488,Directed,17009,,,1
G388,G663,Directed,17010,,,1
G388,G744,Directed,17011,,,1
G388,G749,Directed,17012,,,1
G389,G390,Directed,17013,,,1
G389,G588,Directed,17014,,,1
G390,G389,Directed,17015,,,1
G390,G588,Directed,17016,,,1
G390,G620,Directed,17017,,,1
G391,G232,Directed,17018,,,1
G391,G392,Directed,17019,,,1
G391,G411,Directed,17020,,,1
G391,G412,Directed,17021,,,1
G391,G693,Directed,17022,,,1
G391,G728,Directed,17023,,,1
G391,G1251,Directed,17024,,,1
G391,G1252,Directed,17025,,,1
G391,G1542,Directed,17026,,,1
G391,G1618,Directed,17027,,,1
G391,G1664,Directed,17028,,,1
G391,G1885,Directed,17029,,,1
G392,G391,Directed,17030,,,1
G392,G1718,Directed,17031,,,1
G393,G1,Directed,17032,,,1
G393,G2,Directed,17033,,,1
G393,G4,Directed,17034,,,1
G393,G22,Directed,17035,,,1
G393,G92,Directed,17036,,,1
G393,G95,Directed,17037,,,1
G393,G99,Directed,17038,,,1
G393,G101,Directed,17039,,,1
G393,G102,Directed,17040,,,1
G393,G131,Directed,17041,,,1
G393,G155,Directed,17042,,,1
G393,G156,Directed,17043,,,1
G393,G243,Directed,17044,,,1
G393,G296,Directed,17045,,,1
G393,G309,Directed,17046,,,1
G393,G342,Directed,17047,,,1
G393,G373,Directed,17048,,,1
G393,G384,Directed,17049,,,1
G393,G386,Directed,17050,,,1
G393,G388,Directed,17051,,,1
G393,G402,Directed,17052,,,1
G393,G468,Directed,17053,,,1
G393,G478,Directed,17054,,,1
G393,G488,Directed,17055,,,1
G393,G526,Directed,17056,,,1
G393,G534,Directed,17057,,,1
G393,G663,Directed,17058,,,1
G393,G680,Directed,17059,,,1
G393,G862,Directed,17060,,,1
G393,G1104,Directed,17061,,,1
G393,G1554,Directed,17062,,,1
G393,G1561,Directed,17063,,,1
G394,G32,Directed,17064,,,1
G394,G33,Directed,17065,,,1
G394,G60,Directed,17066,,,1
G394,G61,Directed,17067,,,1
G394,G295,Directed,17068,,,1
G394,G297,Directed,17069,,,1
G394,G308,Directed,17070,,,1
G394,G321,Directed,17071,,,1
G394,G369,Directed,17072,,,1
G394,G395,Directed,17073,,,1
G394,G763,Directed,17074,,,1
G394,G1439,Directed,17075,,,1
G394,G1527,Directed,17076,,,1
G395,G32,Directed,17077,,,1
G395,G33,Directed,17078,,,1
G395,G60,Directed,17079,,,1
G395,G61,Directed,17080,,,1
G395,G295,Directed,17081,,,1
G395,G297,Directed,17082,,,1
G395,G308,Directed,17083,,,1
G395,G321,Directed,17084,,,1
G395,G369,Directed,17085,,,1
G395,G394,Directed,17086,,,1
G395,G564,Directed,17087,,,1
G395,G1193,Directed,17088,,,1
G395,G1202,Directed,17089,,,1
G395,G1215,Directed,17090,,,1
G395,G1302,Directed,17091,,,1
G395,G1335,Directed,17092,,,1
G395,G1360,Directed,17093,,,1
G395,G1439,Directed,17094,,,1
G395,G1527,Directed,17095,,,1
G395,G1907,Directed,17096,,,1
G396,G318,Directed,17097,,,1
G396,G321,Directed,17098,,,1
G396,G397,Directed,17099,,,1
G396,G504,Directed,17100,,,1
G396,G1408,Directed,17101,,,1
G396,G1491,Directed,17102,,,1
G396,G1565,Directed,17103,,,1
G396,G1590,Directed,17104,,,1
G396,G1603,Directed,17105,,,1
G396,G1751,Directed,17106,,,1
G397,G246,Directed,17107,,,1
G397,G396,Directed,17108,,,1
G397,G400,Directed,17109,,,1
G397,G431,Directed,17110,,,1
G397,G667,Directed,17111,,,1
G397,G668,Directed,17112,,,1
G397,G1491,Directed,17113,,,1
G397,G1751,Directed,17114,,,1
G397,G1776,Directed,17115,,,1
G397,G1780,Directed,17116,,,1
G397,G1993,Directed,17117,,,1
G398,G327,Directed,17118,,,1
G398,G328,Directed,17119,,,1
G398,G357,Directed,17120,,,1
G398,G358,Directed,17121,,,1
G398,G446,Directed,17122,,,1
G398,G490,Directed,17123,,,1
G398,G710,Directed,17124,,,1
G399,G105,Directed,17125,,,1
G399,G106,Directed,17126,,,1
G399,G139,Directed,17127,,,1
G400,G205,Directed,17128,,,1
G400,G207,Directed,17129,,,1
G400,G220,Directed,17130,,,1
G400,G246,Directed,17131,,,1
G400,G247,Directed,17132,,,1
G400,G248,Directed,17133,,,1
G400,G254,Directed,17134,,,1
G400,G255,Directed,17135,,,1
G400,G300,Directed,17136,,,1
G400,G397,Directed,17137,,,1
G400,G448,Directed,17138,,,1
G400,G473,Directed,17139,,,1
G400,G516,Directed,17140,,,1
G400,G681,Directed,17141,,,1
G400,G978,Directed,17142,,,1
G400,G979,Directed,17143,,,1
G400,G1013,Directed,17144,,,1
G400,G1026,Directed,17145,,,1
G400,G1028,Directed,17146,,,1
G400,G1034,Directed,17147,,,1
G400,G1051,Directed,17148,,,1
G400,G1067,Directed,17149,,,1
G400,G1071,Directed,17150,,,1
G400,G1187,Directed,17151,,,1
G400,G1192,Directed,17152,,,1
G400,G1193,Directed,17153,,,1
G400,G1194,Directed,17154,,,1
G400,G1202,Directed,17155,,,1
G400,G1215,Directed,17156,,,1
G400,G1249,Directed,17157,,,1
G400,G1302,Directed,17158,,,1
G400,G1331,Directed,17159,,,1
G400,G1335,Directed,17160,,,1
G400,G1360,Directed,17161,,,1
G400,G1408,Directed,17162,,,1
G400,G1411,Directed,17163,,,1
G400,G1493,Directed,17164,,,1
G400,G1717,Directed,17165,,,1
G400,G1761,Directed,17166,,,1
G401,G270,Directed,17167,,,1
G401,G271,Directed,17168,,,1
G401,G320,Directed,17169,,,1
G401,G321,Directed,17170,,,1
G401,G349,Directed,17171,,,1
G401,G350,Directed,17172,,,1
G401,G635,Directed,17173,,,1
G401,G637,Directed,17174,,,1
G401,G688,Directed,17175,,,1
G401,G1168,Directed,17176,,,1
G401,G1238,Directed,17177,,,1
G401,G1353,Directed,17178,,,1
G401,G1518,Directed,17179,,,1
G402,G1,Directed,17180,,,1
G402,G2,Directed,17181,,,1
G402,G95,Directed,17182,,,1
G402,G99,Directed,17183,,,1
G402,G101,Directed,17184,,,1
G402,G102,Directed,17185,,,1
G402,G111,Directed,17186,,,1
G402,G131,Directed,17187,,,1
G402,G155,Directed,17188,,,1
G402,G296,Directed,17189,,,1
G402,G309,Directed,17190,,,1
G402,G342,Directed,17191,,,1
G402,G373,Directed,17192,,,1
G402,G374,Directed,17193,,,1
G402,G384,Directed,17194,,,1
G402,G386,Directed,17195,,,1
G402,G388,Directed,17196,,,1
G402,G393,Directed,17197,,,1
G402,G468,Directed,17198,,,1
G402,G478,Directed,17199,,,1
G402,G488,Directed,17200,,,1
G402,G526,Directed,17201,,,1
G402,G534,Directed,17202,,,1
G402,G627,Directed,17203,,,1
G402,G663,Directed,17204,,,1
G402,G680,Directed,17205,,,1
G402,G736,Directed,17206,,,1
G402,G766,Directed,17207,,,1
G402,G862,Directed,17208,,,1
G402,G1104,Directed,17209,,,1
G402,G1554,Directed,17210,,,1
G402,G1561,Directed,17211,,,1
G403,G404,Directed,17212,,,1
G403,G432,Directed,17213,,,1
G403,G1169,Directed,17214,,,1
G403,G1423,Directed,17215,,,1
G403,G1464,Directed,17216,,,1
G403,G1499,Directed,17217,,,1
G403,G1578,Directed,17218,,,1
G404,G279,Directed,17219,,,1
G404,G403,Directed,17220,,,1
G404,G432,Directed,17221,,,1
G404,G682,Directed,17222,,,1
G404,G802,Directed,17223,,,1
G404,G1169,Directed,17224,,,1
G404,G1423,Directed,17225,,,1
G404,G1424,Directed,17226,,,1
G404,G1464,Directed,17227,,,1
G404,G1578,Directed,17228,,,1
G404,G1631,Directed,17229,,,1
G404,G1639,Directed,17230,,,1
G404,G1726,Directed,17231,,,1
G404,G1845,Directed,17232,,,1
G405,G49,Directed,17233,,,1
G405,G50,Directed,17234,,,1
G405,G51,Directed,17235,,,1
G405,G52,Directed,17236,,,1
G405,G53,Directed,17237,,,1
G405,G58,Directed,17238,,,1
G405,G75,Directed,17239,,,1
G405,G76,Directed,17240,,,1
G405,G80,Directed,17241,,,1
G405,G81,Directed,17242,,,1
G405,G95,Directed,17243,,,1
G405,G150,Directed,17244,,,1
G405,G245,Directed,17245,,,1
G405,G263,Directed,17246,,,1
G405,G265,Directed,17247,,,1
G405,G267,Directed,17248,,,1
G405,G302,Directed,17249,,,1
G405,G351,Directed,17250,,,1
G405,G462,Directed,17251,,,1
G405,G471,Directed,17252,,,1
G405,G489,Directed,17253,,,1
G405,G528,Directed,17254,,,1
G405,G554,Directed,17255,,,1
G406,G172,Directed,17256,,,1
G406,G366,Directed,17257,,,1
G406,G367,Directed,17258,,,1
G406,G379,Directed,17259,,,1
G406,G382,Directed,17260,,,1
G406,G435,Directed,17261,,,1
G406,G461,Directed,17262,,,1
G406,G495,Directed,17263,,,1
G406,G505,Directed,17264,,,1
G406,G612,Directed,17265,,,1
G406,G709,Directed,17266,,,1
G406,G821,Directed,17267,,,1
G406,G1435,Directed,17268,,,1
G407,G30,Directed,17269,,,1
G407,G31,Directed,17270,,,1
G407,G48,Directed,17271,,,1
G407,G62,Directed,17272,,,1
G407,G63,Directed,17273,,,1
G407,G157,Directed,17274,,,1
G407,G368,Directed,17275,,,1
G407,G376,Directed,17276,,,1
G407,G483,Directed,17277,,,1
G407,G584,Directed,17278,,,1
G407,G675,Directed,17279,,,1
G407,G1128,Directed,17280,,,1
G407,G1129,Directed,17281,,,1
G407,G1176,Directed,17282,,,1
G407,G1246,Directed,17283,,,1
G407,G1247,Directed,17284,,,1
G407,G1248,Directed,17285,,,1
G407,G1267,Directed,17286,,,1
G407,G1822,Directed,17287,,,1
G407,G1844,Directed,17288,,,1
G408,G242,Directed,17289,,,1
G408,G268,Directed,17290,,,1
G408,G409,Directed,17291,,,1
G408,G410,Directed,17292,,,1
G408,G417,Directed,17293,,,1
G408,G418,Directed,17294,,,1
G408,G443,Directed,17295,,,1
G408,G457,Directed,17296,,,1
G408,G843,Directed,17297,,,1
G409,G408,Directed,17298,,,1
G409,G417,Directed,17299,,,1
G409,G418,Directed,17300,,,1
G409,G443,Directed,17301,,,1
G409,G457,Directed,17302,,,1
G410,G11,Directed,17303,,,1
G410,G13,Directed,17304,,,1
G410,G14,Directed,17305,,,1
G410,G46,Directed,17306,,,1
G410,G55,Directed,17307,,,1
G410,G56,Directed,17308,,,1
G410,G57,Directed,17309,,,1
G410,G59,Directed,17310,,,1
G410,G62,Directed,17311,,,1
G410,G63,Directed,17312,,,1
G410,G144,Directed,17313,,,1
G410,G145,Directed,17314,,,1
G410,G152,Directed,17315,,,1
G410,G242,Directed,17316,,,1
G410,G244,Directed,17317,,,1
G410,G264,Directed,17318,,,1
G410,G314,Directed,17319,,,1
G410,G327,Directed,17320,,,1
G410,G408,Directed,17321,,,1
G410,G460,Directed,17322,,,1
G410,G470,Directed,17323,,,1
G410,G515,Directed,17324,,,1
G410,G546,Directed,17325,,,1
G410,G547,Directed,17326,,,1
G410,G566,Directed,17327,,,1
G410,G567,Directed,17328,,,1
G410,G579,Directed,17329,,,1
G410,G875,Directed,17330,,,1
G410,G1302,Directed,17331,,,1
G410,G1335,Directed,17332,,,1
G410,G1360,Directed,17333,,,1
G410,G1476,Directed,17334,,,1
G410,G1727,Directed,17335,,,1
G410,G1733,Directed,17336,,,1
G410,G1771,Directed,17337,,,1
G411,G391,Directed,17338,,,1
G411,G412,Directed,17339,,,1
G411,G833,Directed,17340,,,1
G411,G1251,Directed,17341,,,1
G411,G1252,Directed,17342,,,1
G411,G1542,Directed,17343,,,1
G412,G391,Directed,17344,,,1
G412,G411,Directed,17345,,,1
G412,G833,Directed,17346,,,1
G412,G1251,Directed,17347,,,1
G412,G1252,Directed,17348,,,1
G412,G1542,Directed,17349,,,1
G412,G1618,Directed,17350,,,1
G412,G1664,Directed,17351,,,1
G413,G40,Directed,17352,,,1
G413,G41,Directed,17353,,,1
G413,G42,Directed,17354,,,1
G413,G45,Directed,17355,,,1
G413,G46,Directed,17356,,,1
G413,G67,Directed,17357,,,1
G413,G68,Directed,17358,,,1
G413,G157,Directed,17359,,,1
G413,G335,Directed,17360,,,1
G413,G463,Directed,17361,,,1
G413,G464,Directed,17362,,,1
G413,G485,Directed,17363,,,1
G413,G570,Directed,17364,,,1
G413,G1197,Directed,17365,,,1
G413,G1849,Directed,17366,,,1
G414,G144,Directed,17367,,,1
G414,G312,Directed,17368,,,1
G414,G692,Directed,17369,,,1
G414,G1147,Directed,17370,,,1
G414,G1177,Directed,17371,,,1
G414,G1178,Directed,17372,,,1
G414,G1935,Directed,17373,,,1
G415,G137,Directed,17374,,,1
G415,G416,Directed,17375,,,1
G415,G1540,Directed,17376,,,1
G415,G2214,Directed,17377,,,1
G416,G174,Directed,17378,,,1
G416,G415,Directed,17379,,,1
G416,G450,Directed,17380,,,1
G416,G2104,Directed,17381,,,1
G416,G2258,Directed,17382,,,1
G417,G21,Directed,17383,,,1
G417,G408,Directed,17384,,,1
G417,G409,Directed,17385,,,1
G417,G418,Directed,17386,,,1
G417,G442,Directed,17387,,,1
G417,G443,Directed,17388,,,1
G417,G457,Directed,17389,,,1
G417,G460,Directed,17390,,,1
G417,G560,Directed,17391,,,1
G417,G702,Directed,17392,,,1
G417,G743,Directed,17393,,,1
G417,G1061,Directed,17394,,,1
G417,G1289,Directed,17395,,,1
G417,G1317,Directed,17396,,,1
G417,G1592,Directed,17397,,,1
G417,G1617,Directed,17398,,,1
G418,G218,Directed,17399,,,1
G418,G408,Directed,17400,,,1
G418,G409,Directed,17401,,,1
G418,G417,Directed,17402,,,1
G418,G442,Directed,17403,,,1
G418,G443,Directed,17404,,,1
G418,G457,Directed,17405,,,1
G418,G460,Directed,17406,,,1
G418,G560,Directed,17407,,,1
G418,G702,Directed,17408,,,1
G418,G743,Directed,17409,,,1
G418,G815,Directed,17410,,,1
G418,G1061,Directed,17411,,,1
G418,G1083,Directed,17412,,,1
G418,G1084,Directed,17413,,,1
G418,G1093,Directed,17414,,,1
G418,G1097,Directed,17415,,,1
G418,G1098,Directed,17416,,,1
G418,G1289,Directed,17417,,,1
G418,G1317,Directed,17418,,,1
G418,G1523,Directed,17419,,,1
G418,G1592,Directed,17420,,,1
G418,G1617,Directed,17421,,,1
G418,G1978,Directed,17422,,,1
G418,G2002,Directed,17423,,,1
G419,G303,Directed,17424,,,1
G419,G304,Directed,17425,,,1
G419,G333,Directed,17426,,,1
G419,G370,Directed,17427,,,1
G419,G387,Directed,17428,,,1
G419,G421,Directed,17429,,,1
G419,G429,Directed,17430,,,1
G419,G451,Directed,17431,,,1
G419,G452,Directed,17432,,,1
G419,G493,Directed,17433,,,1
G419,G494,Directed,17434,,,1
G419,G511,Directed,17435,,,1
G419,G520,Directed,17436,,,1
G419,G691,Directed,17437,,,1
G419,G711,Directed,17438,,,1
G419,G1504,Directed,17439,,,1
G419,G1515,Directed,17440,,,1
G419,G1516,Directed,17441,,,1
G419,G1517,Directed,17442,,,1
G419,G1649,Directed,17443,,,1
G419,G1809,Directed,17444,,,1
G419,G2083,Directed,17445,,,1
G420,G6,Directed,17446,,,1
G420,G98,Directed,17447,,,1
G420,G136,Directed,17448,,,1
G420,G292,Directed,17449,,,1
G420,G609,Directed,17450,,,1
G420,G1110,Directed,17451,,,1
G420,G1213,Directed,17452,,,1
G421,G130,Directed,17453,,,1
G421,G303,Directed,17454,,,1
G421,G304,Directed,17455,,,1
G421,G333,Directed,17456,,,1
G421,G370,Directed,17457,,,1
G421,G387,Directed,17458,,,1
G421,G419,Directed,17459,,,1
G421,G429,Directed,17460,,,1
G421,G430,Directed,17461,,,1
G421,G451,Directed,17462,,,1
G421,G452,Directed,17463,,,1
G421,G493,Directed,17464,,,1
G421,G494,Directed,17465,,,1
G421,G511,Directed,17466,,,1
G421,G520,Directed,17467,,,1
G421,G691,Directed,17468,,,1
G421,G711,Directed,17469,,,1
G421,G1504,Directed,17470,,,1
G421,G1515,Directed,17471,,,1
G421,G1516,Directed,17472,,,1
G421,G1517,Directed,17473,,,1
G421,G1649,Directed,17474,,,1
G421,G1801,Directed,17475,,,1
G421,G1809,Directed,17476,,,1
G421,G2082,Directed,17477,,,1
G421,G2083,Directed,17478,,,1
G422,G67,Directed,17479,,,1
G422,G68,Directed,17480,,,1
G422,G91,Directed,17481,,,1
G422,G112,Directed,17482,,,1
G422,G175,Directed,17483,,,1
G422,G176,Directed,17484,,,1
G422,G177,Directed,17485,,,1
G422,G180,Directed,17486,,,1
G422,G183,Directed,17487,,,1
G422,G186,Directed,17488,,,1
G422,G190,Directed,17489,,,1
G422,G191,Directed,17490,,,1
G422,G192,Directed,17491,,,1
G422,G195,Directed,17492,,,1
G422,G204,Directed,17493,,,1
G422,G206,Directed,17494,,,1
G422,G223,Directed,17495,,,1
G422,G322,Directed,17496,,,1
G422,G352,Directed,17497,,,1
G422,G518,Directed,17498,,,1
G422,G695,Directed,17499,,,1
G422,G923,Directed,17500,,,1
G422,G924,Directed,17501,,,1
G422,G932,Directed,17502,,,1
G422,G933,Directed,17503,,,1
G422,G936,Directed,17504,,,1
G422,G937,Directed,17505,,,1
G422,G949,Directed,17506,,,1
G422,G967,Directed,17507,,,1
G422,G1032,Directed,17508,,,1
G422,G1033,Directed,17509,,,1
G422,G1101,Directed,17510,,,1
G422,G1203,Directed,17511,,,1
G422,G1253,Directed,17512,,,1
G422,G1262,Directed,17513,,,1
G422,G1274,Directed,17514,,,1
G422,G1495,Directed,17515,,,1
G422,G1872,Directed,17516,,,1
G423,G29,Directed,17517,,,1
G423,G49,Directed,17518,,,1
G423,G51,Directed,17519,,,1
G423,G52,Directed,17520,,,1
G423,G53,Directed,17521,,,1
G423,G58,Directed,17522,,,1
G423,G65,Directed,17523,,,1
G423,G68,Directed,17524,,,1
G423,G71,Directed,17525,,,1
G423,G80,Directed,17526,,,1
G423,G81,Directed,17527,,,1
G423,G91,Directed,17528,,,1
G423,G100,Directed,17529,,,1
G423,G112,Directed,17530,,,1
G423,G175,Directed,17531,,,1
G423,G176,Directed,17532,,,1
G423,G177,Directed,17533,,,1
G423,G180,Directed,17534,,,1
G423,G183,Directed,17535,,,1
G423,G186,Directed,17536,,,1
G423,G190,Directed,17537,,,1
G423,G191,Directed,17538,,,1
G423,G192,Directed,17539,,,1
G423,G195,Directed,17540,,,1
G423,G199,Directed,17541,,,1
G423,G204,Directed,17542,,,1
G423,G205,Directed,17543,,,1
G423,G206,Directed,17544,,,1
G423,G207,Directed,17545,,,1
G423,G223,Directed,17546,,,1
G423,G245,Directed,17547,,,1
G423,G263,Directed,17548,,,1
G423,G265,Directed,17549,,,1
G423,G267,Directed,17550,,,1
G423,G275,Directed,17551,,,1
G423,G302,Directed,17552,,,1
G423,G456,Directed,17553,,,1
G423,G489,Directed,17554,,,1
G423,G518,Directed,17555,,,1
G423,G528,Directed,17556,,,1
G423,G554,Directed,17557,,,1
G423,G599,Directed,17558,,,1
G423,G629,Directed,17559,,,1
G423,G918,Directed,17560,,,1
G423,G923,Directed,17561,,,1
G423,G924,Directed,17562,,,1
G423,G932,Directed,17563,,,1
G423,G933,Directed,17564,,,1
G423,G936,Directed,17565,,,1
G423,G937,Directed,17566,,,1
G423,G949,Directed,17567,,,1
G423,G967,Directed,17568,,,1
G423,G1101,Directed,17569,,,1
G423,G1412,Directed,17570,,,1
G424,G217,Directed,17571,,,1
G424,G224,Directed,17572,,,1
G424,G227,Directed,17573,,,1
G424,G259,Directed,17574,,,1
G424,G272,Directed,17575,,,1
G424,G601,Directed,17576,,,1
G424,G605,Directed,17577,,,1
G424,G991,Directed,17578,,,1
G424,G1136,Directed,17579,,,1
G424,G1148,Directed,17580,,,1
G424,G1150,Directed,17581,,,1
G425,G77,Directed,17582,,,1
G425,G364,Directed,17583,,,1
G425,G1275,Directed,17584,,,1
G425,G1615,Directed,17585,,,1
G426,G427,Directed,17586,,,1
G427,G321,Directed,17587,,,1
G427,G426,Directed,17588,,,1
G427,G624,Directed,17589,,,1
G427,G1363,Directed,17590,,,1
G428,G25,Directed,17591,,,1
G428,G26,Directed,17592,,,1
G428,G168,Directed,17593,,,1
G428,G320,Directed,17594,,,1
G428,G321,Directed,17595,,,1
G428,G350,Directed,17596,,,1
G428,G724,Directed,17597,,,1
G428,G1299,Directed,17598,,,1
G429,G303,Directed,17599,,,1
G429,G304,Directed,17600,,,1
G429,G333,Directed,17601,,,1
G429,G370,Directed,17602,,,1
G429,G387,Directed,17603,,,1
G429,G419,Directed,17604,,,1
G429,G421,Directed,17605,,,1
G429,G451,Directed,17606,,,1
G429,G452,Directed,17607,,,1
G429,G493,Directed,17608,,,1
G429,G494,Directed,17609,,,1
G429,G511,Directed,17610,,,1
G429,G520,Directed,17611,,,1
G429,G691,Directed,17612,,,1
G429,G711,Directed,17613,,,1
G429,G889,Directed,17614,,,1
G429,G1504,Directed,17615,,,1
G429,G1515,Directed,17616,,,1
G429,G1516,Directed,17617,,,1
G429,G1517,Directed,17618,,,1
G429,G1620,Directed,17619,,,1
G429,G1649,Directed,17620,,,1
G429,G1809,Directed,17621,,,1
G430,G421,Directed,17622,,,1
G430,G431,Directed,17623,,,1
G430,G618,Directed,17624,,,1
G430,G1088,Directed,17625,,,1
G430,G1094,Directed,17626,,,1
G430,G1095,Directed,17627,,,1
G430,G1278,Directed,17628,,,1
G430,G1327,Directed,17629,,,1
G430,G1361,Directed,17630,,,1
G430,G1622,Directed,17631,,,1
G431,G397,Directed,17632,,,1
G431,G430,Directed,17633,,,1
G431,G562,Directed,17634,,,1
G431,G765,Directed,17635,,,1
G431,G795,Directed,17636,,,1
G431,G920,Directed,17637,,,1
G431,G1022,Directed,17638,,,1
G431,G1023,Directed,17639,,,1
G431,G1087,Directed,17640,,,1
G431,G1088,Directed,17641,,,1
G431,G1094,Directed,17642,,,1
G431,G1095,Directed,17643,,,1
G431,G1239,Directed,17644,,,1
G431,G1310,Directed,17645,,,1
G431,G1408,Directed,17646,,,1
G431,G1472,Directed,17647,,,1
G431,G1712,Directed,17648,,,1
G431,G1740,Directed,17649,,,1
G431,G1806,Directed,17650,,,1
G432,G113,Directed,17651,,,1
G432,G189,Directed,17652,,,1
G432,G205,Directed,17653,,,1
G432,G210,Directed,17654,,,1
G432,G275,Directed,17655,,,1
G432,G288,Directed,17656,,,1
G432,G289,Directed,17657,,,1
G432,G305,Directed,17658,,,1
G432,G306,Directed,17659,,,1
G432,G403,Directed,17660,,,1
G432,G404,Directed,17661,,,1
G432,G492,Directed,17662,,,1
G432,G516,Directed,17663,,,1
G432,G559,Directed,17664,,,1
G432,G638,Directed,17665,,,1
G432,G650,Directed,17666,,,1
G432,G682,Directed,17667,,,1
G432,G731,Directed,17668,,,1
G432,G802,Directed,17669,,,1
G432,G892,Directed,17670,,,1
G432,G1121,Directed,17671,,,1
G432,G1152,Directed,17672,,,1
G432,G1157,Directed,17673,,,1
G432,G1295,Directed,17674,,,1
G432,G1499,Directed,17675,,,1
G432,G1578,Directed,17676,,,1
G432,G1674,Directed,17677,,,1
G432,G1706,Directed,17678,,,1
G432,G1708,Directed,17679,,,1
G432,G1772,Directed,17680,,,1
G432,G1774,Directed,17681,,,1
G432,G1900,Directed,17682,,,1
G432,G1926,Directed,17683,,,1
G433,G434,Directed,17684,,,1
G433,G476,Directed,17685,,,1
G433,G717,Directed,17686,,,1
G433,G745,Directed,17687,,,1
G433,G770,Directed,17688,,,1
G433,G821,Directed,17689,,,1
G433,G844,Directed,17690,,,1
G433,G929,Directed,17691,,,1
G433,G989,Directed,17692,,,1
G433,G1021,Directed,17693,,,1
G433,G1145,Directed,17694,,,1
G433,G1148,Directed,17695,,,1
G433,G1172,Directed,17696,,,1
G433,G1194,Directed,17697,,,1
G433,G1311,Directed,17698,,,1
G433,G1486,Directed,17699,,,1
G433,G1487,Directed,17700,,,1
G433,G1535,Directed,17701,,,1
G433,G1570,Directed,17702,,,1
G433,G1616,Directed,17703,,,1
G433,G1754,Directed,17704,,,1
G433,G1798,Directed,17705,,,1
G433,G1816,Directed,17706,,,1
G433,G2079,Directed,17707,,,1
G433,G2107,Directed,17708,,,1
G433,G2124,Directed,17709,,,1
G433,G2170,Directed,17710,,,1
G433,G2171,Directed,17711,,,1
G433,G2196,Directed,17712,,,1
G433,G2207,Directed,17713,,,1
G433,G2221,Directed,17714,,,1
G433,G2222,Directed,17715,,,1
G433,G2223,Directed,17716,,,1
G433,G2226,Directed,17717,,,1
G433,G2242,Directed,17718,,,1
G433,G2267,Directed,17719,,,1
G433,G2282,Directed,17720,,,1
G433,G2283,Directed,17721,,,1
G433,G2306,Directed,17722,,,1
G433,G2307,Directed,17723,,,1
G433,G2312,Directed,17724,,,1
G433,G2316,Directed,17725,,,1
G433,G2342,Directed,17726,,,1
G433,G2343,Directed,17727,,,1
G433,G2346,Directed,17728,,,1
G433,G2347,Directed,17729,,,1
G433,G2348,Directed,17730,,,1
G433,G2349,Directed,17731,,,1
G433,G2350,Directed,17732,,,1
G433,G2351,Directed,17733,,,1
G433,G2352,Directed,17734,,,1
G433,G2353,Directed,17735,,,1
G433,G2354,Directed,17736,,,1
G433,G2355,Directed,17737,,,1
G433,G2356,Directed,17738,,,1
G433,G2357,Directed,17739,,,1
G433,G2358,Directed,17740,,,1
G434,G321,Directed,17741,,,1
G434,G433,Directed,17742,,,1
G434,G1487,Directed,17743,,,1
G434,G2089,Directed,17744,,,1
G434,G2167,Directed,17745,,,1
G434,G2205,Directed,17746,,,1
G434,G2243,Directed,17747,,,1
G435,G172,Directed,17748,,,1
G435,G366,Directed,17749,,,1
G435,G367,Directed,17750,,,1
G435,G379,Directed,17751,,,1
G435,G382,Directed,17752,,,1
G435,G406,Directed,17753,,,1
G435,G461,Directed,17754,,,1
G435,G495,Directed,17755,,,1
G435,G505,Directed,17756,,,1
G435,G612,Directed,17757,,,1
G435,G709,Directed,17758,,,1
G435,G976,Directed,17759,,,1
G435,G1435,Directed,17760,,,1
G436,G437,Directed,17761,,,1
G436,G1039,Directed,17762,,,1
G436,G1075,Directed,17763,,,1
G437,G121,Directed,17764,,,1
G437,G436,Directed,17765,,,1
G437,G876,Directed,17766,,,1
G437,G2079,Directed,17767,,,1
G438,G439,Directed,17768,,,1
G438,G467,Directed,17769,,,1
G438,G523,Directed,17770,,,1
G438,G1645,Directed,17771,,,1
G438,G1798,Directed,17772,,,1
G439,G3,Directed,17773,,,1
G439,G4,Directed,17774,,,1
G439,G22,Directed,17775,,,1
G439,G243,Directed,17776,,,1
G439,G350,Directed,17777,,,1
G439,G438,Directed,17778,,,1
G439,G467,Directed,17779,,,1
G439,G523,Directed,17780,,,1
G439,G684,Directed,17781,,,1
G439,G1645,Directed,17782,,,1
G439,G1798,Directed,17783,,,1
G440,G327,Directed,17784,,,1
G440,G441,Directed,17785,,,1
G440,G466,Directed,17786,,,1
G440,G506,Directed,17787,,,1
G440,G1421,Directed,17788,,,1
G440,G1716,Directed,17789,,,1
G441,G440,Directed,17790,,,1
G441,G506,Directed,17791,,,1
G441,G1421,Directed,17792,,,1
G441,G1716,Directed,17793,,,1
G442,G417,Directed,17794,,,1
G442,G418,Directed,17795,,,1
G442,G443,Directed,17796,,,1
G443,G273,Directed,17797,,,1
G443,G408,Directed,17798,,,1
G443,G409,Directed,17799,,,1
G443,G417,Directed,17800,,,1
G443,G418,Directed,17801,,,1
G443,G442,Directed,17802,,,1
G443,G457,Directed,17803,,,1
G443,G460,Directed,17804,,,1
G443,G560,Directed,17805,,,1
G443,G702,Directed,17806,,,1
G443,G743,Directed,17807,,,1
G443,G1061,Directed,17808,,,1
G443,G1289,Directed,17809,,,1
G443,G1317,Directed,17810,,,1
G443,G1592,Directed,17811,,,1
G443,G1617,Directed,17812,,,1
G444,G161,Directed,17813,,,1
G444,G445,Directed,17814,,,1
G444,G497,Directed,17815,,,1
G445,G161,Directed,17816,,,1
G445,G162,Directed,17817,,,1
G445,G444,Directed,17818,,,1
G445,G497,Directed,17819,,,1
G445,G760,Directed,17820,,,1
G446,G327,Directed,17821,,,1
G446,G328,Directed,17822,,,1
G446,G357,Directed,17823,,,1
G446,G358,Directed,17824,,,1
G446,G398,Directed,17825,,,1
G446,G490,Directed,17826,,,1
G446,G710,Directed,17827,,,1
G447,G448,Directed,17828,,,1
G447,G516,Directed,17829,,,1
G447,G1192,Directed,17830,,,1
G447,G1193,Directed,17831,,,1
G447,G1202,Directed,17832,,,1
G447,G1215,Directed,17833,,,1
G447,G1249,Directed,17834,,,1
G447,G1544,Directed,17835,,,1
G447,G1547,Directed,17836,,,1
G447,G1584,Directed,17837,,,1
G447,G1606,Directed,17838,,,1
G447,G1665,Directed,17839,,,1
G447,G1668,Directed,17840,,,1
G447,G1855,Directed,17841,,,1
G447,G2050,Directed,17842,,,1
G448,G246,Directed,17843,,,1
G448,G255,Directed,17844,,,1
G448,G400,Directed,17845,,,1
G448,G447,Directed,17846,,,1
G448,G473,Directed,17847,,,1
G448,G474,Directed,17848,,,1
G448,G504,Directed,17849,,,1
G448,G899,Directed,17850,,,1
G448,G1018,Directed,17851,,,1
G448,G1019,Directed,17852,,,1
G448,G1034,Directed,17853,,,1
G448,G1051,Directed,17854,,,1
G448,G1161,Directed,17855,,,1
G448,G1192,Directed,17856,,,1
G448,G1208,Directed,17857,,,1
G448,G1249,Directed,17858,,,1
G448,G1287,Directed,17859,,,1
G448,G1327,Directed,17860,,,1
G448,G1331,Directed,17861,,,1
G448,G1361,Directed,17862,,,1
G448,G1565,Directed,17863,,,1
G448,G1583,Directed,17864,,,1
G448,G1607,Directed,17865,,,1
G448,G1913,Directed,17866,,,1
G448,G2154,Directed,17867,,,1
G448,G2280,Directed,17868,,,1
G449,G112,Directed,17869,,,1
G449,G167,Directed,17870,,,1
G449,G175,Directed,17871,,,1
G449,G176,Directed,17872,,,1
G449,G177,Directed,17873,,,1
G449,G178,Directed,17874,,,1
G449,G179,Directed,17875,,,1
G449,G180,Directed,17876,,,1
G449,G181,Directed,17877,,,1
G449,G182,Directed,17878,,,1
G449,G183,Directed,17879,,,1
G449,G184,Directed,17880,,,1
G449,G185,Directed,17881,,,1
G449,G186,Directed,17882,,,1
G449,G187,Directed,17883,,,1
G449,G189,Directed,17884,,,1
G449,G190,Directed,17885,,,1
G449,G191,Directed,17886,,,1
G449,G192,Directed,17887,,,1
G449,G195,Directed,17888,,,1
G449,G288,Directed,17889,,,1
G449,G518,Directed,17890,,,1
G449,G923,Directed,17891,,,1
G449,G924,Directed,17892,,,1
G449,G925,Directed,17893,,,1
G449,G926,Directed,17894,,,1
G449,G927,Directed,17895,,,1
G449,G928,Directed,17896,,,1
G449,G932,Directed,17897,,,1
G449,G933,Directed,17898,,,1
G449,G934,Directed,17899,,,1
G449,G935,Directed,17900,,,1
G449,G936,Directed,17901,,,1
G449,G937,Directed,17902,,,1
G449,G938,Directed,17903,,,1
G449,G939,Directed,17904,,,1
G449,G940,Directed,17905,,,1
G449,G941,Directed,17906,,,1
G449,G942,Directed,17907,,,1
G449,G943,Directed,17908,,,1
G449,G944,Directed,17909,,,1
G449,G949,Directed,17910,,,1
G449,G953,Directed,17911,,,1
G449,G954,Directed,17912,,,1
G449,G955,Directed,17913,,,1
G449,G1157,Directed,17914,,,1
G449,G1241,Directed,17915,,,1
G449,G1243,Directed,17916,,,1
G449,G1245,Directed,17917,,,1
G449,G1321,Directed,17918,,,1
G449,G1443,Directed,17919,,,1
G449,G1503,Directed,17920,,,1
G449,G1659,Directed,17921,,,1
G449,G1671,Directed,17922,,,1
G450,G121,Directed,17923,,,1
G450,G137,Directed,17924,,,1
G450,G250,Directed,17925,,,1
G450,G333,Directed,17926,,,1
G450,G416,Directed,17927,,,1
G450,G522,Directed,17928,,,1
G450,G525,Directed,17929,,,1
G450,G867,Directed,17930,,,1
G450,G1149,Directed,17931,,,1
G450,G1285,Directed,17932,,,1
G450,G1332,Directed,17933,,,1
G450,G1368,Directed,17934,,,1
G450,G1591,Directed,17935,,,1
G450,G1814,Directed,17936,,,1
G450,G1867,Directed,17937,,,1
G450,G1869,Directed,17938,,,1
G450,G2146,Directed,17939,,,1
G451,G228,Directed,17940,,,1
G451,G303,Directed,17941,,,1
G451,G304,Directed,17942,,,1
G451,G333,Directed,17943,,,1
G451,G370,Directed,17944,,,1
G451,G387,Directed,17945,,,1
G451,G419,Directed,17946,,,1
G451,G421,Directed,17947,,,1
G451,G429,Directed,17948,,,1
G451,G452,Directed,17949,,,1
G451,G493,Directed,17950,,,1
G451,G494,Directed,17951,,,1
G451,G511,Directed,17952,,,1
G451,G520,Directed,17953,,,1
G451,G691,Directed,17954,,,1
G451,G711,Directed,17955,,,1
G451,G889,Directed,17956,,,1
G451,G1504,Directed,17957,,,1
G451,G1515,Directed,17958,,,1
G451,G1516,Directed,17959,,,1
G451,G1517,Directed,17960,,,1
G451,G1649,Directed,17961,,,1
G451,G1809,Directed,17962,,,1
G452,G303,Directed,17963,,,1
G452,G304,Directed,17964,,,1
G452,G333,Directed,17965,,,1
G452,G370,Directed,17966,,,1
G452,G387,Directed,17967,,,1
G452,G419,Directed,17968,,,1
G452,G421,Directed,17969,,,1
G452,G429,Directed,17970,,,1
G452,G451,Directed,17971,,,1
G452,G493,Directed,17972,,,1
G452,G494,Directed,17973,,,1
G452,G511,Directed,17974,,,1
G452,G520,Directed,17975,,,1
G452,G691,Directed,17976,,,1
G452,G711,Directed,17977,,,1
G452,G1504,Directed,17978,,,1
G452,G1515,Directed,17979,,,1
G452,G1516,Directed,17980,,,1
G452,G1517,Directed,17981,,,1
G452,G1649,Directed,17982,,,1
G452,G1809,Directed,17983,,,1
G453,G89,Directed,17984,,,1
G453,G90,Directed,17985,,,1
G453,G140,Directed,17986,,,1
G453,G454,Directed,17987,,,1
G454,G89,Directed,17988,,,1
G454,G90,Directed,17989,,,1
G454,G140,Directed,17990,,,1
G454,G453,Directed,17991,,,1
G455,G134,Directed,17992,,,1
G455,G135,Directed,17993,,,1
G455,G159,Directed,17994,,,1
G455,G246,Directed,17995,,,1
G455,G571,Directed,17996,,,1
G455,G572,Directed,17997,,,1
G455,G739,Directed,17998,,,1
G455,G821,Directed,17999,,,1
G455,G1478,Directed,18000,,,1
G455,G2098,Directed,18001,,,1
G456,G49,Directed,18002,,,1
G456,G50,Directed,18003,,,1
G456,G51,Directed,18004,,,1
G456,G52,Directed,18005,,,1
G456,G53,Directed,18006,,,1
G456,G58,Directed,18007,,,1
G456,G69,Directed,18008,,,1
G456,G71,Directed,18009,,,1
G456,G75,Directed,18010,,,1
G456,G76,Directed,18011,,,1
G456,G80,Directed,18012,,,1
G456,G81,Directed,18013,,,1
G456,G95,Directed,18014,,,1
G456,G97,Directed,18015,,,1
G456,G100,Directed,18016,,,1
G456,G150,Directed,18017,,,1
G456,G153,Directed,18018,,,1
G456,G245,Directed,18019,,,1
G456,G263,Directed,18020,,,1
G456,G265,Directed,18021,,,1
G456,G381,Directed,18022,,,1
G456,G423,Directed,18023,,,1
G456,G652,Directed,18024,,,1
G456,G841,Directed,18025,,,1
G456,G1412,Directed,18026,,,1
G456,G1587,Directed,18027,,,1
G457,G408,Directed,18028,,,1
G457,G409,Directed,18029,,,1
G457,G417,Directed,18030,,,1
G457,G418,Directed,18031,,,1
G457,G443,Directed,18032,,,1
G457,G460,Directed,18033,,,1
G457,G560,Directed,18034,,,1
G457,G702,Directed,18035,,,1
G457,G1061,Directed,18036,,,1
G457,G1289,Directed,18037,,,1
G457,G1317,Directed,18038,,,1
G458,G459,Directed,18039,,,1
G458,G557,Directed,18040,,,1
G458,G1056,Directed,18041,,,1
G458,G1106,Directed,18042,,,1
G458,G1153,Directed,18043,,,1
G458,G1374,Directed,18044,,,1
G458,G1390,Directed,18045,,,1
G458,G1797,Directed,18046,,,1
G459,G458,Directed,18047,,,1
G459,G557,Directed,18048,,,1
G459,G1106,Directed,18049,,,1
G459,G1153,Directed,18050,,,1
G459,G1374,Directed,18051,,,1
G459,G1390,Directed,18052,,,1
G459,G2033,Directed,18053,,,1
G460,G11,Directed,18054,,,1
G460,G27,Directed,18055,,,1
G460,G145,Directed,18056,,,1
G460,G314,Directed,18057,,,1
G460,G354,Directed,18058,,,1
G460,G410,Directed,18059,,,1
G460,G417,Directed,18060,,,1
G460,G418,Directed,18061,,,1
G460,G443,Directed,18062,,,1
G460,G457,Directed,18063,,,1
G460,G495,Directed,18064,,,1
G460,G510,Directed,18065,,,1
G460,G682,Directed,18066,,,1
G460,G796,Directed,18067,,,1
G461,G11,Directed,18068,,,1
G461,G13,Directed,18069,,,1
G461,G14,Directed,18070,,,1
G461,G54,Directed,18071,,,1
G461,G55,Directed,18072,,,1
G461,G56,Directed,18073,,,1
G461,G57,Directed,18074,,,1
G461,G59,Directed,18075,,,1
G461,G172,Directed,18076,,,1
G461,G242,Directed,18077,,,1
G461,G268,Directed,18078,,,1
G461,G281,Directed,18079,,,1
G461,G314,Directed,18080,,,1
G461,G366,Directed,18081,,,1
G461,G367,Directed,18082,,,1
G461,G379,Directed,18083,,,1
G461,G382,Directed,18084,,,1
G461,G406,Directed,18085,,,1
G461,G435,Directed,18086,,,1
G461,G495,Directed,18087,,,1
G461,G505,Directed,18088,,,1
G461,G612,Directed,18089,,,1
G461,G709,Directed,18090,,,1
G461,G1109,Directed,18091,,,1
G462,G2,Directed,18092,,,1
G462,G49,Directed,18093,,,1
G462,G50,Directed,18094,,,1
G462,G51,Directed,18095,,,1
G462,G52,Directed,18096,,,1
G462,G53,Directed,18097,,,1
G462,G58,Directed,18098,,,1
G462,G70,Directed,18099,,,1
G462,G75,Directed,18100,,,1
G462,G80,Directed,18101,,,1
G462,G84,Directed,18102,,,1
G462,G92,Directed,18103,,,1
G462,G95,Directed,18104,,,1
G462,G100,Directed,18105,,,1
G462,G153,Directed,18106,,,1
G462,G245,Directed,18107,,,1
G462,G263,Directed,18108,,,1
G462,G265,Directed,18109,,,1
G462,G267,Directed,18110,,,1
G462,G296,Directed,18111,,,1
G462,G302,Directed,18112,,,1
G462,G351,Directed,18113,,,1
G462,G381,Directed,18114,,,1
G462,G405,Directed,18115,,,1
G462,G471,Directed,18116,,,1
G462,G472,Directed,18117,,,1
G462,G508,Directed,18118,,,1
G462,G512,Directed,18119,,,1
G462,G526,Directed,18120,,,1
G462,G589,Directed,18121,,,1
G462,G1345,Directed,18122,,,1
G463,G40,Directed,18123,,,1
G463,G42,Directed,18124,,,1
G463,G45,Directed,18125,,,1
G463,G68,Directed,18126,,,1
G463,G335,Directed,18127,,,1
G463,G413,Directed,18128,,,1
G463,G464,Directed,18129,,,1
G463,G485,Directed,18130,,,1
G463,G1197,Directed,18131,,,1
G463,G1849,Directed,18132,,,1
G464,G40,Directed,18133,,,1
G464,G42,Directed,18134,,,1
G464,G45,Directed,18135,,,1
G464,G68,Directed,18136,,,1
G464,G335,Directed,18137,,,1
G464,G413,Directed,18138,,,1
G464,G463,Directed,18139,,,1
G464,G485,Directed,18140,,,1
G464,G1197,Directed,18141,,,1
G464,G1849,Directed,18142,,,1
G465,G6,Directed,18143,,,1
G465,G292,Directed,18144,,,1
G465,G313,Directed,18145,,,1
G465,G637,Directed,18146,,,1
G465,G688,Directed,18147,,,1
G465,G1110,Directed,18148,,,1
G465,G1213,Directed,18149,,,1
G466,G161,Directed,18150,,,1
G466,G254,Directed,18151,,,1
G466,G314,Directed,18152,,,1
G466,G440,Directed,18153,,,1
G466,G510,Directed,18154,,,1
G466,G541,Directed,18155,,,1
G466,G542,Directed,18156,,,1
G466,G579,Directed,18157,,,1
G466,G617,Directed,18158,,,1
G466,G676,Directed,18159,,,1
G466,G677,Directed,18160,,,1
G466,G1771,Directed,18161,,,1
G467,G350,Directed,18162,,,1
G467,G438,Directed,18163,,,1
G467,G439,Directed,18164,,,1
G467,G523,Directed,18165,,,1
G467,G684,Directed,18166,,,1
G467,G1645,Directed,18167,,,1
G467,G1754,Directed,18168,,,1
G467,G1798,Directed,18169,,,1
G468,G1,Directed,18170,,,1
G468,G2,Directed,18171,,,1
G468,G99,Directed,18172,,,1
G468,G101,Directed,18173,,,1
G468,G102,Directed,18174,,,1
G468,G111,Directed,18175,,,1
G468,G131,Directed,18176,,,1
G468,G156,Directed,18177,,,1
G468,G296,Directed,18178,,,1
G468,G309,Directed,18179,,,1
G468,G342,Directed,18180,,,1
G468,G384,Directed,18181,,,1
G468,G386,Directed,18182,,,1
G468,G388,Directed,18183,,,1
G468,G393,Directed,18184,,,1
G468,G402,Directed,18185,,,1
G468,G526,Directed,18186,,,1
G468,G534,Directed,18187,,,1
G468,G627,Directed,18188,,,1
G468,G663,Directed,18189,,,1
G468,G680,Directed,18190,,,1
G468,G771,Directed,18191,,,1
G468,G862,Directed,18192,,,1
G468,G1104,Directed,18193,,,1
G468,G1554,Directed,18194,,,1
G468,G1561,Directed,18195,,,1
G469,G5,Directed,18196,,,1
G469,G6,Directed,18197,,,1
G469,G109,Directed,18198,,,1
G469,G110,Directed,18199,,,1
G469,G117,Directed,18200,,,1
G469,G239,Directed,18201,,,1
G469,G292,Directed,18202,,,1
G469,G313,Directed,18203,,,1
G469,G339,Directed,18204,,,1
G469,G350,Directed,18205,,,1
G469,G688,Directed,18206,,,1
G469,G1082,Directed,18207,,,1
G469,G1110,Directed,18208,,,1
G469,G1124,Directed,18209,,,1
G469,G1125,Directed,18210,,,1
G469,G1213,Directed,18211,,,1
G469,G1301,Directed,18212,,,1
G469,G1309,Directed,18213,,,1
G469,G1410,Directed,18214,,,1
G469,G1531,Directed,18215,,,1
G469,G2200,Directed,18216,,,1
G470,G11,Directed,18217,,,1
G470,G46,Directed,18218,,,1
G470,G144,Directed,18219,,,1
G470,G145,Directed,18220,,,1
G470,G152,Directed,18221,,,1
G470,G215,Directed,18222,,,1
G470,G242,Directed,18223,,,1
G470,G327,Directed,18224,,,1
G470,G410,Directed,18225,,,1
G470,G500,Directed,18226,,,1
G470,G510,Directed,18227,,,1
G470,G515,Directed,18228,,,1
G470,G625,Directed,18229,,,1
G470,G626,Directed,18230,,,1
G470,G628,Directed,18231,,,1
G470,G765,Directed,18232,,,1
G470,G1013,Directed,18233,,,1
G470,G1022,Directed,18234,,,1
G470,G1023,Directed,18235,,,1
G470,G1506,Directed,18236,,,1
G470,G1943,Directed,18237,,,1
G470,G1945,Directed,18238,,,1
G470,G1946,Directed,18239,,,1
G471,G49,Directed,18240,,,1
G471,G50,Directed,18241,,,1
G471,G52,Directed,18242,,,1
G471,G53,Directed,18243,,,1
G471,G58,Directed,18244,,,1
G471,G76,Directed,18245,,,1
G471,G80,Directed,18246,,,1
G471,G84,Directed,18247,,,1
G471,G263,Directed,18248,,,1
G471,G267,Directed,18249,,,1
G471,G302,Directed,18250,,,1
G471,G405,Directed,18251,,,1
G471,G462,Directed,18252,,,1
G471,G1345,Directed,18253,,,1
G472,G32,Directed,18254,,,1
G472,G33,Directed,18255,,,1
G472,G49,Directed,18256,,,1
G472,G50,Directed,18257,,,1
G472,G52,Directed,18258,,,1
G472,G53,Directed,18259,,,1
G472,G58,Directed,18260,,,1
G472,G60,Directed,18261,,,1
G472,G61,Directed,18262,,,1
G472,G75,Directed,18263,,,1
G472,G80,Directed,18264,,,1
G472,G92,Directed,18265,,,1
G472,G245,Directed,18266,,,1
G472,G263,Directed,18267,,,1
G472,G265,Directed,18268,,,1
G472,G295,Directed,18269,,,1
G472,G297,Directed,18270,,,1
G472,G308,Directed,18271,,,1
G472,G351,Directed,18272,,,1
G472,G381,Directed,18273,,,1
G472,G462,Directed,18274,,,1
G472,G649,Directed,18275,,,1
G472,G679,Directed,18276,,,1
G472,G1345,Directed,18277,,,1
G472,G1576,Directed,18278,,,1
G472,G1608,Directed,18279,,,1
G472,G1880,Directed,18280,,,1
G473,G246,Directed,18281,,,1
G473,G400,Directed,18282,,,1
G473,G448,Directed,18283,,,1
G473,G474,Directed,18284,,,1
G473,G516,Directed,18285,,,1
G473,G1192,Directed,18286,,,1
G473,G1193,Directed,18287,,,1
G473,G1202,Directed,18288,,,1
G473,G1208,Directed,18289,,,1
G473,G1215,Directed,18290,,,1
G473,G1249,Directed,18291,,,1
G473,G1329,Directed,18292,,,1
G473,G1331,Directed,18293,,,1
G473,G1987,Directed,18294,,,1
G473,G2013,Directed,18295,,,1
G473,G2060,Directed,18296,,,1
G474,G254,Directed,18297,,,1
G474,G448,Directed,18298,,,1
G474,G473,Directed,18299,,,1
G474,G516,Directed,18300,,,1
G474,G591,Directed,18301,,,1
G474,G1192,Directed,18302,,,1
G474,G1193,Directed,18303,,,1
G474,G1202,Directed,18304,,,1
G474,G1215,Directed,18305,,,1
G474,G1249,Directed,18306,,,1
G474,G1284,Directed,18307,,,1
G474,G1302,Directed,18308,,,1
G474,G1331,Directed,18309,,,1
G474,G1335,Directed,18310,,,1
G474,G1360,Directed,18311,,,1
G474,G1382,Directed,18312,,,1
G474,G1629,Directed,18313,,,1
G474,G1705,Directed,18314,,,1
G474,G1797,Directed,18315,,,1
G474,G1910,Directed,18316,,,1
G474,G1912,Directed,18317,,,1
G474,G1915,Directed,18318,,,1
G475,G476,Directed,18319,,,1
G475,G699,Directed,18320,,,1
G475,G2189,Directed,18321,,,1
G476,G213,Directed,18322,,,1
G476,G433,Directed,18323,,,1
G476,G475,Directed,18324,,,1
G476,G656,Directed,18325,,,1
G476,G657,Directed,18326,,,1
G476,G770,Directed,18327,,,1
G476,G784,Directed,18328,,,1
G476,G868,Directed,18329,,,1
G476,G919,Directed,18330,,,1
G476,G1194,Directed,18331,,,1
G476,G1305,Directed,18332,,,1
G476,G1821,Directed,18333,,,1
G476,G2066,Directed,18334,,,1
G476,G2084,Directed,18335,,,1
G476,G2094,Directed,18336,,,1
G476,G2125,Directed,18337,,,1
G476,G2155,Directed,18338,,,1
G476,G2221,Directed,18339,,,1
G476,G2226,Directed,18340,,,1
G476,G2235,Directed,18341,,,1
G476,G2237,Directed,18342,,,1
G476,G2243,Directed,18343,,,1
G476,G2264,Directed,18344,,,1
G476,G2307,Directed,18345,,,1
G476,G2312,Directed,18346,,,1
G476,G2325,Directed,18347,,,1
G476,G2332,Directed,18348,,,1
G476,G2356,Directed,18349,,,1
G477,G144,Directed,18350,,,1
G477,G170,Directed,18351,,,1
G477,G171,Directed,18352,,,1
G477,G312,Directed,18353,,,1
G477,G517,Directed,18354,,,1
G477,G1177,Directed,18355,,,1
G477,G1178,Directed,18356,,,1
G478,G1,Directed,18357,,,1
G478,G2,Directed,18358,,,1
G478,G3,Directed,18359,,,1
G478,G4,Directed,18360,,,1
G478,G22,Directed,18361,,,1
G478,G99,Directed,18362,,,1
G478,G101,Directed,18363,,,1
G478,G102,Directed,18364,,,1
G478,G111,Directed,18365,,,1
G478,G131,Directed,18366,,,1
G478,G142,Directed,18367,,,1
G478,G155,Directed,18368,,,1
G478,G243,Directed,18369,,,1
G478,G296,Directed,18370,,,1
G478,G309,Directed,18371,,,1
G478,G342,Directed,18372,,,1
G478,G373,Directed,18373,,,1
G478,G374,Directed,18374,,,1
G478,G384,Directed,18375,,,1
G478,G386,Directed,18376,,,1
G478,G388,Directed,18377,,,1
G478,G393,Directed,18378,,,1
G478,G402,Directed,18379,,,1
G478,G663,Directed,18380,,,1
G478,G680,Directed,18381,,,1
G478,G744,Directed,18382,,,1
G478,G749,Directed,18383,,,1
G478,G862,Directed,18384,,,1
G478,G1104,Directed,18385,,,1
G478,G1554,Directed,18386,,,1
G478,G1561,Directed,18387,,,1
G479,G119,Directed,18388,,,1
G479,G120,Directed,18389,,,1
G480,G481,Directed,18390,,,1
G481,G480,Directed,18391,,,1
G481,G553,Directed,18392,,,1
G482,G255,Directed,18393,,,1
G482,G321,Directed,18394,,,1
G482,G383,Directed,18395,,,1
G482,G1034,Directed,18396,,,1
G482,G1257,Directed,18397,,,1
G482,G1266,Directed,18398,,,1
G482,G1277,Directed,18399,,,1
G482,G1425,Directed,18400,,,1
G482,G1440,Directed,18401,,,1
G482,G1454,Directed,18402,,,1
G482,G1657,Directed,18403,,,1
G483,G40,Directed,18404,,,1
G483,G41,Directed,18405,,,1
G483,G45,Directed,18406,,,1
G483,G46,Directed,18407,,,1
G483,G68,Directed,18408,,,1
G483,G322,Directed,18409,,,1
G483,G407,Directed,18410,,,1
G483,G887,Directed,18411,,,1
G483,G1176,Directed,18412,,,1
G483,G1197,Directed,18413,,,1
G484,G147,Directed,18414,,,1
G484,G161,Directed,18415,,,1
G484,G2151,Directed,18416,,,1
G485,G40,Directed,18417,,,1
G485,G42,Directed,18418,,,1
G485,G45,Directed,18419,,,1
G485,G67,Directed,18420,,,1
G485,G68,Directed,18421,,,1
G485,G157,Directed,18422,,,1
G485,G335,Directed,18423,,,1
G485,G413,Directed,18424,,,1
G485,G463,Directed,18425,,,1
G485,G464,Directed,18426,,,1
G485,G1037,Directed,18427,,,1
G485,G1197,Directed,18428,,,1
G485,G1423,Directed,18429,,,1
G485,G1424,Directed,18430,,,1
G485,G1464,Directed,18431,,,1
G485,G1919,Directed,18432,,,1
G485,G1931,Directed,18433,,,1
G485,G2029,Directed,18434,,,1
G486,G45,Directed,18435,,,1
G486,G50,Directed,18436,,,1
G486,G335,Directed,18437,,,1
G486,G545,Directed,18438,,,1
G486,G587,Directed,18439,,,1
G486,G737,Directed,18440,,,1
G487,G202,Directed,18441,,,1
G487,G203,Directed,18442,,,1
G487,G1704,Directed,18443,,,1
G487,G1764,Directed,18444,,,1
G487,G1851,Directed,18445,,,1
G488,G2,Directed,18446,,,1
G488,G95,Directed,18447,,,1
G488,G99,Directed,18448,,,1
G488,G101,Directed,18449,,,1
G488,G102,Directed,18450,,,1
G488,G111,Directed,18451,,,1
G488,G131,Directed,18452,,,1
G488,G155,Directed,18453,,,1
G488,G296,Directed,18454,,,1
G488,G309,Directed,18455,,,1
G488,G342,Directed,18456,,,1
G488,G373,Directed,18457,,,1
G488,G384,Directed,18458,,,1
G488,G388,Directed,18459,,,1
G488,G393,Directed,18460,,,1
G488,G402,Directed,18461,,,1
G488,G627,Directed,18462,,,1
G488,G663,Directed,18463,,,1
G488,G736,Directed,18464,,,1
G489,G49,Directed,18465,,,1
G489,G50,Directed,18466,,,1
G489,G51,Directed,18467,,,1
G489,G52,Directed,18468,,,1
G489,G53,Directed,18469,,,1
G489,G58,Directed,18470,,,1
G489,G80,Directed,18471,,,1
G489,G81,Directed,18472,,,1
G489,G95,Directed,18473,,,1
G489,G153,Directed,18474,,,1
G489,G245,Directed,18475,,,1
G489,G263,Directed,18476,,,1
G489,G265,Directed,18477,,,1
G489,G267,Directed,18478,,,1
G489,G302,Directed,18479,,,1
G489,G351,Directed,18480,,,1
G489,G381,Directed,18481,,,1
G489,G405,Directed,18482,,,1
G489,G423,Directed,18483,,,1
G489,G528,Directed,18484,,,1
G489,G554,Directed,18485,,,1
G489,G599,Directed,18486,,,1
G490,G328,Directed,18487,,,1
G490,G357,Directed,18488,,,1
G490,G358,Directed,18489,,,1
G490,G398,Directed,18490,,,1
G490,G446,Directed,18491,,,1
G491,G138,Directed,18492,,,1
G491,G386,Directed,18493,,,1
G491,G502,Directed,18494,,,1
G491,G522,Directed,18495,,,1
G492,G71,Directed,18496,,,1
G492,G113,Directed,18497,,,1
G492,G205,Directed,18498,,,1
G492,G210,Directed,18499,,,1
G492,G275,Directed,18500,,,1
G492,G342,Directed,18501,,,1
G492,G432,Directed,18502,,,1
G492,G516,Directed,18503,,,1
G492,G559,Directed,18504,,,1
G492,G704,Directed,18505,,,1
G492,G731,Directed,18506,,,1
G492,G761,Directed,18507,,,1
G492,G786,Directed,18508,,,1
G492,G892,Directed,18509,,,1
G492,G1121,Directed,18510,,,1
G492,G1674,Directed,18511,,,1
G492,G1706,Directed,18512,,,1
G492,G1708,Directed,18513,,,1
G492,G1772,Directed,18514,,,1
G492,G1774,Directed,18515,,,1
G493,G303,Directed,18516,,,1
G493,G304,Directed,18517,,,1
G493,G333,Directed,18518,,,1
G493,G370,Directed,18519,,,1
G493,G387,Directed,18520,,,1
G493,G419,Directed,18521,,,1
G493,G421,Directed,18522,,,1
G493,G429,Directed,18523,,,1
G493,G451,Directed,18524,,,1
G493,G452,Directed,18525,,,1
G493,G494,Directed,18526,,,1
G493,G691,Directed,18527,,,1
G493,G711,Directed,18528,,,1
G493,G889,Directed,18529,,,1
G493,G1504,Directed,18530,,,1
G493,G1515,Directed,18531,,,1
G493,G1516,Directed,18532,,,1
G493,G1517,Directed,18533,,,1
G493,G1649,Directed,18534,,,1
G493,G1809,Directed,18535,,,1
G494,G303,Directed,18536,,,1
G494,G304,Directed,18537,,,1
G494,G333,Directed,18538,,,1
G494,G370,Directed,18539,,,1
G494,G387,Directed,18540,,,1
G494,G419,Directed,18541,,,1
G494,G421,Directed,18542,,,1
G494,G429,Directed,18543,,,1
G494,G451,Directed,18544,,,1
G494,G452,Directed,18545,,,1
G494,G493,Directed,18546,,,1
G494,G511,Directed,18547,,,1
G494,G520,Directed,18548,,,1
G494,G691,Directed,18549,,,1
G494,G711,Directed,18550,,,1
G494,G1504,Directed,18551,,,1
G494,G1515,Directed,18552,,,1
G494,G1516,Directed,18553,,,1
G494,G1517,Directed,18554,,,1
G494,G1649,Directed,18555,,,1
G494,G1809,Directed,18556,,,1
G495,G11,Directed,18557,,,1
G495,G172,Directed,18558,,,1
G495,G219,Directed,18559,,,1
G495,G366,Directed,18560,,,1
G495,G367,Directed,18561,,,1
G495,G379,Directed,18562,,,1
G495,G382,Directed,18563,,,1
G495,G406,Directed,18564,,,1
G495,G435,Directed,18565,,,1
G495,G460,Directed,18566,,,1
G495,G461,Directed,18567,,,1
G495,G505,Directed,18568,,,1
G495,G612,Directed,18569,,,1
G495,G709,Directed,18570,,,1
G496,G1,Directed,18571,,,1
G496,G2,Directed,18572,,,1
G496,G51,Directed,18573,,,1
G496,G79,Directed,18574,,,1
G496,G98,Directed,18575,,,1
G496,G99,Directed,18576,,,1
G496,G117,Directed,18577,,,1
G496,G118,Directed,18578,,,1
G496,G155,Directed,18579,,,1
G496,G156,Directed,18580,,,1
G496,G238,Directed,18581,,,1
G496,G239,Directed,18582,,,1
G496,G262,Directed,18583,,,1
G496,G288,Directed,18584,,,1
G496,G296,Directed,18585,,,1
G496,G339,Directed,18586,,,1
G496,G342,Directed,18587,,,1
G496,G544,Directed,18588,,,1
G496,G640,Directed,18589,,,1
G496,G664,Directed,18590,,,1
G496,G1082,Directed,18591,,,1
G496,G1110,Directed,18592,,,1
G496,G1124,Directed,18593,,,1
G496,G1125,Directed,18594,,,1
G496,G1309,Directed,18595,,,1
G496,G1447,Directed,18596,,,1
G496,G1577,Directed,18597,,,1
G496,G1582,Directed,18598,,,1
G497,G444,Directed,18599,,,1
G497,G445,Directed,18600,,,1
G498,G321,Directed,18601,,,1
G498,G323,Directed,18602,,,1
G498,G324,Directed,18603,,,1
G498,G1221,Directed,18604,,,1
G498,G1670,Directed,18605,,,1
G499,G226,Directed,18606,,,1
G499,G1260,Directed,18607,,,1
G499,G1292,Directed,18608,,,1
G499,G1302,Directed,18609,,,1
G499,G1316,Directed,18610,,,1
G500,G92,Directed,18611,,,1
G500,G95,Directed,18612,,,1
G500,G155,Directed,18613,,,1
G500,G386,Directed,18614,,,1
G500,G470,Directed,18615,,,1
G500,G522,Directed,18616,,,1
G500,G537,Directed,18617,,,1
G500,G749,Directed,18618,,,1
G500,G1022,Directed,18619,,,1
G500,G1023,Directed,18620,,,1
G500,G1090,Directed,18621,,,1
G500,G1264,Directed,18622,,,1
G500,G1297,Directed,18623,,,1
G500,G1472,Directed,18624,,,1
G500,G1830,Directed,18625,,,1
G500,G1857,Directed,18626,,,1
G500,G1942,Directed,18627,,,1
G500,G1968,Directed,18628,,,1
G501,G345,Directed,18629,,,1
G501,G346,Directed,18630,,,1
G501,G362,Directed,18631,,,1
G501,G380,Directed,18632,,,1
G501,G593,Directed,18633,,,1
G501,G1225,Directed,18634,,,1
G501,G1843,Directed,18635,,,1
G502,G51,Directed,18636,,,1
G502,G121,Directed,18637,,,1
G502,G138,Directed,18638,,,1
G502,G386,Directed,18639,,,1
G502,G491,Directed,18640,,,1
G502,G522,Directed,18641,,,1
G502,G1173,Directed,18642,,,1
G502,G1300,Directed,18643,,,1
G503,G365,Directed,18644,,,1
G503,G956,Directed,18645,,,1
G504,G217,Directed,18646,,,1
G504,G224,Directed,18647,,,1
G504,G227,Directed,18648,,,1
G504,G396,Directed,18649,,,1
G504,G448,Directed,18650,,,1
G504,G516,Directed,18651,,,1
G504,G900,Directed,18652,,,1
G504,G1193,Directed,18653,,,1
G504,G1202,Directed,18654,,,1
G504,G1215,Directed,18655,,,1
G504,G1249,Directed,18656,,,1
G504,G1283,Directed,18657,,,1
G504,G1352,Directed,18658,,,1
G504,G1697,Directed,18659,,,1
G504,G1796,Directed,18660,,,1
G504,G1893,Directed,18661,,,1
G504,G1895,Directed,18662,,,1
G504,G1913,Directed,18663,,,1
G504,G1918,Directed,18664,,,1
G504,G1922,Directed,18665,,,1
G504,G2056,Directed,18666,,,1
G505,G172,Directed,18667,,,1
G505,G366,Directed,18668,,,1
G505,G367,Directed,18669,,,1
G505,G379,Directed,18670,,,1
G505,G382,Directed,18671,,,1
G505,G406,Directed,18672,,,1
G505,G435,Directed,18673,,,1
G505,G461,Directed,18674,,,1
G505,G495,Directed,18675,,,1
G505,G612,Directed,18676,,,1
G505,G709,Directed,18677,,,1
G506,G440,Directed,18678,,,1
G506,G441,Directed,18679,,,1
G506,G1421,Directed,18680,,,1
G506,G1716,Directed,18681,,,1
G506,G2103,Directed,18682,,,1
G507,G117,Directed,18683,,,1
G507,G118,Directed,18684,,,1
G507,G262,Directed,18685,,,1
G507,G339,Directed,18686,,,1
G507,G1110,Directed,18687,,,1
G507,G1124,Directed,18688,,,1
G508,G50,Directed,18689,,,1
G508,G51,Directed,18690,,,1
G508,G52,Directed,18691,,,1
G508,G53,Directed,18692,,,1
G508,G58,Directed,18693,,,1
G508,G76,Directed,18694,,,1
G508,G92,Directed,18695,,,1
G508,G150,Directed,18696,,,1
G508,G153,Directed,18697,,,1
G508,G245,Directed,18698,,,1
G508,G263,Directed,18699,,,1
G508,G265,Directed,18700,,,1
G508,G351,Directed,18701,,,1
G508,G381,Directed,18702,,,1
G508,G462,Directed,18703,,,1
G508,G528,Directed,18704,,,1
G508,G1337,Directed,18705,,,1
G508,G1420,Directed,18706,,,1
G508,G1441,Directed,18707,,,1
G508,G2066,Directed,18708,,,1
G509,G200,Directed,18709,,,1
G509,G201,Directed,18710,,,1
G509,G202,Directed,18711,,,1
G509,G203,Directed,18712,,,1
G509,G215,Directed,18713,,,1
G509,G902,Directed,18714,,,1
G509,G1250,Directed,18715,,,1
G509,G1497,Directed,18716,,,1
G509,G1692,Directed,18717,,,1
G509,G1851,Directed,18718,,,1
G510,G11,Directed,18719,,,1
G510,G52,Directed,18720,,,1
G510,G53,Directed,18721,,,1
G510,G144,Directed,18722,,,1
G510,G145,Directed,18723,,,1
G510,G152,Directed,18724,,,1
G510,G242,Directed,18725,,,1
G510,G259,Directed,18726,,,1
G510,G263,Directed,18727,,,1
G510,G289,Directed,18728,,,1
G510,G314,Directed,18729,,,1
G510,G351,Directed,18730,,,1
G510,G354,Directed,18731,,,1
G510,G460,Directed,18732,,,1
G510,G466,Directed,18733,,,1
G510,G470,Directed,18734,,,1
G510,G515,Directed,18735,,,1
G510,G541,Directed,18736,,,1
G510,G579,Directed,18737,,,1
G510,G614,Directed,18738,,,1
G510,G628,Directed,18739,,,1
G510,G694,Directed,18740,,,1
G510,G779,Directed,18741,,,1
G510,G882,Directed,18742,,,1
G510,G1727,Directed,18743,,,1
G511,G303,Directed,18744,,,1
G511,G304,Directed,18745,,,1
G511,G370,Directed,18746,,,1
G511,G387,Directed,18747,,,1
G511,G419,Directed,18748,,,1
G511,G421,Directed,18749,,,1
G511,G429,Directed,18750,,,1
G511,G451,Directed,18751,,,1
G511,G452,Directed,18752,,,1
G511,G494,Directed,18753,,,1
G511,G711,Directed,18754,,,1
G511,G1504,Directed,18755,,,1
G511,G1515,Directed,18756,,,1
G511,G1516,Directed,18757,,,1
G511,G1517,Directed,18758,,,1
G512,G49,Directed,18759,,,1
G512,G50,Directed,18760,,,1
G512,G52,Directed,18761,,,1
G512,G53,Directed,18762,,,1
G512,G58,Directed,18763,,,1
G512,G71,Directed,18764,,,1
G512,G75,Directed,18765,,,1
G512,G76,Directed,18766,,,1
G512,G80,Directed,18767,,,1
G512,G92,Directed,18768,,,1
G512,G95,Directed,18769,,,1
G512,G245,Directed,18770,,,1
G512,G263,Directed,18771,,,1
G512,G267,Directed,18772,,,1
G512,G302,Directed,18773,,,1
G512,G462,Directed,18774,,,1
G512,G1345,Directed,18775,,,1
G513,G69,Directed,18776,,,1
G513,G652,Directed,18777,,,1
G514,G87,Directed,18778,,,1
G514,G125,Directed,18779,,,1
G514,G126,Directed,18780,,,1
G514,G137,Directed,18781,,,1
G514,G585,Directed,18782,,,1
G514,G1734,Directed,18783,,,1
G514,G2234,Directed,18784,,,1
G514,G2333,Directed,18785,,,1
G515,G11,Directed,18786,,,1
G515,G46,Directed,18787,,,1
G515,G152,Directed,18788,,,1
G515,G242,Directed,18789,,,1
G515,G410,Directed,18790,,,1
G515,G470,Directed,18791,,,1
G515,G510,Directed,18792,,,1
G515,G628,Directed,18793,,,1
G516,G71,Directed,18794,,,1
G516,G113,Directed,18795,,,1
G516,G205,Directed,18796,,,1
G516,G210,Directed,18797,,,1
G516,G246,Directed,18798,,,1
G516,G255,Directed,18799,,,1
G516,G275,Directed,18800,,,1
G516,G342,Directed,18801,,,1
G516,G400,Directed,18802,,,1
G516,G432,Directed,18803,,,1
G516,G447,Directed,18804,,,1
G516,G473,Directed,18805,,,1
G516,G474,Directed,18806,,,1
G516,G492,Directed,18807,,,1
G516,G504,Directed,18808,,,1
G516,G559,Directed,18809,,,1
G516,G761,Directed,18810,,,1
G516,G786,Directed,18811,,,1
G516,G892,Directed,18812,,,1
G516,G1018,Directed,18813,,,1
G516,G1019,Directed,18814,,,1
G516,G1034,Directed,18815,,,1
G516,G1051,Directed,18816,,,1
G516,G1121,Directed,18817,,,1
G516,G1161,Directed,18818,,,1
G516,G1192,Directed,18819,,,1
G516,G1208,Directed,18820,,,1
G516,G1287,Directed,18821,,,1
G516,G1327,Directed,18822,,,1
G516,G1331,Directed,18823,,,1
G516,G1361,Directed,18824,,,1
G516,G1565,Directed,18825,,,1
G516,G1583,Directed,18826,,,1
G516,G1607,Directed,18827,,,1
G516,G1674,Directed,18828,,,1
G516,G1706,Directed,18829,,,1
G516,G1708,Directed,18830,,,1
G516,G1772,Directed,18831,,,1
G516,G1774,Directed,18832,,,1
G516,G1913,Directed,18833,,,1
G516,G2154,Directed,18834,,,1
G516,G2280,Directed,18835,,,1
G517,G20,Directed,18836,,,1
G517,G50,Directed,18837,,,1
G517,G84,Directed,18838,,,1
G517,G92,Directed,18839,,,1
G517,G111,Directed,18840,,,1
G517,G144,Directed,18841,,,1
G517,G150,Directed,18842,,,1
G517,G155,Directed,18843,,,1
G517,G477,Directed,18844,,,1
G517,G1446,Directed,18845,,,1
G517,G1563,Directed,18846,,,1
G518,G28,Directed,18847,,,1
G518,G29,Directed,18848,,,1
G518,G41,Directed,18849,,,1
G518,G42,Directed,18850,,,1
G518,G45,Directed,18851,,,1
G518,G46,Directed,18852,,,1
G518,G68,Directed,18853,,,1
G518,G69,Directed,18854,,,1
G518,G91,Directed,18855,,,1
G518,G112,Directed,18856,,,1
G518,G113,Directed,18857,,,1
G518,G167,Directed,18858,,,1
G518,G175,Directed,18859,,,1
G518,G176,Directed,18860,,,1
G518,G177,Directed,18861,,,1
G518,G178,Directed,18862,,,1
G518,G179,Directed,18863,,,1
G518,G180,Directed,18864,,,1
G518,G181,Directed,18865,,,1
G518,G182,Directed,18866,,,1
G518,G183,Directed,18867,,,1
G518,G184,Directed,18868,,,1
G518,G185,Directed,18869,,,1
G518,G186,Directed,18870,,,1
G518,G187,Directed,18871,,,1
G518,G189,Directed,18872,,,1
G518,G190,Directed,18873,,,1
G518,G191,Directed,18874,,,1
G518,G192,Directed,18875,,,1
G518,G195,Directed,18876,,,1
G518,G198,Directed,18877,,,1
G518,G199,Directed,18878,,,1
G518,G204,Directed,18879,,,1
G518,G205,Directed,18880,,,1
G518,G206,Directed,18881,,,1
G518,G207,Directed,18882,,,1
G518,G210,Directed,18883,,,1
G518,G213,Directed,18884,,,1
G518,G223,Directed,18885,,,1
G518,G235,Directed,18886,,,1
G518,G258,Directed,18887,,,1
G518,G275,Directed,18888,,,1
G518,G288,Directed,18889,,,1
G518,G334,Directed,18890,,,1
G518,G422,Directed,18891,,,1
G518,G423,Directed,18892,,,1
G518,G449,Directed,18893,,,1
G518,G521,Directed,18894,,,1
G518,G535,Directed,18895,,,1
G518,G864,Directed,18896,,,1
G518,G912,Directed,18897,,,1
G518,G913,Directed,18898,,,1
G518,G914,Directed,18899,,,1
G518,G917,Directed,18900,,,1
G518,G918,Directed,18901,,,1
G518,G919,Directed,18902,,,1
G518,G921,Directed,18903,,,1
G518,G922,Directed,18904,,,1
G518,G923,Directed,18905,,,1
G518,G924,Directed,18906,,,1
G518,G925,Directed,18907,,,1
G518,G926,Directed,18908,,,1
G518,G927,Directed,18909,,,1
G518,G928,Directed,18910,,,1
G518,G932,Directed,18911,,,1
G518,G933,Directed,18912,,,1
G518,G934,Directed,18913,,,1
G518,G935,Directed,18914,,,1
G518,G936,Directed,18915,,,1
G518,G937,Directed,18916,,,1
G518,G938,Directed,18917,,,1
G518,G939,Directed,18918,,,1
G518,G940,Directed,18919,,,1
G518,G941,Directed,18920,,,1
G518,G942,Directed,18921,,,1
G518,G943,Directed,18922,,,1
G518,G944,Directed,18923,,,1
G518,G953,Directed,18924,,,1
G518,G954,Directed,18925,,,1
G518,G955,Directed,18926,,,1
G518,G960,Directed,18927,,,1
G518,G964,Directed,18928,,,1
G518,G966,Directed,18929,,,1
G518,G967,Directed,18930,,,1
G518,G977,Directed,18931,,,1
G518,G1060,Directed,18932,,,1
G518,G1073,Directed,18933,,,1
G518,G1101,Directed,18934,,,1
G518,G1157,Directed,18935,,,1
G518,G1235,Directed,18936,,,1
G518,G1241,Directed,18937,,,1
G518,G1242,Directed,18938,,,1
G518,G1243,Directed,18939,,,1
G518,G1245,Directed,18940,,,1
G518,G1254,Directed,18941,,,1
G518,G1261,Directed,18942,,,1
G518,G1273,Directed,18943,,,1
G518,G1305,Directed,18944,,,1
G518,G1321,Directed,18945,,,1
G518,G1443,Directed,18946,,,1
G518,G1503,Directed,18947,,,1
G518,G1537,Directed,18948,,,1
G518,G1540,Directed,18949,,,1
G518,G1624,Directed,18950,,,1
G518,G1659,Directed,18951,,,1
G518,G1671,Directed,18952,,,1
G518,G1685,Directed,18953,,,1
G518,G1686,Directed,18954,,,1
G519,G107,Directed,18955,,,1
G519,G108,Directed,18956,,,1
G520,G303,Directed,18957,,,1
G520,G304,Directed,18958,,,1
G520,G370,Directed,18959,,,1
G520,G387,Directed,18960,,,1
G520,G419,Directed,18961,,,1
G520,G421,Directed,18962,,,1
G520,G429,Directed,18963,,,1
G520,G451,Directed,18964,,,1
G520,G452,Directed,18965,,,1
G520,G494,Directed,18966,,,1
G520,G711,Directed,18967,,,1
G520,G889,Directed,18968,,,1
G520,G1504,Directed,18969,,,1
G520,G1515,Directed,18970,,,1
G520,G1516,Directed,18971,,,1
G520,G1517,Directed,18972,,,1
G521,G29,Directed,18973,,,1
G521,G65,Directed,18974,,,1
G521,G68,Directed,18975,,,1
G521,G91,Directed,18976,,,1
G521,G112,Directed,18977,,,1
G521,G175,Directed,18978,,,1
G521,G176,Directed,18979,,,1
G521,G177,Directed,18980,,,1
G521,G180,Directed,18981,,,1
G521,G183,Directed,18982,,,1
G521,G186,Directed,18983,,,1
G521,G190,Directed,18984,,,1
G521,G191,Directed,18985,,,1
G521,G192,Directed,18986,,,1
G521,G195,Directed,18987,,,1
G521,G199,Directed,18988,,,1
G521,G204,Directed,18989,,,1
G521,G205,Directed,18990,,,1
G521,G206,Directed,18991,,,1
G521,G207,Directed,18992,,,1
G521,G223,Directed,18993,,,1
G521,G275,Directed,18994,,,1
G521,G518,Directed,18995,,,1
G521,G629,Directed,18996,,,1
G521,G918,Directed,18997,,,1
G521,G923,Directed,18998,,,1
G521,G924,Directed,18999,,,1
G521,G932,Directed,19000,,,1
G521,G933,Directed,19001,,,1
G521,G936,Directed,19002,,,1
G521,G937,Directed,19003,,,1
G521,G949,Directed,19004,,,1
G521,G967,Directed,19005,,,1
G521,G1101,Directed,19006,,,1
G521,G1387,Directed,19007,,,1
G522,G92,Directed,19008,,,1
G522,G138,Directed,19009,,,1
G522,G386,Directed,19010,,,1
G522,G450,Directed,19011,,,1
G522,G491,Directed,19012,,,1
G522,G500,Directed,19013,,,1
G522,G502,Directed,19014,,,1
G522,G566,Directed,19015,,,1
G522,G732,Directed,19016,,,1
G522,G933,Directed,19017,,,1
G523,G438,Directed,19018,,,1
G523,G439,Directed,19019,,,1
G523,G467,Directed,19020,,,1
G523,G1645,Directed,19021,,,1
G523,G1798,Directed,19022,,,1
G524,G28,Directed,19023,,,1
G524,G29,Directed,19024,,,1
G524,G40,Directed,19025,,,1
G524,G91,Directed,19026,,,1
G524,G258,Directed,19027,,,1
G524,G1438,Directed,19028,,,1
G524,G1690,Directed,19029,,,1
G524,G1838,Directed,19030,,,1
G525,G450,Directed,19031,,,1
G525,G867,Directed,19032,,,1
G525,G2146,Directed,19033,,,1
G526,G1,Directed,19034,,,1
G526,G2,Directed,19035,,,1
G526,G58,Directed,19036,,,1
G526,G84,Directed,19037,,,1
G526,G99,Directed,19038,,,1
G526,G101,Directed,19039,,,1
G526,G131,Directed,19040,,,1
G526,G142,Directed,19041,,,1
G526,G265,Directed,19042,,,1
G526,G296,Directed,19043,,,1
G526,G309,Directed,19044,,,1
G526,G342,Directed,19045,,,1
G526,G381,Directed,19046,,,1
G526,G384,Directed,19047,,,1
G526,G386,Directed,19048,,,1
G526,G393,Directed,19049,,,1
G526,G402,Directed,19050,,,1
G526,G462,Directed,19051,,,1
G526,G468,Directed,19052,,,1
G526,G663,Directed,19053,,,1
G526,G680,Directed,19054,,,1
G526,G739,Directed,19055,,,1
G527,G138,Directed,19056,,,1
G527,G386,Directed,19057,,,1
G528,G49,Directed,19058,,,1
G528,G51,Directed,19059,,,1
G528,G52,Directed,19060,,,1
G528,G53,Directed,19061,,,1
G528,G58,Directed,19062,,,1
G528,G80,Directed,19063,,,1
G528,G81,Directed,19064,,,1
G528,G95,Directed,19065,,,1
G528,G150,Directed,19066,,,1
G528,G245,Directed,19067,,,1
G528,G263,Directed,19068,,,1
G528,G265,Directed,19069,,,1
G528,G267,Directed,19070,,,1
G528,G302,Directed,19071,,,1
G528,G351,Directed,19072,,,1
G528,G405,Directed,19073,,,1
G528,G423,Directed,19074,,,1
G528,G489,Directed,19075,,,1
G528,G508,Directed,19076,,,1
G528,G554,Directed,19077,,,1
G528,G790,Directed,19078,,,1
G529,G530,Directed,19079,,,1
G529,G615,Directed,19080,,,1
G530,G99,Directed,19081,,,1
G530,G529,Directed,19082,,,1
G530,G615,Directed,19083,,,1
G531,G194,Directed,19084,,,1
G531,G323,Directed,19085,,,1
G531,G324,Directed,19086,,,1
G531,G1119,Directed,19087,,,1
G531,G1184,Directed,19088,,,1
G531,G1185,Directed,19089,,,1
G531,G1221,Directed,19090,,,1
G531,G2014,Directed,19091,,,1
G531,G2020,Directed,19092,,,1
G532,G533,Directed,19093,,,1
G532,G2219,Directed,19094,,,1
G532,G2253,Directed,19095,,,1
G533,G532,Directed,19096,,,1
G534,G2,Directed,19097,,,1
G534,G99,Directed,19098,,,1
G534,G102,Directed,19099,,,1
G534,G156,Directed,19100,,,1
G534,G342,Directed,19101,,,1
G534,G384,Directed,19102,,,1
G534,G386,Directed,19103,,,1
G534,G393,Directed,19104,,,1
G534,G402,Directed,19105,,,1
G534,G468,Directed,19106,,,1
G534,G663,Directed,19107,,,1
G534,G680,Directed,19108,,,1
G534,G736,Directed,19109,,,1
G534,G862,Directed,19110,,,1
G534,G1104,Directed,19111,,,1
G534,G1554,Directed,19112,,,1
G534,G1561,Directed,19113,,,1
G535,G29,Directed,19114,,,1
G535,G65,Directed,19115,,,1
G535,G68,Directed,19116,,,1
G535,G91,Directed,19117,,,1
G535,G112,Directed,19118,,,1
G535,G175,Directed,19119,,,1
G535,G176,Directed,19120,,,1
G535,G177,Directed,19121,,,1
G535,G180,Directed,19122,,,1
G535,G183,Directed,19123,,,1
G535,G186,Directed,19124,,,1
G535,G190,Directed,19125,,,1
G535,G191,Directed,19126,,,1
G535,G192,Directed,19127,,,1
G535,G195,Directed,19128,,,1
G535,G199,Directed,19129,,,1
G535,G204,Directed,19130,,,1
G535,G205,Directed,19131,,,1
G535,G206,Directed,19132,,,1
G535,G207,Directed,19133,,,1
G535,G223,Directed,19134,,,1
G535,G275,Directed,19135,,,1
G535,G518,Directed,19136,,,1
G535,G629,Directed,19137,,,1
G535,G918,Directed,19138,,,1
G535,G923,Directed,19139,,,1
G535,G924,Directed,19140,,,1
G535,G932,Directed,19141,,,1
G535,G933,Directed,19142,,,1
G535,G936,Directed,19143,,,1
G535,G937,Directed,19144,,,1
G535,G949,Directed,19145,,,1
G535,G967,Directed,19146,,,1
G535,G1101,Directed,19147,,,1
G535,G1387,Directed,19148,,,1
G536,G119,Directed,19149,,,1
G536,G120,Directed,19150,,,1
G536,G160,Directed,19151,,,1
G536,G558,Directed,19152,,,1
G536,G2098,Directed,19153,,,1
G537,G170,Directed,19154,,,1
G537,G171,Directed,19155,,,1
G537,G500,Directed,19156,,,1
G537,G538,Directed,19157,,,1
G537,G1091,Directed,19158,,,1
G537,G1131,Directed,19159,,,1
G537,G1147,Directed,19160,,,1
G537,G1496,Directed,19161,,,1
G537,G1652,Directed,19162,,,1
G537,G1702,Directed,19163,,,1
G537,G1704,Directed,19164,,,1
G537,G1764,Directed,19165,,,1
G537,G1830,Directed,19166,,,1
G537,G1857,Directed,19167,,,1
G537,G1888,Directed,19168,,,1
G538,G537,Directed,19169,,,1
G539,G540,Directed,19170,,,1
G539,G1501,Directed,19171,,,1
G539,G1687,Directed,19172,,,1
G540,G321,Directed,19173,,,1
G540,G539,Directed,19174,,,1
G540,G767,Directed,19175,,,1
G540,G768,Directed,19176,,,1
G540,G1501,Directed,19177,,,1
G540,G1687,Directed,19178,,,1
G541,G20,Directed,19179,,,1
G541,G466,Directed,19180,,,1
G541,G510,Directed,19181,,,1
G541,G542,Directed,19182,,,1
G541,G610,Directed,19183,,,1
G541,G776,Directed,19184,,,1
G541,G1538,Directed,19185,,,1
G541,G1573,Directed,19186,,,1
G541,G2179,Directed,19187,,,1
G541,G2180,Directed,19188,,,1
G541,G2182,Directed,19189,,,1
G541,G2368,Directed,19190,,,1
G542,G196,Directed,19191,,,1
G542,G466,Directed,19192,,,1
G542,G541,Directed,19193,,,1
G542,G776,Directed,19194,,,1
G543,G22,Directed,19195,,,1
G543,G46,Directed,19196,,,1
G543,G68,Directed,19197,,,1
G543,G99,Directed,19198,,,1
G543,G152,Directed,19199,,,1
G543,G342,Directed,19200,,,1
G543,G578,Directed,19201,,,1
G543,G639,Directed,19202,,,1
G543,G822,Directed,19203,,,1
G544,G117,Directed,19204,,,1
G544,G238,Directed,19205,,,1
G544,G239,Directed,19206,,,1
G544,G262,Directed,19207,,,1
G544,G339,Directed,19208,,,1
G544,G496,Directed,19209,,,1
G544,G1110,Directed,19210,,,1
G544,G1447,Directed,19211,,,1
G544,G1582,Directed,19212,,,1
G544,G1878,Directed,19213,,,1
G544,G2160,Directed,19214,,,1
G544,G2345,Directed,19215,,,1
G545,G25,Directed,19216,,,1
G545,G26,Directed,19217,,,1
G545,G50,Directed,19218,,,1
G545,G76,Directed,19219,,,1
G545,G164,Directed,19220,,,1
G545,G350,Directed,19221,,,1
G545,G486,Directed,19222,,,1
G545,G598,Directed,19223,,,1
G545,G1614,Directed,19224,,,1
G545,G1683,Directed,19225,,,1
G545,G2198,Directed,19226,,,1
G546,G410,Directed,19227,,,1
G546,G547,Directed,19228,,,1
G546,G579,Directed,19229,,,1
G546,G617,Directed,19230,,,1
G546,G626,Directed,19231,,,1
G546,G682,Directed,19232,,,1
G547,G152,Directed,19233,,,1
G547,G242,Directed,19234,,,1
G547,G410,Directed,19235,,,1
G547,G546,Directed,19236,,,1
G547,G579,Directed,19237,,,1
G547,G1727,Directed,19238,,,1
G548,G174,Directed,19239,,,1
G548,G1115,Directed,19240,,,1
G548,G1135,Directed,19241,,,1
G548,G1555,Directed,19242,,,1
G549,G550,Directed,19243,,,1
G549,G604,Directed,19244,,,1
G549,G2101,Directed,19245,,,1
G550,G549,Directed,19246,,,1
G551,G552,Directed,19247,,,1
G551,G623,Directed,19248,,,1
G551,G653,Directed,19249,,,1
G552,G551,Directed,19250,,,1
G552,G623,Directed,19251,,,1
G552,G653,Directed,19252,,,1
G553,G481,Directed,19253,,,1
G553,G1711,Directed,19254,,,1
G554,G49,Directed,19255,,,1
G554,G51,Directed,19256,,,1
G554,G52,Directed,19257,,,1
G554,G53,Directed,19258,,,1
G554,G58,Directed,19259,,,1
G554,G80,Directed,19260,,,1
G554,G81,Directed,19261,,,1
G554,G95,Directed,19262,,,1
G554,G245,Directed,19263,,,1
G554,G263,Directed,19264,,,1
G554,G265,Directed,19265,,,1
G554,G267,Directed,19266,,,1
G554,G302,Directed,19267,,,1
G554,G351,Directed,19268,,,1
G554,G405,Directed,19269,,,1
G554,G423,Directed,19270,,,1
G554,G489,Directed,19271,,,1
G554,G528,Directed,19272,,,1
G555,G556,Directed,19273,,,1
G555,G576,Directed,19274,,,1
G555,G610,Directed,19275,,,1
G555,G797,Directed,19276,,,1
G555,G2219,Directed,19277,,,1
G556,G555,Directed,19278,,,1
G556,G2219,Directed,19279,,,1
G557,G458,Directed,19280,,,1
G557,G459,Directed,19281,,,1
G557,G1106,Directed,19282,,,1
G557,G1153,Directed,19283,,,1
G557,G1390,Directed,19284,,,1
G558,G35,Directed,19285,,,1
G558,G120,Directed,19286,,,1
G558,G536,Directed,19287,,,1
G558,G2098,Directed,19288,,,1
G558,G2248,Directed,19289,,,1
G559,G71,Directed,19290,,,1
G559,G113,Directed,19291,,,1
G559,G199,Directed,19292,,,1
G559,G342,Directed,19293,,,1
G559,G432,Directed,19294,,,1
G559,G492,Directed,19295,,,1
G559,G516,Directed,19296,,,1
G559,G638,Directed,19297,,,1
G559,G704,Directed,19298,,,1
G559,G761,Directed,19299,,,1
G559,G786,Directed,19300,,,1
G560,G246,Directed,19301,,,1
G560,G312,Directed,19302,,,1
G560,G417,Directed,19303,,,1
G560,G418,Directed,19304,,,1
G560,G443,Directed,19305,,,1
G560,G457,Directed,19306,,,1
G560,G1192,Directed,19307,,,1
G560,G1442,Directed,19308,,,1
G560,G1913,Directed,19309,,,1
G561,G562,Directed,19310,,,1
G561,G634,Directed,19311,,,1
G561,G920,Directed,19312,,,1
G562,G255,Directed,19313,,,1
G562,G259,Directed,19314,,,1
G562,G431,Directed,19315,,,1
G562,G561,Directed,19316,,,1
G562,G634,Directed,19317,,,1
G562,G655,Directed,19318,,,1
G562,G1051,Directed,19319,,,1
G562,G1085,Directed,19320,,,1
G562,G1161,Directed,19321,,,1
G562,G1302,Directed,19322,,,1
G562,G1335,Directed,19323,,,1
G562,G1360,Directed,19324,,,1
G562,G1393,Directed,19325,,,1
G562,G1543,Directed,19326,,,1
G562,G1556,Directed,19327,,,1
G562,G1610,Directed,19328,,,1
G562,G1623,Directed,19329,,,1
G562,G1697,Directed,19330,,,1
G562,G1707,Directed,19331,,,1
G562,G1802,Directed,19332,,,1
G562,G1873,Directed,19333,,,1
G562,G1894,Directed,19334,,,1
G562,G1898,Directed,19335,,,1
G562,G1899,Directed,19336,,,1
G562,G1972,Directed,19337,,,1
G562,G1977,Directed,19338,,,1
G562,G2190,Directed,19339,,,1
G562,G2218,Directed,19340,,,1
G562,G2265,Directed,19341,,,1
G562,G2268,Directed,19342,,,1
G562,G2305,Directed,19343,,,1
G562,G2362,Directed,19344,,,1
G563,G11,Directed,19345,,,1
G563,G55,Directed,19346,,,1
G563,G242,Directed,19347,,,1
G563,G314,Directed,19348,,,1
G563,G564,Directed,19349,,,1
G564,G11,Directed,19350,,,1
G564,G395,Directed,19351,,,1
G564,G563,Directed,19352,,,1
G564,G757,Directed,19353,,,1
G564,G764,Directed,19354,,,1
G564,G1193,Directed,19355,,,1
G564,G1202,Directed,19356,,,1
G564,G1215,Directed,19357,,,1
G564,G1906,Directed,19358,,,1
G564,G1956,Directed,19359,,,1
G564,G2031,Directed,19360,,,1
G564,G2045,Directed,19361,,,1
G565,G82,Directed,19362,,,1
G565,G658,Directed,19363,,,1
G566,G121,Directed,19364,,,1
G566,G314,Directed,19365,,,1
G566,G333,Directed,19366,,,1
G566,G410,Directed,19367,,,1
G566,G522,Directed,19368,,,1
G566,G567,Directed,19369,,,1
G566,G811,Directed,19370,,,1
G566,G984,Directed,19371,,,1
G566,G1151,Directed,19372,,,1
G566,G1332,Directed,19373,,,1
G566,G2149,Directed,19374,,,1
G567,G410,Directed,19375,,,1
G567,G566,Directed,19376,,,1
G567,G579,Directed,19377,,,1
G567,G1041,Directed,19378,,,1
G567,G1042,Directed,19379,,,1
G567,G1043,Directed,19380,,,1
G567,G1050,Directed,19381,,,1
G567,G1185,Directed,19382,,,1
G567,G1673,Directed,19383,,,1
G567,G1831,Directed,19384,,,1
G567,G1836,Directed,19385,,,1
G567,G1883,Directed,19386,,,1
G568,G344,Directed,19387,,,1
G569,G34,Directed,19388,,,1
G570,G40,Directed,19389,,,1
G570,G41,Directed,19390,,,1
G570,G42,Directed,19391,,,1
G570,G45,Directed,19392,,,1
G570,G46,Directed,19393,,,1
G570,G67,Directed,19394,,,1
G570,G68,Directed,19395,,,1
G570,G335,Directed,19396,,,1
G570,G413,Directed,19397,,,1
G570,G887,Directed,19398,,,1
G571,G134,Directed,19399,,,1
G571,G135,Directed,19400,,,1
G571,G455,Directed,19401,,,1
G571,G572,Directed,19402,,,1
G571,G729,Directed,19403,,,1
G572,G134,Directed,19404,,,1
G572,G135,Directed,19405,,,1
G572,G455,Directed,19406,,,1
G572,G571,Directed,19407,,,1
G572,G729,Directed,19408,,,1
G573,G574,Directed,19409,,,1
G573,G1053,Directed,19410,,,1
G573,G1574,Directed,19411,,,1
G573,G1868,Directed,19412,,,1
G574,G573,Directed,19413,,,1
G574,G742,Directed,19414,,,1
G574,G2169,Directed,19415,,,1
G575,G116,Directed,19416,,,1
G575,G375,Directed,19417,,,1
G575,G2084,Directed,19418,,,1
G575,G2095,Directed,19419,,,1
G575,G2096,Directed,19420,,,1
G575,G2097,Directed,19421,,,1
G576,G555,Directed,19422,,,1
G576,G577,Directed,19423,,,1
G577,G576,Directed,19424,,,1
G578,G543,Directed,19425,,,1
G578,G579,Directed,19426,,,1
G578,G624,Directed,19427,,,1
G578,G677,Directed,19428,,,1
G578,G885,Directed,19429,,,1
G579,G46,Directed,19430,,,1
G579,G242,Directed,19431,,,1
G579,G254,Directed,19432,,,1
G579,G314,Directed,19433,,,1
G579,G410,Directed,19434,,,1
G579,G466,Directed,19435,,,1
G579,G510,Directed,19436,,,1
G579,G546,Directed,19437,,,1
G579,G547,Directed,19438,,,1
G579,G567,Directed,19439,,,1
G579,G578,Directed,19440,,,1
G579,G617,Directed,19441,,,1
G579,G682,Directed,19442,,,1
G579,G1632,Directed,19443,,,1
G579,G1673,Directed,19444,,,1
G579,G1771,Directed,19445,,,1
G579,G1781,Directed,19446,,,1
G580,G113,Directed,19447,,,1
G580,G181,Directed,19448,,,1
G580,G731,Directed,19449,,,1
G581,G582,Directed,19450,,,1
G581,G616,Directed,19451,,,1
G581,G654,Directed,19452,,,1
G581,G673,Directed,19453,,,1
G582,G581,Directed,19454,,,1
G582,G616,Directed,19455,,,1
G582,G654,Directed,19456,,,1
G582,G673,Directed,19457,,,1
G582,G684,Directed,19458,,,1
G583,G34,Directed,19459,,,1
G583,G35,Directed,19460,,,1
G583,G2197,Directed,19461,,,1
G583,G2248,Directed,19462,,,1
G584,G28,Directed,19463,,,1
G584,G91,Directed,19464,,,1
G584,G407,Directed,19465,,,1
G584,G675,Directed,19466,,,1
G584,G1176,Directed,19467,,,1
G584,G1811,Directed,19468,,,1
G584,G1813,Directed,19469,,,1
G585,G87,Directed,19470,,,1
G585,G126,Directed,19471,,,1
G585,G137,Directed,19472,,,1
G585,G514,Directed,19473,,,1
G585,G2259,Directed,19474,,,1
G586,G92,Directed,19475,,,1
G586,G150,Directed,19476,,,1
G586,G2364,Directed,19477,,,1
G587,G486,Directed,19478,,,1
G588,G389,Directed,19479,,,1
G588,G390,Directed,19480,,,1
G589,G49,Directed,19481,,,1
G589,G50,Directed,19482,,,1
G589,G52,Directed,19483,,,1
G589,G53,Directed,19484,,,1
G589,G58,Directed,19485,,,1
G589,G76,Directed,19486,,,1
G589,G84,Directed,19487,,,1
G589,G150,Directed,19488,,,1
G589,G245,Directed,19489,,,1
G589,G265,Directed,19490,,,1
G589,G267,Directed,19491,,,1
G589,G381,Directed,19492,,,1
G589,G462,Directed,19493,,,1
G590,G73,Directed,19494,,,1
G590,G145,Directed,19495,,,1
G590,G318,Directed,19496,,,1
G590,G321,Directed,19497,,,1
G590,G1337,Directed,19498,,,1
G590,G1399,Directed,19499,,,1
G590,G1544,Directed,19500,,,1
G590,G1547,Directed,19501,,,1
G590,G1584,Directed,19502,,,1
G590,G1831,Directed,19503,,,1
G590,G1836,Directed,19504,,,1
G590,G1883,Directed,19505,,,1
G591,G474,Directed,19506,,,1
G591,G592,Directed,19507,,,1
G591,G1208,Directed,19508,,,1
G591,G1797,Directed,19509,,,1
G591,G1910,Directed,19510,,,1
G591,G1912,Directed,19511,,,1
G591,G1915,Directed,19512,,,1
G592,G591,Directed,19513,,,1
G592,G1556,Directed,19514,,,1
G593,G345,Directed,19515,,,1
G593,G346,Directed,19516,,,1
G593,G362,Directed,19517,,,1
G593,G380,Directed,19518,,,1
G593,G501,Directed,19519,,,1
G594,G217,Directed,19520,,,1
G594,G224,Directed,19521,,,1
G594,G227,Directed,19522,,,1
G594,G272,Directed,19523,,,1
G594,G595,Directed,19524,,,1
G594,G765,Directed,19525,,,1
G594,G1148,Directed,19526,,,1
G594,G1150,Directed,19527,,,1
G594,G1239,Directed,19528,,,1
G594,G1240,Directed,19529,,,1
G594,G1310,Directed,19530,,,1
G594,G1894,Directed,19531,,,1
G594,G1977,Directed,19532,,,1
G594,G1979,Directed,19533,,,1
G594,G1980,Directed,19534,,,1
G594,G1981,Directed,19535,,,1
G595,G594,Directed,19536,,,1
G595,G1975,Directed,19537,,,1
G595,G1979,Directed,19538,,,1
G596,G20,Directed,19539,,,1
G596,G785,Directed,19540,,,1
G596,G1117,Directed,19541,,,1
G596,G1118,Directed,19542,,,1
G597,G246,Directed,19543,,,1
G597,G247,Directed,19544,,,1
G597,G248,Directed,19545,,,1
G598,G25,Directed,19546,,,1
G598,G26,Directed,19547,,,1
G598,G49,Directed,19548,,,1
G598,G50,Directed,19549,,,1
G598,G51,Directed,19550,,,1
G598,G58,Directed,19551,,,1
G598,G66,Directed,19552,,,1
G598,G69,Directed,19553,,,1
G598,G71,Directed,19554,,,1
G598,G100,Directed,19555,,,1
G598,G150,Directed,19556,,,1
G598,G245,Directed,19557,,,1
G598,G342,Directed,19558,,,1
G598,G350,Directed,19559,,,1
G598,G545,Directed,19560,,,1
G598,G632,Directed,19561,,,1
G599,G49,Directed,19562,,,1
G599,G52,Directed,19563,,,1
G599,G53,Directed,19564,,,1
G599,G80,Directed,19565,,,1
G599,G81,Directed,19566,,,1
G599,G100,Directed,19567,,,1
G599,G143,Directed,19568,,,1
G599,G245,Directed,19569,,,1
G599,G263,Directed,19570,,,1
G599,G265,Directed,19571,,,1
G599,G423,Directed,19572,,,1
G599,G489,Directed,19573,,,1
G600,G11,Directed,19574,,,1
G600,G13,Directed,19575,,,1
G600,G14,Directed,19576,,,1
G600,G27,Directed,19577,,,1
G600,G55,Directed,19578,,,1
G600,G56,Directed,19579,,,1
G600,G57,Directed,19580,,,1
G600,G59,Directed,19581,,,1
G600,G242,Directed,19582,,,1
G600,G264,Directed,19583,,,1
G600,G268,Directed,19584,,,1
G600,G281,Directed,19585,,,1
G600,G310,Directed,19586,,,1
G600,G1096,Directed,19587,,,1
G601,G151,Directed,19588,,,1
G601,G152,Directed,19589,,,1
G601,G424,Directed,19590,,,1
G601,G991,Directed,19591,,,1
G601,G1336,Directed,19592,,,1
G601,G1354,Directed,19593,,,1
G602,G603,Directed,19594,,,1
G602,G647,Directed,19595,,,1
G602,G1415,Directed,19596,,,1
G602,G1425,Directed,19597,,,1
G602,G1524,Directed,19598,,,1
G603,G602,Directed,19599,,,1
G603,G647,Directed,19600,,,1
G603,G1415,Directed,19601,,,1
G603,G1425,Directed,19602,,,1
G603,G1524,Directed,19603,,,1
G604,G549,Directed,19604,,,1
G604,G1549,Directed,19605,,,1
G604,G2091,Directed,19606,,,1
G604,G2101,Directed,19607,,,1
G604,G2202,Directed,19608,,,1
G605,G151,Directed,19609,,,1
G605,G152,Directed,19610,,,1
G605,G424,Directed,19611,,,1
G605,G991,Directed,19612,,,1
G605,G1336,Directed,19613,,,1
G605,G1354,Directed,19614,,,1
G606,G129,Directed,19615,,,1
G606,G208,Directed,19616,,,1
G606,G209,Directed,19617,,,1
G606,G228,Directed,19618,,,1
G606,G229,Directed,19619,,,1
G606,G315,Directed,19620,,,1
G606,G385,Directed,19621,,,1
G606,G1293,Directed,19622,,,1
G606,G1419,Directed,19623,,,1
G607,G36,Directed,19624,,,1
G607,G164,Directed,19625,,,1
G607,G608,Directed,19626,,,1
G607,G756,Directed,19627,,,1
G608,G36,Directed,19628,,,1
G608,G164,Directed,19629,,,1
G608,G607,Directed,19630,,,1
G609,G98,Directed,19631,,,1
G609,G420,Directed,19632,,,1
G610,G23,Directed,19633,,,1
G610,G541,Directed,19634,,,1
G610,G555,Directed,19635,,,1
G610,G2161,Directed,19636,,,1
G611,G23,Directed,19637,,,1
G611,G763,Directed,19638,,,1
G612,G172,Directed,19639,,,1
G612,G366,Directed,19640,,,1
G612,G367,Directed,19641,,,1
G612,G379,Directed,19642,,,1
G612,G382,Directed,19643,,,1
G612,G406,Directed,19644,,,1
G612,G435,Directed,19645,,,1
G612,G461,Directed,19646,,,1
G612,G495,Directed,19647,,,1
G612,G505,Directed,19648,,,1
G613,G73,Directed,19649,,,1
G613,G1534,Directed,19650,,,1
G614,G3,Directed,19651,,,1
G614,G4,Directed,19652,,,1
G614,G22,Directed,19653,,,1
G614,G65,Directed,19654,,,1
G614,G243,Directed,19655,,,1
G614,G309,Directed,19656,,,1
G614,G510,Directed,19657,,,1
G614,G643,Directed,19658,,,1
G614,G720,Directed,19659,,,1
G614,G1923,Directed,19660,,,1
G615,G529,Directed,19661,,,1
G615,G530,Directed,19662,,,1
G616,G581,Directed,19663,,,1
G616,G582,Directed,19664,,,1
G616,G654,Directed,19665,,,1
G616,G673,Directed,19666,,,1
G617,G254,Directed,19667,,,1
G617,G466,Directed,19668,,,1
G617,G546,Directed,19669,,,1
G617,G579,Directed,19670,,,1
G617,G618,Directed,19671,,,1
G617,G705,Directed,19672,,,1
G617,G1571,Directed,19673,,,1
G617,G1781,Directed,19674,,,1
G618,G430,Directed,19675,,,1
G618,G617,Directed,19676,,,1
G618,G705,Directed,19677,,,1
G619,G620,Directed,19678,,,1
G620,G390,Directed,19679,,,1
G620,G619,Directed,19680,,,1
G620,G824,Directed,19681,,,1
G620,G2240,Directed,19682,,,1
G621,G4,Directed,19683,,,1
G621,G88,Directed,19684,,,1
G621,G622,Directed,19685,,,1
G621,G1490,Directed,19686,,,1
G622,G621,Directed,19687,,,1
G622,G1833,Directed,19688,,,1
G623,G290,Directed,19689,,,1
G623,G551,Directed,19690,,,1
G623,G552,Directed,19691,,,1
G623,G653,Directed,19692,,,1
G623,G747,Directed,19693,,,1
G623,G916,Directed,19694,,,1
G623,G1455,Directed,19695,,,1
G624,G92,Directed,19696,,,1
G624,G251,Directed,19697,,,1
G624,G320,Directed,19698,,,1
G624,G427,Directed,19699,,,1
G624,G578,Directed,19700,,,1
G625,G470,Directed,19701,,,1
G625,G626,Directed,19702,,,1
G626,G152,Directed,19703,,,1
G626,G327,Directed,19704,,,1
G626,G470,Directed,19705,,,1
G626,G546,Directed,19706,,,1
G626,G625,Directed,19707,,,1
G626,G765,Directed,19708,,,1
G627,G111,Directed,19709,,,1
G627,G155,Directed,19710,,,1
G627,G296,Directed,19711,,,1
G627,G402,Directed,19712,,,1
G627,G468,Directed,19713,,,1
G627,G488,Directed,19714,,,1
G627,G671,Directed,19715,,,1
G627,G686,Directed,19716,,,1
G627,G736,Directed,19717,,,1
G628,G70,Directed,19718,,,1
G628,G152,Directed,19719,,,1
G628,G470,Directed,19720,,,1
G628,G510,Directed,19721,,,1
G628,G515,Directed,19722,,,1
G629,G29,Directed,19723,,,1
G629,G198,Directed,19724,,,1
G629,G235,Directed,19725,,,1
G629,G306,Directed,19726,,,1
G629,G423,Directed,19727,,,1
G629,G521,Directed,19728,,,1
G629,G535,Directed,19729,,,1
G629,G960,Directed,19730,,,1
G629,G962,Directed,19731,,,1
G629,G964,Directed,19732,,,1
G629,G966,Directed,19733,,,1
G629,G977,Directed,19734,,,1
G629,G985,Directed,19735,,,1
G629,G1057,Directed,19736,,,1
G629,G1173,Directed,19737,,,1
G629,G1279,Directed,19738,,,1
G629,G1472,Directed,19739,,,1
G629,G1660,Directed,19740,,,1
G629,G1691,Directed,19741,,,1
G629,G1790,Directed,19742,,,1
G629,G1823,Directed,19743,,,1
G630,G631,Directed,19744,,,1
G630,G633,Directed,19745,,,1
G631,G630,Directed,19746,,,1
G631,G772,Directed,19747,,,1
G631,G781,Directed,19748,,,1
G631,G810,Directed,19749,,,1
G632,G49,Directed,19750,,,1
G632,G51,Directed,19751,,,1
G632,G58,Directed,19752,,,1
G632,G69,Directed,19753,,,1
G632,G71,Directed,19754,,,1
G632,G100,Directed,19755,,,1
G632,G245,Directed,19756,,,1
G632,G598,Directed,19757,,,1
G633,G630,Directed,19758,,,1
G634,G561,Directed,19759,,,1
G634,G562,Directed,19760,,,1
G634,G2292,Directed,19761,,,1
G635,G25,Directed,19762,,,1
G635,G26,Directed,19763,,,1
G635,G270,Directed,19764,,,1
G635,G271,Directed,19765,,,1
G635,G321,Directed,19766,,,1
G635,G349,Directed,19767,,,1
G635,G350,Directed,19768,,,1
G635,G359,Directed,19769,,,1
G635,G401,Directed,19770,,,1
G635,G637,Directed,19771,,,1
G635,G688,Directed,19772,,,1
G635,G836,Directed,19773,,,1
G635,G1110,Directed,19774,,,1
G635,G1124,Directed,19775,,,1
G635,G1168,Directed,19776,,,1
G635,G1238,Directed,19777,,,1
G635,G1299,Directed,19778,,,1
G635,G1301,Directed,19779,,,1
G635,G1353,Directed,19780,,,1
G635,G1430,Directed,19781,,,1
G635,G1518,Directed,19782,,,1
G635,G1722,Directed,19783,,,1
G636,G219,Directed,19784,,,1
G636,G300,Directed,19785,,,1
G636,G306,Directed,19786,,,1
G636,G352,Directed,19787,,,1
G636,G383,Directed,19788,,,1
G636,G647,Directed,19789,,,1
G636,G1524,Directed,19790,,,1
G636,G1603,Directed,19791,,,1
G636,G1770,Directed,19792,,,1
G636,G1787,Directed,19793,,,1
G637,G6,Directed,19794,,,1
G637,G25,Directed,19795,,,1
G637,G98,Directed,19796,,,1
G637,G270,Directed,19797,,,1
G637,G271,Directed,19798,,,1
G637,G292,Directed,19799,,,1
G637,G349,Directed,19800,,,1
G637,G350,Directed,19801,,,1
G637,G359,Directed,19802,,,1
G637,G401,Directed,19803,,,1
G637,G465,Directed,19804,,,1
G637,G635,Directed,19805,,,1
G637,G688,Directed,19806,,,1
G637,G712,Directed,19807,,,1
G637,G1110,Directed,19808,,,1
G637,G1124,Directed,19809,,,1
G637,G1125,Directed,19810,,,1
G637,G1168,Directed,19811,,,1
G637,G1213,Directed,19812,,,1
G637,G1238,Directed,19813,,,1
G637,G1301,Directed,19814,,,1
G637,G1353,Directed,19815,,,1
G637,G1430,Directed,19816,,,1
G637,G1518,Directed,19817,,,1
G637,G1722,Directed,19818,,,1
G638,G432,Directed,19819,,,1
G638,G559,Directed,19820,,,1
G638,G731,Directed,19821,,,1
G639,G543,Directed,19822,,,1
G640,G50,Directed,19823,,,1
G640,G79,Directed,19824,,,1
G640,G84,Directed,19825,,,1
G640,G92,Directed,19826,,,1
G640,G99,Directed,19827,,,1
G640,G155,Directed,19828,,,1
G640,G156,Directed,19829,,,1
G640,G288,Directed,19830,,,1
G640,G296,Directed,19831,,,1
G640,G342,Directed,19832,,,1
G640,G496,Directed,19833,,,1
G641,G196,Directed,19834,,,1
G641,G642,Directed,19835,,,1
G641,G762,Directed,19836,,,1
G641,G763,Directed,19837,,,1
G641,G1127,Directed,19838,,,1
G642,G196,Directed,19839,,,1
G642,G641,Directed,19840,,,1
G642,G762,Directed,19841,,,1
G642,G763,Directed,19842,,,1
G642,G861,Directed,19843,,,1
G642,G2084,Directed,19844,,,1
G642,G2106,Directed,19845,,,1
G642,G2193,Directed,19846,,,1
G642,G2261,Directed,19847,,,1
G643,G3,Directed,19848,,,1
G643,G4,Directed,19849,,,1
G643,G22,Directed,19850,,,1
G643,G243,Directed,19851,,,1
G643,G614,Directed,19852,,,1
G644,G40,Directed,19853,,,1
G644,G41,Directed,19854,,,1
G644,G46,Directed,19855,,,1
G645,G206,Directed,19856,,,1
G645,G761,Directed,19857,,,1
G645,G962,Directed,19858,,,1
G645,G1118,Directed,19859,,,1
G645,G1131,Directed,19860,,,1
G645,G1177,Directed,19861,,,1
G645,G1257,Directed,19862,,,1
G645,G1266,Directed,19863,,,1
G645,G1277,Directed,19864,,,1
G645,G1426,Directed,19865,,,1
G645,G1449,Directed,19866,,,1
G645,G1588,Directed,19867,,,1
G645,G1628,Directed,19868,,,1
G646,G344,Directed,19869,,,1
G647,G72,Directed,19870,,,1
G647,G73,Directed,19871,,,1
G647,G87,Directed,19872,,,1
G647,G300,Directed,19873,,,1
G647,G306,Directed,19874,,,1
G647,G602,Directed,19875,,,1
G647,G603,Directed,19876,,,1
G647,G636,Directed,19877,,,1
G647,G1183,Directed,19878,,,1
G647,G1276,Directed,19879,,,1
G647,G1524,Directed,19880,,,1
G648,G341,Directed,19881,,,1
G648,G787,Directed,19882,,,1
G649,G32,Directed,19883,,,1
G649,G33,Directed,19884,,,1
G649,G60,Directed,19885,,,1
G649,G61,Directed,19886,,,1
G649,G295,Directed,19887,,,1
G649,G297,Directed,19888,,,1
G649,G308,Directed,19889,,,1
G649,G472,Directed,19890,,,1
G649,G650,Directed,19891,,,1
G649,G662,Directed,19892,,,1
G649,G679,Directed,19893,,,1
G649,G1608,Directed,19894,,,1
G649,G1926,Directed,19895,,,1
G650,G432,Directed,19896,,,1
G650,G649,Directed,19897,,,1
G650,G1169,Directed,19898,,,1
G650,G1880,Directed,19899,,,1
G651,G26,Directed,19900,,,1
G651,G66,Directed,19901,,,1
G651,G354,Directed,19902,,,1
G651,G738,Directed,19903,,,1
G651,G2081,Directed,19904,,,1
G652,G49,Directed,19905,,,1
G652,G51,Directed,19906,,,1
G652,G69,Directed,19907,,,1
G652,G245,Directed,19908,,,1
G652,G456,Directed,19909,,,1
G652,G513,Directed,19910,,,1
G653,G551,Directed,19911,,,1
G653,G552,Directed,19912,,,1
G653,G623,Directed,19913,,,1
G654,G581,Directed,19914,,,1
G654,G582,Directed,19915,,,1
G654,G616,Directed,19916,,,1
G654,G673,Directed,19917,,,1
G655,G146,Directed,19918,,,1
G655,G321,Directed,19919,,,1
G655,G562,Directed,19920,,,1
G655,G900,Directed,19921,,,1
G655,G920,Directed,19922,,,1
G655,G1283,Directed,19923,,,1
G655,G1352,Directed,19924,,,1
G655,G1950,Directed,19925,,,1
G655,G1974,Directed,19926,,,1
G656,G476,Directed,19927,,,1
G656,G657,Directed,19928,,,1
G656,G2106,Directed,19929,,,1
G656,G2137,Directed,19930,,,1
G657,G476,Directed,19931,,,1
G657,G656,Directed,19932,,,1
G657,G2106,Directed,19933,,,1
G657,G2113,Directed,19934,,,1
G657,G2137,Directed,19935,,,1
G657,G2301,Directed,19936,,,1
G658,G82,Directed,19937,,,1
G658,G356,Directed,19938,,,1
G658,G565,Directed,19939,,,1
G659,G42,Directed,19940,,,1
G659,G45,Directed,19941,,,1
G659,G251,Directed,19942,,,1
G659,G335,Directed,19943,,,1
G660,G661,Directed,19944,,,1
G660,G909,Directed,19945,,,1
G660,G1314,Directed,19946,,,1
G661,G660,Directed,19947,,,1
G661,G909,Directed,19948,,,1
G661,G1314,Directed,19949,,,1
G662,G32,Directed,19950,,,1
G662,G33,Directed,19951,,,1
G662,G60,Directed,19952,,,1
G662,G61,Directed,19953,,,1
G662,G92,Directed,19954,,,1
G662,G101,Directed,19955,,,1
G662,G295,Directed,19956,,,1
G662,G297,Directed,19957,,,1
G662,G308,Directed,19958,,,1
G662,G649,Directed,19959,,,1
G662,G663,Directed,19960,,,1
G662,G679,Directed,19961,,,1
G662,G771,Directed,19962,,,1
G662,G803,Directed,19963,,,1
G662,G1576,Directed,19964,,,1
G662,G1608,Directed,19965,,,1
G662,G1880,Directed,19966,,,1
G663,G1,Directed,19967,,,1
G663,G2,Directed,19968,,,1
G663,G99,Directed,19969,,,1
G663,G101,Directed,19970,,,1
G663,G102,Directed,19971,,,1
G663,G131,Directed,19972,,,1
G663,G155,Directed,19973,,,1
G663,G156,Directed,19974,,,1
G663,G296,Directed,19975,,,1
G663,G309,Directed,19976,,,1
G663,G342,Directed,19977,,,1
G663,G373,Directed,19978,,,1
G663,G384,Directed,19979,,,1
G663,G386,Directed,19980,,,1
G663,G388,Directed,19981,,,1
G663,G393,Directed,19982,,,1
G663,G402,Directed,19983,,,1
G663,G468,Directed,19984,,,1
G663,G478,Directed,19985,,,1
G663,G488,Directed,19986,,,1
G663,G526,Directed,19987,,,1
G663,G534,Directed,19988,,,1
G663,G662,Directed,19989,,,1
G663,G680,Directed,19990,,,1
G663,G862,Directed,19991,,,1
G663,G1104,Directed,19992,,,1
G663,G1554,Directed,19993,,,1
G663,G1561,Directed,19994,,,1
G664,G1,Directed,19995,,,1
G664,G2,Directed,19996,,,1
G664,G155,Directed,19997,,,1
G664,G496,Directed,19998,,,1
G664,G715,Directed,19999,,,1
G664,G1594,Directed,20000,,,1
G665,G666,Directed,20001,,,1
G665,G859,Directed,20002,,,1
G666,G665,Directed,20003,,,1
G666,G831,Directed,20004,,,1
G667,G21,Directed,20005,,,1
G667,G397,Directed,20006,,,1
G667,G668,Directed,20007,,,1
G667,G748,Directed,20008,,,1
G667,G757,Directed,20009,,,1
G667,G764,Directed,20010,,,1
G667,G1408,Directed,20011,,,1
G667,G1993,Directed,20012,,,1
G668,G46,Directed,20013,,,1
G668,G288,Directed,20014,,,1
G668,G342,Directed,20015,,,1
G668,G397,Directed,20016,,,1
G668,G667,Directed,20017,,,1
G668,G1408,Directed,20018,,,1
G668,G1762,Directed,20019,,,1
G668,G1993,Directed,20020,,,1
G669,G290,Directed,20021,,,1
G669,G291,Directed,20022,,,1
G670,G178,Directed,20023,,,1
G670,G722,Directed,20024,,,1
G671,G79,Directed,20025,,,1
G671,G342,Directed,20026,,,1
G671,G374,Directed,20027,,,1
G671,G627,Directed,20028,,,1
G671,G736,Directed,20029,,,1
G671,G771,Directed,20030,,,1
G672,G34,Directed,20031,,,1
G672,G1711,Directed,20032,,,1
G673,G581,Directed,20033,,,1
G673,G582,Directed,20034,,,1
G673,G616,Directed,20035,,,1
G673,G654,Directed,20036,,,1
G674,G129,Directed,20037,,,1
G674,G130,Directed,20038,,,1
G674,G228,Directed,20039,,,1
G674,G294,Directed,20040,,,1
G674,G385,Directed,20041,,,1
G674,G708,Directed,20042,,,1
G675,G28,Directed,20043,,,1
G675,G91,Directed,20044,,,1
G675,G407,Directed,20045,,,1
G675,G584,Directed,20046,,,1
G675,G1128,Directed,20047,,,1
G675,G1129,Directed,20048,,,1
G675,G1176,Directed,20049,,,1
G675,G1246,Directed,20050,,,1
G675,G1247,Directed,20051,,,1
G675,G1248,Directed,20052,,,1
G675,G1267,Directed,20053,,,1
G676,G466,Directed,20054,,,1
G677,G466,Directed,20055,,,1
G677,G578,Directed,20056,,,1
G677,G704,Directed,20057,,,1
G678,G32,Directed,20058,,,1
G678,G33,Directed,20059,,,1
G678,G60,Directed,20060,,,1
G678,G61,Directed,20061,,,1
G678,G295,Directed,20062,,,1
G678,G297,Directed,20063,,,1
G678,G308,Directed,20064,,,1
G678,G679,Directed,20065,,,1
G678,G1576,Directed,20066,,,1
G679,G32,Directed,20067,,,1
G679,G33,Directed,20068,,,1
G679,G60,Directed,20069,,,1
G679,G61,Directed,20070,,,1
G679,G295,Directed,20071,,,1
G679,G297,Directed,20072,,,1
G679,G308,Directed,20073,,,1
G679,G472,Directed,20074,,,1
G679,G649,Directed,20075,,,1
G679,G662,Directed,20076,,,1
G679,G678,Directed,20077,,,1
G679,G1576,Directed,20078,,,1
G679,G1608,Directed,20079,,,1
G679,G1880,Directed,20080,,,1
G680,G2,Directed,20081,,,1
G680,G99,Directed,20082,,,1
G680,G101,Directed,20083,,,1
G680,G131,Directed,20084,,,1
G680,G155,Directed,20085,,,1
G680,G156,Directed,20086,,,1
G680,G296,Directed,20087,,,1
G680,G309,Directed,20088,,,1
G680,G342,Directed,20089,,,1
G680,G369,Directed,20090,,,1
G680,G373,Directed,20091,,,1
G680,G384,Directed,20092,,,1
G680,G386,Directed,20093,,,1
G680,G393,Directed,20094,,,1
G680,G402,Directed,20095,,,1
G680,G468,Directed,20096,,,1
G680,G478,Directed,20097,,,1
G680,G526,Directed,20098,,,1
G680,G534,Directed,20099,,,1
G680,G663,Directed,20100,,,1
G680,G739,Directed,20101,,,1
G680,G862,Directed,20102,,,1
G680,G1104,Directed,20103,,,1
G680,G1554,Directed,20104,,,1
G680,G1561,Directed,20105,,,1
G681,G246,Directed,20106,,,1
G681,G255,Directed,20107,,,1
G681,G352,Directed,20108,,,1
G681,G383,Directed,20109,,,1
G681,G400,Directed,20110,,,1
G681,G682,Directed,20111,,,1
G681,G802,Directed,20112,,,1
G681,G1051,Directed,20113,,,1
G681,G1062,Directed,20114,,,1
G681,G1187,Directed,20115,,,1
G681,G1244,Directed,20116,,,1
G681,G1657,Directed,20117,,,1
G681,G1939,Directed,20118,,,1
G682,G67,Directed,20119,,,1
G682,G317,Directed,20120,,,1
G682,G404,Directed,20121,,,1
G682,G432,Directed,20122,,,1
G682,G460,Directed,20123,,,1
G682,G546,Directed,20124,,,1
G682,G579,Directed,20125,,,1
G682,G681,Directed,20126,,,1
G682,G802,Directed,20127,,,1
G682,G1126,Directed,20128,,,1
G682,G1169,Directed,20129,,,1
G682,G1493,Directed,20130,,,1
G682,G1499,Directed,20131,,,1
G682,G1717,Directed,20132,,,1
G682,G1888,Directed,20133,,,1
G683,G85,Directed,20134,,,1
G683,G98,Directed,20135,,,1
G683,G136,Directed,20136,,,1
G683,G154,Directed,20137,,,1
G684,G350,Directed,20138,,,1
G684,G439,Directed,20139,,,1
G684,G467,Directed,20140,,,1
G684,G582,Directed,20141,,,1
G685,G34,Directed,20142,,,1
G686,G127,Directed,20143,,,1
G686,G627,Directed,20144,,,1
G686,G1647,Directed,20145,,,1
G686,G1689,Directed,20146,,,1
G687,G291,Directed,20147,,,1
G688,G5,Directed,20148,,,1
G688,G6,Directed,20149,,,1
G688,G98,Directed,20150,,,1
G688,G109,Directed,20151,,,1
G688,G110,Directed,20152,,,1
G688,G117,Directed,20153,,,1
G688,G239,Directed,20154,,,1
G688,G270,Directed,20155,,,1
G688,G271,Directed,20156,,,1
G688,G292,Directed,20157,,,1
G688,G313,Directed,20158,,,1
G688,G339,Directed,20159,,,1
G688,G349,Directed,20160,,,1
G688,G350,Directed,20161,,,1
G688,G401,Directed,20162,,,1
G688,G465,Directed,20163,,,1
G688,G469,Directed,20164,,,1
G688,G635,Directed,20165,,,1
G688,G637,Directed,20166,,,1
G688,G1082,Directed,20167,,,1
G688,G1110,Directed,20168,,,1
G688,G1124,Directed,20169,,,1
G688,G1125,Directed,20170,,,1
G688,G1168,Directed,20171,,,1
G688,G1213,Directed,20172,,,1
G688,G1238,Directed,20173,,,1
G688,G1301,Directed,20174,,,1
G688,G1309,Directed,20175,,,1
G688,G1353,Directed,20176,,,1
G688,G1430,Directed,20177,,,1
G688,G1518,Directed,20178,,,1
G688,G1531,Directed,20179,,,1
G688,G1722,Directed,20180,,,1
G689,G133,Directed,20181,,,1
G689,G690,Directed,20182,,,1
G689,G725,Directed,20183,,,1
G689,G727,Directed,20184,,,1
G689,G789,Directed,20185,,,1
G689,G1115,Directed,20186,,,1
G689,G1376,Directed,20187,,,1
G689,G1864,Directed,20188,,,1
G689,G1866,Directed,20189,,,1
G690,G689,Directed,20190,,,1
G691,G303,Directed,20191,,,1
G691,G304,Directed,20192,,,1
G691,G333,Directed,20193,,,1
G691,G370,Directed,20194,,,1
G691,G385,Directed,20195,,,1
G691,G387,Directed,20196,,,1
G691,G419,Directed,20197,,,1
G691,G421,Directed,20198,,,1
G691,G429,Directed,20199,,,1
G691,G451,Directed,20200,,,1
G691,G452,Directed,20201,,,1
G691,G493,Directed,20202,,,1
G691,G494,Directed,20203,,,1
G691,G711,Directed,20204,,,1
G691,G1504,Directed,20205,,,1
G691,G1515,Directed,20206,,,1
G691,G1516,Directed,20207,,,1
G691,G1517,Directed,20208,,,1
G691,G1649,Directed,20209,,,1
G691,G1801,Directed,20210,,,1
G691,G1809,Directed,20211,,,1
G691,G2082,Directed,20212,,,1
G691,G2083,Directed,20213,,,1
G692,G248,Directed,20214,,,1
G692,G414,Directed,20215,,,1
G692,G743,Directed,20216,,,1
G692,G1177,Directed,20217,,,1
G692,G1494,Directed,20218,,,1
G693,G391,Directed,20219,,,1
G693,G1251,Directed,20220,,,1
G693,G1252,Directed,20221,,,1
G694,G289,Directed,20222,,,1
G694,G510,Directed,20223,,,1
G695,G64,Directed,20224,,,1
G695,G204,Directed,20225,,,1
G695,G422,Directed,20226,,,1
G696,G58,Directed,20227,,,1
G696,G71,Directed,20228,,,1
G696,G97,Directed,20229,,,1
G697,G89,Directed,20230,,,1
G697,G251,Directed,20231,,,1
G697,G2084,Directed,20232,,,1
G698,G250,Directed,20233,,,1
G698,G251,Directed,20234,,,1
G698,G1170,Directed,20235,,,1
G699,G89,Directed,20236,,,1
G699,G116,Directed,20237,,,1
G699,G120,Directed,20238,,,1
G699,G162,Directed,20239,,,1
G699,G375,Directed,20240,,,1
G699,G475,Directed,20241,,,1
G699,G755,Directed,20242,,,1
G699,G837,Directed,20243,,,1
G699,G840,Directed,20244,,,1
G699,G1632,Directed,20245,,,1
G699,G2084,Directed,20246,,,1
G699,G2095,Directed,20247,,,1
G699,G2096,Directed,20248,,,1
G699,G2230,Directed,20249,,,1
G699,G2288,Directed,20250,,,1
G700,G121,Directed,20251,,,1
G700,G122,Directed,20252,,,1
G700,G165,Directed,20253,,,1
G701,G144,Directed,20254,,,1
G701,G145,Directed,20255,,,1
G701,G306,Directed,20256,,,1
G702,G246,Directed,20257,,,1
G702,G312,Directed,20258,,,1
G702,G417,Directed,20259,,,1
G702,G418,Directed,20260,,,1
G702,G443,Directed,20261,,,1
G702,G457,Directed,20262,,,1
G702,G1192,Directed,20263,,,1
G702,G1442,Directed,20264,,,1
G702,G1913,Directed,20265,,,1
G703,G46,Directed,20266,,,1
G703,G1007,Directed,20267,,,1
G704,G113,Directed,20268,,,1
G704,G199,Directed,20269,,,1
G704,G492,Directed,20270,,,1
G704,G559,Directed,20271,,,1
G704,G677,Directed,20272,,,1
G705,G254,Directed,20273,,,1
G705,G617,Directed,20274,,,1
G705,G618,Directed,20275,,,1
G706,G707,Directed,20276,,,1
G706,G1420,Directed,20277,,,1
G706,G1441,Directed,20278,,,1
G707,G200,Directed,20279,,,1
G707,G215,Directed,20280,,,1
G707,G706,Directed,20281,,,1
G707,G715,Directed,20282,,,1
G708,G129,Directed,20283,,,1
G708,G130,Directed,20284,,,1
G708,G228,Directed,20285,,,1
G708,G294,Directed,20286,,,1
G708,G385,Directed,20287,,,1
G708,G674,Directed,20288,,,1
G709,G172,Directed,20289,,,1
G709,G366,Directed,20290,,,1
G709,G367,Directed,20291,,,1
G709,G379,Directed,20292,,,1
G709,G382,Directed,20293,,,1
G709,G406,Directed,20294,,,1
G709,G435,Directed,20295,,,1
G709,G461,Directed,20296,,,1
G709,G495,Directed,20297,,,1
G709,G505,Directed,20298,,,1
G710,G327,Directed,20299,,,1
G710,G328,Directed,20300,,,1
G710,G357,Directed,20301,,,1
G710,G358,Directed,20302,,,1
G710,G398,Directed,20303,,,1
G710,G446,Directed,20304,,,1
G711,G129,Directed,20305,,,1
G711,G130,Directed,20306,,,1
G711,G228,Directed,20307,,,1
G711,G303,Directed,20308,,,1
G711,G304,Directed,20309,,,1
G711,G333,Directed,20310,,,1
G711,G370,Directed,20311,,,1
G711,G385,Directed,20312,,,1
G711,G387,Directed,20313,,,1
G711,G419,Directed,20314,,,1
G711,G421,Directed,20315,,,1
G711,G429,Directed,20316,,,1
G711,G451,Directed,20317,,,1
G711,G452,Directed,20318,,,1
G711,G493,Directed,20319,,,1
G711,G494,Directed,20320,,,1
G711,G511,Directed,20321,,,1
G711,G520,Directed,20322,,,1
G711,G691,Directed,20323,,,1
G711,G1504,Directed,20324,,,1
G711,G1515,Directed,20325,,,1
G711,G1516,Directed,20326,,,1
G711,G1517,Directed,20327,,,1
G711,G1649,Directed,20328,,,1
G711,G1809,Directed,20329,,,1
G711,G2083,Directed,20330,,,1
G711,G2339,Directed,20331,,,1
G712,G637,Directed,20332,,,1
G712,G1002,Directed,20333,,,1
G713,G714,Directed,20334,,,1
G714,G713,Directed,20335,,,1
G714,G741,Directed,20336,,,1
G715,G664,Directed,20337,,,1
G715,G707,Directed,20338,,,1
G715,G1594,Directed,20339,,,1
G716,G26,Directed,20340,,,1
G716,G251,Directed,20341,,,1
G717,G433,Directed,20342,,,1
G717,G718,Directed,20343,,,1
G717,G778,Directed,20344,,,1
G717,G2084,Directed,20345,,,1
G717,G2106,Directed,20346,,,1
G718,G717,Directed,20347,,,1
G718,G778,Directed,20348,,,1
G718,G2084,Directed,20349,,,1
G718,G2106,Directed,20350,,,1
G719,G11,Directed,20351,,,1
G719,G13,Directed,20352,,,1
G719,G27,Directed,20353,,,1
G719,G56,Directed,20354,,,1
G719,G264,Directed,20355,,,1
G719,G268,Directed,20356,,,1
G719,G281,Directed,20357,,,1
G720,G3,Directed,20358,,,1
G720,G4,Directed,20359,,,1
G720,G22,Directed,20360,,,1
G720,G243,Directed,20361,,,1
G720,G309,Directed,20362,,,1
G720,G614,Directed,20363,,,1
G721,G251,Directed,20364,,,1
G722,G670,Directed,20365,,,1
G723,G246,Directed,20366,,,1
G723,G375,Directed,20367,,,1
G724,G25,Directed,20368,,,1
G724,G26,Directed,20369,,,1
G724,G127,Directed,20370,,,1
G724,G168,Directed,20371,,,1
G724,G428,Directed,20372,,,1
G724,G2245,Directed,20373,,,1
G725,G174,Directed,20374,,,1
G725,G225,Directed,20375,,,1
G725,G226,Directed,20376,,,1
G725,G689,Directed,20377,,,1
G725,G726,Directed,20378,,,1
G725,G916,Directed,20379,,,1
G725,G1036,Directed,20380,,,1
G725,G1172,Directed,20381,,,1
G725,G1756,Directed,20382,,,1
G726,G725,Directed,20383,,,1
G727,G689,Directed,20384,,,1
G727,G1711,Directed,20385,,,1
G728,G391,Directed,20386,,,1
G728,G1391,Directed,20387,,,1
G729,G571,Directed,20388,,,1
G729,G572,Directed,20389,,,1
G730,G342,Directed,20390,,,1
G730,G785,Directed,20391,,,1
G730,G867,Directed,20392,,,1
G730,G1117,Directed,20393,,,1
G730,G1118,Directed,20394,,,1
G731,G113,Directed,20395,,,1
G731,G174,Directed,20396,,,1
G731,G432,Directed,20397,,,1
G731,G492,Directed,20398,,,1
G731,G580,Directed,20399,,,1
G731,G638,Directed,20400,,,1
G731,G1082,Directed,20401,,,1
G732,G143,Directed,20402,,,1
G732,G522,Directed,20403,,,1
G732,G1202,Directed,20404,,,1
G732,G1493,Directed,20405,,,1
G732,G1861,Directed,20406,,,1
G733,G85,Directed,20407,,,1
G733,G86,Directed,20408,,,1
G733,G98,Directed,20409,,,1
G733,G114,Directed,20410,,,1
G733,G136,Directed,20411,,,1
G733,G154,Directed,20412,,,1
G734,G6,Directed,20413,,,1
G734,G292,Directed,20414,,,1
G734,G735,Directed,20415,,,1
G734,G1110,Directed,20416,,,1
G734,G1213,Directed,20417,,,1
G735,G734,Directed,20418,,,1
G736,G102,Directed,20419,,,1
G736,G111,Directed,20420,,,1
G736,G131,Directed,20421,,,1
G736,G296,Directed,20422,,,1
G736,G373,Directed,20423,,,1
G736,G402,Directed,20424,,,1
G736,G488,Directed,20425,,,1
G736,G534,Directed,20426,,,1
G736,G627,Directed,20427,,,1
G736,G671,Directed,20428,,,1
G737,G309,Directed,20429,,,1
G737,G386,Directed,20430,,,1
G737,G486,Directed,20431,,,1
G737,G830,Directed,20432,,,1
G738,G66,Directed,20433,,,1
G738,G651,Directed,20434,,,1
G739,G116,Directed,20435,,,1
G739,G161,Directed,20436,,,1
G739,G166,Directed,20437,,,1
G739,G316,Directed,20438,,,1
G739,G375,Directed,20439,,,1
G739,G455,Directed,20440,,,1
G739,G526,Directed,20441,,,1
G739,G680,Directed,20442,,,1
G739,G745,Directed,20443,,,1
G739,G746,Directed,20444,,,1
G739,G855,Directed,20445,,,1
G739,G2084,Directed,20446,,,1
G739,G2137,Directed,20447,,,1
G739,G2164,Directed,20448,,,1
G739,G2205,Directed,20449,,,1
G739,G2227,Directed,20450,,,1
G739,G2229,Directed,20451,,,1
G739,G2230,Directed,20452,,,1
G740,G344,Directed,20453,,,1
G741,G215,Directed,20454,,,1
G741,G714,Directed,20455,,,1
G741,G764,Directed,20456,,,1
G742,G574,Directed,20457,,,1
G743,G417,Directed,20458,,,1
G743,G418,Directed,20459,,,1
G743,G443,Directed,20460,,,1
G743,G692,Directed,20461,,,1
G744,G1,Directed,20462,,,1
G744,G2,Directed,20463,,,1
G744,G99,Directed,20464,,,1
G744,G101,Directed,20465,,,1
G744,G102,Directed,20466,,,1
G744,G111,Directed,20467,,,1
G744,G131,Directed,20468,,,1
G744,G142,Directed,20469,,,1
G744,G296,Directed,20470,,,1
G744,G309,Directed,20471,,,1
G744,G384,Directed,20472,,,1
G744,G388,Directed,20473,,,1
G744,G478,Directed,20474,,,1
G745,G116,Directed,20475,,,1
G745,G375,Directed,20476,,,1
G745,G433,Directed,20477,,,1
G745,G739,Directed,20478,,,1
G745,G746,Directed,20479,,,1
G745,G1311,Directed,20480,,,1
G745,G1314,Directed,20481,,,1
G745,G2084,Directed,20482,,,1
G745,G2106,Directed,20483,,,1
G745,G2229,Directed,20484,,,1
G745,G2291,Directed,20485,,,1
G746,G739,Directed,20486,,,1
G746,G745,Directed,20487,,,1
G746,G819,Directed,20488,,,1
G746,G820,Directed,20489,,,1
G746,G874,Directed,20490,,,1
G747,G623,Directed,20491,,,1
G747,G2084,Directed,20492,,,1
G748,G667,Directed,20493,,,1
G748,G764,Directed,20494,,,1
G749,G2,Directed,20495,,,1
G749,G3,Directed,20496,,,1
G749,G4,Directed,20497,,,1
G749,G22,Directed,20498,,,1
G749,G99,Directed,20499,,,1
G749,G101,Directed,20500,,,1
G749,G102,Directed,20501,,,1
G749,G131,Directed,20502,,,1
G749,G243,Directed,20503,,,1
G749,G296,Directed,20504,,,1
G749,G309,Directed,20505,,,1
G749,G384,Directed,20506,,,1
G749,G386,Directed,20507,,,1
G749,G388,Directed,20508,,,1
G749,G478,Directed,20509,,,1
G749,G500,Directed,20510,,,1
G749,G1101,Directed,20511,,,1
G749,G1356,Directed,20512,,,1
G749,G2018,Directed,20513,,,1
G750,G26,Directed,20514,,,1
G750,G342,Directed,20515,,,1
G751,G752,Directed,20516,,,1
G751,G1176,Directed,20517,,,1
G751,G2156,Directed,20518,,,1
G751,G2245,Directed,20519,,,1
G752,G751,Directed,20520,,,1
G752,G2156,Directed,20521,,,1
G753,G754,Directed,20522,,,1
G754,G753,Directed,20523,,,1
G754,G788,Directed,20524,,,1
G754,G1130,Directed,20525,,,1
G755,G363,Directed,20526,,,1
G755,G699,Directed,20527,,,1
G755,G1413,Directed,20528,,,1
G755,G2114,Directed,20529,,,1
G755,G2168,Directed,20530,,,1
G756,G163,Directed,20531,,,1
G756,G607,Directed,20532,,,1
G756,G1711,Directed,20533,,,1
G756,G2156,Directed,20534,,,1
G756,G2276,Directed,20535,,,1
G757,G564,Directed,20536,,,1
G757,G667,Directed,20537,,,1
G757,G764,Directed,20538,,,1
G757,G1497,Directed,20539,,,1
G757,G1692,Directed,20540,,,1
G757,G1907,Directed,20541,,,1
G758,G196,Directed,20542,,,1
G759,G76,Directed,20543,,,1
G760,G116,Directed,20544,,,1
G760,G161,Directed,20545,,,1
G760,G162,Directed,20546,,,1
G760,G375,Directed,20547,,,1
G760,G445,Directed,20548,,,1
G761,G71,Directed,20549,,,1
G761,G342,Directed,20550,,,1
G761,G492,Directed,20551,,,1
G761,G516,Directed,20552,,,1
G761,G559,Directed,20553,,,1
G761,G645,Directed,20554,,,1
G761,G786,Directed,20555,,,1
G761,G962,Directed,20556,,,1
G761,G1131,Directed,20557,,,1
G761,G1177,Directed,20558,,,1
G761,G1588,Directed,20559,,,1
G761,G1635,Directed,20560,,,1
G761,G1773,Directed,20561,,,1
G762,G116,Directed,20562,,,1
G762,G375,Directed,20563,,,1
G762,G641,Directed,20564,,,1
G762,G642,Directed,20565,,,1
G762,G897,Directed,20566,,,1
G763,G109,Directed,20567,,,1
G763,G272,Directed,20568,,,1
G763,G380,Directed,20569,,,1
G763,G394,Directed,20570,,,1
G763,G611,Directed,20571,,,1
G763,G641,Directed,20572,,,1
G763,G642,Directed,20573,,,1
G763,G1186,Directed,20574,,,1
G763,G1315,Directed,20575,,,1
G763,G1453,Directed,20576,,,1
G763,G1475,Directed,20577,,,1
G763,G1523,Directed,20578,,,1
G763,G1528,Directed,20579,,,1
G763,G1710,Directed,20580,,,1
G763,G1753,Directed,20581,,,1
G763,G1755,Directed,20582,,,1
G763,G1763,Directed,20583,,,1
G763,G1767,Directed,20584,,,1
G763,G1799,Directed,20585,,,1
G763,G1807,Directed,20586,,,1
G764,G564,Directed,20587,,,1
G764,G667,Directed,20588,,,1
G764,G741,Directed,20589,,,1
G764,G748,Directed,20590,,,1
G764,G757,Directed,20591,,,1
G764,G1497,Directed,20592,,,1
G764,G1692,Directed,20593,,,1
G764,G1907,Directed,20594,,,1
G765,G354,Directed,20595,,,1
G765,G431,Directed,20596,,,1
G765,G470,Directed,20597,,,1
G765,G594,Directed,20598,,,1
G765,G626,Directed,20599,,,1
G765,G1194,Directed,20600,,,1
G765,G1240,Directed,20601,,,1
G765,G1949,Directed,20602,,,1
G765,G1975,Directed,20603,,,1
G766,G101,Directed,20604,,,1
G766,G102,Directed,20605,,,1
G766,G131,Directed,20606,,,1
G766,G402,Directed,20607,,,1
G767,G540,Directed,20608,,,1
G767,G768,Directed,20609,,,1
G767,G1687,Directed,20610,,,1
G768,G540,Directed,20611,,,1
G768,G767,Directed,20612,,,1
G768,G1687,Directed,20613,,,1
G769,G116,Directed,20614,,,1
G769,G240,Directed,20615,,,1
G769,G241,Directed,20616,,,1
G769,G375,Directed,20617,,,1
G769,G770,Directed,20618,,,1
G769,G816,Directed,20619,,,1
G769,G817,Directed,20620,,,1
G769,G903,Directed,20621,,,1
G769,G1226,Directed,20622,,,1
G769,G1228,Directed,20623,,,1
G769,G2084,Directed,20624,,,1
G769,G2089,Directed,20625,,,1
G769,G2205,Directed,20626,,,1
G770,G265,Directed,20627,,,1
G770,G433,Directed,20628,,,1
G770,G476,Directed,20629,,,1
G770,G769,Directed,20630,,,1
G770,G816,Directed,20631,,,1
G770,G1375,Directed,20632,,,1
G770,G1377,Directed,20633,,,1
G770,G1482,Directed,20634,,,1
G770,G1488,Directed,20635,,,1
G770,G1489,Directed,20636,,,1
G770,G1505,Directed,20637,,,1
G770,G1622,Directed,20638,,,1
G770,G1737,Directed,20639,,,1
G770,G1765,Directed,20640,,,1
G770,G2106,Directed,20641,,,1
G771,G468,Directed,20642,,,1
G771,G662,Directed,20643,,,1
G771,G671,Directed,20644,,,1
G771,G1728,Directed,20645,,,1
G772,G631,Directed,20646,,,1
G772,G859,Directed,20647,,,1
G773,G344,Directed,20648,,,1
G773,G1186,Directed,20649,,,1
G774,G354,Directed,20650,,,1
G775,G38,Directed,20651,,,1
G775,G39,Directed,20652,,,1
G775,G1116,Directed,20653,,,1
G775,G2232,Directed,20654,,,1
G776,G541,Directed,20655,,,1
G776,G542,Directed,20656,,,1
G777,G99,Directed,20657,,,1
G777,G156,Directed,20658,,,1
G778,G717,Directed,20659,,,1
G778,G718,Directed,20660,,,1
G779,G510,Directed,20661,,,1
G779,G832,Directed,20662,,,1
G780,G2,Directed,20663,,,1
G780,G28,Directed,20664,,,1
G781,G631,Directed,20665,,,1
G781,G782,Directed,20666,,,1
G781,G1711,Directed,20667,,,1
G781,G2245,Directed,20668,,,1
G782,G781,Directed,20669,,,1
G782,G1711,Directed,20670,,,1
G782,G2245,Directed,20671,,,1
G783,G784,Directed,20672,,,1
G784,G476,Directed,20673,,,1
G784,G783,Directed,20674,,,1
G785,G354,Directed,20675,,,1
G785,G596,Directed,20676,,,1
G785,G730,Directed,20677,,,1
G785,G834,Directed,20678,,,1
G785,G1008,Directed,20679,,,1
G785,G1009,Directed,20680,,,1
G785,G2211,Directed,20681,,,1
G786,G71,Directed,20682,,,1
G786,G342,Directed,20683,,,1
G786,G492,Directed,20684,,,1
G786,G516,Directed,20685,,,1
G786,G559,Directed,20686,,,1
G786,G761,Directed,20687,,,1
G787,G648,Directed,20688,,,1
G788,G174,Directed,20689,,,1
G788,G754,Directed,20690,,,1
G788,G1130,Directed,20691,,,1
G789,G689,Directed,20692,,,1
G790,G52,Directed,20693,,,1
G790,G58,Directed,20694,,,1
G790,G263,Directed,20695,,,1
G790,G528,Directed,20696,,,1
G791,G310,Directed,20697,,,1
G791,G880,Directed,20698,,,1
G792,G793,Directed,20699,,,1
G792,G853,Directed,20700,,,1
G792,G1180,Directed,20701,,,1
G792,G1274,Directed,20702,,,1
G792,G1603,Directed,20703,,,1
G793,G792,Directed,20704,,,1
G794,G34,Directed,20705,,,1
G794,G2248,Directed,20706,,,1
G795,G431,Directed,20707,,,1
G796,G11,Directed,20708,,,1
G796,G242,Directed,20709,,,1
G796,G460,Directed,20710,,,1
G796,G956,Directed,20711,,,1
G796,G1160,Directed,20712,,,1
G796,G1194,Directed,20713,,,1
G797,G555,Directed,20714,,,1
G798,G66,Directed,20715,,,1
G799,G88,Directed,20716,,,1
G800,G131,Directed,20717,,,1
G800,G818,Directed,20718,,,1
G801,G41,Directed,20719,,,1
G801,G841,Directed,20720,,,1
G802,G67,Directed,20721,,,1
G802,G317,Directed,20722,,,1
G802,G404,Directed,20723,,,1
G802,G432,Directed,20724,,,1
G802,G681,Directed,20725,,,1
G802,G682,Directed,20726,,,1
G802,G1126,Directed,20727,,,1
G802,G1169,Directed,20728,,,1
G802,G1349,Directed,20729,,,1
G802,G1493,Directed,20730,,,1
G802,G1499,Directed,20731,,,1
G802,G1717,Directed,20732,,,1
G802,G1888,Directed,20733,,,1
G803,G662,Directed,20734,,,1
G804,G805,Directed,20735,,,1
G805,G804,Directed,20736,,,1
G805,G973,Directed,20737,,,1
G806,G252,Directed,20738,,,1
G807,G83,Directed,20739,,,1
G808,G4,Directed,20740,,,1
G808,G22,Directed,20741,,,1
G808,G26,Directed,20742,,,1
G808,G49,Directed,20743,,,1
G808,G51,Directed,20744,,,1
G808,G243,Directed,20745,,,1
G808,G245,Directed,20746,,,1
G809,G810,Directed,20747,,,1
G810,G631,Directed,20748,,,1
G810,G809,Directed,20749,,,1
G810,G842,Directed,20750,,,1
G810,G1190,Directed,20751,,,1
G811,G566,Directed,20752,,,1
G811,G2149,Directed,20753,,,1
G811,G2238,Directed,20754,,,1
G812,G328,Directed,20755,,,1
G813,G117,Directed,20756,,,1
G813,G262,Directed,20757,,,1
G814,G342,Directed,20758,,,1
G814,G815,Directed,20759,,,1
G814,G2078,Directed,20760,,,1
G815,G418,Directed,20761,,,1
G815,G814,Directed,20762,,,1
G815,G1053,Directed,20763,,,1
G815,G1179,Directed,20764,,,1
G815,G1274,Directed,20765,,,1
G816,G769,Directed,20766,,,1
G816,G770,Directed,20767,,,1
G816,G817,Directed,20768,,,1
G816,G1816,Directed,20769,,,1
G816,G2107,Directed,20770,,,1
G816,G2124,Directed,20771,,,1
G816,G2125,Directed,20772,,,1
G817,G769,Directed,20773,,,1
G817,G816,Directed,20774,,,1
G817,G2093,Directed,20775,,,1
G818,G800,Directed,20776,,,1
G819,G746,Directed,20777,,,1
G819,G820,Directed,20778,,,1
G820,G746,Directed,20779,,,1
G820,G819,Directed,20780,,,1
G820,G2084,Directed,20781,,,1
G820,G2106,Directed,20782,,,1
G821,G406,Directed,20783,,,1
G821,G433,Directed,20784,,,1
G821,G455,Directed,20785,,,1
G821,G1369,Directed,20786,,,1
G821,G1825,Directed,20787,,,1
G822,G543,Directed,20788,,,1
G823,G263,Directed,20789,,,1
G823,G344,Directed,20790,,,1
G824,G335,Directed,20791,,,1
G824,G620,Directed,20792,,,1
G824,G1251,Directed,20793,,,1
G824,G1306,Directed,20794,,,1
G824,G2199,Directed,20795,,,1
G824,G2245,Directed,20796,,,1
G824,G2247,Directed,20797,,,1
G825,G320,Directed,20798,,,1
G825,G321,Directed,20799,,,1
G825,G350,Directed,20800,,,1
G826,G51,Directed,20801,,,1
G826,G245,Directed,20802,,,1
G827,G280,Directed,20803,,,1
G828,G250,Directed,20804,,,1
G829,G124,Directed,20805,,,1
G830,G2,Directed,20806,,,1
G830,G288,Directed,20807,,,1
G830,G737,Directed,20808,,,1
G830,G833,Directed,20809,,,1
G830,G1251,Directed,20810,,,1
G831,G11,Directed,20811,,,1
G831,G666,Directed,20812,,,1
G831,G1711,Directed,20813,,,1
G832,G233,Directed,20814,,,1
G832,G234,Directed,20815,,,1
G832,G244,Directed,20816,,,1
G832,G779,Directed,20817,,,1
G832,G869,Directed,20818,,,1
G832,G1077,Directed,20819,,,1
G832,G1538,Directed,20820,,,1
G832,G1733,Directed,20821,,,1
G832,G2236,Directed,20822,,,1
G833,G411,Directed,20823,,,1
G833,G412,Directed,20824,,,1
G833,G830,Directed,20825,,,1
G833,G1251,Directed,20826,,,1
G833,G1252,Directed,20827,,,1
G833,G2289,Directed,20828,,,1
G833,G2290,Directed,20829,,,1
G834,G785,Directed,20830,,,1
G835,G85,Directed,20831,,,1
G835,G321,Directed,20832,,,1
G836,G635,Directed,20833,,,1
G836,G1680,Directed,20834,,,1
G837,G699,Directed,20835,,,1
G838,G34,Directed,20836,,,1
G838,G2196,Directed,20837,,,1
G838,G2306,Directed,20838,,,1
G838,G2308,Directed,20839,,,1
G839,G320,Directed,20840,,,1
G839,G321,Directed,20841,,,1
G840,G699,Directed,20842,,,1
G841,G49,Directed,20843,,,1
G841,G51,Directed,20844,,,1
G841,G58,Directed,20845,,,1
G841,G69,Directed,20846,,,1
G841,G71,Directed,20847,,,1
G841,G80,Directed,20848,,,1
G841,G97,Directed,20849,,,1
G841,G152,Directed,20850,,,1
G841,G245,Directed,20851,,,1
G841,G342,Directed,20852,,,1
G841,G456,Directed,20853,,,1
G841,G801,Directed,20854,,,1
G841,G1302,Directed,20855,,,1
G841,G1335,Directed,20856,,,1
G841,G1360,Directed,20857,,,1
G841,G1587,Directed,20858,,,1
G842,G810,Directed,20859,,,1
G843,G408,Directed,20860,,,1
G844,G309,Directed,20861,,,1
G844,G433,Directed,20862,,,1
G845,G34,Directed,20863,,,1
G845,G324,Directed,20864,,,1
G846,G847,Directed,20865,,,1
G847,G161,Directed,20866,,,1
G847,G846,Directed,20867,,,1
G847,G2084,Directed,20868,,,1
G847,G2137,Directed,20869,,,1
G847,G2172,Directed,20870,,,1
G847,G2230,Directed,20871,,,1
G847,G2245,Directed,20872,,,1
G848,G127,Directed,20873,,,1
G848,G128,Directed,20874,,,1
G849,G344,Directed,20875,,,1
G850,G52,Directed,20876,,,1
G850,G237,Directed,20877,,,1
G851,G122,Directed,20878,,,1
G851,G145,Directed,20879,,,1
G851,G988,Directed,20880,,,1
G851,G992,Directed,20881,,,1
G851,G1327,Directed,20882,,,1
G851,G1361,Directed,20883,,,1
G851,G1559,Directed,20884,,,1
G851,G1560,Directed,20885,,,1
G851,G1575,Directed,20886,,,1
G851,G1586,Directed,20887,,,1
G851,G1621,Directed,20888,,,1
G851,G1643,Directed,20889,,,1
G851,G1644,Directed,20890,,,1
G852,G157,Directed,20891,,,1
G853,G792,Directed,20892,,,1
G853,G1180,Directed,20893,,,1
G853,G1274,Directed,20894,,,1
G853,G1603,Directed,20895,,,1
G854,G147,Directed,20896,,,1
G854,G148,Directed,20897,,,1
G855,G161,Directed,20898,,,1
G855,G739,Directed,20899,,,1
G855,G2150,Directed,20900,,,1
G856,G147,Directed,20901,,,1
G856,G161,Directed,20902,,,1
G857,G374,Directed,20903,,,1
G858,G34,Directed,20904,,,1
G859,G665,Directed,20905,,,1
G859,G772,Directed,20906,,,1
G860,G321,Directed,20907,,,1
G860,G875,Directed,20908,,,1
G860,G1302,Directed,20909,,,1
G860,G1335,Directed,20910,,,1
G860,G1360,Directed,20911,,,1
G860,G1563,Directed,20912,,,1
G860,G1622,Directed,20913,,,1
G860,G1947,Directed,20914,,,1
G861,G642,Directed,20915,,,1
G862,G2,Directed,20916,,,1
G862,G95,Directed,20917,,,1
G862,G99,Directed,20918,,,1
G862,G101,Directed,20919,,,1
G862,G131,Directed,20920,,,1
G862,G155,Directed,20921,,,1
G862,G156,Directed,20922,,,1
G862,G296,Directed,20923,,,1
G862,G309,Directed,20924,,,1
G862,G342,Directed,20925,,,1
G862,G373,Directed,20926,,,1
G862,G384,Directed,20927,,,1
G862,G386,Directed,20928,,,1
G862,G393,Directed,20929,,,1
G862,G402,Directed,20930,,,1
G862,G468,Directed,20931,,,1
G862,G478,Directed,20932,,,1
G862,G534,Directed,20933,,,1
G862,G663,Directed,20934,,,1
G862,G680,Directed,20935,,,1
G862,G1104,Directed,20936,,,1
G862,G1554,Directed,20937,,,1
G862,G1561,Directed,20938,,,1
G863,G864,Directed,20939,,,1
G863,G1060,Directed,20940,,,1
G863,G1073,Directed,20941,,,1
G863,G1711,Directed,20942,,,1
G863,G2245,Directed,20943,,,1
G864,G68,Directed,20944,,,1
G864,G91,Directed,20945,,,1
G864,G112,Directed,20946,,,1
G864,G175,Directed,20947,,,1
G864,G176,Directed,20948,,,1
G864,G177,Directed,20949,,,1
G864,G180,Directed,20950,,,1
G864,G183,Directed,20951,,,1
G864,G186,Directed,20952,,,1
G864,G190,Directed,20953,,,1
G864,G191,Directed,20954,,,1
G864,G192,Directed,20955,,,1
G864,G195,Directed,20956,,,1
G864,G204,Directed,20957,,,1
G864,G205,Directed,20958,,,1
G864,G206,Directed,20959,,,1
G864,G207,Directed,20960,,,1
G864,G223,Directed,20961,,,1
G864,G275,Directed,20962,,,1
G864,G518,Directed,20963,,,1
G864,G863,Directed,20964,,,1
G864,G918,Directed,20965,,,1
G864,G923,Directed,20966,,,1
G864,G924,Directed,20967,,,1
G864,G932,Directed,20968,,,1
G864,G933,Directed,20969,,,1
G864,G936,Directed,20970,,,1
G864,G937,Directed,20971,,,1
G864,G949,Directed,20972,,,1
G864,G967,Directed,20973,,,1
G864,G1101,Directed,20974,,,1
G865,G145,Directed,20975,,,1
G865,G166,Directed,20976,,,1
G865,G1062,Directed,20977,,,1
G865,G1063,Directed,20978,,,1
G865,G1295,Directed,20979,,,1
G866,G138,Directed,20980,,,1
G866,G1158,Directed,20981,,,1
G866,G1265,Directed,20982,,,1
G866,G1665,Directed,20983,,,1
G866,G1879,Directed,20984,,,1
G867,G126,Directed,20985,,,1
G867,G450,Directed,20986,,,1
G867,G525,Directed,20987,,,1
G867,G730,Directed,20988,,,1
G867,G2146,Directed,20989,,,1
G868,G306,Directed,20990,,,1
G868,G476,Directed,20991,,,1
G868,G873,Directed,20992,,,1
G869,G133,Directed,20993,,,1
G869,G832,Directed,20994,,,1
G869,G870,Directed,20995,,,1
G870,G869,Directed,20996,,,1
G870,G2245,Directed,20997,,,1
G871,G81,Directed,20998,,,1
G871,G150,Directed,20999,,,1
G872,G147,Directed,21000,,,1
G872,G2151,Directed,21001,,,1
G872,G2172,Directed,21002,,,1
G873,G868,Directed,21003,,,1
G874,G7,Directed,21004,,,1
G874,G746,Directed,21005,,,1
G875,G410,Directed,21006,,,1
G875,G860,Directed,21007,,,1
G875,G1008,Directed,21008,,,1
G875,G1009,Directed,21009,,,1
G875,G1622,Directed,21010,,,1
G875,G1723,Directed,21011,,,1
G875,G1841,Directed,21012,,,1
G876,G437,Directed,21013,,,1
G876,G877,Directed,21014,,,1
G877,G876,Directed,21015,,,1
G878,G121,Directed,21016,,,1
G878,G879,Directed,21017,,,1
G878,G2079,Directed,21018,,,1
G879,G121,Directed,21019,,,1
G879,G878,Directed,21020,,,1
G880,G791,Directed,21021,,,1
G880,G881,Directed,21022,,,1
G880,G916,Directed,21023,,,1
G881,G880,Directed,21024,,,1
G882,G244,Directed,21025,,,1
G882,G510,Directed,21026,,,1
G882,G1154,Directed,21027,,,1
G882,G1155,Directed,21028,,,1
G882,G1176,Directed,21029,,,1
G882,G1265,Directed,21030,,,1
G882,G1468,Directed,21031,,,1
G882,G1543,Directed,21032,,,1
G882,G1610,Directed,21033,,,1
G882,G1623,Directed,21034,,,1
G882,G1733,Directed,21035,,,1
G882,G1751,Directed,21036,,,1
G882,G1952,Directed,21037,,,1
G882,G1953,Directed,21038,,,1
G882,G1955,Directed,21039,,,1
G882,G1986,Directed,21040,,,1
G882,G1988,Directed,21041,,,1
G882,G1995,Directed,21042,,,1
G882,G2011,Directed,21043,,,1
G882,G2247,Directed,21044,,,1
G883,G248,Directed,21045,,,1
G883,G899,Directed,21046,,,1
G884,G34,Directed,21047,,,1
G884,G362,Directed,21048,,,1
G884,G2302,Directed,21049,,,1
G885,G578,Directed,21050,,,1
G886,G198,Directed,21051,,,1
G886,G1279,Directed,21052,,,1
G887,G483,Directed,21053,,,1
G887,G570,Directed,21054,,,1
G887,G2367,Directed,21055,,,1
G888,G34,Directed,21056,,,1
G888,G35,Directed,21057,,,1
G888,G2248,Directed,21058,,,1
G889,G174,Directed,21059,,,1
G889,G303,Directed,21060,,,1
G889,G429,Directed,21061,,,1
G889,G451,Directed,21062,,,1
G889,G493,Directed,21063,,,1
G889,G520,Directed,21064,,,1
G889,G904,Directed,21065,,,1
G889,G976,Directed,21066,,,1
G889,G1056,Directed,21067,,,1
G890,G891,Directed,21068,,,1
G890,G904,Directed,21069,,,1
G890,G909,Directed,21070,,,1
G890,G970,Directed,21071,,,1
G890,G1365,Directed,21072,,,1
G891,G890,Directed,21073,,,1
G891,G904,Directed,21074,,,1
G891,G970,Directed,21075,,,1
G892,G67,Directed,21076,,,1
G892,G68,Directed,21077,,,1
G892,G91,Directed,21078,,,1
G892,G113,Directed,21079,,,1
G892,G174,Directed,21080,,,1
G892,G205,Directed,21081,,,1
G892,G210,Directed,21082,,,1
G892,G246,Directed,21083,,,1
G892,G275,Directed,21084,,,1
G892,G288,Directed,21085,,,1
G892,G322,Directed,21086,,,1
G892,G432,Directed,21087,,,1
G892,G492,Directed,21088,,,1
G892,G516,Directed,21089,,,1
G892,G906,Directed,21090,,,1
G892,G1006,Directed,21091,,,1
G892,G1042,Directed,21092,,,1
G892,G1057,Directed,21093,,,1
G892,G1121,Directed,21094,,,1
G892,G1157,Directed,21095,,,1
G892,G1194,Directed,21096,,,1
G892,G1253,Directed,21097,,,1
G892,G1255,Directed,21098,,,1
G892,G1262,Directed,21099,,,1
G892,G1495,Directed,21100,,,1
G892,G1588,Directed,21101,,,1
G892,G1674,Directed,21102,,,1
G892,G1706,Directed,21103,,,1
G892,G1708,Directed,21104,,,1
G892,G1772,Directed,21105,,,1
G892,G1774,Directed,21106,,,1
G892,G1872,Directed,21107,,,1
G893,G121,Directed,21108,,,1
G893,G122,Directed,21109,,,1
G893,G158,Directed,21110,,,1
G893,G289,Directed,21111,,,1
G893,G317,Directed,21112,,,1
G893,G1152,Directed,21113,,,1
G893,G1346,Directed,21114,,,1
G893,G1364,Directed,21115,,,1
G894,G895,Directed,21116,,,1
G894,G911,Directed,21117,,,1
G894,G1137,Directed,21118,,,1
G894,G1268,Directed,21119,,,1
G894,G1747,Directed,21120,,,1
G895,G894,Directed,21121,,,1
G896,G897,Directed,21122,,,1
G896,G905,Directed,21123,,,1
G896,G1721,Directed,21124,,,1
G897,G762,Directed,21125,,,1
G897,G896,Directed,21126,,,1
G897,G950,Directed,21127,,,1
G897,G1791,Directed,21128,,,1
G897,G2193,Directed,21129,,,1
G898,G899,Directed,21130,,,1
G899,G448,Directed,21131,,,1
G899,G883,Directed,21132,,,1
G899,G898,Directed,21133,,,1
G899,G1025,Directed,21134,,,1
G899,G1087,Directed,21135,,,1
G900,G364,Directed,21136,,,1
G900,G504,Directed,21137,,,1
G900,G655,Directed,21138,,,1
G900,G901,Directed,21139,,,1
G900,G1275,Directed,21140,,,1
G900,G1325,Directed,21141,,,1
G900,G1565,Directed,21142,,,1
G900,G1726,Directed,21143,,,1
G900,G1845,Directed,21144,,,1
G900,G1972,Directed,21145,,,1
G900,G2021,Directed,21146,,,1
G900,G2025,Directed,21147,,,1
G900,G2084,Directed,21148,,,1
G901,G900,Directed,21149,,,1
G902,G200,Directed,21150,,,1
G902,G201,Directed,21151,,,1
G902,G215,Directed,21152,,,1
G902,G509,Directed,21153,,,1
G902,G1250,Directed,21154,,,1
G902,G1379,Directed,21155,,,1
G903,G40,Directed,21156,,,1
G903,G769,Directed,21157,,,1
G903,G1711,Directed,21158,,,1
G904,G889,Directed,21159,,,1
G904,G890,Directed,21160,,,1
G904,G891,Directed,21161,,,1
G905,G174,Directed,21162,,,1
G905,G217,Directed,21163,,,1
G905,G225,Directed,21164,,,1
G905,G260,Directed,21165,,,1
G905,G896,Directed,21166,,,1
G905,G1006,Directed,21167,,,1
G905,G1010,Directed,21168,,,1
G905,G1052,Directed,21169,,,1
G905,G1053,Directed,21170,,,1
G905,G1405,Directed,21171,,,1
G905,G1407,Directed,21172,,,1
G905,G1514,Directed,21173,,,1
G905,G1630,Directed,21174,,,1
G905,G1666,Directed,21175,,,1
G905,G1667,Directed,21176,,,1
G906,G892,Directed,21177,,,1
G906,G907,Directed,21178,,,1
G906,G972,Directed,21179,,,1
G906,G1136,Directed,21180,,,1
G906,G1181,Directed,21181,,,1
G906,G1231,Directed,21182,,,1
G906,G1429,Directed,21183,,,1
G906,G1431,Directed,21184,,,1
G906,G1434,Directed,21185,,,1
G906,G1805,Directed,21186,,,1
G906,G1839,Directed,21187,,,1
G907,G906,Directed,21188,,,1
G908,G174,Directed,21189,,,1
G908,G976,Directed,21190,,,1
G908,G1225,Directed,21191,,,1
G908,G1444,Directed,21192,,,1
G908,G1512,Directed,21193,,,1
G909,G660,Directed,21194,,,1
G909,G661,Directed,21195,,,1
G909,G890,Directed,21196,,,1
G909,G910,Directed,21197,,,1
G909,G920,Directed,21198,,,1
G909,G931,Directed,21199,,,1
G909,G973,Directed,21200,,,1
G909,G1024,Directed,21201,,,1
G909,G1040,Directed,21202,,,1
G909,G1497,Directed,21203,,,1
G909,G1654,Directed,21204,,,1
G910,G909,Directed,21205,,,1
G910,G1365,Directed,21206,,,1
G910,G1580,Directed,21207,,,1
G911,G894,Directed,21208,,,1
G912,G29,Directed,21209,,,1
G912,G67,Directed,21210,,,1
G912,G68,Directed,21211,,,1
G912,G91,Directed,21212,,,1
G912,G112,Directed,21213,,,1
G912,G175,Directed,21214,,,1
G912,G176,Directed,21215,,,1
G912,G177,Directed,21216,,,1
G912,G180,Directed,21217,,,1
G912,G183,Directed,21218,,,1
G912,G186,Directed,21219,,,1
G912,G190,Directed,21220,,,1
G912,G191,Directed,21221,,,1
G912,G192,Directed,21222,,,1
G912,G195,Directed,21223,,,1
G912,G199,Directed,21224,,,1
G912,G204,Directed,21225,,,1
G912,G205,Directed,21226,,,1
G912,G206,Directed,21227,,,1
G912,G207,Directed,21228,,,1
G912,G223,Directed,21229,,,1
G912,G275,Directed,21230,,,1
G912,G322,Directed,21231,,,1
G912,G518,Directed,21232,,,1
G912,G918,Directed,21233,,,1
G912,G923,Directed,21234,,,1
G912,G924,Directed,21235,,,1
G912,G932,Directed,21236,,,1
G912,G933,Directed,21237,,,1
G912,G936,Directed,21238,,,1
G912,G937,Directed,21239,,,1
G912,G949,Directed,21240,,,1
G912,G967,Directed,21241,,,1
G912,G1101,Directed,21242,,,1
G912,G1253,Directed,21243,,,1
G912,G1262,Directed,21244,,,1
G912,G1494,Directed,21245,,,1
G912,G1495,Directed,21246,,,1
G912,G1872,Directed,21247,,,1
G913,G29,Directed,21248,,,1
G913,G67,Directed,21249,,,1
G913,G68,Directed,21250,,,1
G913,G91,Directed,21251,,,1
G913,G112,Directed,21252,,,1
G913,G175,Directed,21253,,,1
G913,G176,Directed,21254,,,1
G913,G177,Directed,21255,,,1
G913,G180,Directed,21256,,,1
G913,G183,Directed,21257,,,1
G913,G186,Directed,21258,,,1
G913,G190,Directed,21259,,,1
G913,G191,Directed,21260,,,1
G913,G192,Directed,21261,,,1
G913,G195,Directed,21262,,,1
G913,G199,Directed,21263,,,1
G913,G204,Directed,21264,,,1
G913,G205,Directed,21265,,,1
G913,G206,Directed,21266,,,1
G913,G207,Directed,21267,,,1
G913,G223,Directed,21268,,,1
G913,G275,Directed,21269,,,1
G913,G322,Directed,21270,,,1
G913,G518,Directed,21271,,,1
G913,G918,Directed,21272,,,1
G913,G923,Directed,21273,,,1
G913,G924,Directed,21274,,,1
G913,G932,Directed,21275,,,1
G913,G933,Directed,21276,,,1
G913,G936,Directed,21277,,,1
G913,G937,Directed,21278,,,1
G913,G943,Directed,21279,,,1
G913,G949,Directed,21280,,,1
G913,G967,Directed,21281,,,1
G913,G1101,Directed,21282,,,1
G913,G1253,Directed,21283,,,1
G913,G1262,Directed,21284,,,1
G913,G1494,Directed,21285,,,1
G913,G1495,Directed,21286,,,1
G913,G1872,Directed,21287,,,1
G914,G29,Directed,21288,,,1
G914,G67,Directed,21289,,,1
G914,G68,Directed,21290,,,1
G914,G91,Directed,21291,,,1
G914,G112,Directed,21292,,,1
G914,G175,Directed,21293,,,1
G914,G176,Directed,21294,,,1
G914,G177,Directed,21295,,,1
G914,G180,Directed,21296,,,1
G914,G183,Directed,21297,,,1
G914,G186,Directed,21298,,,1
G914,G190,Directed,21299,,,1
G914,G191,Directed,21300,,,1
G914,G192,Directed,21301,,,1
G914,G195,Directed,21302,,,1
G914,G199,Directed,21303,,,1
G914,G204,Directed,21304,,,1
G914,G205,Directed,21305,,,1
G914,G206,Directed,21306,,,1
G914,G207,Directed,21307,,,1
G914,G223,Directed,21308,,,1
G914,G275,Directed,21309,,,1
G914,G322,Directed,21310,,,1
G914,G518,Directed,21311,,,1
G914,G918,Directed,21312,,,1
G914,G923,Directed,21313,,,1
G914,G924,Directed,21314,,,1
G914,G932,Directed,21315,,,1
G914,G933,Directed,21316,,,1
G914,G936,Directed,21317,,,1
G914,G937,Directed,21318,,,1
G914,G949,Directed,21319,,,1
G914,G967,Directed,21320,,,1
G914,G1101,Directed,21321,,,1
G914,G1253,Directed,21322,,,1
G914,G1262,Directed,21323,,,1
G914,G1494,Directed,21324,,,1
G914,G1495,Directed,21325,,,1
G914,G1872,Directed,21326,,,1
G915,G73,Directed,21327,,,1
G915,G916,Directed,21328,,,1
G916,G174,Directed,21329,,,1
G916,G623,Directed,21330,,,1
G916,G725,Directed,21331,,,1
G916,G880,Directed,21332,,,1
G916,G915,Directed,21333,,,1
G916,G1079,Directed,21334,,,1
G916,G1455,Directed,21335,,,1
G916,G1762,Directed,21336,,,1
G917,G29,Directed,21337,,,1
G917,G67,Directed,21338,,,1
G917,G68,Directed,21339,,,1
G917,G91,Directed,21340,,,1
G917,G112,Directed,21341,,,1
G917,G175,Directed,21342,,,1
G917,G176,Directed,21343,,,1
G917,G177,Directed,21344,,,1
G917,G180,Directed,21345,,,1
G917,G183,Directed,21346,,,1
G917,G186,Directed,21347,,,1
G917,G190,Directed,21348,,,1
G917,G191,Directed,21349,,,1
G917,G192,Directed,21350,,,1
G917,G195,Directed,21351,,,1
G917,G199,Directed,21352,,,1
G917,G204,Directed,21353,,,1
G917,G205,Directed,21354,,,1
G917,G206,Directed,21355,,,1
G917,G207,Directed,21356,,,1
G917,G223,Directed,21357,,,1
G917,G275,Directed,21358,,,1
G917,G322,Directed,21359,,,1
G917,G518,Directed,21360,,,1
G917,G918,Directed,21361,,,1
G917,G923,Directed,21362,,,1
G917,G924,Directed,21363,,,1
G917,G932,Directed,21364,,,1
G917,G933,Directed,21365,,,1
G917,G936,Directed,21366,,,1
G917,G937,Directed,21367,,,1
G917,G949,Directed,21368,,,1
G917,G967,Directed,21369,,,1
G917,G1101,Directed,21370,,,1
G917,G1253,Directed,21371,,,1
G917,G1262,Directed,21372,,,1
G917,G1494,Directed,21373,,,1
G917,G1495,Directed,21374,,,1
G917,G1872,Directed,21375,,,1
G918,G28,Directed,21376,,,1
G918,G29,Directed,21377,,,1
G918,G40,Directed,21378,,,1
G918,G41,Directed,21379,,,1
G918,G42,Directed,21380,,,1
G918,G45,Directed,21381,,,1
G918,G46,Directed,21382,,,1
G918,G65,Directed,21383,,,1
G918,G68,Directed,21384,,,1
G918,G69,Directed,21385,,,1
G918,G91,Directed,21386,,,1
G918,G112,Directed,21387,,,1
G918,G175,Directed,21388,,,1
G918,G176,Directed,21389,,,1
G918,G177,Directed,21390,,,1
G918,G178,Directed,21391,,,1
G918,G179,Directed,21392,,,1
G918,G180,Directed,21393,,,1
G918,G181,Directed,21394,,,1
G918,G182,Directed,21395,,,1
G918,G183,Directed,21396,,,1
G918,G184,Directed,21397,,,1
G918,G185,Directed,21398,,,1
G918,G186,Directed,21399,,,1
G918,G187,Directed,21400,,,1
G918,G189,Directed,21401,,,1
G918,G190,Directed,21402,,,1
G918,G191,Directed,21403,,,1
G918,G192,Directed,21404,,,1
G918,G195,Directed,21405,,,1
G918,G198,Directed,21406,,,1
G918,G199,Directed,21407,,,1
G918,G204,Directed,21408,,,1
G918,G205,Directed,21409,,,1
G918,G206,Directed,21410,,,1
G918,G207,Directed,21411,,,1
G918,G210,Directed,21412,,,1
G918,G213,Directed,21413,,,1
G918,G223,Directed,21414,,,1
G918,G235,Directed,21415,,,1
G918,G258,Directed,21416,,,1
G918,G423,Directed,21417,,,1
G918,G518,Directed,21418,,,1
G918,G521,Directed,21419,,,1
G918,G535,Directed,21420,,,1
G918,G864,Directed,21421,,,1
G918,G912,Directed,21422,,,1
G918,G913,Directed,21423,,,1
G918,G914,Directed,21424,,,1
G918,G917,Directed,21425,,,1
G918,G919,Directed,21426,,,1
G918,G921,Directed,21427,,,1
G918,G922,Directed,21428,,,1
G918,G923,Directed,21429,,,1
G918,G924,Directed,21430,,,1
G918,G925,Directed,21431,,,1
G918,G926,Directed,21432,,,1
G918,G927,Directed,21433,,,1
G918,G928,Directed,21434,,,1
G918,G932,Directed,21435,,,1
G918,G933,Directed,21436,,,1
G918,G934,Directed,21437,,,1
G918,G935,Directed,21438,,,1
G918,G936,Directed,21439,,,1
G918,G937,Directed,21440,,,1
G918,G938,Directed,21441,,,1
G918,G939,Directed,21442,,,1
G918,G940,Directed,21443,,,1
G918,G941,Directed,21444,,,1
G918,G942,Directed,21445,,,1
G918,G943,Directed,21446,,,1
G918,G944,Directed,21447,,,1
G918,G949,Directed,21448,,,1
G918,G953,Directed,21449,,,1
G918,G954,Directed,21450,,,1
G918,G955,Directed,21451,,,1
G918,G960,Directed,21452,,,1
G918,G964,Directed,21453,,,1
G918,G966,Directed,21454,,,1
G918,G967,Directed,21455,,,1
G918,G977,Directed,21456,,,1
G918,G1060,Directed,21457,,,1
G918,G1073,Directed,21458,,,1
G918,G1235,Directed,21459,,,1
G918,G1242,Directed,21460,,,1
G918,G1414,Directed,21461,,,1
G919,G29,Directed,21462,,,1
G919,G40,Directed,21463,,,1
G919,G65,Directed,21464,,,1
G919,G68,Directed,21465,,,1
G919,G91,Directed,21466,,,1
G919,G112,Directed,21467,,,1
G919,G175,Directed,21468,,,1
G919,G176,Directed,21469,,,1
G919,G177,Directed,21470,,,1
G919,G180,Directed,21471,,,1
G919,G183,Directed,21472,,,1
G919,G186,Directed,21473,,,1
G919,G190,Directed,21474,,,1
G919,G191,Directed,21475,,,1
G919,G192,Directed,21476,,,1
G919,G195,Directed,21477,,,1
G919,G199,Directed,21478,,,1
G919,G204,Directed,21479,,,1
G919,G205,Directed,21480,,,1
G919,G206,Directed,21481,,,1
G919,G207,Directed,21482,,,1
G919,G223,Directed,21483,,,1
G919,G275,Directed,21484,,,1
G919,G476,Directed,21485,,,1
G919,G518,Directed,21486,,,1
G919,G918,Directed,21487,,,1
G919,G923,Directed,21488,,,1
G919,G924,Directed,21489,,,1
G919,G932,Directed,21490,,,1
G919,G933,Directed,21491,,,1
G919,G936,Directed,21492,,,1
G919,G937,Directed,21493,,,1
G919,G949,Directed,21494,,,1
G919,G967,Directed,21495,,,1
G919,G1414,Directed,21496,,,1
G920,G255,Directed,21497,,,1
G920,G259,Directed,21498,,,1
G920,G431,Directed,21499,,,1
G920,G561,Directed,21500,,,1
G920,G655,Directed,21501,,,1
G920,G909,Directed,21502,,,1
G920,G1051,Directed,21503,,,1
G920,G1085,Directed,21504,,,1
G920,G1161,Directed,21505,,,1
G920,G1283,Directed,21506,,,1
G920,G1302,Directed,21507,,,1
G920,G1335,Directed,21508,,,1
G920,G1360,Directed,21509,,,1
G920,G1393,Directed,21510,,,1
G920,G1543,Directed,21511,,,1
G920,G1556,Directed,21512,,,1
G920,G1610,Directed,21513,,,1
G920,G1623,Directed,21514,,,1
G920,G1697,Directed,21515,,,1
G920,G1707,Directed,21516,,,1
G920,G1802,Directed,21517,,,1
G920,G1873,Directed,21518,,,1
G920,G1894,Directed,21519,,,1
G920,G1898,Directed,21520,,,1
G920,G1899,Directed,21521,,,1
G920,G1972,Directed,21522,,,1
G920,G1977,Directed,21523,,,1
G920,G2362,Directed,21524,,,1
G921,G29,Directed,21525,,,1
G921,G40,Directed,21526,,,1
G921,G65,Directed,21527,,,1
G921,G68,Directed,21528,,,1
G921,G91,Directed,21529,,,1
G921,G112,Directed,21530,,,1
G921,G175,Directed,21531,,,1
G921,G176,Directed,21532,,,1
G921,G177,Directed,21533,,,1
G921,G180,Directed,21534,,,1
G921,G183,Directed,21535,,,1
G921,G186,Directed,21536,,,1
G921,G190,Directed,21537,,,1
G921,G191,Directed,21538,,,1
G921,G192,Directed,21539,,,1
G921,G195,Directed,21540,,,1
G921,G199,Directed,21541,,,1
G921,G204,Directed,21542,,,1
G921,G205,Directed,21543,,,1
G921,G206,Directed,21544,,,1
G921,G207,Directed,21545,,,1
G921,G223,Directed,21546,,,1
G921,G275,Directed,21547,,,1
G921,G518,Directed,21548,,,1
G921,G918,Directed,21549,,,1
G921,G923,Directed,21550,,,1
G921,G924,Directed,21551,,,1
G921,G932,Directed,21552,,,1
G921,G933,Directed,21553,,,1
G921,G936,Directed,21554,,,1
G921,G937,Directed,21555,,,1
G921,G949,Directed,21556,,,1
G921,G967,Directed,21557,,,1
G921,G1414,Directed,21558,,,1
G922,G29,Directed,21559,,,1
G922,G40,Directed,21560,,,1
G922,G65,Directed,21561,,,1
G922,G68,Directed,21562,,,1
G922,G91,Directed,21563,,,1
G922,G112,Directed,21564,,,1
G922,G175,Directed,21565,,,1
G922,G176,Directed,21566,,,1
G922,G177,Directed,21567,,,1
G922,G180,Directed,21568,,,1
G922,G183,Directed,21569,,,1
G922,G186,Directed,21570,,,1
G922,G190,Directed,21571,,,1
G922,G191,Directed,21572,,,1
G922,G192,Directed,21573,,,1
G922,G195,Directed,21574,,,1
G922,G199,Directed,21575,,,1
G922,G204,Directed,21576,,,1
G922,G205,Directed,21577,,,1
G922,G206,Directed,21578,,,1
G922,G207,Directed,21579,,,1
G922,G223,Directed,21580,,,1
G922,G275,Directed,21581,,,1
G922,G518,Directed,21582,,,1
G922,G918,Directed,21583,,,1
G922,G923,Directed,21584,,,1
G922,G924,Directed,21585,,,1
G922,G932,Directed,21586,,,1
G922,G933,Directed,21587,,,1
G922,G936,Directed,21588,,,1
G922,G937,Directed,21589,,,1
G922,G949,Directed,21590,,,1
G922,G967,Directed,21591,,,1
G922,G1414,Directed,21592,,,1
G923,G28,Directed,21593,,,1
G923,G29,Directed,21594,,,1
G923,G41,Directed,21595,,,1
G923,G42,Directed,21596,,,1
G923,G45,Directed,21597,,,1
G923,G46,Directed,21598,,,1
G923,G68,Directed,21599,,,1
G923,G69,Directed,21600,,,1
G923,G91,Directed,21601,,,1
G923,G112,Directed,21602,,,1
G923,G113,Directed,21603,,,1
G923,G167,Directed,21604,,,1
G923,G175,Directed,21605,,,1
G923,G176,Directed,21606,,,1
G923,G177,Directed,21607,,,1
G923,G178,Directed,21608,,,1
G923,G179,Directed,21609,,,1
G923,G181,Directed,21610,,,1
G923,G182,Directed,21611,,,1
G923,G183,Directed,21612,,,1
G923,G184,Directed,21613,,,1
G923,G185,Directed,21614,,,1
G923,G186,Directed,21615,,,1
G923,G187,Directed,21616,,,1
G923,G189,Directed,21617,,,1
G923,G190,Directed,21618,,,1
G923,G191,Directed,21619,,,1
G923,G192,Directed,21620,,,1
G923,G195,Directed,21621,,,1
G923,G198,Directed,21622,,,1
G923,G199,Directed,21623,,,1
G923,G204,Directed,21624,,,1
G923,G205,Directed,21625,,,1
G923,G206,Directed,21626,,,1
G923,G207,Directed,21627,,,1
G923,G210,Directed,21628,,,1
G923,G213,Directed,21629,,,1
G923,G223,Directed,21630,,,1
G923,G235,Directed,21631,,,1
G923,G258,Directed,21632,,,1
G923,G275,Directed,21633,,,1
G923,G334,Directed,21634,,,1
G923,G422,Directed,21635,,,1
G923,G423,Directed,21636,,,1
G923,G449,Directed,21637,,,1
G923,G518,Directed,21638,,,1
G923,G521,Directed,21639,,,1
G923,G535,Directed,21640,,,1
G923,G864,Directed,21641,,,1
G923,G912,Directed,21642,,,1
G923,G913,Directed,21643,,,1
G923,G914,Directed,21644,,,1
G923,G917,Directed,21645,,,1
G923,G918,Directed,21646,,,1
G923,G919,Directed,21647,,,1
G923,G921,Directed,21648,,,1
G923,G922,Directed,21649,,,1
G923,G924,Directed,21650,,,1
G923,G925,Directed,21651,,,1
G923,G926,Directed,21652,,,1
G923,G927,Directed,21653,,,1
G923,G928,Directed,21654,,,1
G923,G932,Directed,21655,,,1
G923,G933,Directed,21656,,,1
G923,G934,Directed,21657,,,1
G923,G935,Directed,21658,,,1
G923,G936,Directed,21659,,,1
G923,G937,Directed,21660,,,1
G923,G938,Directed,21661,,,1
G923,G939,Directed,21662,,,1
G923,G940,Directed,21663,,,1
G923,G941,Directed,21664,,,1
G923,G942,Directed,21665,,,1
G923,G943,Directed,21666,,,1
G923,G944,Directed,21667,,,1
G923,G949,Directed,21668,,,1
G923,G953,Directed,21669,,,1
G923,G954,Directed,21670,,,1
G923,G955,Directed,21671,,,1
G923,G960,Directed,21672,,,1
G923,G964,Directed,21673,,,1
G923,G966,Directed,21674,,,1
G923,G967,Directed,21675,,,1
G923,G977,Directed,21676,,,1
G923,G1060,Directed,21677,,,1
G923,G1073,Directed,21678,,,1
G923,G1101,Directed,21679,,,1
G923,G1235,Directed,21680,,,1
G923,G1241,Directed,21681,,,1
G923,G1242,Directed,21682,,,1
G923,G1243,Directed,21683,,,1
G923,G1245,Directed,21684,,,1
G923,G1254,Directed,21685,,,1
G923,G1261,Directed,21686,,,1
G923,G1273,Directed,21687,,,1
G923,G1305,Directed,21688,,,1
G923,G1321,Directed,21689,,,1
G923,G1443,Directed,21690,,,1
G923,G1503,Directed,21691,,,1
G923,G1537,Directed,21692,,,1
G923,G1540,Directed,21693,,,1
G923,G1624,Directed,21694,,,1
G923,G1659,Directed,21695,,,1
G923,G1671,Directed,21696,,,1
G924,G28,Directed,21697,,,1
G924,G29,Directed,21698,,,1
G924,G41,Directed,21699,,,1
G924,G42,Directed,21700,,,1
G924,G45,Directed,21701,,,1
G924,G46,Directed,21702,,,1
G924,G68,Directed,21703,,,1
G924,G69,Directed,21704,,,1
G924,G91,Directed,21705,,,1
G924,G112,Directed,21706,,,1
G924,G113,Directed,21707,,,1
G924,G167,Directed,21708,,,1
G924,G175,Directed,21709,,,1
G924,G176,Directed,21710,,,1
G924,G178,Directed,21711,,,1
G924,G179,Directed,21712,,,1
G924,G180,Directed,21713,,,1
G924,G181,Directed,21714,,,1
G924,G182,Directed,21715,,,1
G924,G183,Directed,21716,,,1
G924,G184,Directed,21717,,,1
G924,G185,Directed,21718,,,1
G924,G186,Directed,21719,,,1
G924,G187,Directed,21720,,,1
G924,G189,Directed,21721,,,1
G924,G190,Directed,21722,,,1
G924,G191,Directed,21723,,,1
G924,G192,Directed,21724,,,1
G924,G195,Directed,21725,,,1
G924,G198,Directed,21726,,,1
G924,G199,Directed,21727,,,1
G924,G204,Directed,21728,,,1
G924,G205,Directed,21729,,,1
G924,G206,Directed,21730,,,1
G924,G207,Directed,21731,,,1
G924,G210,Directed,21732,,,1
G924,G213,Directed,21733,,,1
G924,G223,Directed,21734,,,1
G924,G235,Directed,21735,,,1
G924,G258,Directed,21736,,,1
G924,G275,Directed,21737,,,1
G924,G288,Directed,21738,,,1
G924,G334,Directed,21739,,,1
G924,G422,Directed,21740,,,1
G924,G423,Directed,21741,,,1
G924,G449,Directed,21742,,,1
G924,G518,Directed,21743,,,1
G924,G521,Directed,21744,,,1
G924,G535,Directed,21745,,,1
G924,G864,Directed,21746,,,1
G924,G912,Directed,21747,,,1
G924,G913,Directed,21748,,,1
G924,G914,Directed,21749,,,1
G924,G917,Directed,21750,,,1
G924,G918,Directed,21751,,,1
G924,G919,Directed,21752,,,1
G924,G921,Directed,21753,,,1
G924,G922,Directed,21754,,,1
G924,G923,Directed,21755,,,1
G924,G925,Directed,21756,,,1
G924,G926,Directed,21757,,,1
G924,G927,Directed,21758,,,1
G924,G928,Directed,21759,,,1
G924,G932,Directed,21760,,,1
G924,G933,Directed,21761,,,1
G924,G934,Directed,21762,,,1
G924,G935,Directed,21763,,,1
G924,G936,Directed,21764,,,1
G924,G937,Directed,21765,,,1
G924,G938,Directed,21766,,,1
G924,G939,Directed,21767,,,1
G924,G940,Directed,21768,,,1
G924,G941,Directed,21769,,,1
G924,G942,Directed,21770,,,1
G924,G943,Directed,21771,,,1
G924,G944,Directed,21772,,,1
G924,G949,Directed,21773,,,1
G924,G953,Directed,21774,,,1
G924,G954,Directed,21775,,,1
G924,G955,Directed,21776,,,1
G924,G960,Directed,21777,,,1
G924,G964,Directed,21778,,,1
G924,G966,Directed,21779,,,1
G924,G967,Directed,21780,,,1
G924,G977,Directed,21781,,,1
G924,G1060,Directed,21782,,,1
G924,G1073,Directed,21783,,,1
G924,G1101,Directed,21784,,,1
G924,G1157,Directed,21785,,,1
G924,G1235,Directed,21786,,,1
G924,G1241,Directed,21787,,,1
G924,G1242,Directed,21788,,,1
G924,G1243,Directed,21789,,,1
G924,G1245,Directed,21790,,,1
G924,G1254,Directed,21791,,,1
G924,G1261,Directed,21792,,,1
G924,G1273,Directed,21793,,,1
G924,G1305,Directed,21794,,,1
G924,G1321,Directed,21795,,,1
G924,G1443,Directed,21796,,,1
G924,G1503,Directed,21797,,,1
G924,G1537,Directed,21798,,,1
G924,G1540,Directed,21799,,,1
G924,G1624,Directed,21800,,,1
G924,G1659,Directed,21801,,,1
G924,G1671,Directed,21802,,,1
G925,G29,Directed,21803,,,1
G925,G68,Directed,21804,,,1
G925,G91,Directed,21805,,,1
G925,G112,Directed,21806,,,1
G925,G175,Directed,21807,,,1
G925,G176,Directed,21808,,,1
G925,G177,Directed,21809,,,1
G925,G180,Directed,21810,,,1
G925,G183,Directed,21811,,,1
G925,G186,Directed,21812,,,1
G925,G190,Directed,21813,,,1
G925,G191,Directed,21814,,,1
G925,G192,Directed,21815,,,1
G925,G195,Directed,21816,,,1
G925,G199,Directed,21817,,,1
G925,G204,Directed,21818,,,1
G925,G205,Directed,21819,,,1
G925,G206,Directed,21820,,,1
G925,G207,Directed,21821,,,1
G925,G223,Directed,21822,,,1
G925,G275,Directed,21823,,,1
G925,G288,Directed,21824,,,1
G925,G334,Directed,21825,,,1
G925,G449,Directed,21826,,,1
G925,G518,Directed,21827,,,1
G925,G918,Directed,21828,,,1
G925,G923,Directed,21829,,,1
G925,G924,Directed,21830,,,1
G925,G932,Directed,21831,,,1
G925,G933,Directed,21832,,,1
G925,G936,Directed,21833,,,1
G925,G937,Directed,21834,,,1
G925,G949,Directed,21835,,,1
G925,G967,Directed,21836,,,1
G925,G1101,Directed,21837,,,1
G925,G1157,Directed,21838,,,1
G925,G1241,Directed,21839,,,1
G925,G1243,Directed,21840,,,1
G925,G1245,Directed,21841,,,1
G925,G1321,Directed,21842,,,1
G925,G1443,Directed,21843,,,1
G925,G1503,Directed,21844,,,1
G926,G29,Directed,21845,,,1
G926,G68,Directed,21846,,,1
G926,G91,Directed,21847,,,1
G926,G112,Directed,21848,,,1
G926,G175,Directed,21849,,,1
G926,G176,Directed,21850,,,1
G926,G177,Directed,21851,,,1
G926,G180,Directed,21852,,,1
G926,G183,Directed,21853,,,1
G926,G186,Directed,21854,,,1
G926,G190,Directed,21855,,,1
G926,G191,Directed,21856,,,1
G926,G192,Directed,21857,,,1
G926,G195,Directed,21858,,,1
G926,G199,Directed,21859,,,1
G926,G204,Directed,21860,,,1
G926,G205,Directed,21861,,,1
G926,G206,Directed,21862,,,1
G926,G207,Directed,21863,,,1
G926,G223,Directed,21864,,,1
G926,G275,Directed,21865,,,1
G926,G288,Directed,21866,,,1
G926,G334,Directed,21867,,,1
G926,G449,Directed,21868,,,1
G926,G518,Directed,21869,,,1
G926,G918,Directed,21870,,,1
G926,G923,Directed,21871,,,1
G926,G924,Directed,21872,,,1
G926,G932,Directed,21873,,,1
G926,G933,Directed,21874,,,1
G926,G936,Directed,21875,,,1
G926,G937,Directed,21876,,,1
G926,G949,Directed,21877,,,1
G926,G967,Directed,21878,,,1
G926,G1101,Directed,21879,,,1
G926,G1157,Directed,21880,,,1
G926,G1241,Directed,21881,,,1
G926,G1243,Directed,21882,,,1
G926,G1245,Directed,21883,,,1
G926,G1321,Directed,21884,,,1
G926,G1443,Directed,21885,,,1
G926,G1503,Directed,21886,,,1
G927,G29,Directed,21887,,,1
G927,G68,Directed,21888,,,1
G927,G91,Directed,21889,,,1
G927,G112,Directed,21890,,,1
G927,G175,Directed,21891,,,1
G927,G176,Directed,21892,,,1
G927,G177,Directed,21893,,,1
G927,G180,Directed,21894,,,1
G927,G183,Directed,21895,,,1
G927,G186,Directed,21896,,,1
G927,G190,Directed,21897,,,1
G927,G191,Directed,21898,,,1
G927,G192,Directed,21899,,,1
G927,G195,Directed,21900,,,1
G927,G199,Directed,21901,,,1
G927,G204,Directed,21902,,,1
G927,G205,Directed,21903,,,1
G927,G206,Directed,21904,,,1
G927,G207,Directed,21905,,,1
G927,G223,Directed,21906,,,1
G927,G275,Directed,21907,,,1
G927,G288,Directed,21908,,,1
G927,G334,Directed,21909,,,1
G927,G449,Directed,21910,,,1
G927,G518,Directed,21911,,,1
G927,G918,Directed,21912,,,1
G927,G923,Directed,21913,,,1
G927,G924,Directed,21914,,,1
G927,G932,Directed,21915,,,1
G927,G933,Directed,21916,,,1
G927,G936,Directed,21917,,,1
G927,G937,Directed,21918,,,1
G927,G949,Directed,21919,,,1
G927,G967,Directed,21920,,,1
G927,G1101,Directed,21921,,,1
G927,G1157,Directed,21922,,,1
G927,G1241,Directed,21923,,,1
G927,G1243,Directed,21924,,,1
G927,G1245,Directed,21925,,,1
G927,G1321,Directed,21926,,,1
G927,G1443,Directed,21927,,,1
G927,G1503,Directed,21928,,,1
G928,G29,Directed,21929,,,1
G928,G68,Directed,21930,,,1
G928,G91,Directed,21931,,,1
G928,G112,Directed,21932,,,1
G928,G175,Directed,21933,,,1
G928,G176,Directed,21934,,,1
G928,G177,Directed,21935,,,1
G928,G180,Directed,21936,,,1
G928,G183,Directed,21937,,,1
G928,G186,Directed,21938,,,1
G928,G190,Directed,21939,,,1
G928,G191,Directed,21940,,,1
G928,G192,Directed,21941,,,1
G928,G195,Directed,21942,,,1
G928,G199,Directed,21943,,,1
G928,G204,Directed,21944,,,1
G928,G205,Directed,21945,,,1
G928,G206,Directed,21946,,,1
G928,G207,Directed,21947,,,1
G928,G223,Directed,21948,,,1
G928,G275,Directed,21949,,,1
G928,G334,Directed,21950,,,1
G928,G449,Directed,21951,,,1
G928,G518,Directed,21952,,,1
G928,G918,Directed,21953,,,1
G928,G923,Directed,21954,,,1
G928,G924,Directed,21955,,,1
G928,G932,Directed,21956,,,1
G928,G933,Directed,21957,,,1
G928,G936,Directed,21958,,,1
G928,G937,Directed,21959,,,1
G928,G949,Directed,21960,,,1
G928,G967,Directed,21961,,,1
G928,G1101,Directed,21962,,,1
G928,G1241,Directed,21963,,,1
G928,G1243,Directed,21964,,,1
G928,G1245,Directed,21965,,,1
G928,G1321,Directed,21966,,,1
G928,G1443,Directed,21967,,,1
G928,G1503,Directed,21968,,,1
G929,G433,Directed,21969,,,1
G929,G930,Directed,21970,,,1
G929,G2084,Directed,21971,,,1
G929,G2167,Directed,21972,,,1
G930,G929,Directed,21973,,,1
G931,G909,Directed,21974,,,1
G931,G1457,Directed,21975,,,1
G931,G2084,Directed,21976,,,1
G931,G2361,Directed,21977,,,1
G932,G28,Directed,21978,,,1
G932,G29,Directed,21979,,,1
G932,G41,Directed,21980,,,1
G932,G42,Directed,21981,,,1
G932,G45,Directed,21982,,,1
G932,G46,Directed,21983,,,1
G932,G68,Directed,21984,,,1
G932,G69,Directed,21985,,,1
G932,G91,Directed,21986,,,1
G932,G112,Directed,21987,,,1
G932,G113,Directed,21988,,,1
G932,G167,Directed,21989,,,1
G932,G175,Directed,21990,,,1
G932,G176,Directed,21991,,,1
G932,G177,Directed,21992,,,1
G932,G178,Directed,21993,,,1
G932,G179,Directed,21994,,,1
G932,G180,Directed,21995,,,1
G932,G181,Directed,21996,,,1
G932,G182,Directed,21997,,,1
G932,G183,Directed,21998,,,1
G932,G184,Directed,21999,,,1
G932,G185,Directed,22000,,,1
G932,G186,Directed,22001,,,1
G932,G187,Directed,22002,,,1
G932,G189,Directed,22003,,,1
G932,G190,Directed,22004,,,1
G932,G191,Directed,22005,,,1
G932,G192,Directed,22006,,,1
G932,G195,Directed,22007,,,1
G932,G198,Directed,22008,,,1
G932,G199,Directed,22009,,,1
G932,G204,Directed,22010,,,1
G932,G205,Directed,22011,,,1
G932,G206,Directed,22012,,,1
G932,G207,Directed,22013,,,1
G932,G210,Directed,22014,,,1
G932,G213,Directed,22015,,,1
G932,G223,Directed,22016,,,1
G932,G235,Directed,22017,,,1
G932,G258,Directed,22018,,,1
G932,G275,Directed,22019,,,1
G932,G334,Directed,22020,,,1
G932,G422,Directed,22021,,,1
G932,G423,Directed,22022,,,1
G932,G449,Directed,22023,,,1
G932,G518,Directed,22024,,,1
G932,G521,Directed,22025,,,1
G932,G535,Directed,22026,,,1
G932,G864,Directed,22027,,,1
G932,G912,Directed,22028,,,1
G932,G913,Directed,22029,,,1
G932,G914,Directed,22030,,,1
G932,G917,Directed,22031,,,1
G932,G918,Directed,22032,,,1
G932,G919,Directed,22033,,,1
G932,G921,Directed,22034,,,1
G932,G922,Directed,22035,,,1
G932,G923,Directed,22036,,,1
G932,G924,Directed,22037,,,1
G932,G925,Directed,22038,,,1
G932,G926,Directed,22039,,,1
G932,G927,Directed,22040,,,1
G932,G928,Directed,22041,,,1
G932,G933,Directed,22042,,,1
G932,G934,Directed,22043,,,1
G932,G935,Directed,22044,,,1
G932,G937,Directed,22045,,,1
G932,G938,Directed,22046,,,1
G932,G939,Directed,22047,,,1
G932,G940,Directed,22048,,,1
G932,G941,Directed,22049,,,1
G932,G942,Directed,22050,,,1
G932,G943,Directed,22051,,,1
G932,G944,Directed,22052,,,1
G932,G949,Directed,22053,,,1
G932,G953,Directed,22054,,,1
G932,G954,Directed,22055,,,1
G932,G955,Directed,22056,,,1
G932,G960,Directed,22057,,,1
G932,G964,Directed,22058,,,1
G932,G966,Directed,22059,,,1
G932,G967,Directed,22060,,,1
G932,G977,Directed,22061,,,1
G932,G1060,Directed,22062,,,1
G932,G1073,Directed,22063,,,1
G932,G1101,Directed,22064,,,1
G932,G1235,Directed,22065,,,1
G932,G1241,Directed,22066,,,1
G932,G1242,Directed,22067,,,1
G932,G1243,Directed,22068,,,1
G932,G1245,Directed,22069,,,1
G932,G1254,Directed,22070,,,1
G932,G1261,Directed,22071,,,1
G932,G1273,Directed,22072,,,1
G932,G1305,Directed,22073,,,1
G932,G1321,Directed,22074,,,1
G932,G1443,Directed,22075,,,1
G932,G1503,Directed,22076,,,1
G932,G1537,Directed,22077,,,1
G932,G1540,Directed,22078,,,1
G932,G1624,Directed,22079,,,1
G932,G1659,Directed,22080,,,1
G932,G1671,Directed,22081,,,1
G933,G28,Directed,22082,,,1
G933,G29,Directed,22083,,,1
G933,G41,Directed,22084,,,1
G933,G42,Directed,22085,,,1
G933,G45,Directed,22086,,,1
G933,G46,Directed,22087,,,1
G933,G68,Directed,22088,,,1
G933,G69,Directed,22089,,,1
G933,G80,Directed,22090,,,1
G933,G91,Directed,22091,,,1
G933,G112,Directed,22092,,,1
G933,G113,Directed,22093,,,1
G933,G167,Directed,22094,,,1
G933,G175,Directed,22095,,,1
G933,G176,Directed,22096,,,1
G933,G177,Directed,22097,,,1
G933,G178,Directed,22098,,,1
G933,G179,Directed,22099,,,1
G933,G180,Directed,22100,,,1
G933,G181,Directed,22101,,,1
G933,G182,Directed,22102,,,1
G933,G183,Directed,22103,,,1
G933,G184,Directed,22104,,,1
G933,G185,Directed,22105,,,1
G933,G186,Directed,22106,,,1
G933,G187,Directed,22107,,,1
G933,G189,Directed,22108,,,1
G933,G190,Directed,22109,,,1
G933,G191,Directed,22110,,,1
G933,G192,Directed,22111,,,1
G933,G195,Directed,22112,,,1
G933,G198,Directed,22113,,,1
G933,G199,Directed,22114,,,1
G933,G204,Directed,22115,,,1
G933,G205,Directed,22116,,,1
G933,G206,Directed,22117,,,1
G933,G207,Directed,22118,,,1
G933,G210,Directed,22119,,,1
G933,G213,Directed,22120,,,1
G933,G223,Directed,22121,,,1
G933,G235,Directed,22122,,,1
G933,G258,Directed,22123,,,1
G933,G275,Directed,22124,,,1
G933,G334,Directed,22125,,,1
G933,G422,Directed,22126,,,1
G933,G423,Directed,22127,,,1
G933,G449,Directed,22128,,,1
G933,G518,Directed,22129,,,1
G933,G521,Directed,22130,,,1
G933,G522,Directed,22131,,,1
G933,G535,Directed,22132,,,1
G933,G864,Directed,22133,,,1
G933,G912,Directed,22134,,,1
G933,G913,Directed,22135,,,1
G933,G914,Directed,22136,,,1
G933,G917,Directed,22137,,,1
G933,G918,Directed,22138,,,1
G933,G919,Directed,22139,,,1
G933,G921,Directed,22140,,,1
G933,G922,Directed,22141,,,1
G933,G923,Directed,22142,,,1
G933,G924,Directed,22143,,,1
G933,G925,Directed,22144,,,1
G933,G926,Directed,22145,,,1
G933,G927,Directed,22146,,,1
G933,G928,Directed,22147,,,1
G933,G932,Directed,22148,,,1
G933,G934,Directed,22149,,,1
G933,G935,Directed,22150,,,1
G933,G936,Directed,22151,,,1
G933,G937,Directed,22152,,,1
G933,G938,Directed,22153,,,1
G933,G939,Directed,22154,,,1
G933,G940,Directed,22155,,,1
G933,G941,Directed,22156,,,1
G933,G942,Directed,22157,,,1
G933,G943,Directed,22158,,,1
G933,G944,Directed,22159,,,1
G933,G949,Directed,22160,,,1
G933,G953,Directed,22161,,,1
G933,G954,Directed,22162,,,1
G933,G955,Directed,22163,,,1
G933,G958,Directed,22164,,,1
G933,G959,Directed,22165,,,1
G933,G960,Directed,22166,,,1
G933,G963,Directed,22167,,,1
G933,G964,Directed,22168,,,1
G933,G966,Directed,22169,,,1
G933,G967,Directed,22170,,,1
G933,G977,Directed,22171,,,1
G933,G1060,Directed,22172,,,1
G933,G1073,Directed,22173,,,1
G933,G1101,Directed,22174,,,1
G933,G1104,Directed,22175,,,1
G933,G1114,Directed,22176,,,1
G933,G1121,Directed,22177,,,1
G933,G1122,Directed,22178,,,1
G933,G1235,Directed,22179,,,1
G933,G1241,Directed,22180,,,1
G933,G1242,Directed,22181,,,1
G933,G1243,Directed,22182,,,1
G933,G1245,Directed,22183,,,1
G933,G1254,Directed,22184,,,1
G933,G1261,Directed,22185,,,1
G933,G1273,Directed,22186,,,1
G933,G1305,Directed,22187,,,1
G933,G1321,Directed,22188,,,1
G933,G1443,Directed,22189,,,1
G933,G1503,Directed,22190,,,1
G933,G1537,Directed,22191,,,1
G933,G1540,Directed,22192,,,1
G933,G1624,Directed,22193,,,1
G933,G1659,Directed,22194,,,1
G933,G1671,Directed,22195,,,1
G934,G29,Directed,22196,,,1
G934,G68,Directed,22197,,,1
G934,G91,Directed,22198,,,1
G934,G112,Directed,22199,,,1
G934,G175,Directed,22200,,,1
G934,G176,Directed,22201,,,1
G934,G177,Directed,22202,,,1
G934,G180,Directed,22203,,,1
G934,G183,Directed,22204,,,1
G934,G186,Directed,22205,,,1
G934,G190,Directed,22206,,,1
G934,G191,Directed,22207,,,1
G934,G192,Directed,22208,,,1
G934,G195,Directed,22209,,,1
G934,G199,Directed,22210,,,1
G934,G204,Directed,22211,,,1
G934,G205,Directed,22212,,,1
G934,G206,Directed,22213,,,1
G934,G207,Directed,22214,,,1
G934,G223,Directed,22215,,,1
G934,G275,Directed,22216,,,1
G934,G334,Directed,22217,,,1
G934,G449,Directed,22218,,,1
G934,G518,Directed,22219,,,1
G934,G918,Directed,22220,,,1
G934,G923,Directed,22221,,,1
G934,G924,Directed,22222,,,1
G934,G932,Directed,22223,,,1
G934,G933,Directed,22224,,,1
G934,G936,Directed,22225,,,1
G934,G937,Directed,22226,,,1
G934,G943,Directed,22227,,,1
G934,G949,Directed,22228,,,1
G934,G967,Directed,22229,,,1
G934,G1101,Directed,22230,,,1
G934,G1241,Directed,22231,,,1
G934,G1243,Directed,22232,,,1
G934,G1245,Directed,22233,,,1
G934,G1321,Directed,22234,,,1
G934,G1443,Directed,22235,,,1
G934,G1503,Directed,22236,,,1
G935,G29,Directed,22237,,,1
G935,G68,Directed,22238,,,1
G935,G91,Directed,22239,,,1
G935,G112,Directed,22240,,,1
G935,G175,Directed,22241,,,1
G935,G176,Directed,22242,,,1
G935,G177,Directed,22243,,,1
G935,G180,Directed,22244,,,1
G935,G183,Directed,22245,,,1
G935,G186,Directed,22246,,,1
G935,G190,Directed,22247,,,1
G935,G191,Directed,22248,,,1
G935,G192,Directed,22249,,,1
G935,G195,Directed,22250,,,1
G935,G199,Directed,22251,,,1
G935,G204,Directed,22252,,,1
G935,G205,Directed,22253,,,1
G935,G206,Directed,22254,,,1
G935,G207,Directed,22255,,,1
G935,G223,Directed,22256,,,1
G935,G275,Directed,22257,,,1
G935,G334,Directed,22258,,,1
G935,G449,Directed,22259,,,1
G935,G518,Directed,22260,,,1
G935,G918,Directed,22261,,,1
G935,G923,Directed,22262,,,1
G935,G924,Directed,22263,,,1
G935,G932,Directed,22264,,,1
G935,G933,Directed,22265,,,1
G935,G936,Directed,22266,,,1
G935,G937,Directed,22267,,,1
G935,G949,Directed,22268,,,1
G935,G967,Directed,22269,,,1
G935,G1101,Directed,22270,,,1
G935,G1241,Directed,22271,,,1
G935,G1243,Directed,22272,,,1
G935,G1245,Directed,22273,,,1
G935,G1321,Directed,22274,,,1
G935,G1443,Directed,22275,,,1
G935,G1503,Directed,22276,,,1
G936,G28,Directed,22277,,,1
G936,G29,Directed,22278,,,1
G936,G41,Directed,22279,,,1
G936,G42,Directed,22280,,,1
G936,G45,Directed,22281,,,1
G936,G46,Directed,22282,,,1
G936,G68,Directed,22283,,,1
G936,G69,Directed,22284,,,1
G936,G91,Directed,22285,,,1
G936,G112,Directed,22286,,,1
G936,G113,Directed,22287,,,1
G936,G167,Directed,22288,,,1
G936,G175,Directed,22289,,,1
G936,G176,Directed,22290,,,1
G936,G177,Directed,22291,,,1
G936,G178,Directed,22292,,,1
G936,G179,Directed,22293,,,1
G936,G180,Directed,22294,,,1
G936,G181,Directed,22295,,,1
G936,G182,Directed,22296,,,1
G936,G183,Directed,22297,,,1
G936,G184,Directed,22298,,,1
G936,G185,Directed,22299,,,1
G936,G186,Directed,22300,,,1
G936,G187,Directed,22301,,,1
G936,G189,Directed,22302,,,1
G936,G190,Directed,22303,,,1
G936,G191,Directed,22304,,,1
G936,G192,Directed,22305,,,1
G936,G195,Directed,22306,,,1
G936,G198,Directed,22307,,,1
G936,G199,Directed,22308,,,1
G936,G204,Directed,22309,,,1
G936,G205,Directed,22310,,,1
G936,G206,Directed,22311,,,1
G936,G207,Directed,22312,,,1
G936,G210,Directed,22313,,,1
G936,G213,Directed,22314,,,1
G936,G223,Directed,22315,,,1
G936,G235,Directed,22316,,,1
G936,G258,Directed,22317,,,1
G936,G275,Directed,22318,,,1
G936,G334,Directed,22319,,,1
G936,G422,Directed,22320,,,1
G936,G423,Directed,22321,,,1
G936,G449,Directed,22322,,,1
G936,G518,Directed,22323,,,1
G936,G521,Directed,22324,,,1
G936,G535,Directed,22325,,,1
G936,G864,Directed,22326,,,1
G936,G912,Directed,22327,,,1
G936,G913,Directed,22328,,,1
G936,G914,Directed,22329,,,1
G936,G917,Directed,22330,,,1
G936,G918,Directed,22331,,,1
G936,G919,Directed,22332,,,1
G936,G921,Directed,22333,,,1
G936,G922,Directed,22334,,,1
G936,G923,Directed,22335,,,1
G936,G924,Directed,22336,,,1
G936,G925,Directed,22337,,,1
G936,G926,Directed,22338,,,1
G936,G927,Directed,22339,,,1
G936,G928,Directed,22340,,,1
G936,G933,Directed,22341,,,1
G936,G934,Directed,22342,,,1
G936,G935,Directed,22343,,,1
G936,G937,Directed,22344,,,1
G936,G938,Directed,22345,,,1
G936,G939,Directed,22346,,,1
G936,G940,Directed,22347,,,1
G936,G941,Directed,22348,,,1
G936,G942,Directed,22349,,,1
G936,G943,Directed,22350,,,1
G936,G944,Directed,22351,,,1
G936,G949,Directed,22352,,,1
G936,G953,Directed,22353,,,1
G936,G954,Directed,22354,,,1
G936,G955,Directed,22355,,,1
G936,G960,Directed,22356,,,1
G936,G964,Directed,22357,,,1
G936,G966,Directed,22358,,,1
G936,G967,Directed,22359,,,1
G936,G977,Directed,22360,,,1
G936,G1060,Directed,22361,,,1
G936,G1073,Directed,22362,,,1
G936,G1101,Directed,22363,,,1
G936,G1235,Directed,22364,,,1
G936,G1241,Directed,22365,,,1
G936,G1242,Directed,22366,,,1
G936,G1243,Directed,22367,,,1
G936,G1245,Directed,22368,,,1
G936,G1254,Directed,22369,,,1
G936,G1261,Directed,22370,,,1
G936,G1273,Directed,22371,,,1
G936,G1305,Directed,22372,,,1
G936,G1321,Directed,22373,,,1
G936,G1443,Directed,22374,,,1
G936,G1503,Directed,22375,,,1
G936,G1537,Directed,22376,,,1
G936,G1540,Directed,22377,,,1
G936,G1624,Directed,22378,,,1
G936,G1659,Directed,22379,,,1
G936,G1671,Directed,22380,,,1
G937,G28,Directed,22381,,,1
G937,G29,Directed,22382,,,1
G937,G41,Directed,22383,,,1
G937,G42,Directed,22384,,,1
G937,G45,Directed,22385,,,1
G937,G46,Directed,22386,,,1
G937,G68,Directed,22387,,,1
G937,G69,Directed,22388,,,1
G937,G91,Directed,22389,,,1
G937,G112,Directed,22390,,,1
G937,G113,Directed,22391,,,1
G937,G167,Directed,22392,,,1
G937,G175,Directed,22393,,,1
G937,G176,Directed,22394,,,1
G937,G177,Directed,22395,,,1
G937,G178,Directed,22396,,,1
G937,G179,Directed,22397,,,1
G937,G180,Directed,22398,,,1
G937,G181,Directed,22399,,,1
G937,G182,Directed,22400,,,1
G937,G183,Directed,22401,,,1
G937,G184,Directed,22402,,,1
G937,G185,Directed,22403,,,1
G937,G187,Directed,22404,,,1
G937,G189,Directed,22405,,,1
G937,G190,Directed,22406,,,1
G937,G191,Directed,22407,,,1
G937,G192,Directed,22408,,,1
G937,G195,Directed,22409,,,1
G937,G198,Directed,22410,,,1
G937,G199,Directed,22411,,,1
G937,G204,Directed,22412,,,1
G937,G205,Directed,22413,,,1
G937,G206,Directed,22414,,,1
G937,G207,Directed,22415,,,1
G937,G210,Directed,22416,,,1
G937,G213,Directed,22417,,,1
G937,G223,Directed,22418,,,1
G937,G235,Directed,22419,,,1
G937,G258,Directed,22420,,,1
G937,G275,Directed,22421,,,1
G937,G334,Directed,22422,,,1
G937,G422,Directed,22423,,,1
G937,G423,Directed,22424,,,1
G937,G449,Directed,22425,,,1
G937,G518,Directed,22426,,,1
G937,G521,Directed,22427,,,1
G937,G535,Directed,22428,,,1
G937,G864,Directed,22429,,,1
G937,G912,Directed,22430,,,1
G937,G913,Directed,22431,,,1
G937,G914,Directed,22432,,,1
G937,G917,Directed,22433,,,1
G937,G918,Directed,22434,,,1
G937,G919,Directed,22435,,,1
G937,G921,Directed,22436,,,1
G937,G922,Directed,22437,,,1
G937,G923,Directed,22438,,,1
G937,G924,Directed,22439,,,1
G937,G925,Directed,22440,,,1
G937,G926,Directed,22441,,,1
G937,G927,Directed,22442,,,1
G937,G928,Directed,22443,,,1
G937,G932,Directed,22444,,,1
G937,G933,Directed,22445,,,1
G937,G934,Directed,22446,,,1
G937,G935,Directed,22447,,,1
G937,G936,Directed,22448,,,1
G937,G938,Directed,22449,,,1
G937,G939,Directed,22450,,,1
G937,G940,Directed,22451,,,1
G937,G941,Directed,22452,,,1
G937,G942,Directed,22453,,,1
G937,G943,Directed,22454,,,1
G937,G944,Directed,22455,,,1
G937,G949,Directed,22456,,,1
G937,G953,Directed,22457,,,1
G937,G954,Directed,22458,,,1
G937,G955,Directed,22459,,,1
G937,G960,Directed,22460,,,1
G937,G964,Directed,22461,,,1
G937,G966,Directed,22462,,,1
G937,G967,Directed,22463,,,1
G937,G977,Directed,22464,,,1
G937,G1060,Directed,22465,,,1
G937,G1073,Directed,22466,,,1
G937,G1101,Directed,22467,,,1
G937,G1235,Directed,22468,,,1
G937,G1241,Directed,22469,,,1
G937,G1242,Directed,22470,,,1
G937,G1243,Directed,22471,,,1
G937,G1245,Directed,22472,,,1
G937,G1254,Directed,22473,,,1
G937,G1261,Directed,22474,,,1
G937,G1273,Directed,22475,,,1
G937,G1305,Directed,22476,,,1
G937,G1321,Directed,22477,,,1
G937,G1443,Directed,22478,,,1
G937,G1503,Directed,22479,,,1
G937,G1537,Directed,22480,,,1
G937,G1540,Directed,22481,,,1
G937,G1624,Directed,22482,,,1
G937,G1659,Directed,22483,,,1
G937,G1671,Directed,22484,,,1
G938,G29,Directed,22485,,,1
G938,G68,Directed,22486,,,1
G938,G91,Directed,22487,,,1
G938,G112,Directed,22488,,,1
G938,G175,Directed,22489,,,1
G938,G176,Directed,22490,,,1
G938,G177,Directed,22491,,,1
G938,G180,Directed,22492,,,1
G938,G183,Directed,22493,,,1
G938,G186,Directed,22494,,,1
G938,G190,Directed,22495,,,1
G938,G191,Directed,22496,,,1
G938,G192,Directed,22497,,,1
G938,G195,Directed,22498,,,1
G938,G199,Directed,22499,,,1
G938,G204,Directed,22500,,,1
G938,G205,Directed,22501,,,1
G938,G206,Directed,22502,,,1
G938,G207,Directed,22503,,,1
G938,G223,Directed,22504,,,1
G938,G275,Directed,22505,,,1
G938,G288,Directed,22506,,,1
G938,G334,Directed,22507,,,1
G938,G449,Directed,22508,,,1
G938,G518,Directed,22509,,,1
G938,G918,Directed,22510,,,1
G938,G923,Directed,22511,,,1
G938,G924,Directed,22512,,,1
G938,G932,Directed,22513,,,1
G938,G933,Directed,22514,,,1
G938,G936,Directed,22515,,,1
G938,G937,Directed,22516,,,1
G938,G949,Directed,22517,,,1
G938,G967,Directed,22518,,,1
G938,G1101,Directed,22519,,,1
G938,G1157,Directed,22520,,,1
G938,G1241,Directed,22521,,,1
G938,G1243,Directed,22522,,,1
G938,G1245,Directed,22523,,,1
G938,G1321,Directed,22524,,,1
G938,G1443,Directed,22525,,,1
G938,G1503,Directed,22526,,,1
G939,G29,Directed,22527,,,1
G939,G68,Directed,22528,,,1
G939,G91,Directed,22529,,,1
G939,G112,Directed,22530,,,1
G939,G175,Directed,22531,,,1
G939,G176,Directed,22532,,,1
G939,G177,Directed,22533,,,1
G939,G180,Directed,22534,,,1
G939,G183,Directed,22535,,,1
G939,G186,Directed,22536,,,1
G939,G190,Directed,22537,,,1
G939,G191,Directed,22538,,,1
G939,G192,Directed,22539,,,1
G939,G195,Directed,22540,,,1
G939,G199,Directed,22541,,,1
G939,G204,Directed,22542,,,1
G939,G205,Directed,22543,,,1
G939,G206,Directed,22544,,,1
G939,G207,Directed,22545,,,1
G939,G223,Directed,22546,,,1
G939,G275,Directed,22547,,,1
G939,G334,Directed,22548,,,1
G939,G449,Directed,22549,,,1
G939,G518,Directed,22550,,,1
G939,G918,Directed,22551,,,1
G939,G923,Directed,22552,,,1
G939,G924,Directed,22553,,,1
G939,G932,Directed,22554,,,1
G939,G933,Directed,22555,,,1
G939,G936,Directed,22556,,,1
G939,G937,Directed,22557,,,1
G939,G949,Directed,22558,,,1
G939,G967,Directed,22559,,,1
G939,G1101,Directed,22560,,,1
G939,G1241,Directed,22561,,,1
G939,G1243,Directed,22562,,,1
G939,G1245,Directed,22563,,,1
G939,G1321,Directed,22564,,,1
G939,G1443,Directed,22565,,,1
G939,G1503,Directed,22566,,,1
G940,G29,Directed,22567,,,1
G940,G68,Directed,22568,,,1
G940,G91,Directed,22569,,,1
G940,G112,Directed,22570,,,1
G940,G175,Directed,22571,,,1
G940,G176,Directed,22572,,,1
G940,G177,Directed,22573,,,1
G940,G180,Directed,22574,,,1
G940,G183,Directed,22575,,,1
G940,G186,Directed,22576,,,1
G940,G190,Directed,22577,,,1
G940,G191,Directed,22578,,,1
G940,G192,Directed,22579,,,1
G940,G195,Directed,22580,,,1
G940,G199,Directed,22581,,,1
G940,G204,Directed,22582,,,1
G940,G205,Directed,22583,,,1
G940,G206,Directed,22584,,,1
G940,G207,Directed,22585,,,1
G940,G223,Directed,22586,,,1
G940,G275,Directed,22587,,,1
G940,G288,Directed,22588,,,1
G940,G334,Directed,22589,,,1
G940,G449,Directed,22590,,,1
G940,G518,Directed,22591,,,1
G940,G918,Directed,22592,,,1
G940,G923,Directed,22593,,,1
G940,G924,Directed,22594,,,1
G940,G932,Directed,22595,,,1
G940,G933,Directed,22596,,,1
G940,G936,Directed,22597,,,1
G940,G937,Directed,22598,,,1
G940,G949,Directed,22599,,,1
G940,G967,Directed,22600,,,1
G940,G1101,Directed,22601,,,1
G940,G1157,Directed,22602,,,1
G940,G1241,Directed,22603,,,1
G940,G1243,Directed,22604,,,1
G940,G1245,Directed,22605,,,1
G940,G1321,Directed,22606,,,1
G940,G1443,Directed,22607,,,1
G940,G1503,Directed,22608,,,1
G941,G29,Directed,22609,,,1
G941,G68,Directed,22610,,,1
G941,G91,Directed,22611,,,1
G941,G112,Directed,22612,,,1
G941,G175,Directed,22613,,,1
G941,G176,Directed,22614,,,1
G941,G177,Directed,22615,,,1
G941,G180,Directed,22616,,,1
G941,G183,Directed,22617,,,1
G941,G186,Directed,22618,,,1
G941,G190,Directed,22619,,,1
G941,G191,Directed,22620,,,1
G941,G192,Directed,22621,,,1
G941,G195,Directed,22622,,,1
G941,G199,Directed,22623,,,1
G941,G204,Directed,22624,,,1
G941,G205,Directed,22625,,,1
G941,G206,Directed,22626,,,1
G941,G207,Directed,22627,,,1
G941,G223,Directed,22628,,,1
G941,G275,Directed,22629,,,1
G941,G334,Directed,22630,,,1
G941,G449,Directed,22631,,,1
G941,G518,Directed,22632,,,1
G941,G918,Directed,22633,,,1
G941,G923,Directed,22634,,,1
G941,G924,Directed,22635,,,1
G941,G932,Directed,22636,,,1
G941,G933,Directed,22637,,,1
G941,G936,Directed,22638,,,1
G941,G937,Directed,22639,,,1
G941,G949,Directed,22640,,,1
G941,G967,Directed,22641,,,1
G941,G1101,Directed,22642,,,1
G941,G1241,Directed,22643,,,1
G941,G1243,Directed,22644,,,1
G941,G1245,Directed,22645,,,1
G941,G1321,Directed,22646,,,1
G941,G1443,Directed,22647,,,1
G941,G1503,Directed,22648,,,1
G942,G29,Directed,22649,,,1
G942,G68,Directed,22650,,,1
G942,G91,Directed,22651,,,1
G942,G112,Directed,22652,,,1
G942,G175,Directed,22653,,,1
G942,G176,Directed,22654,,,1
G942,G177,Directed,22655,,,1
G942,G180,Directed,22656,,,1
G942,G183,Directed,22657,,,1
G942,G186,Directed,22658,,,1
G942,G190,Directed,22659,,,1
G942,G191,Directed,22660,,,1
G942,G192,Directed,22661,,,1
G942,G195,Directed,22662,,,1
G942,G199,Directed,22663,,,1
G942,G204,Directed,22664,,,1
G942,G205,Directed,22665,,,1
G942,G206,Directed,22666,,,1
G942,G207,Directed,22667,,,1
G942,G223,Directed,22668,,,1
G942,G275,Directed,22669,,,1
G942,G334,Directed,22670,,,1
G942,G449,Directed,22671,,,1
G942,G518,Directed,22672,,,1
G942,G918,Directed,22673,,,1
G942,G923,Directed,22674,,,1
G942,G924,Directed,22675,,,1
G942,G932,Directed,22676,,,1
G942,G933,Directed,22677,,,1
G942,G936,Directed,22678,,,1
G942,G937,Directed,22679,,,1
G942,G949,Directed,22680,,,1
G942,G967,Directed,22681,,,1
G942,G1101,Directed,22682,,,1
G942,G1241,Directed,22683,,,1
G942,G1243,Directed,22684,,,1
G942,G1245,Directed,22685,,,1
G942,G1321,Directed,22686,,,1
G942,G1443,Directed,22687,,,1
G942,G1503,Directed,22688,,,1
G943,G29,Directed,22689,,,1
G943,G68,Directed,22690,,,1
G943,G91,Directed,22691,,,1
G943,G112,Directed,22692,,,1
G943,G175,Directed,22693,,,1
G943,G176,Directed,22694,,,1
G943,G177,Directed,22695,,,1
G943,G180,Directed,22696,,,1
G943,G183,Directed,22697,,,1
G943,G186,Directed,22698,,,1
G943,G190,Directed,22699,,,1
G943,G191,Directed,22700,,,1
G943,G192,Directed,22701,,,1
G943,G195,Directed,22702,,,1
G943,G199,Directed,22703,,,1
G943,G204,Directed,22704,,,1
G943,G205,Directed,22705,,,1
G943,G206,Directed,22706,,,1
G943,G207,Directed,22707,,,1
G943,G223,Directed,22708,,,1
G943,G275,Directed,22709,,,1
G943,G334,Directed,22710,,,1
G943,G449,Directed,22711,,,1
G943,G518,Directed,22712,,,1
G943,G913,Directed,22713,,,1
G943,G918,Directed,22714,,,1
G943,G923,Directed,22715,,,1
G943,G924,Directed,22716,,,1
G943,G932,Directed,22717,,,1
G943,G933,Directed,22718,,,1
G943,G934,Directed,22719,,,1
G943,G936,Directed,22720,,,1
G943,G937,Directed,22721,,,1
G943,G949,Directed,22722,,,1
G943,G967,Directed,22723,,,1
G943,G1101,Directed,22724,,,1
G943,G1241,Directed,22725,,,1
G943,G1243,Directed,22726,,,1
G943,G1245,Directed,22727,,,1
G943,G1321,Directed,22728,,,1
G943,G1443,Directed,22729,,,1
G943,G1503,Directed,22730,,,1
G944,G29,Directed,22731,,,1
G944,G68,Directed,22732,,,1
G944,G91,Directed,22733,,,1
G944,G112,Directed,22734,,,1
G944,G175,Directed,22735,,,1
G944,G176,Directed,22736,,,1
G944,G177,Directed,22737,,,1
G944,G180,Directed,22738,,,1
G944,G183,Directed,22739,,,1
G944,G186,Directed,22740,,,1
G944,G190,Directed,22741,,,1
G944,G191,Directed,22742,,,1
G944,G192,Directed,22743,,,1
G944,G195,Directed,22744,,,1
G944,G199,Directed,22745,,,1
G944,G204,Directed,22746,,,1
G944,G205,Directed,22747,,,1
G944,G206,Directed,22748,,,1
G944,G207,Directed,22749,,,1
G944,G223,Directed,22750,,,1
G944,G275,Directed,22751,,,1
G944,G334,Directed,22752,,,1
G944,G449,Directed,22753,,,1
G944,G518,Directed,22754,,,1
G944,G918,Directed,22755,,,1
G944,G923,Directed,22756,,,1
G944,G924,Directed,22757,,,1
G944,G932,Directed,22758,,,1
G944,G933,Directed,22759,,,1
G944,G936,Directed,22760,,,1
G944,G937,Directed,22761,,,1
G944,G949,Directed,22762,,,1
G944,G967,Directed,22763,,,1
G944,G1101,Directed,22764,,,1
G944,G1241,Directed,22765,,,1
G944,G1243,Directed,22766,,,1
G944,G1245,Directed,22767,,,1
G944,G1321,Directed,22768,,,1
G944,G1443,Directed,22769,,,1
G944,G1503,Directed,22770,,,1
G945,G946,Directed,22771,,,1
G945,G1578,Directed,22772,,,1
G945,G1720,Directed,22773,,,1
G945,G1776,Directed,22774,,,1
G945,G1780,Directed,22775,,,1
G946,G945,Directed,22776,,,1
G946,G1578,Directed,22777,,,1
G946,G1720,Directed,22778,,,1
G946,G1776,Directed,22779,,,1
G946,G1780,Directed,22780,,,1
G947,G948,Directed,22781,,,1
G948,G347,Directed,22782,,,1
G948,G947,Directed,22783,,,1
G948,G1039,Directed,22784,,,1
G948,G2084,Directed,22785,,,1
G949,G28,Directed,22786,,,1
G949,G29,Directed,22787,,,1
G949,G41,Directed,22788,,,1
G949,G42,Directed,22789,,,1
G949,G45,Directed,22790,,,1
G949,G46,Directed,22791,,,1
G949,G68,Directed,22792,,,1
G949,G69,Directed,22793,,,1
G949,G91,Directed,22794,,,1
G949,G112,Directed,22795,,,1
G949,G113,Directed,22796,,,1
G949,G167,Directed,22797,,,1
G949,G175,Directed,22798,,,1
G949,G176,Directed,22799,,,1
G949,G177,Directed,22800,,,1
G949,G178,Directed,22801,,,1
G949,G179,Directed,22802,,,1
G949,G180,Directed,22803,,,1
G949,G181,Directed,22804,,,1
G949,G182,Directed,22805,,,1
G949,G183,Directed,22806,,,1
G949,G184,Directed,22807,,,1
G949,G185,Directed,22808,,,1
G949,G186,Directed,22809,,,1
G949,G187,Directed,22810,,,1
G949,G189,Directed,22811,,,1
G949,G190,Directed,22812,,,1
G949,G191,Directed,22813,,,1
G949,G192,Directed,22814,,,1
G949,G195,Directed,22815,,,1
G949,G198,Directed,22816,,,1
G949,G199,Directed,22817,,,1
G949,G204,Directed,22818,,,1
G949,G205,Directed,22819,,,1
G949,G206,Directed,22820,,,1
G949,G207,Directed,22821,,,1
G949,G210,Directed,22822,,,1
G949,G213,Directed,22823,,,1
G949,G223,Directed,22824,,,1
G949,G235,Directed,22825,,,1
G949,G258,Directed,22826,,,1
G949,G275,Directed,22827,,,1
G949,G288,Directed,22828,,,1
G949,G334,Directed,22829,,,1
G949,G422,Directed,22830,,,1
G949,G423,Directed,22831,,,1
G949,G449,Directed,22832,,,1
G949,G521,Directed,22833,,,1
G949,G535,Directed,22834,,,1
G949,G864,Directed,22835,,,1
G949,G912,Directed,22836,,,1
G949,G913,Directed,22837,,,1
G949,G914,Directed,22838,,,1
G949,G917,Directed,22839,,,1
G949,G918,Directed,22840,,,1
G949,G919,Directed,22841,,,1
G949,G921,Directed,22842,,,1
G949,G922,Directed,22843,,,1
G949,G923,Directed,22844,,,1
G949,G924,Directed,22845,,,1
G949,G925,Directed,22846,,,1
G949,G926,Directed,22847,,,1
G949,G927,Directed,22848,,,1
G949,G928,Directed,22849,,,1
G949,G932,Directed,22850,,,1
G949,G933,Directed,22851,,,1
G949,G934,Directed,22852,,,1
G949,G935,Directed,22853,,,1
G949,G936,Directed,22854,,,1
G949,G937,Directed,22855,,,1
G949,G938,Directed,22856,,,1
G949,G939,Directed,22857,,,1
G949,G940,Directed,22858,,,1
G949,G941,Directed,22859,,,1
G949,G942,Directed,22860,,,1
G949,G943,Directed,22861,,,1
G949,G944,Directed,22862,,,1
G949,G953,Directed,22863,,,1
G949,G954,Directed,22864,,,1
G949,G955,Directed,22865,,,1
G949,G960,Directed,22866,,,1
G949,G964,Directed,22867,,,1
G949,G966,Directed,22868,,,1
G949,G967,Directed,22869,,,1
G949,G977,Directed,22870,,,1
G949,G1060,Directed,22871,,,1
G949,G1073,Directed,22872,,,1
G949,G1101,Directed,22873,,,1
G949,G1157,Directed,22874,,,1
G949,G1235,Directed,22875,,,1
G949,G1241,Directed,22876,,,1
G949,G1242,Directed,22877,,,1
G949,G1243,Directed,22878,,,1
G949,G1245,Directed,22879,,,1
G949,G1254,Directed,22880,,,1
G949,G1261,Directed,22881,,,1
G949,G1273,Directed,22882,,,1
G949,G1305,Directed,22883,,,1
G949,G1321,Directed,22884,,,1
G949,G1443,Directed,22885,,,1
G949,G1503,Directed,22886,,,1
G949,G1537,Directed,22887,,,1
G949,G1540,Directed,22888,,,1
G949,G1624,Directed,22889,,,1
G949,G1659,Directed,22890,,,1
G949,G1671,Directed,22891,,,1
G949,G1685,Directed,22892,,,1
G949,G1686,Directed,22893,,,1
G950,G897,Directed,22894,,,1
G951,G239,Directed,22895,,,1
G951,G341,Directed,22896,,,1
G951,G952,Directed,22897,,,1
G952,G951,Directed,22898,,,1
G952,G1682,Directed,22899,,,1
G953,G29,Directed,22900,,,1
G953,G65,Directed,22901,,,1
G953,G68,Directed,22902,,,1
G953,G91,Directed,22903,,,1
G953,G112,Directed,22904,,,1
G953,G175,Directed,22905,,,1
G953,G176,Directed,22906,,,1
G953,G177,Directed,22907,,,1
G953,G180,Directed,22908,,,1
G953,G183,Directed,22909,,,1
G953,G186,Directed,22910,,,1
G953,G190,Directed,22911,,,1
G953,G191,Directed,22912,,,1
G953,G192,Directed,22913,,,1
G953,G195,Directed,22914,,,1
G953,G199,Directed,22915,,,1
G953,G204,Directed,22916,,,1
G953,G205,Directed,22917,,,1
G953,G206,Directed,22918,,,1
G953,G207,Directed,22919,,,1
G953,G223,Directed,22920,,,1
G953,G275,Directed,22921,,,1
G953,G288,Directed,22922,,,1
G953,G334,Directed,22923,,,1
G953,G449,Directed,22924,,,1
G953,G518,Directed,22925,,,1
G953,G918,Directed,22926,,,1
G953,G923,Directed,22927,,,1
G953,G924,Directed,22928,,,1
G953,G932,Directed,22929,,,1
G953,G933,Directed,22930,,,1
G953,G936,Directed,22931,,,1
G953,G937,Directed,22932,,,1
G953,G949,Directed,22933,,,1
G953,G967,Directed,22934,,,1
G953,G1101,Directed,22935,,,1
G953,G1157,Directed,22936,,,1
G953,G1241,Directed,22937,,,1
G953,G1243,Directed,22938,,,1
G953,G1245,Directed,22939,,,1
G953,G1321,Directed,22940,,,1
G953,G1443,Directed,22941,,,1
G953,G1503,Directed,22942,,,1
G954,G29,Directed,22943,,,1
G954,G65,Directed,22944,,,1
G954,G68,Directed,22945,,,1
G954,G91,Directed,22946,,,1
G954,G112,Directed,22947,,,1
G954,G175,Directed,22948,,,1
G954,G176,Directed,22949,,,1
G954,G177,Directed,22950,,,1
G954,G180,Directed,22951,,,1
G954,G183,Directed,22952,,,1
G954,G186,Directed,22953,,,1
G954,G190,Directed,22954,,,1
G954,G191,Directed,22955,,,1
G954,G192,Directed,22956,,,1
G954,G195,Directed,22957,,,1
G954,G199,Directed,22958,,,1
G954,G204,Directed,22959,,,1
G954,G205,Directed,22960,,,1
G954,G206,Directed,22961,,,1
G954,G207,Directed,22962,,,1
G954,G223,Directed,22963,,,1
G954,G275,Directed,22964,,,1
G954,G288,Directed,22965,,,1
G954,G334,Directed,22966,,,1
G954,G449,Directed,22967,,,1
G954,G518,Directed,22968,,,1
G954,G918,Directed,22969,,,1
G954,G923,Directed,22970,,,1
G954,G924,Directed,22971,,,1
G954,G932,Directed,22972,,,1
G954,G933,Directed,22973,,,1
G954,G936,Directed,22974,,,1
G954,G937,Directed,22975,,,1
G954,G949,Directed,22976,,,1
G954,G967,Directed,22977,,,1
G954,G1101,Directed,22978,,,1
G954,G1157,Directed,22979,,,1
G954,G1241,Directed,22980,,,1
G954,G1243,Directed,22981,,,1
G954,G1245,Directed,22982,,,1
G954,G1321,Directed,22983,,,1
G954,G1443,Directed,22984,,,1
G954,G1503,Directed,22985,,,1
G955,G29,Directed,22986,,,1
G955,G65,Directed,22987,,,1
G955,G68,Directed,22988,,,1
G955,G91,Directed,22989,,,1
G955,G112,Directed,22990,,,1
G955,G175,Directed,22991,,,1
G955,G176,Directed,22992,,,1
G955,G177,Directed,22993,,,1
G955,G180,Directed,22994,,,1
G955,G183,Directed,22995,,,1
G955,G186,Directed,22996,,,1
G955,G190,Directed,22997,,,1
G955,G191,Directed,22998,,,1
G955,G192,Directed,22999,,,1
G955,G195,Directed,23000,,,1
G955,G199,Directed,23001,,,1
G955,G204,Directed,23002,,,1
G955,G205,Directed,23003,,,1
G955,G206,Directed,23004,,,1
G955,G207,Directed,23005,,,1
G955,G223,Directed,23006,,,1
G955,G275,Directed,23007,,,1
G955,G288,Directed,23008,,,1
G955,G334,Directed,23009,,,1
G955,G449,Directed,23010,,,1
G955,G518,Directed,23011,,,1
G955,G918,Directed,23012,,,1
G955,G923,Directed,23013,,,1
G955,G924,Directed,23014,,,1
G955,G932,Directed,23015,,,1
G955,G933,Directed,23016,,,1
G955,G936,Directed,23017,,,1
G955,G937,Directed,23018,,,1
G955,G949,Directed,23019,,,1
G955,G967,Directed,23020,,,1
G955,G1101,Directed,23021,,,1
G955,G1157,Directed,23022,,,1
G955,G1241,Directed,23023,,,1
G955,G1243,Directed,23024,,,1
G955,G1245,Directed,23025,,,1
G955,G1321,Directed,23026,,,1
G955,G1443,Directed,23027,,,1
G955,G1503,Directed,23028,,,1
G956,G365,Directed,23029,,,1
G956,G503,Directed,23030,,,1
G956,G796,Directed,23031,,,1
G956,G957,Directed,23032,,,1
G956,G1160,Directed,23033,,,1
G956,G1334,Directed,23034,,,1
G956,G1401,Directed,23035,,,1
G957,G956,Directed,23036,,,1
G958,G29,Directed,23037,,,1
G958,G176,Directed,23038,,,1
G958,G192,Directed,23039,,,1
G958,G199,Directed,23040,,,1
G958,G206,Directed,23041,,,1
G958,G223,Directed,23042,,,1
G958,G933,Directed,23043,,,1
G958,G1101,Directed,23044,,,1
G958,G1245,Directed,23045,,,1
G958,G1321,Directed,23046,,,1
G959,G29,Directed,23047,,,1
G959,G176,Directed,23048,,,1
G959,G192,Directed,23049,,,1
G959,G199,Directed,23050,,,1
G959,G206,Directed,23051,,,1
G959,G223,Directed,23052,,,1
G959,G933,Directed,23053,,,1
G959,G1101,Directed,23054,,,1
G959,G1245,Directed,23055,,,1
G959,G1321,Directed,23056,,,1
G960,G29,Directed,23057,,,1
G960,G65,Directed,23058,,,1
G960,G68,Directed,23059,,,1
G960,G91,Directed,23060,,,1
G960,G112,Directed,23061,,,1
G960,G175,Directed,23062,,,1
G960,G176,Directed,23063,,,1
G960,G177,Directed,23064,,,1
G960,G180,Directed,23065,,,1
G960,G183,Directed,23066,,,1
G960,G186,Directed,23067,,,1
G960,G190,Directed,23068,,,1
G960,G191,Directed,23069,,,1
G960,G192,Directed,23070,,,1
G960,G195,Directed,23071,,,1
G960,G199,Directed,23072,,,1
G960,G204,Directed,23073,,,1
G960,G205,Directed,23074,,,1
G960,G206,Directed,23075,,,1
G960,G207,Directed,23076,,,1
G960,G223,Directed,23077,,,1
G960,G275,Directed,23078,,,1
G960,G518,Directed,23079,,,1
G960,G629,Directed,23080,,,1
G960,G918,Directed,23081,,,1
G960,G923,Directed,23082,,,1
G960,G924,Directed,23083,,,1
G960,G932,Directed,23084,,,1
G960,G933,Directed,23085,,,1
G960,G936,Directed,23086,,,1
G960,G937,Directed,23087,,,1
G960,G949,Directed,23088,,,1
G960,G967,Directed,23089,,,1
G960,G1101,Directed,23090,,,1
G960,G1387,Directed,23091,,,1
G961,G962,Directed,23092,,,1
G961,G2192,Directed,23093,,,1
G962,G144,Directed,23094,,,1
G962,G273,Directed,23095,,,1
G962,G629,Directed,23096,,,1
G962,G645,Directed,23097,,,1
G962,G761,Directed,23098,,,1
G962,G961,Directed,23099,,,1
G962,G1047,Directed,23100,,,1
G962,G1101,Directed,23101,,,1
G962,G1563,Directed,23102,,,1
G962,G1675,Directed,23103,,,1
G962,G1695,Directed,23104,,,1
G962,G1696,Directed,23105,,,1
G962,G1735,Directed,23106,,,1
G962,G1782,Directed,23107,,,1
G963,G29,Directed,23108,,,1
G963,G176,Directed,23109,,,1
G963,G192,Directed,23110,,,1
G963,G199,Directed,23111,,,1
G963,G206,Directed,23112,,,1
G963,G223,Directed,23113,,,1
G963,G933,Directed,23114,,,1
G963,G1101,Directed,23115,,,1
G963,G1245,Directed,23116,,,1
G963,G1321,Directed,23117,,,1
G964,G29,Directed,23118,,,1
G964,G65,Directed,23119,,,1
G964,G68,Directed,23120,,,1
G964,G91,Directed,23121,,,1
G964,G112,Directed,23122,,,1
G964,G175,Directed,23123,,,1
G964,G176,Directed,23124,,,1
G964,G177,Directed,23125,,,1
G964,G180,Directed,23126,,,1
G964,G183,Directed,23127,,,1
G964,G186,Directed,23128,,,1
G964,G190,Directed,23129,,,1
G964,G191,Directed,23130,,,1
G964,G192,Directed,23131,,,1
G964,G195,Directed,23132,,,1
G964,G199,Directed,23133,,,1
G964,G204,Directed,23134,,,1
G964,G205,Directed,23135,,,1
G964,G206,Directed,23136,,,1
G964,G207,Directed,23137,,,1
G964,G223,Directed,23138,,,1
G964,G275,Directed,23139,,,1
G964,G518,Directed,23140,,,1
G964,G629,Directed,23141,,,1
G964,G918,Directed,23142,,,1
G964,G923,Directed,23143,,,1
G964,G924,Directed,23144,,,1
G964,G932,Directed,23145,,,1
G964,G933,Directed,23146,,,1
G964,G936,Directed,23147,,,1
G964,G937,Directed,23148,,,1
G964,G949,Directed,23149,,,1
G964,G967,Directed,23150,,,1
G964,G1101,Directed,23151,,,1
G965,G15,Directed,23152,,,1
G966,G29,Directed,23153,,,1
G966,G65,Directed,23154,,,1
G966,G68,Directed,23155,,,1
G966,G91,Directed,23156,,,1
G966,G112,Directed,23157,,,1
G966,G175,Directed,23158,,,1
G966,G176,Directed,23159,,,1
G966,G177,Directed,23160,,,1
G966,G180,Directed,23161,,,1
G966,G183,Directed,23162,,,1
G966,G186,Directed,23163,,,1
G966,G190,Directed,23164,,,1
G966,G191,Directed,23165,,,1
G966,G192,Directed,23166,,,1
G966,G195,Directed,23167,,,1
G966,G199,Directed,23168,,,1
G966,G204,Directed,23169,,,1
G966,G205,Directed,23170,,,1
G966,G206,Directed,23171,,,1
G966,G207,Directed,23172,,,1
G966,G223,Directed,23173,,,1
G966,G275,Directed,23174,,,1
G966,G518,Directed,23175,,,1
G966,G629,Directed,23176,,,1
G966,G918,Directed,23177,,,1
G966,G923,Directed,23178,,,1
G966,G924,Directed,23179,,,1
G966,G932,Directed,23180,,,1
G966,G933,Directed,23181,,,1
G966,G936,Directed,23182,,,1
G966,G937,Directed,23183,,,1
G966,G949,Directed,23184,,,1
G966,G967,Directed,23185,,,1
G966,G1101,Directed,23186,,,1
G966,G1387,Directed,23187,,,1
G967,G28,Directed,23188,,,1
G967,G29,Directed,23189,,,1
G967,G41,Directed,23190,,,1
G967,G42,Directed,23191,,,1
G967,G45,Directed,23192,,,1
G967,G46,Directed,23193,,,1
G967,G68,Directed,23194,,,1
G967,G69,Directed,23195,,,1
G967,G91,Directed,23196,,,1
G967,G112,Directed,23197,,,1
G967,G113,Directed,23198,,,1
G967,G175,Directed,23199,,,1
G967,G176,Directed,23200,,,1
G967,G177,Directed,23201,,,1
G967,G178,Directed,23202,,,1
G967,G179,Directed,23203,,,1
G967,G180,Directed,23204,,,1
G967,G181,Directed,23205,,,1
G967,G182,Directed,23206,,,1
G967,G183,Directed,23207,,,1
G967,G184,Directed,23208,,,1
G967,G185,Directed,23209,,,1
G967,G186,Directed,23210,,,1
G967,G187,Directed,23211,,,1
G967,G189,Directed,23212,,,1
G967,G190,Directed,23213,,,1
G967,G191,Directed,23214,,,1
G967,G192,Directed,23215,,,1
G967,G195,Directed,23216,,,1
G967,G198,Directed,23217,,,1
G967,G199,Directed,23218,,,1
G967,G205,Directed,23219,,,1
G967,G206,Directed,23220,,,1
G967,G207,Directed,23221,,,1
G967,G210,Directed,23222,,,1
G967,G213,Directed,23223,,,1
G967,G223,Directed,23224,,,1
G967,G235,Directed,23225,,,1
G967,G258,Directed,23226,,,1
G967,G275,Directed,23227,,,1
G967,G422,Directed,23228,,,1
G967,G423,Directed,23229,,,1
G967,G518,Directed,23230,,,1
G967,G521,Directed,23231,,,1
G967,G535,Directed,23232,,,1
G967,G864,Directed,23233,,,1
G967,G912,Directed,23234,,,1
G967,G913,Directed,23235,,,1
G967,G914,Directed,23236,,,1
G967,G917,Directed,23237,,,1
G967,G918,Directed,23238,,,1
G967,G919,Directed,23239,,,1
G967,G921,Directed,23240,,,1
G967,G922,Directed,23241,,,1
G967,G923,Directed,23242,,,1
G967,G924,Directed,23243,,,1
G967,G925,Directed,23244,,,1
G967,G926,Directed,23245,,,1
G967,G927,Directed,23246,,,1
G967,G928,Directed,23247,,,1
G967,G932,Directed,23248,,,1
G967,G933,Directed,23249,,,1
G967,G934,Directed,23250,,,1
G967,G935,Directed,23251,,,1
G967,G936,Directed,23252,,,1
G967,G937,Directed,23253,,,1
G967,G938,Directed,23254,,,1
G967,G939,Directed,23255,,,1
G967,G940,Directed,23256,,,1
G967,G941,Directed,23257,,,1
G967,G942,Directed,23258,,,1
G967,G943,Directed,23259,,,1
G967,G944,Directed,23260,,,1
G967,G949,Directed,23261,,,1
G967,G953,Directed,23262,,,1
G967,G954,Directed,23263,,,1
G967,G955,Directed,23264,,,1
G967,G960,Directed,23265,,,1
G967,G964,Directed,23266,,,1
G967,G966,Directed,23267,,,1
G967,G977,Directed,23268,,,1
G967,G1060,Directed,23269,,,1
G967,G1073,Directed,23270,,,1
G967,G1101,Directed,23271,,,1
G967,G1235,Directed,23272,,,1
G967,G1242,Directed,23273,,,1
G967,G1254,Directed,23274,,,1
G967,G1261,Directed,23275,,,1
G967,G1273,Directed,23276,,,1
G967,G1305,Directed,23277,,,1
G967,G1537,Directed,23278,,,1
G967,G1540,Directed,23279,,,1
G967,G1624,Directed,23280,,,1
G968,G30,Directed,23281,,,1
G968,G318,Directed,23282,,,1
G968,G321,Directed,23283,,,1
G969,G174,Directed,23284,,,1
G969,G970,Directed,23285,,,1
G970,G890,Directed,23286,,,1
G970,G891,Directed,23287,,,1
G970,G969,Directed,23288,,,1
G970,G1709,Directed,23289,,,1
G971,G27,Directed,23290,,,1
G972,G906,Directed,23291,,,1
G972,G986,Directed,23292,,,1
G973,G805,Directed,23293,,,1
G973,G909,Directed,23294,,,1
G974,G30,Directed,23295,,,1
G974,G321,Directed,23296,,,1
G974,G1010,Directed,23297,,,1
G974,G1420,Directed,23298,,,1
G974,G1441,Directed,23299,,,1
G974,G1665,Directed,23300,,,1
G975,G9,Directed,23301,,,1
G975,G10,Directed,23302,,,1
G975,G21,Directed,23303,,,1
G975,G144,Directed,23304,,,1
G975,G218,Directed,23305,,,1
G975,G1038,Directed,23306,,,1
G975,G1154,Directed,23307,,,1
G975,G1155,Directed,23308,,,1
G975,G1192,Directed,23309,,,1
G975,G1194,Directed,23310,,,1
G975,G1195,Directed,23311,,,1
G975,G1222,Directed,23312,,,1
G975,G1227,Directed,23313,,,1
G975,G1472,Directed,23314,,,1
G975,G1831,Directed,23315,,,1
G975,G1836,Directed,23316,,,1
G975,G1883,Directed,23317,,,1
G975,G1917,Directed,23318,,,1
G975,G1948,Directed,23319,,,1
G975,G2054,Directed,23320,,,1
G976,G8,Directed,23321,,,1
G976,G93,Directed,23322,,,1
G976,G94,Directed,23323,,,1
G976,G216,Directed,23324,,,1
G976,G435,Directed,23325,,,1
G976,G889,Directed,23326,,,1
G976,G908,Directed,23327,,,1
G976,G1338,Directed,23328,,,1
G976,G1340,Directed,23329,,,1
G976,G1539,Directed,23330,,,1
G977,G29,Directed,23331,,,1
G977,G65,Directed,23332,,,1
G977,G68,Directed,23333,,,1
G977,G91,Directed,23334,,,1
G977,G112,Directed,23335,,,1
G977,G175,Directed,23336,,,1
G977,G176,Directed,23337,,,1
G977,G177,Directed,23338,,,1
G977,G180,Directed,23339,,,1
G977,G183,Directed,23340,,,1
G977,G186,Directed,23341,,,1
G977,G190,Directed,23342,,,1
G977,G191,Directed,23343,,,1
G977,G192,Directed,23344,,,1
G977,G195,Directed,23345,,,1
G977,G199,Directed,23346,,,1
G977,G204,Directed,23347,,,1
G977,G205,Directed,23348,,,1
G977,G206,Directed,23349,,,1
G977,G207,Directed,23350,,,1
G977,G223,Directed,23351,,,1
G977,G275,Directed,23352,,,1
G977,G518,Directed,23353,,,1
G977,G629,Directed,23354,,,1
G977,G918,Directed,23355,,,1
G977,G923,Directed,23356,,,1
G977,G924,Directed,23357,,,1
G977,G932,Directed,23358,,,1
G977,G933,Directed,23359,,,1
G977,G936,Directed,23360,,,1
G977,G937,Directed,23361,,,1
G977,G949,Directed,23362,,,1
G977,G967,Directed,23363,,,1
G977,G1101,Directed,23364,,,1
G977,G1387,Directed,23365,,,1
G978,G369,Directed,23366,,,1
G978,G400,Directed,23367,,,1
G978,G979,Directed,23368,,,1
G978,G1013,Directed,23369,,,1
G978,G1026,Directed,23370,,,1
G978,G1028,Directed,23371,,,1
G978,G1071,Directed,23372,,,1
G978,G1194,Directed,23373,,,1
G978,G1240,Directed,23374,,,1
G978,G1529,Directed,23375,,,1
G978,G1530,Directed,23376,,,1
G978,G1761,Directed,23377,,,1
G978,G1895,Directed,23378,,,1
G978,G1922,Directed,23379,,,1
G979,G65,Directed,23380,,,1
G979,G369,Directed,23381,,,1
G979,G400,Directed,23382,,,1
G979,G978,Directed,23383,,,1
G979,G1013,Directed,23384,,,1
G979,G1026,Directed,23385,,,1
G979,G1028,Directed,23386,,,1
G979,G1071,Directed,23387,,,1
G979,G1194,Directed,23388,,,1
G979,G1240,Directed,23389,,,1
G979,G1529,Directed,23390,,,1
G979,G1530,Directed,23391,,,1
G979,G1761,Directed,23392,,,1
G979,G1895,Directed,23393,,,1
G979,G1922,Directed,23394,,,1
G980,G8,Directed,23395,,,1
G981,G982,Directed,23396,,,1
G982,G981,Directed,23397,,,1
G982,G1074,Directed,23398,,,1
G982,G1100,Directed,23399,,,1
G982,G1209,Directed,23400,,,1
G982,G1451,Directed,23401,,,1
G982,G1736,Directed,23402,,,1
G982,G1842,Directed,23403,,,1
G983,G984,Directed,23404,,,1
G984,G114,Directed,23405,,,1
G984,G566,Directed,23406,,,1
G984,G983,Directed,23407,,,1
G985,G29,Directed,23408,,,1
G985,G198,Directed,23409,,,1
G985,G629,Directed,23410,,,1
G985,G1647,Directed,23411,,,1
G985,G1768,Directed,23412,,,1
G986,G972,Directed,23413,,,1
G987,G174,Directed,23414,,,1
G987,G1394,Directed,23415,,,1
G988,G122,Directed,23416,,,1
G988,G851,Directed,23417,,,1
G988,G992,Directed,23418,,,1
G988,G1559,Directed,23419,,,1
G988,G1560,Directed,23420,,,1
G988,G1575,Directed,23421,,,1
G988,G1586,Directed,23422,,,1
G988,G1621,Directed,23423,,,1
G988,G1643,Directed,23424,,,1
G988,G1644,Directed,23425,,,1
G989,G433,Directed,23426,,,1
G989,G990,Directed,23427,,,1
G989,G1035,Directed,23428,,,1
G989,G1214,Directed,23429,,,1
G990,G989,Directed,23430,,,1
G990,G1035,Directed,23431,,,1
G990,G1214,Directed,23432,,,1
G991,G193,Directed,23433,,,1
G991,G194,Directed,23434,,,1
G991,G217,Directed,23435,,,1
G991,G224,Directed,23436,,,1
G991,G227,Directed,23437,,,1
G991,G259,Directed,23438,,,1
G991,G272,Directed,23439,,,1
G991,G424,Directed,23440,,,1
G991,G601,Directed,23441,,,1
G991,G605,Directed,23442,,,1
G991,G1136,Directed,23443,,,1
G991,G1148,Directed,23444,,,1
G991,G1150,Directed,23445,,,1
G992,G851,Directed,23446,,,1
G992,G988,Directed,23447,,,1
G992,G1560,Directed,23448,,,1
G992,G1575,Directed,23449,,,1
G992,G1643,Directed,23450,,,1
G993,G211,Directed,23451,,,1
G993,G212,Directed,23452,,,1
G993,G221,Directed,23453,,,1
G993,G222,Directed,23454,,,1
G993,G1011,Directed,23455,,,1
G993,G1012,Directed,23456,,,1
G993,G1016,Directed,23457,,,1
G993,G1027,Directed,23458,,,1
G993,G1030,Directed,23459,,,1
G993,G1161,Directed,23460,,,1
G993,G1533,Directed,23461,,,1
G993,G1889,Directed,23462,,,1
G994,G215,Directed,23463,,,1
G994,G1264,Directed,23464,,,1
G994,G1297,Directed,23465,,,1
G995,G277,Directed,23466,,,1
G995,G278,Directed,23467,,,1
G995,G301,Directed,23468,,,1
G995,G996,Directed,23469,,,1
G995,G1102,Directed,23470,,,1
G995,G1704,Directed,23471,,,1
G995,G1764,Directed,23472,,,1
G995,G1925,Directed,23473,,,1
G996,G277,Directed,23474,,,1
G996,G278,Directed,23475,,,1
G996,G301,Directed,23476,,,1
G996,G995,Directed,23477,,,1
G996,G1044,Directed,23478,,,1
G996,G1102,Directed,23479,,,1
G996,G1425,Directed,23480,,,1
G996,G1704,Directed,23481,,,1
G996,G1764,Directed,23482,,,1
G996,G1879,Directed,23483,,,1
G996,G1949,Directed,23484,,,1
G996,G1983,Directed,23485,,,1
G996,G1984,Directed,23486,,,1
G996,G2019,Directed,23487,,,1
G996,G2037,Directed,23488,,,1
G997,G259,Directed,23489,,,1
G997,G998,Directed,23490,,,1
G997,G1900,Directed,23491,,,1
G997,G1908,Directed,23492,,,1
G998,G217,Directed,23493,,,1
G998,G224,Directed,23494,,,1
G998,G227,Directed,23495,,,1
G998,G259,Directed,23496,,,1
G998,G272,Directed,23497,,,1
G998,G997,Directed,23498,,,1
G998,G999,Directed,23499,,,1
G998,G1001,Directed,23500,,,1
G998,G1003,Directed,23501,,,1
G998,G1017,Directed,23502,,,1
G998,G1031,Directed,23503,,,1
G998,G1148,Directed,23504,,,1
G998,G1150,Directed,23505,,,1
G998,G1908,Directed,23506,,,1
G999,G259,Directed,23507,,,1
G999,G998,Directed,23508,,,1
G999,G1900,Directed,23509,,,1
G999,G1908,Directed,23510,,,1
G1000,G174,Directed,23511,,,1
G1000,G1055,Directed,23512,,,1
G1001,G259,Directed,23513,,,1
G1001,G998,Directed,23514,,,1
G1001,G1900,Directed,23515,,,1
G1001,G1908,Directed,23516,,,1
G1002,G712,Directed,23517,,,1
G1003,G259,Directed,23518,,,1
G1003,G998,Directed,23519,,,1
G1003,G1900,Directed,23520,,,1
G1003,G1908,Directed,23521,,,1
G1004,G321,Directed,23522,,,1
G1004,G1005,Directed,23523,,,1
G1004,G1142,Directed,23524,,,1
G1004,G1263,Directed,23525,,,1
G1004,G1541,Directed,23526,,,1
G1004,G1581,Directed,23527,,,1
G1004,G1829,Directed,23528,,,1
G1005,G303,Directed,23529,,,1
G1005,G1004,Directed,23530,,,1
G1005,G1159,Directed,23531,,,1
G1005,G1373,Directed,23532,,,1
G1005,G1633,Directed,23533,,,1
G1005,G1634,Directed,23534,,,1
G1005,G1865,Directed,23535,,,1
G1006,G892,Directed,23536,,,1
G1006,G905,Directed,23537,,,1
G1006,G1007,Directed,23538,,,1
G1006,G1871,Directed,23539,,,1
G1007,G31,Directed,23540,,,1
G1007,G174,Directed,23541,,,1
G1007,G703,Directed,23542,,,1
G1007,G1006,Directed,23543,,,1
G1007,G1036,Directed,23544,,,1
G1007,G1048,Directed,23545,,,1
G1007,G1053,Directed,23546,,,1
G1007,G1463,Directed,23547,,,1
G1008,G321,Directed,23548,,,1
G1008,G785,Directed,23549,,,1
G1008,G875,Directed,23550,,,1
G1008,G1009,Directed,23551,,,1
G1008,G1117,Directed,23552,,,1
G1008,G1118,Directed,23553,,,1
G1008,G1947,Directed,23554,,,1
G1008,G2065,Directed,23555,,,1
G1009,G318,Directed,23556,,,1
G1009,G321,Directed,23557,,,1
G1009,G785,Directed,23558,,,1
G1009,G875,Directed,23559,,,1
G1009,G1008,Directed,23560,,,1
G1009,G1117,Directed,23561,,,1
G1009,G1118,Directed,23562,,,1
G1009,G1947,Directed,23563,,,1
G1009,G2065,Directed,23564,,,1
G1010,G30,Directed,23565,,,1
G1010,G905,Directed,23566,,,1
G1010,G974,Directed,23567,,,1
G1010,G1064,Directed,23568,,,1
G1010,G1123,Directed,23569,,,1
G1010,G1344,Directed,23570,,,1
G1011,G211,Directed,23571,,,1
G1011,G212,Directed,23572,,,1
G1011,G221,Directed,23573,,,1
G1011,G222,Directed,23574,,,1
G1011,G993,Directed,23575,,,1
G1011,G1012,Directed,23576,,,1
G1011,G1016,Directed,23577,,,1
G1011,G1027,Directed,23578,,,1
G1011,G1030,Directed,23579,,,1
G1011,G1533,Directed,23580,,,1
G1012,G7,Directed,23581,,,1
G1012,G8,Directed,23582,,,1
G1012,G116,Directed,23583,,,1
G1012,G211,Directed,23584,,,1
G1012,G212,Directed,23585,,,1
G1012,G221,Directed,23586,,,1
G1012,G222,Directed,23587,,,1
G1012,G244,Directed,23588,,,1
G1012,G269,Directed,23589,,,1
G1012,G307,Directed,23590,,,1
G1012,G311,Directed,23591,,,1
G1012,G993,Directed,23592,,,1
G1012,G1011,Directed,23593,,,1
G1012,G1276,Directed,23594,,,1
G1012,G1440,Directed,23595,,,1
G1012,G1533,Directed,23596,,,1
G1013,G400,Directed,23597,,,1
G1013,G470,Directed,23598,,,1
G1013,G978,Directed,23599,,,1
G1013,G979,Directed,23600,,,1
G1013,G1026,Directed,23601,,,1
G1013,G1028,Directed,23602,,,1
G1013,G1071,Directed,23603,,,1
G1013,G1761,Directed,23604,,,1
G1013,G1942,Directed,23605,,,1
G1013,G1968,Directed,23606,,,1
G1014,G1015,Directed,23607,,,1
G1015,G1014,Directed,23608,,,1
G1015,G1037,Directed,23609,,,1
G1016,G7,Directed,23610,,,1
G1016,G8,Directed,23611,,,1
G1016,G211,Directed,23612,,,1
G1016,G212,Directed,23613,,,1
G1016,G221,Directed,23614,,,1
G1016,G222,Directed,23615,,,1
G1016,G244,Directed,23616,,,1
G1016,G269,Directed,23617,,,1
G1016,G307,Directed,23618,,,1
G1016,G311,Directed,23619,,,1
G1016,G993,Directed,23620,,,1
G1016,G1011,Directed,23621,,,1
G1016,G1225,Directed,23622,,,1
G1016,G1276,Directed,23623,,,1
G1016,G1440,Directed,23624,,,1
G1016,G1533,Directed,23625,,,1
G1017,G217,Directed,23626,,,1
G1017,G224,Directed,23627,,,1
G1017,G227,Directed,23628,,,1
G1017,G259,Directed,23629,,,1
G1017,G272,Directed,23630,,,1
G1017,G998,Directed,23631,,,1
G1017,G1148,Directed,23632,,,1
G1017,G1150,Directed,23633,,,1
G1017,G1908,Directed,23634,,,1
G1018,G325,Directed,23635,,,1
G1018,G448,Directed,23636,,,1
G1018,G516,Directed,23637,,,1
G1018,G1019,Directed,23638,,,1
G1018,G1182,Directed,23639,,,1
G1018,G1193,Directed,23640,,,1
G1018,G1202,Directed,23641,,,1
G1018,G1215,Directed,23642,,,1
G1018,G1249,Directed,23643,,,1
G1018,G1406,Directed,23644,,,1
G1019,G325,Directed,23645,,,1
G1019,G448,Directed,23646,,,1
G1019,G516,Directed,23647,,,1
G1019,G1018,Directed,23648,,,1
G1019,G1182,Directed,23649,,,1
G1019,G1193,Directed,23650,,,1
G1019,G1202,Directed,23651,,,1
G1019,G1215,Directed,23652,,,1
G1019,G1249,Directed,23653,,,1
G1019,G1406,Directed,23654,,,1
G1020,G1021,Directed,23655,,,1
G1020,G1620,Directed,23656,,,1
G1021,G433,Directed,23657,,,1
G1021,G1020,Directed,23658,,,1
G1022,G431,Directed,23659,,,1
G1022,G470,Directed,23660,,,1
G1022,G500,Directed,23661,,,1
G1022,G1023,Directed,23662,,,1
G1022,G1322,Directed,23663,,,1
G1022,G1942,Directed,23664,,,1
G1022,G1968,Directed,23665,,,1
G1023,G431,Directed,23666,,,1
G1023,G470,Directed,23667,,,1
G1023,G500,Directed,23668,,,1
G1023,G1022,Directed,23669,,,1
G1023,G1322,Directed,23670,,,1
G1023,G1942,Directed,23671,,,1
G1023,G1968,Directed,23672,,,1
G1024,G909,Directed,23673,,,1
G1025,G85,Directed,23674,,,1
G1025,G899,Directed,23675,,,1
G1026,G246,Directed,23676,,,1
G1026,G400,Directed,23677,,,1
G1026,G978,Directed,23678,,,1
G1026,G979,Directed,23679,,,1
G1026,G1013,Directed,23680,,,1
G1026,G1071,Directed,23681,,,1
G1026,G1194,Directed,23682,,,1
G1026,G1761,Directed,23683,,,1
G1027,G7,Directed,23684,,,1
G1027,G8,Directed,23685,,,1
G1027,G211,Directed,23686,,,1
G1027,G212,Directed,23687,,,1
G1027,G221,Directed,23688,,,1
G1027,G222,Directed,23689,,,1
G1027,G244,Directed,23690,,,1
G1027,G269,Directed,23691,,,1
G1027,G307,Directed,23692,,,1
G1027,G311,Directed,23693,,,1
G1027,G993,Directed,23694,,,1
G1027,G1011,Directed,23695,,,1
G1027,G1276,Directed,23696,,,1
G1027,G1440,Directed,23697,,,1
G1027,G1533,Directed,23698,,,1
G1028,G246,Directed,23699,,,1
G1028,G400,Directed,23700,,,1
G1028,G978,Directed,23701,,,1
G1028,G979,Directed,23702,,,1
G1028,G1013,Directed,23703,,,1
G1028,G1071,Directed,23704,,,1
G1028,G1194,Directed,23705,,,1
G1028,G1761,Directed,23706,,,1
G1029,G321,Directed,23707,,,1
G1030,G7,Directed,23708,,,1
G1030,G8,Directed,23709,,,1
G1030,G211,Directed,23710,,,1
G1030,G212,Directed,23711,,,1
G1030,G221,Directed,23712,,,1
G1030,G222,Directed,23713,,,1
G1030,G244,Directed,23714,,,1
G1030,G269,Directed,23715,,,1
G1030,G307,Directed,23716,,,1
G1030,G311,Directed,23717,,,1
G1030,G993,Directed,23718,,,1
G1030,G1011,Directed,23719,,,1
G1030,G1276,Directed,23720,,,1
G1030,G1440,Directed,23721,,,1
G1030,G1533,Directed,23722,,,1
G1031,G217,Directed,23723,,,1
G1031,G224,Directed,23724,,,1
G1031,G227,Directed,23725,,,1
G1031,G259,Directed,23726,,,1
G1031,G272,Directed,23727,,,1
G1031,G998,Directed,23728,,,1
G1031,G1148,Directed,23729,,,1
G1031,G1150,Directed,23730,,,1
G1031,G1908,Directed,23731,,,1
G1032,G113,Directed,23732,,,1
G1032,G422,Directed,23733,,,1
G1032,G1033,Directed,23734,,,1
G1032,G1203,Directed,23735,,,1
G1032,G1254,Directed,23736,,,1
G1032,G1261,Directed,23737,,,1
G1032,G1273,Directed,23738,,,1
G1032,G1305,Directed,23739,,,1
G1033,G113,Directed,23740,,,1
G1033,G422,Directed,23741,,,1
G1033,G1032,Directed,23742,,,1
G1033,G1203,Directed,23743,,,1
G1033,G1254,Directed,23744,,,1
G1033,G1261,Directed,23745,,,1
G1033,G1273,Directed,23746,,,1
G1033,G1305,Directed,23747,,,1
G1033,G1603,Directed,23748,,,1
G1033,G2146,Directed,23749,,,1
G1034,G246,Directed,23750,,,1
G1034,G254,Directed,23751,,,1
G1034,G255,Directed,23752,,,1
G1034,G400,Directed,23753,,,1
G1034,G448,Directed,23754,,,1
G1034,G482,Directed,23755,,,1
G1034,G516,Directed,23756,,,1
G1034,G1051,Directed,23757,,,1
G1034,G1067,Directed,23758,,,1
G1034,G1126,Directed,23759,,,1
G1034,G1154,Directed,23760,,,1
G1034,G1155,Directed,23761,,,1
G1034,G1166,Directed,23762,,,1
G1034,G1167,Directed,23763,,,1
G1034,G1175,Directed,23764,,,1
G1034,G1193,Directed,23765,,,1
G1034,G1202,Directed,23766,,,1
G1034,G1215,Directed,23767,,,1
G1034,G1249,Directed,23768,,,1
G1034,G1256,Directed,23769,,,1
G1034,G1264,Directed,23770,,,1
G1034,G1265,Directed,23771,,,1
G1034,G1297,Directed,23772,,,1
G1034,G1442,Directed,23773,,,1
G1034,G1454,Directed,23774,,,1
G1034,G1483,Directed,23775,,,1
G1034,G1543,Directed,23776,,,1
G1034,G1610,Directed,23777,,,1
G1034,G1623,Directed,23778,,,1
G1034,G1681,Directed,23779,,,1
G1034,G1808,Directed,23780,,,1
G1034,G1910,Directed,23781,,,1
G1034,G1912,Directed,23782,,,1
G1034,G1915,Directed,23783,,,1
G1035,G174,Directed,23784,,,1
G1035,G989,Directed,23785,,,1
G1035,G990,Directed,23786,,,1
G1035,G1082,Directed,23787,,,1
G1035,G1214,Directed,23788,,,1
G1035,G1350,Directed,23789,,,1
G1035,G1658,Directed,23790,,,1
G1035,G1850,Directed,23791,,,1
G1036,G8,Directed,23792,,,1
G1036,G174,Directed,23793,,,1
G1036,G725,Directed,23794,,,1
G1036,G1007,Directed,23795,,,1
G1036,G1186,Directed,23796,,,1
G1036,G1572,Directed,23797,,,1
G1036,G1635,Directed,23798,,,1
G1037,G273,Directed,23799,,,1
G1037,G300,Directed,23800,,,1
G1037,G485,Directed,23801,,,1
G1037,G1015,Directed,23802,,,1
G1037,G1423,Directed,23803,,,1
G1037,G1438,Directed,23804,,,1
G1037,G1464,Directed,23805,,,1
G1038,G9,Directed,23806,,,1
G1038,G10,Directed,23807,,,1
G1038,G21,Directed,23808,,,1
G1038,G218,Directed,23809,,,1
G1038,G305,Directed,23810,,,1
G1038,G975,Directed,23811,,,1
G1038,G1147,Directed,23812,,,1
G1038,G1390,Directed,23813,,,1
G1038,G1537,Directed,23814,,,1
G1038,G1540,Directed,23815,,,1
G1038,G1544,Directed,23816,,,1
G1038,G1547,Directed,23817,,,1
G1038,G1584,Directed,23818,,,1
G1038,G1624,Directed,23819,,,1
G1038,G1782,Directed,23820,,,1
G1039,G436,Directed,23821,,,1
G1039,G948,Directed,23822,,,1
G1040,G909,Directed,23823,,,1
G1041,G246,Directed,23824,,,1
G1041,G567,Directed,23825,,,1
G1041,G1042,Directed,23826,,,1
G1041,G1057,Directed,23827,,,1
G1041,G1194,Directed,23828,,,1
G1041,G1255,Directed,23829,,,1
G1041,G1588,Directed,23830,,,1
G1041,G1653,Directed,23831,,,1
G1041,G1890,Directed,23832,,,1
G1041,G1951,Directed,23833,,,1
G1042,G246,Directed,23834,,,1
G1042,G567,Directed,23835,,,1
G1042,G892,Directed,23836,,,1
G1042,G1041,Directed,23837,,,1
G1042,G1043,Directed,23838,,,1
G1042,G1050,Directed,23839,,,1
G1042,G1057,Directed,23840,,,1
G1042,G1156,Directed,23841,,,1
G1042,G1163,Directed,23842,,,1
G1042,G1194,Directed,23843,,,1
G1042,G1255,Directed,23844,,,1
G1042,G1445,Directed,23845,,,1
G1042,G1467,Directed,23846,,,1
G1042,G1497,Directed,23847,,,1
G1042,G1543,Directed,23848,,,1
G1042,G1588,Directed,23849,,,1
G1042,G1610,Directed,23850,,,1
G1042,G1623,Directed,23851,,,1
G1042,G1653,Directed,23852,,,1
G1042,G1692,Directed,23853,,,1
G1042,G2032,Directed,23854,,,1
G1042,G2038,Directed,23855,,,1
G1042,G2058,Directed,23856,,,1
G1042,G2072,Directed,23857,,,1
G1043,G246,Directed,23858,,,1
G1043,G567,Directed,23859,,,1
G1043,G1042,Directed,23860,,,1
G1043,G1057,Directed,23861,,,1
G1043,G1194,Directed,23862,,,1
G1043,G1255,Directed,23863,,,1
G1043,G1588,Directed,23864,,,1
G1043,G1653,Directed,23865,,,1
G1043,G1890,Directed,23866,,,1
G1043,G1951,Directed,23867,,,1
G1044,G318,Directed,23868,,,1
G1044,G321,Directed,23869,,,1
G1044,G996,Directed,23870,,,1
G1044,G1980,Directed,23871,,,1
G1044,G1981,Directed,23872,,,1
G1044,G1983,Directed,23873,,,1
G1044,G2019,Directed,23874,,,1
G1044,G2037,Directed,23875,,,1
G1045,G174,Directed,23876,,,1
G1045,G1046,Directed,23877,,,1
G1045,G1172,Directed,23878,,,1
G1046,G1045,Directed,23879,,,1
G1046,G1532,Directed,23880,,,1
G1046,G1877,Directed,23881,,,1
G1047,G962,Directed,23882,,,1
G1048,G1007,Directed,23883,,,1
G1048,G1049,Directed,23884,,,1
G1049,G77,Directed,23885,,,1
G1049,G364,Directed,23886,,,1
G1049,G1048,Directed,23887,,,1
G1049,G1275,Directed,23888,,,1
G1049,G1615,Directed,23889,,,1
G1050,G246,Directed,23890,,,1
G1050,G567,Directed,23891,,,1
G1050,G1042,Directed,23892,,,1
G1050,G1057,Directed,23893,,,1
G1050,G1194,Directed,23894,,,1
G1050,G1255,Directed,23895,,,1
G1050,G1588,Directed,23896,,,1
G1050,G1653,Directed,23897,,,1
G1050,G1890,Directed,23898,,,1
G1050,G1951,Directed,23899,,,1
G1051,G246,Directed,23900,,,1
G1051,G254,Directed,23901,,,1
G1051,G255,Directed,23902,,,1
G1051,G400,Directed,23903,,,1
G1051,G448,Directed,23904,,,1
G1051,G516,Directed,23905,,,1
G1051,G562,Directed,23906,,,1
G1051,G681,Directed,23907,,,1
G1051,G920,Directed,23908,,,1
G1051,G1034,Directed,23909,,,1
G1051,G1067,Directed,23910,,,1
G1051,G1126,Directed,23911,,,1
G1051,G1154,Directed,23912,,,1
G1051,G1155,Directed,23913,,,1
G1051,G1249,Directed,23914,,,1
G1051,G1264,Directed,23915,,,1
G1051,G1265,Directed,23916,,,1
G1051,G1297,Directed,23917,,,1
G1051,G1427,Directed,23918,,,1
G1051,G1454,Directed,23919,,,1
G1051,G1460,Directed,23920,,,1
G1051,G1483,Directed,23921,,,1
G1051,G1493,Directed,23922,,,1
G1051,G1583,Directed,23923,,,1
G1051,G1657,Directed,23924,,,1
G1051,G1705,Directed,23925,,,1
G1051,G1717,Directed,23926,,,1
G1052,G318,Directed,23927,,,1
G1052,G321,Directed,23928,,,1
G1052,G905,Directed,23929,,,1
G1052,G1697,Directed,23930,,,1
G1053,G30,Directed,23931,,,1
G1053,G160,Directed,23932,,,1
G1053,G320,Directed,23933,,,1
G1053,G573,Directed,23934,,,1
G1053,G815,Directed,23935,,,1
G1053,G905,Directed,23936,,,1
G1053,G1007,Directed,23937,,,1
G1054,G1055,Directed,23938,,,1
G1055,G1000,Directed,23939,,,1
G1055,G1054,Directed,23940,,,1
G1055,G1196,Directed,23941,,,1
G1055,G1296,Directed,23942,,,1
G1055,G1458,Directed,23943,,,1
G1056,G229,Directed,23944,,,1
G1056,G458,Directed,23945,,,1
G1056,G889,Directed,23946,,,1
G1056,G1105,Directed,23947,,,1
G1056,G1131,Directed,23948,,,1
G1056,G1153,Directed,23949,,,1
G1056,G1483,Directed,23950,,,1
G1056,G1484,Directed,23951,,,1
G1056,G1797,Directed,23952,,,1
G1057,G246,Directed,23953,,,1
G1057,G629,Directed,23954,,,1
G1057,G892,Directed,23955,,,1
G1057,G1041,Directed,23956,,,1
G1057,G1042,Directed,23957,,,1
G1057,G1043,Directed,23958,,,1
G1057,G1050,Directed,23959,,,1
G1057,G1156,Directed,23960,,,1
G1057,G1163,Directed,23961,,,1
G1057,G1194,Directed,23962,,,1
G1057,G1219,Directed,23963,,,1
G1057,G1255,Directed,23964,,,1
G1057,G1588,Directed,23965,,,1
G1058,G105,Directed,23966,,,1
G1058,G106,Directed,23967,,,1
G1058,G284,Directed,23968,,,1
G1058,G285,Directed,23969,,,1
G1058,G319,Directed,23970,,,1
G1058,G329,Directed,23971,,,1
G1058,G331,Directed,23972,,,1
G1058,G343,Directed,23973,,,1
G1058,G344,Directed,23974,,,1
G1058,G1059,Directed,23975,,,1
G1058,G1065,Directed,23976,,,1
G1058,G1066,Directed,23977,,,1
G1058,G1099,Directed,23978,,,1
G1058,G1144,Directed,23979,,,1
G1058,G1672,Directed,23980,,,1
G1059,G105,Directed,23981,,,1
G1059,G106,Directed,23982,,,1
G1059,G284,Directed,23983,,,1
G1059,G285,Directed,23984,,,1
G1059,G319,Directed,23985,,,1
G1059,G329,Directed,23986,,,1
G1059,G331,Directed,23987,,,1
G1059,G343,Directed,23988,,,1
G1059,G344,Directed,23989,,,1
G1059,G1058,Directed,23990,,,1
G1059,G1065,Directed,23991,,,1
G1059,G1066,Directed,23992,,,1
G1059,G1099,Directed,23993,,,1
G1059,G1144,Directed,23994,,,1
G1059,G1672,Directed,23995,,,1
G1060,G68,Directed,23996,,,1
G1060,G91,Directed,23997,,,1
G1060,G112,Directed,23998,,,1
G1060,G175,Directed,23999,,,1
G1060,G176,Directed,24000,,,1
G1060,G177,Directed,24001,,,1
G1060,G180,Directed,24002,,,1
G1060,G183,Directed,24003,,,1
G1060,G186,Directed,24004,,,1
G1060,G190,Directed,24005,,,1
G1060,G191,Directed,24006,,,1
G1060,G192,Directed,24007,,,1
G1060,G195,Directed,24008,,,1
G1060,G204,Directed,24009,,,1
G1060,G205,Directed,24010,,,1
G1060,G206,Directed,24011,,,1
G1060,G207,Directed,24012,,,1
G1060,G223,Directed,24013,,,1
G1060,G275,Directed,24014,,,1
G1060,G518,Directed,24015,,,1
G1060,G863,Directed,24016,,,1
G1060,G918,Directed,24017,,,1
G1060,G923,Directed,24018,,,1
G1060,G924,Directed,24019,,,1
G1060,G932,Directed,24020,,,1
G1060,G933,Directed,24021,,,1
G1060,G936,Directed,24022,,,1
G1060,G937,Directed,24023,,,1
G1060,G949,Directed,24024,,,1
G1060,G967,Directed,24025,,,1
G1060,G1101,Directed,24026,,,1
G1061,G417,Directed,24027,,,1
G1061,G418,Directed,24028,,,1
G1061,G443,Directed,24029,,,1
G1061,G457,Directed,24030,,,1
G1061,G2073,Directed,24031,,,1
G1061,G2100,Directed,24032,,,1
G1062,G145,Directed,24033,,,1
G1062,G681,Directed,24034,,,1
G1062,G865,Directed,24035,,,1
G1062,G1063,Directed,24036,,,1
G1062,G1100,Directed,24037,,,1
G1062,G1244,Directed,24038,,,1
G1062,G1415,Directed,24039,,,1
G1062,G1416,Directed,24040,,,1
G1062,G1418,Directed,24041,,,1
G1062,G1445,Directed,24042,,,1
G1062,G1446,Directed,24043,,,1
G1062,G1466,Directed,24044,,,1
G1062,G1467,Directed,24045,,,1
G1062,G1491,Directed,24046,,,1
G1062,G1493,Directed,24047,,,1
G1062,G1502,Directed,24048,,,1
G1062,G1717,Directed,24049,,,1
G1063,G145,Directed,24050,,,1
G1063,G865,Directed,24051,,,1
G1063,G1062,Directed,24052,,,1
G1063,G1244,Directed,24053,,,1
G1063,G1418,Directed,24054,,,1
G1063,G1446,Directed,24055,,,1
G1064,G321,Directed,24056,,,1
G1064,G1010,Directed,24057,,,1
G1065,G105,Directed,24058,,,1
G1065,G284,Directed,24059,,,1
G1065,G285,Directed,24060,,,1
G1065,G319,Directed,24061,,,1
G1065,G329,Directed,24062,,,1
G1065,G331,Directed,24063,,,1
G1065,G343,Directed,24064,,,1
G1065,G344,Directed,24065,,,1
G1065,G1058,Directed,24066,,,1
G1065,G1059,Directed,24067,,,1
G1065,G1066,Directed,24068,,,1
G1065,G1099,Directed,24069,,,1
G1065,G1144,Directed,24070,,,1
G1065,G1672,Directed,24071,,,1
G1065,G2175,Directed,24072,,,1
G1066,G105,Directed,24073,,,1
G1066,G284,Directed,24074,,,1
G1066,G285,Directed,24075,,,1
G1066,G319,Directed,24076,,,1
G1066,G329,Directed,24077,,,1
G1066,G331,Directed,24078,,,1
G1066,G343,Directed,24079,,,1
G1066,G344,Directed,24080,,,1
G1066,G1058,Directed,24081,,,1
G1066,G1059,Directed,24082,,,1
G1066,G1065,Directed,24083,,,1
G1066,G1099,Directed,24084,,,1
G1066,G1144,Directed,24085,,,1
G1066,G1672,Directed,24086,,,1
G1067,G246,Directed,24087,,,1
G1067,G254,Directed,24088,,,1
G1067,G255,Directed,24089,,,1
G1067,G400,Directed,24090,,,1
G1067,G1034,Directed,24091,,,1
G1067,G1051,Directed,24092,,,1
G1067,G1126,Directed,24093,,,1
G1067,G1154,Directed,24094,,,1
G1067,G1155,Directed,24095,,,1
G1067,G1264,Directed,24096,,,1
G1067,G1265,Directed,24097,,,1
G1067,G1297,Directed,24098,,,1
G1067,G1454,Directed,24099,,,1
G1067,G1583,Directed,24100,,,1
G1067,G1657,Directed,24101,,,1
G1067,G1705,Directed,24102,,,1
G1068,G273,Directed,24103,,,1
G1068,G274,Directed,24104,,,1
G1068,G312,Directed,24105,,,1
G1068,G1072,Directed,24106,,,1
G1068,G1141,Directed,24107,,,1
G1068,G1327,Directed,24108,,,1
G1068,G1361,Directed,24109,,,1
G1069,G304,Directed,24110,,,1
G1069,G1070,Directed,24111,,,1
G1070,G1069,Directed,24112,,,1
G1071,G369,Directed,24113,,,1
G1071,G400,Directed,24114,,,1
G1071,G978,Directed,24115,,,1
G1071,G979,Directed,24116,,,1
G1071,G1013,Directed,24117,,,1
G1071,G1026,Directed,24118,,,1
G1071,G1028,Directed,24119,,,1
G1071,G1529,Directed,24120,,,1
G1071,G1530,Directed,24121,,,1
G1071,G1761,Directed,24122,,,1
G1071,G2284,Directed,24123,,,1
G1072,G62,Directed,24124,,,1
G1072,G63,Directed,24125,,,1
G1072,G273,Directed,24126,,,1
G1072,G274,Directed,24127,,,1
G1072,G312,Directed,24128,,,1
G1072,G1068,Directed,24129,,,1
G1072,G1087,Directed,24130,,,1
G1072,G1141,Directed,24131,,,1
G1072,G1327,Directed,24132,,,1
G1072,G1361,Directed,24133,,,1
G1072,G1393,Directed,24134,,,1
G1072,G1476,Directed,24135,,,1
G1072,G1712,Directed,24136,,,1
G1072,G1740,Directed,24137,,,1
G1073,G68,Directed,24138,,,1
G1073,G91,Directed,24139,,,1
G1073,G112,Directed,24140,,,1
G1073,G175,Directed,24141,,,1
G1073,G176,Directed,24142,,,1
G1073,G177,Directed,24143,,,1
G1073,G180,Directed,24144,,,1
G1073,G183,Directed,24145,,,1
G1073,G186,Directed,24146,,,1
G1073,G190,Directed,24147,,,1
G1073,G191,Directed,24148,,,1
G1073,G192,Directed,24149,,,1
G1073,G195,Directed,24150,,,1
G1073,G204,Directed,24151,,,1
G1073,G205,Directed,24152,,,1
G1073,G206,Directed,24153,,,1
G1073,G207,Directed,24154,,,1
G1073,G223,Directed,24155,,,1
G1073,G275,Directed,24156,,,1
G1073,G518,Directed,24157,,,1
G1073,G863,Directed,24158,,,1
G1073,G918,Directed,24159,,,1
G1073,G923,Directed,24160,,,1
G1073,G924,Directed,24161,,,1
G1073,G932,Directed,24162,,,1
G1073,G933,Directed,24163,,,1
G1073,G936,Directed,24164,,,1
G1073,G937,Directed,24165,,,1
G1073,G949,Directed,24166,,,1
G1073,G967,Directed,24167,,,1
G1073,G1101,Directed,24168,,,1
G1074,G982,Directed,24169,,,1
G1075,G436,Directed,24170,,,1
G1076,G318,Directed,24171,,,1
G1076,G321,Directed,24172,,,1
G1077,G233,Directed,24173,,,1
G1077,G244,Directed,24174,,,1
G1077,G832,Directed,24175,,,1
G1077,G1538,Directed,24176,,,1
G1077,G1733,Directed,24177,,,1
G1078,G1079,Directed,24178,,,1
G1078,G1350,Directed,24179,,,1
G1079,G916,Directed,24180,,,1
G1079,G1078,Directed,24181,,,1
G1079,G1171,Directed,24182,,,1
G1079,G1207,Directed,24183,,,1
G1079,G1324,Directed,24184,,,1
G1080,G321,Directed,24185,,,1
G1080,G379,Directed,24186,,,1
G1080,G1081,Directed,24187,,,1
G1081,G1080,Directed,24188,,,1
G1082,G6,Directed,24189,,,1
G1082,G117,Directed,24190,,,1
G1082,G239,Directed,24191,,,1
G1082,G292,Directed,24192,,,1
G1082,G313,Directed,24193,,,1
G1082,G339,Directed,24194,,,1
G1082,G350,Directed,24195,,,1
G1082,G469,Directed,24196,,,1
G1082,G496,Directed,24197,,,1
G1082,G688,Directed,24198,,,1
G1082,G731,Directed,24199,,,1
G1082,G1035,Directed,24200,,,1
G1082,G1110,Directed,24201,,,1
G1082,G1124,Directed,24202,,,1
G1082,G1301,Directed,24203,,,1
G1082,G1309,Directed,24204,,,1
G1082,G1447,Directed,24205,,,1
G1083,G418,Directed,24206,,,1
G1083,G1084,Directed,24207,,,1
G1083,G1970,Directed,24208,,,1
G1084,G418,Directed,24209,,,1
G1084,G1083,Directed,24210,,,1
G1084,G1093,Directed,24211,,,1
G1084,G1097,Directed,24212,,,1
G1084,G1098,Directed,24213,,,1
G1084,G1970,Directed,24214,,,1
G1084,G1996,Directed,24215,,,1
G1084,G2012,Directed,24216,,,1
G1085,G20,Directed,24217,,,1
G1085,G562,Directed,24218,,,1
G1085,G920,Directed,24219,,,1
G1085,G1086,Directed,24220,,,1
G1085,G1573,Directed,24221,,,1
G1086,G1085,Directed,24222,,,1
G1086,G1556,Directed,24223,,,1
G1087,G431,Directed,24224,,,1
G1087,G899,Directed,24225,,,1
G1087,G1072,Directed,24226,,,1
G1087,G1668,Directed,24227,,,1
G1087,G1713,Directed,24228,,,1
G1087,G1806,Directed,24229,,,1
G1087,G1828,Directed,24230,,,1
G1087,G1855,Directed,24231,,,1
G1087,G1998,Directed,24232,,,1
G1088,G430,Directed,24233,,,1
G1088,G431,Directed,24234,,,1
G1088,G1278,Directed,24235,,,1
G1089,G30,Directed,24236,,,1
G1089,G318,Directed,24237,,,1
G1089,G321,Directed,24238,,,1
G1090,G170,Directed,24239,,,1
G1090,G171,Directed,24240,,,1
G1090,G500,Directed,24241,,,1
G1090,G1091,Directed,24242,,,1
G1090,G1131,Directed,24243,,,1
G1090,G1147,Directed,24244,,,1
G1090,G1496,Directed,24245,,,1
G1090,G1652,Directed,24246,,,1
G1090,G1702,Directed,24247,,,1
G1090,G1704,Directed,24248,,,1
G1090,G1764,Directed,24249,,,1
G1090,G1830,Directed,24250,,,1
G1090,G1857,Directed,24251,,,1
G1090,G1888,Directed,24252,,,1
G1091,G537,Directed,24253,,,1
G1091,G1090,Directed,24254,,,1
G1091,G1260,Directed,24255,,,1
G1091,G1292,Directed,24256,,,1
G1091,G1302,Directed,24257,,,1
G1091,G1316,Directed,24258,,,1
G1091,G1496,Directed,24259,,,1
G1091,G1704,Directed,24260,,,1
G1091,G1764,Directed,24261,,,1
G1092,G346,Directed,24262,,,1
G1092,G380,Directed,24263,,,1
G1092,G1746,Directed,24264,,,1
G1093,G418,Directed,24265,,,1
G1093,G1084,Directed,24266,,,1
G1093,G1970,Directed,24267,,,1
G1094,G321,Directed,24268,,,1
G1094,G430,Directed,24269,,,1
G1094,G431,Directed,24270,,,1
G1094,G1278,Directed,24271,,,1
G1095,G430,Directed,24272,,,1
G1095,G431,Directed,24273,,,1
G1095,G1278,Directed,24274,,,1
G1096,G54,Directed,24275,,,1
G1096,G600,Directed,24276,,,1
G1096,G2270,Directed,24277,,,1
G1097,G418,Directed,24278,,,1
G1097,G1084,Directed,24279,,,1
G1097,G1970,Directed,24280,,,1
G1098,G418,Directed,24281,,,1
G1098,G1084,Directed,24282,,,1
G1098,G1970,Directed,24283,,,1
G1099,G105,Directed,24284,,,1
G1099,G284,Directed,24285,,,1
G1099,G285,Directed,24286,,,1
G1099,G319,Directed,24287,,,1
G1099,G329,Directed,24288,,,1
G1099,G331,Directed,24289,,,1
G1099,G343,Directed,24290,,,1
G1099,G344,Directed,24291,,,1
G1099,G1058,Directed,24292,,,1
G1099,G1059,Directed,24293,,,1
G1099,G1065,Directed,24294,,,1
G1099,G1066,Directed,24295,,,1
G1099,G1144,Directed,24296,,,1
G1099,G1672,Directed,24297,,,1
G1100,G982,Directed,24298,,,1
G1100,G1062,Directed,24299,,,1
G1100,G1415,Directed,24300,,,1
G1100,G1446,Directed,24301,,,1
G1100,G1538,Directed,24302,,,1
G1100,G1627,Directed,24303,,,1
G1101,G28,Directed,24304,,,1
G1101,G29,Directed,24305,,,1
G1101,G41,Directed,24306,,,1
G1101,G42,Directed,24307,,,1
G1101,G45,Directed,24308,,,1
G1101,G46,Directed,24309,,,1
G1101,G68,Directed,24310,,,1
G1101,G69,Directed,24311,,,1
G1101,G80,Directed,24312,,,1
G1101,G91,Directed,24313,,,1
G1101,G112,Directed,24314,,,1
G1101,G113,Directed,24315,,,1
G1101,G156,Directed,24316,,,1
G1101,G175,Directed,24317,,,1
G1101,G176,Directed,24318,,,1
G1101,G177,Directed,24319,,,1
G1101,G178,Directed,24320,,,1
G1101,G179,Directed,24321,,,1
G1101,G180,Directed,24322,,,1
G1101,G181,Directed,24323,,,1
G1101,G182,Directed,24324,,,1
G1101,G183,Directed,24325,,,1
G1101,G184,Directed,24326,,,1
G1101,G185,Directed,24327,,,1
G1101,G186,Directed,24328,,,1
G1101,G187,Directed,24329,,,1
G1101,G189,Directed,24330,,,1
G1101,G190,Directed,24331,,,1
G1101,G191,Directed,24332,,,1
G1101,G192,Directed,24333,,,1
G1101,G195,Directed,24334,,,1
G1101,G198,Directed,24335,,,1
G1101,G199,Directed,24336,,,1
G1101,G204,Directed,24337,,,1
G1101,G205,Directed,24338,,,1
G1101,G206,Directed,24339,,,1
G1101,G207,Directed,24340,,,1
G1101,G210,Directed,24341,,,1
G1101,G213,Directed,24342,,,1
G1101,G223,Directed,24343,,,1
G1101,G235,Directed,24344,,,1
G1101,G258,Directed,24345,,,1
G1101,G273,Directed,24346,,,1
G1101,G422,Directed,24347,,,1
G1101,G423,Directed,24348,,,1
G1101,G518,Directed,24349,,,1
G1101,G521,Directed,24350,,,1
G1101,G535,Directed,24351,,,1
G1101,G749,Directed,24352,,,1
G1101,G864,Directed,24353,,,1
G1101,G912,Directed,24354,,,1
G1101,G913,Directed,24355,,,1
G1101,G914,Directed,24356,,,1
G1101,G917,Directed,24357,,,1
G1101,G923,Directed,24358,,,1
G1101,G924,Directed,24359,,,1
G1101,G925,Directed,24360,,,1
G1101,G926,Directed,24361,,,1
G1101,G927,Directed,24362,,,1
G1101,G928,Directed,24363,,,1
G1101,G932,Directed,24364,,,1
G1101,G933,Directed,24365,,,1
G1101,G934,Directed,24366,,,1
G1101,G935,Directed,24367,,,1
G1101,G936,Directed,24368,,,1
G1101,G937,Directed,24369,,,1
G1101,G938,Directed,24370,,,1
G1101,G939,Directed,24371,,,1
G1101,G940,Directed,24372,,,1
G1101,G941,Directed,24373,,,1
G1101,G942,Directed,24374,,,1
G1101,G943,Directed,24375,,,1
G1101,G944,Directed,24376,,,1
G1101,G949,Directed,24377,,,1
G1101,G953,Directed,24378,,,1
G1101,G954,Directed,24379,,,1
G1101,G955,Directed,24380,,,1
G1101,G958,Directed,24381,,,1
G1101,G959,Directed,24382,,,1
G1101,G960,Directed,24383,,,1
G1101,G962,Directed,24384,,,1
G1101,G963,Directed,24385,,,1
G1101,G964,Directed,24386,,,1
G1101,G966,Directed,24387,,,1
G1101,G967,Directed,24388,,,1
G1101,G977,Directed,24389,,,1
G1101,G1060,Directed,24390,,,1
G1101,G1073,Directed,24391,,,1
G1101,G1104,Directed,24392,,,1
G1101,G1114,Directed,24393,,,1
G1101,G1121,Directed,24394,,,1
G1101,G1122,Directed,24395,,,1
G1101,G1235,Directed,24396,,,1
G1101,G1242,Directed,24397,,,1
G1101,G1254,Directed,24398,,,1
G1101,G1261,Directed,24399,,,1
G1101,G1273,Directed,24400,,,1
G1101,G1305,Directed,24401,,,1
G1101,G1356,Directed,24402,,,1
G1101,G1537,Directed,24403,,,1
G1101,G1540,Directed,24404,,,1
G1101,G1624,Directed,24405,,,1
G1101,G1782,Directed,24406,,,1
G1101,G1895,Directed,24407,,,1
G1101,G1922,Directed,24408,,,1
G1101,G2018,Directed,24409,,,1
G1101,G2044,Directed,24410,,,1
G1102,G277,Directed,24411,,,1
G1102,G278,Directed,24412,,,1
G1102,G301,Directed,24413,,,1
G1102,G995,Directed,24414,,,1
G1102,G996,Directed,24415,,,1
G1102,G1704,Directed,24416,,,1
G1102,G1764,Directed,24417,,,1
G1102,G1906,Directed,24418,,,1
G1102,G1956,Directed,24419,,,1
G1102,G2031,Directed,24420,,,1
G1103,G103,Directed,24421,,,1
G1103,G104,Directed,24422,,,1
G1104,G2,Directed,24423,,,1
G1104,G29,Directed,24424,,,1
G1104,G67,Directed,24425,,,1
G1104,G99,Directed,24426,,,1
G1104,G101,Directed,24427,,,1
G1104,G131,Directed,24428,,,1
G1104,G155,Directed,24429,,,1
G1104,G156,Directed,24430,,,1
G1104,G176,Directed,24431,,,1
G1104,G192,Directed,24432,,,1
G1104,G199,Directed,24433,,,1
G1104,G206,Directed,24434,,,1
G1104,G223,Directed,24435,,,1
G1104,G296,Directed,24436,,,1
G1104,G309,Directed,24437,,,1
G1104,G322,Directed,24438,,,1
G1104,G342,Directed,24439,,,1
G1104,G373,Directed,24440,,,1
G1104,G384,Directed,24441,,,1
G1104,G386,Directed,24442,,,1
G1104,G393,Directed,24443,,,1
G1104,G402,Directed,24444,,,1
G1104,G468,Directed,24445,,,1
G1104,G478,Directed,24446,,,1
G1104,G534,Directed,24447,,,1
G1104,G663,Directed,24448,,,1
G1104,G680,Directed,24449,,,1
G1104,G862,Directed,24450,,,1
G1104,G933,Directed,24451,,,1
G1104,G1101,Directed,24452,,,1
G1104,G1494,Directed,24453,,,1
G1104,G1495,Directed,24454,,,1
G1104,G1554,Directed,24455,,,1
G1104,G1561,Directed,24456,,,1
G1104,G1872,Directed,24457,,,1
G1105,G1056,Directed,24458,,,1
G1106,G458,Directed,24459,,,1
G1106,G459,Directed,24460,,,1
G1106,G557,Directed,24461,,,1
G1106,G1153,Directed,24462,,,1
G1106,G1374,Directed,24463,,,1
G1106,G1390,Directed,24464,,,1
G1107,G1108,Directed,24465,,,1
G1107,G1415,Directed,24466,,,1
G1107,G1491,Directed,24467,,,1
G1108,G1107,Directed,24468,,,1
G1108,G1325,Directed,24469,,,1
G1108,G1415,Directed,24470,,,1
G1108,G1491,Directed,24471,,,1
G1109,G11,Directed,24472,,,1
G1109,G13,Directed,24473,,,1
G1109,G14,Directed,24474,,,1
G1109,G27,Directed,24475,,,1
G1109,G54,Directed,24476,,,1
G1109,G55,Directed,24477,,,1
G1109,G56,Directed,24478,,,1
G1109,G57,Directed,24479,,,1
G1109,G59,Directed,24480,,,1
G1109,G242,Directed,24481,,,1
G1109,G264,Directed,24482,,,1
G1109,G268,Directed,24483,,,1
G1109,G281,Directed,24484,,,1
G1109,G310,Directed,24485,,,1
G1109,G314,Directed,24486,,,1
G1109,G379,Directed,24487,,,1
G1109,G461,Directed,24488,,,1
G1110,G5,Directed,24489,,,1
G1110,G6,Directed,24490,,,1
G1110,G98,Directed,24491,,,1
G1110,G109,Directed,24492,,,1
G1110,G110,Directed,24493,,,1
G1110,G117,Directed,24494,,,1
G1110,G118,Directed,24495,,,1
G1110,G238,Directed,24496,,,1
G1110,G239,Directed,24497,,,1
G1110,G262,Directed,24498,,,1
G1110,G270,Directed,24499,,,1
G1110,G271,Directed,24500,,,1
G1110,G292,Directed,24501,,,1
G1110,G313,Directed,24502,,,1
G1110,G339,Directed,24503,,,1
G1110,G349,Directed,24504,,,1
G1110,G350,Directed,24505,,,1
G1110,G420,Directed,24506,,,1
G1110,G465,Directed,24507,,,1
G1110,G469,Directed,24508,,,1
G1110,G496,Directed,24509,,,1
G1110,G507,Directed,24510,,,1
G1110,G544,Directed,24511,,,1
G1110,G635,Directed,24512,,,1
G1110,G637,Directed,24513,,,1
G1110,G688,Directed,24514,,,1
G1110,G734,Directed,24515,,,1
G1110,G1082,Directed,24516,,,1
G1110,G1124,Directed,24517,,,1
G1110,G1125,Directed,24518,,,1
G1110,G1168,Directed,24519,,,1
G1110,G1213,Directed,24520,,,1
G1110,G1238,Directed,24521,,,1
G1110,G1301,Directed,24522,,,1
G1110,G1309,Directed,24523,,,1
G1110,G1353,Directed,24524,,,1
G1110,G1447,Directed,24525,,,1
G1110,G1518,Directed,24526,,,1
G1110,G1531,Directed,24527,,,1
G1110,G1577,Directed,24528,,,1
G1110,G1582,Directed,24529,,,1
G1110,G1693,Directed,24530,,,1
G1111,G1112,Directed,24531,,,1
G1111,G1113,Directed,24532,,,1
G1111,G1203,Directed,24533,,,1
G1111,G1260,Directed,24534,,,1
G1111,G1291,Directed,24535,,,1
G1111,G1292,Directed,24536,,,1
G1111,G1302,Directed,24537,,,1
G1111,G1316,Directed,24538,,,1
G1111,G1335,Directed,24539,,,1
G1111,G1360,Directed,24540,,,1
G1111,G1678,Directed,24541,,,1
G1111,G1679,Directed,24542,,,1
G1111,G1804,Directed,24543,,,1
G1111,G1847,Directed,24544,,,1
G1112,G1111,Directed,24545,,,1
G1112,G1113,Directed,24546,,,1
G1112,G1260,Directed,24547,,,1
G1112,G1291,Directed,24548,,,1
G1112,G1292,Directed,24549,,,1
G1112,G1302,Directed,24550,,,1
G1112,G1316,Directed,24551,,,1
G1112,G1335,Directed,24552,,,1
G1112,G1360,Directed,24553,,,1
G1112,G1678,Directed,24554,,,1
G1112,G1679,Directed,24555,,,1
G1112,G1804,Directed,24556,,,1
G1112,G1847,Directed,24557,,,1
G1113,G1111,Directed,24558,,,1
G1113,G1112,Directed,24559,,,1
G1113,G1203,Directed,24560,,,1
G1113,G1260,Directed,24561,,,1
G1113,G1291,Directed,24562,,,1
G1113,G1292,Directed,24563,,,1
G1113,G1302,Directed,24564,,,1
G1113,G1316,Directed,24565,,,1
G1113,G1335,Directed,24566,,,1
G1113,G1360,Directed,24567,,,1
G1113,G1678,Directed,24568,,,1
G1113,G1679,Directed,24569,,,1
G1113,G1804,Directed,24570,,,1
G1113,G1847,Directed,24571,,,1
G1114,G29,Directed,24572,,,1
G1114,G67,Directed,24573,,,1
G1114,G176,Directed,24574,,,1
G1114,G192,Directed,24575,,,1
G1114,G199,Directed,24576,,,1
G1114,G206,Directed,24577,,,1
G1114,G223,Directed,24578,,,1
G1114,G322,Directed,24579,,,1
G1114,G933,Directed,24580,,,1
G1114,G1101,Directed,24581,,,1
G1114,G1494,Directed,24582,,,1
G1114,G1495,Directed,24583,,,1
G1114,G1872,Directed,24584,,,1
G1115,G548,Directed,24585,,,1
G1115,G689,Directed,24586,,,1
G1116,G257,Directed,24587,,,1
G1116,G775,Directed,24588,,,1
G1117,G596,Directed,24589,,,1
G1117,G730,Directed,24590,,,1
G1117,G1008,Directed,24591,,,1
G1117,G1009,Directed,24592,,,1
G1117,G1118,Directed,24593,,,1
G1117,G1161,Directed,24594,,,1
G1117,G1194,Directed,24595,,,1
G1117,G1827,Directed,24596,,,1
G1118,G178,Directed,24597,,,1
G1118,G179,Directed,24598,,,1
G1118,G206,Directed,24599,,,1
G1118,G235,Directed,24600,,,1
G1118,G288,Directed,24601,,,1
G1118,G342,Directed,24602,,,1
G1118,G596,Directed,24603,,,1
G1118,G645,Directed,24604,,,1
G1118,G730,Directed,24605,,,1
G1118,G1008,Directed,24606,,,1
G1118,G1009,Directed,24607,,,1
G1118,G1117,Directed,24608,,,1
G1118,G1194,Directed,24609,,,1
G1118,G1256,Directed,24610,,,1
G1118,G1399,Directed,24611,,,1
G1118,G1426,Directed,24612,,,1
G1118,G1449,Directed,24613,,,1
G1118,G1524,Directed,24614,,,1
G1118,G1628,Directed,24615,,,1
G1118,G1669,Directed,24616,,,1
G1119,G194,Directed,24617,,,1
G1119,G323,Directed,24618,,,1
G1119,G324,Directed,24619,,,1
G1119,G531,Directed,24620,,,1
G1119,G1221,Directed,24621,,,1
G1120,G226,Directed,24622,,,1
G1120,G318,Directed,24623,,,1
G1121,G29,Directed,24624,,,1
G1121,G67,Directed,24625,,,1
G1121,G113,Directed,24626,,,1
G1121,G176,Directed,24627,,,1
G1121,G192,Directed,24628,,,1
G1121,G199,Directed,24629,,,1
G1121,G205,Directed,24630,,,1
G1121,G206,Directed,24631,,,1
G1121,G210,Directed,24632,,,1
G1121,G223,Directed,24633,,,1
G1121,G275,Directed,24634,,,1
G1121,G322,Directed,24635,,,1
G1121,G432,Directed,24636,,,1
G1121,G492,Directed,24637,,,1
G1121,G516,Directed,24638,,,1
G1121,G892,Directed,24639,,,1
G1121,G933,Directed,24640,,,1
G1121,G1101,Directed,24641,,,1
G1121,G1494,Directed,24642,,,1
G1121,G1495,Directed,24643,,,1
G1121,G1674,Directed,24644,,,1
G1121,G1706,Directed,24645,,,1
G1121,G1708,Directed,24646,,,1
G1121,G1772,Directed,24647,,,1
G1121,G1774,Directed,24648,,,1
G1121,G1872,Directed,24649,,,1
G1122,G29,Directed,24650,,,1
G1122,G67,Directed,24651,,,1
G1122,G176,Directed,24652,,,1
G1122,G192,Directed,24653,,,1
G1122,G199,Directed,24654,,,1
G1122,G206,Directed,24655,,,1
G1122,G223,Directed,24656,,,1
G1122,G322,Directed,24657,,,1
G1122,G933,Directed,24658,,,1
G1122,G1101,Directed,24659,,,1
G1122,G1494,Directed,24660,,,1
G1122,G1495,Directed,24661,,,1
G1122,G1872,Directed,24662,,,1
G1123,G318,Directed,24663,,,1
G1123,G320,Directed,24664,,,1
G1123,G321,Directed,24665,,,1
G1123,G1010,Directed,24666,,,1
G1123,G1298,Directed,24667,,,1
G1123,G1337,Directed,24668,,,1
G1123,G1506,Directed,24669,,,1
G1123,G1970,Directed,24670,,,1
G1124,G5,Directed,24671,,,1
G1124,G6,Directed,24672,,,1
G1124,G109,Directed,24673,,,1
G1124,G110,Directed,24674,,,1
G1124,G117,Directed,24675,,,1
G1124,G118,Directed,24676,,,1
G1124,G238,Directed,24677,,,1
G1124,G239,Directed,24678,,,1
G1124,G262,Directed,24679,,,1
G1124,G270,Directed,24680,,,1
G1124,G271,Directed,24681,,,1
G1124,G292,Directed,24682,,,1
G1124,G313,Directed,24683,,,1
G1124,G339,Directed,24684,,,1
G1124,G349,Directed,24685,,,1
G1124,G350,Directed,24686,,,1
G1124,G469,Directed,24687,,,1
G1124,G496,Directed,24688,,,1
G1124,G507,Directed,24689,,,1
G1124,G635,Directed,24690,,,1
G1124,G637,Directed,24691,,,1
G1124,G688,Directed,24692,,,1
G1124,G1082,Directed,24693,,,1
G1124,G1110,Directed,24694,,,1
G1124,G1125,Directed,24695,,,1
G1124,G1168,Directed,24696,,,1
G1124,G1213,Directed,24697,,,1
G1124,G1238,Directed,24698,,,1
G1124,G1301,Directed,24699,,,1
G1124,G1309,Directed,24700,,,1
G1124,G1447,Directed,24701,,,1
G1124,G1531,Directed,24702,,,1
G1124,G1577,Directed,24703,,,1
G1124,G1582,Directed,24704,,,1
G1125,G6,Directed,24705,,,1
G1125,G109,Directed,24706,,,1
G1125,G110,Directed,24707,,,1
G1125,G117,Directed,24708,,,1
G1125,G239,Directed,24709,,,1
G1125,G270,Directed,24710,,,1
G1125,G271,Directed,24711,,,1
G1125,G292,Directed,24712,,,1
G1125,G313,Directed,24713,,,1
G1125,G339,Directed,24714,,,1
G1125,G350,Directed,24715,,,1
G1125,G469,Directed,24716,,,1
G1125,G496,Directed,24717,,,1
G1125,G637,Directed,24718,,,1
G1125,G688,Directed,24719,,,1
G1125,G1110,Directed,24720,,,1
G1125,G1124,Directed,24721,,,1
G1125,G1168,Directed,24722,,,1
G1125,G1301,Directed,24723,,,1
G1125,G1309,Directed,24724,,,1
G1125,G1447,Directed,24725,,,1
G1125,G1531,Directed,24726,,,1
G1126,G67,Directed,24727,,,1
G1126,G254,Directed,24728,,,1
G1126,G255,Directed,24729,,,1
G1126,G267,Directed,24730,,,1
G1126,G682,Directed,24731,,,1
G1126,G802,Directed,24732,,,1
G1126,G1034,Directed,24733,,,1
G1126,G1051,Directed,24734,,,1
G1126,G1067,Directed,24735,,,1
G1126,G1161,Directed,24736,,,1
G1126,G1162,Directed,24737,,,1
G1126,G1164,Directed,24738,,,1
G1126,G1478,Directed,24739,,,1
G1126,G1479,Directed,24740,,,1
G1126,G1480,Directed,24741,,,1
G1126,G1481,Directed,24742,,,1
G1126,G1677,Directed,24743,,,1
G1127,G321,Directed,24744,,,1
G1127,G641,Directed,24745,,,1
G1127,G1179,Directed,24746,,,1
G1127,G1230,Directed,24747,,,1
G1128,G157,Directed,24748,,,1
G1128,G407,Directed,24749,,,1
G1128,G675,Directed,24750,,,1
G1128,G1129,Directed,24751,,,1
G1128,G1176,Directed,24752,,,1
G1128,G1246,Directed,24753,,,1
G1128,G1247,Directed,24754,,,1
G1128,G1248,Directed,24755,,,1
G1128,G1267,Directed,24756,,,1
G1129,G157,Directed,24757,,,1
G1129,G407,Directed,24758,,,1
G1129,G675,Directed,24759,,,1
G1129,G1128,Directed,24760,,,1
G1129,G1176,Directed,24761,,,1
G1129,G1246,Directed,24762,,,1
G1129,G1247,Directed,24763,,,1
G1129,G1248,Directed,24764,,,1
G1129,G1267,Directed,24765,,,1
G1130,G77,Directed,24766,,,1
G1130,G754,Directed,24767,,,1
G1130,G788,Directed,24768,,,1
G1131,G537,Directed,24769,,,1
G1131,G645,Directed,24770,,,1
G1131,G761,Directed,24771,,,1
G1131,G1056,Directed,24772,,,1
G1131,G1090,Directed,24773,,,1
G1131,G1177,Directed,24774,,,1
G1131,G1588,Directed,24775,,,1
G1132,G1133,Directed,24776,,,1
G1132,G1139,Directed,24777,,,1
G1132,G1140,Directed,24778,,,1
G1133,G1132,Directed,24779,,,1
G1133,G1139,Directed,24780,,,1
G1134,G1135,Directed,24781,,,1
G1134,G1473,Directed,24782,,,1
G1135,G548,Directed,24783,,,1
G1135,G1134,Directed,24784,,,1
G1136,G151,Directed,24785,,,1
G1136,G152,Directed,24786,,,1
G1136,G424,Directed,24787,,,1
G1136,G906,Directed,24788,,,1
G1136,G991,Directed,24789,,,1
G1136,G1336,Directed,24790,,,1
G1136,G1354,Directed,24791,,,1
G1137,G894,Directed,24792,,,1
G1138,G7,Directed,24793,,,1
G1138,G8,Directed,24794,,,1
G1138,G244,Directed,24795,,,1
G1138,G269,Directed,24796,,,1
G1138,G307,Directed,24797,,,1
G1138,G311,Directed,24798,,,1
G1139,G1132,Directed,24799,,,1
G1139,G1133,Directed,24800,,,1
G1139,G1140,Directed,24801,,,1
G1139,G1431,Directed,24802,,,1
G1140,G209,Directed,24803,,,1
G1140,G1132,Directed,24804,,,1
G1140,G1139,Directed,24805,,,1
G1141,G273,Directed,24806,,,1
G1141,G274,Directed,24807,,,1
G1141,G312,Directed,24808,,,1
G1141,G1068,Directed,24809,,,1
G1141,G1072,Directed,24810,,,1
G1141,G1327,Directed,24811,,,1
G1141,G1361,Directed,24812,,,1
G1142,G1004,Directed,24813,,,1
G1143,G256,Directed,24814,,,1
G1143,G2084,Directed,24815,,,1
G1144,G105,Directed,24816,,,1
G1144,G284,Directed,24817,,,1
G1144,G285,Directed,24818,,,1
G1144,G319,Directed,24819,,,1
G1144,G329,Directed,24820,,,1
G1144,G331,Directed,24821,,,1
G1144,G343,Directed,24822,,,1
G1144,G344,Directed,24823,,,1
G1144,G1058,Directed,24824,,,1
G1144,G1059,Directed,24825,,,1
G1144,G1065,Directed,24826,,,1
G1144,G1066,Directed,24827,,,1
G1144,G1099,Directed,24828,,,1
G1144,G1672,Directed,24829,,,1
G1145,G433,Directed,24830,,,1
G1145,G1146,Directed,24831,,,1
G1145,G2084,Directed,24832,,,1
G1145,G2167,Directed,24833,,,1
G1146,G1145,Directed,24834,,,1
G1146,G1172,Directed,24835,,,1
G1146,G2084,Directed,24836,,,1
G1146,G2167,Directed,24837,,,1
G1147,G144,Directed,24838,,,1
G1147,G414,Directed,24839,,,1
G1147,G537,Directed,24840,,,1
G1147,G1038,Directed,24841,,,1
G1147,G1090,Directed,24842,,,1
G1147,G1427,Directed,24843,,,1
G1147,G1460,Directed,24844,,,1
G1148,G219,Directed,24845,,,1
G1148,G220,Directed,24846,,,1
G1148,G259,Directed,24847,,,1
G1148,G424,Directed,24848,,,1
G1148,G433,Directed,24849,,,1
G1148,G594,Directed,24850,,,1
G1148,G991,Directed,24851,,,1
G1148,G998,Directed,24852,,,1
G1148,G1017,Directed,24853,,,1
G1148,G1031,Directed,24854,,,1
G1148,G1312,Directed,24855,,,1
G1148,G1929,Directed,24856,,,1
G1148,G1975,Directed,24857,,,1
G1148,G1992,Directed,24858,,,1
G1148,G2028,Directed,24859,,,1
G1149,G450,Directed,24860,,,1
G1150,G219,Directed,24861,,,1
G1150,G220,Directed,24862,,,1
G1150,G226,Directed,24863,,,1
G1150,G259,Directed,24864,,,1
G1150,G424,Directed,24865,,,1
G1150,G594,Directed,24866,,,1
G1150,G991,Directed,24867,,,1
G1150,G998,Directed,24868,,,1
G1150,G1017,Directed,24869,,,1
G1150,G1031,Directed,24870,,,1
G1150,G1312,Directed,24871,,,1
G1150,G1929,Directed,24872,,,1
G1150,G1975,Directed,24873,,,1
G1150,G1992,Directed,24874,,,1
G1150,G2028,Directed,24875,,,1
G1151,G566,Directed,24876,,,1
G1151,G1355,Directed,24877,,,1
G1152,G158,Directed,24878,,,1
G1152,G244,Directed,24879,,,1
G1152,G288,Directed,24880,,,1
G1152,G317,Directed,24881,,,1
G1152,G432,Directed,24882,,,1
G1152,G893,Directed,24883,,,1
G1152,G1157,Directed,24884,,,1
G1152,G1169,Directed,24885,,,1
G1152,G1276,Directed,24886,,,1
G1152,G1295,Directed,24887,,,1
G1152,G1346,Directed,24888,,,1
G1152,G1347,Directed,24889,,,1
G1152,G1364,Directed,24890,,,1
G1152,G1733,Directed,24891,,,1
G1152,G1900,Directed,24892,,,1
G1152,G1964,Directed,24893,,,1
G1152,G2046,Directed,24894,,,1
G1153,G458,Directed,24895,,,1
G1153,G459,Directed,24896,,,1
G1153,G557,Directed,24897,,,1
G1153,G1056,Directed,24898,,,1
G1153,G1106,Directed,24899,,,1
G1153,G1374,Directed,24900,,,1
G1153,G1390,Directed,24901,,,1
G1153,G1913,Directed,24902,,,1
G1154,G9,Directed,24903,,,1
G1154,G10,Directed,24904,,,1
G1154,G254,Directed,24905,,,1
G1154,G255,Directed,24906,,,1
G1154,G882,Directed,24907,,,1
G1154,G975,Directed,24908,,,1
G1154,G1034,Directed,24909,,,1
G1154,G1051,Directed,24910,,,1
G1154,G1067,Directed,24911,,,1
G1154,G1195,Directed,24912,,,1
G1154,G1222,Directed,24913,,,1
G1154,G1227,Directed,24914,,,1
G1154,G1264,Directed,24915,,,1
G1154,G1265,Directed,24916,,,1
G1154,G1297,Directed,24917,,,1
G1154,G1302,Directed,24918,,,1
G1154,G1335,Directed,24919,,,1
G1154,G1360,Directed,24920,,,1
G1154,G1454,Directed,24921,,,1
G1154,G1665,Directed,24922,,,1
G1155,G9,Directed,24923,,,1
G1155,G10,Directed,24924,,,1
G1155,G254,Directed,24925,,,1
G1155,G255,Directed,24926,,,1
G1155,G882,Directed,24927,,,1
G1155,G975,Directed,24928,,,1
G1155,G1034,Directed,24929,,,1
G1155,G1051,Directed,24930,,,1
G1155,G1067,Directed,24931,,,1
G1155,G1195,Directed,24932,,,1
G1155,G1222,Directed,24933,,,1
G1155,G1227,Directed,24934,,,1
G1155,G1264,Directed,24935,,,1
G1155,G1265,Directed,24936,,,1
G1155,G1297,Directed,24937,,,1
G1155,G1302,Directed,24938,,,1
G1155,G1335,Directed,24939,,,1
G1155,G1360,Directed,24940,,,1
G1155,G1454,Directed,24941,,,1
G1155,G1665,Directed,24942,,,1
G1156,G67,Directed,24943,,,1
G1156,G68,Directed,24944,,,1
G1156,G91,Directed,24945,,,1
G1156,G246,Directed,24946,,,1
G1156,G288,Directed,24947,,,1
G1156,G322,Directed,24948,,,1
G1156,G1042,Directed,24949,,,1
G1156,G1057,Directed,24950,,,1
G1156,G1157,Directed,24951,,,1
G1156,G1194,Directed,24952,,,1
G1156,G1253,Directed,24953,,,1
G1156,G1255,Directed,24954,,,1
G1156,G1262,Directed,24955,,,1
G1156,G1495,Directed,24956,,,1
G1156,G1588,Directed,24957,,,1
G1156,G1872,Directed,24958,,,1
G1157,G112,Directed,24959,,,1
G1157,G175,Directed,24960,,,1
G1157,G176,Directed,24961,,,1
G1157,G177,Directed,24962,,,1
G1157,G178,Directed,24963,,,1
G1157,G181,Directed,24964,,,1
G1157,G182,Directed,24965,,,1
G1157,G187,Directed,24966,,,1
G1157,G289,Directed,24967,,,1
G1157,G334,Directed,24968,,,1
G1157,G432,Directed,24969,,,1
G1157,G449,Directed,24970,,,1
G1157,G518,Directed,24971,,,1
G1157,G892,Directed,24972,,,1
G1157,G924,Directed,24973,,,1
G1157,G925,Directed,24974,,,1
G1157,G926,Directed,24975,,,1
G1157,G927,Directed,24976,,,1
G1157,G938,Directed,24977,,,1
G1157,G940,Directed,24978,,,1
G1157,G949,Directed,24979,,,1
G1157,G953,Directed,24980,,,1
G1157,G954,Directed,24981,,,1
G1157,G955,Directed,24982,,,1
G1157,G1152,Directed,24983,,,1
G1157,G1156,Directed,24984,,,1
G1157,G1163,Directed,24985,,,1
G1157,G1169,Directed,24986,,,1
G1157,G1241,Directed,24987,,,1
G1157,G1243,Directed,24988,,,1
G1157,G1245,Directed,24989,,,1
G1157,G1295,Directed,24990,,,1
G1157,G1894,Directed,24991,,,1
G1157,G1900,Directed,24992,,,1
G1157,G1977,Directed,24993,,,1
G1158,G121,Directed,24994,,,1
G1158,G866,Directed,24995,,,1
G1158,G1589,Directed,24996,,,1
G1158,G1881,Directed,24997,,,1
G1158,G2245,Directed,24998,,,1
G1159,G208,Directed,24999,,,1
G1159,G1005,Directed,25000,,,1
G1159,G1470,Directed,25001,,,1
G1160,G796,Directed,25002,,,1
G1160,G956,Directed,25003,,,1
G1160,G1194,Directed,25004,,,1
G1161,G67,Directed,25005,,,1
G1161,G211,Directed,25006,,,1
G1161,G212,Directed,25007,,,1
G1161,G221,Directed,25008,,,1
G1161,G222,Directed,25009,,,1
G1161,G267,Directed,25010,,,1
G1161,G448,Directed,25011,,,1
G1161,G516,Directed,25012,,,1
G1161,G562,Directed,25013,,,1
G1161,G920,Directed,25014,,,1
G1161,G993,Directed,25015,,,1
G1161,G1117,Directed,25016,,,1
G1161,G1126,Directed,25017,,,1
G1161,G1162,Directed,25018,,,1
G1161,G1164,Directed,25019,,,1
G1161,G1249,Directed,25020,,,1
G1161,G1302,Directed,25021,,,1
G1161,G1335,Directed,25022,,,1
G1161,G1360,Directed,25023,,,1
G1161,G1537,Directed,25024,,,1
G1161,G1540,Directed,25025,,,1
G1161,G1624,Directed,25026,,,1
G1161,G1677,Directed,25027,,,1
G1161,G1889,Directed,25028,,,1
G1162,G67,Directed,25029,,,1
G1162,G1126,Directed,25030,,,1
G1162,G1161,Directed,25031,,,1
G1162,G1677,Directed,25032,,,1
G1163,G67,Directed,25033,,,1
G1163,G68,Directed,25034,,,1
G1163,G91,Directed,25035,,,1
G1163,G246,Directed,25036,,,1
G1163,G288,Directed,25037,,,1
G1163,G322,Directed,25038,,,1
G1163,G1042,Directed,25039,,,1
G1163,G1057,Directed,25040,,,1
G1163,G1157,Directed,25041,,,1
G1163,G1194,Directed,25042,,,1
G1163,G1253,Directed,25043,,,1
G1163,G1255,Directed,25044,,,1
G1163,G1262,Directed,25045,,,1
G1163,G1495,Directed,25046,,,1
G1163,G1588,Directed,25047,,,1
G1163,G1872,Directed,25048,,,1
G1164,G67,Directed,25049,,,1
G1164,G1126,Directed,25050,,,1
G1164,G1161,Directed,25051,,,1
G1164,G1677,Directed,25052,,,1
G1165,G1166,Directed,25053,,,1
G1165,G1167,Directed,25054,,,1
G1165,G1175,Directed,25055,,,1
G1165,G1187,Directed,25056,,,1
G1165,G1320,Directed,25057,,,1
G1166,G1034,Directed,25058,,,1
G1166,G1165,Directed,25059,,,1
G1166,G1187,Directed,25060,,,1
G1166,G1320,Directed,25061,,,1
G1166,G1603,Directed,25062,,,1
G1167,G1034,Directed,25063,,,1
G1167,G1165,Directed,25064,,,1
G1167,G1187,Directed,25065,,,1
G1167,G1320,Directed,25066,,,1
G1167,G1603,Directed,25067,,,1
G1168,G25,Directed,25068,,,1
G1168,G270,Directed,25069,,,1
G1168,G271,Directed,25070,,,1
G1168,G349,Directed,25071,,,1
G1168,G350,Directed,25072,,,1
G1168,G359,Directed,25073,,,1
G1168,G401,Directed,25074,,,1
G1168,G635,Directed,25075,,,1
G1168,G637,Directed,25076,,,1
G1168,G688,Directed,25077,,,1
G1168,G1110,Directed,25078,,,1
G1168,G1124,Directed,25079,,,1
G1168,G1125,Directed,25080,,,1
G1168,G1238,Directed,25081,,,1
G1168,G1301,Directed,25082,,,1
G1168,G1353,Directed,25083,,,1
G1168,G1430,Directed,25084,,,1
G1168,G1518,Directed,25085,,,1
G1168,G1722,Directed,25086,,,1
G1169,G288,Directed,25087,,,1
G1169,G289,Directed,25088,,,1
G1169,G305,Directed,25089,,,1
G1169,G306,Directed,25090,,,1
G1169,G403,Directed,25091,,,1
G1169,G404,Directed,25092,,,1
G1169,G650,Directed,25093,,,1
G1169,G682,Directed,25094,,,1
G1169,G802,Directed,25095,,,1
G1169,G1152,Directed,25096,,,1
G1169,G1157,Directed,25097,,,1
G1169,G1295,Directed,25098,,,1
G1169,G1499,Directed,25099,,,1
G1169,G1578,Directed,25100,,,1
G1169,G1900,Directed,25101,,,1
G1169,G1926,Directed,25102,,,1
G1170,G698,Directed,25103,,,1
G1171,G1079,Directed,25104,,,1
G1171,G1172,Directed,25105,,,1
G1171,G1658,Directed,25106,,,1
G1172,G433,Directed,25107,,,1
G1172,G725,Directed,25108,,,1
G1172,G1045,Directed,25109,,,1
G1172,G1146,Directed,25110,,,1
G1172,G1171,Directed,25111,,,1
G1172,G1191,Directed,25112,,,1
G1172,G1311,Directed,25113,,,1
G1172,G2084,Directed,25114,,,1
G1172,G2167,Directed,25115,,,1
G1172,G2243,Directed,25116,,,1
G1172,G2244,Directed,25117,,,1
G1173,G244,Directed,25118,,,1
G1173,G502,Directed,25119,,,1
G1173,G629,Directed,25120,,,1
G1173,G1174,Directed,25121,,,1
G1173,G1245,Directed,25122,,,1
G1173,G1497,Directed,25123,,,1
G1173,G1656,Directed,25124,,,1
G1173,G1692,Directed,25125,,,1
G1173,G1711,Directed,25126,,,1
G1173,G1733,Directed,25127,,,1
G1174,G244,Directed,25128,,,1
G1174,G1173,Directed,25129,,,1
G1174,G1260,Directed,25130,,,1
G1174,G1292,Directed,25131,,,1
G1174,G1302,Directed,25132,,,1
G1174,G1316,Directed,25133,,,1
G1174,G1335,Directed,25134,,,1
G1174,G1360,Directed,25135,,,1
G1174,G1711,Directed,25136,,,1
G1174,G1733,Directed,25137,,,1
G1175,G1034,Directed,25138,,,1
G1175,G1165,Directed,25139,,,1
G1175,G1187,Directed,25140,,,1
G1175,G1320,Directed,25141,,,1
G1175,G1603,Directed,25142,,,1
G1176,G157,Directed,25143,,,1
G1176,G407,Directed,25144,,,1
G1176,G483,Directed,25145,,,1
G1176,G584,Directed,25146,,,1
G1176,G675,Directed,25147,,,1
G1176,G751,Directed,25148,,,1
G1176,G882,Directed,25149,,,1
G1176,G1128,Directed,25150,,,1
G1176,G1129,Directed,25151,,,1
G1176,G1246,Directed,25152,,,1
G1176,G1247,Directed,25153,,,1
G1176,G1248,Directed,25154,,,1
G1176,G1267,Directed,25155,,,1
G1176,G1822,Directed,25156,,,1
G1176,G1844,Directed,25157,,,1
G1177,G144,Directed,25158,,,1
G1177,G312,Directed,25159,,,1
G1177,G414,Directed,25160,,,1
G1177,G477,Directed,25161,,,1
G1177,G645,Directed,25162,,,1
G1177,G692,Directed,25163,,,1
G1177,G761,Directed,25164,,,1
G1177,G1131,Directed,25165,,,1
G1177,G1178,Directed,25166,,,1
G1177,G1700,Directed,25167,,,1
G1177,G1933,Directed,25168,,,1
G1177,G1934,Directed,25169,,,1
G1177,G1935,Directed,25170,,,1
G1178,G144,Directed,25171,,,1
G1178,G312,Directed,25172,,,1
G1178,G414,Directed,25173,,,1
G1178,G477,Directed,25174,,,1
G1178,G1177,Directed,25175,,,1
G1179,G815,Directed,25176,,,1
G1179,G1127,Directed,25177,,,1
G1180,G321,Directed,25178,,,1
G1180,G792,Directed,25179,,,1
G1180,G853,Directed,25180,,,1
G1180,G1304,Directed,25181,,,1
G1180,G1737,Directed,25182,,,1
G1180,G1765,Directed,25183,,,1
G1181,G906,Directed,25184,,,1
G1182,G317,Directed,25185,,,1
G1182,G326,Directed,25186,,,1
G1182,G364,Directed,25187,,,1
G1182,G1018,Directed,25188,,,1
G1182,G1019,Directed,25189,,,1
G1182,G1188,Directed,25190,,,1
G1182,G1275,Directed,25191,,,1
G1182,G1327,Directed,25192,,,1
G1182,G1361,Directed,25193,,,1
G1182,G1538,Directed,25194,,,1
G1182,G1543,Directed,25195,,,1
G1182,G1553,Directed,25196,,,1
G1182,G1610,Directed,25197,,,1
G1182,G1613,Directed,25198,,,1
G1182,G1623,Directed,25199,,,1
G1182,G1891,Directed,25200,,,1
G1183,G87,Directed,25201,,,1
G1183,G205,Directed,25202,,,1
G1183,G207,Directed,25203,,,1
G1183,G306,Directed,25204,,,1
G1183,G647,Directed,25205,,,1
G1183,G1276,Directed,25206,,,1
G1183,G1744,Directed,25207,,,1
G1183,G1906,Directed,25208,,,1
G1183,G1956,Directed,25209,,,1
G1183,G2031,Directed,25210,,,1
G1184,G531,Directed,25211,,,1
G1184,G1185,Directed,25212,,,1
G1184,G1206,Directed,25213,,,1
G1184,G1260,Directed,25214,,,1
G1184,G1292,Directed,25215,,,1
G1184,G1302,Directed,25216,,,1
G1184,G1316,Directed,25217,,,1
G1184,G2014,Directed,25218,,,1
G1184,G2020,Directed,25219,,,1
G1185,G531,Directed,25220,,,1
G1185,G567,Directed,25221,,,1
G1185,G1184,Directed,25222,,,1
G1185,G1206,Directed,25223,,,1
G1185,G1653,Directed,25224,,,1
G1185,G1831,Directed,25225,,,1
G1185,G1836,Directed,25226,,,1
G1185,G1883,Directed,25227,,,1
G1186,G217,Directed,25228,,,1
G1186,G329,Directed,25229,,,1
G1186,G763,Directed,25230,,,1
G1186,G773,Directed,25231,,,1
G1186,G1036,Directed,25232,,,1
G1186,G1513,Directed,25233,,,1
G1186,G1752,Directed,25234,,,1
G1187,G246,Directed,25235,,,1
G1187,G247,Directed,25236,,,1
G1187,G248,Directed,25237,,,1
G1187,G400,Directed,25238,,,1
G1187,G681,Directed,25239,,,1
G1187,G1165,Directed,25240,,,1
G1187,G1166,Directed,25241,,,1
G1187,G1167,Directed,25242,,,1
G1187,G1175,Directed,25243,,,1
G1187,G1320,Directed,25244,,,1
G1187,G1493,Directed,25245,,,1
G1187,G1717,Directed,25246,,,1
G1187,G1834,Directed,25247,,,1
G1188,G317,Directed,25248,,,1
G1188,G325,Directed,25249,,,1
G1188,G364,Directed,25250,,,1
G1188,G1182,Directed,25251,,,1
G1188,G1275,Directed,25252,,,1
G1188,G1327,Directed,25253,,,1
G1188,G1361,Directed,25254,,,1
G1188,G1538,Directed,25255,,,1
G1188,G1553,Directed,25256,,,1
G1188,G1613,Directed,25257,,,1
G1188,G1991,Directed,25258,,,1
G1189,G1190,Directed,25259,,,1
G1189,G2245,Directed,25260,,,1
G1190,G810,Directed,25261,,,1
G1190,G1189,Directed,25262,,,1
G1190,G2245,Directed,25263,,,1
G1191,G1172,Directed,25264,,,1
G1192,G9,Directed,25265,,,1
G1192,G10,Directed,25266,,,1
G1192,G246,Directed,25267,,,1
G1192,G247,Directed,25268,,,1
G1192,G248,Directed,25269,,,1
G1192,G254,Directed,25270,,,1
G1192,G400,Directed,25271,,,1
G1192,G447,Directed,25272,,,1
G1192,G448,Directed,25273,,,1
G1192,G473,Directed,25274,,,1
G1192,G474,Directed,25275,,,1
G1192,G516,Directed,25276,,,1
G1192,G560,Directed,25277,,,1
G1192,G702,Directed,25278,,,1
G1192,G975,Directed,25279,,,1
G1192,G1193,Directed,25280,,,1
G1192,G1202,Directed,25281,,,1
G1192,G1208,Directed,25282,,,1
G1192,G1215,Directed,25283,,,1
G1192,G1249,Directed,25284,,,1
G1192,G1289,Directed,25285,,,1
G1192,G1302,Directed,25286,,,1
G1192,G1317,Directed,25287,,,1
G1192,G1326,Directed,25288,,,1
G1192,G1329,Directed,25289,,,1
G1192,G1331,Directed,25290,,,1
G1192,G1335,Directed,25291,,,1
G1192,G1360,Directed,25292,,,1
G1192,G1396,Directed,25293,,,1
G1192,G1560,Directed,25294,,,1
G1192,G1607,Directed,25295,,,1
G1192,G1697,Directed,25296,,,1
G1192,G1705,Directed,25297,,,1
G1192,G1906,Directed,25298,,,1
G1192,G1916,Directed,25299,,,1
G1192,G1927,Directed,25300,,,1
G1192,G1930,Directed,25301,,,1
G1192,G1952,Directed,25302,,,1
G1192,G1956,Directed,25303,,,1
G1192,G1959,Directed,25304,,,1
G1192,G1986,Directed,25305,,,1
G1192,G1988,Directed,25306,,,1
G1192,G1995,Directed,25307,,,1
G1192,G2004,Directed,25308,,,1
G1192,G2031,Directed,25309,,,1
G1192,G2050,Directed,25310,,,1
G1193,G220,Directed,25311,,,1
G1193,G246,Directed,25312,,,1
G1193,G254,Directed,25313,,,1
G1193,G395,Directed,25314,,,1
G1193,G400,Directed,25315,,,1
G1193,G447,Directed,25316,,,1
G1193,G473,Directed,25317,,,1
G1193,G474,Directed,25318,,,1
G1193,G504,Directed,25319,,,1
G1193,G564,Directed,25320,,,1
G1193,G1018,Directed,25321,,,1
G1193,G1019,Directed,25322,,,1
G1193,G1034,Directed,25323,,,1
G1193,G1192,Directed,25324,,,1
G1193,G1208,Directed,25325,,,1
G1193,G1287,Directed,25326,,,1
G1193,G1331,Directed,25327,,,1
G1193,G1442,Directed,25328,,,1
G1193,G1565,Directed,25329,,,1
G1193,G1607,Directed,25330,,,1
G1193,G1697,Directed,25331,,,1
G1193,G1705,Directed,25332,,,1
G1193,G1907,Directed,25333,,,1
G1193,G1913,Directed,25334,,,1
G1193,G2014,Directed,25335,,,1
G1193,G2020,Directed,25336,,,1
G1194,G9,Directed,25337,,,1
G1194,G246,Directed,25338,,,1
G1194,G400,Directed,25339,,,1
G1194,G433,Directed,25340,,,1
G1194,G476,Directed,25341,,,1
G1194,G765,Directed,25342,,,1
G1194,G796,Directed,25343,,,1
G1194,G892,Directed,25344,,,1
G1194,G975,Directed,25345,,,1
G1194,G978,Directed,25346,,,1
G1194,G979,Directed,25347,,,1
G1194,G1026,Directed,25348,,,1
G1194,G1028,Directed,25349,,,1
G1194,G1041,Directed,25350,,,1
G1194,G1042,Directed,25351,,,1
G1194,G1043,Directed,25352,,,1
G1194,G1050,Directed,25353,,,1
G1194,G1057,Directed,25354,,,1
G1194,G1117,Directed,25355,,,1
G1194,G1118,Directed,25356,,,1
G1194,G1156,Directed,25357,,,1
G1194,G1160,Directed,25358,,,1
G1194,G1163,Directed,25359,,,1
G1194,G1195,Directed,25360,,,1
G1194,G1222,Directed,25361,,,1
G1194,G1227,Directed,25362,,,1
G1194,G1239,Directed,25363,,,1
G1194,G1240,Directed,25364,,,1
G1194,G1255,Directed,25365,,,1
G1194,G1310,Directed,25366,,,1
G1194,G1337,Directed,25367,,,1
G1194,G1393,Directed,25368,,,1
G1194,G1588,Directed,25369,,,1
G1194,G1668,Directed,25370,,,1
G1194,G1776,Directed,25371,,,1
G1194,G1780,Directed,25372,,,1
G1194,G1855,Directed,25373,,,1
G1194,G1895,Directed,25374,,,1
G1194,G1922,Directed,25375,,,1
G1194,G1940,Directed,25376,,,1
G1194,G1967,Directed,25377,,,1
G1194,G1990,Directed,25378,,,1
G1194,G2027,Directed,25379,,,1
G1194,G2034,Directed,25380,,,1
G1194,G2040,Directed,25381,,,1
G1195,G9,Directed,25382,,,1
G1195,G975,Directed,25383,,,1
G1195,G1154,Directed,25384,,,1
G1195,G1155,Directed,25385,,,1
G1195,G1194,Directed,25386,,,1
G1195,G1240,Directed,25387,,,1
G1195,G1337,Directed,25388,,,1
G1195,G1420,Directed,25389,,,1
G1195,G1441,Directed,25390,,,1
G1195,G1724,Directed,25391,,,1
G1195,G1725,Directed,25392,,,1
G1196,G1055,Directed,25393,,,1
G1197,G40,Directed,25394,,,1
G1197,G41,Directed,25395,,,1
G1197,G42,Directed,25396,,,1
G1197,G45,Directed,25397,,,1
G1197,G46,Directed,25398,,,1
G1197,G67,Directed,25399,,,1
G1197,G68,Directed,25400,,,1
G1197,G322,Directed,25401,,,1
G1197,G335,Directed,25402,,,1
G1197,G413,Directed,25403,,,1
G1197,G463,Directed,25404,,,1
G1197,G464,Directed,25405,,,1
G1197,G483,Directed,25406,,,1
G1197,G485,Directed,25407,,,1
G1197,G1849,Directed,25408,,,1
G1198,G20,Directed,25409,,,1
G1198,G1199,Directed,25410,,,1
G1198,G1223,Directed,25411,,,1
G1198,G1573,Directed,25412,,,1
G1199,G1198,Directed,25413,,,1
G1199,G1224,Directed,25414,,,1
G1199,G1711,Directed,25415,,,1
G1200,G1201,Directed,25416,,,1
G1201,G174,Directed,25417,,,1
G1201,G1200,Directed,25418,,,1
G1201,G1282,Directed,25419,,,1
G1202,G220,Directed,25420,,,1
G1202,G246,Directed,25421,,,1
G1202,G254,Directed,25422,,,1
G1202,G395,Directed,25423,,,1
G1202,G400,Directed,25424,,,1
G1202,G447,Directed,25425,,,1
G1202,G473,Directed,25426,,,1
G1202,G474,Directed,25427,,,1
G1202,G504,Directed,25428,,,1
G1202,G564,Directed,25429,,,1
G1202,G732,Directed,25430,,,1
G1202,G1018,Directed,25431,,,1
G1202,G1019,Directed,25432,,,1
G1202,G1034,Directed,25433,,,1
G1202,G1192,Directed,25434,,,1
G1202,G1208,Directed,25435,,,1
G1202,G1287,Directed,25436,,,1
G1202,G1331,Directed,25437,,,1
G1202,G1442,Directed,25438,,,1
G1202,G1565,Directed,25439,,,1
G1202,G1607,Directed,25440,,,1
G1202,G1697,Directed,25441,,,1
G1202,G1705,Directed,25442,,,1
G1202,G1907,Directed,25443,,,1
G1202,G1913,Directed,25444,,,1
G1202,G2014,Directed,25445,,,1
G1202,G2020,Directed,25446,,,1
G1203,G113,Directed,25447,,,1
G1203,G422,Directed,25448,,,1
G1203,G1032,Directed,25449,,,1
G1203,G1033,Directed,25450,,,1
G1203,G1111,Directed,25451,,,1
G1203,G1113,Directed,25452,,,1
G1203,G1254,Directed,25453,,,1
G1203,G1261,Directed,25454,,,1
G1203,G1273,Directed,25455,,,1
G1203,G1305,Directed,25456,,,1
G1204,G1205,Directed,25457,,,1
G1204,G1444,Directed,25458,,,1
G1205,G17,Directed,25459,,,1
G1205,G1204,Directed,25460,,,1
G1206,G318,Directed,25461,,,1
G1206,G321,Directed,25462,,,1
G1206,G1184,Directed,25463,,,1
G1206,G1185,Directed,25464,,,1
G1207,G1079,Directed,25465,,,1
G1207,G1323,Directed,25466,,,1
G1208,G254,Directed,25467,,,1
G1208,G448,Directed,25468,,,1
G1208,G473,Directed,25469,,,1
G1208,G516,Directed,25470,,,1
G1208,G591,Directed,25471,,,1
G1208,G1192,Directed,25472,,,1
G1208,G1193,Directed,25473,,,1
G1208,G1202,Directed,25474,,,1
G1208,G1215,Directed,25475,,,1
G1208,G1249,Directed,25476,,,1
G1208,G1284,Directed,25477,,,1
G1208,G1302,Directed,25478,,,1
G1208,G1331,Directed,25479,,,1
G1208,G1335,Directed,25480,,,1
G1208,G1360,Directed,25481,,,1
G1208,G1382,Directed,25482,,,1
G1208,G1629,Directed,25483,,,1
G1208,G1705,Directed,25484,,,1
G1208,G1797,Directed,25485,,,1
G1208,G1910,Directed,25486,,,1
G1208,G1912,Directed,25487,,,1
G1208,G1915,Directed,25488,,,1
G1209,G982,Directed,25489,,,1
G1209,G1268,Directed,25490,,,1
G1209,G1359,Directed,25491,,,1
G1209,G1471,Directed,25492,,,1
G1210,G103,Directed,25493,,,1
G1210,G104,Directed,25494,,,1
G1210,G166,Directed,25495,,,1
G1210,G245,Directed,25496,,,1
G1210,G316,Directed,25497,,,1
G1210,G1648,Directed,25498,,,1
G1211,G1212,Directed,25499,,,1
G1212,G1211,Directed,25500,,,1
G1212,G1955,Directed,25501,,,1
G1212,G1991,Directed,25502,,,1
G1212,G2011,Directed,25503,,,1
G1213,G5,Directed,25504,,,1
G1213,G6,Directed,25505,,,1
G1213,G98,Directed,25506,,,1
G1213,G292,Directed,25507,,,1
G1213,G313,Directed,25508,,,1
G1213,G420,Directed,25509,,,1
G1213,G465,Directed,25510,,,1
G1213,G469,Directed,25511,,,1
G1213,G637,Directed,25512,,,1
G1213,G688,Directed,25513,,,1
G1213,G734,Directed,25514,,,1
G1213,G1110,Directed,25515,,,1
G1213,G1124,Directed,25516,,,1
G1213,G1693,Directed,25517,,,1
G1214,G174,Directed,25518,,,1
G1214,G989,Directed,25519,,,1
G1214,G990,Directed,25520,,,1
G1214,G1035,Directed,25521,,,1
G1214,G1282,Directed,25522,,,1
G1215,G220,Directed,25523,,,1
G1215,G246,Directed,25524,,,1
G1215,G254,Directed,25525,,,1
G1215,G395,Directed,25526,,,1
G1215,G400,Directed,25527,,,1
G1215,G447,Directed,25528,,,1
G1215,G473,Directed,25529,,,1
G1215,G474,Directed,25530,,,1
G1215,G504,Directed,25531,,,1
G1215,G564,Directed,25532,,,1
G1215,G1018,Directed,25533,,,1
G1215,G1019,Directed,25534,,,1
G1215,G1034,Directed,25535,,,1
G1215,G1192,Directed,25536,,,1
G1215,G1208,Directed,25537,,,1
G1215,G1287,Directed,25538,,,1
G1215,G1331,Directed,25539,,,1
G1215,G1442,Directed,25540,,,1
G1215,G1565,Directed,25541,,,1
G1215,G1607,Directed,25542,,,1
G1215,G1697,Directed,25543,,,1
G1215,G1705,Directed,25544,,,1
G1215,G1907,Directed,25545,,,1
G1215,G1913,Directed,25546,,,1
G1215,G2014,Directed,25547,,,1
G1215,G2020,Directed,25548,,,1
G1216,G174,Directed,25549,,,1
G1217,G1218,Directed,25550,,,1
G1217,G1399,Directed,25551,,,1
G1217,G1472,Directed,25552,,,1
G1217,G1744,Directed,25553,,,1
G1218,G1217,Directed,25554,,,1
G1218,G1399,Directed,25555,,,1
G1218,G1472,Directed,25556,,,1
G1219,G1057,Directed,25557,,,1
G1219,G1220,Directed,25558,,,1
G1219,G1824,Directed,25559,,,1
G1220,G1219,Directed,25560,,,1
G1221,G193,Directed,25561,,,1
G1221,G194,Directed,25562,,,1
G1221,G324,Directed,25563,,,1
G1221,G498,Directed,25564,,,1
G1221,G531,Directed,25565,,,1
G1221,G1119,Directed,25566,,,1
G1221,G1417,Directed,25567,,,1
G1221,G1469,Directed,25568,,,1
G1221,G1671,Directed,25569,,,1
G1222,G9,Directed,25570,,,1
G1222,G975,Directed,25571,,,1
G1222,G1154,Directed,25572,,,1
G1222,G1155,Directed,25573,,,1
G1222,G1194,Directed,25574,,,1
G1222,G1240,Directed,25575,,,1
G1222,G1337,Directed,25576,,,1
G1222,G1420,Directed,25577,,,1
G1222,G1441,Directed,25578,,,1
G1222,G1724,Directed,25579,,,1
G1222,G1725,Directed,25580,,,1
G1222,G2228,Directed,25581,,,1
G1223,G1198,Directed,25582,,,1
G1223,G1224,Directed,25583,,,1
G1224,G20,Directed,25584,,,1
G1224,G1199,Directed,25585,,,1
G1224,G1223,Directed,25586,,,1
G1224,G1573,Directed,25587,,,1
G1225,G209,Directed,25588,,,1
G1225,G310,Directed,25589,,,1
G1225,G501,Directed,25590,,,1
G1225,G908,Directed,25591,,,1
G1225,G1016,Directed,25592,,,1
G1225,G1226,Directed,25593,,,1
G1225,G1294,Directed,25594,,,1
G1225,G1465,Directed,25595,,,1
G1225,G1507,Directed,25596,,,1
G1225,G1551,Directed,25597,,,1
G1225,G1595,Directed,25598,,,1
G1225,G1609,Directed,25599,,,1
G1225,G1646,Directed,25600,,,1
G1225,G1688,Directed,25601,,,1
G1225,G1711,Directed,25602,,,1
G1225,G1719,Directed,25603,,,1
G1225,G1739,Directed,25604,,,1
G1225,G1785,Directed,25605,,,1
G1225,G1810,Directed,25606,,,1
G1225,G1818,Directed,25607,,,1
G1225,G1840,Directed,25608,,,1
G1225,G1868,Directed,25609,,,1
G1226,G769,Directed,25610,,,1
G1226,G1225,Directed,25611,,,1
G1226,G2124,Directed,25612,,,1
G1226,G2125,Directed,25613,,,1
G1226,G2181,Directed,25614,,,1
G1227,G9,Directed,25615,,,1
G1227,G975,Directed,25616,,,1
G1227,G1154,Directed,25617,,,1
G1227,G1155,Directed,25618,,,1
G1227,G1194,Directed,25619,,,1
G1227,G1240,Directed,25620,,,1
G1227,G1337,Directed,25621,,,1
G1227,G1420,Directed,25622,,,1
G1227,G1441,Directed,25623,,,1
G1227,G1724,Directed,25624,,,1
G1227,G1725,Directed,25625,,,1
G1228,G769,Directed,25626,,,1
G1228,G1848,Directed,25627,,,1
G1229,G17,Directed,25628,,,1
G1230,G196,Directed,25629,,,1
G1230,G1127,Directed,25630,,,1
G1231,G906,Directed,25631,,,1
G1232,G8,Directed,25632,,,1
G1233,G83,Directed,25633,,,1
G1233,G1234,Directed,25634,,,1
G1233,G1286,Directed,25635,,,1
G1233,G1303,Directed,25636,,,1
G1233,G1307,Directed,25637,,,1
G1234,G83,Directed,25638,,,1
G1234,G1233,Directed,25639,,,1
G1235,G68,Directed,25640,,,1
G1235,G91,Directed,25641,,,1
G1235,G112,Directed,25642,,,1
G1235,G175,Directed,25643,,,1
G1235,G176,Directed,25644,,,1
G1235,G177,Directed,25645,,,1
G1235,G180,Directed,25646,,,1
G1235,G183,Directed,25647,,,1
G1235,G186,Directed,25648,,,1
G1235,G190,Directed,25649,,,1
G1235,G191,Directed,25650,,,1
G1235,G192,Directed,25651,,,1
G1235,G195,Directed,25652,,,1
G1235,G204,Directed,25653,,,1
G1235,G205,Directed,25654,,,1
G1235,G206,Directed,25655,,,1
G1235,G207,Directed,25656,,,1
G1235,G223,Directed,25657,,,1
G1235,G275,Directed,25658,,,1
G1235,G518,Directed,25659,,,1
G1235,G918,Directed,25660,,,1
G1235,G923,Directed,25661,,,1
G1235,G924,Directed,25662,,,1
G1235,G932,Directed,25663,,,1
G1235,G933,Directed,25664,,,1
G1235,G936,Directed,25665,,,1
G1235,G937,Directed,25666,,,1
G1235,G949,Directed,25667,,,1
G1235,G967,Directed,25668,,,1
G1235,G1101,Directed,25669,,,1
G1235,G1242,Directed,25670,,,1
G1236,G318,Directed,25671,,,1
G1236,G321,Directed,25672,,,1
G1237,G321,Directed,25673,,,1
G1237,G1402,Directed,25674,,,1
G1238,G270,Directed,25675,,,1
G1238,G271,Directed,25676,,,1
G1238,G349,Directed,25677,,,1
G1238,G350,Directed,25678,,,1
G1238,G359,Directed,25679,,,1
G1238,G401,Directed,25680,,,1
G1238,G635,Directed,25681,,,1
G1238,G637,Directed,25682,,,1
G1238,G688,Directed,25683,,,1
G1238,G1110,Directed,25684,,,1
G1238,G1124,Directed,25685,,,1
G1238,G1168,Directed,25686,,,1
G1238,G1301,Directed,25687,,,1
G1238,G1353,Directed,25688,,,1
G1238,G1430,Directed,25689,,,1
G1238,G1518,Directed,25690,,,1
G1239,G431,Directed,25691,,,1
G1239,G594,Directed,25692,,,1
G1239,G1194,Directed,25693,,,1
G1239,G1240,Directed,25694,,,1
G1239,G1949,Directed,25695,,,1
G1239,G1975,Directed,25696,,,1
G1240,G594,Directed,25697,,,1
G1240,G765,Directed,25698,,,1
G1240,G978,Directed,25699,,,1
G1240,G979,Directed,25700,,,1
G1240,G1194,Directed,25701,,,1
G1240,G1195,Directed,25702,,,1
G1240,G1222,Directed,25703,,,1
G1240,G1227,Directed,25704,,,1
G1240,G1239,Directed,25705,,,1
G1240,G1310,Directed,25706,,,1
G1240,G1895,Directed,25707,,,1
G1240,G1917,Directed,25708,,,1
G1240,G1922,Directed,25709,,,1
G1240,G1948,Directed,25710,,,1
G1240,G1975,Directed,25711,,,1
G1240,G2054,Directed,25712,,,1
G1241,G112,Directed,25713,,,1
G1241,G167,Directed,25714,,,1
G1241,G175,Directed,25715,,,1
G1241,G176,Directed,25716,,,1
G1241,G177,Directed,25717,,,1
G1241,G178,Directed,25718,,,1
G1241,G179,Directed,25719,,,1
G1241,G180,Directed,25720,,,1
G1241,G181,Directed,25721,,,1
G1241,G182,Directed,25722,,,1
G1241,G183,Directed,25723,,,1
G1241,G184,Directed,25724,,,1
G1241,G185,Directed,25725,,,1
G1241,G186,Directed,25726,,,1
G1241,G187,Directed,25727,,,1
G1241,G189,Directed,25728,,,1
G1241,G190,Directed,25729,,,1
G1241,G191,Directed,25730,,,1
G1241,G192,Directed,25731,,,1
G1241,G195,Directed,25732,,,1
G1241,G288,Directed,25733,,,1
G1241,G334,Directed,25734,,,1
G1241,G449,Directed,25735,,,1
G1241,G518,Directed,25736,,,1
G1241,G923,Directed,25737,,,1
G1241,G924,Directed,25738,,,1
G1241,G925,Directed,25739,,,1
G1241,G926,Directed,25740,,,1
G1241,G927,Directed,25741,,,1
G1241,G928,Directed,25742,,,1
G1241,G932,Directed,25743,,,1
G1241,G933,Directed,25744,,,1
G1241,G934,Directed,25745,,,1
G1241,G935,Directed,25746,,,1
G1241,G936,Directed,25747,,,1
G1241,G937,Directed,25748,,,1
G1241,G938,Directed,25749,,,1
G1241,G939,Directed,25750,,,1
G1241,G940,Directed,25751,,,1
G1241,G941,Directed,25752,,,1
G1241,G942,Directed,25753,,,1
G1241,G943,Directed,25754,,,1
G1241,G944,Directed,25755,,,1
G1241,G949,Directed,25756,,,1
G1241,G953,Directed,25757,,,1
G1241,G954,Directed,25758,,,1
G1241,G955,Directed,25759,,,1
G1241,G1157,Directed,25760,,,1
G1241,G1243,Directed,25761,,,1
G1241,G1245,Directed,25762,,,1
G1241,G1321,Directed,25763,,,1
G1241,G1443,Directed,25764,,,1
G1241,G1503,Directed,25765,,,1
G1241,G1659,Directed,25766,,,1
G1241,G1671,Directed,25767,,,1
G1242,G68,Directed,25768,,,1
G1242,G91,Directed,25769,,,1
G1242,G112,Directed,25770,,,1
G1242,G175,Directed,25771,,,1
G1242,G176,Directed,25772,,,1
G1242,G177,Directed,25773,,,1
G1242,G180,Directed,25774,,,1
G1242,G183,Directed,25775,,,1
G1242,G186,Directed,25776,,,1
G1242,G190,Directed,25777,,,1
G1242,G191,Directed,25778,,,1
G1242,G192,Directed,25779,,,1
G1242,G195,Directed,25780,,,1
G1242,G204,Directed,25781,,,1
G1242,G205,Directed,25782,,,1
G1242,G206,Directed,25783,,,1
G1242,G207,Directed,25784,,,1
G1242,G223,Directed,25785,,,1
G1242,G275,Directed,25786,,,1
G1242,G518,Directed,25787,,,1
G1242,G918,Directed,25788,,,1
G1242,G923,Directed,25789,,,1
G1242,G924,Directed,25790,,,1
G1242,G932,Directed,25791,,,1
G1242,G933,Directed,25792,,,1
G1242,G936,Directed,25793,,,1
G1242,G937,Directed,25794,,,1
G1242,G949,Directed,25795,,,1
G1242,G967,Directed,25796,,,1
G1242,G1101,Directed,25797,,,1
G1242,G1235,Directed,25798,,,1
G1243,G112,Directed,25799,,,1
G1243,G167,Directed,25800,,,1
G1243,G175,Directed,25801,,,1
G1243,G176,Directed,25802,,,1
G1243,G177,Directed,25803,,,1
G1243,G178,Directed,25804,,,1
G1243,G179,Directed,25805,,,1
G1243,G180,Directed,25806,,,1
G1243,G181,Directed,25807,,,1
G1243,G182,Directed,25808,,,1
G1243,G183,Directed,25809,,,1
G1243,G184,Directed,25810,,,1
G1243,G185,Directed,25811,,,1
G1243,G186,Directed,25812,,,1
G1243,G187,Directed,25813,,,1
G1243,G189,Directed,25814,,,1
G1243,G190,Directed,25815,,,1
G1243,G191,Directed,25816,,,1
G1243,G192,Directed,25817,,,1
G1243,G195,Directed,25818,,,1
G1243,G288,Directed,25819,,,1
G1243,G334,Directed,25820,,,1
G1243,G449,Directed,25821,,,1
G1243,G518,Directed,25822,,,1
G1243,G923,Directed,25823,,,1
G1243,G924,Directed,25824,,,1
G1243,G925,Directed,25825,,,1
G1243,G926,Directed,25826,,,1
G1243,G927,Directed,25827,,,1
G1243,G928,Directed,25828,,,1
G1243,G932,Directed,25829,,,1
G1243,G933,Directed,25830,,,1
G1243,G934,Directed,25831,,,1
G1243,G935,Directed,25832,,,1
G1243,G936,Directed,25833,,,1
G1243,G937,Directed,25834,,,1
G1243,G938,Directed,25835,,,1
G1243,G939,Directed,25836,,,1
G1243,G940,Directed,25837,,,1
G1243,G941,Directed,25838,,,1
G1243,G942,Directed,25839,,,1
G1243,G943,Directed,25840,,,1
G1243,G944,Directed,25841,,,1
G1243,G949,Directed,25842,,,1
G1243,G953,Directed,25843,,,1
G1243,G954,Directed,25844,,,1
G1243,G955,Directed,25845,,,1
G1243,G1157,Directed,25846,,,1
G1243,G1241,Directed,25847,,,1
G1243,G1245,Directed,25848,,,1
G1243,G1321,Directed,25849,,,1
G1243,G1443,Directed,25850,,,1
G1243,G1503,Directed,25851,,,1
G1243,G1659,Directed,25852,,,1
G1243,G1671,Directed,25853,,,1
G1244,G145,Directed,25854,,,1
G1244,G681,Directed,25855,,,1
G1244,G1062,Directed,25856,,,1
G1244,G1063,Directed,25857,,,1
G1244,G1415,Directed,25858,,,1
G1244,G1445,Directed,25859,,,1
G1244,G1446,Directed,25860,,,1
G1244,G1467,Directed,25861,,,1
G1244,G1491,Directed,25862,,,1
G1244,G1493,Directed,25863,,,1
G1244,G1717,Directed,25864,,,1
G1245,G80,Directed,25865,,,1
G1245,G112,Directed,25866,,,1
G1245,G167,Directed,25867,,,1
G1245,G175,Directed,25868,,,1
G1245,G176,Directed,25869,,,1
G1245,G177,Directed,25870,,,1
G1245,G178,Directed,25871,,,1
G1245,G179,Directed,25872,,,1
G1245,G180,Directed,25873,,,1
G1245,G181,Directed,25874,,,1
G1245,G182,Directed,25875,,,1
G1245,G183,Directed,25876,,,1
G1245,G184,Directed,25877,,,1
G1245,G185,Directed,25878,,,1
G1245,G186,Directed,25879,,,1
G1245,G187,Directed,25880,,,1
G1245,G189,Directed,25881,,,1
G1245,G190,Directed,25882,,,1
G1245,G191,Directed,25883,,,1
G1245,G192,Directed,25884,,,1
G1245,G195,Directed,25885,,,1
G1245,G288,Directed,25886,,,1
G1245,G334,Directed,25887,,,1
G1245,G449,Directed,25888,,,1
G1245,G518,Directed,25889,,,1
G1245,G923,Directed,25890,,,1
G1245,G924,Directed,25891,,,1
G1245,G925,Directed,25892,,,1
G1245,G926,Directed,25893,,,1
G1245,G927,Directed,25894,,,1
G1245,G928,Directed,25895,,,1
G1245,G932,Directed,25896,,,1
G1245,G933,Directed,25897,,,1
G1245,G934,Directed,25898,,,1
G1245,G935,Directed,25899,,,1
G1245,G936,Directed,25900,,,1
G1245,G937,Directed,25901,,,1
G1245,G938,Directed,25902,,,1
G1245,G939,Directed,25903,,,1
G1245,G940,Directed,25904,,,1
G1245,G941,Directed,25905,,,1
G1245,G942,Directed,25906,,,1
G1245,G943,Directed,25907,,,1
G1245,G944,Directed,25908,,,1
G1245,G949,Directed,25909,,,1
G1245,G953,Directed,25910,,,1
G1245,G954,Directed,25911,,,1
G1245,G955,Directed,25912,,,1
G1245,G958,Directed,25913,,,1
G1245,G959,Directed,25914,,,1
G1245,G963,Directed,25915,,,1
G1245,G1157,Directed,25916,,,1
G1245,G1173,Directed,25917,,,1
G1245,G1241,Directed,25918,,,1
G1245,G1243,Directed,25919,,,1
G1245,G1321,Directed,25920,,,1
G1245,G1443,Directed,25921,,,1
G1245,G1503,Directed,25922,,,1
G1245,G1659,Directed,25923,,,1
G1245,G1660,Directed,25924,,,1
G1245,G1671,Directed,25925,,,1
G1245,G1691,Directed,25926,,,1
G1246,G157,Directed,25927,,,1
G1246,G407,Directed,25928,,,1
G1246,G675,Directed,25929,,,1
G1246,G1128,Directed,25930,,,1
G1246,G1129,Directed,25931,,,1
G1246,G1176,Directed,25932,,,1
G1246,G1247,Directed,25933,,,1
G1246,G1248,Directed,25934,,,1
G1247,G157,Directed,25935,,,1
G1247,G407,Directed,25936,,,1
G1247,G675,Directed,25937,,,1
G1247,G1128,Directed,25938,,,1
G1247,G1129,Directed,25939,,,1
G1247,G1176,Directed,25940,,,1
G1247,G1246,Directed,25941,,,1
G1247,G1267,Directed,25942,,,1
G1248,G157,Directed,25943,,,1
G1248,G407,Directed,25944,,,1
G1248,G675,Directed,25945,,,1
G1248,G1128,Directed,25946,,,1
G1248,G1129,Directed,25947,,,1
G1248,G1176,Directed,25948,,,1
G1248,G1246,Directed,25949,,,1
G1248,G1267,Directed,25950,,,1
G1249,G246,Directed,25951,,,1
G1249,G255,Directed,25952,,,1
G1249,G400,Directed,25953,,,1
G1249,G447,Directed,25954,,,1
G1249,G448,Directed,25955,,,1
G1249,G473,Directed,25956,,,1
G1249,G474,Directed,25957,,,1
G1249,G504,Directed,25958,,,1
G1249,G1018,Directed,25959,,,1
G1249,G1019,Directed,25960,,,1
G1249,G1034,Directed,25961,,,1
G1249,G1051,Directed,25962,,,1
G1249,G1161,Directed,25963,,,1
G1249,G1192,Directed,25964,,,1
G1249,G1208,Directed,25965,,,1
G1249,G1287,Directed,25966,,,1
G1249,G1327,Directed,25967,,,1
G1249,G1331,Directed,25968,,,1
G1249,G1361,Directed,25969,,,1
G1249,G1565,Directed,25970,,,1
G1249,G1583,Directed,25971,,,1
G1249,G1607,Directed,25972,,,1
G1249,G1913,Directed,25973,,,1
G1249,G2154,Directed,25974,,,1
G1249,G2280,Directed,25975,,,1
G1250,G200,Directed,25976,,,1
G1250,G201,Directed,25977,,,1
G1250,G215,Directed,25978,,,1
G1250,G509,Directed,25979,,,1
G1250,G902,Directed,25980,,,1
G1250,G1379,Directed,25981,,,1
G1251,G232,Directed,25982,,,1
G1251,G391,Directed,25983,,,1
G1251,G411,Directed,25984,,,1
G1251,G412,Directed,25985,,,1
G1251,G693,Directed,25986,,,1
G1251,G824,Directed,25987,,,1
G1251,G830,Directed,25988,,,1
G1251,G833,Directed,25989,,,1
G1251,G1252,Directed,25990,,,1
G1251,G1293,Directed,25991,,,1
G1251,G1542,Directed,25992,,,1
G1251,G1618,Directed,25993,,,1
G1251,G1738,Directed,25994,,,1
G1252,G391,Directed,25995,,,1
G1252,G411,Directed,25996,,,1
G1252,G412,Directed,25997,,,1
G1252,G693,Directed,25998,,,1
G1252,G833,Directed,25999,,,1
G1252,G1251,Directed,26000,,,1
G1252,G1542,Directed,26001,,,1
G1252,G1618,Directed,26002,,,1
G1252,G2175,Directed,26003,,,1
G1252,G2176,Directed,26004,,,1
G1253,G67,Directed,26005,,,1
G1253,G68,Directed,26006,,,1
G1253,G91,Directed,26007,,,1
G1253,G113,Directed,26008,,,1
G1253,G210,Directed,26009,,,1
G1253,G213,Directed,26010,,,1
G1253,G322,Directed,26011,,,1
G1253,G422,Directed,26012,,,1
G1253,G892,Directed,26013,,,1
G1253,G912,Directed,26014,,,1
G1253,G913,Directed,26015,,,1
G1253,G914,Directed,26016,,,1
G1253,G917,Directed,26017,,,1
G1253,G1156,Directed,26018,,,1
G1253,G1163,Directed,26019,,,1
G1253,G1254,Directed,26020,,,1
G1253,G1261,Directed,26021,,,1
G1253,G1273,Directed,26022,,,1
G1253,G1305,Directed,26023,,,1
G1253,G1495,Directed,26024,,,1
G1253,G1872,Directed,26025,,,1
G1254,G67,Directed,26026,,,1
G1254,G68,Directed,26027,,,1
G1254,G91,Directed,26028,,,1
G1254,G112,Directed,26029,,,1
G1254,G175,Directed,26030,,,1
G1254,G176,Directed,26031,,,1
G1254,G177,Directed,26032,,,1
G1254,G180,Directed,26033,,,1
G1254,G183,Directed,26034,,,1
G1254,G186,Directed,26035,,,1
G1254,G190,Directed,26036,,,1
G1254,G191,Directed,26037,,,1
G1254,G192,Directed,26038,,,1
G1254,G195,Directed,26039,,,1
G1254,G204,Directed,26040,,,1
G1254,G206,Directed,26041,,,1
G1254,G223,Directed,26042,,,1
G1254,G322,Directed,26043,,,1
G1254,G352,Directed,26044,,,1
G1254,G518,Directed,26045,,,1
G1254,G923,Directed,26046,,,1
G1254,G924,Directed,26047,,,1
G1254,G932,Directed,26048,,,1
G1254,G933,Directed,26049,,,1
G1254,G936,Directed,26050,,,1
G1254,G937,Directed,26051,,,1
G1254,G949,Directed,26052,,,1
G1254,G967,Directed,26053,,,1
G1254,G1032,Directed,26054,,,1
G1254,G1033,Directed,26055,,,1
G1254,G1101,Directed,26056,,,1
G1254,G1203,Directed,26057,,,1
G1254,G1253,Directed,26058,,,1
G1254,G1262,Directed,26059,,,1
G1254,G1495,Directed,26060,,,1
G1254,G1872,Directed,26061,,,1
G1255,G246,Directed,26062,,,1
G1255,G892,Directed,26063,,,1
G1255,G1041,Directed,26064,,,1
G1255,G1042,Directed,26065,,,1
G1255,G1043,Directed,26066,,,1
G1255,G1050,Directed,26067,,,1
G1255,G1057,Directed,26068,,,1
G1255,G1156,Directed,26069,,,1
G1255,G1163,Directed,26070,,,1
G1255,G1194,Directed,26071,,,1
G1255,G1497,Directed,26072,,,1
G1255,G1543,Directed,26073,,,1
G1255,G1573,Directed,26074,,,1
G1255,G1588,Directed,26075,,,1
G1255,G1610,Directed,26076,,,1
G1255,G1623,Directed,26077,,,1
G1255,G1692,Directed,26078,,,1
G1256,G178,Directed,26079,,,1
G1256,G179,Directed,26080,,,1
G1256,G206,Directed,26081,,,1
G1256,G235,Directed,26082,,,1
G1256,G255,Directed,26083,,,1
G1256,G383,Directed,26084,,,1
G1256,G1034,Directed,26085,,,1
G1256,G1118,Directed,26086,,,1
G1256,G1257,Directed,26087,,,1
G1256,G1266,Directed,26088,,,1
G1256,G1277,Directed,26089,,,1
G1256,G1425,Directed,26090,,,1
G1256,G1426,Directed,26091,,,1
G1256,G1440,Directed,26092,,,1
G1256,G1449,Directed,26093,,,1
G1256,G1454,Directed,26094,,,1
G1256,G1628,Directed,26095,,,1
G1256,G1657,Directed,26096,,,1
G1257,G255,Directed,26097,,,1
G1257,G482,Directed,26098,,,1
G1257,G645,Directed,26099,,,1
G1257,G1256,Directed,26100,,,1
G1257,G1425,Directed,26101,,,1
G1257,G1440,Directed,26102,,,1
G1257,G1657,Directed,26103,,,1
G1258,G318,Directed,26104,,,1
G1258,G320,Directed,26105,,,1
G1258,G321,Directed,26106,,,1
G1259,G1260,Directed,26107,,,1
G1259,G1292,Directed,26108,,,1
G1259,G1302,Directed,26109,,,1
G1259,G1316,Directed,26110,,,1
G1259,G1335,Directed,26111,,,1
G1259,G1360,Directed,26112,,,1
G1260,G144,Directed,26113,,,1
G1260,G499,Directed,26114,,,1
G1260,G1091,Directed,26115,,,1
G1260,G1111,Directed,26116,,,1
G1260,G1112,Directed,26117,,,1
G1260,G1113,Directed,26118,,,1
G1260,G1174,Directed,26119,,,1
G1260,G1184,Directed,26120,,,1
G1260,G1259,Directed,26121,,,1
G1260,G1411,Directed,26122,,,1
G1260,G1425,Directed,26123,,,1
G1260,G1468,Directed,26124,,,1
G1260,G1622,Directed,26125,,,1
G1260,G1656,Directed,26126,,,1
G1260,G1665,Directed,26127,,,1
G1260,G1679,Directed,26128,,,1
G1260,G1687,Directed,26129,,,1
G1260,G1900,Directed,26130,,,1
G1261,G67,Directed,26131,,,1
G1261,G68,Directed,26132,,,1
G1261,G91,Directed,26133,,,1
G1261,G112,Directed,26134,,,1
G1261,G175,Directed,26135,,,1
G1261,G176,Directed,26136,,,1
G1261,G177,Directed,26137,,,1
G1261,G180,Directed,26138,,,1
G1261,G183,Directed,26139,,,1
G1261,G186,Directed,26140,,,1
G1261,G190,Directed,26141,,,1
G1261,G191,Directed,26142,,,1
G1261,G192,Directed,26143,,,1
G1261,G195,Directed,26144,,,1
G1261,G204,Directed,26145,,,1
G1261,G206,Directed,26146,,,1
G1261,G223,Directed,26147,,,1
G1261,G322,Directed,26148,,,1
G1261,G352,Directed,26149,,,1
G1261,G518,Directed,26150,,,1
G1261,G923,Directed,26151,,,1
G1261,G924,Directed,26152,,,1
G1261,G932,Directed,26153,,,1
G1261,G933,Directed,26154,,,1
G1261,G936,Directed,26155,,,1
G1261,G937,Directed,26156,,,1
G1261,G949,Directed,26157,,,1
G1261,G967,Directed,26158,,,1
G1261,G1032,Directed,26159,,,1
G1261,G1033,Directed,26160,,,1
G1261,G1101,Directed,26161,,,1
G1261,G1203,Directed,26162,,,1
G1261,G1253,Directed,26163,,,1
G1261,G1262,Directed,26164,,,1
G1261,G1495,Directed,26165,,,1
G1261,G1872,Directed,26166,,,1
G1262,G67,Directed,26167,,,1
G1262,G68,Directed,26168,,,1
G1262,G91,Directed,26169,,,1
G1262,G113,Directed,26170,,,1
G1262,G210,Directed,26171,,,1
G1262,G213,Directed,26172,,,1
G1262,G322,Directed,26173,,,1
G1262,G422,Directed,26174,,,1
G1262,G892,Directed,26175,,,1
G1262,G912,Directed,26176,,,1
G1262,G913,Directed,26177,,,1
G1262,G914,Directed,26178,,,1
G1262,G917,Directed,26179,,,1
G1262,G1156,Directed,26180,,,1
G1262,G1163,Directed,26181,,,1
G1262,G1254,Directed,26182,,,1
G1262,G1261,Directed,26183,,,1
G1262,G1273,Directed,26184,,,1
G1262,G1305,Directed,26185,,,1
G1262,G1495,Directed,26186,,,1
G1262,G1872,Directed,26187,,,1
G1263,G1004,Directed,26188,,,1
G1263,G1272,Directed,26189,,,1
G1264,G214,Directed,26190,,,1
G1264,G254,Directed,26191,,,1
G1264,G255,Directed,26192,,,1
G1264,G500,Directed,26193,,,1
G1264,G994,Directed,26194,,,1
G1264,G1034,Directed,26195,,,1
G1264,G1051,Directed,26196,,,1
G1264,G1067,Directed,26197,,,1
G1264,G1154,Directed,26198,,,1
G1264,G1155,Directed,26199,,,1
G1264,G1265,Directed,26200,,,1
G1264,G1322,Directed,26201,,,1
G1264,G1403,Directed,26202,,,1
G1264,G1454,Directed,26203,,,1
G1264,G1744,Directed,26204,,,1
G1264,G1875,Directed,26205,,,1
G1264,G1936,Directed,26206,,,1
G1264,G2026,Directed,26207,,,1
G1265,G254,Directed,26208,,,1
G1265,G255,Directed,26209,,,1
G1265,G866,Directed,26210,,,1
G1265,G882,Directed,26211,,,1
G1265,G1034,Directed,26212,,,1
G1265,G1051,Directed,26213,,,1
G1265,G1067,Directed,26214,,,1
G1265,G1154,Directed,26215,,,1
G1265,G1155,Directed,26216,,,1
G1265,G1264,Directed,26217,,,1
G1265,G1297,Directed,26218,,,1
G1265,G1322,Directed,26219,,,1
G1265,G1403,Directed,26220,,,1
G1265,G1454,Directed,26221,,,1
G1265,G1665,Directed,26222,,,1
G1265,G1697,Directed,26223,,,1
G1265,G1852,Directed,26224,,,1
G1265,G1881,Directed,26225,,,1
G1265,G1963,Directed,26226,,,1
G1265,G2053,Directed,26227,,,1
G1265,G2070,Directed,26228,,,1
G1266,G255,Directed,26229,,,1
G1266,G482,Directed,26230,,,1
G1266,G645,Directed,26231,,,1
G1266,G1256,Directed,26232,,,1
G1266,G1425,Directed,26233,,,1
G1266,G1440,Directed,26234,,,1
G1266,G1657,Directed,26235,,,1
G1267,G157,Directed,26236,,,1
G1267,G407,Directed,26237,,,1
G1267,G675,Directed,26238,,,1
G1267,G1128,Directed,26239,,,1
G1267,G1129,Directed,26240,,,1
G1267,G1176,Directed,26241,,,1
G1267,G1247,Directed,26242,,,1
G1267,G1248,Directed,26243,,,1
G1268,G894,Directed,26244,,,1
G1268,G1209,Directed,26245,,,1
G1268,G1269,Directed,26246,,,1
G1268,G1359,Directed,26247,,,1
G1268,G1370,Directed,26248,,,1
G1269,G1268,Directed,26249,,,1
G1269,G1283,Directed,26250,,,1
G1270,G1271,Directed,26251,,,1
G1271,G196,Directed,26252,,,1
G1271,G341,Directed,26253,,,1
G1271,G1270,Directed,26254,,,1
G1271,G2137,Directed,26255,,,1
G1271,G2173,Directed,26256,,,1
G1271,G2241,Directed,26257,,,1
G1272,G1263,Directed,26258,,,1
G1272,G1388,Directed,26259,,,1
G1273,G67,Directed,26260,,,1
G1273,G68,Directed,26261,,,1
G1273,G91,Directed,26262,,,1
G1273,G112,Directed,26263,,,1
G1273,G175,Directed,26264,,,1
G1273,G176,Directed,26265,,,1
G1273,G177,Directed,26266,,,1
G1273,G180,Directed,26267,,,1
G1273,G183,Directed,26268,,,1
G1273,G186,Directed,26269,,,1
G1273,G190,Directed,26270,,,1
G1273,G191,Directed,26271,,,1
G1273,G192,Directed,26272,,,1
G1273,G195,Directed,26273,,,1
G1273,G204,Directed,26274,,,1
G1273,G206,Directed,26275,,,1
G1273,G223,Directed,26276,,,1
G1273,G322,Directed,26277,,,1
G1273,G352,Directed,26278,,,1
G1273,G518,Directed,26279,,,1
G1273,G923,Directed,26280,,,1
G1273,G924,Directed,26281,,,1
G1273,G932,Directed,26282,,,1
G1273,G933,Directed,26283,,,1
G1273,G936,Directed,26284,,,1
G1273,G937,Directed,26285,,,1
G1273,G949,Directed,26286,,,1
G1273,G967,Directed,26287,,,1
G1273,G1032,Directed,26288,,,1
G1273,G1033,Directed,26289,,,1
G1273,G1101,Directed,26290,,,1
G1273,G1203,Directed,26291,,,1
G1273,G1253,Directed,26292,,,1
G1273,G1262,Directed,26293,,,1
G1273,G1274,Directed,26294,,,1
G1273,G1495,Directed,26295,,,1
G1273,G1872,Directed,26296,,,1
G1274,G422,Directed,26297,,,1
G1274,G792,Directed,26298,,,1
G1274,G815,Directed,26299,,,1
G1274,G853,Directed,26300,,,1
G1274,G1273,Directed,26301,,,1
G1274,G1304,Directed,26302,,,1
G1274,G1305,Directed,26303,,,1
G1274,G1523,Directed,26304,,,1
G1274,G1603,Directed,26305,,,1
G1274,G1731,Directed,26306,,,1
G1274,G1749,Directed,26307,,,1
G1274,G1758,Directed,26308,,,1
G1274,G1886,Directed,26309,,,1
G1274,G1911,Directed,26310,,,1
G1274,G1978,Directed,26311,,,1
G1274,G2002,Directed,26312,,,1
G1275,G78,Directed,26313,,,1
G1275,G317,Directed,26314,,,1
G1275,G325,Directed,26315,,,1
G1275,G326,Directed,26316,,,1
G1275,G425,Directed,26317,,,1
G1275,G900,Directed,26318,,,1
G1275,G1049,Directed,26319,,,1
G1275,G1182,Directed,26320,,,1
G1275,G1188,Directed,26321,,,1
G1275,G1283,Directed,26322,,,1
G1275,G1302,Directed,26323,,,1
G1275,G1327,Directed,26324,,,1
G1275,G1335,Directed,26325,,,1
G1275,G1352,Directed,26326,,,1
G1275,G1360,Directed,26327,,,1
G1275,G1361,Directed,26328,,,1
G1275,G1538,Directed,26329,,,1
G1275,G1553,Directed,26330,,,1
G1275,G1613,Directed,26331,,,1
G1275,G1896,Directed,26332,,,1
G1276,G289,Directed,26333,,,1
G1276,G306,Directed,26334,,,1
G1276,G318,Directed,26335,,,1
G1276,G321,Directed,26336,,,1
G1276,G647,Directed,26337,,,1
G1276,G1012,Directed,26338,,,1
G1276,G1016,Directed,26339,,,1
G1276,G1027,Directed,26340,,,1
G1276,G1030,Directed,26341,,,1
G1276,G1152,Directed,26342,,,1
G1276,G1183,Directed,26343,,,1
G1277,G255,Directed,26344,,,1
G1277,G482,Directed,26345,,,1
G1277,G645,Directed,26346,,,1
G1277,G1256,Directed,26347,,,1
G1277,G1425,Directed,26348,,,1
G1277,G1440,Directed,26349,,,1
G1277,G1657,Directed,26350,,,1
G1277,G2087,Directed,26351,,,1
G1277,G2099,Directed,26352,,,1
G1278,G430,Directed,26353,,,1
G1278,G1088,Directed,26354,,,1
G1278,G1094,Directed,26355,,,1
G1278,G1095,Directed,26356,,,1
G1278,G1336,Directed,26357,,,1
G1278,G1354,Directed,26358,,,1
G1278,G2016,Directed,26359,,,1
G1279,G29,Directed,26360,,,1
G1279,G198,Directed,26361,,,1
G1279,G629,Directed,26362,,,1
G1279,G886,Directed,26363,,,1
G1280,G1281,Directed,26364,,,1
G1280,G1325,Directed,26365,,,1
G1280,G1927,Directed,26366,,,1
G1280,G1930,Directed,26367,,,1
G1280,G1952,Directed,26368,,,1
G1280,G1986,Directed,26369,,,1
G1280,G1988,Directed,26370,,,1
G1280,G1995,Directed,26371,,,1
G1281,G1280,Directed,26372,,,1
G1281,G1806,Directed,26373,,,1
G1282,G321,Directed,26374,,,1
G1282,G1201,Directed,26375,,,1
G1282,G1214,Directed,26376,,,1
G1283,G364,Directed,26377,,,1
G1283,G504,Directed,26378,,,1
G1283,G655,Directed,26379,,,1
G1283,G920,Directed,26380,,,1
G1283,G1269,Directed,26381,,,1
G1283,G1275,Directed,26382,,,1
G1283,G1325,Directed,26383,,,1
G1283,G1565,Directed,26384,,,1
G1283,G1726,Directed,26385,,,1
G1283,G1845,Directed,26386,,,1
G1283,G1972,Directed,26387,,,1
G1283,G2021,Directed,26388,,,1
G1283,G2025,Directed,26389,,,1
G1284,G474,Directed,26390,,,1
G1284,G1208,Directed,26391,,,1
G1284,G1382,Directed,26392,,,1
G1284,G1629,Directed,26393,,,1
G1285,G318,Directed,26394,,,1
G1285,G321,Directed,26395,,,1
G1285,G450,Directed,26396,,,1
G1286,G83,Directed,26397,,,1
G1286,G1233,Directed,26398,,,1
G1286,G1380,Directed,26399,,,1
G1287,G170,Directed,26400,,,1
G1287,G448,Directed,26401,,,1
G1287,G516,Directed,26402,,,1
G1287,G1193,Directed,26403,,,1
G1287,G1202,Directed,26404,,,1
G1287,G1215,Directed,26405,,,1
G1287,G1249,Directed,26406,,,1
G1287,G1288,Directed,26407,,,1
G1287,G1302,Directed,26408,,,1
G1287,G1335,Directed,26409,,,1
G1287,G1360,Directed,26410,,,1
G1288,G1287,Directed,26411,,,1
G1289,G246,Directed,26412,,,1
G1289,G417,Directed,26413,,,1
G1289,G418,Directed,26414,,,1
G1289,G443,Directed,26415,,,1
G1289,G457,Directed,26416,,,1
G1289,G1192,Directed,26417,,,1
G1289,G1442,Directed,26418,,,1
G1289,G1913,Directed,26419,,,1
G1290,G1291,Directed,26420,,,1
G1291,G1111,Directed,26421,,,1
G1291,G1112,Directed,26422,,,1
G1291,G1113,Directed,26423,,,1
G1291,G1290,Directed,26424,,,1
G1291,G1679,Directed,26425,,,1
G1291,G1804,Directed,26426,,,1
G1292,G144,Directed,26427,,,1
G1292,G499,Directed,26428,,,1
G1292,G1091,Directed,26429,,,1
G1292,G1111,Directed,26430,,,1
G1292,G1112,Directed,26431,,,1
G1292,G1113,Directed,26432,,,1
G1292,G1174,Directed,26433,,,1
G1292,G1184,Directed,26434,,,1
G1292,G1259,Directed,26435,,,1
G1292,G1411,Directed,26436,,,1
G1292,G1425,Directed,26437,,,1
G1292,G1468,Directed,26438,,,1
G1292,G1622,Directed,26439,,,1
G1292,G1656,Directed,26440,,,1
G1292,G1665,Directed,26441,,,1
G1292,G1679,Directed,26442,,,1
G1292,G1687,Directed,26443,,,1
G1292,G1900,Directed,26444,,,1
G1293,G120,Directed,26445,,,1
G1293,G129,Directed,26446,,,1
G1293,G209,Directed,26447,,,1
G1293,G228,Directed,26448,,,1
G1293,G229,Directed,26449,,,1
G1293,G315,Directed,26450,,,1
G1293,G606,Directed,26451,,,1
G1293,G1251,Directed,26452,,,1
G1293,G1419,Directed,26453,,,1
G1293,G1651,Directed,26454,,,1
G1294,G174,Directed,26455,,,1
G1294,G1225,Directed,26456,,,1
G1295,G288,Directed,26457,,,1
G1295,G289,Directed,26458,,,1
G1295,G306,Directed,26459,,,1
G1295,G432,Directed,26460,,,1
G1295,G865,Directed,26461,,,1
G1295,G1152,Directed,26462,,,1
G1295,G1157,Directed,26463,,,1
G1295,G1169,Directed,26464,,,1
G1295,G1418,Directed,26465,,,1
G1295,G1665,Directed,26466,,,1
G1295,G1720,Directed,26467,,,1
G1296,G1055,Directed,26468,,,1
G1297,G214,Directed,26469,,,1
G1297,G254,Directed,26470,,,1
G1297,G255,Directed,26471,,,1
G1297,G500,Directed,26472,,,1
G1297,G994,Directed,26473,,,1
G1297,G1034,Directed,26474,,,1
G1297,G1051,Directed,26475,,,1
G1297,G1067,Directed,26476,,,1
G1297,G1154,Directed,26477,,,1
G1297,G1155,Directed,26478,,,1
G1297,G1265,Directed,26479,,,1
G1297,G1322,Directed,26480,,,1
G1297,G1403,Directed,26481,,,1
G1297,G1454,Directed,26482,,,1
G1297,G1744,Directed,26483,,,1
G1297,G1875,Directed,26484,,,1
G1297,G1936,Directed,26485,,,1
G1297,G2026,Directed,26486,,,1
G1298,G1123,Directed,26487,,,1
G1298,G1337,Directed,26488,,,1
G1298,G1506,Directed,26489,,,1
G1298,G1970,Directed,26490,,,1
G1299,G428,Directed,26491,,,1
G1299,G635,Directed,26492,,,1
G1299,G1308,Directed,26493,,,1
G1300,G502,Directed,26494,,,1
G1300,G1884,Directed,26495,,,1
G1301,G6,Directed,26496,,,1
G1301,G25,Directed,26497,,,1
G1301,G26,Directed,26498,,,1
G1301,G109,Directed,26499,,,1
G1301,G110,Directed,26500,,,1
G1301,G117,Directed,26501,,,1
G1301,G239,Directed,26502,,,1
G1301,G270,Directed,26503,,,1
G1301,G271,Directed,26504,,,1
G1301,G292,Directed,26505,,,1
G1301,G313,Directed,26506,,,1
G1301,G339,Directed,26507,,,1
G1301,G349,Directed,26508,,,1
G1301,G350,Directed,26509,,,1
G1301,G469,Directed,26510,,,1
G1301,G635,Directed,26511,,,1
G1301,G637,Directed,26512,,,1
G1301,G688,Directed,26513,,,1
G1301,G1082,Directed,26514,,,1
G1301,G1110,Directed,26515,,,1
G1301,G1124,Directed,26516,,,1
G1301,G1125,Directed,26517,,,1
G1301,G1168,Directed,26518,,,1
G1301,G1238,Directed,26519,,,1
G1301,G1309,Directed,26520,,,1
G1301,G1353,Directed,26521,,,1
G1301,G1430,Directed,26522,,,1
G1301,G1518,Directed,26523,,,1
G1301,G1531,Directed,26524,,,1
G1301,G1722,Directed,26525,,,1
G1302,G144,Directed,26526,,,1
G1302,G246,Directed,26527,,,1
G1302,G352,Directed,26528,,,1
G1302,G364,Directed,26529,,,1
G1302,G395,Directed,26530,,,1
G1302,G400,Directed,26531,,,1
G1302,G410,Directed,26532,,,1
G1302,G474,Directed,26533,,,1
G1302,G499,Directed,26534,,,1
G1302,G562,Directed,26535,,,1
G1302,G841,Directed,26536,,,1
G1302,G860,Directed,26537,,,1
G1302,G920,Directed,26538,,,1
G1302,G1091,Directed,26539,,,1
G1302,G1111,Directed,26540,,,1
G1302,G1112,Directed,26541,,,1
G1302,G1113,Directed,26542,,,1
G1302,G1154,Directed,26543,,,1
G1302,G1155,Directed,26544,,,1
G1302,G1161,Directed,26545,,,1
G1302,G1174,Directed,26546,,,1
G1302,G1184,Directed,26547,,,1
G1302,G1192,Directed,26548,,,1
G1302,G1208,Directed,26549,,,1
G1302,G1259,Directed,26550,,,1
G1302,G1275,Directed,26551,,,1
G1302,G1287,Directed,26552,,,1
G1302,G1406,Directed,26553,,,1
G1302,G1411,Directed,26554,,,1
G1302,G1425,Directed,26555,,,1
G1302,G1468,Directed,26556,,,1
G1302,G1472,Directed,26557,,,1
G1302,G1494,Directed,26558,,,1
G1302,G1556,Directed,26559,,,1
G1302,G1603,Directed,26560,,,1
G1302,G1622,Directed,26561,,,1
G1302,G1652,Directed,26562,,,1
G1302,G1656,Directed,26563,,,1
G1302,G1665,Directed,26564,,,1
G1302,G1679,Directed,26565,,,1
G1302,G1687,Directed,26566,,,1
G1302,G1699,Directed,26567,,,1
G1302,G1702,Directed,26568,,,1
G1302,G1723,Directed,26569,,,1
G1302,G1751,Directed,26570,,,1
G1302,G1834,Directed,26571,,,1
G1302,G1841,Directed,26572,,,1
G1302,G1853,Directed,26573,,,1
G1302,G1882,Directed,26574,,,1
G1302,G1900,Directed,26575,,,1
G1302,G1901,Directed,26576,,,1
G1302,G1914,Directed,26577,,,1
G1302,G1916,Directed,26578,,,1
G1302,G1959,Directed,26579,,,1
G1302,G1964,Directed,26580,,,1
G1302,G1966,Directed,26581,,,1
G1302,G2046,Directed,26582,,,1
G1302,G2189,Directed,26583,,,1
G1303,G83,Directed,26584,,,1
G1303,G1233,Directed,26585,,,1
G1304,G1180,Directed,26586,,,1
G1304,G1274,Directed,26587,,,1
G1304,G1603,Directed,26588,,,1
G1305,G67,Directed,26589,,,1
G1305,G68,Directed,26590,,,1
G1305,G91,Directed,26591,,,1
G1305,G112,Directed,26592,,,1
G1305,G175,Directed,26593,,,1
G1305,G176,Directed,26594,,,1
G1305,G177,Directed,26595,,,1
G1305,G180,Directed,26596,,,1
G1305,G183,Directed,26597,,,1
G1305,G186,Directed,26598,,,1
G1305,G190,Directed,26599,,,1
G1305,G191,Directed,26600,,,1
G1305,G192,Directed,26601,,,1
G1305,G195,Directed,26602,,,1
G1305,G204,Directed,26603,,,1
G1305,G206,Directed,26604,,,1
G1305,G223,Directed,26605,,,1
G1305,G322,Directed,26606,,,1
G1305,G352,Directed,26607,,,1
G1305,G476,Directed,26608,,,1
G1305,G518,Directed,26609,,,1
G1305,G923,Directed,26610,,,1
G1305,G924,Directed,26611,,,1
G1305,G932,Directed,26612,,,1
G1305,G933,Directed,26613,,,1
G1305,G936,Directed,26614,,,1
G1305,G937,Directed,26615,,,1
G1305,G949,Directed,26616,,,1
G1305,G967,Directed,26617,,,1
G1305,G1032,Directed,26618,,,1
G1305,G1033,Directed,26619,,,1
G1305,G1101,Directed,26620,,,1
G1305,G1203,Directed,26621,,,1
G1305,G1253,Directed,26622,,,1
G1305,G1262,Directed,26623,,,1
G1305,G1274,Directed,26624,,,1
G1305,G1495,Directed,26625,,,1
G1305,G1872,Directed,26626,,,1
G1306,G824,Directed,26627,,,1
G1307,G83,Directed,26628,,,1
G1307,G1233,Directed,26629,,,1
G1308,G1299,Directed,26630,,,1
G1309,G6,Directed,26631,,,1
G1309,G109,Directed,26632,,,1
G1309,G110,Directed,26633,,,1
G1309,G117,Directed,26634,,,1
G1309,G239,Directed,26635,,,1
G1309,G292,Directed,26636,,,1
G1309,G313,Directed,26637,,,1
G1309,G339,Directed,26638,,,1
G1309,G350,Directed,26639,,,1
G1309,G469,Directed,26640,,,1
G1309,G496,Directed,26641,,,1
G1309,G688,Directed,26642,,,1
G1309,G1082,Directed,26643,,,1
G1309,G1110,Directed,26644,,,1
G1309,G1124,Directed,26645,,,1
G1309,G1125,Directed,26646,,,1
G1309,G1301,Directed,26647,,,1
G1309,G1447,Directed,26648,,,1
G1309,G1531,Directed,26649,,,1
G1310,G431,Directed,26650,,,1
G1310,G594,Directed,26651,,,1
G1310,G1194,Directed,26652,,,1
G1310,G1240,Directed,26653,,,1
G1310,G1949,Directed,26654,,,1
G1310,G1975,Directed,26655,,,1
G1311,G321,Directed,26656,,,1
G1311,G433,Directed,26657,,,1
G1311,G745,Directed,26658,,,1
G1311,G1172,Directed,26659,,,1
G1311,G1872,Directed,26660,,,1
G1311,G2084,Directed,26661,,,1
G1311,G2122,Directed,26662,,,1
G1311,G2167,Directed,26663,,,1
G1311,G2243,Directed,26664,,,1
G1311,G2244,Directed,26665,,,1
G1312,G217,Directed,26666,,,1
G1312,G219,Directed,26667,,,1
G1312,G220,Directed,26668,,,1
G1312,G224,Directed,26669,,,1
G1312,G227,Directed,26670,,,1
G1312,G272,Directed,26671,,,1
G1312,G1148,Directed,26672,,,1
G1312,G1150,Directed,26673,,,1
G1312,G1313,Directed,26674,,,1
G1312,G1999,Directed,26675,,,1
G1313,G1312,Directed,26676,,,1
G1314,G660,Directed,26677,,,1
G1314,G661,Directed,26678,,,1
G1314,G745,Directed,26679,,,1
G1314,G1859,Directed,26680,,,1
G1314,G2152,Directed,26681,,,1
G1315,G763,Directed,26682,,,1
G1315,G1448,Directed,26683,,,1
G1316,G144,Directed,26684,,,1
G1316,G499,Directed,26685,,,1
G1316,G1091,Directed,26686,,,1
G1316,G1111,Directed,26687,,,1
G1316,G1112,Directed,26688,,,1
G1316,G1113,Directed,26689,,,1
G1316,G1174,Directed,26690,,,1
G1316,G1184,Directed,26691,,,1
G1316,G1259,Directed,26692,,,1
G1316,G1411,Directed,26693,,,1
G1316,G1425,Directed,26694,,,1
G1316,G1468,Directed,26695,,,1
G1316,G1622,Directed,26696,,,1
G1316,G1656,Directed,26697,,,1
G1316,G1665,Directed,26698,,,1
G1316,G1679,Directed,26699,,,1
G1316,G1687,Directed,26700,,,1
G1316,G1900,Directed,26701,,,1
G1317,G246,Directed,26702,,,1
G1317,G417,Directed,26703,,,1
G1317,G418,Directed,26704,,,1
G1317,G443,Directed,26705,,,1
G1317,G457,Directed,26706,,,1
G1317,G1192,Directed,26707,,,1
G1317,G1442,Directed,26708,,,1
G1317,G1913,Directed,26709,,,1
G1318,G219,Directed,26710,,,1
G1318,G306,Directed,26711,,,1
G1318,G352,Directed,26712,,,1
G1318,G383,Directed,26713,,,1
G1318,G1524,Directed,26714,,,1
G1318,G1603,Directed,26715,,,1
G1318,G1770,Directed,26716,,,1
G1318,G1787,Directed,26717,,,1
G1319,G8,Directed,26718,,,1
G1320,G246,Directed,26719,,,1
G1320,G1165,Directed,26720,,,1
G1320,G1166,Directed,26721,,,1
G1320,G1167,Directed,26722,,,1
G1320,G1175,Directed,26723,,,1
G1320,G1187,Directed,26724,,,1
G1321,G80,Directed,26725,,,1
G1321,G112,Directed,26726,,,1
G1321,G167,Directed,26727,,,1
G1321,G175,Directed,26728,,,1
G1321,G176,Directed,26729,,,1
G1321,G177,Directed,26730,,,1
G1321,G178,Directed,26731,,,1
G1321,G179,Directed,26732,,,1
G1321,G180,Directed,26733,,,1
G1321,G181,Directed,26734,,,1
G1321,G182,Directed,26735,,,1
G1321,G183,Directed,26736,,,1
G1321,G184,Directed,26737,,,1
G1321,G185,Directed,26738,,,1
G1321,G186,Directed,26739,,,1
G1321,G187,Directed,26740,,,1
G1321,G189,Directed,26741,,,1
G1321,G190,Directed,26742,,,1
G1321,G191,Directed,26743,,,1
G1321,G192,Directed,26744,,,1
G1321,G195,Directed,26745,,,1
G1321,G334,Directed,26746,,,1
G1321,G449,Directed,26747,,,1
G1321,G518,Directed,26748,,,1
G1321,G923,Directed,26749,,,1
G1321,G924,Directed,26750,,,1
G1321,G925,Directed,26751,,,1
G1321,G926,Directed,26752,,,1
G1321,G927,Directed,26753,,,1
G1321,G928,Directed,26754,,,1
G1321,G932,Directed,26755,,,1
G1321,G933,Directed,26756,,,1
G1321,G934,Directed,26757,,,1
G1321,G935,Directed,26758,,,1
G1321,G936,Directed,26759,,,1
G1321,G937,Directed,26760,,,1
G1321,G938,Directed,26761,,,1
G1321,G939,Directed,26762,,,1
G1321,G940,Directed,26763,,,1
G1321,G941,Directed,26764,,,1
G1321,G942,Directed,26765,,,1
G1321,G943,Directed,26766,,,1
G1321,G944,Directed,26767,,,1
G1321,G949,Directed,26768,,,1
G1321,G953,Directed,26769,,,1
G1321,G954,Directed,26770,,,1
G1321,G955,Directed,26771,,,1
G1321,G958,Directed,26772,,,1
G1321,G959,Directed,26773,,,1
G1321,G963,Directed,26774,,,1
G1321,G1241,Directed,26775,,,1
G1321,G1243,Directed,26776,,,1
G1321,G1245,Directed,26777,,,1
G1321,G1443,Directed,26778,,,1
G1321,G1503,Directed,26779,,,1
G1321,G1659,Directed,26780,,,1
G1321,G1671,Directed,26781,,,1
G1322,G1022,Directed,26782,,,1
G1322,G1023,Directed,26783,,,1
G1322,G1264,Directed,26784,,,1
G1322,G1265,Directed,26785,,,1
G1322,G1297,Directed,26786,,,1
G1322,G1533,Directed,26787,,,1
G1323,G174,Directed,26788,,,1
G1323,G1207,Directed,26789,,,1
G1323,G1324,Directed,26790,,,1
G1323,G1332,Directed,26791,,,1
G1324,G1079,Directed,26792,,,1
G1324,G1323,Directed,26793,,,1
G1324,G1369,Directed,26794,,,1
G1325,G298,Directed,26795,,,1
G1325,G900,Directed,26796,,,1
G1325,G1108,Directed,26797,,,1
G1325,G1280,Directed,26798,,,1
G1325,G1283,Directed,26799,,,1
G1325,G1326,Directed,26800,,,1
G1325,G1352,Directed,26801,,,1
G1325,G1396,Directed,26802,,,1
G1325,G1603,Directed,26803,,,1
G1325,G1704,Directed,26804,,,1
G1325,G1764,Directed,26805,,,1
G1325,G1952,Directed,26806,,,1
G1325,G1986,Directed,26807,,,1
G1325,G1988,Directed,26808,,,1
G1325,G1995,Directed,26809,,,1
G1326,G1192,Directed,26810,,,1
G1326,G1325,Directed,26811,,,1
G1326,G1916,Directed,26812,,,1
G1326,G1959,Directed,26813,,,1
G1327,G273,Directed,26814,,,1
G1327,G274,Directed,26815,,,1
G1327,G312,Directed,26816,,,1
G1327,G317,Directed,26817,,,1
G1327,G325,Directed,26818,,,1
G1327,G326,Directed,26819,,,1
G1327,G364,Directed,26820,,,1
G1327,G430,Directed,26821,,,1
G1327,G448,Directed,26822,,,1
G1327,G516,Directed,26823,,,1
G1327,G851,Directed,26824,,,1
G1327,G1068,Directed,26825,,,1
G1327,G1072,Directed,26826,,,1
G1327,G1141,Directed,26827,,,1
G1327,G1182,Directed,26828,,,1
G1327,G1188,Directed,26829,,,1
G1327,G1249,Directed,26830,,,1
G1327,G1275,Directed,26831,,,1
G1327,G1328,Directed,26832,,,1
G1327,G1538,Directed,26833,,,1
G1327,G1553,Directed,26834,,,1
G1327,G1824,Directed,26835,,,1
G1327,G1890,Directed,26836,,,1
G1327,G1951,Directed,26837,,,1
G1328,G1327,Directed,26838,,,1
G1328,G1361,Directed,26839,,,1
G1328,G1687,Directed,26840,,,1
G1328,G1824,Directed,26841,,,1
G1329,G473,Directed,26842,,,1
G1329,G1192,Directed,26843,,,1
G1329,G1330,Directed,26844,,,1
G1329,G1331,Directed,26845,,,1
G1329,G1341,Directed,26846,,,1
G1329,G1357,Directed,26847,,,1
G1330,G1329,Directed,26848,,,1
G1331,G246,Directed,26849,,,1
G1331,G321,Directed,26850,,,1
G1331,G400,Directed,26851,,,1
G1331,G448,Directed,26852,,,1
G1331,G473,Directed,26853,,,1
G1331,G474,Directed,26854,,,1
G1331,G516,Directed,26855,,,1
G1331,G1192,Directed,26856,,,1
G1331,G1193,Directed,26857,,,1
G1331,G1202,Directed,26858,,,1
G1331,G1208,Directed,26859,,,1
G1331,G1215,Directed,26860,,,1
G1331,G1249,Directed,26861,,,1
G1331,G1329,Directed,26862,,,1
G1331,G1371,Directed,26863,,,1
G1331,G1987,Directed,26864,,,1
G1331,G2013,Directed,26865,,,1
G1331,G2060,Directed,26866,,,1
G1332,G450,Directed,26867,,,1
G1332,G566,Directed,26868,,,1
G1332,G1323,Directed,26869,,,1
G1332,G1333,Directed,26870,,,1
G1333,G1332,Directed,26871,,,1
G1334,G956,Directed,26872,,,1
G1335,G144,Directed,26873,,,1
G1335,G246,Directed,26874,,,1
G1335,G352,Directed,26875,,,1
G1335,G364,Directed,26876,,,1
G1335,G395,Directed,26877,,,1
G1335,G400,Directed,26878,,,1
G1335,G410,Directed,26879,,,1
G1335,G474,Directed,26880,,,1
G1335,G562,Directed,26881,,,1
G1335,G841,Directed,26882,,,1
G1335,G860,Directed,26883,,,1
G1335,G920,Directed,26884,,,1
G1335,G1111,Directed,26885,,,1
G1335,G1112,Directed,26886,,,1
G1335,G1113,Directed,26887,,,1
G1335,G1154,Directed,26888,,,1
G1335,G1155,Directed,26889,,,1
G1335,G1161,Directed,26890,,,1
G1335,G1174,Directed,26891,,,1
G1335,G1192,Directed,26892,,,1
G1335,G1208,Directed,26893,,,1
G1335,G1259,Directed,26894,,,1
G1335,G1275,Directed,26895,,,1
G1335,G1287,Directed,26896,,,1
G1335,G1406,Directed,26897,,,1
G1335,G1411,Directed,26898,,,1
G1335,G1425,Directed,26899,,,1
G1335,G1472,Directed,26900,,,1
G1335,G1494,Directed,26901,,,1
G1335,G1556,Directed,26902,,,1
G1335,G1603,Directed,26903,,,1
G1335,G1652,Directed,26904,,,1
G1335,G1679,Directed,26905,,,1
G1335,G1699,Directed,26906,,,1
G1335,G1702,Directed,26907,,,1
G1335,G1723,Directed,26908,,,1
G1335,G1751,Directed,26909,,,1
G1335,G1834,Directed,26910,,,1
G1335,G1841,Directed,26911,,,1
G1335,G1853,Directed,26912,,,1
G1335,G1882,Directed,26913,,,1
G1335,G1901,Directed,26914,,,1
G1335,G1914,Directed,26915,,,1
G1335,G1916,Directed,26916,,,1
G1335,G1959,Directed,26917,,,1
G1335,G1964,Directed,26918,,,1
G1335,G1966,Directed,26919,,,1
G1335,G2046,Directed,26920,,,1
G1336,G151,Directed,26921,,,1
G1336,G152,Directed,26922,,,1
G1336,G601,Directed,26923,,,1
G1336,G605,Directed,26924,,,1
G1336,G1136,Directed,26925,,,1
G1336,G1278,Directed,26926,,,1
G1336,G1913,Directed,26927,,,1
G1337,G306,Directed,26928,,,1
G1337,G508,Directed,26929,,,1
G1337,G590,Directed,26930,,,1
G1337,G1123,Directed,26931,,,1
G1337,G1194,Directed,26932,,,1
G1337,G1195,Directed,26933,,,1
G1337,G1222,Directed,26934,,,1
G1337,G1227,Directed,26935,,,1
G1337,G1298,Directed,26936,,,1
G1337,G1399,Directed,26937,,,1
G1337,G1420,Directed,26938,,,1
G1337,G1441,Directed,26939,,,1
G1337,G1506,Directed,26940,,,1
G1337,G1526,Directed,26941,,,1
G1337,G1544,Directed,26942,,,1
G1337,G1547,Directed,26943,,,1
G1337,G1562,Directed,26944,,,1
G1337,G1584,Directed,26945,,,1
G1337,G1724,Directed,26946,,,1
G1337,G1725,Directed,26947,,,1
G1337,G1914,Directed,26948,,,1
G1337,G1966,Directed,26949,,,1
G1337,G1970,Directed,26950,,,1
G1338,G976,Directed,26951,,,1
G1339,G321,Directed,26952,,,1
G1340,G976,Directed,26953,,,1
G1341,G1329,Directed,26954,,,1
G1342,G1343,Directed,26955,,,1
G1343,G1342,Directed,26956,,,1
G1343,G2084,Directed,26957,,,1
G1344,G321,Directed,26958,,,1
G1344,G1010,Directed,26959,,,1
G1345,G49,Directed,26960,,,1
G1345,G50,Directed,26961,,,1
G1345,G51,Directed,26962,,,1
G1345,G52,Directed,26963,,,1
G1345,G53,Directed,26964,,,1
G1345,G58,Directed,26965,,,1
G1345,G75,Directed,26966,,,1
G1345,G76,Directed,26967,,,1
G1345,G80,Directed,26968,,,1
G1345,G81,Directed,26969,,,1
G1345,G84,Directed,26970,,,1
G1345,G92,Directed,26971,,,1
G1345,G95,Directed,26972,,,1
G1345,G245,Directed,26973,,,1
G1345,G263,Directed,26974,,,1
G1345,G265,Directed,26975,,,1
G1345,G267,Directed,26976,,,1
G1345,G302,Directed,26977,,,1
G1345,G342,Directed,26978,,,1
G1345,G351,Directed,26979,,,1
G1345,G381,Directed,26980,,,1
G1345,G462,Directed,26981,,,1
G1345,G471,Directed,26982,,,1
G1345,G472,Directed,26983,,,1
G1345,G512,Directed,26984,,,1
G1346,G289,Directed,26985,,,1
G1346,G317,Directed,26986,,,1
G1346,G893,Directed,26987,,,1
G1346,G1152,Directed,26988,,,1
G1346,G1347,Directed,26989,,,1
G1347,G122,Directed,26990,,,1
G1347,G158,Directed,26991,,,1
G1347,G289,Directed,26992,,,1
G1347,G317,Directed,26993,,,1
G1347,G1152,Directed,26994,,,1
G1347,G1346,Directed,26995,,,1
G1347,G1364,Directed,26996,,,1
G1348,G217,Directed,26997,,,1
G1349,G802,Directed,26998,,,1
G1350,G1035,Directed,26999,,,1
G1350,G1078,Directed,27000,,,1
G1350,G1351,Directed,27001,,,1
G1351,G1350,Directed,27002,,,1
G1352,G364,Directed,27003,,,1
G1352,G504,Directed,27004,,,1
G1352,G655,Directed,27005,,,1
G1352,G1275,Directed,27006,,,1
G1352,G1325,Directed,27007,,,1
G1352,G1565,Directed,27008,,,1
G1352,G1726,Directed,27009,,,1
G1352,G1845,Directed,27010,,,1
G1352,G1972,Directed,27011,,,1
G1352,G2021,Directed,27012,,,1
G1352,G2025,Directed,27013,,,1
G1353,G270,Directed,27014,,,1
G1353,G271,Directed,27015,,,1
G1353,G349,Directed,27016,,,1
G1353,G350,Directed,27017,,,1
G1353,G401,Directed,27018,,,1
G1353,G635,Directed,27019,,,1
G1353,G637,Directed,27020,,,1
G1353,G688,Directed,27021,,,1
G1353,G1110,Directed,27022,,,1
G1353,G1168,Directed,27023,,,1
G1353,G1238,Directed,27024,,,1
G1353,G1301,Directed,27025,,,1
G1353,G1430,Directed,27026,,,1
G1353,G1518,Directed,27027,,,1
G1354,G151,Directed,27028,,,1
G1354,G152,Directed,27029,,,1
G1354,G601,Directed,27030,,,1
G1354,G605,Directed,27031,,,1
G1354,G1136,Directed,27032,,,1
G1354,G1278,Directed,27033,,,1
G1354,G1913,Directed,27034,,,1
G1355,G1151,Directed,27035,,,1
G1356,G156,Directed,27036,,,1
G1356,G749,Directed,27037,,,1
G1356,G1101,Directed,27038,,,1
G1356,G2018,Directed,27039,,,1
G1357,G1329,Directed,27040,,,1
G1358,G1359,Directed,27041,,,1
G1359,G1209,Directed,27042,,,1
G1359,G1268,Directed,27043,,,1
G1359,G1358,Directed,27044,,,1
G1360,G144,Directed,27045,,,1
G1360,G246,Directed,27046,,,1
G1360,G352,Directed,27047,,,1
G1360,G364,Directed,27048,,,1
G1360,G395,Directed,27049,,,1
G1360,G400,Directed,27050,,,1
G1360,G410,Directed,27051,,,1
G1360,G474,Directed,27052,,,1
G1360,G562,Directed,27053,,,1
G1360,G841,Directed,27054,,,1
G1360,G860,Directed,27055,,,1
G1360,G920,Directed,27056,,,1
G1360,G1111,Directed,27057,,,1
G1360,G1112,Directed,27058,,,1
G1360,G1113,Directed,27059,,,1
G1360,G1154,Directed,27060,,,1
G1360,G1155,Directed,27061,,,1
G1360,G1161,Directed,27062,,,1
G1360,G1174,Directed,27063,,,1
G1360,G1192,Directed,27064,,,1
G1360,G1208,Directed,27065,,,1
G1360,G1259,Directed,27066,,,1
G1360,G1275,Directed,27067,,,1
G1360,G1287,Directed,27068,,,1
G1360,G1406,Directed,27069,,,1
G1360,G1411,Directed,27070,,,1
G1360,G1425,Directed,27071,,,1
G1360,G1472,Directed,27072,,,1
G1360,G1494,Directed,27073,,,1
G1360,G1556,Directed,27074,,,1
G1360,G1603,Directed,27075,,,1
G1360,G1652,Directed,27076,,,1
G1360,G1679,Directed,27077,,,1
G1360,G1699,Directed,27078,,,1
G1360,G1702,Directed,27079,,,1
G1360,G1723,Directed,27080,,,1
G1360,G1751,Directed,27081,,,1
G1360,G1834,Directed,27082,,,1
G1360,G1841,Directed,27083,,,1
G1360,G1853,Directed,27084,,,1
G1360,G1882,Directed,27085,,,1
G1360,G1901,Directed,27086,,,1
G1360,G1914,Directed,27087,,,1
G1360,G1916,Directed,27088,,,1
G1360,G1959,Directed,27089,,,1
G1360,G1964,Directed,27090,,,1
G1360,G1966,Directed,27091,,,1
G1360,G2046,Directed,27092,,,1
G1361,G273,Directed,27093,,,1
G1361,G274,Directed,27094,,,1
G1361,G312,Directed,27095,,,1
G1361,G317,Directed,27096,,,1
G1361,G325,Directed,27097,,,1
G1361,G326,Directed,27098,,,1
G1361,G364,Directed,27099,,,1
G1361,G430,Directed,27100,,,1
G1361,G448,Directed,27101,,,1
G1361,G516,Directed,27102,,,1
G1361,G851,Directed,27103,,,1
G1361,G1068,Directed,27104,,,1
G1361,G1072,Directed,27105,,,1
G1361,G1141,Directed,27106,,,1
G1361,G1182,Directed,27107,,,1
G1361,G1188,Directed,27108,,,1
G1361,G1249,Directed,27109,,,1
G1361,G1275,Directed,27110,,,1
G1361,G1328,Directed,27111,,,1
G1361,G1538,Directed,27112,,,1
G1361,G1553,Directed,27113,,,1
G1361,G1824,Directed,27114,,,1
G1361,G1890,Directed,27115,,,1
G1361,G1951,Directed,27116,,,1
G1362,G1363,Directed,27117,,,1
G1363,G427,Directed,27118,,,1
G1363,G1362,Directed,27119,,,1
G1363,G1642,Directed,27120,,,1
G1364,G289,Directed,27121,,,1
G1364,G317,Directed,27122,,,1
G1364,G893,Directed,27123,,,1
G1364,G1152,Directed,27124,,,1
G1364,G1347,Directed,27125,,,1
G1364,G2245,Directed,27126,,,1
G1365,G890,Directed,27127,,,1
G1365,G910,Directed,27128,,,1
G1366,G369,Directed,27129,,,1
G1366,G1367,Directed,27130,,,1
G1366,G1529,Directed,27131,,,1
G1366,G1530,Directed,27132,,,1
G1366,G1560,Directed,27133,,,1
G1366,G1729,Directed,27134,,,1
G1367,G1366,Directed,27135,,,1
G1367,G1392,Directed,27136,,,1
G1367,G1704,Directed,27137,,,1
G1367,G1764,Directed,27138,,,1
G1368,G450,Directed,27139,,,1
G1368,G1369,Directed,27140,,,1
G1369,G821,Directed,27141,,,1
G1369,G1324,Directed,27142,,,1
G1369,G1368,Directed,27143,,,1
G1370,G1268,Directed,27144,,,1
G1370,G1372,Directed,27145,,,1
G1371,G1331,Directed,27146,,,1
G1372,G1370,Directed,27147,,,1
G1373,G1005,Directed,27148,,,1
G1374,G458,Directed,27149,,,1
G1374,G459,Directed,27150,,,1
G1374,G1106,Directed,27151,,,1
G1374,G1153,Directed,27152,,,1
G1374,G1390,Directed,27153,,,1
G1375,G265,Directed,27154,,,1
G1375,G770,Directed,27155,,,1
G1375,G1482,Directed,27156,,,1
G1375,G1488,Directed,27157,,,1
G1375,G1489,Directed,27158,,,1
G1375,G1505,Directed,27159,,,1
G1375,G1622,Directed,27160,,,1
G1375,G1737,Directed,27161,,,1
G1375,G1765,Directed,27162,,,1
G1376,G689,Directed,27163,,,1
G1376,G1557,Directed,27164,,,1
G1377,G265,Directed,27165,,,1
G1377,G770,Directed,27166,,,1
G1377,G1482,Directed,27167,,,1
G1377,G1488,Directed,27168,,,1
G1377,G1489,Directed,27169,,,1
G1377,G1505,Directed,27170,,,1
G1377,G1622,Directed,27171,,,1
G1377,G1737,Directed,27172,,,1
G1377,G1765,Directed,27173,,,1
G1378,G321,Directed,27174,,,1
G1379,G200,Directed,27175,,,1
G1379,G201,Directed,27176,,,1
G1379,G202,Directed,27177,,,1
G1379,G203,Directed,27178,,,1
G1379,G215,Directed,27179,,,1
G1379,G902,Directed,27180,,,1
G1379,G1250,Directed,27181,,,1
G1379,G1497,Directed,27182,,,1
G1379,G1692,Directed,27183,,,1
G1379,G1851,Directed,27184,,,1
G1380,G1286,Directed,27185,,,1
G1381,G1382,Directed,27186,,,1
G1382,G474,Directed,27187,,,1
G1382,G1208,Directed,27188,,,1
G1382,G1284,Directed,27189,,,1
G1382,G1381,Directed,27190,,,1
G1383,G144,Directed,27191,,,1
G1383,G1384,Directed,27192,,,1
G1383,G1566,Directed,27193,,,1
G1383,G2009,Directed,27194,,,1
G1384,G1383,Directed,27195,,,1
G1384,G1566,Directed,27196,,,1
G1385,G1386,Directed,27197,,,1
G1386,G292,Directed,27198,,,1
G1386,G1385,Directed,27199,,,1
G1387,G29,Directed,27200,,,1
G1387,G235,Directed,27201,,,1
G1387,G521,Directed,27202,,,1
G1387,G535,Directed,27203,,,1
G1387,G960,Directed,27204,,,1
G1387,G966,Directed,27205,,,1
G1387,G977,Directed,27206,,,1
G1388,G1272,Directed,27207,,,1
G1388,G1389,Directed,27208,,,1
G1389,G1388,Directed,27209,,,1
G1390,G305,Directed,27210,,,1
G1390,G458,Directed,27211,,,1
G1390,G459,Directed,27212,,,1
G1390,G557,Directed,27213,,,1
G1390,G1038,Directed,27214,,,1
G1390,G1106,Directed,27215,,,1
G1390,G1153,Directed,27216,,,1
G1390,G1374,Directed,27217,,,1
G1390,G1537,Directed,27218,,,1
G1390,G1540,Directed,27219,,,1
G1390,G1544,Directed,27220,,,1
G1390,G1547,Directed,27221,,,1
G1390,G1584,Directed,27222,,,1
G1390,G1624,Directed,27223,,,1
G1390,G1626,Directed,27224,,,1
G1390,G1640,Directed,27225,,,1
G1390,G1641,Directed,27226,,,1
G1391,G238,Directed,27227,,,1
G1391,G728,Directed,27228,,,1
G1392,G369,Directed,27229,,,1
G1392,G1367,Directed,27230,,,1
G1392,G1529,Directed,27231,,,1
G1392,G1530,Directed,27232,,,1
G1392,G1560,Directed,27233,,,1
G1392,G1729,Directed,27234,,,1
G1393,G318,Directed,27235,,,1
G1393,G321,Directed,27236,,,1
G1393,G562,Directed,27237,,,1
G1393,G920,Directed,27238,,,1
G1393,G1072,Directed,27239,,,1
G1393,G1194,Directed,27240,,,1
G1393,G1668,Directed,27241,,,1
G1393,G1697,Directed,27242,,,1
G1393,G1707,Directed,27243,,,1
G1393,G1782,Directed,27244,,,1
G1393,G1802,Directed,27245,,,1
G1393,G1855,Directed,27246,,,1
G1393,G1873,Directed,27247,,,1
G1393,G1971,Directed,27248,,,1
G1393,G1973,Directed,27249,,,1
G1393,G1976,Directed,27250,,,1
G1394,G987,Directed,27251,,,1
G1394,G2212,Directed,27252,,,1
G1395,G377,Directed,27253,,,1
G1396,G1192,Directed,27254,,,1
G1396,G1325,Directed,27255,,,1
G1396,G1916,Directed,27256,,,1
G1396,G1959,Directed,27257,,,1
G1397,G125,Directed,27258,,,1
G1398,G137,Directed,27259,,,1
G1399,G590,Directed,27260,,,1
G1399,G1118,Directed,27261,,,1
G1399,G1217,Directed,27262,,,1
G1399,G1218,Directed,27263,,,1
G1399,G1337,Directed,27264,,,1
G1399,G1400,Directed,27265,,,1
G1399,G1544,Directed,27266,,,1
G1399,G1547,Directed,27267,,,1
G1399,G1584,Directed,27268,,,1
G1399,G1744,Directed,27269,,,1
G1400,G1399,Directed,27270,,,1
G1401,G956,Directed,27271,,,1
G1402,G1237,Directed,27272,,,1
G1403,G312,Directed,27273,,,1
G1403,G1264,Directed,27274,,,1
G1403,G1265,Directed,27275,,,1
G1403,G1297,Directed,27276,,,1
G1403,G1404,Directed,27277,,,1
G1403,G1456,Directed,27278,,,1
G1403,G1485,Directed,27279,,,1
G1403,G1626,Directed,27280,,,1
G1403,G1665,Directed,27281,,,1
G1404,G1403,Directed,27282,,,1
G1405,G905,Directed,27283,,,1
G1406,G1018,Directed,27284,,,1
G1406,G1019,Directed,27285,,,1
G1406,G1302,Directed,27286,,,1
G1406,G1335,Directed,27287,,,1
G1406,G1360,Directed,27288,,,1
G1407,G905,Directed,27289,,,1
G1408,G246,Directed,27290,,,1
G1408,G396,Directed,27291,,,1
G1408,G400,Directed,27292,,,1
G1408,G431,Directed,27293,,,1
G1408,G667,Directed,27294,,,1
G1408,G668,Directed,27295,,,1
G1408,G1491,Directed,27296,,,1
G1408,G1751,Directed,27297,,,1
G1408,G1776,Directed,27298,,,1
G1408,G1780,Directed,27299,,,1
G1408,G1993,Directed,27300,,,1
G1409,G321,Directed,27301,,,1
G1410,G469,Directed,27302,,,1
G1411,G246,Directed,27303,,,1
G1411,G247,Directed,27304,,,1
G1411,G248,Directed,27305,,,1
G1411,G400,Directed,27306,,,1
G1411,G1260,Directed,27307,,,1
G1411,G1292,Directed,27308,,,1
G1411,G1302,Directed,27309,,,1
G1411,G1316,Directed,27310,,,1
G1411,G1335,Directed,27311,,,1
G1411,G1360,Directed,27312,,,1
G1411,G1522,Directed,27313,,,1
G1411,G1675,Directed,27314,,,1
G1411,G1695,Directed,27315,,,1
G1411,G1696,Directed,27316,,,1
G1411,G1735,Directed,27317,,,1
G1412,G49,Directed,27318,,,1
G1412,G51,Directed,27319,,,1
G1412,G52,Directed,27320,,,1
G1412,G53,Directed,27321,,,1
G1412,G69,Directed,27322,,,1
G1412,G71,Directed,27323,,,1
G1412,G80,Directed,27324,,,1
G1412,G81,Directed,27325,,,1
G1412,G97,Directed,27326,,,1
G1412,G100,Directed,27327,,,1
G1412,G150,Directed,27328,,,1
G1412,G245,Directed,27329,,,1
G1412,G265,Directed,27330,,,1
G1412,G423,Directed,27331,,,1
G1412,G456,Directed,27332,,,1
G1412,G1587,Directed,27333,,,1
G1413,G197,Directed,27334,,,1
G1413,G755,Directed,27335,,,1
G1414,G28,Directed,27336,,,1
G1414,G40,Directed,27337,,,1
G1414,G41,Directed,27338,,,1
G1414,G42,Directed,27339,,,1
G1414,G45,Directed,27340,,,1
G1414,G46,Directed,27341,,,1
G1414,G258,Directed,27342,,,1
G1414,G275,Directed,27343,,,1
G1414,G918,Directed,27344,,,1
G1414,G919,Directed,27345,,,1
G1414,G921,Directed,27346,,,1
G1414,G922,Directed,27347,,,1
G1415,G72,Directed,27348,,,1
G1415,G73,Directed,27349,,,1
G1415,G602,Directed,27350,,,1
G1415,G603,Directed,27351,,,1
G1415,G1062,Directed,27352,,,1
G1415,G1100,Directed,27353,,,1
G1415,G1107,Directed,27354,,,1
G1415,G1108,Directed,27355,,,1
G1415,G1244,Directed,27356,,,1
G1415,G1416,Directed,27357,,,1
G1415,G1445,Directed,27358,,,1
G1415,G1446,Directed,27359,,,1
G1415,G1466,Directed,27360,,,1
G1415,G1467,Directed,27361,,,1
G1415,G1502,Directed,27362,,,1
G1415,G1997,Directed,27363,,,1
G1415,G2041,Directed,27364,,,1
G1415,G2042,Directed,27365,,,1
G1415,G2071,Directed,27366,,,1
G1416,G1062,Directed,27367,,,1
G1416,G1415,Directed,27368,,,1
G1416,G1446,Directed,27369,,,1
G1416,G1538,Directed,27370,,,1
G1416,G1627,Directed,27371,,,1
G1417,G193,Directed,27372,,,1
G1417,G194,Directed,27373,,,1
G1417,G323,Directed,27374,,,1
G1417,G1221,Directed,27375,,,1
G1418,G145,Directed,27376,,,1
G1418,G1062,Directed,27377,,,1
G1418,G1063,Directed,27378,,,1
G1418,G1295,Directed,27379,,,1
G1419,G129,Directed,27380,,,1
G1419,G209,Directed,27381,,,1
G1419,G228,Directed,27382,,,1
G1419,G229,Directed,27383,,,1
G1419,G315,Directed,27384,,,1
G1419,G385,Directed,27385,,,1
G1419,G606,Directed,27386,,,1
G1419,G1293,Directed,27387,,,1
G1419,G1651,Directed,27388,,,1
G1420,G62,Directed,27389,,,1
G1420,G63,Directed,27390,,,1
G1420,G508,Directed,27391,,,1
G1420,G706,Directed,27392,,,1
G1420,G974,Directed,27393,,,1
G1420,G1195,Directed,27394,,,1
G1420,G1222,Directed,27395,,,1
G1420,G1227,Directed,27396,,,1
G1420,G1337,Directed,27397,,,1
G1420,G1476,Directed,27398,,,1
G1420,G1511,Directed,27399,,,1
G1420,G1526,Directed,27400,,,1
G1420,G1562,Directed,27401,,,1
G1420,G1962,Directed,27402,,,1
G1421,G440,Directed,27403,,,1
G1421,G441,Directed,27404,,,1
G1421,G506,Directed,27405,,,1
G1421,G1422,Directed,27406,,,1
G1421,G1716,Directed,27407,,,1
G1422,G1421,Directed,27408,,,1
G1423,G403,Directed,27409,,,1
G1423,G404,Directed,27410,,,1
G1423,G485,Directed,27411,,,1
G1423,G1037,Directed,27412,,,1
G1423,G1424,Directed,27413,,,1
G1423,G1438,Directed,27414,,,1
G1423,G1499,Directed,27415,,,1
G1423,G1578,Directed,27416,,,1
G1423,G1931,Directed,27417,,,1
G1424,G404,Directed,27418,,,1
G1424,G485,Directed,27419,,,1
G1424,G1423,Directed,27420,,,1
G1424,G1438,Directed,27421,,,1
G1424,G1464,Directed,27422,,,1
G1424,G1499,Directed,27423,,,1
G1425,G72,Directed,27424,,,1
G1425,G73,Directed,27425,,,1
G1425,G151,Directed,27426,,,1
G1425,G152,Directed,27427,,,1
G1425,G482,Directed,27428,,,1
G1425,G602,Directed,27429,,,1
G1425,G603,Directed,27430,,,1
G1425,G996,Directed,27431,,,1
G1425,G1256,Directed,27432,,,1
G1425,G1257,Directed,27433,,,1
G1425,G1260,Directed,27434,,,1
G1425,G1266,Directed,27435,,,1
G1425,G1277,Directed,27436,,,1
G1425,G1292,Directed,27437,,,1
G1425,G1302,Directed,27438,,,1
G1425,G1316,Directed,27439,,,1
G1425,G1335,Directed,27440,,,1
G1425,G1360,Directed,27441,,,1
G1425,G1440,Directed,27442,,,1
G1425,G1575,Directed,27443,,,1
G1425,G1643,Directed,27444,,,1
G1425,G1879,Directed,27445,,,1
G1425,G1980,Directed,27446,,,1
G1425,G1981,Directed,27447,,,1
G1425,G1983,Directed,27448,,,1
G1425,G2019,Directed,27449,,,1
G1425,G2037,Directed,27450,,,1
G1426,G178,Directed,27451,,,1
G1426,G179,Directed,27452,,,1
G1426,G206,Directed,27453,,,1
G1426,G235,Directed,27454,,,1
G1426,G342,Directed,27455,,,1
G1426,G645,Directed,27456,,,1
G1426,G1118,Directed,27457,,,1
G1426,G1256,Directed,27458,,,1
G1426,G1449,Directed,27459,,,1
G1426,G1628,Directed,27460,,,1
G1426,G1669,Directed,27461,,,1
G1427,G144,Directed,27462,,,1
G1427,G255,Directed,27463,,,1
G1427,G1051,Directed,27464,,,1
G1427,G1147,Directed,27465,,,1
G1427,G1428,Directed,27466,,,1
G1427,G1461,Directed,27467,,,1
G1427,G1806,Directed,27468,,,1
G1428,G1427,Directed,27469,,,1
G1428,G1460,Directed,27470,,,1
G1429,G906,Directed,27471,,,1
G1430,G270,Directed,27472,,,1
G1430,G271,Directed,27473,,,1
G1430,G349,Directed,27474,,,1
G1430,G350,Directed,27475,,,1
G1430,G359,Directed,27476,,,1
G1430,G635,Directed,27477,,,1
G1430,G637,Directed,27478,,,1
G1430,G688,Directed,27479,,,1
G1430,G1168,Directed,27480,,,1
G1430,G1238,Directed,27481,,,1
G1430,G1301,Directed,27482,,,1
G1430,G1353,Directed,27483,,,1
G1430,G1518,Directed,27484,,,1
G1430,G1722,Directed,27485,,,1
G1431,G906,Directed,27486,,,1
G1431,G1139,Directed,27487,,,1
G1432,G1433,Directed,27488,,,1
G1432,G1508,Directed,27489,,,1
G1432,G1990,Directed,27490,,,1
G1432,G2027,Directed,27491,,,1
G1433,G1432,Directed,27492,,,1
G1434,G906,Directed,27493,,,1
G1435,G172,Directed,27494,,,1
G1435,G314,Directed,27495,,,1
G1435,G366,Directed,27496,,,1
G1435,G367,Directed,27497,,,1
G1435,G379,Directed,27498,,,1
G1435,G382,Directed,27499,,,1
G1435,G406,Directed,27500,,,1
G1435,G435,Directed,27501,,,1
G1436,G1437,Directed,27502,,,1
G1437,G87,Directed,27503,,,1
G1437,G1436,Directed,27504,,,1
G1438,G40,Directed,27505,,,1
G1438,G91,Directed,27506,,,1
G1438,G258,Directed,27507,,,1
G1438,G524,Directed,27508,,,1
G1438,G1037,Directed,27509,,,1
G1438,G1423,Directed,27510,,,1
G1438,G1424,Directed,27511,,,1
G1438,G1464,Directed,27512,,,1
G1438,G1690,Directed,27513,,,1
G1438,G1838,Directed,27514,,,1
G1438,G1919,Directed,27515,,,1
G1438,G1931,Directed,27516,,,1
G1438,G2029,Directed,27517,,,1
G1439,G32,Directed,27518,,,1
G1439,G33,Directed,27519,,,1
G1439,G60,Directed,27520,,,1
G1439,G61,Directed,27521,,,1
G1439,G295,Directed,27522,,,1
G1439,G297,Directed,27523,,,1
G1439,G308,Directed,27524,,,1
G1439,G321,Directed,27525,,,1
G1439,G369,Directed,27526,,,1
G1439,G394,Directed,27527,,,1
G1439,G395,Directed,27528,,,1
G1439,G1527,Directed,27529,,,1
G1439,G2157,Directed,27530,,,1
G1440,G482,Directed,27531,,,1
G1440,G1012,Directed,27532,,,1
G1440,G1016,Directed,27533,,,1
G1440,G1027,Directed,27534,,,1
G1440,G1030,Directed,27535,,,1
G1440,G1256,Directed,27536,,,1
G1440,G1257,Directed,27537,,,1
G1440,G1266,Directed,27538,,,1
G1440,G1277,Directed,27539,,,1
G1440,G1425,Directed,27540,,,1
G1440,G1724,Directed,27541,,,1
G1440,G1725,Directed,27542,,,1
G1441,G62,Directed,27543,,,1
G1441,G63,Directed,27544,,,1
G1441,G508,Directed,27545,,,1
G1441,G706,Directed,27546,,,1
G1441,G974,Directed,27547,,,1
G1441,G1195,Directed,27548,,,1
G1441,G1222,Directed,27549,,,1
G1441,G1227,Directed,27550,,,1
G1441,G1337,Directed,27551,,,1
G1441,G1476,Directed,27552,,,1
G1441,G1511,Directed,27553,,,1
G1441,G1526,Directed,27554,,,1
G1441,G1562,Directed,27555,,,1
G1441,G1962,Directed,27556,,,1
G1442,G560,Directed,27557,,,1
G1442,G702,Directed,27558,,,1
G1442,G1034,Directed,27559,,,1
G1442,G1193,Directed,27560,,,1
G1442,G1202,Directed,27561,,,1
G1442,G1215,Directed,27562,,,1
G1442,G1289,Directed,27563,,,1
G1442,G1317,Directed,27564,,,1
G1442,G1595,Directed,27565,,,1
G1442,G1681,Directed,27566,,,1
G1442,G1808,Directed,27567,,,1
G1442,G1892,Directed,27568,,,1
G1442,G1958,Directed,27569,,,1
G1442,G1960,Directed,27570,,,1
G1442,G2000,Directed,27571,,,1
G1442,G2147,Directed,27572,,,1
G1442,G2148,Directed,27573,,,1
G1442,G2271,Directed,27574,,,1
G1443,G112,Directed,27575,,,1
G1443,G167,Directed,27576,,,1
G1443,G175,Directed,27577,,,1
G1443,G176,Directed,27578,,,1
G1443,G177,Directed,27579,,,1
G1443,G178,Directed,27580,,,1
G1443,G179,Directed,27581,,,1
G1443,G180,Directed,27582,,,1
G1443,G181,Directed,27583,,,1
G1443,G182,Directed,27584,,,1
G1443,G183,Directed,27585,,,1
G1443,G184,Directed,27586,,,1
G1443,G185,Directed,27587,,,1
G1443,G186,Directed,27588,,,1
G1443,G187,Directed,27589,,,1
G1443,G189,Directed,27590,,,1
G1443,G190,Directed,27591,,,1
G1443,G191,Directed,27592,,,1
G1443,G192,Directed,27593,,,1
G1443,G195,Directed,27594,,,1
G1443,G334,Directed,27595,,,1
G1443,G449,Directed,27596,,,1
G1443,G518,Directed,27597,,,1
G1443,G923,Directed,27598,,,1
G1443,G924,Directed,27599,,,1
G1443,G925,Directed,27600,,,1
G1443,G926,Directed,27601,,,1
G1443,G927,Directed,27602,,,1
G1443,G928,Directed,27603,,,1
G1443,G932,Directed,27604,,,1
G1443,G933,Directed,27605,,,1
G1443,G934,Directed,27606,,,1
G1443,G935,Directed,27607,,,1
G1443,G936,Directed,27608,,,1
G1443,G937,Directed,27609,,,1
G1443,G938,Directed,27610,,,1
G1443,G939,Directed,27611,,,1
G1443,G940,Directed,27612,,,1
G1443,G941,Directed,27613,,,1
G1443,G942,Directed,27614,,,1
G1443,G943,Directed,27615,,,1
G1443,G944,Directed,27616,,,1
G1443,G949,Directed,27617,,,1
G1443,G953,Directed,27618,,,1
G1443,G954,Directed,27619,,,1
G1443,G955,Directed,27620,,,1
G1443,G1241,Directed,27621,,,1
G1443,G1243,Directed,27622,,,1
G1443,G1245,Directed,27623,,,1
G1443,G1321,Directed,27624,,,1
G1443,G1659,Directed,27625,,,1
G1443,G1671,Directed,27626,,,1
G1444,G908,Directed,27627,,,1
G1444,G1204,Directed,27628,,,1
G1445,G32,Directed,27629,,,1
G1445,G61,Directed,27630,,,1
G1445,G297,Directed,27631,,,1
G1445,G1042,Directed,27632,,,1
G1445,G1062,Directed,27633,,,1
G1445,G1244,Directed,27634,,,1
G1445,G1415,Directed,27635,,,1
G1445,G1446,Directed,27636,,,1
G1446,G145,Directed,27637,,,1
G1446,G167,Directed,27638,,,1
G1446,G517,Directed,27639,,,1
G1446,G1062,Directed,27640,,,1
G1446,G1063,Directed,27641,,,1
G1446,G1100,Directed,27642,,,1
G1446,G1244,Directed,27643,,,1
G1446,G1415,Directed,27644,,,1
G1446,G1416,Directed,27645,,,1
G1446,G1445,Directed,27646,,,1
G1446,G1466,Directed,27647,,,1
G1446,G1467,Directed,27648,,,1
G1446,G1502,Directed,27649,,,1
G1446,G1659,Directed,27650,,,1
G1446,G1671,Directed,27651,,,1
G1446,G2250,Directed,27652,,,1
G1447,G117,Directed,27653,,,1
G1447,G118,Directed,27654,,,1
G1447,G238,Directed,27655,,,1
G1447,G239,Directed,27656,,,1
G1447,G262,Directed,27657,,,1
G1447,G339,Directed,27658,,,1
G1447,G496,Directed,27659,,,1
G1447,G544,Directed,27660,,,1
G1447,G1082,Directed,27661,,,1
G1447,G1110,Directed,27662,,,1
G1447,G1124,Directed,27663,,,1
G1447,G1125,Directed,27664,,,1
G1447,G1309,Directed,27665,,,1
G1447,G1577,Directed,27666,,,1
G1447,G1582,Directed,27667,,,1
G1448,G1315,Directed,27668,,,1
G1449,G64,Directed,27669,,,1
G1449,G178,Directed,27670,,,1
G1449,G179,Directed,27671,,,1
G1449,G206,Directed,27672,,,1
G1449,G235,Directed,27673,,,1
G1449,G342,Directed,27674,,,1
G1449,G645,Directed,27675,,,1
G1449,G1118,Directed,27676,,,1
G1449,G1256,Directed,27677,,,1
G1449,G1426,Directed,27678,,,1
G1449,G1628,Directed,27679,,,1
G1449,G1669,Directed,27680,,,1
G1450,G321,Directed,27681,,,1
G1451,G982,Directed,27682,,,1
G1452,G1453,Directed,27683,,,1
G1453,G763,Directed,27684,,,1
G1453,G1452,Directed,27685,,,1
G1454,G65,Directed,27686,,,1
G1454,G254,Directed,27687,,,1
G1454,G255,Directed,27688,,,1
G1454,G482,Directed,27689,,,1
G1454,G1034,Directed,27690,,,1
G1454,G1051,Directed,27691,,,1
G1454,G1067,Directed,27692,,,1
G1454,G1154,Directed,27693,,,1
G1454,G1155,Directed,27694,,,1
G1454,G1256,Directed,27695,,,1
G1454,G1264,Directed,27696,,,1
G1454,G1265,Directed,27697,,,1
G1454,G1297,Directed,27698,,,1
G1455,G623,Directed,27699,,,1
G1455,G916,Directed,27700,,,1
G1455,G1662,Directed,27701,,,1
G1455,G1762,Directed,27702,,,1
G1455,G2130,Directed,27703,,,1
G1455,G2255,Directed,27704,,,1
G1455,G2256,Directed,27705,,,1
G1455,G2257,Directed,27706,,,1
G1456,G1403,Directed,27707,,,1
G1457,G931,Directed,27708,,,1
G1458,G1055,Directed,27709,,,1
G1459,G170,Directed,27710,,,1
G1460,G144,Directed,27711,,,1
G1460,G255,Directed,27712,,,1
G1460,G1051,Directed,27713,,,1
G1460,G1147,Directed,27714,,,1
G1460,G1428,Directed,27715,,,1
G1460,G1461,Directed,27716,,,1
G1460,G1806,Directed,27717,,,1
G1461,G1427,Directed,27718,,,1
G1461,G1460,Directed,27719,,,1
G1462,G1463,Directed,27720,,,1
G1462,G1632,Directed,27721,,,1
G1463,G1007,Directed,27722,,,1
G1463,G1462,Directed,27723,,,1
G1463,G1509,Directed,27724,,,1
G1464,G403,Directed,27725,,,1
G1464,G404,Directed,27726,,,1
G1464,G485,Directed,27727,,,1
G1464,G1037,Directed,27728,,,1
G1464,G1424,Directed,27729,,,1
G1464,G1438,Directed,27730,,,1
G1464,G1499,Directed,27731,,,1
G1464,G1578,Directed,27732,,,1
G1464,G1931,Directed,27733,,,1
G1465,G1225,Directed,27734,,,1
G1466,G1062,Directed,27735,,,1
G1466,G1415,Directed,27736,,,1
G1466,G1446,Directed,27737,,,1
G1466,G1538,Directed,27738,,,1
G1466,G1627,Directed,27739,,,1
G1467,G32,Directed,27740,,,1
G1467,G61,Directed,27741,,,1
G1467,G297,Directed,27742,,,1
G1467,G1042,Directed,27743,,,1
G1467,G1062,Directed,27744,,,1
G1467,G1244,Directed,27745,,,1
G1467,G1415,Directed,27746,,,1
G1467,G1446,Directed,27747,,,1
G1468,G321,Directed,27748,,,1
G1468,G882,Directed,27749,,,1
G1468,G1260,Directed,27750,,,1
G1468,G1292,Directed,27751,,,1
G1468,G1302,Directed,27752,,,1
G1468,G1316,Directed,27753,,,1
G1468,G1824,Directed,27754,,,1
G1468,G1917,Directed,27755,,,1
G1468,G1948,Directed,27756,,,1
G1468,G2054,Directed,27757,,,1
G1469,G193,Directed,27758,,,1
G1469,G194,Directed,27759,,,1
G1469,G323,Directed,27760,,,1
G1469,G1221,Directed,27761,,,1
G1470,G1159,Directed,27762,,,1
G1471,G1209,Directed,27763,,,1
G1472,G9,Directed,27764,,,1
G1472,G77,Directed,27765,,,1
G1472,G431,Directed,27766,,,1
G1472,G500,Directed,27767,,,1
G1472,G629,Directed,27768,,,1
G1472,G975,Directed,27769,,,1
G1472,G1217,Directed,27770,,,1
G1472,G1218,Directed,27771,,,1
G1472,G1302,Directed,27772,,,1
G1472,G1335,Directed,27773,,,1
G1472,G1360,Directed,27774,,,1
G1472,G1615,Directed,27775,,,1
G1472,G1724,Directed,27776,,,1
G1472,G1725,Directed,27777,,,1
G1472,G1940,Directed,27778,,,1
G1472,G1967,Directed,27779,,,1
G1472,G2034,Directed,27780,,,1
G1472,G2040,Directed,27781,,,1
G1473,G1134,Directed,27782,,,1
G1474,G318,Directed,27783,,,1
G1474,G321,Directed,27784,,,1
G1474,G1580,Directed,27785,,,1
G1475,G763,Directed,27786,,,1
G1476,G410,Directed,27787,,,1
G1476,G1072,Directed,27788,,,1
G1476,G1420,Directed,27789,,,1
G1476,G1441,Directed,27790,,,1
G1476,G1887,Directed,27791,,,1
G1476,G1901,Directed,27792,,,1
G1476,G1904,Directed,27793,,,1
G1476,G2103,Directed,27794,,,1
G1477,G119,Directed,27795,,,1
G1477,G1478,Directed,27796,,,1
G1477,G1479,Directed,27797,,,1
G1477,G1480,Directed,27798,,,1
G1477,G1481,Directed,27799,,,1
G1478,G67,Directed,27800,,,1
G1478,G455,Directed,27801,,,1
G1478,G1126,Directed,27802,,,1
G1478,G1477,Directed,27803,,,1
G1478,G1711,Directed,27804,,,1
G1478,G2245,Directed,27805,,,1
G1479,G67,Directed,27806,,,1
G1479,G1126,Directed,27807,,,1
G1479,G1477,Directed,27808,,,1
G1480,G67,Directed,27809,,,1
G1480,G1126,Directed,27810,,,1
G1480,G1477,Directed,27811,,,1
G1481,G67,Directed,27812,,,1
G1481,G1126,Directed,27813,,,1
G1481,G1477,Directed,27814,,,1
G1482,G265,Directed,27815,,,1
G1482,G770,Directed,27816,,,1
G1482,G1375,Directed,27817,,,1
G1482,G1377,Directed,27818,,,1
G1482,G1488,Directed,27819,,,1
G1482,G1489,Directed,27820,,,1
G1482,G1505,Directed,27821,,,1
G1482,G1622,Directed,27822,,,1
G1482,G1737,Directed,27823,,,1
G1482,G1765,Directed,27824,,,1
G1483,G255,Directed,27825,,,1
G1483,G1034,Directed,27826,,,1
G1483,G1051,Directed,27827,,,1
G1483,G1056,Directed,27828,,,1
G1483,G1525,Directed,27829,,,1
G1484,G1056,Directed,27830,,,1
G1485,G1403,Directed,27831,,,1
G1486,G433,Directed,27832,,,1
G1486,G1487,Directed,27833,,,1
G1486,G2167,Directed,27834,,,1
G1487,G433,Directed,27835,,,1
G1487,G434,Directed,27836,,,1
G1487,G1486,Directed,27837,,,1
G1487,G2167,Directed,27838,,,1
G1488,G265,Directed,27839,,,1
G1488,G770,Directed,27840,,,1
G1488,G1375,Directed,27841,,,1
G1488,G1377,Directed,27842,,,1
G1488,G1482,Directed,27843,,,1
G1488,G1489,Directed,27844,,,1
G1488,G1505,Directed,27845,,,1
G1488,G1622,Directed,27846,,,1
G1488,G1737,Directed,27847,,,1
G1488,G1765,Directed,27848,,,1
G1489,G265,Directed,27849,,,1
G1489,G770,Directed,27850,,,1
G1489,G1375,Directed,27851,,,1
G1489,G1377,Directed,27852,,,1
G1489,G1482,Directed,27853,,,1
G1489,G1488,Directed,27854,,,1
G1489,G1622,Directed,27855,,,1
G1489,G1737,Directed,27856,,,1
G1489,G1765,Directed,27857,,,1
G1489,G2017,Directed,27858,,,1
G1490,G621,Directed,27859,,,1
G1491,G396,Directed,27860,,,1
G1491,G397,Directed,27861,,,1
G1491,G1062,Directed,27862,,,1
G1491,G1107,Directed,27863,,,1
G1491,G1108,Directed,27864,,,1
G1491,G1244,Directed,27865,,,1
G1491,G1408,Directed,27866,,,1
G1491,G1492,Directed,27867,,,1
G1491,G1731,Directed,27868,,,1
G1491,G1749,Directed,27869,,,1
G1491,G1751,Directed,27870,,,1
G1491,G1758,Directed,27871,,,1
G1491,G1886,Directed,27872,,,1
G1491,G2023,Directed,27873,,,1
G1492,G1491,Directed,27874,,,1
G1493,G246,Directed,27875,,,1
G1493,G255,Directed,27876,,,1
G1493,G352,Directed,27877,,,1
G1493,G383,Directed,27878,,,1
G1493,G400,Directed,27879,,,1
G1493,G682,Directed,27880,,,1
G1493,G732,Directed,27881,,,1
G1493,G802,Directed,27882,,,1
G1493,G1051,Directed,27883,,,1
G1493,G1062,Directed,27884,,,1
G1493,G1187,Directed,27885,,,1
G1493,G1244,Directed,27886,,,1
G1493,G1657,Directed,27887,,,1
G1493,G1939,Directed,27888,,,1
G1494,G67,Directed,27889,,,1
G1494,G68,Directed,27890,,,1
G1494,G91,Directed,27891,,,1
G1494,G210,Directed,27892,,,1
G1494,G213,Directed,27893,,,1
G1494,G692,Directed,27894,,,1
G1494,G912,Directed,27895,,,1
G1494,G913,Directed,27896,,,1
G1494,G914,Directed,27897,,,1
G1494,G917,Directed,27898,,,1
G1494,G1104,Directed,27899,,,1
G1494,G1114,Directed,27900,,,1
G1494,G1121,Directed,27901,,,1
G1494,G1122,Directed,27902,,,1
G1494,G1302,Directed,27903,,,1
G1494,G1335,Directed,27904,,,1
G1494,G1360,Directed,27905,,,1
G1494,G1495,Directed,27906,,,1
G1494,G1817,Directed,27907,,,1
G1494,G1831,Directed,27908,,,1
G1494,G1836,Directed,27909,,,1
G1494,G1872,Directed,27910,,,1
G1494,G1883,Directed,27911,,,1
G1494,G1935,Directed,27912,,,1
G1494,G1952,Directed,27913,,,1
G1494,G1986,Directed,27914,,,1
G1494,G1988,Directed,27915,,,1
G1494,G1995,Directed,27916,,,1
G1495,G67,Directed,27917,,,1
G1495,G68,Directed,27918,,,1
G1495,G91,Directed,27919,,,1
G1495,G113,Directed,27920,,,1
G1495,G210,Directed,27921,,,1
G1495,G213,Directed,27922,,,1
G1495,G322,Directed,27923,,,1
G1495,G422,Directed,27924,,,1
G1495,G892,Directed,27925,,,1
G1495,G912,Directed,27926,,,1
G1495,G913,Directed,27927,,,1
G1495,G914,Directed,27928,,,1
G1495,G917,Directed,27929,,,1
G1495,G1104,Directed,27930,,,1
G1495,G1114,Directed,27931,,,1
G1495,G1121,Directed,27932,,,1
G1495,G1122,Directed,27933,,,1
G1495,G1156,Directed,27934,,,1
G1495,G1163,Directed,27935,,,1
G1495,G1253,Directed,27936,,,1
G1495,G1254,Directed,27937,,,1
G1495,G1261,Directed,27938,,,1
G1495,G1262,Directed,27939,,,1
G1495,G1273,Directed,27940,,,1
G1495,G1305,Directed,27941,,,1
G1495,G1494,Directed,27942,,,1
G1495,G1817,Directed,27943,,,1
G1495,G1831,Directed,27944,,,1
G1495,G1836,Directed,27945,,,1
G1495,G1872,Directed,27946,,,1
G1495,G1883,Directed,27947,,,1
G1496,G144,Directed,27948,,,1
G1496,G537,Directed,27949,,,1
G1496,G1090,Directed,27950,,,1
G1496,G1091,Directed,27951,,,1
G1496,G1704,Directed,27952,,,1
G1496,G1764,Directed,27953,,,1
G1496,G1952,Directed,27954,,,1
G1496,G1986,Directed,27955,,,1
G1496,G1988,Directed,27956,,,1
G1496,G1995,Directed,27957,,,1
G1497,G509,Directed,27958,,,1
G1497,G757,Directed,27959,,,1
G1497,G764,Directed,27960,,,1
G1497,G909,Directed,27961,,,1
G1497,G1042,Directed,27962,,,1
G1497,G1173,Directed,27963,,,1
G1497,G1255,Directed,27964,,,1
G1497,G1379,Directed,27965,,,1
G1497,G1543,Directed,27966,,,1
G1497,G1610,Directed,27967,,,1
G1497,G1623,Directed,27968,,,1
G1497,G1660,Directed,27969,,,1
G1497,G1691,Directed,27970,,,1
G1497,G2032,Directed,27971,,,1
G1497,G2045,Directed,27972,,,1
G1497,G2051,Directed,27973,,,1
G1498,G170,Directed,27974,,,1
G1499,G279,Directed,27975,,,1
G1499,G403,Directed,27976,,,1
G1499,G432,Directed,27977,,,1
G1499,G682,Directed,27978,,,1
G1499,G802,Directed,27979,,,1
G1499,G1169,Directed,27980,,,1
G1499,G1423,Directed,27981,,,1
G1499,G1424,Directed,27982,,,1
G1499,G1464,Directed,27983,,,1
G1499,G1578,Directed,27984,,,1
G1499,G1631,Directed,27985,,,1
G1499,G1639,Directed,27986,,,1
G1499,G1726,Directed,27987,,,1
G1499,G1845,Directed,27988,,,1
G1500,G321,Directed,27989,,,1
G1500,G1711,Directed,27990,,,1
G1500,G2245,Directed,27991,,,1
G1501,G539,Directed,27992,,,1
G1501,G540,Directed,27993,,,1
G1501,G1687,Directed,27994,,,1
G1502,G1062,Directed,27995,,,1
G1502,G1415,Directed,27996,,,1
G1502,G1446,Directed,27997,,,1
G1502,G1538,Directed,27998,,,1
G1502,G1627,Directed,27999,,,1
G1503,G112,Directed,28000,,,1
G1503,G167,Directed,28001,,,1
G1503,G175,Directed,28002,,,1
G1503,G176,Directed,28003,,,1
G1503,G177,Directed,28004,,,1
G1503,G178,Directed,28005,,,1
G1503,G179,Directed,28006,,,1
G1503,G180,Directed,28007,,,1
G1503,G181,Directed,28008,,,1
G1503,G182,Directed,28009,,,1
G1503,G183,Directed,28010,,,1
G1503,G184,Directed,28011,,,1
G1503,G185,Directed,28012,,,1
G1503,G186,Directed,28013,,,1
G1503,G187,Directed,28014,,,1
G1503,G189,Directed,28015,,,1
G1503,G190,Directed,28016,,,1
G1503,G191,Directed,28017,,,1
G1503,G192,Directed,28018,,,1
G1503,G195,Directed,28019,,,1
G1503,G334,Directed,28020,,,1
G1503,G449,Directed,28021,,,1
G1503,G518,Directed,28022,,,1
G1503,G923,Directed,28023,,,1
G1503,G924,Directed,28024,,,1
G1503,G925,Directed,28025,,,1
G1503,G926,Directed,28026,,,1
G1503,G927,Directed,28027,,,1
G1503,G928,Directed,28028,,,1
G1503,G932,Directed,28029,,,1
G1503,G933,Directed,28030,,,1
G1503,G934,Directed,28031,,,1
G1503,G935,Directed,28032,,,1
G1503,G936,Directed,28033,,,1
G1503,G937,Directed,28034,,,1
G1503,G938,Directed,28035,,,1
G1503,G939,Directed,28036,,,1
G1503,G940,Directed,28037,,,1
G1503,G941,Directed,28038,,,1
G1503,G942,Directed,28039,,,1
G1503,G943,Directed,28040,,,1
G1503,G944,Directed,28041,,,1
G1503,G949,Directed,28042,,,1
G1503,G953,Directed,28043,,,1
G1503,G954,Directed,28044,,,1
G1503,G955,Directed,28045,,,1
G1503,G1241,Directed,28046,,,1
G1503,G1243,Directed,28047,,,1
G1503,G1245,Directed,28048,,,1
G1503,G1321,Directed,28049,,,1
G1503,G1659,Directed,28050,,,1
G1503,G1671,Directed,28051,,,1
G1504,G303,Directed,28052,,,1
G1504,G304,Directed,28053,,,1
G1504,G333,Directed,28054,,,1
G1504,G370,Directed,28055,,,1
G1504,G387,Directed,28056,,,1
G1504,G419,Directed,28057,,,1
G1504,G421,Directed,28058,,,1
G1504,G429,Directed,28059,,,1
G1504,G451,Directed,28060,,,1
G1504,G452,Directed,28061,,,1
G1504,G493,Directed,28062,,,1
G1504,G494,Directed,28063,,,1
G1504,G511,Directed,28064,,,1
G1504,G520,Directed,28065,,,1
G1504,G691,Directed,28066,,,1
G1504,G711,Directed,28067,,,1
G1504,G1515,Directed,28068,,,1
G1504,G1516,Directed,28069,,,1
G1504,G1517,Directed,28070,,,1
G1504,G1649,Directed,28071,,,1
G1504,G1809,Directed,28072,,,1
G1505,G265,Directed,28073,,,1
G1505,G770,Directed,28074,,,1
G1505,G1375,Directed,28075,,,1
G1505,G1377,Directed,28076,,,1
G1505,G1482,Directed,28077,,,1
G1505,G1488,Directed,28078,,,1
G1505,G1622,Directed,28079,,,1
G1505,G1737,Directed,28080,,,1
G1505,G1765,Directed,28081,,,1
G1505,G2017,Directed,28082,,,1
G1506,G470,Directed,28083,,,1
G1506,G1123,Directed,28084,,,1
G1506,G1298,Directed,28085,,,1
G1506,G1337,Directed,28086,,,1
G1506,G1942,Directed,28087,,,1
G1506,G1968,Directed,28088,,,1
G1506,G1970,Directed,28089,,,1
G1507,G1225,Directed,28090,,,1
G1508,G1432,Directed,28091,,,1
G1509,G1463,Directed,28092,,,1
G1509,G1777,Directed,28093,,,1
G1510,G111,Directed,28094,,,1
G1510,G1626,Directed,28095,,,1
G1510,G1627,Directed,28096,,,1
G1511,G321,Directed,28097,,,1
G1511,G1420,Directed,28098,,,1
G1511,G1441,Directed,28099,,,1
G1512,G908,Directed,28100,,,1
G1513,G1186,Directed,28101,,,1
G1514,G905,Directed,28102,,,1
G1515,G303,Directed,28103,,,1
G1515,G304,Directed,28104,,,1
G1515,G333,Directed,28105,,,1
G1515,G370,Directed,28106,,,1
G1515,G387,Directed,28107,,,1
G1515,G419,Directed,28108,,,1
G1515,G421,Directed,28109,,,1
G1515,G429,Directed,28110,,,1
G1515,G451,Directed,28111,,,1
G1515,G452,Directed,28112,,,1
G1515,G493,Directed,28113,,,1
G1515,G494,Directed,28114,,,1
G1515,G511,Directed,28115,,,1
G1515,G520,Directed,28116,,,1
G1515,G691,Directed,28117,,,1
G1515,G711,Directed,28118,,,1
G1515,G1504,Directed,28119,,,1
G1515,G1516,Directed,28120,,,1
G1515,G1517,Directed,28121,,,1
G1515,G1649,Directed,28122,,,1
G1515,G1809,Directed,28123,,,1
G1516,G303,Directed,28124,,,1
G1516,G304,Directed,28125,,,1
G1516,G333,Directed,28126,,,1
G1516,G370,Directed,28127,,,1
G1516,G387,Directed,28128,,,1
G1516,G419,Directed,28129,,,1
G1516,G421,Directed,28130,,,1
G1516,G429,Directed,28131,,,1
G1516,G451,Directed,28132,,,1
G1516,G452,Directed,28133,,,1
G1516,G493,Directed,28134,,,1
G1516,G494,Directed,28135,,,1
G1516,G511,Directed,28136,,,1
G1516,G520,Directed,28137,,,1
G1516,G691,Directed,28138,,,1
G1516,G711,Directed,28139,,,1
G1516,G1504,Directed,28140,,,1
G1516,G1515,Directed,28141,,,1
G1516,G1517,Directed,28142,,,1
G1516,G1649,Directed,28143,,,1
G1516,G1809,Directed,28144,,,1
G1517,G303,Directed,28145,,,1
G1517,G304,Directed,28146,,,1
G1517,G333,Directed,28147,,,1
G1517,G370,Directed,28148,,,1
G1517,G387,Directed,28149,,,1
G1517,G419,Directed,28150,,,1
G1517,G421,Directed,28151,,,1
G1517,G429,Directed,28152,,,1
G1517,G451,Directed,28153,,,1
G1517,G452,Directed,28154,,,1
G1517,G493,Directed,28155,,,1
G1517,G494,Directed,28156,,,1
G1517,G511,Directed,28157,,,1
G1517,G520,Directed,28158,,,1
G1517,G691,Directed,28159,,,1
G1517,G711,Directed,28160,,,1
G1517,G1504,Directed,28161,,,1
G1517,G1515,Directed,28162,,,1
G1517,G1516,Directed,28163,,,1
G1517,G1649,Directed,28164,,,1
G1517,G1809,Directed,28165,,,1
G1517,G2082,Directed,28166,,,1
G1517,G2083,Directed,28167,,,1
G1518,G270,Directed,28168,,,1
G1518,G271,Directed,28169,,,1
G1518,G349,Directed,28170,,,1
G1518,G350,Directed,28171,,,1
G1518,G401,Directed,28172,,,1
G1518,G635,Directed,28173,,,1
G1518,G637,Directed,28174,,,1
G1518,G688,Directed,28175,,,1
G1518,G1110,Directed,28176,,,1
G1518,G1168,Directed,28177,,,1
G1518,G1238,Directed,28178,,,1
G1518,G1301,Directed,28179,,,1
G1518,G1353,Directed,28180,,,1
G1518,G1430,Directed,28181,,,1
G1519,G301,Directed,28182,,,1
G1520,G25,Directed,28183,,,1
G1520,G350,Directed,28184,,,1
G1520,G1521,Directed,28185,,,1
G1520,G1650,Directed,28186,,,1
G1521,G25,Directed,28187,,,1
G1521,G350,Directed,28188,,,1
G1521,G1520,Directed,28189,,,1
G1521,G1650,Directed,28190,,,1
G1522,G1411,Directed,28191,,,1
G1523,G418,Directed,28192,,,1
G1523,G763,Directed,28193,,,1
G1523,G1274,Directed,28194,,,1
G1524,G72,Directed,28195,,,1
G1524,G73,Directed,28196,,,1
G1524,G353,Directed,28197,,,1
G1524,G602,Directed,28198,,,1
G1524,G603,Directed,28199,,,1
G1524,G636,Directed,28200,,,1
G1524,G647,Directed,28201,,,1
G1524,G1118,Directed,28202,,,1
G1524,G1318,Directed,28203,,,1
G1524,G1770,Directed,28204,,,1
G1524,G1787,Directed,28205,,,1
G1524,G1994,Directed,28206,,,1
G1525,G1483,Directed,28207,,,1
G1526,G1337,Directed,28208,,,1
G1526,G1420,Directed,28209,,,1
G1526,G1441,Directed,28210,,,1
G1526,G2066,Directed,28211,,,1
G1527,G32,Directed,28212,,,1
G1527,G33,Directed,28213,,,1
G1527,G60,Directed,28214,,,1
G1527,G61,Directed,28215,,,1
G1527,G295,Directed,28216,,,1
G1527,G297,Directed,28217,,,1
G1527,G308,Directed,28218,,,1
G1527,G321,Directed,28219,,,1
G1527,G369,Directed,28220,,,1
G1527,G394,Directed,28221,,,1
G1527,G395,Directed,28222,,,1
G1527,G1439,Directed,28223,,,1
G1528,G763,Directed,28224,,,1
G1529,G978,Directed,28225,,,1
G1529,G979,Directed,28226,,,1
G1529,G1071,Directed,28227,,,1
G1529,G1366,Directed,28228,,,1
G1529,G1392,Directed,28229,,,1
G1529,G1724,Directed,28230,,,1
G1529,G1725,Directed,28231,,,1
G1529,G1895,Directed,28232,,,1
G1529,G1922,Directed,28233,,,1
G1530,G978,Directed,28234,,,1
G1530,G979,Directed,28235,,,1
G1530,G1071,Directed,28236,,,1
G1530,G1366,Directed,28237,,,1
G1530,G1392,Directed,28238,,,1
G1530,G1724,Directed,28239,,,1
G1530,G1725,Directed,28240,,,1
G1530,G1895,Directed,28241,,,1
G1530,G1922,Directed,28242,,,1
G1531,G6,Directed,28243,,,1
G1531,G109,Directed,28244,,,1
G1531,G110,Directed,28245,,,1
G1531,G239,Directed,28246,,,1
G1531,G292,Directed,28247,,,1
G1531,G313,Directed,28248,,,1
G1531,G350,Directed,28249,,,1
G1531,G469,Directed,28250,,,1
G1531,G688,Directed,28251,,,1
G1531,G1110,Directed,28252,,,1
G1531,G1124,Directed,28253,,,1
G1531,G1125,Directed,28254,,,1
G1531,G1301,Directed,28255,,,1
G1531,G1309,Directed,28256,,,1
G1532,G1046,Directed,28257,,,1
G1533,G108,Directed,28258,,,1
G1533,G211,Directed,28259,,,1
G1533,G212,Directed,28260,,,1
G1533,G221,Directed,28261,,,1
G1533,G222,Directed,28262,,,1
G1533,G993,Directed,28263,,,1
G1533,G1011,Directed,28264,,,1
G1533,G1012,Directed,28265,,,1
G1533,G1016,Directed,28266,,,1
G1533,G1027,Directed,28267,,,1
G1533,G1030,Directed,28268,,,1
G1533,G1322,Directed,28269,,,1
G1533,G2075,Directed,28270,,,1
G1534,G321,Directed,28271,,,1
G1534,G613,Directed,28272,,,1
G1535,G433,Directed,28273,,,1
G1535,G1536,Directed,28274,,,1
G1535,G1711,Directed,28275,,,1
G1535,G2245,Directed,28276,,,1
G1536,G1535,Directed,28277,,,1
G1537,G68,Directed,28278,,,1
G1537,G91,Directed,28279,,,1
G1537,G112,Directed,28280,,,1
G1537,G175,Directed,28281,,,1
G1537,G176,Directed,28282,,,1
G1537,G177,Directed,28283,,,1
G1537,G180,Directed,28284,,,1
G1537,G183,Directed,28285,,,1
G1537,G186,Directed,28286,,,1
G1537,G190,Directed,28287,,,1
G1537,G191,Directed,28288,,,1
G1537,G192,Directed,28289,,,1
G1537,G195,Directed,28290,,,1
G1537,G204,Directed,28291,,,1
G1537,G205,Directed,28292,,,1
G1537,G206,Directed,28293,,,1
G1537,G207,Directed,28294,,,1
G1537,G223,Directed,28295,,,1
G1537,G255,Directed,28296,,,1
G1537,G305,Directed,28297,,,1
G1537,G518,Directed,28298,,,1
G1537,G923,Directed,28299,,,1
G1537,G924,Directed,28300,,,1
G1537,G932,Directed,28301,,,1
G1537,G933,Directed,28302,,,1
G1537,G936,Directed,28303,,,1
G1537,G937,Directed,28304,,,1
G1537,G949,Directed,28305,,,1
G1537,G967,Directed,28306,,,1
G1537,G1038,Directed,28307,,,1
G1537,G1101,Directed,28308,,,1
G1537,G1161,Directed,28309,,,1
G1537,G1390,Directed,28310,,,1
G1537,G1657,Directed,28311,,,1
G1538,G233,Directed,28312,,,1
G1538,G234,Directed,28313,,,1
G1538,G317,Directed,28314,,,1
G1538,G325,Directed,28315,,,1
G1538,G326,Directed,28316,,,1
G1538,G364,Directed,28317,,,1
G1538,G541,Directed,28318,,,1
G1538,G832,Directed,28319,,,1
G1538,G1077,Directed,28320,,,1
G1538,G1100,Directed,28321,,,1
G1538,G1182,Directed,28322,,,1
G1538,G1188,Directed,28323,,,1
G1538,G1275,Directed,28324,,,1
G1538,G1327,Directed,28325,,,1
G1538,G1361,Directed,28326,,,1
G1538,G1416,Directed,28327,,,1
G1538,G1466,Directed,28328,,,1
G1538,G1502,Directed,28329,,,1
G1538,G1553,Directed,28330,,,1
G1539,G976,Directed,28331,,,1
G1540,G68,Directed,28332,,,1
G1540,G91,Directed,28333,,,1
G1540,G112,Directed,28334,,,1
G1540,G175,Directed,28335,,,1
G1540,G176,Directed,28336,,,1
G1540,G177,Directed,28337,,,1
G1540,G180,Directed,28338,,,1
G1540,G183,Directed,28339,,,1
G1540,G186,Directed,28340,,,1
G1540,G190,Directed,28341,,,1
G1540,G191,Directed,28342,,,1
G1540,G192,Directed,28343,,,1
G1540,G195,Directed,28344,,,1
G1540,G204,Directed,28345,,,1
G1540,G205,Directed,28346,,,1
G1540,G206,Directed,28347,,,1
G1540,G207,Directed,28348,,,1
G1540,G223,Directed,28349,,,1
G1540,G255,Directed,28350,,,1
G1540,G305,Directed,28351,,,1
G1540,G415,Directed,28352,,,1
G1540,G518,Directed,28353,,,1
G1540,G923,Directed,28354,,,1
G1540,G924,Directed,28355,,,1
G1540,G932,Directed,28356,,,1
G1540,G933,Directed,28357,,,1
G1540,G936,Directed,28358,,,1
G1540,G937,Directed,28359,,,1
G1540,G949,Directed,28360,,,1
G1540,G967,Directed,28361,,,1
G1540,G1038,Directed,28362,,,1
G1540,G1101,Directed,28363,,,1
G1540,G1161,Directed,28364,,,1
G1540,G1390,Directed,28365,,,1
G1540,G1657,Directed,28366,,,1
G1540,G2214,Directed,28367,,,1
G1541,G1004,Directed,28368,,,1
G1542,G391,Directed,28369,,,1
G1542,G411,Directed,28370,,,1
G1542,G412,Directed,28371,,,1
G1542,G1251,Directed,28372,,,1
G1542,G1252,Directed,28373,,,1
G1542,G1618,Directed,28374,,,1
G1543,G325,Directed,28375,,,1
G1543,G562,Directed,28376,,,1
G1543,G882,Directed,28377,,,1
G1543,G920,Directed,28378,,,1
G1543,G1034,Directed,28379,,,1
G1543,G1042,Directed,28380,,,1
G1543,G1182,Directed,28381,,,1
G1543,G1255,Directed,28382,,,1
G1543,G1497,Directed,28383,,,1
G1543,G1692,Directed,28384,,,1
G1543,G2174,Directed,28385,,,1
G1544,G21,Directed,28386,,,1
G1544,G305,Directed,28387,,,1
G1544,G447,Directed,28388,,,1
G1544,G590,Directed,28389,,,1
G1544,G1038,Directed,28390,,,1
G1544,G1337,Directed,28391,,,1
G1544,G1390,Directed,28392,,,1
G1544,G1399,Directed,28393,,,1
G1544,G1607,Directed,28394,,,1
G1544,G1932,Directed,28395,,,1
G1545,G1546,Directed,28396,,,1
G1545,G1569,Directed,28397,,,1
G1545,G1802,Directed,28398,,,1
G1545,G1803,Directed,28399,,,1
G1545,G1863,Directed,28400,,,1
G1546,G1545,Directed,28401,,,1
G1546,G1802,Directed,28402,,,1
G1546,G1803,Directed,28403,,,1
G1546,G1863,Directed,28404,,,1
G1547,G21,Directed,28405,,,1
G1547,G305,Directed,28406,,,1
G1547,G447,Directed,28407,,,1
G1547,G590,Directed,28408,,,1
G1547,G1038,Directed,28409,,,1
G1547,G1337,Directed,28410,,,1
G1547,G1390,Directed,28411,,,1
G1547,G1399,Directed,28412,,,1
G1547,G1607,Directed,28413,,,1
G1547,G1932,Directed,28414,,,1
G1548,G1549,Directed,28415,,,1
G1549,G17,Directed,28416,,,1
G1549,G604,Directed,28417,,,1
G1549,G1548,Directed,28418,,,1
G1550,G170,Directed,28419,,,1
G1551,G375,Directed,28420,,,1
G1551,G1225,Directed,28421,,,1
G1551,G2144,Directed,28422,,,1
G1551,G2145,Directed,28423,,,1
G1551,G2164,Directed,28424,,,1
G1552,G321,Directed,28425,,,1
G1553,G317,Directed,28426,,,1
G1553,G325,Directed,28427,,,1
G1553,G326,Directed,28428,,,1
G1553,G364,Directed,28429,,,1
G1553,G1182,Directed,28430,,,1
G1553,G1188,Directed,28431,,,1
G1553,G1275,Directed,28432,,,1
G1553,G1327,Directed,28433,,,1
G1553,G1361,Directed,28434,,,1
G1553,G1538,Directed,28435,,,1
G1554,G2,Directed,28436,,,1
G1554,G99,Directed,28437,,,1
G1554,G101,Directed,28438,,,1
G1554,G131,Directed,28439,,,1
G1554,G155,Directed,28440,,,1
G1554,G156,Directed,28441,,,1
G1554,G296,Directed,28442,,,1
G1554,G309,Directed,28443,,,1
G1554,G342,Directed,28444,,,1
G1554,G373,Directed,28445,,,1
G1554,G384,Directed,28446,,,1
G1554,G386,Directed,28447,,,1
G1554,G393,Directed,28448,,,1
G1554,G402,Directed,28449,,,1
G1554,G468,Directed,28450,,,1
G1554,G478,Directed,28451,,,1
G1554,G534,Directed,28452,,,1
G1554,G663,Directed,28453,,,1
G1554,G680,Directed,28454,,,1
G1554,G862,Directed,28455,,,1
G1554,G1104,Directed,28456,,,1
G1554,G1561,Directed,28457,,,1
G1555,G548,Directed,28458,,,1
G1556,G20,Directed,28459,,,1
G1556,G32,Directed,28460,,,1
G1556,G61,Directed,28461,,,1
G1556,G297,Directed,28462,,,1
G1556,G306,Directed,28463,,,1
G1556,G562,Directed,28464,,,1
G1556,G592,Directed,28465,,,1
G1556,G920,Directed,28466,,,1
G1556,G1086,Directed,28467,,,1
G1556,G1302,Directed,28468,,,1
G1556,G1335,Directed,28469,,,1
G1556,G1360,Directed,28470,,,1
G1556,G1573,Directed,28471,,,1
G1556,G1742,Directed,28472,,,1
G1556,G1759,Directed,28473,,,1
G1556,G1766,Directed,28474,,,1
G1556,G1783,Directed,28475,,,1
G1556,G1837,Directed,28476,,,1
G1556,G1929,Directed,28477,,,1
G1556,G2263,Directed,28478,,,1
G1557,G1376,Directed,28479,,,1
G1558,G249,Directed,28480,,,1
G1559,G851,Directed,28481,,,1
G1559,G988,Directed,28482,,,1
G1559,G1560,Directed,28483,,,1
G1559,G1656,Directed,28484,,,1
G1560,G122,Directed,28485,,,1
G1560,G851,Directed,28486,,,1
G1560,G988,Directed,28487,,,1
G1560,G992,Directed,28488,,,1
G1560,G1192,Directed,28489,,,1
G1560,G1366,Directed,28490,,,1
G1560,G1392,Directed,28491,,,1
G1560,G1559,Directed,28492,,,1
G1560,G1575,Directed,28493,,,1
G1560,G1586,Directed,28494,,,1
G1560,G1621,Directed,28495,,,1
G1560,G1643,Directed,28496,,,1
G1560,G1644,Directed,28497,,,1
G1561,G2,Directed,28498,,,1
G1561,G99,Directed,28499,,,1
G1561,G101,Directed,28500,,,1
G1561,G131,Directed,28501,,,1
G1561,G155,Directed,28502,,,1
G1561,G156,Directed,28503,,,1
G1561,G296,Directed,28504,,,1
G1561,G309,Directed,28505,,,1
G1561,G342,Directed,28506,,,1
G1561,G373,Directed,28507,,,1
G1561,G384,Directed,28508,,,1
G1561,G386,Directed,28509,,,1
G1561,G393,Directed,28510,,,1
G1561,G402,Directed,28511,,,1
G1561,G468,Directed,28512,,,1
G1561,G478,Directed,28513,,,1
G1561,G534,Directed,28514,,,1
G1561,G663,Directed,28515,,,1
G1561,G680,Directed,28516,,,1
G1561,G862,Directed,28517,,,1
G1561,G1104,Directed,28518,,,1
G1561,G1554,Directed,28519,,,1
G1562,G1337,Directed,28520,,,1
G1562,G1420,Directed,28521,,,1
G1562,G1441,Directed,28522,,,1
G1562,G2066,Directed,28523,,,1
G1563,G144,Directed,28524,,,1
G1563,G517,Directed,28525,,,1
G1563,G860,Directed,28526,,,1
G1563,G962,Directed,28527,,,1
G1563,G1564,Directed,28528,,,1
G1563,G1675,Directed,28529,,,1
G1563,G1695,Directed,28530,,,1
G1563,G1696,Directed,28531,,,1
G1563,G1735,Directed,28532,,,1
G1564,G1563,Directed,28533,,,1
G1565,G217,Directed,28534,,,1
G1565,G224,Directed,28535,,,1
G1565,G227,Directed,28536,,,1
G1565,G396,Directed,28537,,,1
G1565,G448,Directed,28538,,,1
G1565,G516,Directed,28539,,,1
G1565,G900,Directed,28540,,,1
G1565,G1193,Directed,28541,,,1
G1565,G1202,Directed,28542,,,1
G1565,G1215,Directed,28543,,,1
G1565,G1249,Directed,28544,,,1
G1565,G1283,Directed,28545,,,1
G1565,G1352,Directed,28546,,,1
G1565,G1697,Directed,28547,,,1
G1565,G1796,Directed,28548,,,1
G1565,G1893,Directed,28549,,,1
G1565,G1895,Directed,28550,,,1
G1565,G1913,Directed,28551,,,1
G1565,G1918,Directed,28552,,,1
G1565,G1922,Directed,28553,,,1
G1565,G2056,Directed,28554,,,1
G1566,G1383,Directed,28555,,,1
G1566,G1384,Directed,28556,,,1
G1567,G1568,Directed,28557,,,1
G1567,G2213,Directed,28558,,,1
G1568,G1567,Directed,28559,,,1
G1569,G1545,Directed,28560,,,1
G1569,G1802,Directed,28561,,,1
G1569,G1803,Directed,28562,,,1
G1569,G1863,Directed,28563,,,1
G1570,G362,Directed,28564,,,1
G1570,G433,Directed,28565,,,1
G1571,G254,Directed,28566,,,1
G1571,G617,Directed,28567,,,1
G1572,G1036,Directed,28568,,,1
G1573,G20,Directed,28569,,,1
G1573,G541,Directed,28570,,,1
G1573,G1085,Directed,28571,,,1
G1573,G1198,Directed,28572,,,1
G1573,G1224,Directed,28573,,,1
G1573,G1255,Directed,28574,,,1
G1573,G1556,Directed,28575,,,1
G1573,G1992,Directed,28576,,,1
G1574,G573,Directed,28577,,,1
G1575,G122,Directed,28578,,,1
G1575,G851,Directed,28579,,,1
G1575,G988,Directed,28580,,,1
G1575,G992,Directed,28581,,,1
G1575,G1425,Directed,28582,,,1
G1575,G1560,Directed,28583,,,1
G1575,G1896,Directed,28584,,,1
G1576,G32,Directed,28585,,,1
G1576,G33,Directed,28586,,,1
G1576,G60,Directed,28587,,,1
G1576,G61,Directed,28588,,,1
G1576,G295,Directed,28589,,,1
G1576,G297,Directed,28590,,,1
G1576,G308,Directed,28591,,,1
G1576,G472,Directed,28592,,,1
G1576,G662,Directed,28593,,,1
G1576,G678,Directed,28594,,,1
G1576,G679,Directed,28595,,,1
G1576,G1608,Directed,28596,,,1
G1577,G117,Directed,28597,,,1
G1577,G239,Directed,28598,,,1
G1577,G262,Directed,28599,,,1
G1577,G339,Directed,28600,,,1
G1577,G496,Directed,28601,,,1
G1577,G1110,Directed,28602,,,1
G1577,G1124,Directed,28603,,,1
G1577,G1447,Directed,28604,,,1
G1577,G1582,Directed,28605,,,1
G1578,G32,Directed,28606,,,1
G1578,G61,Directed,28607,,,1
G1578,G297,Directed,28608,,,1
G1578,G403,Directed,28609,,,1
G1578,G404,Directed,28610,,,1
G1578,G432,Directed,28611,,,1
G1578,G945,Directed,28612,,,1
G1578,G946,Directed,28613,,,1
G1578,G1169,Directed,28614,,,1
G1578,G1423,Directed,28615,,,1
G1578,G1464,Directed,28616,,,1
G1578,G1499,Directed,28617,,,1
G1578,G1775,Directed,28618,,,1
G1578,G1821,Directed,28619,,,1
G1579,G139,Directed,28620,,,1
G1580,G910,Directed,28621,,,1
G1580,G1474,Directed,28622,,,1
G1581,G1004,Directed,28623,,,1
G1582,G117,Directed,28624,,,1
G1582,G238,Directed,28625,,,1
G1582,G239,Directed,28626,,,1
G1582,G262,Directed,28627,,,1
G1582,G339,Directed,28628,,,1
G1582,G496,Directed,28629,,,1
G1582,G544,Directed,28630,,,1
G1582,G1110,Directed,28631,,,1
G1582,G1124,Directed,28632,,,1
G1582,G1447,Directed,28633,,,1
G1582,G1577,Directed,28634,,,1
G1583,G254,Directed,28635,,,1
G1583,G255,Directed,28636,,,1
G1583,G448,Directed,28637,,,1
G1583,G516,Directed,28638,,,1
G1583,G1051,Directed,28639,,,1
G1583,G1067,Directed,28640,,,1
G1583,G1249,Directed,28641,,,1
G1584,G21,Directed,28642,,,1
G1584,G305,Directed,28643,,,1
G1584,G447,Directed,28644,,,1
G1584,G590,Directed,28645,,,1
G1584,G1038,Directed,28646,,,1
G1584,G1337,Directed,28647,,,1
G1584,G1390,Directed,28648,,,1
G1584,G1399,Directed,28649,,,1
G1584,G1607,Directed,28650,,,1
G1584,G1932,Directed,28651,,,1
G1585,G321,Directed,28652,,,1
G1586,G851,Directed,28653,,,1
G1586,G988,Directed,28654,,,1
G1586,G1560,Directed,28655,,,1
G1586,G1656,Directed,28656,,,1
G1587,G49,Directed,28657,,,1
G1587,G51,Directed,28658,,,1
G1587,G69,Directed,28659,,,1
G1587,G71,Directed,28660,,,1
G1587,G80,Directed,28661,,,1
G1587,G97,Directed,28662,,,1
G1587,G265,Directed,28663,,,1
G1587,G456,Directed,28664,,,1
G1587,G841,Directed,28665,,,1
G1587,G1412,Directed,28666,,,1
G1588,G246,Directed,28667,,,1
G1588,G645,Directed,28668,,,1
G1588,G761,Directed,28669,,,1
G1588,G892,Directed,28670,,,1
G1588,G1041,Directed,28671,,,1
G1588,G1042,Directed,28672,,,1
G1588,G1043,Directed,28673,,,1
G1588,G1050,Directed,28674,,,1
G1588,G1057,Directed,28675,,,1
G1588,G1131,Directed,28676,,,1
G1588,G1156,Directed,28677,,,1
G1588,G1163,Directed,28678,,,1
G1588,G1194,Directed,28679,,,1
G1588,G1255,Directed,28680,,,1
G1588,G1945,Directed,28681,,,1
G1589,G1158,Directed,28682,,,1
G1590,G396,Directed,28683,,,1
G1590,G1932,Directed,28684,,,1
G1591,G450,Directed,28685,,,1
G1592,G417,Directed,28686,,,1
G1592,G418,Directed,28687,,,1
G1592,G443,Directed,28688,,,1
G1593,G301,Directed,28689,,,1
G1594,G664,Directed,28690,,,1
G1594,G715,Directed,28691,,,1
G1595,G1225,Directed,28692,,,1
G1595,G1442,Directed,28693,,,1
G1596,G321,Directed,28694,,,1
G1597,G170,Directed,28695,,,1
G1597,G171,Directed,28696,,,1
G1597,G1598,Directed,28697,,,1
G1597,G1599,Directed,28698,,,1
G1597,G1600,Directed,28699,,,1
G1597,G1601,Directed,28700,,,1
G1597,G1602,Directed,28701,,,1
G1597,G1806,Directed,28702,,,1
G1597,G1969,Directed,28703,,,1
G1597,G2067,Directed,28704,,,1
G1598,G1597,Directed,28705,,,1
G1598,G1601,Directed,28706,,,1
G1598,G1700,Directed,28707,,,1
G1598,G1939,Directed,28708,,,1
G1598,G2008,Directed,28709,,,1
G1599,G1597,Directed,28710,,,1
G1599,G1601,Directed,28711,,,1
G1599,G1700,Directed,28712,,,1
G1599,G1939,Directed,28713,,,1
G1599,G2008,Directed,28714,,,1
G1600,G1597,Directed,28715,,,1
G1600,G1601,Directed,28716,,,1
G1600,G1700,Directed,28717,,,1
G1600,G1939,Directed,28718,,,1
G1600,G2008,Directed,28719,,,1
G1601,G1597,Directed,28720,,,1
G1601,G1598,Directed,28721,,,1
G1601,G1599,Directed,28722,,,1
G1601,G1600,Directed,28723,,,1
G1601,G1602,Directed,28724,,,1
G1602,G1597,Directed,28725,,,1
G1602,G1601,Directed,28726,,,1
G1602,G1700,Directed,28727,,,1
G1602,G1939,Directed,28728,,,1
G1602,G2008,Directed,28729,,,1
G1603,G298,Directed,28730,,,1
G1603,G353,Directed,28731,,,1
G1603,G396,Directed,28732,,,1
G1603,G636,Directed,28733,,,1
G1603,G792,Directed,28734,,,1
G1603,G853,Directed,28735,,,1
G1603,G1033,Directed,28736,,,1
G1603,G1166,Directed,28737,,,1
G1603,G1167,Directed,28738,,,1
G1603,G1175,Directed,28739,,,1
G1603,G1274,Directed,28740,,,1
G1603,G1302,Directed,28741,,,1
G1603,G1304,Directed,28742,,,1
G1603,G1318,Directed,28743,,,1
G1603,G1325,Directed,28744,,,1
G1603,G1335,Directed,28745,,,1
G1603,G1360,Directed,28746,,,1
G1603,G1604,Directed,28747,,,1
G1603,G1834,Directed,28748,,,1
G1603,G1887,Directed,28749,,,1
G1603,G1904,Directed,28750,,,1
G1603,G1917,Directed,28751,,,1
G1603,G1948,Directed,28752,,,1
G1603,G1979,Directed,28753,,,1
G1603,G2054,Directed,28754,,,1
G1604,G1603,Directed,28755,,,1
G1605,G257,Directed,28756,,,1
G1606,G447,Directed,28757,,,1
G1606,G1607,Directed,28758,,,1
G1607,G448,Directed,28759,,,1
G1607,G516,Directed,28760,,,1
G1607,G1192,Directed,28761,,,1
G1607,G1193,Directed,28762,,,1
G1607,G1202,Directed,28763,,,1
G1607,G1215,Directed,28764,,,1
G1607,G1249,Directed,28765,,,1
G1607,G1544,Directed,28766,,,1
G1607,G1547,Directed,28767,,,1
G1607,G1584,Directed,28768,,,1
G1607,G1606,Directed,28769,,,1
G1607,G1665,Directed,28770,,,1
G1607,G1668,Directed,28771,,,1
G1607,G1855,Directed,28772,,,1
G1607,G2050,Directed,28773,,,1
G1608,G32,Directed,28774,,,1
G1608,G33,Directed,28775,,,1
G1608,G60,Directed,28776,,,1
G1608,G61,Directed,28777,,,1
G1608,G295,Directed,28778,,,1
G1608,G297,Directed,28779,,,1
G1608,G308,Directed,28780,,,1
G1608,G472,Directed,28781,,,1
G1608,G649,Directed,28782,,,1
G1608,G662,Directed,28783,,,1
G1608,G679,Directed,28784,,,1
G1608,G1576,Directed,28785,,,1
G1608,G1732,Directed,28786,,,1
G1608,G1880,Directed,28787,,,1
G1609,G1225,Directed,28788,,,1
G1610,G325,Directed,28789,,,1
G1610,G375,Directed,28790,,,1
G1610,G562,Directed,28791,,,1
G1610,G882,Directed,28792,,,1
G1610,G920,Directed,28793,,,1
G1610,G1034,Directed,28794,,,1
G1610,G1042,Directed,28795,,,1
G1610,G1182,Directed,28796,,,1
G1610,G1255,Directed,28797,,,1
G1610,G1497,Directed,28798,,,1
G1610,G1692,Directed,28799,,,1
G1610,G2174,Directed,28800,,,1
G1611,G137,Directed,28801,,,1
G1611,G2311,Directed,28802,,,1
G1612,G30,Directed,28803,,,1
G1612,G321,Directed,28804,,,1
G1613,G325,Directed,28805,,,1
G1613,G326,Directed,28806,,,1
G1613,G364,Directed,28807,,,1
G1613,G1182,Directed,28808,,,1
G1613,G1188,Directed,28809,,,1
G1613,G1275,Directed,28810,,,1
G1613,G1896,Directed,28811,,,1
G1614,G545,Directed,28812,,,1
G1614,G1683,Directed,28813,,,1
G1614,G2198,Directed,28814,,,1
G1615,G78,Directed,28815,,,1
G1615,G273,Directed,28816,,,1
G1615,G425,Directed,28817,,,1
G1615,G1049,Directed,28818,,,1
G1615,G1472,Directed,28819,,,1
G1616,G321,Directed,28820,,,1
G1616,G433,Directed,28821,,,1
G1617,G417,Directed,28822,,,1
G1617,G418,Directed,28823,,,1
G1617,G443,Directed,28824,,,1
G1618,G391,Directed,28825,,,1
G1618,G412,Directed,28826,,,1
G1618,G1251,Directed,28827,,,1
G1618,G1252,Directed,28828,,,1
G1618,G1542,Directed,28829,,,1
G1619,G276,Directed,28830,,,1
G1620,G429,Directed,28831,,,1
G1620,G1020,Directed,28832,,,1
G1621,G851,Directed,28833,,,1
G1621,G988,Directed,28834,,,1
G1621,G1560,Directed,28835,,,1
G1621,G1656,Directed,28836,,,1
G1622,G265,Directed,28837,,,1
G1622,G430,Directed,28838,,,1
G1622,G770,Directed,28839,,,1
G1622,G860,Directed,28840,,,1
G1622,G875,Directed,28841,,,1
G1622,G1260,Directed,28842,,,1
G1622,G1292,Directed,28843,,,1
G1622,G1302,Directed,28844,,,1
G1622,G1316,Directed,28845,,,1
G1622,G1375,Directed,28846,,,1
G1622,G1377,Directed,28847,,,1
G1622,G1482,Directed,28848,,,1
G1622,G1488,Directed,28849,,,1
G1622,G1489,Directed,28850,,,1
G1622,G1505,Directed,28851,,,1
G1622,G1723,Directed,28852,,,1
G1622,G1737,Directed,28853,,,1
G1622,G1765,Directed,28854,,,1
G1622,G1841,Directed,28855,,,1
G1622,G1947,Directed,28856,,,1
G1623,G170,Directed,28857,,,1
G1623,G325,Directed,28858,,,1
G1623,G562,Directed,28859,,,1
G1623,G882,Directed,28860,,,1
G1623,G920,Directed,28861,,,1
G1623,G1034,Directed,28862,,,1
G1623,G1042,Directed,28863,,,1
G1623,G1182,Directed,28864,,,1
G1623,G1255,Directed,28865,,,1
G1623,G1497,Directed,28866,,,1
G1623,G1692,Directed,28867,,,1
G1623,G2174,Directed,28868,,,1
G1624,G68,Directed,28869,,,1
G1624,G91,Directed,28870,,,1
G1624,G112,Directed,28871,,,1
G1624,G175,Directed,28872,,,1
G1624,G176,Directed,28873,,,1
G1624,G177,Directed,28874,,,1
G1624,G180,Directed,28875,,,1
G1624,G183,Directed,28876,,,1
G1624,G186,Directed,28877,,,1
G1624,G190,Directed,28878,,,1
G1624,G191,Directed,28879,,,1
G1624,G192,Directed,28880,,,1
G1624,G195,Directed,28881,,,1
G1624,G204,Directed,28882,,,1
G1624,G205,Directed,28883,,,1
G1624,G206,Directed,28884,,,1
G1624,G207,Directed,28885,,,1
G1624,G223,Directed,28886,,,1
G1624,G255,Directed,28887,,,1
G1624,G305,Directed,28888,,,1
G1624,G518,Directed,28889,,,1
G1624,G923,Directed,28890,,,1
G1624,G924,Directed,28891,,,1
G1624,G932,Directed,28892,,,1
G1624,G933,Directed,28893,,,1
G1624,G936,Directed,28894,,,1
G1624,G937,Directed,28895,,,1
G1624,G949,Directed,28896,,,1
G1624,G967,Directed,28897,,,1
G1624,G1038,Directed,28898,,,1
G1624,G1101,Directed,28899,,,1
G1624,G1161,Directed,28900,,,1
G1624,G1390,Directed,28901,,,1
G1624,G1657,Directed,28902,,,1
G1625,G322,Directed,28903,,,1
G1626,G1390,Directed,28904,,,1
G1626,G1403,Directed,28905,,,1
G1626,G1510,Directed,28906,,,1
G1626,G1627,Directed,28907,,,1
G1627,G1100,Directed,28908,,,1
G1627,G1416,Directed,28909,,,1
G1627,G1466,Directed,28910,,,1
G1627,G1502,Directed,28911,,,1
G1627,G1510,Directed,28912,,,1
G1627,G1626,Directed,28913,,,1
G1627,G1916,Directed,28914,,,1
G1627,G1959,Directed,28915,,,1
G1628,G178,Directed,28916,,,1
G1628,G179,Directed,28917,,,1
G1628,G206,Directed,28918,,,1
G1628,G342,Directed,28919,,,1
G1628,G645,Directed,28920,,,1
G1628,G1118,Directed,28921,,,1
G1628,G1256,Directed,28922,,,1
G1628,G1426,Directed,28923,,,1
G1628,G1449,Directed,28924,,,1
G1629,G474,Directed,28925,,,1
G1629,G1208,Directed,28926,,,1
G1629,G1284,Directed,28927,,,1
G1630,G905,Directed,28928,,,1
G1631,G352,Directed,28929,,,1
G1631,G404,Directed,28930,,,1
G1631,G1499,Directed,28931,,,1
G1632,G579,Directed,28932,,,1
G1632,G699,Directed,28933,,,1
G1632,G1462,Directed,28934,,,1
G1632,G2103,Directed,28935,,,1
G1632,G2187,Directed,28936,,,1
G1632,G2370,Directed,28937,,,1
G1632,G2371,Directed,28938,,,1
G1633,G1005,Directed,28939,,,1
G1634,G1005,Directed,28940,,,1
G1635,G761,Directed,28941,,,1
G1635,G1036,Directed,28942,,,1
G1635,G1636,Directed,28943,,,1
G1635,G1876,Directed,28944,,,1
G1636,G1635,Directed,28945,,,1
G1637,G170,Directed,28946,,,1
G1638,G27,Directed,28947,,,1
G1639,G352,Directed,28948,,,1
G1639,G404,Directed,28949,,,1
G1639,G1499,Directed,28950,,,1
G1640,G1390,Directed,28951,,,1
G1641,G1390,Directed,28952,,,1
G1642,G1363,Directed,28953,,,1
G1643,G122,Directed,28954,,,1
G1643,G851,Directed,28955,,,1
G1643,G988,Directed,28956,,,1
G1643,G992,Directed,28957,,,1
G1643,G1425,Directed,28958,,,1
G1643,G1560,Directed,28959,,,1
G1643,G1896,Directed,28960,,,1
G1644,G851,Directed,28961,,,1
G1644,G988,Directed,28962,,,1
G1644,G1560,Directed,28963,,,1
G1644,G1656,Directed,28964,,,1
G1645,G438,Directed,28965,,,1
G1645,G439,Directed,28966,,,1
G1645,G467,Directed,28967,,,1
G1645,G523,Directed,28968,,,1
G1645,G1754,Directed,28969,,,1
G1645,G1798,Directed,28970,,,1
G1645,G2106,Directed,28971,,,1
G1646,G1225,Directed,28972,,,1
G1647,G64,Directed,28973,,,1
G1647,G244,Directed,28974,,,1
G1647,G686,Directed,28975,,,1
G1647,G985,Directed,28976,,,1
G1647,G1733,Directed,28977,,,1
G1647,G1738,Directed,28978,,,1
G1647,G2123,Directed,28979,,,1
G1648,G103,Directed,28980,,,1
G1648,G166,Directed,28981,,,1
G1648,G1210,Directed,28982,,,1
G1649,G303,Directed,28983,,,1
G1649,G304,Directed,28984,,,1
G1649,G333,Directed,28985,,,1
G1649,G370,Directed,28986,,,1
G1649,G387,Directed,28987,,,1
G1649,G419,Directed,28988,,,1
G1649,G421,Directed,28989,,,1
G1649,G429,Directed,28990,,,1
G1649,G451,Directed,28991,,,1
G1649,G452,Directed,28992,,,1
G1649,G493,Directed,28993,,,1
G1649,G494,Directed,28994,,,1
G1649,G691,Directed,28995,,,1
G1649,G711,Directed,28996,,,1
G1649,G1504,Directed,28997,,,1
G1649,G1515,Directed,28998,,,1
G1649,G1516,Directed,28999,,,1
G1649,G1517,Directed,29000,,,1
G1649,G1809,Directed,29001,,,1
G1650,G25,Directed,29002,,,1
G1650,G350,Directed,29003,,,1
G1650,G1520,Directed,29004,,,1
G1650,G1521,Directed,29005,,,1
G1651,G209,Directed,29006,,,1
G1651,G228,Directed,29007,,,1
G1651,G229,Directed,29008,,,1
G1651,G315,Directed,29009,,,1
G1651,G1293,Directed,29010,,,1
G1651,G1419,Directed,29011,,,1
G1652,G537,Directed,29012,,,1
G1652,G1090,Directed,29013,,,1
G1652,G1302,Directed,29014,,,1
G1652,G1335,Directed,29015,,,1
G1652,G1360,Directed,29016,,,1
G1652,G1831,Directed,29017,,,1
G1652,G1836,Directed,29018,,,1
G1652,G1883,Directed,29019,,,1
G1653,G1041,Directed,29020,,,1
G1653,G1042,Directed,29021,,,1
G1653,G1043,Directed,29022,,,1
G1653,G1050,Directed,29023,,,1
G1653,G1185,Directed,29024,,,1
G1653,G1831,Directed,29025,,,1
G1653,G1836,Directed,29026,,,1
G1653,G1883,Directed,29027,,,1
G1654,G909,Directed,29028,,,1
G1655,G170,Directed,29029,,,1
G1656,G1173,Directed,29030,,,1
G1656,G1260,Directed,29031,,,1
G1656,G1292,Directed,29032,,,1
G1656,G1302,Directed,29033,,,1
G1656,G1316,Directed,29034,,,1
G1656,G1559,Directed,29035,,,1
G1656,G1586,Directed,29036,,,1
G1656,G1621,Directed,29037,,,1
G1656,G1644,Directed,29038,,,1
G1656,G1660,Directed,29039,,,1
G1656,G1691,Directed,29040,,,1
G1657,G67,Directed,29041,,,1
G1657,G254,Directed,29042,,,1
G1657,G255,Directed,29043,,,1
G1657,G482,Directed,29044,,,1
G1657,G681,Directed,29045,,,1
G1657,G1051,Directed,29046,,,1
G1657,G1067,Directed,29047,,,1
G1657,G1256,Directed,29048,,,1
G1657,G1257,Directed,29049,,,1
G1657,G1266,Directed,29050,,,1
G1657,G1277,Directed,29051,,,1
G1657,G1493,Directed,29052,,,1
G1657,G1537,Directed,29053,,,1
G1657,G1540,Directed,29054,,,1
G1657,G1624,Directed,29055,,,1
G1657,G1717,Directed,29056,,,1
G1658,G1035,Directed,29057,,,1
G1658,G1171,Directed,29058,,,1
G1659,G112,Directed,29059,,,1
G1659,G175,Directed,29060,,,1
G1659,G176,Directed,29061,,,1
G1659,G177,Directed,29062,,,1
G1659,G180,Directed,29063,,,1
G1659,G183,Directed,29064,,,1
G1659,G186,Directed,29065,,,1
G1659,G190,Directed,29066,,,1
G1659,G191,Directed,29067,,,1
G1659,G192,Directed,29068,,,1
G1659,G195,Directed,29069,,,1
G1659,G334,Directed,29070,,,1
G1659,G449,Directed,29071,,,1
G1659,G518,Directed,29072,,,1
G1659,G923,Directed,29073,,,1
G1659,G924,Directed,29074,,,1
G1659,G932,Directed,29075,,,1
G1659,G933,Directed,29076,,,1
G1659,G936,Directed,29077,,,1
G1659,G937,Directed,29078,,,1
G1659,G949,Directed,29079,,,1
G1659,G1241,Directed,29080,,,1
G1659,G1243,Directed,29081,,,1
G1659,G1245,Directed,29082,,,1
G1659,G1321,Directed,29083,,,1
G1659,G1443,Directed,29084,,,1
G1659,G1446,Directed,29085,,,1
G1659,G1503,Directed,29086,,,1
G1659,G1671,Directed,29087,,,1
G1660,G244,Directed,29088,,,1
G1660,G318,Directed,29089,,,1
G1660,G629,Directed,29090,,,1
G1660,G1245,Directed,29091,,,1
G1660,G1497,Directed,29092,,,1
G1660,G1656,Directed,29093,,,1
G1660,G1692,Directed,29094,,,1
G1660,G1733,Directed,29095,,,1
G1661,G321,Directed,29096,,,1
G1662,G1455,Directed,29097,,,1
G1662,G1663,Directed,29098,,,1
G1663,G1662,Directed,29099,,,1
G1664,G391,Directed,29100,,,1
G1664,G412,Directed,29101,,,1
G1665,G447,Directed,29102,,,1
G1665,G866,Directed,29103,,,1
G1665,G974,Directed,29104,,,1
G1665,G1154,Directed,29105,,,1
G1665,G1155,Directed,29106,,,1
G1665,G1260,Directed,29107,,,1
G1665,G1265,Directed,29108,,,1
G1665,G1292,Directed,29109,,,1
G1665,G1295,Directed,29110,,,1
G1665,G1302,Directed,29111,,,1
G1665,G1316,Directed,29112,,,1
G1665,G1403,Directed,29113,,,1
G1665,G1607,Directed,29114,,,1
G1665,G1881,Directed,29115,,,1
G1665,G2057,Directed,29116,,,1
G1666,G905,Directed,29117,,,1
G1667,G321,Directed,29118,,,1
G1667,G905,Directed,29119,,,1
G1668,G447,Directed,29120,,,1
G1668,G1087,Directed,29121,,,1
G1668,G1194,Directed,29122,,,1
G1668,G1393,Directed,29123,,,1
G1668,G1607,Directed,29124,,,1
G1668,G1712,Directed,29125,,,1
G1668,G1713,Directed,29126,,,1
G1668,G1740,Directed,29127,,,1
G1668,G1828,Directed,29128,,,1
G1669,G178,Directed,29129,,,1
G1669,G235,Directed,29130,,,1
G1669,G1118,Directed,29131,,,1
G1669,G1426,Directed,29132,,,1
G1669,G1449,Directed,29133,,,1
G1670,G498,Directed,29134,,,1
G1671,G112,Directed,29135,,,1
G1671,G167,Directed,29136,,,1
G1671,G175,Directed,29137,,,1
G1671,G176,Directed,29138,,,1
G1671,G177,Directed,29139,,,1
G1671,G180,Directed,29140,,,1
G1671,G183,Directed,29141,,,1
G1671,G186,Directed,29142,,,1
G1671,G190,Directed,29143,,,1
G1671,G191,Directed,29144,,,1
G1671,G192,Directed,29145,,,1
G1671,G195,Directed,29146,,,1
G1671,G323,Directed,29147,,,1
G1671,G334,Directed,29148,,,1
G1671,G449,Directed,29149,,,1
G1671,G518,Directed,29150,,,1
G1671,G923,Directed,29151,,,1
G1671,G924,Directed,29152,,,1
G1671,G932,Directed,29153,,,1
G1671,G933,Directed,29154,,,1
G1671,G936,Directed,29155,,,1
G1671,G937,Directed,29156,,,1
G1671,G949,Directed,29157,,,1
G1671,G1221,Directed,29158,,,1
G1671,G1241,Directed,29159,,,1
G1671,G1243,Directed,29160,,,1
G1671,G1245,Directed,29161,,,1
G1671,G1321,Directed,29162,,,1
G1671,G1443,Directed,29163,,,1
G1671,G1446,Directed,29164,,,1
G1671,G1503,Directed,29165,,,1
G1671,G1659,Directed,29166,,,1
G1671,G1985,Directed,29167,,,1
G1671,G2052,Directed,29168,,,1
G1672,G284,Directed,29169,,,1
G1672,G285,Directed,29170,,,1
G1672,G319,Directed,29171,,,1
G1672,G329,Directed,29172,,,1
G1672,G331,Directed,29173,,,1
G1672,G344,Directed,29174,,,1
G1672,G1058,Directed,29175,,,1
G1672,G1059,Directed,29176,,,1
G1672,G1065,Directed,29177,,,1
G1672,G1066,Directed,29178,,,1
G1672,G1099,Directed,29179,,,1
G1672,G1144,Directed,29180,,,1
G1673,G567,Directed,29181,,,1
G1673,G579,Directed,29182,,,1
G1674,G113,Directed,29183,,,1
G1674,G205,Directed,29184,,,1
G1674,G210,Directed,29185,,,1
G1674,G275,Directed,29186,,,1
G1674,G432,Directed,29187,,,1
G1674,G492,Directed,29188,,,1
G1674,G516,Directed,29189,,,1
G1674,G892,Directed,29190,,,1
G1674,G1121,Directed,29191,,,1
G1674,G1706,Directed,29192,,,1
G1674,G1708,Directed,29193,,,1
G1674,G1772,Directed,29194,,,1
G1674,G1774,Directed,29195,,,1
G1675,G144,Directed,29196,,,1
G1675,G962,Directed,29197,,,1
G1675,G1411,Directed,29198,,,1
G1675,G1563,Directed,29199,,,1
G1675,G1677,Directed,29200,,,1
G1675,G1697,Directed,29201,,,1
G1675,G2030,Directed,29202,,,1
G1676,G2,Directed,29203,,,1
G1676,G288,Directed,29204,,,1
G1676,G375,Directed,29205,,,1
G1676,G2230,Directed,29206,,,1
G1677,G267,Directed,29207,,,1
G1677,G1126,Directed,29208,,,1
G1677,G1161,Directed,29209,,,1
G1677,G1162,Directed,29210,,,1
G1677,G1164,Directed,29211,,,1
G1677,G1675,Directed,29212,,,1
G1677,G1695,Directed,29213,,,1
G1677,G1696,Directed,29214,,,1
G1677,G1735,Directed,29215,,,1
G1677,G1751,Directed,29216,,,1
G1677,G1902,Directed,29217,,,1
G1677,G1944,Directed,29218,,,1
G1677,G2069,Directed,29219,,,1
G1678,G1111,Directed,29220,,,1
G1678,G1112,Directed,29221,,,1
G1678,G1113,Directed,29222,,,1
G1679,G1111,Directed,29223,,,1
G1679,G1112,Directed,29224,,,1
G1679,G1113,Directed,29225,,,1
G1679,G1260,Directed,29226,,,1
G1679,G1291,Directed,29227,,,1
G1679,G1292,Directed,29228,,,1
G1679,G1302,Directed,29229,,,1
G1679,G1316,Directed,29230,,,1
G1679,G1335,Directed,29231,,,1
G1679,G1360,Directed,29232,,,1
G1679,G1804,Directed,29233,,,1
G1680,G836,Directed,29234,,,1
G1681,G1034,Directed,29235,,,1
G1681,G1442,Directed,29236,,,1
G1682,G952,Directed,29237,,,1
G1682,G1858,Directed,29238,,,1
G1683,G545,Directed,29239,,,1
G1683,G1614,Directed,29240,,,1
G1684,G1685,Directed,29241,,,1
G1684,G1686,Directed,29242,,,1
G1685,G518,Directed,29243,,,1
G1685,G949,Directed,29244,,,1
G1685,G1684,Directed,29245,,,1
G1685,G1786,Directed,29246,,,1
G1686,G518,Directed,29247,,,1
G1686,G949,Directed,29248,,,1
G1686,G1684,Directed,29249,,,1
G1686,G1786,Directed,29250,,,1
G1687,G539,Directed,29251,,,1
G1687,G540,Directed,29252,,,1
G1687,G767,Directed,29253,,,1
G1687,G768,Directed,29254,,,1
G1687,G1260,Directed,29255,,,1
G1687,G1292,Directed,29256,,,1
G1687,G1302,Directed,29257,,,1
G1687,G1316,Directed,29258,,,1
G1687,G1328,Directed,29259,,,1
G1687,G1501,Directed,29260,,,1
G1687,G1723,Directed,29261,,,1
G1687,G1841,Directed,29262,,,1
G1687,G2022,Directed,29263,,,1
G1688,G1225,Directed,29264,,,1
G1689,G244,Directed,29265,,,1
G1689,G686,Directed,29266,,,1
G1689,G1733,Directed,29267,,,1
G1690,G40,Directed,29268,,,1
G1690,G91,Directed,29269,,,1
G1690,G258,Directed,29270,,,1
G1690,G524,Directed,29271,,,1
G1690,G1438,Directed,29272,,,1
G1690,G1838,Directed,29273,,,1
G1691,G244,Directed,29274,,,1
G1691,G629,Directed,29275,,,1
G1691,G1245,Directed,29276,,,1
G1691,G1497,Directed,29277,,,1
G1691,G1656,Directed,29278,,,1
G1691,G1692,Directed,29279,,,1
G1691,G1711,Directed,29280,,,1
G1691,G1733,Directed,29281,,,1
G1692,G509,Directed,29282,,,1
G1692,G757,Directed,29283,,,1
G1692,G764,Directed,29284,,,1
G1692,G1042,Directed,29285,,,1
G1692,G1173,Directed,29286,,,1
G1692,G1255,Directed,29287,,,1
G1692,G1379,Directed,29288,,,1
G1692,G1543,Directed,29289,,,1
G1692,G1610,Directed,29290,,,1
G1692,G1623,Directed,29291,,,1
G1692,G1660,Directed,29292,,,1
G1692,G1691,Directed,29293,,,1
G1692,G2032,Directed,29294,,,1
G1692,G2045,Directed,29295,,,1
G1692,G2051,Directed,29296,,,1
G1693,G6,Directed,29297,,,1
G1693,G1110,Directed,29298,,,1
G1693,G1213,Directed,29299,,,1
G1694,G243,Directed,29300,,,1
G1694,G1748,Directed,29301,,,1
G1694,G1870,Directed,29302,,,1
G1694,G2098,Directed,29303,,,1
G1694,G2157,Directed,29304,,,1
G1695,G144,Directed,29305,,,1
G1695,G962,Directed,29306,,,1
G1695,G1411,Directed,29307,,,1
G1695,G1563,Directed,29308,,,1
G1695,G1677,Directed,29309,,,1
G1695,G1697,Directed,29310,,,1
G1695,G2030,Directed,29311,,,1
G1696,G144,Directed,29312,,,1
G1696,G962,Directed,29313,,,1
G1696,G1411,Directed,29314,,,1
G1696,G1563,Directed,29315,,,1
G1696,G1677,Directed,29316,,,1
G1696,G1697,Directed,29317,,,1
G1696,G2030,Directed,29318,,,1
G1697,G246,Directed,29319,,,1
G1697,G504,Directed,29320,,,1
G1697,G562,Directed,29321,,,1
G1697,G920,Directed,29322,,,1
G1697,G1052,Directed,29323,,,1
G1697,G1192,Directed,29324,,,1
G1697,G1193,Directed,29325,,,1
G1697,G1202,Directed,29326,,,1
G1697,G1215,Directed,29327,,,1
G1697,G1265,Directed,29328,,,1
G1697,G1393,Directed,29329,,,1
G1697,G1565,Directed,29330,,,1
G1697,G1675,Directed,29331,,,1
G1697,G1695,Directed,29332,,,1
G1697,G1696,Directed,29333,,,1
G1697,G1735,Directed,29334,,,1
G1697,G1782,Directed,29335,,,1
G1697,G1783,Directed,29336,,,1
G1697,G1789,Directed,29337,,,1
G1697,G1961,Directed,29338,,,1
G1697,G2003,Directed,29339,,,1
G1698,G170,Directed,29340,,,1
G1698,G2146,Directed,29341,,,1
G1699,G1302,Directed,29342,,,1
G1699,G1335,Directed,29343,,,1
G1699,G1360,Directed,29344,,,1
G1700,G300,Directed,29345,,,1
G1700,G306,Directed,29346,,,1
G1700,G1177,Directed,29347,,,1
G1700,G1598,Directed,29348,,,1
G1700,G1599,Directed,29349,,,1
G1700,G1600,Directed,29350,,,1
G1700,G1602,Directed,29351,,,1
G1700,G1701,Directed,29352,,,1
G1700,G1821,Directed,29353,,,1
G1700,G1890,Directed,29354,,,1
G1700,G1951,Directed,29355,,,1
G1701,G1700,Directed,29356,,,1
G1702,G116,Directed,29357,,,1
G1702,G375,Directed,29358,,,1
G1702,G537,Directed,29359,,,1
G1702,G1090,Directed,29360,,,1
G1702,G1302,Directed,29361,,,1
G1702,G1335,Directed,29362,,,1
G1702,G1360,Directed,29363,,,1
G1702,G1831,Directed,29364,,,1
G1702,G1836,Directed,29365,,,1
G1702,G1883,Directed,29366,,,1
G1703,G1704,Directed,29367,,,1
G1704,G202,Directed,29368,,,1
G1704,G283,Directed,29369,,,1
G1704,G487,Directed,29370,,,1
G1704,G537,Directed,29371,,,1
G1704,G995,Directed,29372,,,1
G1704,G996,Directed,29373,,,1
G1704,G1090,Directed,29374,,,1
G1704,G1091,Directed,29375,,,1
G1704,G1102,Directed,29376,,,1
G1704,G1325,Directed,29377,,,1
G1704,G1367,Directed,29378,,,1
G1704,G1496,Directed,29379,,,1
G1704,G1703,Directed,29380,,,1
G1704,G1724,Directed,29381,,,1
G1704,G1725,Directed,29382,,,1
G1705,G254,Directed,29383,,,1
G1705,G255,Directed,29384,,,1
G1705,G474,Directed,29385,,,1
G1705,G1051,Directed,29386,,,1
G1705,G1067,Directed,29387,,,1
G1705,G1192,Directed,29388,,,1
G1705,G1193,Directed,29389,,,1
G1705,G1202,Directed,29390,,,1
G1705,G1208,Directed,29391,,,1
G1705,G1215,Directed,29392,,,1
G1705,G2014,Directed,29393,,,1
G1705,G2020,Directed,29394,,,1
G1706,G113,Directed,29395,,,1
G1706,G205,Directed,29396,,,1
G1706,G210,Directed,29397,,,1
G1706,G275,Directed,29398,,,1
G1706,G432,Directed,29399,,,1
G1706,G492,Directed,29400,,,1
G1706,G516,Directed,29401,,,1
G1706,G892,Directed,29402,,,1
G1706,G1121,Directed,29403,,,1
G1706,G1674,Directed,29404,,,1
G1706,G1708,Directed,29405,,,1
G1706,G1772,Directed,29406,,,1
G1706,G1774,Directed,29407,,,1
G1707,G562,Directed,29408,,,1
G1707,G920,Directed,29409,,,1
G1707,G1393,Directed,29410,,,1
G1707,G1782,Directed,29411,,,1
G1707,G1917,Directed,29412,,,1
G1707,G1948,Directed,29413,,,1
G1707,G1989,Directed,29414,,,1
G1707,G2001,Directed,29415,,,1
G1707,G2054,Directed,29416,,,1
G1708,G113,Directed,29417,,,1
G1708,G205,Directed,29418,,,1
G1708,G210,Directed,29419,,,1
G1708,G275,Directed,29420,,,1
G1708,G432,Directed,29421,,,1
G1708,G492,Directed,29422,,,1
G1708,G516,Directed,29423,,,1
G1708,G892,Directed,29424,,,1
G1708,G1121,Directed,29425,,,1
G1708,G1674,Directed,29426,,,1
G1708,G1706,Directed,29427,,,1
G1708,G1772,Directed,29428,,,1
G1708,G1774,Directed,29429,,,1
G1709,G970,Directed,29430,,,1
G1710,G311,Directed,29431,,,1
G1710,G763,Directed,29432,,,1
G1711,G553,Directed,29433,,,1
G1711,G672,Directed,29434,,,1
G1711,G727,Directed,29435,,,1
G1711,G756,Directed,29436,,,1
G1711,G781,Directed,29437,,,1
G1711,G782,Directed,29438,,,1
G1711,G831,Directed,29439,,,1
G1711,G863,Directed,29440,,,1
G1711,G903,Directed,29441,,,1
G1711,G1173,Directed,29442,,,1
G1711,G1174,Directed,29443,,,1
G1711,G1199,Directed,29444,,,1
G1711,G1225,Directed,29445,,,1
G1711,G1478,Directed,29446,,,1
G1711,G1500,Directed,29447,,,1
G1711,G1535,Directed,29448,,,1
G1711,G1691,Directed,29449,,,1
G1711,G1894,Directed,29450,,,1
G1711,G2112,Directed,29451,,,1
G1711,G2139,Directed,29452,,,1
G1711,G2245,Directed,29453,,,1
G1711,G2252,Directed,29454,,,1
G1711,G2295,Directed,29455,,,1
G1711,G2300,Directed,29456,,,1
G1711,G2313,Directed,29457,,,1
G1711,G2314,Directed,29458,,,1
G1711,G2315,Directed,29459,,,1
G1711,G2316,Directed,29460,,,1
G1711,G2317,Directed,29461,,,1
G1711,G2318,Directed,29462,,,1
G1711,G2319,Directed,29463,,,1
G1711,G2320,Directed,29464,,,1
G1711,G2321,Directed,29465,,,1
G1711,G2322,Directed,29466,,,1
G1711,G2328,Directed,29467,,,1
G1711,G2331,Directed,29468,,,1
G1711,G2334,Directed,29469,,,1
G1712,G431,Directed,29470,,,1
G1712,G1072,Directed,29471,,,1
G1712,G1668,Directed,29472,,,1
G1712,G1713,Directed,29473,,,1
G1712,G1806,Directed,29474,,,1
G1712,G1828,Directed,29475,,,1
G1712,G1855,Directed,29476,,,1
G1712,G1998,Directed,29477,,,1
G1713,G1087,Directed,29478,,,1
G1713,G1668,Directed,29479,,,1
G1713,G1712,Directed,29480,,,1
G1713,G1740,Directed,29481,,,1
G1713,G1855,Directed,29482,,,1
G1714,G1715,Directed,29483,,,1
G1715,G1714,Directed,29484,,,1
G1715,G1898,Directed,29485,,,1
G1715,G1899,Directed,29486,,,1
G1715,G1900,Directed,29487,,,1
G1716,G304,Directed,29488,,,1
G1716,G440,Directed,29489,,,1
G1716,G441,Directed,29490,,,1
G1716,G506,Directed,29491,,,1
G1716,G1421,Directed,29492,,,1
G1717,G246,Directed,29493,,,1
G1717,G255,Directed,29494,,,1
G1717,G352,Directed,29495,,,1
G1717,G383,Directed,29496,,,1
G1717,G400,Directed,29497,,,1
G1717,G682,Directed,29498,,,1
G1717,G802,Directed,29499,,,1
G1717,G1051,Directed,29500,,,1
G1717,G1062,Directed,29501,,,1
G1717,G1187,Directed,29502,,,1
G1717,G1244,Directed,29503,,,1
G1717,G1657,Directed,29504,,,1
G1717,G1939,Directed,29505,,,1
G1718,G392,Directed,29506,,,1
G1719,G1225,Directed,29507,,,1
G1720,G945,Directed,29508,,,1
G1720,G946,Directed,29509,,,1
G1720,G1295,Directed,29510,,,1
G1720,G1775,Directed,29511,,,1
G1721,G896,Directed,29512,,,1
G1722,G270,Directed,29513,,,1
G1722,G271,Directed,29514,,,1
G1722,G349,Directed,29515,,,1
G1722,G350,Directed,29516,,,1
G1722,G635,Directed,29517,,,1
G1722,G637,Directed,29518,,,1
G1722,G688,Directed,29519,,,1
G1722,G1168,Directed,29520,,,1
G1722,G1301,Directed,29521,,,1
G1722,G1430,Directed,29522,,,1
G1723,G875,Directed,29523,,,1
G1723,G1302,Directed,29524,,,1
G1723,G1335,Directed,29525,,,1
G1723,G1360,Directed,29526,,,1
G1723,G1622,Directed,29527,,,1
G1723,G1687,Directed,29528,,,1
G1723,G1724,Directed,29529,,,1
G1723,G1725,Directed,29530,,,1
G1723,G1947,Directed,29531,,,1
G1724,G369,Directed,29532,,,1
G1724,G1195,Directed,29533,,,1
G1724,G1222,Directed,29534,,,1
G1724,G1227,Directed,29535,,,1
G1724,G1337,Directed,29536,,,1
G1724,G1440,Directed,29537,,,1
G1724,G1472,Directed,29538,,,1
G1724,G1529,Directed,29539,,,1
G1724,G1530,Directed,29540,,,1
G1724,G1704,Directed,29541,,,1
G1724,G1723,Directed,29542,,,1
G1724,G1764,Directed,29543,,,1
G1724,G1841,Directed,29544,,,1
G1725,G369,Directed,29545,,,1
G1725,G1195,Directed,29546,,,1
G1725,G1222,Directed,29547,,,1
G1725,G1227,Directed,29548,,,1
G1725,G1337,Directed,29549,,,1
G1725,G1440,Directed,29550,,,1
G1725,G1472,Directed,29551,,,1
G1725,G1529,Directed,29552,,,1
G1725,G1530,Directed,29553,,,1
G1725,G1704,Directed,29554,,,1
G1725,G1723,Directed,29555,,,1
G1725,G1764,Directed,29556,,,1
G1725,G1841,Directed,29557,,,1
G1726,G404,Directed,29558,,,1
G1726,G900,Directed,29559,,,1
G1726,G1283,Directed,29560,,,1
G1726,G1352,Directed,29561,,,1
G1726,G1499,Directed,29562,,,1
G1727,G410,Directed,29563,,,1
G1727,G510,Directed,29564,,,1
G1727,G547,Directed,29565,,,1
G1727,G1771,Directed,29566,,,1
G1728,G771,Directed,29567,,,1
G1729,G1366,Directed,29568,,,1
G1729,G1392,Directed,29569,,,1
G1729,G1730,Directed,29570,,,1
G1730,G1729,Directed,29571,,,1
G1730,G1734,Directed,29572,,,1
G1731,G1274,Directed,29573,,,1
G1731,G1491,Directed,29574,,,1
G1732,G1608,Directed,29575,,,1
G1733,G7,Directed,29576,,,1
G1733,G8,Directed,29577,,,1
G1733,G28,Directed,29578,,,1
G1733,G41,Directed,29579,,,1
G1733,G42,Directed,29580,,,1
G1733,G233,Directed,29581,,,1
G1733,G234,Directed,29582,,,1
G1733,G244,Directed,29583,,,1
G1733,G269,Directed,29584,,,1
G1733,G289,Directed,29585,,,1
G1733,G307,Directed,29586,,,1
G1733,G311,Directed,29587,,,1
G1733,G410,Directed,29588,,,1
G1733,G832,Directed,29589,,,1
G1733,G882,Directed,29590,,,1
G1733,G1077,Directed,29591,,,1
G1733,G1152,Directed,29592,,,1
G1733,G1173,Directed,29593,,,1
G1733,G1174,Directed,29594,,,1
G1733,G1647,Directed,29595,,,1
G1733,G1660,Directed,29596,,,1
G1733,G1689,Directed,29597,,,1
G1733,G1691,Directed,29598,,,1
G1733,G1892,Directed,29599,,,1
G1733,G1901,Directed,29600,,,1
G1733,G1958,Directed,29601,,,1
G1733,G2000,Directed,29602,,,1
G1733,G2215,Directed,29603,,,1
G1733,G2216,Directed,29604,,,1
G1733,G2217,Directed,29605,,,1
G1734,G514,Directed,29606,,,1
G1734,G1730,Directed,29607,,,1
G1735,G144,Directed,29608,,,1
G1735,G962,Directed,29609,,,1
G1735,G1411,Directed,29610,,,1
G1735,G1563,Directed,29611,,,1
G1735,G1677,Directed,29612,,,1
G1735,G1697,Directed,29613,,,1
G1735,G2030,Directed,29614,,,1
G1736,G982,Directed,29615,,,1
G1737,G265,Directed,29616,,,1
G1737,G770,Directed,29617,,,1
G1737,G1180,Directed,29618,,,1
G1737,G1375,Directed,29619,,,1
G1737,G1377,Directed,29620,,,1
G1737,G1482,Directed,29621,,,1
G1737,G1488,Directed,29622,,,1
G1737,G1489,Directed,29623,,,1
G1737,G1505,Directed,29624,,,1
G1737,G1622,Directed,29625,,,1
G1738,G1251,Directed,29626,,,1
G1738,G1647,Directed,29627,,,1
G1739,G1225,Directed,29628,,,1
G1740,G431,Directed,29629,,,1
G1740,G1072,Directed,29630,,,1
G1740,G1668,Directed,29631,,,1
G1740,G1713,Directed,29632,,,1
G1740,G1806,Directed,29633,,,1
G1740,G1828,Directed,29634,,,1
G1740,G1855,Directed,29635,,,1
G1740,G1998,Directed,29636,,,1
G1741,G226,Directed,29637,,,1
G1742,G1556,Directed,29638,,,1
G1742,G1743,Directed,29639,,,1
G1743,G1742,Directed,29640,,,1
G1743,G1759,Directed,29641,,,1
G1743,G1766,Directed,29642,,,1
G1743,G1837,Directed,29643,,,1
G1744,G1183,Directed,29644,,,1
G1744,G1217,Directed,29645,,,1
G1744,G1264,Directed,29646,,,1
G1744,G1297,Directed,29647,,,1
G1744,G1399,Directed,29648,,,1
G1744,G1932,Directed,29649,,,1
G1745,G1746,Directed,29650,,,1
G1746,G1092,Directed,29651,,,1
G1746,G1745,Directed,29652,,,1
G1747,G894,Directed,29653,,,1
G1748,G243,Directed,29654,,,1
G1748,G1694,Directed,29655,,,1
G1748,G1870,Directed,29656,,,1
G1749,G1274,Directed,29657,,,1
G1749,G1491,Directed,29658,,,1
G1750,G117,Directed,29659,,,1
G1750,G239,Directed,29660,,,1
G1751,G144,Directed,29661,,,1
G1751,G396,Directed,29662,,,1
G1751,G397,Directed,29663,,,1
G1751,G882,Directed,29664,,,1
G1751,G1302,Directed,29665,,,1
G1751,G1335,Directed,29666,,,1
G1751,G1360,Directed,29667,,,1
G1751,G1408,Directed,29668,,,1
G1751,G1491,Directed,29669,,,1
G1751,G1677,Directed,29670,,,1
G1751,G1902,Directed,29671,,,1
G1751,G1944,Directed,29672,,,1
G1751,G2023,Directed,29673,,,1
G1752,G1186,Directed,29674,,,1
G1753,G763,Directed,29675,,,1
G1754,G433,Directed,29676,,,1
G1754,G467,Directed,29677,,,1
G1754,G1645,Directed,29678,,,1
G1755,G763,Directed,29679,,,1
G1756,G725,Directed,29680,,,1
G1757,G170,Directed,29681,,,1
G1758,G1274,Directed,29682,,,1
G1758,G1491,Directed,29683,,,1
G1759,G1556,Directed,29684,,,1
G1759,G1743,Directed,29685,,,1
G1760,G8,Directed,29686,,,1
G1760,G108,Directed,29687,,,1
G1761,G400,Directed,29688,,,1
G1761,G978,Directed,29689,,,1
G1761,G979,Directed,29690,,,1
G1761,G1013,Directed,29691,,,1
G1761,G1026,Directed,29692,,,1
G1761,G1028,Directed,29693,,,1
G1761,G1071,Directed,29694,,,1
G1762,G668,Directed,29695,,,1
G1762,G916,Directed,29696,,,1
G1762,G1455,Directed,29697,,,1
G1763,G763,Directed,29698,,,1
G1764,G202,Directed,29699,,,1
G1764,G283,Directed,29700,,,1
G1764,G487,Directed,29701,,,1
G1764,G537,Directed,29702,,,1
G1764,G995,Directed,29703,,,1
G1764,G996,Directed,29704,,,1
G1764,G1090,Directed,29705,,,1
G1764,G1091,Directed,29706,,,1
G1764,G1102,Directed,29707,,,1
G1764,G1325,Directed,29708,,,1
G1764,G1367,Directed,29709,,,1
G1764,G1496,Directed,29710,,,1
G1764,G1724,Directed,29711,,,1
G1764,G1725,Directed,29712,,,1
G1765,G265,Directed,29713,,,1
G1765,G770,Directed,29714,,,1
G1765,G1180,Directed,29715,,,1
G1765,G1375,Directed,29716,,,1
G1765,G1377,Directed,29717,,,1
G1765,G1482,Directed,29718,,,1
G1765,G1488,Directed,29719,,,1
G1765,G1489,Directed,29720,,,1
G1765,G1505,Directed,29721,,,1
G1765,G1622,Directed,29722,,,1
G1766,G1556,Directed,29723,,,1
G1766,G1743,Directed,29724,,,1
G1767,G763,Directed,29725,,,1
G1768,G985,Directed,29726,,,1
G1769,G170,Directed,29727,,,1
G1770,G353,Directed,29728,,,1
G1770,G636,Directed,29729,,,1
G1770,G1318,Directed,29730,,,1
G1770,G1524,Directed,29731,,,1
G1771,G242,Directed,29732,,,1
G1771,G410,Directed,29733,,,1
G1771,G466,Directed,29734,,,1
G1771,G579,Directed,29735,,,1
G1771,G1727,Directed,29736,,,1
G1772,G113,Directed,29737,,,1
G1772,G205,Directed,29738,,,1
G1772,G210,Directed,29739,,,1
G1772,G275,Directed,29740,,,1
G1772,G432,Directed,29741,,,1
G1772,G492,Directed,29742,,,1
G1772,G516,Directed,29743,,,1
G1772,G892,Directed,29744,,,1
G1772,G1121,Directed,29745,,,1
G1772,G1674,Directed,29746,,,1
G1772,G1706,Directed,29747,,,1
G1772,G1708,Directed,29748,,,1
G1772,G1774,Directed,29749,,,1
G1773,G761,Directed,29750,,,1
G1774,G113,Directed,29751,,,1
G1774,G205,Directed,29752,,,1
G1774,G210,Directed,29753,,,1
G1774,G275,Directed,29754,,,1
G1774,G432,Directed,29755,,,1
G1774,G492,Directed,29756,,,1
G1774,G516,Directed,29757,,,1
G1774,G892,Directed,29758,,,1
G1774,G1121,Directed,29759,,,1
G1774,G1674,Directed,29760,,,1
G1774,G1706,Directed,29761,,,1
G1774,G1708,Directed,29762,,,1
G1774,G1772,Directed,29763,,,1
G1775,G1578,Directed,29764,,,1
G1775,G1720,Directed,29765,,,1
G1775,G1776,Directed,29766,,,1
G1775,G1780,Directed,29767,,,1
G1776,G312,Directed,29768,,,1
G1776,G397,Directed,29769,,,1
G1776,G945,Directed,29770,,,1
G1776,G946,Directed,29771,,,1
G1776,G1194,Directed,29772,,,1
G1776,G1408,Directed,29773,,,1
G1776,G1775,Directed,29774,,,1
G1777,G375,Directed,29775,,,1
G1777,G1509,Directed,29776,,,1
G1778,G170,Directed,29777,,,1
G1779,G321,Directed,29778,,,1
G1780,G312,Directed,29779,,,1
G1780,G397,Directed,29780,,,1
G1780,G945,Directed,29781,,,1
G1780,G946,Directed,29782,,,1
G1780,G1194,Directed,29783,,,1
G1780,G1408,Directed,29784,,,1
G1780,G1775,Directed,29785,,,1
G1781,G579,Directed,29786,,,1
G1781,G617,Directed,29787,,,1
G1781,G2252,Directed,29788,,,1
G1781,G2365,Directed,29789,,,1
G1782,G273,Directed,29790,,,1
G1782,G962,Directed,29791,,,1
G1782,G1038,Directed,29792,,,1
G1782,G1101,Directed,29793,,,1
G1782,G1393,Directed,29794,,,1
G1782,G1697,Directed,29795,,,1
G1782,G1707,Directed,29796,,,1
G1782,G1783,Directed,29797,,,1
G1782,G1873,Directed,29798,,,1
G1782,G1955,Directed,29799,,,1
G1782,G2004,Directed,29800,,,1
G1782,G2011,Directed,29801,,,1
G1783,G1556,Directed,29802,,,1
G1783,G1697,Directed,29803,,,1
G1783,G1782,Directed,29804,,,1
G1784,G321,Directed,29805,,,1
G1785,G1225,Directed,29806,,,1
G1786,G1685,Directed,29807,,,1
G1786,G1686,Directed,29808,,,1
G1787,G353,Directed,29809,,,1
G1787,G636,Directed,29810,,,1
G1787,G1318,Directed,29811,,,1
G1787,G1524,Directed,29812,,,1
G1788,G318,Directed,29813,,,1
G1789,G1697,Directed,29814,,,1
G1790,G29,Directed,29815,,,1
G1790,G629,Directed,29816,,,1
G1791,G897,Directed,29817,,,1
G1792,G1793,Directed,29818,,,1
G1793,G217,Directed,29819,,,1
G1793,G219,Directed,29820,,,1
G1793,G220,Directed,29821,,,1
G1793,G224,Directed,29822,,,1
G1793,G227,Directed,29823,,,1
G1793,G1792,Directed,29824,,,1
G1794,G139,Directed,29825,,,1
G1795,G1796,Directed,29826,,,1
G1796,G504,Directed,29827,,,1
G1796,G1565,Directed,29828,,,1
G1796,G1795,Directed,29829,,,1
G1796,G1834,Directed,29830,,,1
G1797,G458,Directed,29831,,,1
G1797,G474,Directed,29832,,,1
G1797,G591,Directed,29833,,,1
G1797,G1056,Directed,29834,,,1
G1797,G1208,Directed,29835,,,1
G1797,G1891,Directed,29836,,,1
G1797,G1910,Directed,29837,,,1
G1797,G1912,Directed,29838,,,1
G1797,G1915,Directed,29839,,,1
G1798,G433,Directed,29840,,,1
G1798,G438,Directed,29841,,,1
G1798,G439,Directed,29842,,,1
G1798,G467,Directed,29843,,,1
G1798,G523,Directed,29844,,,1
G1798,G1645,Directed,29845,,,1
G1799,G763,Directed,29846,,,1
G1800,G1801,Directed,29847,,,1
G1801,G130,Directed,29848,,,1
G1801,G385,Directed,29849,,,1
G1801,G421,Directed,29850,,,1
G1801,G691,Directed,29851,,,1
G1801,G1800,Directed,29852,,,1
G1801,G2083,Directed,29853,,,1
G1802,G562,Directed,29854,,,1
G1802,G920,Directed,29855,,,1
G1802,G1393,Directed,29856,,,1
G1802,G1545,Directed,29857,,,1
G1802,G1546,Directed,29858,,,1
G1802,G1569,Directed,29859,,,1
G1802,G1803,Directed,29860,,,1
G1802,G1806,Directed,29861,,,1
G1802,G1863,Directed,29862,,,1
G1803,G1545,Directed,29863,,,1
G1803,G1546,Directed,29864,,,1
G1803,G1569,Directed,29865,,,1
G1803,G1802,Directed,29866,,,1
G1803,G1806,Directed,29867,,,1
G1804,G1111,Directed,29868,,,1
G1804,G1112,Directed,29869,,,1
G1804,G1113,Directed,29870,,,1
G1804,G1291,Directed,29871,,,1
G1804,G1679,Directed,29872,,,1
G1805,G906,Directed,29873,,,1
G1806,G170,Directed,29874,,,1
G1806,G171,Directed,29875,,,1
G1806,G431,Directed,29876,,,1
G1806,G1087,Directed,29877,,,1
G1806,G1281,Directed,29878,,,1
G1806,G1427,Directed,29879,,,1
G1806,G1460,Directed,29880,,,1
G1806,G1597,Directed,29881,,,1
G1806,G1712,Directed,29882,,,1
G1806,G1740,Directed,29883,,,1
G1806,G1802,Directed,29884,,,1
G1806,G1803,Directed,29885,,,1
G1806,G1863,Directed,29886,,,1
G1806,G1982,Directed,29887,,,1
G1806,G1996,Directed,29888,,,1
G1806,G2012,Directed,29889,,,1
G1807,G763,Directed,29890,,,1
G1808,G1034,Directed,29891,,,1
G1808,G1442,Directed,29892,,,1
G1809,G303,Directed,29893,,,1
G1809,G304,Directed,29894,,,1
G1809,G333,Directed,29895,,,1
G1809,G370,Directed,29896,,,1
G1809,G387,Directed,29897,,,1
G1809,G419,Directed,29898,,,1
G1809,G421,Directed,29899,,,1
G1809,G429,Directed,29900,,,1
G1809,G451,Directed,29901,,,1
G1809,G452,Directed,29902,,,1
G1809,G493,Directed,29903,,,1
G1809,G494,Directed,29904,,,1
G1809,G691,Directed,29905,,,1
G1809,G711,Directed,29906,,,1
G1809,G1504,Directed,29907,,,1
G1809,G1515,Directed,29908,,,1
G1809,G1516,Directed,29909,,,1
G1809,G1517,Directed,29910,,,1
G1809,G1649,Directed,29911,,,1
G1810,G1225,Directed,29912,,,1
G1811,G584,Directed,29913,,,1
G1812,G170,Directed,29914,,,1
G1813,G584,Directed,29915,,,1
G1814,G450,Directed,29916,,,1
G1815,G1816,Directed,29917,,,1
G1816,G433,Directed,29918,,,1
G1816,G816,Directed,29919,,,1
G1816,G1815,Directed,29920,,,1
G1816,G2167,Directed,29921,,,1
G1817,G1494,Directed,29922,,,1
G1817,G1495,Directed,29923,,,1
G1818,G1225,Directed,29924,,,1
G1819,G170,Directed,29925,,,1
G1820,G92,Directed,29926,,,1
G1821,G215,Directed,29927,,,1
G1821,G476,Directed,29928,,,1
G1821,G1578,Directed,29929,,,1
G1821,G1700,Directed,29930,,,1
G1822,G407,Directed,29931,,,1
G1822,G1176,Directed,29932,,,1
G1823,G29,Directed,29933,,,1
G1823,G629,Directed,29934,,,1
G1824,G1219,Directed,29935,,,1
G1824,G1327,Directed,29936,,,1
G1824,G1328,Directed,29937,,,1
G1824,G1361,Directed,29938,,,1
G1824,G1468,Directed,29939,,,1
G1824,G1827,Directed,29940,,,1
G1824,G1890,Directed,29941,,,1
G1824,G1951,Directed,29942,,,1
G1825,G821,Directed,29943,,,1
G1826,G174,Directed,29944,,,1
G1827,G1117,Directed,29945,,,1
G1827,G1824,Directed,29946,,,1
G1828,G1087,Directed,29947,,,1
G1828,G1668,Directed,29948,,,1
G1828,G1712,Directed,29949,,,1
G1828,G1740,Directed,29950,,,1
G1828,G1855,Directed,29951,,,1
G1829,G1004,Directed,29952,,,1
G1830,G500,Directed,29953,,,1
G1830,G537,Directed,29954,,,1
G1830,G1090,Directed,29955,,,1
G1831,G9,Directed,29956,,,1
G1831,G68,Directed,29957,,,1
G1831,G91,Directed,29958,,,1
G1831,G567,Directed,29959,,,1
G1831,G590,Directed,29960,,,1
G1831,G975,Directed,29961,,,1
G1831,G1185,Directed,29962,,,1
G1831,G1494,Directed,29963,,,1
G1831,G1495,Directed,29964,,,1
G1831,G1652,Directed,29965,,,1
G1831,G1653,Directed,29966,,,1
G1831,G1702,Directed,29967,,,1
G1832,G228,Directed,29968,,,1
G1833,G622,Directed,29969,,,1
G1834,G1187,Directed,29970,,,1
G1834,G1302,Directed,29971,,,1
G1834,G1335,Directed,29972,,,1
G1834,G1360,Directed,29973,,,1
G1834,G1603,Directed,29974,,,1
G1834,G1796,Directed,29975,,,1
G1834,G1893,Directed,29976,,,1
G1834,G2056,Directed,29977,,,1
G1835,G127,Directed,29978,,,1
G1836,G9,Directed,29979,,,1
G1836,G68,Directed,29980,,,1
G1836,G91,Directed,29981,,,1
G1836,G567,Directed,29982,,,1
G1836,G590,Directed,29983,,,1
G1836,G975,Directed,29984,,,1
G1836,G1185,Directed,29985,,,1
G1836,G1494,Directed,29986,,,1
G1836,G1495,Directed,29987,,,1
G1836,G1652,Directed,29988,,,1
G1836,G1653,Directed,29989,,,1
G1836,G1702,Directed,29990,,,1
G1837,G1556,Directed,29991,,,1
G1837,G1743,Directed,29992,,,1
G1838,G40,Directed,29993,,,1
G1838,G91,Directed,29994,,,1
G1838,G258,Directed,29995,,,1
G1838,G524,Directed,29996,,,1
G1838,G1438,Directed,29997,,,1
G1838,G1690,Directed,29998,,,1
G1839,G906,Directed,29999,,,1
G1840,G1225,Directed,30000,,,1
G1841,G875,Directed,30001,,,1
G1841,G1302,Directed,30002,,,1
G1841,G1335,Directed,30003,,,1
G1841,G1360,Directed,30004,,,1
G1841,G1622,Directed,30005,,,1
G1841,G1687,Directed,30006,,,1
G1841,G1724,Directed,30007,,,1
G1841,G1725,Directed,30008,,,1
G1841,G1947,Directed,30009,,,1
G1842,G982,Directed,30010,,,1
G1842,G2372,Directed,30011,,,1
G1843,G501,Directed,30012,,,1
G1844,G258,Directed,30013,,,1
G1844,G407,Directed,30014,,,1
G1844,G1176,Directed,30015,,,1
G1845,G404,Directed,30016,,,1
G1845,G900,Directed,30017,,,1
G1845,G1283,Directed,30018,,,1
G1845,G1352,Directed,30019,,,1
G1845,G1499,Directed,30020,,,1
G1846,G346,Directed,30021,,,1
G1847,G1111,Directed,30022,,,1
G1847,G1112,Directed,30023,,,1
G1847,G1113,Directed,30024,,,1
G1848,G1228,Directed,30025,,,1
G1849,G40,Directed,30026,,,1
G1849,G42,Directed,30027,,,1
G1849,G45,Directed,30028,,,1
G1849,G68,Directed,30029,,,1
G1849,G335,Directed,30030,,,1
G1849,G413,Directed,30031,,,1
G1849,G463,Directed,30032,,,1
G1849,G464,Directed,30033,,,1
G1849,G1197,Directed,30034,,,1
G1850,G1035,Directed,30035,,,1
G1850,G1853,Directed,30036,,,1
G1851,G202,Directed,30037,,,1
G1851,G487,Directed,30038,,,1
G1851,G509,Directed,30039,,,1
G1851,G1379,Directed,30040,,,1
G1852,G127,Directed,30041,,,1
G1852,G1265,Directed,30042,,,1
G1853,G1302,Directed,30043,,,1
G1853,G1335,Directed,30044,,,1
G1853,G1360,Directed,30045,,,1
G1853,G1850,Directed,30046,,,1
G1854,G321,Directed,30047,,,1
G1855,G447,Directed,30048,,,1
G1855,G1087,Directed,30049,,,1
G1855,G1194,Directed,30050,,,1
G1855,G1393,Directed,30051,,,1
G1855,G1607,Directed,30052,,,1
G1855,G1712,Directed,30053,,,1
G1855,G1713,Directed,30054,,,1
G1855,G1740,Directed,30055,,,1
G1855,G1828,Directed,30056,,,1
G1856,G174,Directed,30057,,,1
G1857,G500,Directed,30058,,,1
G1857,G537,Directed,30059,,,1
G1857,G1090,Directed,30060,,,1
G1858,G1682,Directed,30061,,,1
G1859,G1314,Directed,30062,,,1
G1860,G93,Directed,30063,,,1
G1861,G732,Directed,30064,,,1
G1862,G318,Directed,30065,,,1
G1863,G1545,Directed,30066,,,1
G1863,G1546,Directed,30067,,,1
G1863,G1569,Directed,30068,,,1
G1863,G1802,Directed,30069,,,1
G1863,G1806,Directed,30070,,,1
G1864,G689,Directed,30071,,,1
G1865,G1005,Directed,30072,,,1
G1866,G689,Directed,30073,,,1
G1867,G450,Directed,30074,,,1
G1868,G573,Directed,30075,,,1
G1868,G1225,Directed,30076,,,1
G1868,G2210,Directed,30077,,,1
G1868,G2331,Directed,30078,,,1
G1869,G450,Directed,30079,,,1
G1870,G243,Directed,30080,,,1
G1870,G1694,Directed,30081,,,1
G1870,G1748,Directed,30082,,,1
G1871,G1006,Directed,30083,,,1
G1872,G67,Directed,30084,,,1
G1872,G68,Directed,30085,,,1
G1872,G91,Directed,30086,,,1
G1872,G113,Directed,30087,,,1
G1872,G210,Directed,30088,,,1
G1872,G213,Directed,30089,,,1
G1872,G322,Directed,30090,,,1
G1872,G422,Directed,30091,,,1
G1872,G892,Directed,30092,,,1
G1872,G912,Directed,30093,,,1
G1872,G913,Directed,30094,,,1
G1872,G914,Directed,30095,,,1
G1872,G917,Directed,30096,,,1
G1872,G1104,Directed,30097,,,1
G1872,G1114,Directed,30098,,,1
G1872,G1121,Directed,30099,,,1
G1872,G1122,Directed,30100,,,1
G1872,G1156,Directed,30101,,,1
G1872,G1163,Directed,30102,,,1
G1872,G1253,Directed,30103,,,1
G1872,G1254,Directed,30104,,,1
G1872,G1261,Directed,30105,,,1
G1872,G1262,Directed,30106,,,1
G1872,G1273,Directed,30107,,,1
G1872,G1305,Directed,30108,,,1
G1872,G1311,Directed,30109,,,1
G1872,G1494,Directed,30110,,,1
G1872,G1495,Directed,30111,,,1
G1873,G562,Directed,30112,,,1
G1873,G920,Directed,30113,,,1
G1873,G1393,Directed,30114,,,1
G1873,G1782,Directed,30115,,,1
G1873,G1917,Directed,30116,,,1
G1873,G1948,Directed,30117,,,1
G1873,G1989,Directed,30118,,,1
G1873,G2001,Directed,30119,,,1
G1873,G2054,Directed,30120,,,1
G1874,G1875,Directed,30121,,,1
G1875,G1264,Directed,30122,,,1
G1875,G1297,Directed,30123,,,1
G1875,G1874,Directed,30124,,,1
G1875,G1937,Directed,30125,,,1
G1875,G1938,Directed,30126,,,1
G1875,G1994,Directed,30127,,,1
G1876,G1635,Directed,30128,,,1
G1877,G1046,Directed,30129,,,1
G1878,G262,Directed,30130,,,1
G1878,G544,Directed,30131,,,1
G1879,G866,Directed,30132,,,1
G1879,G996,Directed,30133,,,1
G1879,G1425,Directed,30134,,,1
G1879,G1881,Directed,30135,,,1
G1879,G1983,Directed,30136,,,1
G1879,G2019,Directed,30137,,,1
G1879,G2021,Directed,30138,,,1
G1879,G2025,Directed,30139,,,1
G1879,G2037,Directed,30140,,,1
G1879,G2055,Directed,30141,,,1
G1879,G2245,Directed,30142,,,1
G1880,G32,Directed,30143,,,1
G1880,G33,Directed,30144,,,1
G1880,G60,Directed,30145,,,1
G1880,G61,Directed,30146,,,1
G1880,G295,Directed,30147,,,1
G1880,G297,Directed,30148,,,1
G1880,G308,Directed,30149,,,1
G1880,G472,Directed,30150,,,1
G1880,G650,Directed,30151,,,1
G1880,G662,Directed,30152,,,1
G1880,G679,Directed,30153,,,1
G1880,G1608,Directed,30154,,,1
G1880,G1926,Directed,30155,,,1
G1881,G1158,Directed,30156,,,1
G1881,G1265,Directed,30157,,,1
G1881,G1665,Directed,30158,,,1
G1881,G1879,Directed,30159,,,1
G1882,G321,Directed,30160,,,1
G1882,G1302,Directed,30161,,,1
G1882,G1335,Directed,30162,,,1
G1882,G1360,Directed,30163,,,1
G1883,G9,Directed,30164,,,1
G1883,G68,Directed,30165,,,1
G1883,G91,Directed,30166,,,1
G1883,G375,Directed,30167,,,1
G1883,G567,Directed,30168,,,1
G1883,G590,Directed,30169,,,1
G1883,G975,Directed,30170,,,1
G1883,G1185,Directed,30171,,,1
G1883,G1494,Directed,30172,,,1
G1883,G1495,Directed,30173,,,1
G1883,G1652,Directed,30174,,,1
G1883,G1653,Directed,30175,,,1
G1883,G1702,Directed,30176,,,1
G1884,G1300,Directed,30177,,,1
G1885,G391,Directed,30178,,,1
G1886,G1274,Directed,30179,,,1
G1886,G1491,Directed,30180,,,1
G1887,G62,Directed,30181,,,1
G1887,G63,Directed,30182,,,1
G1887,G1476,Directed,30183,,,1
G1887,G1603,Directed,30184,,,1
G1887,G1888,Directed,30185,,,1
G1888,G537,Directed,30186,,,1
G1888,G682,Directed,30187,,,1
G1888,G802,Directed,30188,,,1
G1888,G1090,Directed,30189,,,1
G1888,G1887,Directed,30190,,,1
G1888,G1904,Directed,30191,,,1
G1889,G211,Directed,30192,,,1
G1889,G212,Directed,30193,,,1
G1889,G221,Directed,30194,,,1
G1889,G222,Directed,30195,,,1
G1889,G993,Directed,30196,,,1
G1889,G1161,Directed,30197,,,1
G1890,G1041,Directed,30198,,,1
G1890,G1043,Directed,30199,,,1
G1890,G1050,Directed,30200,,,1
G1890,G1327,Directed,30201,,,1
G1890,G1361,Directed,30202,,,1
G1890,G1700,Directed,30203,,,1
G1890,G1824,Directed,30204,,,1
G1891,G325,Directed,30205,,,1
G1891,G1182,Directed,30206,,,1
G1891,G1797,Directed,30207,,,1
G1892,G244,Directed,30208,,,1
G1892,G1442,Directed,30209,,,1
G1892,G1733,Directed,30210,,,1
G1893,G504,Directed,30211,,,1
G1893,G1565,Directed,30212,,,1
G1893,G1834,Directed,30213,,,1
G1894,G288,Directed,30214,,,1
G1894,G562,Directed,30215,,,1
G1894,G594,Directed,30216,,,1
G1894,G920,Directed,30217,,,1
G1894,G1157,Directed,30218,,,1
G1894,G1711,Directed,30219,,,1
G1894,G1975,Directed,30220,,,1
G1894,G2245,Directed,30221,,,1
G1895,G369,Directed,30222,,,1
G1895,G504,Directed,30223,,,1
G1895,G978,Directed,30224,,,1
G1895,G979,Directed,30225,,,1
G1895,G1101,Directed,30226,,,1
G1895,G1194,Directed,30227,,,1
G1895,G1240,Directed,30228,,,1
G1895,G1529,Directed,30229,,,1
G1895,G1530,Directed,30230,,,1
G1895,G1565,Directed,30231,,,1
G1896,G364,Directed,30232,,,1
G1896,G1275,Directed,30233,,,1
G1896,G1575,Directed,30234,,,1
G1896,G1613,Directed,30235,,,1
G1896,G1643,Directed,30236,,,1
G1897,G1898,Directed,30237,,,1
G1897,G1899,Directed,30238,,,1
G1897,G1900,Directed,30239,,,1
G1898,G562,Directed,30240,,,1
G1898,G920,Directed,30241,,,1
G1898,G1715,Directed,30242,,,1
G1898,G1897,Directed,30243,,,1
G1898,G2047,Directed,30244,,,1
G1898,G2048,Directed,30245,,,1
G1899,G562,Directed,30246,,,1
G1899,G920,Directed,30247,,,1
G1899,G1715,Directed,30248,,,1
G1899,G1897,Directed,30249,,,1
G1899,G2047,Directed,30250,,,1
G1899,G2048,Directed,30251,,,1
G1900,G288,Directed,30252,,,1
G1900,G289,Directed,30253,,,1
G1900,G432,Directed,30254,,,1
G1900,G997,Directed,30255,,,1
G1900,G999,Directed,30256,,,1
G1900,G1001,Directed,30257,,,1
G1900,G1003,Directed,30258,,,1
G1900,G1152,Directed,30259,,,1
G1900,G1157,Directed,30260,,,1
G1900,G1169,Directed,30261,,,1
G1900,G1260,Directed,30262,,,1
G1900,G1292,Directed,30263,,,1
G1900,G1302,Directed,30264,,,1
G1900,G1316,Directed,30265,,,1
G1900,G1715,Directed,30266,,,1
G1900,G1897,Directed,30267,,,1
G1900,G2047,Directed,30268,,,1
G1901,G62,Directed,30269,,,1
G1901,G63,Directed,30270,,,1
G1901,G244,Directed,30271,,,1
G1901,G1302,Directed,30272,,,1
G1901,G1335,Directed,30273,,,1
G1901,G1360,Directed,30274,,,1
G1901,G1476,Directed,30275,,,1
G1901,G1733,Directed,30276,,,1
G1902,G144,Directed,30277,,,1
G1902,G1677,Directed,30278,,,1
G1902,G1751,Directed,30279,,,1
G1902,G1903,Directed,30280,,,1
G1902,G1905,Directed,30281,,,1
G1903,G273,Directed,30282,,,1
G1903,G1902,Directed,30283,,,1
G1903,G1944,Directed,30284,,,1
G1904,G62,Directed,30285,,,1
G1904,G63,Directed,30286,,,1
G1904,G1476,Directed,30287,,,1
G1904,G1603,Directed,30288,,,1
G1904,G1888,Directed,30289,,,1
G1905,G273,Directed,30290,,,1
G1905,G1902,Directed,30291,,,1
G1905,G1944,Directed,30292,,,1
G1906,G564,Directed,30293,,,1
G1906,G1102,Directed,30294,,,1
G1906,G1183,Directed,30295,,,1
G1906,G1192,Directed,30296,,,1
G1906,G1907,Directed,30297,,,1
G1907,G395,Directed,30298,,,1
G1907,G757,Directed,30299,,,1
G1907,G764,Directed,30300,,,1
G1907,G1193,Directed,30301,,,1
G1907,G1202,Directed,30302,,,1
G1907,G1215,Directed,30303,,,1
G1907,G1906,Directed,30304,,,1
G1907,G1956,Directed,30305,,,1
G1907,G2031,Directed,30306,,,1
G1907,G2045,Directed,30307,,,1
G1908,G997,Directed,30308,,,1
G1908,G998,Directed,30309,,,1
G1908,G999,Directed,30310,,,1
G1908,G1001,Directed,30311,,,1
G1908,G1003,Directed,30312,,,1
G1908,G1017,Directed,30313,,,1
G1908,G1031,Directed,30314,,,1
G1909,G246,Directed,30315,,,1
G1909,G247,Directed,30316,,,1
G1909,G248,Directed,30317,,,1
G1910,G474,Directed,30318,,,1
G1910,G591,Directed,30319,,,1
G1910,G1034,Directed,30320,,,1
G1910,G1208,Directed,30321,,,1
G1910,G1797,Directed,30322,,,1
G1910,G1913,Directed,30323,,,1
G1911,G1274,Directed,30324,,,1
G1912,G474,Directed,30325,,,1
G1912,G591,Directed,30326,,,1
G1912,G1034,Directed,30327,,,1
G1912,G1208,Directed,30328,,,1
G1912,G1797,Directed,30329,,,1
G1912,G1913,Directed,30330,,,1
G1913,G448,Directed,30331,,,1
G1913,G504,Directed,30332,,,1
G1913,G516,Directed,30333,,,1
G1913,G560,Directed,30334,,,1
G1913,G702,Directed,30335,,,1
G1913,G1153,Directed,30336,,,1
G1913,G1193,Directed,30337,,,1
G1913,G1202,Directed,30338,,,1
G1913,G1215,Directed,30339,,,1
G1913,G1249,Directed,30340,,,1
G1913,G1289,Directed,30341,,,1
G1913,G1317,Directed,30342,,,1
G1913,G1336,Directed,30343,,,1
G1913,G1354,Directed,30344,,,1
G1913,G1565,Directed,30345,,,1
G1913,G1910,Directed,30346,,,1
G1913,G1912,Directed,30347,,,1
G1913,G1915,Directed,30348,,,1
G1914,G1302,Directed,30349,,,1
G1914,G1335,Directed,30350,,,1
G1914,G1337,Directed,30351,,,1
G1914,G1360,Directed,30352,,,1
G1915,G474,Directed,30353,,,1
G1915,G591,Directed,30354,,,1
G1915,G1034,Directed,30355,,,1
G1915,G1208,Directed,30356,,,1
G1915,G1797,Directed,30357,,,1
G1915,G1913,Directed,30358,,,1
G1916,G64,Directed,30359,,,1
G1916,G283,Directed,30360,,,1
G1916,G377,Directed,30361,,,1
G1916,G1192,Directed,30362,,,1
G1916,G1302,Directed,30363,,,1
G1916,G1326,Directed,30364,,,1
G1916,G1335,Directed,30365,,,1
G1916,G1360,Directed,30366,,,1
G1916,G1396,Directed,30367,,,1
G1916,G1627,Directed,30368,,,1
G1916,G1992,Directed,30369,,,1
G1916,G2055,Directed,30370,,,1
G1917,G9,Directed,30371,,,1
G1917,G975,Directed,30372,,,1
G1917,G1240,Directed,30373,,,1
G1917,G1468,Directed,30374,,,1
G1917,G1603,Directed,30375,,,1
G1917,G1707,Directed,30376,,,1
G1917,G1873,Directed,30377,,,1
G1917,G1927,Directed,30378,,,1
G1917,G1930,Directed,30379,,,1
G1917,G1948,Directed,30380,,,1
G1917,G2054,Directed,30381,,,1
G1918,G504,Directed,30382,,,1
G1918,G1565,Directed,30383,,,1
G1919,G485,Directed,30384,,,1
G1919,G1438,Directed,30385,,,1
G1919,G1920,Directed,30386,,,1
G1919,G1921,Directed,30387,,,1
G1920,G1919,Directed,30388,,,1
G1920,G2029,Directed,30389,,,1
G1921,G1919,Directed,30390,,,1
G1921,G2029,Directed,30391,,,1
G1922,G369,Directed,30392,,,1
G1922,G504,Directed,30393,,,1
G1922,G978,Directed,30394,,,1
G1922,G979,Directed,30395,,,1
G1922,G1101,Directed,30396,,,1
G1922,G1194,Directed,30397,,,1
G1922,G1240,Directed,30398,,,1
G1922,G1529,Directed,30399,,,1
G1922,G1530,Directed,30400,,,1
G1922,G1565,Directed,30401,,,1
G1923,G614,Directed,30402,,,1
G1923,G1924,Directed,30403,,,1
G1924,G1923,Directed,30404,,,1
G1924,G2049,Directed,30405,,,1
G1925,G995,Directed,30406,,,1
G1926,G432,Directed,30407,,,1
G1926,G649,Directed,30408,,,1
G1926,G1169,Directed,30409,,,1
G1926,G1880,Directed,30410,,,1
G1927,G1192,Directed,30411,,,1
G1927,G1280,Directed,30412,,,1
G1927,G1917,Directed,30413,,,1
G1927,G1948,Directed,30414,,,1
G1927,G2054,Directed,30415,,,1
G1928,G194,Directed,30416,,,1
G1928,G2015,Directed,30417,,,1
G1928,G2064,Directed,30418,,,1
G1929,G170,Directed,30419,,,1
G1929,G171,Directed,30420,,,1
G1929,G272,Directed,30421,,,1
G1929,G1148,Directed,30422,,,1
G1929,G1150,Directed,30423,,,1
G1929,G1556,Directed,30424,,,1
G1929,G1994,Directed,30425,,,1
G1930,G1192,Directed,30426,,,1
G1930,G1280,Directed,30427,,,1
G1930,G1917,Directed,30428,,,1
G1930,G1948,Directed,30429,,,1
G1930,G2054,Directed,30430,,,1
G1931,G273,Directed,30431,,,1
G1931,G300,Directed,30432,,,1
G1931,G485,Directed,30433,,,1
G1931,G1423,Directed,30434,,,1
G1931,G1438,Directed,30435,,,1
G1931,G1464,Directed,30436,,,1
G1932,G1544,Directed,30437,,,1
G1932,G1547,Directed,30438,,,1
G1932,G1584,Directed,30439,,,1
G1932,G1590,Directed,30440,,,1
G1932,G1744,Directed,30441,,,1
G1933,G305,Directed,30442,,,1
G1933,G1177,Directed,30443,,,1
G1934,G305,Directed,30444,,,1
G1934,G1177,Directed,30445,,,1
G1935,G414,Directed,30446,,,1
G1935,G1177,Directed,30447,,,1
G1935,G1494,Directed,30448,,,1
G1936,G1264,Directed,30449,,,1
G1936,G1297,Directed,30450,,,1
G1936,G1937,Directed,30451,,,1
G1936,G1938,Directed,30452,,,1
G1936,G1994,Directed,30453,,,1
G1937,G1875,Directed,30454,,,1
G1937,G1936,Directed,30455,,,1
G1937,G2026,Directed,30456,,,1
G1938,G1875,Directed,30457,,,1
G1938,G1936,Directed,30458,,,1
G1938,G2026,Directed,30459,,,1
G1939,G681,Directed,30460,,,1
G1939,G1493,Directed,30461,,,1
G1939,G1598,Directed,30462,,,1
G1939,G1599,Directed,30463,,,1
G1939,G1600,Directed,30464,,,1
G1939,G1602,Directed,30465,,,1
G1939,G1717,Directed,30466,,,1
G1940,G1194,Directed,30467,,,1
G1940,G1472,Directed,30468,,,1
G1940,G1941,Directed,30469,,,1
G1941,G1940,Directed,30470,,,1
G1941,G1967,Directed,30471,,,1
G1941,G2034,Directed,30472,,,1
G1941,G2040,Directed,30473,,,1
G1942,G500,Directed,30474,,,1
G1942,G1013,Directed,30475,,,1
G1942,G1022,Directed,30476,,,1
G1942,G1023,Directed,30477,,,1
G1942,G1506,Directed,30478,,,1
G1942,G1943,Directed,30479,,,1
G1942,G1945,Directed,30480,,,1
G1942,G1946,Directed,30481,,,1
G1943,G470,Directed,30482,,,1
G1943,G1942,Directed,30483,,,1
G1943,G1968,Directed,30484,,,1
G1944,G144,Directed,30485,,,1
G1944,G1677,Directed,30486,,,1
G1944,G1751,Directed,30487,,,1
G1944,G1903,Directed,30488,,,1
G1944,G1905,Directed,30489,,,1
G1945,G470,Directed,30490,,,1
G1945,G1588,Directed,30491,,,1
G1945,G1942,Directed,30492,,,1
G1945,G1968,Directed,30493,,,1
G1945,G2247,Directed,30494,,,1
G1946,G470,Directed,30495,,,1
G1946,G1942,Directed,30496,,,1
G1946,G1968,Directed,30497,,,1
G1947,G860,Directed,30498,,,1
G1947,G1008,Directed,30499,,,1
G1947,G1009,Directed,30500,,,1
G1947,G1622,Directed,30501,,,1
G1947,G1723,Directed,30502,,,1
G1947,G1841,Directed,30503,,,1
G1948,G9,Directed,30504,,,1
G1948,G975,Directed,30505,,,1
G1948,G1240,Directed,30506,,,1
G1948,G1468,Directed,30507,,,1
G1948,G1603,Directed,30508,,,1
G1948,G1707,Directed,30509,,,1
G1948,G1873,Directed,30510,,,1
G1948,G1917,Directed,30511,,,1
G1948,G1927,Directed,30512,,,1
G1948,G1930,Directed,30513,,,1
G1949,G765,Directed,30514,,,1
G1949,G996,Directed,30515,,,1
G1949,G1239,Directed,30516,,,1
G1949,G1310,Directed,30517,,,1
G1949,G1983,Directed,30518,,,1
G1949,G2019,Directed,30519,,,1
G1949,G2037,Directed,30520,,,1
G1950,G655,Directed,30521,,,1
G1950,G1972,Directed,30522,,,1
G1951,G1041,Directed,30523,,,1
G1951,G1043,Directed,30524,,,1
G1951,G1050,Directed,30525,,,1
G1951,G1327,Directed,30526,,,1
G1951,G1361,Directed,30527,,,1
G1951,G1700,Directed,30528,,,1
G1951,G1824,Directed,30529,,,1
G1952,G882,Directed,30530,,,1
G1952,G1192,Directed,30531,,,1
G1952,G1280,Directed,30532,,,1
G1952,G1325,Directed,30533,,,1
G1952,G1494,Directed,30534,,,1
G1952,G1496,Directed,30535,,,1
G1953,G882,Directed,30536,,,1
G1954,G246,Directed,30537,,,1
G1954,G247,Directed,30538,,,1
G1954,G248,Directed,30539,,,1
G1955,G882,Directed,30540,,,1
G1955,G1212,Directed,30541,,,1
G1955,G1782,Directed,30542,,,1
G1955,G1965,Directed,30543,,,1
G1956,G564,Directed,30544,,,1
G1956,G1102,Directed,30545,,,1
G1956,G1183,Directed,30546,,,1
G1956,G1192,Directed,30547,,,1
G1956,G1907,Directed,30548,,,1
G1957,G144,Directed,30549,,,1
G1958,G244,Directed,30550,,,1
G1958,G1442,Directed,30551,,,1
G1958,G1733,Directed,30552,,,1
G1959,G64,Directed,30553,,,1
G1959,G283,Directed,30554,,,1
G1959,G1192,Directed,30555,,,1
G1959,G1302,Directed,30556,,,1
G1959,G1326,Directed,30557,,,1
G1959,G1335,Directed,30558,,,1
G1959,G1360,Directed,30559,,,1
G1959,G1396,Directed,30560,,,1
G1959,G1627,Directed,30561,,,1
G1959,G1992,Directed,30562,,,1
G1959,G2055,Directed,30563,,,1
G1960,G1442,Directed,30564,,,1
G1960,G2005,Directed,30565,,,1
G1960,G2006,Directed,30566,,,1
G1960,G2007,Directed,30567,,,1
G1960,G2035,Directed,30568,,,1
G1960,G2036,Directed,30569,,,1
G1961,G1697,Directed,30570,,,1
G1962,G1420,Directed,30571,,,1
G1962,G1441,Directed,30572,,,1
G1963,G1265,Directed,30573,,,1
G1964,G289,Directed,30574,,,1
G1964,G1152,Directed,30575,,,1
G1964,G1302,Directed,30576,,,1
G1964,G1335,Directed,30577,,,1
G1964,G1360,Directed,30578,,,1
G1965,G1955,Directed,30579,,,1
G1965,G1991,Directed,30580,,,1
G1965,G2011,Directed,30581,,,1
G1966,G1302,Directed,30582,,,1
G1966,G1335,Directed,30583,,,1
G1966,G1337,Directed,30584,,,1
G1966,G1360,Directed,30585,,,1
G1967,G1194,Directed,30586,,,1
G1967,G1472,Directed,30587,,,1
G1967,G1941,Directed,30588,,,1
G1968,G500,Directed,30589,,,1
G1968,G1013,Directed,30590,,,1
G1968,G1022,Directed,30591,,,1
G1968,G1023,Directed,30592,,,1
G1968,G1506,Directed,30593,,,1
G1968,G1943,Directed,30594,,,1
G1968,G1945,Directed,30595,,,1
G1968,G1946,Directed,30596,,,1
G1969,G1597,Directed,30597,,,1
G1970,G1083,Directed,30598,,,1
G1970,G1084,Directed,30599,,,1
G1970,G1093,Directed,30600,,,1
G1970,G1097,Directed,30601,,,1
G1970,G1098,Directed,30602,,,1
G1970,G1123,Directed,30603,,,1
G1970,G1298,Directed,30604,,,1
G1970,G1337,Directed,30605,,,1
G1970,G1506,Directed,30606,,,1
G1971,G1393,Directed,30607,,,1
G1972,G562,Directed,30608,,,1
G1972,G900,Directed,30609,,,1
G1972,G920,Directed,30610,,,1
G1972,G1283,Directed,30611,,,1
G1972,G1352,Directed,30612,,,1
G1972,G1950,Directed,30613,,,1
G1972,G1974,Directed,30614,,,1
G1973,G1393,Directed,30615,,,1
G1974,G655,Directed,30616,,,1
G1974,G1972,Directed,30617,,,1
G1975,G217,Directed,30618,,,1
G1975,G224,Directed,30619,,,1
G1975,G227,Directed,30620,,,1
G1975,G272,Directed,30621,,,1
G1975,G595,Directed,30622,,,1
G1975,G765,Directed,30623,,,1
G1975,G1148,Directed,30624,,,1
G1975,G1150,Directed,30625,,,1
G1975,G1239,Directed,30626,,,1
G1975,G1240,Directed,30627,,,1
G1975,G1310,Directed,30628,,,1
G1975,G1894,Directed,30629,,,1
G1975,G1977,Directed,30630,,,1
G1975,G1979,Directed,30631,,,1
G1975,G1980,Directed,30632,,,1
G1975,G1981,Directed,30633,,,1
G1976,G1393,Directed,30634,,,1
G1977,G288,Directed,30635,,,1
G1977,G562,Directed,30636,,,1
G1977,G594,Directed,30637,,,1
G1977,G920,Directed,30638,,,1
G1977,G1157,Directed,30639,,,1
G1977,G1975,Directed,30640,,,1
G1978,G418,Directed,30641,,,1
G1978,G1274,Directed,30642,,,1
G1979,G594,Directed,30643,,,1
G1979,G595,Directed,30644,,,1
G1979,G1603,Directed,30645,,,1
G1979,G1975,Directed,30646,,,1
G1980,G594,Directed,30647,,,1
G1980,G1044,Directed,30648,,,1
G1980,G1425,Directed,30649,,,1
G1980,G1975,Directed,30650,,,1
G1981,G594,Directed,30651,,,1
G1981,G1044,Directed,30652,,,1
G1981,G1425,Directed,30653,,,1
G1981,G1975,Directed,30654,,,1
G1982,G1806,Directed,30655,,,1
G1983,G996,Directed,30656,,,1
G1983,G1044,Directed,30657,,,1
G1983,G1425,Directed,30658,,,1
G1983,G1879,Directed,30659,,,1
G1983,G1949,Directed,30660,,,1
G1983,G1984,Directed,30661,,,1
G1984,G996,Directed,30662,,,1
G1984,G1983,Directed,30663,,,1
G1984,G2019,Directed,30664,,,1
G1984,G2037,Directed,30665,,,1
G1985,G1671,Directed,30666,,,1
G1986,G882,Directed,30667,,,1
G1986,G1192,Directed,30668,,,1
G1986,G1280,Directed,30669,,,1
G1986,G1325,Directed,30670,,,1
G1986,G1494,Directed,30671,,,1
G1986,G1496,Directed,30672,,,1
G1987,G473,Directed,30673,,,1
G1987,G1331,Directed,30674,,,1
G1988,G882,Directed,30675,,,1
G1988,G1192,Directed,30676,,,1
G1988,G1280,Directed,30677,,,1
G1988,G1325,Directed,30678,,,1
G1988,G1494,Directed,30679,,,1
G1988,G1496,Directed,30680,,,1
G1989,G151,Directed,30681,,,1
G1989,G152,Directed,30682,,,1
G1989,G1707,Directed,30683,,,1
G1989,G1873,Directed,30684,,,1
G1990,G1194,Directed,30685,,,1
G1990,G1432,Directed,30686,,,1
G1991,G326,Directed,30687,,,1
G1991,G1188,Directed,30688,,,1
G1991,G1212,Directed,30689,,,1
G1991,G1965,Directed,30690,,,1
G1992,G217,Directed,30691,,,1
G1992,G219,Directed,30692,,,1
G1992,G220,Directed,30693,,,1
G1992,G224,Directed,30694,,,1
G1992,G227,Directed,30695,,,1
G1992,G272,Directed,30696,,,1
G1992,G283,Directed,30697,,,1
G1992,G1148,Directed,30698,,,1
G1992,G1150,Directed,30699,,,1
G1992,G1573,Directed,30700,,,1
G1992,G1916,Directed,30701,,,1
G1992,G1959,Directed,30702,,,1
G1993,G397,Directed,30703,,,1
G1993,G667,Directed,30704,,,1
G1993,G668,Directed,30705,,,1
G1993,G1408,Directed,30706,,,1
G1994,G1524,Directed,30707,,,1
G1994,G1875,Directed,30708,,,1
G1994,G1929,Directed,30709,,,1
G1994,G1936,Directed,30710,,,1
G1994,G2026,Directed,30711,,,1
G1995,G882,Directed,30712,,,1
G1995,G1192,Directed,30713,,,1
G1995,G1280,Directed,30714,,,1
G1995,G1325,Directed,30715,,,1
G1995,G1494,Directed,30716,,,1
G1995,G1496,Directed,30717,,,1
G1996,G1084,Directed,30718,,,1
G1996,G1806,Directed,30719,,,1
G1997,G1415,Directed,30720,,,1
G1998,G1087,Directed,30721,,,1
G1998,G1712,Directed,30722,,,1
G1998,G1740,Directed,30723,,,1
G1999,G1312,Directed,30724,,,1
G2000,G244,Directed,30725,,,1
G2000,G1442,Directed,30726,,,1
G2000,G1733,Directed,30727,,,1
G2001,G151,Directed,30728,,,1
G2001,G152,Directed,30729,,,1
G2001,G1707,Directed,30730,,,1
G2001,G1873,Directed,30731,,,1
G2002,G89,Directed,30732,,,1
G2002,G116,Directed,30733,,,1
G2002,G375,Directed,30734,,,1
G2002,G418,Directed,30735,,,1
G2002,G1274,Directed,30736,,,1
G2002,G2084,Directed,30737,,,1
G2003,G1697,Directed,30738,,,1
G2004,G1192,Directed,30739,,,1
G2004,G1782,Directed,30740,,,1
G2004,G2005,Directed,30741,,,1
G2004,G2006,Directed,30742,,,1
G2004,G2007,Directed,30743,,,1
G2004,G2036,Directed,30744,,,1
G2005,G1960,Directed,30745,,,1
G2005,G2004,Directed,30746,,,1
G2006,G1960,Directed,30747,,,1
G2006,G2004,Directed,30748,,,1
G2007,G1960,Directed,30749,,,1
G2007,G2004,Directed,30750,,,1
G2008,G1598,Directed,30751,,,1
G2008,G1599,Directed,30752,,,1
G2008,G1600,Directed,30753,,,1
G2008,G1602,Directed,30754,,,1
G2009,G199,Directed,30755,,,1
G2009,G1383,Directed,30756,,,1
G2010,G65,Directed,30757,,,1
G2011,G882,Directed,30758,,,1
G2011,G1212,Directed,30759,,,1
G2011,G1782,Directed,30760,,,1
G2011,G1965,Directed,30761,,,1
G2012,G1084,Directed,30762,,,1
G2012,G1806,Directed,30763,,,1
G2013,G473,Directed,30764,,,1
G2013,G1331,Directed,30765,,,1
G2014,G254,Directed,30766,,,1
G2014,G531,Directed,30767,,,1
G2014,G1184,Directed,30768,,,1
G2014,G1193,Directed,30769,,,1
G2014,G1202,Directed,30770,,,1
G2014,G1215,Directed,30771,,,1
G2014,G1705,Directed,30772,,,1
G2015,G194,Directed,30773,,,1
G2015,G1928,Directed,30774,,,1
G2015,G2063,Directed,30775,,,1
G2016,G1278,Directed,30776,,,1
G2017,G1489,Directed,30777,,,1
G2017,G1505,Directed,30778,,,1
G2018,G156,Directed,30779,,,1
G2018,G749,Directed,30780,,,1
G2018,G1101,Directed,30781,,,1
G2018,G1356,Directed,30782,,,1
G2019,G996,Directed,30783,,,1
G2019,G1044,Directed,30784,,,1
G2019,G1425,Directed,30785,,,1
G2019,G1879,Directed,30786,,,1
G2019,G1949,Directed,30787,,,1
G2019,G1984,Directed,30788,,,1
G2020,G254,Directed,30789,,,1
G2020,G531,Directed,30790,,,1
G2020,G1184,Directed,30791,,,1
G2020,G1193,Directed,30792,,,1
G2020,G1202,Directed,30793,,,1
G2020,G1215,Directed,30794,,,1
G2020,G1705,Directed,30795,,,1
G2021,G900,Directed,30796,,,1
G2021,G1283,Directed,30797,,,1
G2021,G1352,Directed,30798,,,1
G2021,G1879,Directed,30799,,,1
G2021,G2066,Directed,30800,,,1
G2022,G1687,Directed,30801,,,1
G2023,G1491,Directed,30802,,,1
G2023,G1751,Directed,30803,,,1
G2024,G194,Directed,30804,,,1
G2025,G900,Directed,30805,,,1
G2025,G1283,Directed,30806,,,1
G2025,G1352,Directed,30807,,,1
G2025,G1879,Directed,30808,,,1
G2025,G2066,Directed,30809,,,1
G2026,G1264,Directed,30810,,,1
G2026,G1297,Directed,30811,,,1
G2026,G1937,Directed,30812,,,1
G2026,G1938,Directed,30813,,,1
G2026,G1994,Directed,30814,,,1
G2027,G1194,Directed,30815,,,1
G2027,G1432,Directed,30816,,,1
G2028,G272,Directed,30817,,,1
G2028,G1148,Directed,30818,,,1
G2028,G1150,Directed,30819,,,1
G2029,G485,Directed,30820,,,1
G2029,G1438,Directed,30821,,,1
G2029,G1920,Directed,30822,,,1
G2029,G1921,Directed,30823,,,1
G2030,G1675,Directed,30824,,,1
G2030,G1695,Directed,30825,,,1
G2030,G1696,Directed,30826,,,1
G2030,G1735,Directed,30827,,,1
G2031,G564,Directed,30828,,,1
G2031,G1102,Directed,30829,,,1
G2031,G1183,Directed,30830,,,1
G2031,G1192,Directed,30831,,,1
G2031,G1907,Directed,30832,,,1
G2032,G1042,Directed,30833,,,1
G2032,G1497,Directed,30834,,,1
G2032,G1692,Directed,30835,,,1
G2033,G459,Directed,30836,,,1
G2034,G1194,Directed,30837,,,1
G2034,G1472,Directed,30838,,,1
G2034,G1941,Directed,30839,,,1
G2035,G1960,Directed,30840,,,1
G2036,G1960,Directed,30841,,,1
G2036,G2004,Directed,30842,,,1
G2037,G996,Directed,30843,,,1
G2037,G1044,Directed,30844,,,1
G2037,G1425,Directed,30845,,,1
G2037,G1879,Directed,30846,,,1
G2037,G1949,Directed,30847,,,1
G2037,G1984,Directed,30848,,,1
G2038,G1042,Directed,30849,,,1
G2039,G217,Directed,30850,,,1
G2039,G219,Directed,30851,,,1
G2039,G220,Directed,30852,,,1
G2039,G224,Directed,30853,,,1
G2039,G227,Directed,30854,,,1
G2040,G1194,Directed,30855,,,1
G2040,G1472,Directed,30856,,,1
G2040,G1941,Directed,30857,,,1
G2041,G1415,Directed,30858,,,1
G2042,G1415,Directed,30859,,,1
G2043,G65,Directed,30860,,,1
G2044,G1101,Directed,30861,,,1
G2045,G564,Directed,30862,,,1
G2045,G1497,Directed,30863,,,1
G2045,G1692,Directed,30864,,,1
G2045,G1907,Directed,30865,,,1
G2046,G289,Directed,30866,,,1
G2046,G1152,Directed,30867,,,1
G2046,G1302,Directed,30868,,,1
G2046,G1335,Directed,30869,,,1
G2046,G1360,Directed,30870,,,1
G2047,G116,Directed,30871,,,1
G2047,G375,Directed,30872,,,1
G2047,G1898,Directed,30873,,,1
G2047,G1899,Directed,30874,,,1
G2047,G1900,Directed,30875,,,1
G2047,G2084,Directed,30876,,,1
G2048,G1898,Directed,30877,,,1
G2048,G1899,Directed,30878,,,1
G2049,G1924,Directed,30879,,,1
G2050,G447,Directed,30880,,,1
G2050,G1192,Directed,30881,,,1
G2050,G1607,Directed,30882,,,1
G2050,G2090,Directed,30883,,,1
G2050,G2231,Directed,30884,,,1
G2051,G312,Directed,30885,,,1
G2051,G1497,Directed,30886,,,1
G2051,G1692,Directed,30887,,,1
G2052,G1671,Directed,30888,,,1
G2053,G1265,Directed,30889,,,1
G2054,G9,Directed,30890,,,1
G2054,G975,Directed,30891,,,1
G2054,G1240,Directed,30892,,,1
G2054,G1468,Directed,30893,,,1
G2054,G1603,Directed,30894,,,1
G2054,G1707,Directed,30895,,,1
G2054,G1873,Directed,30896,,,1
G2054,G1917,Directed,30897,,,1
G2054,G1927,Directed,30898,,,1
G2054,G1930,Directed,30899,,,1
G2055,G1879,Directed,30900,,,1
G2055,G1916,Directed,30901,,,1
G2055,G1959,Directed,30902,,,1
G2056,G504,Directed,30903,,,1
G2056,G1565,Directed,30904,,,1
G2056,G1834,Directed,30905,,,1
G2057,G1665,Directed,30906,,,1
G2058,G1042,Directed,30907,,,1
G2059,G146,Directed,30908,,,1
G2060,G473,Directed,30909,,,1
G2060,G1331,Directed,30910,,,1
G2061,G65,Directed,30911,,,1
G2062,G146,Directed,30912,,,1
G2063,G194,Directed,30913,,,1
G2063,G2015,Directed,30914,,,1
G2063,G2064,Directed,30915,,,1
G2064,G194,Directed,30916,,,1
G2064,G1928,Directed,30917,,,1
G2064,G2063,Directed,30918,,,1
G2065,G1008,Directed,30919,,,1
G2065,G1009,Directed,30920,,,1
G2066,G476,Directed,30921,,,1
G2066,G508,Directed,30922,,,1
G2066,G1526,Directed,30923,,,1
G2066,G1562,Directed,30924,,,1
G2066,G2021,Directed,30925,,,1
G2066,G2025,Directed,30926,,,1
G2067,G1597,Directed,30927,,,1
G2068,G194,Directed,30928,,,1
G2069,G1677,Directed,30929,,,1
G2070,G1265,Directed,30930,,,1
G2071,G1415,Directed,30931,,,1
G2072,G1042,Directed,30932,,,1
G2073,G1061,Directed,30933,,,1
G2074,G108,Directed,30934,,,1
G2074,G2075,Directed,30935,,,1
G2075,G108,Directed,30936,,,1
G2075,G1533,Directed,30937,,,1
G2075,G2074,Directed,30938,,,1
G2075,G2103,Directed,30939,,,1
G2076,G2077,Directed,30940,,,1
G2076,G2137,Directed,30941,,,1
G2077,G240,Directed,30942,,,1
G2077,G241,Directed,30943,,,1
G2077,G249,Directed,30944,,,1
G2077,G2076,Directed,30945,,,1
G2077,G2137,Directed,30946,,,1
G2077,G2164,Directed,30947,,,1
G2078,G814,Directed,30948,,,1
G2079,G146,Directed,30949,,,1
G2079,G433,Directed,30950,,,1
G2079,G437,Directed,30951,,,1
G2079,G878,Directed,30952,,,1
G2080,G116,Directed,30953,,,1
G2080,G375,Directed,30954,,,1
G2081,G651,Directed,30955,,,1
G2082,G130,Directed,30956,,,1
G2082,G421,Directed,30957,,,1
G2082,G691,Directed,30958,,,1
G2082,G1517,Directed,30959,,,1
G2082,G2083,Directed,30960,,,1
G2083,G419,Directed,30961,,,1
G2083,G421,Directed,30962,,,1
G2083,G691,Directed,30963,,,1
G2083,G711,Directed,30964,,,1
G2083,G1517,Directed,30965,,,1
G2083,G1801,Directed,30966,,,1
G2083,G2082,Directed,30967,,,1
G2083,G2363,Directed,30968,,,1
G2084,G89,Directed,30969,,,1
G2084,G140,Directed,30970,,,1
G2084,G251,Directed,30971,,,1
G2084,G476,Directed,30972,,,1
G2084,G575,Directed,30973,,,1
G2084,G642,Directed,30974,,,1
G2084,G697,Directed,30975,,,1
G2084,G699,Directed,30976,,,1
G2084,G717,Directed,30977,,,1
G2084,G718,Directed,30978,,,1
G2084,G739,Directed,30979,,,1
G2084,G745,Directed,30980,,,1
G2084,G747,Directed,30981,,,1
G2084,G769,Directed,30982,,,1
G2084,G820,Directed,30983,,,1
G2084,G847,Directed,30984,,,1
G2084,G900,Directed,30985,,,1
G2084,G929,Directed,30986,,,1
G2084,G931,Directed,30987,,,1
G2084,G948,Directed,30988,,,1
G2084,G1143,Directed,30989,,,1
G2084,G1145,Directed,30990,,,1
G2084,G1146,Directed,30991,,,1
G2084,G1172,Directed,30992,,,1
G2084,G1311,Directed,30993,,,1
G2084,G1343,Directed,30994,,,1
G2084,G2002,Directed,30995,,,1
G2084,G2047,Directed,30996,,,1
G2084,G2106,Directed,30997,,,1
G2084,G2113,Directed,30998,,,1
G2084,G2118,Directed,30999,,,1
G2084,G2119,Directed,31000,,,1
G2084,G2126,Directed,31001,,,1
G2084,G2128,Directed,31002,,,1
G2084,G2136,Directed,31003,,,1
G2084,G2191,Directed,31004,,,1
G2084,G2207,Directed,31005,,,1
G2084,G2242,Directed,31006,,,1
G2084,G2294,Directed,31007,,,1
G2084,G2302,Directed,31008,,,1
G2084,G2303,Directed,31009,,,1
G2084,G2307,Directed,31010,,,1
G2084,G2312,Directed,31011,,,1
G2084,G2335,Directed,31012,,,1
G2084,G2336,Directed,31013,,,1
G2084,G2337,Directed,31014,,,1
G2084,G2338,Directed,31015,,,1
G2084,G2340,Directed,31016,,,1
G2084,G2341,Directed,31017,,,1
G2084,G2342,Directed,31018,,,1
G2084,G2343,Directed,31019,,,1
G2084,G2344,Directed,31020,,,1
G2084,G2373,Directed,31021,,,1
G2085,G2086,Directed,31022,,,1
G2085,G2164,Directed,31023,,,1
G2086,G2085,Directed,31024,,,1
G2086,G2359,Directed,31025,,,1
G2087,G1277,Directed,31026,,,1
G2088,G2089,Directed,31027,,,1
G2089,G249,Directed,31028,,,1
G2089,G434,Directed,31029,,,1
G2089,G769,Directed,31030,,,1
G2089,G2088,Directed,31031,,,1
G2089,G2178,Directed,31032,,,1
G2089,G2264,Directed,31033,,,1
G2089,G2326,Directed,31034,,,1
G2090,G2050,Directed,31035,,,1
G2091,G120,Directed,31036,,,1
G2091,G604,Directed,31037,,,1
G2092,G2093,Directed,31038,,,1
G2093,G817,Directed,31039,,,1
G2093,G2092,Directed,31040,,,1
G2094,G476,Directed,31041,,,1
G2095,G575,Directed,31042,,,1
G2095,G699,Directed,31043,,,1
G2096,G575,Directed,31044,,,1
G2096,G699,Directed,31045,,,1
G2096,G2103,Directed,31046,,,1
G2096,G2138,Directed,31047,,,1
G2097,G575,Directed,31048,,,1
G2098,G35,Directed,31049,,,1
G2098,G134,Directed,31050,,,1
G2098,G135,Directed,31051,,,1
G2098,G159,Directed,31052,,,1
G2098,G455,Directed,31053,,,1
G2098,G536,Directed,31054,,,1
G2098,G558,Directed,31055,,,1
G2098,G1694,Directed,31056,,,1
G2098,G2135,Directed,31057,,,1
G2098,G2360,Directed,31058,,,1
G2099,G1277,Directed,31059,,,1
G2100,G1061,Directed,31060,,,1
G2101,G549,Directed,31061,,,1
G2101,G604,Directed,31062,,,1
G2102,G116,Directed,31063,,,1
G2102,G375,Directed,31064,,,1
G2103,G114,Directed,31065,,,1
G2103,G506,Directed,31066,,,1
G2103,G1476,Directed,31067,,,1
G2103,G1632,Directed,31068,,,1
G2103,G2075,Directed,31069,,,1
G2103,G2096,Directed,31070,,,1
G2103,G2108,Directed,31071,,,1
G2103,G2213,Directed,31072,,,1
G2103,G2329,Directed,31073,,,1
G2104,G416,Directed,31074,,,1
G2104,G2105,Directed,31075,,,1
G2104,G2122,Directed,31076,,,1
G2104,G2258,Directed,31077,,,1
G2105,G2104,Directed,31078,,,1
G2106,G642,Directed,31079,,,1
G2106,G656,Directed,31080,,,1
G2106,G657,Directed,31081,,,1
G2106,G717,Directed,31082,,,1
G2106,G718,Directed,31083,,,1
G2106,G745,Directed,31084,,,1
G2106,G770,Directed,31085,,,1
G2106,G820,Directed,31086,,,1
G2106,G1645,Directed,31087,,,1
G2106,G2084,Directed,31088,,,1
G2106,G2124,Directed,31089,,,1
G2106,G2125,Directed,31090,,,1
G2106,G2136,Directed,31091,,,1
G2106,G2137,Directed,31092,,,1
G2106,G2356,Directed,31093,,,1
G2106,G2374,Directed,31094,,,1
G2106,G2375,Directed,31095,,,1
G2107,G116,Directed,31096,,,1
G2107,G240,Directed,31097,,,1
G2107,G241,Directed,31098,,,1
G2107,G375,Directed,31099,,,1
G2107,G433,Directed,31100,,,1
G2107,G816,Directed,31101,,,1
G2108,G116,Directed,31102,,,1
G2108,G375,Directed,31103,,,1
G2108,G2103,Directed,31104,,,1
G2109,G116,Directed,31105,,,1
G2109,G375,Directed,31106,,,1
G2110,G196,Directed,31107,,,1
G2110,G375,Directed,31108,,,1
G2110,G2137,Directed,31109,,,1
G2110,G2172,Directed,31110,,,1
G2110,G2261,Directed,31111,,,1
G2111,G375,Directed,31112,,,1
G2111,G2193,Directed,31113,,,1
G2112,G1711,Directed,31114,,,1
G2113,G657,Directed,31115,,,1
G2113,G2084,Directed,31116,,,1
G2114,G755,Directed,31117,,,1
G2115,G375,Directed,31118,,,1
G2116,G116,Directed,31119,,,1
G2116,G375,Directed,31120,,,1
G2117,G375,Directed,31121,,,1
G2118,G116,Directed,31122,,,1
G2118,G375,Directed,31123,,,1
G2118,G2084,Directed,31124,,,1
G2119,G116,Directed,31125,,,1
G2119,G375,Directed,31126,,,1
G2119,G2084,Directed,31127,,,1
G2120,G116,Directed,31128,,,1
G2120,G375,Directed,31129,,,1
G2121,G116,Directed,31130,,,1
G2121,G375,Directed,31131,,,1
G2122,G375,Directed,31132,,,1
G2122,G1311,Directed,31133,,,1
G2122,G2104,Directed,31134,,,1
G2122,G2149,Directed,31135,,,1
G2122,G2258,Directed,31136,,,1
G2123,G1647,Directed,31137,,,1
G2124,G116,Directed,31138,,,1
G2124,G375,Directed,31139,,,1
G2124,G433,Directed,31140,,,1
G2124,G816,Directed,31141,,,1
G2124,G1226,Directed,31142,,,1
G2124,G2106,Directed,31143,,,1
G2125,G375,Directed,31144,,,1
G2125,G476,Directed,31145,,,1
G2125,G816,Directed,31146,,,1
G2125,G1226,Directed,31147,,,1
G2125,G2106,Directed,31148,,,1
G2125,G2167,Directed,31149,,,1
G2126,G116,Directed,31150,,,1
G2126,G375,Directed,31151,,,1
G2126,G2084,Directed,31152,,,1
G2126,G2165,Directed,31153,,,1
G2127,G116,Directed,31154,,,1
G2127,G375,Directed,31155,,,1
G2128,G116,Directed,31156,,,1
G2128,G375,Directed,31157,,,1
G2128,G2084,Directed,31158,,,1
G2129,G375,Directed,31159,,,1
G2130,G116,Directed,31160,,,1
G2130,G375,Directed,31161,,,1
G2130,G1455,Directed,31162,,,1
G2131,G116,Directed,31163,,,1
G2131,G375,Directed,31164,,,1
G2132,G116,Directed,31165,,,1
G2132,G375,Directed,31166,,,1
G2133,G116,Directed,31167,,,1
G2133,G375,Directed,31168,,,1
G2134,G116,Directed,31169,,,1
G2134,G375,Directed,31170,,,1
G2135,G2098,Directed,31171,,,1
G2136,G116,Directed,31172,,,1
G2136,G375,Directed,31173,,,1
G2136,G2084,Directed,31174,,,1
G2136,G2106,Directed,31175,,,1
G2137,G116,Directed,31176,,,1
G2137,G196,Directed,31177,,,1
G2137,G375,Directed,31178,,,1
G2137,G656,Directed,31179,,,1
G2137,G657,Directed,31180,,,1
G2137,G739,Directed,31181,,,1
G2137,G847,Directed,31182,,,1
G2137,G1271,Directed,31183,,,1
G2137,G2076,Directed,31184,,,1
G2137,G2077,Directed,31185,,,1
G2137,G2106,Directed,31186,,,1
G2137,G2110,Directed,31187,,,1
G2137,G2261,Directed,31188,,,1
G2137,G2301,Directed,31189,,,1
G2138,G2096,Directed,31190,,,1
G2139,G1711,Directed,31191,,,1
G2140,G17,Directed,31192,,,1
G2140,G18,Directed,31193,,,1
G2140,G2209,Directed,31194,,,1
G2141,G17,Directed,31195,,,1
G2142,G2143,Directed,31196,,,1
G2143,G2142,Directed,31197,,,1
G2143,G2208,Directed,31198,,,1
G2144,G1551,Directed,31199,,,1
G2144,G2145,Directed,31200,,,1
G2144,G2183,Directed,31201,,,1
G2145,G1551,Directed,31202,,,1
G2145,G2144,Directed,31203,,,1
G2145,G2183,Directed,31204,,,1
G2146,G450,Directed,31205,,,1
G2146,G525,Directed,31206,,,1
G2146,G867,Directed,31207,,,1
G2146,G1033,Directed,31208,,,1
G2146,G1698,Directed,31209,,,1
G2147,G1442,Directed,31210,,,1
G2147,G2233,Directed,31211,,,1
G2148,G1442,Directed,31212,,,1
G2149,G566,Directed,31213,,,1
G2149,G811,Directed,31214,,,1
G2149,G2122,Directed,31215,,,1
G2150,G161,Directed,31216,,,1
G2150,G855,Directed,31217,,,1
G2150,G2151,Directed,31218,,,1
G2150,G2272,Directed,31219,,,1
G2151,G147,Directed,31220,,,1
G2151,G161,Directed,31221,,,1
G2151,G290,Directed,31222,,,1
G2151,G484,Directed,31223,,,1
G2151,G872,Directed,31224,,,1
G2151,G2150,Directed,31225,,,1
G2151,G2172,Directed,31226,,,1
G2152,G1314,Directed,31227,,,1
G2152,G2153,Directed,31228,,,1
G2153,G2152,Directed,31229,,,1
G2154,G448,Directed,31230,,,1
G2154,G516,Directed,31231,,,1
G2154,G1249,Directed,31232,,,1
G2155,G476,Directed,31233,,,1
G2155,G2156,Directed,31234,,,1
G2156,G164,Directed,31235,,,1
G2156,G751,Directed,31236,,,1
G2156,G752,Directed,31237,,,1
G2156,G756,Directed,31238,,,1
G2156,G2155,Directed,31239,,,1
G2156,G2208,Directed,31240,,,1
G2157,G1439,Directed,31241,,,1
G2157,G1694,Directed,31242,,,1
G2157,G2158,Directed,31243,,,1
G2157,G2159,Directed,31244,,,1
G2157,G2177,Directed,31245,,,1
G2157,G2293,Directed,31246,,,1
G2157,G2308,Directed,31247,,,1
G2158,G2157,Directed,31248,,,1
G2158,G2308,Directed,31249,,,1
G2159,G2157,Directed,31250,,,1
G2160,G544,Directed,31251,,,1
G2161,G610,Directed,31252,,,1
G2162,G2163,Directed,31253,,,1
G2163,G2162,Directed,31254,,,1
G2163,G2187,Directed,31255,,,1
G2163,G2188,Directed,31256,,,1
G2164,G196,Directed,31257,,,1
G2164,G197,Directed,31258,,,1
G2164,G739,Directed,31259,,,1
G2164,G1551,Directed,31260,,,1
G2164,G2077,Directed,31261,,,1
G2164,G2085,Directed,31262,,,1
G2164,G2172,Directed,31263,,,1
G2165,G120,Directed,31264,,,1
G2165,G2126,Directed,31265,,,1
G2166,G2167,Directed,31266,,,1
G2167,G434,Directed,31267,,,1
G2167,G929,Directed,31268,,,1
G2167,G1145,Directed,31269,,,1
G2167,G1146,Directed,31270,,,1
G2167,G1172,Directed,31271,,,1
G2167,G1311,Directed,31272,,,1
G2167,G1486,Directed,31273,,,1
G2167,G1487,Directed,31274,,,1
G2167,G1816,Directed,31275,,,1
G2167,G2125,Directed,31276,,,1
G2167,G2166,Directed,31277,,,1
G2167,G2178,Directed,31278,,,1
G2167,G2207,Directed,31279,,,1
G2167,G2223,Directed,31280,,,1
G2167,G2242,Directed,31281,,,1
G2167,G2264,Directed,31282,,,1
G2167,G2281,Directed,31283,,,1
G2167,G2282,Directed,31284,,,1
G2167,G2283,Directed,31285,,,1
G2167,G2286,Directed,31286,,,1
G2167,G2324,Directed,31287,,,1
G2167,G2326,Directed,31288,,,1
G2168,G755,Directed,31289,,,1
G2169,G18,Directed,31290,,,1
G2169,G574,Directed,31291,,,1
G2169,G2239,Directed,31292,,,1
G2170,G433,Directed,31293,,,1
G2171,G433,Directed,31294,,,1
G2172,G148,Directed,31295,,,1
G2172,G847,Directed,31296,,,1
G2172,G872,Directed,31297,,,1
G2172,G2110,Directed,31298,,,1
G2172,G2151,Directed,31299,,,1
G2172,G2164,Directed,31300,,,1
G2172,G2262,Directed,31301,,,1
G2172,G2272,Directed,31302,,,1
G2173,G1271,Directed,31303,,,1
G2174,G87,Directed,31304,,,1
G2174,G1543,Directed,31305,,,1
G2174,G1610,Directed,31306,,,1
G2174,G1623,Directed,31307,,,1
G2175,G1065,Directed,31308,,,1
G2175,G1252,Directed,31309,,,1
G2175,G2176,Directed,31310,,,1
G2176,G1252,Directed,31311,,,1
G2176,G2175,Directed,31312,,,1
G2177,G2157,Directed,31313,,,1
G2178,G2089,Directed,31314,,,1
G2178,G2167,Directed,31315,,,1
G2178,G2323,Directed,31316,,,1
G2179,G541,Directed,31317,,,1
G2180,G541,Directed,31318,,,1
G2181,G1226,Directed,31319,,,1
G2182,G541,Directed,31320,,,1
G2183,G2144,Directed,31321,,,1
G2183,G2145,Directed,31322,,,1
G2184,G18,Directed,31323,,,1
G2184,G2239,Directed,31324,,,1
G2185,G18,Directed,31325,,,1
G2186,G18,Directed,31326,,,1
G2187,G1632,Directed,31327,,,1
G2187,G2163,Directed,31328,,,1
G2188,G2163,Directed,31329,,,1
G2188,G2224,Directed,31330,,,1
G2189,G475,Directed,31331,,,1
G2189,G1302,Directed,31332,,,1
G2190,G562,Directed,31333,,,1
G2191,G2084,Directed,31334,,,1
G2192,G961,Directed,31335,,,1
G2193,G642,Directed,31336,,,1
G2193,G897,Directed,31337,,,1
G2193,G2111,Directed,31338,,,1
G2193,G2194,Directed,31339,,,1
G2194,G2193,Directed,31340,,,1
G2194,G2266,Directed,31341,,,1
G2194,G2267,Directed,31342,,,1
G2195,G66,Directed,31343,,,1
G2196,G433,Directed,31344,,,1
G2196,G838,Directed,31345,,,1
G2197,G35,Directed,31346,,,1
G2197,G583,Directed,31347,,,1
G2197,G2208,Directed,31348,,,1
G2197,G2248,Directed,31349,,,1
G2198,G545,Directed,31350,,,1
G2198,G1614,Directed,31351,,,1
G2199,G824,Directed,31352,,,1
G2199,G2247,Directed,31353,,,1
G2200,G109,Directed,31354,,,1
G2200,G110,Directed,31355,,,1
G2200,G469,Directed,31356,,,1
G2201,G110,Directed,31357,,,1
G2201,G271,Directed,31358,,,1
G2201,G2225,Directed,31359,,,1
G2202,G604,Directed,31360,,,1
G2202,G2203,Directed,31361,,,1
G2202,G2204,Directed,31362,,,1
G2203,G2202,Directed,31363,,,1
G2204,G2202,Directed,31364,,,1
G2205,G434,Directed,31365,,,1
G2205,G739,Directed,31366,,,1
G2205,G769,Directed,31367,,,1
G2205,G2206,Directed,31368,,,1
G2205,G2207,Directed,31369,,,1
G2206,G2205,Directed,31370,,,1
G2207,G433,Directed,31371,,,1
G2207,G2084,Directed,31372,,,1
G2207,G2167,Directed,31373,,,1
G2207,G2205,Directed,31374,,,1
G2208,G2143,Directed,31375,,,1
G2208,G2156,Directed,31376,,,1
G2208,G2197,Directed,31377,,,1
G2208,G2209,Directed,31378,,,1
G2208,G2210,Directed,31379,,,1
G2209,G2140,Directed,31380,,,1
G2209,G2208,Directed,31381,,,1
G2210,G1868,Directed,31382,,,1
G2210,G2208,Directed,31383,,,1
G2211,G785,Directed,31384,,,1
G2212,G1394,Directed,31385,,,1
G2213,G1567,Directed,31386,,,1
G2213,G2103,Directed,31387,,,1
G2214,G215,Directed,31388,,,1
G2214,G415,Directed,31389,,,1
G2214,G1540,Directed,31390,,,1
G2215,G244,Directed,31391,,,1
G2215,G1733,Directed,31392,,,1
G2216,G244,Directed,31393,,,1
G2216,G1733,Directed,31394,,,1
G2217,G244,Directed,31395,,,1
G2217,G1733,Directed,31396,,,1
G2218,G562,Directed,31397,,,1
G2219,G330,Directed,31398,,,1
G2219,G532,Directed,31399,,,1
G2219,G555,Directed,31400,,,1
G2219,G556,Directed,31401,,,1
G2220,G2221,Directed,31402,,,1
G2220,G2222,Directed,31403,,,1
G2220,G2223,Directed,31404,,,1
G2220,G2242,Directed,31405,,,1
G2221,G433,Directed,31406,,,1
G2221,G476,Directed,31407,,,1
G2221,G2220,Directed,31408,,,1
G2221,G2242,Directed,31409,,,1
G2222,G433,Directed,31410,,,1
G2222,G2220,Directed,31411,,,1
G2223,G433,Directed,31412,,,1
G2223,G2167,Directed,31413,,,1
G2223,G2220,Directed,31414,,,1
G2224,G2188,Directed,31415,,,1
G2225,G2201,Directed,31416,,,1
G2226,G433,Directed,31417,,,1
G2226,G476,Directed,31418,,,1
G2227,G161,Directed,31419,,,1
G2227,G739,Directed,31420,,,1
G2227,G2230,Directed,31421,,,1
G2228,G1222,Directed,31422,,,1
G2229,G739,Directed,31423,,,1
G2229,G745,Directed,31424,,,1
G2230,G161,Directed,31425,,,1
G2230,G699,Directed,31426,,,1
G2230,G739,Directed,31427,,,1
G2230,G847,Directed,31428,,,1
G2230,G1676,Directed,31429,,,1
G2230,G2227,Directed,31430,,,1
G2231,G2050,Directed,31431,,,1
G2232,G120,Directed,31432,,,1
G2232,G775,Directed,31433,,,1
G2233,G2147,Directed,31434,,,1
G2234,G125,Directed,31435,,,1
G2234,G137,Directed,31436,,,1
G2234,G514,Directed,31437,,,1
G2235,G476,Directed,31438,,,1
G2236,G832,Directed,31439,,,1
G2237,G476,Directed,31440,,,1
G2238,G811,Directed,31441,,,1
G2239,G2169,Directed,31442,,,1
G2239,G2184,Directed,31443,,,1
G2240,G620,Directed,31444,,,1
G2241,G1271,Directed,31445,,,1
G2242,G433,Directed,31446,,,1
G2242,G2084,Directed,31447,,,1
G2242,G2167,Directed,31448,,,1
G2242,G2220,Directed,31449,,,1
G2242,G2221,Directed,31450,,,1
G2242,G2243,Directed,31451,,,1
G2242,G2244,Directed,31452,,,1
G2243,G434,Directed,31453,,,1
G2243,G476,Directed,31454,,,1
G2243,G1172,Directed,31455,,,1
G2243,G1311,Directed,31456,,,1
G2243,G2242,Directed,31457,,,1
G2244,G1172,Directed,31458,,,1
G2244,G1311,Directed,31459,,,1
G2244,G2242,Directed,31460,,,1
G2245,G234,Directed,31461,,,1
G2245,G724,Directed,31462,,,1
G2245,G751,Directed,31463,,,1
G2245,G781,Directed,31464,,,1
G2245,G782,Directed,31465,,,1
G2245,G824,Directed,31466,,,1
G2245,G847,Directed,31467,,,1
G2245,G863,Directed,31468,,,1
G2245,G870,Directed,31469,,,1
G2245,G1158,Directed,31470,,,1
G2245,G1189,Directed,31471,,,1
G2245,G1190,Directed,31472,,,1
G2245,G1364,Directed,31473,,,1
G2245,G1478,Directed,31474,,,1
G2245,G1500,Directed,31475,,,1
G2245,G1535,Directed,31476,,,1
G2245,G1711,Directed,31477,,,1
G2245,G1879,Directed,31478,,,1
G2245,G1894,Directed,31479,,,1
G2245,G2246,Directed,31480,,,1
G2245,G2295,Directed,31481,,,1
G2245,G2296,Directed,31482,,,1
G2245,G2334,Directed,31483,,,1
G2245,G2369,Directed,31484,,,1
G2246,G2245,Directed,31485,,,1
G2247,G824,Directed,31486,,,1
G2247,G882,Directed,31487,,,1
G2247,G1945,Directed,31488,,,1
G2247,G2199,Directed,31489,,,1
G2248,G35,Directed,31490,,,1
G2248,G286,Directed,31491,,,1
G2248,G287,Directed,31492,,,1
G2248,G558,Directed,31493,,,1
G2248,G583,Directed,31494,,,1
G2248,G794,Directed,31495,,,1
G2248,G888,Directed,31496,,,1
G2248,G2197,Directed,31497,,,1
G2248,G2249,Directed,31498,,,1
G2249,G2248,Directed,31499,,,1
G2250,G1446,Directed,31500,,,1
G2251,G2252,Directed,31501,,,1
G2252,G120,Directed,31502,,,1
G2252,G1711,Directed,31503,,,1
G2252,G1781,Directed,31504,,,1
G2252,G2251,Directed,31505,,,1
G2253,G532,Directed,31506,,,1
G2254,G147,Directed,31507,,,1
G2255,G290,Directed,31508,,,1
G2255,G1455,Directed,31509,,,1
G2256,G116,Directed,31510,,,1
G2256,G290,Directed,31511,,,1
G2256,G1455,Directed,31512,,,1
G2257,G1455,Directed,31513,,,1
G2258,G416,Directed,31514,,,1
G2258,G2104,Directed,31515,,,1
G2258,G2122,Directed,31516,,,1
G2258,G2260,Directed,31517,,,1
G2259,G125,Directed,31518,,,1
G2259,G137,Directed,31519,,,1
G2259,G585,Directed,31520,,,1
G2259,G2260,Directed,31521,,,1
G2260,G2258,Directed,31522,,,1
G2260,G2259,Directed,31523,,,1
G2260,G2372,Directed,31524,,,1
G2261,G642,Directed,31525,,,1
G2261,G2110,Directed,31526,,,1
G2261,G2137,Directed,31527,,,1
G2262,G147,Directed,31528,,,1
G2262,G161,Directed,31529,,,1
G2262,G2172,Directed,31530,,,1
G2263,G1556,Directed,31531,,,1
G2264,G476,Directed,31532,,,1
G2264,G2089,Directed,31533,,,1
G2264,G2167,Directed,31534,,,1
G2265,G562,Directed,31535,,,1
G2266,G2194,Directed,31536,,,1
G2266,G2267,Directed,31537,,,1
G2267,G433,Directed,31538,,,1
G2267,G2194,Directed,31539,,,1
G2267,G2266,Directed,31540,,,1
G2268,G562,Directed,31541,,,1
G2269,G117,Directed,31542,,,1
G2270,G54,Directed,31543,,,1
G2270,G55,Directed,31544,,,1
G2270,G120,Directed,31545,,,1
G2270,G1096,Directed,31546,,,1
G2271,G1442,Directed,31547,,,1
G2272,G161,Directed,31548,,,1
G2272,G290,Directed,31549,,,1
G2272,G2150,Directed,31550,,,1
G2272,G2172,Directed,31551,,,1
G2273,G290,Directed,31552,,,1
G2274,G290,Directed,31553,,,1
G2275,G116,Directed,31554,,,1
G2276,G756,Directed,31555,,,1
G2277,G341,Directed,31556,,,1
G2278,G341,Directed,31557,,,1
G2279,G341,Directed,31558,,,1
G2280,G448,Directed,31559,,,1
G2280,G516,Directed,31560,,,1
G2280,G1249,Directed,31561,,,1
G2281,G2167,Directed,31562,,,1
G2282,G433,Directed,31563,,,1
G2282,G2167,Directed,31564,,,1
G2283,G433,Directed,31565,,,1
G2283,G2167,Directed,31566,,,1
G2284,G1071,Directed,31567,,,1
G2284,G2285,Directed,31568,,,1
G2285,G2284,Directed,31569,,,1
G2286,G2167,Directed,31570,,,1
G2287,G116,Directed,31571,,,1
G2288,G699,Directed,31572,,,1
G2289,G833,Directed,31573,,,1
G2290,G833,Directed,31574,,,1
G2291,G745,Directed,31575,,,1
G2292,G634,Directed,31576,,,1
G2293,G2157,Directed,31577,,,1
G2294,G2084,Directed,31578,,,1
G2295,G1711,Directed,31579,,,1
G2295,G2245,Directed,31580,,,1
G2296,G2245,Directed,31581,,,1
G2297,G87,Directed,31582,,,1
G2298,G87,Directed,31583,,,1
G2299,G341,Directed,31584,,,1
G2300,G133,Directed,31585,,,1
G2300,G1711,Directed,31586,,,1
G2301,G120,Directed,31587,,,1
G2301,G657,Directed,31588,,,1
G2301,G2137,Directed,31589,,,1
G2302,G120,Directed,31590,,,1
G2302,G884,Directed,31591,,,1
G2302,G2084,Directed,31592,,,1
G2303,G2084,Directed,31593,,,1
G2304,G341,Directed,31594,,,1
G2305,G562,Directed,31595,,,1
G2306,G433,Directed,31596,,,1
G2306,G838,Directed,31597,,,1
G2307,G433,Directed,31598,,,1
G2307,G476,Directed,31599,,,1
G2307,G2084,Directed,31600,,,1
G2308,G838,Directed,31601,,,1
G2308,G2157,Directed,31602,,,1
G2308,G2158,Directed,31603,,,1
G2309,G2310,Directed,31604,,,1
G2309,G2329,Directed,31605,,,1
G2310,G2309,Directed,31606,,,1
G2311,G1611,Directed,31607,,,1
G2312,G433,Directed,31608,,,1
G2312,G476,Directed,31609,,,1
G2312,G2084,Directed,31610,,,1
G2313,G1711,Directed,31611,,,1
G2314,G1711,Directed,31612,,,1
G2315,G1711,Directed,31613,,,1
G2316,G433,Directed,31614,,,1
G2316,G1711,Directed,31615,,,1
G2317,G1711,Directed,31616,,,1
G2318,G1711,Directed,31617,,,1
G2319,G1711,Directed,31618,,,1
G2320,G1711,Directed,31619,,,1
G2321,G1711,Directed,31620,,,1
G2322,G1711,Directed,31621,,,1
G2323,G2178,Directed,31622,,,1
G2323,G2326,Directed,31623,,,1
G2324,G2167,Directed,31624,,,1
G2325,G476,Directed,31625,,,1
G2326,G2089,Directed,31626,,,1
G2326,G2167,Directed,31627,,,1
G2326,G2323,Directed,31628,,,1
G2327,G116,Directed,31629,,,1
G2328,G1711,Directed,31630,,,1
G2329,G2103,Directed,31631,,,1
G2329,G2309,Directed,31632,,,1
G2330,G120,Directed,31633,,,1
G2331,G1711,Directed,31634,,,1
G2331,G1868,Directed,31635,,,1
G2332,G476,Directed,31636,,,1
G2333,G514,Directed,31637,,,1
G2334,G1711,Directed,31638,,,1
G2334,G2245,Directed,31639,,,1
G2335,G2084,Directed,31640,,,1
G2336,G2084,Directed,31641,,,1
G2337,G2084,Directed,31642,,,1
G2338,G2084,Directed,31643,,,1
G2339,G711,Directed,31644,,,1
G2340,G2084,Directed,31645,,,1
G2341,G2084,Directed,31646,,,1
G2342,G433,Directed,31647,,,1
G2342,G2084,Directed,31648,,,1
G2343,G433,Directed,31649,,,1
G2343,G2084,Directed,31650,,,1
G2344,G2084,Directed,31651,,,1
G2345,G544,Directed,31652,,,1
G2346,G433,Directed,31653,,,1
G2347,G433,Directed,31654,,,1
G2348,G433,Directed,31655,,,1
G2349,G433,Directed,31656,,,1
G2350,G433,Directed,31657,,,1
G2351,G433,Directed,31658,,,1
G2352,G433,Directed,31659,,,1
G2353,G433,Directed,31660,,,1
G2354,G433,Directed,31661,,,1
G2355,G433,Directed,31662,,,1
G2356,G433,Directed,31663,,,1
G2356,G476,Directed,31664,,,1
G2356,G2106,Directed,31665,,,1
G2357,G433,Directed,31666,,,1
G2358,G433,Directed,31667,,,1
G2359,G2086,Directed,31668,,,1
G2360,G2098,Directed,31669,,,1
G2361,G931,Directed,31670,,,1
G2362,G562,Directed,31671,,,1
G2362,G920,Directed,31672,,,1
G2363,G130,Directed,31673,,,1
G2363,G2083,Directed,31674,,,1
G2364,G586,Directed,31675,,,1
G2365,G1781,Directed,31676,,,1
G2366,G116,Directed,31677,,,1
G2367,G887,Directed,31678,,,1
G2368,G541,Directed,31679,,,1
G2369,G2245,Directed,31680,,,1
G2370,G1632,Directed,31681,,,1
G2371,G1632,Directed,31682,,,1
G2372,G1842,Directed,31683,,,1
G2372,G2260,Directed,31684,,,1
G2373,G2084,Directed,31685,,,1
G2374,G2106,Directed,31686,,,1
G2375,G2106,Directed,31687,,,1
