,source,target,weight
0,3038,3184,1.0
1,3042,3184,3.0
2,3043,3184,1.0
3,3044,3184,2.0
4,3186,3184,2.0
5,3329,3184,1.0
6,7575,3184,1.0
7,328,5577,1.0
8,338,5577,1.0
9,603,5577,1.0
10,2734,5577,1.0
11,4720,5577,1.0
12,4869,5577,2.0
13,5291,5577,2.0
14,5572,5577,1.0
15,5576,5577,3.0
16,5578,5577,1.0
17,5718,5577,2.0
18,5856,5577,3.0
19,6717,5577,1.0
20,7716,5577,1.0
21,7986,5577,1.0
22,8128,5577,1.0
23,8139,5577,1.0
24,8551,5577,2.0
25,8696,5577,1.0
26,6118,7131,1.0
27,6282,7131,1.0
28,6988,7131,2.0
29,6989,7131,2.0
30,7135,7131,1.0
31,8268,7131,1.0
32,8697,7131,1.0
33,8698,7131,1.0
34,472,3042,1.0
35,620,3042,1.0
36,764,3042,1.0
37,1894,3042,2.0
38,2034,3042,1.0
39,2173,3042,2.0
40,2458,3042,1.0
41,2472,3042,2.0
42,2474,3042,1.0
43,2616,3042,1.0
44,2753,3042,1.0
45,2757,3042,1.0
46,2758,3042,1.0
47,2893,3042,3.0
48,2899,3042,6.0
49,2901,3042,3.0
50,2902,3042,4.0
51,2903,3042,1.0
52,3038,3042,1.0
53,3041,3042,1.0
54,3043,3042,1.0
55,3044,3042,3.0
56,3045,3042,1.0
57,3182,3042,1.0
58,3183,3042,1.0
59,3184,3042,1.0
60,3185,3042,5.0
61,3186,3042,11.0
62,3187,3042,4.0
63,3190,3042,2.0
64,3191,3042,2.0
65,3327,3042,5.0
66,3328,3042,3.0
67,3330,3042,3.0
68,3469,3042,3.0
69,3477,3042,1.0
70,3590,3042,4.0
71,3591,3042,2.0
72,3600,3042,1.0
73,3605,3042,1.0
74,3614,3042,1.0
75,3620,3042,1.0
76,3892,3042,2.0
77,3895,3042,2.0
78,4175,3042,1.0
79,4182,3042,2.0
80,4318,3042,2.0
81,4321,3042,1.0
82,4323,3042,1.0
83,4332,3042,4.0
84,4459,3042,2.0
85,4882,3042,1.0
86,4891,3042,1.0
87,5317,3042,2.0
88,6601,3042,1.0
89,7603,3042,2.0
90,7740,3042,1.0
91,9030,3042,1.0
92,9592,3042,1.0
93,13736,3042,1.0
94,2760,3189,1.0
95,2902,3189,1.0
96,3038,3189,1.0
97,3042,3189,1.0
98,3046,3189,1.0
99,3183,3189,1.0
100,3328,3189,1.0
101,3330,3189,1.0
102,3044,3481,2.0
103,3477,3481,3.0
104,5743,3481,1.0
105,5752,3481,2.0
106,176,748,1.0
107,755,748,1.0
108,1744,748,1.0
109,186,472,1.0
110,187,472,1.0
111,326,472,1.0
112,330,472,1.0
113,469,472,4.0
114,470,472,1.0
115,471,472,1.0
116,474,472,1.0
117,614,472,5.0
118,616,472,1.0
119,758,472,1.0
120,1035,472,1.0
121,1050,472,1.0
122,2599,472,1.0
123,3042,472,2.0
124,4042,472,1.0
125,9888,472,1.0
126,190,330,3.0
127,472,330,1.0
128,1050,330,1.0
129,2173,330,1.0
130,190,477,1.0
131,2173,477,1.0
132,190,614,1.0
133,469,614,4.0
134,472,614,4.0
135,610,614,2.0
136,756,614,1.0
137,758,614,2.0
138,1050,614,1.0
139,2173,614,1.0
140,190,616,1.0
141,472,616,2.0
142,474,616,1.0
143,758,616,2.0
144,190,758,1.0
145,614,758,1.0
146,616,758,4.0
147,1041,758,1.0
148,190,2173,1.0
149,326,2173,1.0
150,328,2173,1.0
151,330,2173,5.0
152,469,2173,1.0
153,471,2173,1.0
154,477,2173,1.0
155,610,2173,3.0
156,611,2173,2.0
157,756,2173,1.0
158,2458,2173,3.0
159,2599,2173,2.0
160,2616,2173,1.0
161,321,2034,1.0
162,1894,2034,1.0
163,2178,2034,4.0
164,2888,2034,2.0
165,3043,2034,1.0
166,325,744,1.0
167,605,744,1.0
168,326,469,1.0
169,332,469,1.0
170,472,469,7.0
171,603,469,1.0
172,614,469,1.0
173,753,469,1.0
174,1035,469,1.0
175,1043,469,4.0
176,1743,469,1.0
177,1744,469,2.0
178,327,186,1.0
179,327,187,1.0
180,327,1744,2.0
181,469,1744,1.0
182,758,1744,1.0
183,1050,1744,1.0
184,1743,1744,1.0
185,327,2599,1.0
186,2173,2599,1.0
187,3042,2599,2.0
188,328,1037,1.0
189,8025,1037,1.0
190,328,5719,2.0
191,5576,5719,3.0
192,8139,5719,1.0
193,8281,5719,1.0
194,8692,5719,1.0
195,8696,5719,2.0
196,330,190,3.0
197,614,190,1.0
198,616,190,2.0
199,330,470,1.0
200,472,470,1.0
201,614,470,1.0
202,3185,470,1.0
203,3477,470,1.0
204,5718,470,1.0
205,333,8736,1.0
206,7463,8736,1.0
207,8737,8736,1.0
208,9020,8736,1.0
209,9158,8736,2.0
210,9161,8736,1.0
211,9162,8736,1.0
212,9737,8736,2.0
213,10002,8736,1.0
214,10021,8736,1.0
215,13143,8736,2.0
216,335,8137,1.0
217,5719,8137,1.0
218,7423,8137,1.0
219,7571,8137,2.0
220,7991,8137,3.0
221,7993,8137,1.0
222,7995,8137,3.0
223,7996,8137,1.0
224,8131,8137,2.0
225,8136,8137,4.0
226,8138,8137,6.0
227,8139,8137,2.0
228,8277,8137,4.0
229,8278,8137,1.0
230,8280,8137,1.0
231,8281,8137,2.0
232,8414,8137,2.0
233,8415,8137,1.0
234,8427,8137,1.0
235,8694,8137,5.0
236,8713,8137,1.0
237,8831,8137,1.0
238,10140,8137,1.0
239,10285,8137,1.0
240,10422,8137,1.0
241,12262,8137,1.0
242,338,1336,1.0
243,2473,1336,1.0
244,3191,1336,1.0
245,3477,1336,2.0
246,338,8412,2.0
247,6683,8412,2.0
248,6989,8412,1.0
249,7983,8412,1.0
250,7988,8412,1.0
251,7991,8412,1.0
252,8125,8412,1.0
253,8128,8412,1.0
254,8129,8412,1.0
255,8268,8412,1.0
256,8269,8412,2.0
257,8270,8412,1.0
258,8271,8412,1.0
259,8273,8412,3.0
260,8410,8412,3.0
261,8411,8412,1.0
262,8413,8412,1.0
263,8418,8412,1.0
264,8546,8412,1.0
265,8551,8412,4.0
266,8552,8412,3.0
267,8554,8412,7.0
268,8692,8412,2.0
269,8695,8412,1.0
270,8696,8412,5.0
271,8699,8412,1.0
272,8839,8412,1.0
273,8842,8412,1.0
274,8843,8412,2.0
275,8983,8412,1.0
276,9412,8412,1.0
277,9536,8412,1.0
278,9683,8412,1.0
279,10393,8412,1.0
280,11282,8412,1.0
281,338,8696,1.0
282,5572,8696,4.0
283,6582,8696,1.0
284,6683,8696,1.0
285,6988,8696,1.0
286,6989,8696,1.0
287,7126,8696,1.0
288,7130,8696,1.0
289,7284,8696,1.0
290,7565,8696,1.0
291,7996,8696,1.0
292,8127,8696,1.0
293,8128,8696,4.0
294,8138,8696,1.0
295,8268,8696,1.0
296,8269,8696,1.0
297,8270,8696,4.0
298,8271,8696,6.0
299,8272,8696,2.0
300,8273,8696,1.0
301,8275,8696,1.0
302,8276,8696,1.0
303,8277,8696,2.0
304,8278,8696,1.0
305,8283,8696,1.0
306,8409,8696,4.0
307,8410,8696,1.0
308,8412,8696,9.0
309,8413,8696,1.0
310,8454,8696,1.0
311,8551,8696,4.0
312,8553,8696,6.0
313,8554,8696,18.0
314,8555,8696,2.0
315,8565,8696,2.0
316,8691,8696,2.0
317,8692,8696,1.0
318,8693,8696,3.0
319,8694,8696,4.0
320,8695,8696,25.0
321,8697,8696,1.0
322,8727,8696,1.0
323,8811,8696,1.0
324,8834,8696,2.0
325,8835,8696,5.0
326,8836,8696,3.0
327,8837,8696,4.0
328,8838,8696,3.0
329,8839,8696,7.0
330,8840,8696,7.0
331,8842,8696,3.0
332,8976,8696,1.0
333,8978,8696,1.0
334,8980,8696,1.0
335,8982,8696,4.0
336,8983,8696,1.0
337,8984,8696,1.0
338,9011,8696,1.0
339,9012,8696,1.0
340,9093,8696,1.0
341,9125,8696,4.0
342,9126,8696,1.0
343,9383,8696,3.0
344,9961,8696,1.0
345,9996,8696,2.0
346,10145,8696,2.0
347,10378,8696,1.0
348,10383,8696,1.0
349,10398,8696,1.0
350,10540,8696,1.0
351,11107,8696,1.0
352,11705,8696,1.0
353,13238,8696,1.0
354,14286,8696,2.0
355,338,8983,1.0
356,6845,8983,1.0
357,7277,8983,1.0
358,7414,8983,2.0
359,8278,8983,2.0
360,8409,8983,1.0
361,8696,8983,2.0
362,8814,8983,1.0
363,8839,8983,1.0
364,8840,8983,1.0
365,8841,8983,1.0
366,8842,8983,3.0
367,8867,8983,1.0
368,8956,8983,1.0
369,8980,8983,1.0
370,8982,8983,4.0
371,8984,8983,1.0
372,9122,8983,1.0
373,9125,8983,2.0
374,9126,8983,4.0
375,9127,8983,2.0
376,9408,8983,1.0
377,9558,8983,1.0
378,9691,8983,1.0
379,9857,8983,1.0
380,13263,8983,1.0
381,465,605,3.0
382,744,605,1.0
383,469,326,2.0
384,2173,326,1.0
385,2901,326,1.0
386,469,1043,4.0
387,469,1050,1.0
388,470,1050,1.0
389,611,1050,1.0
390,759,1050,1.0
391,470,471,2.0
392,1890,471,2.0
393,470,3477,2.0
394,620,3477,1.0
395,3042,3477,1.0
396,3185,3477,1.0
397,3186,3477,3.0
398,3187,3477,1.0
399,3191,3477,2.0
400,3192,3477,3.0
401,3330,3477,2.0
402,3334,3477,2.0
403,3481,3477,3.0
404,3614,3477,1.0
405,3615,3477,3.0
406,4185,3477,1.0
407,4323,3477,1.0
408,9021,3477,2.0
409,470,5718,1.0
410,5577,5718,1.0
411,5719,5718,2.0
412,6989,5718,1.0
413,7278,5718,1.0
414,7433,5718,1.0
415,8274,5718,1.0
416,471,1890,1.0
417,2173,1890,1.0
418,472,327,1.0
419,748,327,1.0
420,749,327,1.0
421,753,327,1.0
422,1744,327,2.0
423,472,474,2.0
424,472,610,1.0
425,614,610,3.0
426,756,610,2.0
427,2173,610,1.0
428,2457,610,1.0
429,2895,610,1.0
430,472,1035,1.0
431,472,2759,1.0
432,1901,2759,2.0
433,2758,2759,3.0
434,2902,2759,4.0
435,2903,2759,1.0
436,2904,2759,2.0
437,3182,2759,3.0
438,3186,2759,1.0
439,5328,2759,1.0
440,472,3186,1.0
441,2184,3186,1.0
442,2759,3186,1.0
443,2899,3186,2.0
444,2900,3186,2.0
445,2902,3186,4.0
446,2903,3186,1.0
447,3042,3186,8.0
448,3043,3186,1.0
449,3044,3186,7.0
450,3182,3186,1.0
451,3183,3186,3.0
452,3184,3186,2.0
453,3187,3186,2.0
454,3192,3186,1.0
455,3318,3186,1.0
456,3327,3186,1.0
457,3328,3186,1.0
458,3329,3186,1.0
459,3330,3186,3.0
460,3471,3186,1.0
461,3477,3186,2.0
462,3615,3186,3.0
463,3899,3186,1.0
464,4175,3186,1.0
465,4181,3186,1.0
466,5317,3186,1.0
467,5470,3186,1.0
468,8268,3186,1.0
469,8717,3186,2.0
470,472,4042,1.0
471,3042,4042,1.0
472,472,9888,1.0
473,6750,9888,1.0
474,6752,9888,1.0
475,7179,9888,1.0
476,7457,9888,1.0
477,7604,9888,1.0
478,7605,9888,1.0
479,7748,9888,1.0
480,8170,9888,1.0
481,8601,9888,1.0
482,8878,9888,1.0
483,9018,9888,1.0
484,9451,9888,1.0
485,9586,9888,1.0
486,9594,9888,1.0
487,9713,9888,1.0
488,9728,9888,1.0
489,9731,9888,1.0
490,9736,9888,1.0
491,9739,9888,1.0
492,9745,9888,2.0
493,9746,9888,2.0
494,9747,9888,1.0
495,9875,9888,1.0
496,9876,9888,1.0
497,9880,9888,2.0
498,9887,9888,1.0
499,10024,9888,1.0
500,10029,9888,2.0
501,10030,9888,1.0
502,10031,9888,1.0
503,10032,9888,1.0
504,10034,9888,1.0
505,10137,9888,1.0
506,10138,9888,1.0
507,10162,9888,1.0
508,10166,9888,1.0
509,10175,9888,1.0
510,10181,9888,1.0
511,10298,9888,1.0
512,10303,9888,1.0
513,10305,9888,3.0
514,10312,9888,1.0
515,10443,9888,3.0
516,10455,9888,1.0
517,10460,9888,1.0
518,10581,9888,1.0
519,10583,9888,1.0
520,10593,9888,1.0
521,10595,9888,2.0
522,10609,9888,1.0
523,10852,9888,4.0
524,10889,9888,2.0
525,10892,9888,2.0
526,11013,9888,1.0
527,11021,9888,1.0
528,11029,9888,1.0
529,11157,9888,1.0
530,11162,9888,1.0
531,11163,9888,3.0
532,11283,9888,1.0
533,11284,9888,1.0
534,11295,9888,1.0
535,11298,9888,1.0
536,11305,9888,1.0
537,11430,9888,1.0
538,11715,9888,1.0
539,12023,9888,1.0
540,12449,9888,1.0
541,12827,9888,1.0
542,12874,9888,1.0
543,13302,9888,1.0
544,15256,9888,1.0
545,16091,9888,2.0
546,16991,9888,1.0
547,478,4332,3.0
548,3042,4332,4.0
549,5752,4332,1.0
550,605,465,4.0
551,610,756,2.0
552,1184,756,1.0
553,1750,756,1.0
554,610,2457,1.0
555,610,2895,1.0
556,3042,2895,2.0
557,614,611,2.0
558,1050,611,1.0
559,620,2757,1.0
560,1894,2757,2.0
561,2760,2757,1.0
562,620,4325,1.0
563,6606,4325,3.0
564,620,4467,1.0
565,620,4891,1.0
566,4746,4891,3.0
567,5315,4891,4.0
568,5317,4891,2.0
569,6739,4891,1.0
570,748,176,1.0
571,748,755,1.0
572,756,1750,2.0
573,757,1885,1.0
574,1743,1885,1.0
575,757,2616,1.0
576,2173,2616,1.0
577,3042,2616,1.0
578,3190,2616,2.0
579,4181,2616,2.0
580,6605,2616,1.0
581,757,2901,1.0
582,2045,2901,1.0
583,2461,2901,1.0
584,2758,2901,1.0
585,2759,2901,1.0
586,2900,2901,1.0
587,2902,2901,2.0
588,2903,2901,2.0
589,3042,2901,5.0
590,3186,2901,1.0
591,3187,2901,1.0
592,3599,2901,1.0
593,4882,2901,1.0
594,758,1041,2.0
595,1184,1041,1.0
596,2762,1041,1.0
597,759,9592,1.0
598,6182,9592,1.0
599,7574,9592,1.0
600,7606,9592,3.0
601,7716,9592,1.0
602,8024,9592,1.0
603,8031,9592,2.0
604,8313,9592,1.0
605,8592,9592,1.0
606,8595,9592,1.0
607,8877,9592,1.0
608,9009,9592,1.0
609,9020,9592,1.0
610,9021,9592,1.0
611,9024,9592,2.0
612,9160,9592,1.0
613,9162,9592,5.0
614,9164,9592,1.0
615,9165,9592,1.0
616,9166,9592,1.0
617,9173,9592,1.0
618,9175,9592,1.0
619,9444,9592,1.0
620,9450,9592,2.0
621,9451,9592,1.0
622,9452,9592,1.0
623,9587,9592,1.0
624,9590,9592,1.0
625,9593,9592,1.0
626,9594,9592,1.0
627,9602,9592,1.0
628,9604,9592,1.0
629,9605,9592,1.0
630,9719,9592,2.0
631,9729,9592,1.0
632,9734,9592,1.0
633,9735,9592,3.0
634,9739,9592,1.0
635,9740,9592,2.0
636,9864,9592,1.0
637,10012,9592,1.0
638,10023,9592,1.0
639,10029,9592,3.0
640,10157,9592,2.0
641,10306,9592,1.0
642,10309,9592,1.0
643,10569,9592,1.0
644,10869,9592,2.0
645,10995,9592,1.0
646,11019,9592,1.0
647,11036,9592,1.0
648,11147,9592,1.0
649,12581,9592,1.0
650,12851,9592,1.0
651,1037,328,1.0
652,2173,328,1.0
653,3339,328,1.0
654,5718,328,1.0
655,1037,8025,1.0
656,3168,8025,1.0
657,6895,8025,1.0
658,7150,8025,2.0
659,7603,8025,1.0
660,7740,8025,1.0
661,7741,8025,1.0
662,7748,8025,1.0
663,8007,8025,1.0
664,8023,8025,1.0
665,8024,8025,1.0
666,8313,8025,1.0
667,8452,8025,1.0
668,8453,8025,3.0
669,8553,8025,1.0
670,8598,8025,1.0
671,10455,8025,1.0
672,11290,8025,1.0
673,1041,1184,2.0
674,1041,2762,1.0
675,3182,2762,1.0
676,3184,2762,1.0
677,3594,2762,1.0
678,9428,2762,1.0
679,1043,3038,1.0
680,2758,3038,1.0
681,3042,3038,1.0
682,3318,3038,1.0
683,3899,3038,1.0
684,5459,3038,1.0
685,1050,759,1.0
686,3042,759,1.0
687,1318,10441,1.0
688,7734,10441,1.0
689,9871,10441,1.0
690,9886,10441,4.0
691,10442,10441,5.0
692,10443,10441,1.0
693,10866,10441,2.0
694,11015,10441,1.0
695,11146,10441,1.0
696,11172,10441,1.0
697,1330,7038,1.0
698,8455,7038,1.0
699,9012,7038,1.0
700,1336,338,1.0
701,5577,338,1.0
702,8416,338,2.0
703,8696,338,1.0
704,8983,338,1.0
705,1336,2473,1.0
706,4318,2473,1.0
707,1336,2903,1.0
708,2461,2903,1.0
709,2761,2903,1.0
710,2901,2903,1.0
711,2902,2903,1.0
712,2907,2903,1.0
713,3042,2903,3.0
714,3044,2903,3.0
715,3180,2903,1.0
716,3186,2903,4.0
717,3187,2903,1.0
718,3327,2903,2.0
719,8126,2903,1.0
720,1336,3191,1.0
721,2616,3191,2.0
722,3042,3191,2.0
723,3189,3191,1.0
724,3192,3191,2.0
725,3334,3191,2.0
726,3477,3191,1.0
727,6607,3191,1.0
728,1336,9021,1.0
729,2903,9021,1.0
730,6898,9021,1.0
731,8168,9021,1.0
732,8878,9021,2.0
733,9012,9021,1.0
734,9018,9021,1.0
735,9019,9021,3.0
736,9020,9021,3.0
737,9024,9021,2.0
738,9160,9021,1.0
739,9161,9021,1.0
740,9162,9021,1.0
741,9167,9021,1.0
742,9382,9021,1.0
743,9444,9021,1.0
744,9452,9021,1.0
745,9587,9021,1.0
746,9592,9021,1.0
747,9731,9021,2.0
748,9736,9021,1.0
749,10433,9021,1.0
750,10566,9021,1.0
751,10804,9021,1.0
752,10990,9021,1.0
753,11306,9021,1.0
754,11417,9021,1.0
755,11422,9021,1.0
756,11864,9021,1.0
757,12262,9021,1.0
758,12408,9021,1.0
759,12569,9021,1.0
760,14143,9021,1.0
761,14437,9021,1.0
762,17154,9021,1.0
763,1474,2760,1.0
764,2903,2760,1.0
765,3192,2760,1.0
766,1474,2902,1.0
767,2472,2902,1.0
768,2758,2902,2.0
769,2759,2902,4.0
770,2898,2902,1.0
771,2901,2902,3.0
772,2903,2902,2.0
773,3042,2902,2.0
774,3182,2902,1.0
775,3186,2902,7.0
776,3187,2902,2.0
777,3189,2902,3.0
778,3322,2902,1.0
779,3323,2902,2.0
780,3327,2902,1.0
781,3328,2902,1.0
782,4882,2902,1.0
783,5717,2902,1.0
784,7000,2902,1.0
785,7705,2902,3.0
786,8451,2902,2.0
787,8838,2902,1.0
788,10873,2902,1.0
789,1474,6027,1.0
790,1617,4181,1.0
791,2616,4181,3.0
792,3042,4181,1.0
793,4329,4181,1.0
794,4882,4181,2.0
795,1743,2734,1.0
796,2592,2734,1.0
797,5577,2734,1.0
798,7986,2734,1.0
799,1744,753,1.0
800,1759,1902,1.0
801,1759,2165,1.0
802,3873,2165,2.0
803,1885,757,1.0
804,2616,757,1.0
805,3042,757,1.0
806,1885,1743,1.0
807,2734,1743,1.0
808,1901,2899,3.0
809,2472,2899,1.0
810,2753,2899,2.0
811,3041,2899,1.0
812,3042,2899,9.0
813,3184,2899,1.0
814,3338,2899,1.0
815,1902,1759,1.0
816,2034,2176,1.0
817,2034,2178,4.0
818,2893,2178,1.0
819,3030,2178,1.0
820,2034,2887,1.0
821,2458,2887,3.0
822,2603,2887,1.0
823,2903,2887,1.0
824,2034,2888,1.0
825,2176,2888,1.0
826,2461,2888,2.0
827,2893,2888,1.0
828,3318,2888,3.0
829,2045,3180,1.0
830,2889,3180,1.0
831,2903,3180,1.0
832,2045,7734,1.0
833,6322,7734,1.0
834,6684,7734,1.0
835,7318,7734,1.0
836,7458,7734,1.0
837,7466,7734,3.0
838,7716,7734,2.0
839,7722,7734,1.0
840,7726,7734,1.0
841,7729,7734,2.0
842,8141,7734,1.0
843,8160,7734,1.0
844,8166,7734,1.0
845,8309,7734,1.0
846,8455,7734,2.0
847,8559,7734,2.0
848,8738,7734,1.0
849,8869,7734,1.0
850,8872,7734,1.0
851,8878,7734,1.0
852,8982,7734,1.0
853,9126,7734,1.0
854,9160,7734,2.0
855,9439,7734,1.0
856,9582,7734,1.0
857,9596,7734,1.0
858,9597,7734,1.0
859,9604,7734,1.0
860,9728,7734,2.0
861,9888,7734,1.0
862,9991,7734,1.0
863,9995,7734,1.0
864,9996,7734,1.0
865,10004,7734,1.0
866,10011,7734,1.0
867,10441,7734,1.0
868,10468,7734,1.0
869,10587,7734,1.0
870,10607,7734,1.0
871,10610,7734,1.0
872,10848,7734,1.0
873,10856,7734,1.0
874,10967,7734,2.0
875,11152,7734,1.0
876,11154,7734,1.0
877,11282,7734,1.0
878,11423,7734,1.0
879,11443,7734,1.0
880,11600,7734,1.0
881,11701,7734,1.0
882,11706,7734,1.0
883,12271,7734,1.0
884,12430,7734,1.0
885,12448,7734,1.0
886,12457,7734,3.0
887,12576,7734,3.0
888,12693,7734,1.0
889,12719,7734,2.0
890,13145,7734,1.0
891,13290,7734,1.0
892,14292,7734,1.0
893,14436,7734,1.0
894,14973,7734,1.0
895,15132,7734,1.0
896,2048,6177,1.0
897,5753,6177,1.0
898,6035,6177,1.0
899,6178,6177,2.0
900,6743,6177,1.0
901,7022,6177,6.0
902,7032,6177,2.0
903,7037,6177,2.0
904,7313,6177,2.0
905,7318,6177,1.0
906,7460,6177,1.0
907,8586,6177,1.0
908,11285,6177,1.0
909,11565,6177,1.0
910,2049,3044,1.0
911,2761,3044,1.0
912,2899,3044,1.0
913,2901,3044,2.0
914,2902,3044,1.0
915,2903,3044,4.0
916,3042,3044,3.0
917,3043,3044,1.0
918,3045,3044,2.0
919,3182,3044,1.0
920,3184,3044,3.0
921,3185,3044,2.0
922,3186,3044,5.0
923,3187,3044,2.0
924,3190,3044,1.0
925,3327,3044,2.0
926,3471,3044,3.0
927,3481,3044,1.0
928,3892,3044,1.0
929,3906,3044,1.0
930,4323,3044,1.0
931,6989,3044,1.0
932,9024,3044,1.0
933,2049,7180,1.0
934,6326,7180,1.0
935,6893,7180,1.0
936,7037,7180,1.0
937,7179,7180,2.0
938,7606,7180,1.0
939,8177,7180,1.0
940,13966,7180,1.0
941,2049,7602,1.0
942,6753,7602,1.0
943,7027,7602,1.0
944,7311,7602,1.0
945,7322,7602,1.0
946,7457,7602,1.0
947,7463,7602,1.0
948,8031,7602,1.0
949,8165,7602,1.0
950,8168,7602,1.0
951,8171,7602,2.0
952,8175,7602,1.0
953,8461,7602,1.0
954,8881,7602,1.0
955,10858,7602,1.0
956,2049,10289,1.0
957,5435,10289,1.0
958,7462,10289,1.0
959,8010,10289,1.0
960,9004,10289,1.0
961,9005,10289,1.0
962,9023,10289,1.0
963,9866,10289,1.0
964,10007,10289,2.0
965,10138,10289,1.0
966,10147,10289,1.0
967,10857,10289,1.0
968,10998,10289,1.0
969,11286,10289,1.0
970,12295,10289,1.0
971,12827,10289,1.0
972,12953,10289,1.0
973,14261,10289,1.0
974,2165,3873,2.0
975,5439,3873,2.0
976,2172,2603,1.0
977,2889,2603,1.0
978,2172,2750,1.0
979,4321,2750,2.0
980,2173,749,1.0
981,2173,2458,3.0
982,2887,2458,3.0
983,3042,2458,1.0
984,2173,3043,1.0
985,3042,3043,3.0
986,3044,3043,2.0
987,3186,3043,1.0
988,3192,3043,1.0
989,3318,3043,1.0
990,3327,3043,1.0
991,3330,3043,1.0
992,3590,3043,4.0
993,3892,3043,1.0
994,8128,3043,1.0
995,14706,3043,1.0
996,2178,1894,1.0
997,2757,1894,2.0
998,3042,1894,2.0
999,2178,2893,1.0
1000,2888,2893,1.0
1001,3035,2893,2.0
1002,3042,2893,3.0
1003,2184,2472,1.0
1004,2759,2472,1.0
1005,2899,2472,1.0
1006,2900,2472,1.0
1007,3042,2472,2.0
1008,3043,2472,1.0
1009,3044,2472,1.0
1010,2184,3040,2.0
1011,2895,3040,2.0
1012,2900,3040,1.0
1013,3044,3040,1.0
1014,3895,3040,2.0
1015,2184,3187,1.0
1016,2758,3187,1.0
1017,2759,3187,2.0
1018,2899,3187,1.0
1019,2901,3187,2.0
1020,2903,3187,1.0
1021,3038,3187,1.0
1022,3042,3187,2.0
1023,3044,3187,1.0
1024,3184,3187,2.0
1025,3186,3187,1.0
1026,3327,3187,1.0
1027,3330,3187,1.0
1028,3477,3187,1.0
1029,2187,2186,1.0
1030,2191,2048,1.0
1031,2191,2049,1.0
1032,2900,2049,1.0
1033,5470,2049,1.0
1034,2192,3046,1.0
1035,3189,3046,1.0
1036,6755,3046,1.0
1037,2454,2753,1.0
1038,2899,2753,3.0
1039,3042,2753,1.0
1040,3615,2753,1.0
1041,2472,2184,1.0
1042,3040,2184,2.0
1043,3186,2184,1.0
1044,3187,2184,1.0
1045,2472,2900,1.0
1046,2759,2900,1.0
1047,2899,2900,1.0
1048,3040,2900,1.0
1049,3186,2900,2.0
1050,3330,2900,1.0
1051,6611,2900,1.0
1052,2472,3182,1.0
1053,2758,3182,1.0
1054,2759,3182,3.0
1055,2762,3182,1.0
1056,2902,3182,1.0
1057,3041,3182,1.0
1058,3042,3182,2.0
1059,3186,3182,1.0
1060,3605,3182,1.0
1061,2472,3185,2.0
1062,2899,3185,1.0
1063,2902,3185,1.0
1064,3042,3185,3.0
1065,3044,3185,1.0
1066,3045,3185,1.0
1067,3186,3185,2.0
1068,3318,3185,1.0
1069,3327,3185,2.0
1070,3328,3185,2.0
1071,3471,3185,1.0
1072,3477,3185,2.0
1073,10161,3185,1.0
1074,2472,4175,1.0
1075,2473,2474,1.0
1076,10424,2474,1.0
1077,2474,3045,1.0
1078,2758,3045,1.0
1079,3043,3045,1.0
1080,3044,3045,1.0
1081,3185,3045,1.0
1082,3472,3045,1.0
1083,8867,3045,1.0
1084,2474,10424,1.0
1085,8010,10424,1.0
1086,8316,10424,1.0
1087,9583,10424,2.0
1088,9853,10424,1.0
1089,9854,10424,1.0
1090,9997,10424,1.0
1091,9998,10424,1.0
1092,10001,10424,2.0
1093,10138,10424,3.0
1094,10139,10424,1.0
1095,10281,10424,2.0
1096,10423,10424,2.0
1097,10435,10424,1.0
1098,10567,10424,1.0
1099,10569,10424,3.0
1100,10851,10424,1.0
1101,10853,10424,1.0
1102,11135,10424,3.0
1103,11286,10424,1.0
1104,11711,10424,1.0
1105,11886,10424,2.0
1106,12262,10424,1.0
1107,13021,10424,1.0
1108,13267,10424,1.0
1109,13309,10424,1.0
1110,2603,2172,1.0
1111,2750,2172,1.0
1112,2616,6605,1.0
1113,5462,6605,1.0
1114,6039,6605,1.0
1115,6177,6605,1.0
1116,6607,6605,1.0
1117,6745,6605,1.0
1118,16365,6605,1.0
1119,2618,2898,1.0
1120,2621,2904,1.0
1121,2758,2904,1.0
1122,2759,2904,1.0
1123,2734,3302,1.0
1124,3042,3302,1.0
1125,3457,3302,1.0
1126,3590,3302,5.0
1127,6989,3302,1.0
1128,2734,7986,1.0
1129,3600,7986,1.0
1130,3613,7986,1.0
1131,5577,7986,1.0
1132,7278,7986,1.0
1133,7985,7986,1.0
1134,8128,7986,1.0
1135,8131,7986,1.0
1136,8139,7986,2.0
1137,8270,7986,1.0
1138,8273,7986,1.0
1139,8409,7986,3.0
1140,8412,7986,1.0
1141,8414,7986,1.0
1142,8691,7986,1.0
1143,8699,7986,2.0
1144,8814,7986,1.0
1145,8833,7986,1.0
1146,8834,7986,4.0
1147,8835,7986,1.0
1148,8978,7986,1.0
1149,9439,7986,1.0
1150,9959,7986,1.0
1151,2750,4321,2.0
1152,3042,4321,1.0
1153,4034,4321,1.0
1154,5892,4321,1.0
1155,6035,4321,1.0
1156,2751,3328,1.0
1157,2902,3328,3.0
1158,3042,3328,3.0
1159,3185,3328,2.0
1160,2753,1901,2.0
1161,2759,1901,2.0
1162,3185,1901,1.0
1163,2753,3615,1.0
1164,3185,3615,2.0
1165,3186,3615,1.0
1166,3472,3615,1.0
1167,3477,3615,2.0
1168,2754,3329,1.0
1169,2762,3329,1.0
1170,2902,3329,1.0
1171,3041,3329,2.0
1172,3471,3329,1.0
1173,4182,3329,1.0
1174,4882,3329,1.0
1175,6752,3329,1.0
1176,2754,4746,1.0
1177,3042,4746,1.0
1178,4891,4746,1.0
1179,5316,4746,1.0
1180,2757,620,1.0
1181,3184,620,1.0
1182,3477,620,1.0
1183,4047,620,1.0
1184,4891,620,1.0
1185,8720,620,1.0
1186,9718,620,1.0
1187,2758,2761,3.0
1188,3044,2761,1.0
1189,3189,2761,1.0
1190,2759,2758,1.0
1191,2761,2758,2.0
1192,2902,2758,3.0
1193,3038,2758,1.0
1194,3042,2758,4.0
1195,3182,2758,1.0
1196,3186,2758,3.0
1197,3187,2758,1.0
1198,2760,1474,1.0
1199,2902,1474,1.0
1200,6027,1474,1.0
1201,2760,3192,1.0
1202,3043,3192,1.0
1203,3186,3192,1.0
1204,3191,3192,2.0
1205,3332,3192,2.0
1206,3477,3192,3.0
1207,2762,3594,1.0
1208,2762,9428,1.0
1209,9012,9428,1.0
1210,9146,9428,1.0
1211,9426,9428,1.0
1212,9427,9428,6.0
1213,9429,9428,2.0
1214,9430,9428,1.0
1215,9575,9428,1.0
1216,9858,9428,2.0
1217,9997,9428,6.0
1218,10137,9428,1.0
1219,10422,9428,2.0
1220,10456,9428,1.0
1221,10861,9428,1.0
1222,2763,3318,1.0
1223,2888,3318,2.0
1224,3042,3318,2.0
1225,3043,3318,1.0
1226,3185,3318,1.0
1227,3590,3318,1.0
1228,2881,3590,1.0
1229,3042,3590,3.0
1230,3043,3590,4.0
1231,3302,3590,3.0
1232,3308,3590,1.0
1233,3448,3590,8.0
1234,3450,3590,1.0
1235,3591,3590,6.0
1236,3600,3590,2.0
1237,4294,3590,1.0
1238,4586,3590,2.0
1239,5436,3590,1.0
1240,5717,3590,1.0
1241,8695,3590,1.0
1242,2887,2461,1.0
1243,2888,2461,2.0
1244,9448,2461,1.0
1245,2887,2889,1.0
1246,3180,2889,1.0
1247,3327,2889,1.0
1248,2887,3030,1.0
1249,2888,3168,1.0
1250,8025,3168,1.0
1251,2888,3450,1.0
1252,3044,3450,1.0
1253,3448,3450,2.0
1254,5317,3450,1.0
1255,2889,5614,1.0
1256,5470,5614,1.0
1257,2893,3035,1.0
1258,3183,3035,1.0
1259,2893,3183,1.0
1260,2901,3183,1.0
1261,2902,3183,2.0
1262,3042,3183,1.0
1263,3457,3183,1.0
1264,3605,3183,1.0
1265,2899,3041,1.0
1266,3042,3041,1.0
1267,3182,3041,1.0
1268,3327,3041,1.0
1269,3329,3041,2.0
1270,2899,7466,1.0
1271,5884,7466,1.0
1272,6309,7466,1.0
1273,6324,7466,1.0
1274,6609,7466,1.0
1275,6610,7466,1.0
1276,6611,7466,3.0
1277,6612,7466,1.0
1278,6724,7466,2.0
1279,6754,7466,1.0
1280,6755,7466,1.0
1281,7178,7466,3.0
1282,7179,7466,1.0
1283,7313,7466,1.0
1284,7322,7466,7.0
1285,7464,7466,7.0
1286,7465,7466,3.0
1287,7604,7466,1.0
1288,7605,7466,2.0
1289,7606,7466,5.0
1290,7607,7466,3.0
1291,7608,7466,6.0
1292,7734,7466,2.0
1293,7748,7466,3.0
1294,7749,7466,5.0
1295,7750,7466,2.0
1296,8033,7466,1.0
1297,8034,7466,4.0
1298,8170,7466,1.0
1299,8171,7466,1.0
1300,8172,7466,1.0
1301,8175,7466,1.0
1302,8316,7466,1.0
1303,8456,7466,1.0
1304,9604,7466,1.0
1305,9888,7466,1.0
1306,10417,7466,1.0
1307,10607,7466,1.0
1308,2900,3330,2.0
1309,3042,3330,1.0
1310,3043,3330,1.0
1311,3044,3330,1.0
1312,3186,3330,2.0
1313,3189,3330,2.0
1314,3327,3330,1.0
1315,3477,3330,3.0
1316,3892,3330,1.0
1317,3899,3330,1.0
1318,4323,3330,1.0
1319,4465,3330,2.0
1320,2901,4182,2.0
1321,3329,4182,1.0
1322,3894,4182,1.0
1323,6324,4182,1.0
1324,10036,4182,1.0
1325,2901,4882,1.0
1326,2902,4882,1.0
1327,3183,4882,1.0
1328,3329,4882,1.0
1329,3892,4882,2.0
1330,4181,4882,2.0
1331,2901,8128,1.0
1332,5576,8128,1.0
1333,5578,8128,1.0
1334,6847,8128,2.0
1335,6988,8128,1.0
1336,6989,8128,1.0
1337,7111,8128,1.0
1338,7130,8128,1.0
1339,7135,8128,1.0
1340,7159,8128,1.0
1341,7252,8128,1.0
1342,7270,8128,2.0
1343,7432,8128,1.0
1344,7565,8128,1.0
1345,7698,8128,1.0
1346,7708,8128,1.0
1347,7713,8128,1.0
1348,7986,8128,5.0
1349,7987,8128,3.0
1350,7988,8128,3.0
1351,7996,8128,1.0
1352,8125,8128,1.0
1353,8127,8128,4.0
1354,8129,8128,3.0
1355,8136,8128,3.0
1356,8139,8128,2.0
1357,8142,8128,1.0
1358,8268,8128,6.0
1359,8269,8128,2.0
1360,8270,8128,6.0
1361,8271,8128,3.0
1362,8272,8128,2.0
1363,8275,8128,1.0
1364,8277,8128,3.0
1365,8278,8128,2.0
1366,8279,8128,1.0
1367,8281,8128,1.0
1368,8409,8128,5.0
1369,8410,8128,4.0
1370,8412,8128,2.0
1371,8413,8128,3.0
1372,8416,8128,2.0
1373,8419,8128,1.0
1374,8530,8128,1.0
1375,8551,8128,1.0
1376,8552,8128,2.0
1377,8553,8128,3.0
1378,8554,8128,1.0
1379,8555,8128,1.0
1380,8565,8128,1.0
1381,8691,8128,1.0
1382,8692,8128,3.0
1383,8693,8128,2.0
1384,8694,8128,4.0
1385,8695,8128,8.0
1386,8696,8128,1.0
1387,8833,8128,1.0
1388,8834,8128,1.0
1389,8835,8128,1.0
1390,8839,8128,1.0
1391,8843,8128,1.0
1392,8976,8128,1.0
1393,8984,8128,1.0
1394,9018,8128,1.0
1395,9124,8128,4.0
1396,9127,8128,1.0
1397,9404,8128,1.0
1398,9851,8128,1.0
1399,9863,8128,1.0
1400,9865,8128,1.0
1401,10385,8128,1.0
1402,10425,8128,1.0
1403,10568,8128,1.0
1404,10966,8128,2.0
1405,11096,8128,1.0
1406,11238,8128,2.0
1407,11521,8128,1.0
1408,11727,8128,1.0
1409,13962,8128,1.0
1410,13969,8128,1.0
1411,14286,8128,1.0
1412,2901,9448,1.0
1413,8160,9448,1.0
1414,8314,9448,1.0
1415,8834,9448,1.0
1416,9019,9448,2.0
1417,9160,9448,3.0
1418,9162,9448,1.0
1419,9164,9448,1.0
1420,9443,9448,1.0
1421,9446,9448,2.0
1422,9451,9448,1.0
1423,9453,9448,1.0
1424,9590,9448,1.0
1425,9726,9448,1.0
1426,9731,9448,1.0
1427,9733,9448,3.0
1428,10028,9448,1.0
1429,10887,9448,1.0
1430,10994,9448,1.0
1431,11000,9448,1.0
1432,11857,9448,1.0
1433,12283,9448,1.0
1434,12448,9448,1.0
1435,2901,13736,1.0
1436,9849,13736,1.0
1437,11603,13736,1.0
1438,11744,13736,2.0
1439,12306,13736,2.0
1440,12595,13736,1.0
1441,13309,13736,2.0
1442,13878,13736,1.0
1443,15168,13736,1.0
1444,15281,13736,1.0
1445,15419,13736,1.0
1446,16991,13736,2.0
1447,17275,13736,2.0
1448,2902,3322,1.0
1449,2902,3323,2.0
1450,2902,6324,1.0
1451,4182,6324,1.0
1452,6040,6324,3.0
1453,6607,6324,1.0
1454,6609,6324,3.0
1455,7037,6324,1.0
1456,7466,6324,1.0
1457,7605,6324,1.0
1458,2902,7179,1.0
1459,6322,7179,1.0
1460,6325,7179,1.0
1461,6606,7179,2.0
1462,6607,7179,1.0
1463,6752,7179,1.0
1464,6754,7179,1.0
1465,6894,7179,3.0
1466,6895,7179,1.0
1467,6898,7179,1.0
1468,7037,7179,1.0
1469,7177,7179,1.0
1470,7178,7179,1.0
1471,7311,7179,1.0
1472,7318,7179,1.0
1473,7323,7179,1.0
1474,7458,7179,1.0
1475,7466,7179,1.0
1476,7602,7179,1.0
1477,7606,7179,4.0
1478,7746,7179,1.0
1479,8034,7179,1.0
1480,8457,7179,1.0
1481,8598,7179,1.0
1482,9019,7179,1.0
1483,9172,7179,1.0
1484,9888,7179,1.0
1485,11578,7179,1.0
1486,2902,7705,4.0
1487,6989,7705,1.0
1488,7988,7705,2.0
1489,7991,7705,1.0
1490,8268,7705,1.0
1491,2902,8416,1.0
1492,5578,8416,1.0
1493,6684,8416,1.0
1494,6988,8416,1.0
1495,7708,8416,1.0
1496,7716,8416,1.0
1497,7986,8416,1.0
1498,8028,8416,1.0
1499,8128,8416,2.0
1500,8129,8416,1.0
1501,8131,8416,1.0
1502,8139,8416,1.0
1503,8142,8416,1.0
1504,8270,8416,2.0
1505,8271,8416,3.0
1506,8273,8416,3.0
1507,8274,8416,2.0
1508,8276,8416,1.0
1509,8279,8416,3.0
1510,8410,8416,1.0
1511,8415,8416,2.0
1512,8417,8416,1.0
1513,8530,8416,1.0
1514,8552,8416,1.0
1515,8558,8416,1.0
1516,8567,8416,2.0
1517,8693,8416,1.0
1518,8835,8416,2.0
1519,8839,8416,2.0
1520,8980,8416,1.0
1521,8983,8416,2.0
1522,9126,8416,1.0
1523,10812,8416,1.0
1524,10966,8416,3.0
1525,14409,8416,1.0
1526,2902,8717,2.0
1527,6612,8717,1.0
1528,8859,8717,1.0
1529,9427,8717,2.0
1530,2902,8838,1.0
1531,8270,8838,1.0
1532,8273,8838,1.0
1533,8410,8838,2.0
1534,8413,8838,1.0
1535,8415,8838,1.0
1536,8425,8838,1.0
1537,8554,8838,1.0
1538,8695,8838,5.0
1539,8696,8838,2.0
1540,8697,8838,1.0
1541,8839,8838,2.0
1542,8840,8838,1.0
1543,8980,8838,1.0
1544,8981,8838,2.0
1545,8982,8838,1.0
1546,8983,8838,1.0
1547,9123,8838,1.0
1548,9125,8838,1.0
1549,9126,8838,2.0
1550,9409,8838,1.0
1551,9413,8838,1.0
1552,9691,8838,1.0
1553,11098,8838,1.0
1554,12006,8838,1.0
1555,2902,10873,1.0
1556,9460,10873,1.0
1557,9747,10873,1.0
1558,9878,10873,1.0
1559,10018,10873,1.0
1560,10027,10873,1.0
1561,10600,10873,1.0
1562,10872,10873,1.0
1563,10876,10873,2.0
1564,11015,10873,1.0
1565,11290,10873,1.0
1566,11291,10873,2.0
1567,11296,10873,1.0
1568,11298,10873,1.0
1569,2903,2907,1.0
1570,2903,3327,2.0
1571,3041,3327,1.0
1572,3042,3327,5.0
1573,3043,3327,1.0
1574,3044,3327,3.0
1575,3185,3327,1.0
1576,3187,3327,1.0
1577,3190,3327,1.0
1578,3330,3327,1.0
1579,3609,3327,1.0
1580,3895,3327,1.0
1581,4885,3327,1.0
1582,8149,3327,1.0
1583,2903,7458,1.0
1584,3042,7458,2.0
1585,6188,7458,1.0
1586,6326,7458,1.0
1587,6609,7458,2.0
1588,6610,7458,1.0
1589,6612,7458,1.0
1590,6752,7458,2.0
1591,7179,7458,3.0
1592,7311,7458,1.0
1593,7316,7458,1.0
1594,7319,7458,1.0
1595,7457,7458,5.0
1596,7461,7458,1.0
1597,7463,7458,2.0
1598,7464,7458,2.0
1599,7599,7458,1.0
1600,7603,7458,1.0
1601,7604,7458,1.0
1602,7605,7458,1.0
1603,7606,7458,1.0
1604,7607,7458,1.0
1605,7608,7458,2.0
1606,7742,7458,1.0
1607,7746,7458,1.0
1608,7747,7458,1.0
1609,7748,7458,1.0
1610,7750,7458,2.0
1611,8010,7458,1.0
1612,8028,7458,1.0
1613,8033,7458,1.0
1614,8170,7458,1.0
1615,8171,7458,2.0
1616,8175,7458,1.0
1617,8307,7458,1.0
1618,8309,7458,1.0
1619,8317,7458,1.0
1620,8447,7458,1.0
1621,8450,7458,1.0
1622,8589,7458,2.0
1623,8594,7458,1.0
1624,8599,7458,1.0
1625,8603,7458,1.0
1626,8734,7458,1.0
1627,8876,7458,1.0
1628,9165,7458,1.0
1629,9731,7458,2.0
1630,9888,7458,1.0
1631,10012,7458,1.0
1632,11433,7458,1.0
1633,2904,5459,1.0
1634,3186,5459,1.0
1635,4891,5459,1.0
1636,5316,5459,2.0
1637,5317,5459,2.0
1638,7305,5459,1.0
1639,7457,5459,1.0
1640,8445,5459,1.0
1641,3040,3892,1.0
1642,3042,3892,1.0
1643,3043,3892,1.0
1644,3044,3892,1.0
1645,4882,3892,3.0
1646,3040,3895,3.0
1647,3042,764,1.0
1648,3042,2191,1.0
1649,6177,2191,1.0
1650,3042,2454,1.0
1651,3042,3190,2.0
1652,3044,3190,1.0
1653,3191,3190,2.0
1654,3327,3190,1.0
1655,6171,3190,1.0
1656,7740,3190,1.0
1657,9010,3190,1.0
1658,3042,3469,2.0
1659,3330,3469,1.0
1660,3042,3591,4.0
1661,3590,3591,3.0
1662,3042,3600,1.0
1663,3590,3600,2.0
1664,4315,3600,1.0
1665,7986,3600,1.0
1666,3042,3605,1.0
1667,3182,3605,2.0
1668,3607,3605,1.0
1669,8275,3605,1.0
1670,3042,3620,1.0
1671,3042,4040,1.0
1672,5045,4040,1.0
1673,3042,4318,3.0
1674,3042,4323,1.0
1675,3044,4323,1.0
1676,3330,4323,1.0
1677,3477,4323,1.0
1678,3042,4459,1.0
1679,5318,4459,1.0
1680,8882,4459,1.0
1681,3042,4610,1.0
1682,3042,5315,1.0
1683,4891,5315,3.0
1684,5463,5315,1.0
1685,5750,5315,1.0
1686,3042,5317,2.0
1687,3183,5317,1.0
1688,3448,5317,1.0
1689,3590,5317,1.0
1690,5316,5317,1.0
1691,5446,5317,1.0
1692,5459,5317,3.0
1693,5603,5317,1.0
1694,8580,5317,1.0
1695,8592,5317,1.0
1696,3043,10994,1.0
1697,8868,10994,1.0
1698,9452,10994,1.0
1699,10005,10994,3.0
1700,10565,10994,1.0
1701,10568,10994,1.0
1702,10853,10994,2.0
1703,11429,10994,1.0
1704,11725,10994,1.0
1705,12421,10994,1.0
1706,12845,10994,1.0
1707,14148,10994,1.0
1708,3044,2045,1.0
1709,3180,2045,1.0
1710,7734,2045,1.0
1711,3044,2618,1.0
1712,3044,3471,3.0
1713,3185,3471,1.0
1714,3186,3471,1.0
1715,3329,3471,1.0
1716,3044,3899,1.0
1717,3189,3899,1.0
1718,3330,3899,1.0
1719,3332,3899,1.0
1720,3044,3906,1.0
1721,3044,6601,1.0
1722,7026,6601,3.0
1723,7453,6601,1.0
1724,7466,6601,1.0
1725,11857,6601,1.0
1726,3045,3472,1.0
1727,3617,3472,1.0
1728,3045,8867,1.0
1729,6753,8867,1.0
1730,7734,8867,2.0
1731,8157,8867,1.0
1732,8583,8867,1.0
1733,8584,8867,6.0
1734,8585,8867,2.0
1735,8722,8867,1.0
1736,8724,8867,3.0
1737,8725,8867,5.0
1738,8726,8867,1.0
1739,8727,8867,1.0
1740,8734,8867,1.0
1741,8869,8867,1.0
1742,8983,8867,1.0
1743,9006,8867,1.0
1744,9007,8867,1.0
1745,9009,8867,1.0
1746,9010,8867,5.0
1747,9011,8867,1.0
1748,9013,8867,1.0
1749,9014,8867,2.0
1750,9017,8867,1.0
1751,9151,8867,1.0
1752,9154,8867,1.0
1753,9157,8867,1.0
1754,9436,8867,1.0
1755,9575,8867,1.0
1756,9576,8867,1.0
1757,9577,8867,3.0
1758,9580,8867,1.0
1759,9604,8867,1.0
1760,9719,8867,1.0
1761,9720,8867,1.0
1762,9728,8867,1.0
1763,10152,8867,1.0
1764,10291,8867,1.0
1765,11842,8867,2.0
1766,11843,8867,1.0
1767,15419,8867,1.0
1768,3045,13013,1.0
1769,11880,13013,1.0
1770,12446,13013,1.0
1771,12576,13013,1.0
1772,14578,13013,1.0
1773,15282,13013,1.0
1774,17537,13013,1.0
1775,3046,2192,1.0
1776,3046,6755,1.0
1777,6331,6755,1.0
1778,6613,6755,1.0
1779,7466,6755,1.0
1780,3184,7575,1.0
1781,8278,7575,2.0
1782,3185,10161,1.0
1783,8835,10161,1.0
1784,8885,10161,1.0
1785,9164,10161,2.0
1786,9733,10161,1.0
1787,9752,10161,1.0
1788,9818,10161,1.0
1789,9874,10161,1.0
1790,10162,10161,1.0
1791,10288,10161,1.0
1792,10304,10161,1.0
1793,10444,10161,1.0
1794,10610,10161,1.0
1795,10876,10161,2.0
1796,11013,10161,1.0
1797,11158,10161,2.0
1798,11295,10161,1.0
1799,11860,10161,1.0
1800,12274,10161,1.0
1801,3186,3609,1.0
1802,3327,3609,1.0
1803,3614,3609,1.0
1804,3186,3614,1.0
1805,3339,3614,1.0
1806,3609,3614,1.0
1807,3186,4465,1.0
1808,3330,4465,1.0
1809,3186,5328,1.0
1810,5045,5328,2.0
1811,5470,5328,1.0
1812,5892,5328,1.0
1813,3186,5470,1.0
1814,3481,5470,1.0
1815,5328,5470,3.0
1816,5611,5470,1.0
1817,5614,5470,1.0
1818,5615,5470,2.0
1819,5753,5470,1.0
1820,6035,5470,1.0
1821,6038,5470,1.0
1822,6326,5470,1.0
1823,6609,5470,1.0
1824,6610,5470,1.0
1825,7594,5470,1.0
1826,7602,5470,1.0
1827,8166,5470,1.0
1828,8600,5470,1.0
1829,8720,5470,1.0
1830,3186,5603,1.0
1831,3186,6988,1.0
1832,5569,6988,1.0
1833,5967,6988,1.0
1834,6565,6988,2.0
1835,6683,6988,3.0
1836,6705,6988,1.0
1837,6845,6988,11.0
1838,6846,6988,7.0
1839,6847,6988,6.0
1840,6852,6988,1.0
1841,6857,6988,1.0
1842,6976,6988,1.0
1843,6989,6988,16.0
1844,6990,6988,1.0
1845,6995,6988,3.0
1846,7115,6988,1.0
1847,7130,6988,3.0
1848,7131,6988,3.0
1849,7273,6988,6.0
1850,7276,6988,1.0
1851,7415,6988,1.0
1852,7421,6988,2.0
1853,7428,6988,2.0
1854,7565,6988,2.0
1855,7698,6988,1.0
1856,7986,6988,1.0
1857,7988,6988,2.0
1858,7991,6988,2.0
1859,7992,6988,1.0
1860,8126,6988,3.0
1861,8128,6988,2.0
1862,8138,6988,1.0
1863,8268,6988,2.0
1864,8279,6988,1.0
1865,8281,6988,1.0
1866,8416,6988,1.0
1867,8429,6988,1.0
1868,8551,6988,1.0
1869,8552,6988,1.0
1870,8691,6988,2.0
1871,8696,6988,1.0
1872,9678,6988,1.0
1873,9713,6988,1.0
1874,10289,6988,1.0
1875,3186,8268,1.0
1876,6565,8268,4.0
1877,6684,8268,1.0
1878,6847,8268,1.0
1879,6988,8268,4.0
1880,7258,8268,2.0
1881,7270,8268,1.0
1882,7273,8268,1.0
1883,7542,8268,1.0
1884,7554,8268,1.0
1885,7702,8268,1.0
1886,7705,8268,1.0
1887,7708,8268,1.0
1888,7734,8268,1.0
1889,7983,8268,3.0
1890,7986,8268,1.0
1891,7991,8268,3.0
1892,8127,8268,2.0
1893,8128,8268,10.0
1894,8141,8268,1.0
1895,8242,8268,1.0
1896,8269,8268,4.0
1897,8270,8268,3.0
1898,8271,8268,4.0
1899,8273,8268,1.0
1900,8275,8268,2.0
1901,8281,8268,2.0
1902,8407,8268,2.0
1903,8409,8268,1.0
1904,8410,8268,3.0
1905,8411,8268,2.0
1906,8412,8268,1.0
1907,8418,8268,1.0
1908,8551,8268,4.0
1909,8553,8268,1.0
1910,8554,8268,1.0
1911,8692,8268,1.0
1912,8693,8268,2.0
1913,8694,8268,3.0
1914,8695,8268,2.0
1915,8696,8268,4.0
1916,8697,8268,2.0
1917,8814,8268,1.0
1918,8830,8268,1.0
1919,8834,8268,1.0
1920,8981,8268,1.0
1921,9099,8268,1.0
1922,9376,8268,2.0
1923,9666,8268,1.0
1924,9678,8268,4.0
1925,10102,8268,1.0
1926,10418,8268,1.0
1927,3190,6171,1.0
1928,6035,6171,1.0
1929,3190,9010,1.0
1930,7996,9010,1.0
1931,8307,9010,1.0
1932,8866,9010,2.0
1933,8867,9010,3.0
1934,9009,9010,1.0
1935,9011,9010,2.0
1936,9151,9010,1.0
1937,9152,9010,1.0
1938,9434,9010,2.0
1939,9575,9010,1.0
1940,9577,9010,1.0
1941,9581,9010,1.0
1942,9740,9010,1.0
1943,10030,9010,1.0
1944,10291,9010,1.0
1945,10594,9010,1.0
1946,11013,9010,1.0
1947,14292,9010,1.0
1948,3190,9164,1.0
1949,6846,9164,1.0
1950,7432,9164,2.0
1951,7728,9164,1.0
1952,8012,9164,1.0
1953,8033,9164,1.0
1954,8170,9164,1.0
1955,8592,9164,1.0
1956,8602,9164,1.0
1957,8842,9164,1.0
1958,8876,9164,1.0
1959,8877,9164,4.0
1960,8878,9164,1.0
1961,8880,9164,2.0
1962,8882,9164,1.0
1963,8884,9164,2.0
1964,9009,9164,1.0
1965,9019,9164,1.0
1966,9020,9164,3.0
1967,9021,9164,1.0
1968,9024,9164,2.0
1969,9029,9164,1.0
1970,9160,9164,2.0
1971,9161,9164,2.0
1972,9162,9164,2.0
1973,9163,9164,2.0
1974,9165,9164,2.0
1975,9166,9164,1.0
1976,9173,9164,2.0
1977,9175,9164,1.0
1978,9445,9164,1.0
1979,9447,9164,1.0
1980,9448,9164,2.0
1981,9452,9164,2.0
1982,9577,9164,1.0
1983,9582,9164,1.0
1984,9587,9164,1.0
1985,9589,9164,1.0
1986,9590,9164,3.0
1987,9591,9164,1.0
1988,9592,9164,2.0
1989,9593,9164,2.0
1990,9733,9164,1.0
1991,9734,9164,1.0
1992,9866,9164,1.0
1993,9869,9164,1.0
1994,9870,9164,2.0
1995,9876,9164,2.0
1996,10005,9164,1.0
1997,10012,9164,1.0
1998,10018,9164,2.0
1999,10019,9164,1.0
2000,10022,9164,1.0
2001,10023,9164,1.0
2002,10029,9164,1.0
2003,10037,9164,1.0
2004,10156,9164,1.0
2005,10158,9164,1.0
2006,10161,9164,1.0
2007,10304,9164,3.0
2008,10305,9164,1.0
2009,10452,9164,1.0
2010,10566,9164,2.0
2011,10584,9164,3.0
2012,10587,9164,2.0
2013,10866,9164,1.0
2014,10869,9164,3.0
2015,10872,9164,1.0
2016,10875,9164,1.0
2017,10893,9164,1.0
2018,11000,9164,1.0
2019,11010,9164,1.0
2020,11154,9164,1.0
2021,11165,9164,1.0
2022,11296,9164,1.0
2023,11437,9164,1.0
2024,11878,9164,1.0
2025,12032,9164,1.0
2026,12738,9164,1.0
2027,13000,9164,1.0
2028,13011,9164,1.0
2029,13979,9164,1.0
2030,3191,3334,1.0
2031,3477,3334,3.0
2032,3191,6607,1.0
2033,4885,6607,1.0
2034,6611,6607,1.0
2035,7039,6607,1.0
2036,7179,6607,1.0
2037,7604,6607,1.0
2038,9018,6607,1.0
2039,9151,6607,1.0
2040,9175,6607,1.0
2041,11135,6607,1.0
2042,11138,6607,1.0
2043,11414,6607,1.0
2044,13692,6607,2.0
2045,3192,3332,2.0
2046,3899,3332,1.0
2047,3302,2592,1.0
2048,3302,3448,1.0
2049,3450,3448,3.0
2050,3590,3448,5.0
2051,4040,3448,1.0
2052,3302,6989,1.0
2053,5705,6989,4.0
2054,6117,6989,1.0
2055,6565,6989,1.0
2056,6717,6989,2.0
2057,6845,6989,3.0
2058,6846,6989,4.0
2059,6847,6989,13.0
2060,6857,6989,1.0
2061,6988,6989,13.0
2062,7129,6989,3.0
2063,7130,6989,4.0
2064,7131,6989,2.0
2065,7273,6989,2.0
2066,7277,6989,1.0
2067,7705,6989,1.0
2068,8127,6989,1.0
2069,8128,6989,2.0
2070,8138,6989,2.0
2071,8142,6989,1.0
2072,8268,6989,2.0
2073,8276,6989,1.0
2074,8283,6989,3.0
2075,8416,6989,1.0
2076,8551,6989,1.0
2077,8691,6989,3.0
2078,8692,6989,1.0
2079,8695,6989,2.0
2080,8696,6989,3.0
2081,8830,6989,1.0
2082,14697,6989,1.0
2083,3318,2763,1.0
2084,3327,4885,1.0
2085,5316,4885,1.0
2086,6177,4885,1.0
2087,3328,2751,1.0
2088,3329,6752,1.0
2089,5893,6752,1.0
2090,6035,6752,1.0
2091,6178,6752,1.0
2092,6325,6752,1.0
2093,6329,6752,1.0
2094,6583,6752,1.0
2095,6608,6752,4.0
2096,6609,6752,4.0
2097,6610,6752,6.0
2098,6611,6752,4.0
2099,6747,6752,3.0
2100,6893,6752,1.0
2101,6895,6752,1.0
2102,7034,6752,2.0
2103,7176,6752,1.0
2104,7179,6752,1.0
2105,7456,6752,2.0
2106,7458,6752,3.0
2107,7462,6752,1.0
2108,7463,6752,1.0
2109,7466,6752,1.0
2110,8584,6752,1.0
2111,8594,6752,1.0
2112,9024,6752,1.0
2113,9451,6752,1.0
2114,10292,6752,1.0
2115,10588,6752,1.0
2116,10896,6752,1.0
2117,3335,3617,1.0
2118,3477,3617,1.0
2119,3450,3338,1.0
2120,3477,3339,1.0
2121,3477,4185,1.0
2122,3481,5743,1.0
2123,3481,5752,1.0
2124,4332,5752,1.0
2125,5470,5752,1.0
2126,5608,5752,1.0
2127,5750,5752,1.0
2128,5892,5752,1.0
2129,5893,5752,1.0
2130,8456,5752,1.0
2131,3481,9024,1.0
2132,6752,9024,1.0
2133,7323,9024,1.0
2134,8032,9024,1.0
2135,8171,9024,1.0
2136,8172,9024,1.0
2137,8271,9024,1.0
2138,8314,9024,1.0
2139,8596,9024,2.0
2140,8739,9024,1.0
2141,8879,9024,2.0
2142,8881,9024,1.0
2143,8884,9024,1.0
2144,8982,9024,1.0
2145,9006,9024,1.0
2146,9019,9024,1.0
2147,9020,9024,1.0
2148,9021,9024,1.0
2149,9164,9024,3.0
2150,9166,9024,1.0
2151,9430,9024,1.0
2152,9448,9024,1.0
2153,9449,9024,1.0
2154,9589,9024,1.0
2155,9591,9024,1.0
2156,9592,9024,1.0
2157,9893,9024,1.0
2158,10850,9024,1.0
2159,11459,9024,1.0
2160,11699,9024,1.0
2161,11709,9024,1.0
2162,11983,9024,1.0
2163,14401,9024,1.0
2164,14576,9024,1.0
2165,16688,9024,1.0
2166,3482,3599,1.0
2167,3590,4294,1.0
2168,5577,4294,1.0
2169,7993,4294,1.0
2170,8275,4294,2.0
2171,3590,4586,2.0
2172,3590,5436,1.0
2173,7702,5436,1.0
2174,8281,5436,2.0
2175,3590,5717,1.0
2176,7705,5717,1.0
2177,3590,8139,1.0
2178,5856,8139,1.0
2179,6684,8139,1.0
2180,6717,8139,5.0
2181,6989,8139,3.0
2182,7428,8139,1.0
2183,7714,8139,1.0
2184,7716,8139,1.0
2185,7986,8139,1.0
2186,7993,8139,3.0
2187,7995,8139,1.0
2188,7997,8139,4.0
2189,7999,8139,3.0
2190,8128,8139,2.0
2191,8137,8139,3.0
2192,8138,8139,4.0
2193,8140,8139,1.0
2194,8142,8139,1.0
2195,8280,8139,2.0
2196,8281,8139,5.0
2197,8283,8139,1.0
2198,8284,8139,1.0
2199,8417,8139,1.0
2200,8418,8139,1.0
2201,8421,8139,3.0
2202,8555,8139,2.0
2203,8565,8139,1.0
2204,8590,8139,1.0
2205,8692,8139,2.0
2206,8707,8139,3.0
2207,9157,8139,1.0
2208,9376,8139,1.0
2209,9410,8139,1.0
2210,9429,8139,1.0
2211,9724,8139,1.0
2212,10280,8139,1.0
2213,10540,8139,1.0
2214,10572,8139,2.0
2215,10588,8139,1.0
2216,12386,8139,2.0
2217,12671,8139,1.0
2218,3590,8695,1.0
2219,5752,8695,1.0
2220,6684,8695,1.0
2221,6845,8695,1.0
2222,6988,8695,1.0
2223,6989,8695,1.0
2224,7252,8695,1.0
2225,7270,8695,3.0
2226,7297,8695,1.0
2227,7438,8695,1.0
2228,7574,8695,2.0
2229,7716,8695,1.0
2230,7984,8695,1.0
2231,7992,8695,1.0
2232,7996,8695,1.0
2233,8125,8695,3.0
2234,8126,8695,1.0
2235,8127,8695,1.0
2236,8128,8695,2.0
2237,8129,8695,1.0
2238,8130,8695,1.0
2239,8131,8695,2.0
2240,8135,8695,1.0
2241,8137,8695,1.0
2242,8139,8695,1.0
2243,8166,8695,1.0
2244,8268,8695,6.0
2245,8270,8695,1.0
2246,8271,8695,1.0
2247,8272,8695,3.0
2248,8273,8695,1.0
2249,8274,8695,1.0
2250,8407,8695,1.0
2251,8409,8695,5.0
2252,8412,8695,5.0
2253,8414,8695,4.0
2254,8415,8695,1.0
2255,8416,8695,1.0
2256,8417,8695,4.0
2257,8418,8695,2.0
2258,8425,8695,1.0
2259,8427,8695,1.0
2260,8550,8695,3.0
2261,8552,8695,3.0
2262,8553,8695,11.0
2263,8554,8695,6.0
2264,8555,8695,1.0
2265,8556,8695,2.0
2266,8557,8695,2.0
2267,8558,8695,1.0
2268,8692,8695,4.0
2269,8693,8695,6.0
2270,8694,8695,2.0
2271,8696,8695,16.0
2272,8697,8695,4.0
2273,8699,8695,1.0
2274,8830,8695,1.0
2275,8833,8695,4.0
2276,8834,8695,2.0
2277,8835,8695,6.0
2278,8836,8695,14.0
2279,8837,8695,10.0
2280,8838,8695,5.0
2281,8839,8695,3.0
2282,8840,8695,3.0
2283,8881,8695,1.0
2284,8963,8695,1.0
2285,8973,8695,1.0
2286,8978,8695,1.0
2287,8980,8695,2.0
2288,8981,8695,1.0
2289,8982,8695,2.0
2290,8984,8695,1.0
2291,9004,8695,1.0
2292,9091,8695,1.0
2293,9119,8695,2.0
2294,9122,8695,3.0
2295,9125,8695,5.0
2296,9129,8695,1.0
2297,9137,8695,1.0
2298,9383,8695,1.0
2299,9688,8695,2.0
2300,9853,8695,1.0
2301,10137,8695,2.0
2302,10281,8695,1.0
2303,10287,8695,1.0
2304,10419,8695,1.0
2305,10425,8695,1.0
2306,10936,8695,1.0
2307,10967,8695,1.0
2308,11568,8695,1.0
2309,12526,8695,1.0
2310,12557,8695,1.0
2311,12668,8695,1.0
2312,3600,4315,1.0
2313,3605,3607,1.0
2314,3605,8275,1.0
2315,4294,8275,1.0
2316,6846,8275,2.0
2317,7129,8275,1.0
2318,7159,8275,1.0
2319,7439,8275,1.0
2320,7991,8275,4.0
2321,8137,8275,2.0
2322,8273,8275,2.0
2323,8274,8275,1.0
2324,8278,8275,1.0
2325,8416,8275,2.0
2326,8419,8275,1.0
2327,8552,8275,1.0
2328,8553,8275,1.0
2329,8554,8275,2.0
2330,8558,8275,1.0
2331,8559,8275,1.0
2332,8696,8275,1.0
2333,8836,8275,2.0
2334,8984,8275,1.0
2335,9403,8275,1.0
2336,10000,8275,1.0
2337,10960,8275,2.0
2338,11285,8275,1.0
2339,3609,8149,1.0
2340,7438,8149,1.0
2341,7439,8149,1.0
2342,7582,8149,1.0
2343,8291,8149,1.0
2344,8720,8149,1.0
2345,9011,8149,1.0
2346,13440,8149,1.0
2347,3617,3335,1.0
2348,3622,9604,1.0
2349,6608,9604,1.0
2350,7034,9604,1.0
2351,7040,9604,1.0
2352,7606,9604,1.0
2353,7731,9604,1.0
2354,7743,9604,1.0
2355,8319,9604,1.0
2356,8455,9604,1.0
2357,8456,9604,1.0
2358,8601,9604,1.0
2359,9025,9604,1.0
2360,9029,9604,3.0
2361,9160,9604,1.0
2362,9161,9604,1.0
2363,9164,9604,1.0
2364,9174,9604,2.0
2365,9459,9604,1.0
2366,9591,9604,1.0
2367,9602,9604,1.0
2368,9605,9604,14.0
2369,9732,9604,1.0
2370,9740,9604,2.0
2371,9746,9604,2.0
2372,9747,9604,1.0
2373,9748,9604,3.0
2374,9860,9604,1.0
2375,9879,9604,1.0
2376,9880,9604,2.0
2377,9881,9604,3.0
2378,9887,9604,1.0
2379,9889,9604,1.0
2380,9893,9604,1.0
2381,9996,9604,1.0
2382,10017,9604,1.0
2383,10018,9604,1.0
2384,10024,9604,1.0
2385,10027,9604,1.0
2386,10036,9604,2.0
2387,10153,9604,1.0
2388,10164,9604,2.0
2389,10166,9604,2.0
2390,10168,9604,1.0
2391,10170,9604,1.0
2392,10279,9604,1.0
2393,10281,9604,1.0
2394,10297,9604,1.0
2395,10307,9604,1.0
2396,10419,9604,1.0
2397,10434,9604,1.0
2398,10456,9604,1.0
2399,10465,9604,1.0
2400,10580,9604,1.0
2401,10582,9604,1.0
2402,10584,9604,1.0
2403,10587,9604,1.0
2404,10598,9604,3.0
2405,10600,9604,1.0
2406,10605,9604,1.0
2407,10856,9604,1.0
2408,10871,9604,1.0
2409,10874,9604,1.0
2410,10881,9604,1.0
2411,10887,9604,3.0
2412,10891,9604,1.0
2413,10893,9604,2.0
2414,11013,9604,1.0
2415,11016,9604,1.0
2416,11017,9604,2.0
2417,11028,9604,1.0
2418,11029,9604,1.0
2419,11031,9604,1.0
2420,11035,9604,1.0
2421,11036,9604,1.0
2422,11150,9604,1.0
2423,11155,9604,1.0
2424,11164,9604,1.0
2425,11172,9604,1.0
2426,11174,9604,1.0
2427,11175,9604,1.0
2428,11277,9604,1.0
2429,11288,9604,1.0
2430,11312,9604,1.0
2431,11585,9604,1.0
2432,11599,9604,1.0
2433,11602,9604,1.0
2434,11869,9604,1.0
2435,12021,9604,1.0
2436,12288,9604,1.0
2437,12295,9604,1.0
2438,12430,9604,1.0
2439,12450,9604,1.0
2440,12454,9604,1.0
2441,12593,9604,2.0
2442,12999,9604,1.0
2443,13003,9604,1.0
2444,13835,9604,1.0
2445,14010,9604,1.0
2446,14706,9604,1.0
2447,15130,9604,1.0
2448,3873,5439,2.0
2449,3893,8142,2.0
2450,5967,8142,1.0
2451,6852,8142,1.0
2452,6989,8142,1.0
2453,7716,8142,1.0
2454,7999,8142,2.0
2455,8007,8142,1.0
2456,8128,8142,1.0
2457,8418,8142,1.0
2458,8565,8142,1.0
2459,10134,8142,2.0
2460,3901,6865,1.0
2461,7456,6865,1.0
2462,3901,8133,1.0
2463,6988,8133,1.0
2464,8128,8133,1.0
2465,8141,8133,1.0
2466,8275,8133,2.0
2467,8414,8133,1.0
2468,8416,8133,2.0
2469,8696,8133,1.0
2470,4040,5045,1.0
2471,5043,5045,1.0
2472,5328,5045,1.0
2473,5470,5045,1.0
2474,4042,7740,1.0
2475,7741,7740,1.0
2476,8024,7740,1.0
2477,8166,7740,3.0
2478,8450,7740,3.0
2479,8452,7740,1.0
2480,8594,7740,2.0
2481,9021,7740,1.0
2482,10852,7740,1.0
2483,4181,1617,1.0
2484,4181,4329,1.0
2485,4182,3894,1.0
2486,4182,10036,1.0
2487,7750,10036,1.0
2488,9604,10036,1.0
2489,9888,10036,1.0
2490,9893,10036,1.0
2491,10025,10036,1.0
2492,10029,10036,1.0
2493,10035,10036,1.0
2494,10296,10036,5.0
2495,10462,10036,2.0
2496,10888,10036,1.0
2497,10889,10036,1.0
2498,11028,10036,1.0
2499,11174,10036,1.0
2500,11309,10036,2.0
2501,11460,10036,2.0
2502,21125,10036,2.0
2503,4189,8597,1.0
2504,8028,8597,2.0
2505,8596,8597,2.0
2506,8739,8597,1.0
2507,4294,5572,1.0
2508,5576,5572,2.0
2509,5577,5572,1.0
2510,5719,5572,2.0
2511,4294,7993,1.0
2512,7718,7993,1.0
2513,7991,7993,1.0
2514,8127,7993,1.0
2515,8128,7993,2.0
2516,8136,7993,4.0
2517,8137,7993,2.0
2518,8268,7993,1.0
2519,8277,7993,4.0
2520,8278,7993,1.0
2521,8281,7993,1.0
2522,8283,7993,1.0
2523,8291,7993,1.0
2524,8566,7993,2.0
2525,8591,7993,2.0
2526,9099,7993,3.0
2527,9747,7993,1.0
2528,4321,4034,1.0
2529,4321,5893,1.0
2530,4891,5893,1.0
2531,5608,5893,1.0
2532,5751,5893,2.0
2533,5753,5893,1.0
2534,5892,5893,1.0
2535,6035,5893,1.0
2536,6750,5893,1.0
2537,6752,5893,2.0
2538,7179,5893,1.0
2539,4321,6038,1.0
2540,5470,6038,1.0
2541,7466,6038,1.0
2542,8168,6038,1.0
2543,10583,6038,1.0
2544,4325,4047,1.0
2545,4325,5617,3.0
2546,5758,5617,1.0
2547,4332,478,1.0
2548,6610,478,2.0
2549,4332,6610,2.0
2550,5470,6610,1.0
2551,5761,6610,2.0
2552,6183,6610,1.0
2553,6188,6610,1.0
2554,6325,6610,1.0
2555,6326,6610,6.0
2556,6327,6610,2.0
2557,6608,6610,1.0
2558,6609,6610,4.0
2559,6750,6610,2.0
2560,6752,6610,11.0
2561,6754,6610,3.0
2562,7037,6610,3.0
2563,7319,6610,1.0
2564,7322,6610,1.0
2565,7464,6610,1.0
2566,7598,6610,5.0
2567,7605,6610,2.0
2568,7606,6610,1.0
2569,8034,6610,2.0
2570,8311,6610,1.0
2571,9162,6610,1.0
2572,9731,6610,2.0
2573,9740,6610,1.0
2574,9888,6610,2.0
2575,10166,6610,1.0
2576,12262,6610,1.0
2577,4447,8830,2.0
2578,6846,8830,1.0
2579,6850,8830,1.0
2580,7427,8830,1.0
2581,8271,8830,1.0
2582,8280,8830,1.0
2583,8691,8830,1.0
2584,8692,8830,1.0
2585,8695,8830,1.0
2586,8811,8830,1.0
2587,8833,8830,1.0
2588,8963,8830,3.0
2589,8973,8830,2.0
2590,8981,8830,1.0
2591,9114,8830,2.0
2592,9540,8830,1.0
2593,9542,8830,1.0
2594,9680,8830,1.0
2595,9968,8830,1.0
2596,11096,8830,1.0
2597,11245,8830,1.0
2598,11252,8830,1.0
2599,11519,8830,1.0
2600,11662,8830,1.0
2601,11949,8830,1.0
2602,4459,5319,1.0
2603,4467,8720,1.0
2604,5470,8720,1.0
2605,6601,8720,1.0
2606,7572,8720,1.0
2607,8149,8720,1.0
2608,8281,8720,1.0
2609,9003,8720,1.0
2610,9028,8720,1.0
2611,10139,8720,1.0
2612,12280,8720,1.0
2613,4610,6035,1.0
2614,5316,6035,1.0
2615,5615,6035,2.0
2616,5751,6035,4.0
2617,5753,6035,1.0
2618,6171,6035,1.0
2619,6177,6035,1.0
2620,6324,6035,1.0
2621,6605,6035,1.0
2622,6739,6035,1.0
2623,6750,6035,1.0
2624,6754,6035,1.0
2625,7165,6035,1.0
2626,7608,6035,1.0
2627,7750,6035,1.0
2628,4720,7996,1.0
2629,6583,7996,1.0
2630,6845,7996,1.0
2631,6861,7996,2.0
2632,7998,7996,1.0
2633,7999,7996,1.0
2634,8126,7996,1.0
2635,8128,7996,1.0
2636,8137,7996,1.0
2637,8138,7996,2.0
2638,8277,7996,2.0
2639,8283,7996,4.0
2640,8551,7996,2.0
2641,8554,7996,1.0
2642,8694,7996,1.0
2643,9010,7996,1.0
2644,9959,7996,1.0
2645,11143,7996,1.0
2646,12716,7996,1.0
2647,4746,2754,1.0
2648,4746,5316,1.0
2649,5317,5316,4.0
2650,5459,5316,1.0
2651,6035,5316,1.0
2652,8457,5316,2.0
2653,4882,3482,1.0
2654,4885,7603,1.0
2655,5753,7603,1.0
2656,6609,7603,2.0
2657,7177,7603,1.0
2658,7179,7603,1.0
2659,7319,7603,1.0
2660,7458,7603,3.0
2661,7462,7603,2.0
2662,7463,7603,1.0
2663,7465,7603,1.0
2664,7582,7603,1.0
2665,7604,7603,3.0
2666,7745,7603,5.0
2667,7747,7603,2.0
2668,7749,7603,1.0
2669,7750,7603,1.0
2670,8024,7603,1.0
2671,8028,7603,1.0
2672,8033,7603,1.0
2673,8171,7603,1.0
2674,8594,7603,1.0
2675,12575,7603,1.0
2676,4902,5327,1.0
2677,5003,5569,2.0
2678,6857,5569,1.0
2679,5011,5576,1.0
2680,5433,5576,2.0
2681,5577,5576,8.0
2682,9852,5576,1.0
2683,5045,5043,1.0
2684,5309,5884,3.0
2685,6739,5884,4.0
2686,6877,5884,1.0
2687,7466,5884,1.0
2688,5315,5462,1.0
2689,5315,5463,1.0
2690,5316,7461,2.0
2691,5470,7461,1.0
2692,6320,7461,1.0
2693,6608,7461,3.0
2694,7311,7461,1.0
2695,7319,7461,3.0
2696,7458,7461,4.0
2697,7462,7461,4.0
2698,7463,7461,1.0
2699,7465,7461,2.0
2700,7594,7461,1.0
2701,7604,7461,2.0
2702,7605,7461,1.0
2703,7606,7461,3.0
2704,7722,7461,1.0
2705,7747,7461,2.0
2706,8034,7461,1.0
2707,8166,7461,1.0
2708,8168,7461,2.0
2709,8172,7461,1.0
2710,8314,7461,1.0
2711,8592,7461,1.0
2712,8595,7461,1.0
2713,9151,7461,2.0
2714,9451,7461,1.0
2715,10170,7461,1.0
2716,11857,7461,2.0
2717,12725,7461,1.0
2718,5317,2187,1.0
2719,5317,3457,1.0
2720,5317,5446,1.0
2721,5317,8580,1.0
2722,7723,8580,1.0
2723,9005,8580,1.0
2724,5319,8882,1.0
2725,6322,8882,1.0
2726,9164,8882,1.0
2727,9855,8882,1.0
2728,9998,8882,1.0
2729,5325,7750,1.0
2730,6035,7750,1.0
2731,7463,7750,1.0
2732,7465,7750,7.0
2733,7466,7750,2.0
2734,7604,7750,1.0
2735,7606,7750,1.0
2736,7607,7750,2.0
2737,7608,7750,4.0
2738,7748,7750,5.0
2739,7749,7750,7.0
2740,8034,7750,1.0
2741,8172,7750,1.0
2742,8174,7750,2.0
2743,8177,7750,1.0
2744,8309,7750,1.0
2745,8460,7750,1.0
2746,8461,7750,2.0
2747,9998,7750,1.0
2748,10036,7750,1.0
2749,10862,7750,1.0
2750,5327,11440,1.0
2751,8738,11440,1.0
2752,8744,11440,1.0
2753,9454,11440,1.0
2754,10297,11440,1.0
2755,10440,11440,1.0
2756,11014,11440,1.0
2757,11285,11440,1.0
2758,11434,11440,1.0
2759,11582,11440,2.0
2760,11728,11440,1.0
2761,11870,11440,1.0
2762,12291,11440,1.0
2763,12718,11440,1.0
2764,12719,11440,1.0
2765,12857,11440,1.0
2766,12860,11440,2.0
2767,13016,11440,1.0
2768,14262,11440,1.0
2769,14431,11440,1.0
2770,14580,11440,1.0
2771,5328,5611,1.0
2772,5470,5611,3.0
2773,5328,8873,1.0
2774,8590,8873,1.0
2775,8870,8873,1.0
2776,8871,8873,1.0
2777,9016,8873,1.0
2778,9018,8873,1.0
2779,9159,8873,1.0
2780,9585,8873,1.0
2781,9713,8873,1.0
2782,5433,9714,1.0
2783,6309,9714,1.0
2784,9713,9714,1.0
2785,9996,9714,1.0
2786,9999,9714,1.0
2787,10137,9714,1.0
2788,11698,9714,1.0
2789,12716,9714,1.0
2790,5436,7702,1.0
2791,11385,7702,1.0
2792,5436,8281,2.0
2793,6988,8281,1.0
2794,7714,8281,1.0
2795,7983,8281,2.0
2796,7997,8281,5.0
2797,7999,8281,2.0
2798,8000,8281,1.0
2799,8131,8281,1.0
2800,8134,8281,1.0
2801,8137,8281,2.0
2802,8138,8281,3.0
2803,8139,8281,4.0
2804,8268,8281,2.0
2805,8270,8281,1.0
2806,8272,8281,2.0
2807,8276,8281,4.0
2808,8278,8281,2.0
2809,8279,8281,1.0
2810,8283,8281,3.0
2811,8285,8281,1.0
2812,8424,8281,2.0
2813,8551,8281,1.0
2814,8567,8281,1.0
2815,8692,8281,1.0
2816,8696,8281,1.0
2817,8979,8281,1.0
2818,5459,2621,1.0
2819,5459,7305,1.0
2820,7297,7305,2.0
2821,7729,7305,1.0
2822,10004,7305,1.0
2823,5459,7457,1.0
2824,7037,7457,1.0
2825,7173,7457,1.0
2826,7310,7457,1.0
2827,7458,7457,1.0
2828,7459,7457,1.0
2829,7460,7457,1.0
2830,7462,7457,1.0
2831,7464,7457,1.0
2832,7582,7457,1.0
2833,7603,7457,1.0
2834,7604,7457,1.0
2835,7605,7457,2.0
2836,7606,7457,4.0
2837,7750,7457,1.0
2838,8024,7457,1.0
2839,8316,7457,1.0
2840,8453,7457,4.0
2841,8598,7457,1.0
2842,8859,7457,1.0
2843,8880,7457,1.0
2844,9600,7457,1.0
2845,9604,7457,1.0
2846,9605,7457,1.0
2847,9888,7457,1.0
2848,10447,7457,1.0
2849,10600,7457,1.0
2850,13998,7457,1.0
2851,5459,8445,1.0
2852,5469,7313,1.0
2853,6177,7313,2.0
2854,7309,7313,1.0
2855,7459,7313,2.0
2856,7466,7313,1.0
2857,8024,7313,1.0
2858,8025,7313,1.0
2859,8162,7313,1.0
2860,9016,7313,1.0
2861,9453,7313,1.0
2862,5470,5615,2.0
2863,6035,5615,2.0
2864,8166,5615,1.0
2865,9866,5615,1.0
2866,5470,5753,1.0
2867,5892,5753,2.0
2868,5893,5753,1.0
2869,6035,5753,1.0
2870,6608,5753,1.0
2871,6750,5753,1.0
2872,6878,5753,1.0
2873,7037,5753,2.0
2874,7603,5753,1.0
2875,8447,5753,1.0
2876,9447,5753,1.0
2877,9605,5753,2.0
2878,5470,6325,1.0
2879,6322,6325,1.0
2880,6606,6325,1.0
2881,6608,6325,1.0
2882,6609,6325,3.0
2883,6610,6325,3.0
2884,6751,6325,1.0
2885,6754,6325,3.0
2886,7165,6325,1.0
2887,7179,6325,1.0
2888,7460,6325,2.0
2889,10887,6325,1.0
2890,5470,6745,1.0
2891,5470,8166,1.0
2892,5615,8166,1.0
2893,5893,8166,1.0
2894,7432,8166,1.0
2895,7461,8166,1.0
2896,7463,8166,1.0
2897,7582,8166,1.0
2898,7740,8166,4.0
2899,8163,8166,1.0
2900,8167,8166,1.0
2901,8170,8166,2.0
2902,8307,8166,1.0
2903,8309,8166,2.0
2904,8312,8166,1.0
2905,8447,8166,1.0
2906,8450,8166,4.0
2907,8452,8166,2.0
2908,8592,8166,2.0
2909,8594,8166,1.0
2910,8734,8166,1.0
2911,8741,8166,1.0
2912,9009,8166,1.0
2913,9019,8166,1.0
2914,10012,8166,1.0
2915,10444,8166,1.0
2916,5473,6040,1.0
2917,6039,6040,2.0
2918,6608,6040,4.0
2919,8452,6040,1.0
2920,5473,6172,1.0
2921,6169,6172,1.0
2922,5473,6182,4.0
2923,5898,6182,2.0
2924,9592,6182,1.0
2925,5569,5003,2.0
2926,5569,6857,1.0
2927,6717,6857,1.0
2928,7991,6857,1.0
2929,8010,6857,1.0
2930,8133,6857,1.0
2931,8414,6857,2.0
2932,5575,5291,1.0
2933,5577,5291,1.0
2934,5576,5578,1.0
2935,5577,5578,1.0
2936,7565,5578,1.0
2937,8133,5578,1.0
2938,8269,5578,1.0
2939,8417,5578,1.0
2940,5576,7987,1.0
2941,7135,7987,2.0
2942,7716,7987,1.0
2943,7734,7987,1.0
2944,7998,7987,1.0
2945,8128,7987,2.0
2946,8271,7987,1.0
2947,8409,7987,2.0
2948,8415,7987,1.0
2949,8421,7987,1.0
2950,8695,7987,1.0
2951,8836,7987,1.0
2952,8976,7987,1.0
2953,8984,7987,1.0
2954,9005,7987,1.0
2955,10102,7987,1.0
2956,13793,7987,1.0
2957,5576,8419,1.0
2958,7995,8419,1.0
2959,8138,8419,4.0
2960,8278,8419,2.0
2961,8412,8419,1.0
2962,8697,8419,1.0
2963,8732,8419,2.0
2964,9451,8419,1.0
2965,9535,8419,1.0
2966,9678,8419,2.0
2967,14375,8419,1.0
2968,5577,603,1.0
2969,5577,4720,1.0
2970,5717,4720,2.0
2971,7996,4720,1.0
2972,5577,4869,1.0
2973,5577,5575,1.0
2974,5577,7565,1.0
2975,6989,7565,1.0
2976,7422,7565,1.0
2977,7991,7565,1.0
2978,8125,7565,1.0
2979,8128,7565,2.0
2980,8133,7565,1.0
2981,8268,7565,2.0
2982,8282,7565,1.0
2983,8416,7565,1.0
2984,8422,7565,2.0
2985,9019,7565,1.0
2986,5577,7716,1.0
2987,7432,7716,3.0
2988,7439,7716,1.0
2989,7576,7716,2.0
2990,7718,7716,1.0
2991,7985,7716,1.0
2992,7987,7716,1.0
2993,7991,7716,2.0
2994,7995,7716,1.0
2995,8128,7716,2.0
2996,8135,7716,1.0
2997,8137,7716,1.0
2998,8138,7716,1.0
2999,8139,7716,1.0
3000,8142,7716,1.0
3001,8284,7716,1.0
3002,8567,7716,1.0
3003,8695,7716,1.0
3004,9592,7716,1.0
3005,11566,7716,1.0
3006,5577,7991,1.0
3007,5870,7991,1.0
3008,6705,7991,1.0
3009,6845,7991,1.0
3010,6865,7991,1.0
3011,6988,7991,1.0
3012,7273,7991,1.0
3013,7278,7991,3.0
3014,7555,7991,3.0
3015,7988,7991,1.0
3016,7993,7991,4.0
3017,7999,7991,1.0
3018,8125,7991,1.0
3019,8128,7991,2.0
3020,8133,7991,2.0
3021,8137,7991,3.0
3022,8141,7991,2.0
3023,8240,7991,1.0
3024,8269,7991,2.0
3025,8270,7991,1.0
3026,8271,7991,1.0
3027,8273,7991,2.0
3028,8275,7991,2.0
3029,8277,7991,1.0
3030,8278,7991,1.0
3031,8279,7991,1.0
3032,8281,7991,1.0
3033,8415,7991,1.0
3034,8551,7991,1.0
3035,8554,7991,1.0
3036,8565,7991,2.0
3037,8698,7991,1.0
3038,8843,7991,2.0
3039,9125,7991,1.0
3040,12528,7991,1.0
3041,5577,8127,1.0
3042,6989,8127,1.0
3043,7130,8127,1.0
3044,7988,8127,1.0
3045,7991,8127,2.0
3046,7996,8127,1.0
3047,8126,8127,1.0
3048,8128,8127,6.0
3049,8269,8127,2.0
3050,8273,8127,1.0
3051,8275,8127,1.0
3052,8277,8127,1.0
3053,8409,8127,1.0
3054,8551,8127,1.0
3055,8553,8127,2.0
3056,8554,8127,1.0
3057,8555,8127,1.0
3058,8556,8127,2.0
3059,8695,8127,1.0
3060,8696,8127,1.0
3061,8837,8127,1.0
3062,8973,8127,1.0
3063,9006,8127,1.0
3064,9680,8127,1.0
3065,5577,8551,2.0
3066,6565,8551,1.0
3067,6683,8551,1.0
3068,6988,8551,2.0
3069,6989,8551,1.0
3070,7437,8551,1.0
3071,7560,8551,1.0
3072,7983,8551,1.0
3073,7986,8551,2.0
3074,7996,8551,2.0
3075,8126,8551,3.0
3076,8128,8551,2.0
3077,8129,8551,1.0
3078,8131,8551,1.0
3079,8267,8551,1.0
3080,8268,8551,1.0
3081,8269,8551,2.0
3082,8275,8551,1.0
3083,8409,8551,3.0
3084,8410,8551,2.0
3085,8412,8551,2.0
3086,8414,8551,1.0
3087,8415,8551,1.0
3088,8552,8551,1.0
3089,8553,8551,1.0
3090,8554,8551,1.0
3091,8691,8551,1.0
3092,8692,8551,6.0
3093,8693,8551,4.0
3094,8694,8551,6.0
3095,8695,8551,7.0
3096,8696,8551,3.0
3097,8700,8551,2.0
3098,8829,8551,1.0
3099,8833,8551,1.0
3100,8835,8551,3.0
3101,8838,8551,1.0
3102,8839,8551,2.0
3103,8840,8551,2.0
3104,8969,8551,1.0
3105,8980,8551,1.0
3106,8982,8551,4.0
3107,8984,8551,1.0
3108,9090,8551,1.0
3109,9127,8551,1.0
3110,9382,8551,1.0
3111,9414,8551,1.0
3112,9802,8551,2.0
3113,11393,8551,1.0
3114,11521,8551,1.0
3115,11983,8551,1.0
3116,12244,8551,1.0
3117,5578,8269,1.0
3118,6845,8269,2.0
3119,7416,8269,1.0
3120,7985,8269,1.0
3121,7991,8269,2.0
3122,8125,8269,1.0
3123,8126,8269,2.0
3124,8127,8269,3.0
3125,8128,8269,2.0
3126,8268,8269,4.0
3127,8270,8269,1.0
3128,8271,8269,1.0
3129,8273,8269,3.0
3130,8409,8269,1.0
3131,8411,8269,2.0
3132,8412,8269,1.0
3133,8555,8269,2.0
3134,8692,8269,1.0
3135,8695,8269,1.0
3136,8696,8269,1.0
3137,8739,8269,1.0
3138,8833,8269,2.0
3139,8980,8269,1.0
3140,9124,8269,1.0
3141,12526,8269,1.0
3142,13655,8269,2.0
3143,5578,8694,1.0
3144,6565,8694,1.0
3145,7434,8694,1.0
3146,7437,8694,1.0
3147,7584,8694,1.0
3148,7989,8694,1.0
3149,8127,8694,1.0
3150,8128,8694,2.0
3151,8132,8694,1.0
3152,8137,8694,6.0
3153,8268,8694,4.0
3154,8270,8694,1.0
3155,8271,8694,1.0
3156,8409,8694,1.0
3157,8412,8694,1.0
3158,8415,8694,1.0
3159,8417,8694,1.0
3160,8551,8694,3.0
3161,8552,8694,1.0
3162,8692,8694,1.0
3163,8693,8694,2.0
3164,8695,8694,3.0
3165,8696,8694,4.0
3166,8826,8694,2.0
3167,8833,8694,3.0
3168,8835,8694,1.0
3169,8836,8694,1.0
3170,8839,8694,5.0
3171,8840,8694,1.0
3172,8879,8694,1.0
3173,8976,8694,3.0
3174,8982,8694,3.0
3175,9402,8694,1.0
3176,11663,8694,3.0
3177,5611,6609,1.0
3178,6035,6609,1.0
3179,6040,6609,1.0
3180,6183,6609,1.0
3181,6325,6609,4.0
3182,6326,6609,5.0
3183,6606,6609,1.0
3184,6608,6609,3.0
3185,6610,6609,3.0
3186,6750,6609,1.0
3187,6752,6609,5.0
3188,6756,6609,1.0
3189,6893,6609,1.0
3190,6894,6609,1.0
3191,6895,6609,1.0
3192,7037,6609,1.0
3193,7458,6609,1.0
3194,7460,6609,1.0
3195,7462,6609,1.0
3196,7463,6609,1.0
3197,7603,6609,2.0
3198,7606,6609,1.0
3199,7748,6609,1.0
3200,8031,6609,1.0
3201,8170,6609,1.0
3202,8589,6609,1.0
3203,12298,6609,1.0
3204,5611,7594,1.0
3205,7455,7594,1.0
3206,8028,7594,1.0
3207,9869,7594,1.0
3208,10160,7594,1.0
3209,5614,5898,1.0
3210,6182,5898,2.0
3211,6183,5898,1.0
3212,7318,5898,1.0
3213,5615,8600,1.0
3214,7607,8600,1.0
3215,7747,8600,1.0
3216,8029,8600,2.0
3217,8449,8600,1.0
3218,8460,8600,1.0
3219,8598,8600,1.0
3220,8601,8600,1.0
3221,8603,8600,1.0
3222,8741,8600,1.0
3223,8881,8600,1.0
3224,5615,9160,1.0
3225,6327,9160,1.0
3226,8170,9160,1.0
3227,8453,9160,1.0
3228,8593,9160,1.0
3229,8734,9160,1.0
3230,8736,9160,1.0
3231,8876,9160,2.0
3232,8881,9160,1.0
3233,9017,9160,2.0
3234,9018,9160,3.0
3235,9019,9160,2.0
3236,9021,9160,1.0
3237,9154,9160,1.0
3238,9157,9160,1.0
3239,9158,9160,1.0
3240,9161,9160,1.0
3241,9162,9160,1.0
3242,9163,9160,1.0
3243,9164,9160,1.0
3244,9167,9160,1.0
3245,9444,9160,2.0
3246,9445,9160,5.0
3247,9448,9160,2.0
3248,9452,9160,1.0
3249,9457,9160,2.0
3250,9584,9160,3.0
3251,9586,9160,2.0
3252,9587,9160,3.0
3253,9588,9160,1.0
3254,9589,9160,2.0
3255,9592,9160,3.0
3256,9594,9160,1.0
3257,9604,9160,1.0
3258,9719,9160,1.0
3259,9870,9160,2.0
3260,9893,9160,1.0
3261,10012,9160,1.0
3262,10154,9160,1.0
3263,12703,9160,1.0
3264,12851,9160,1.0
3265,14689,9160,1.0
3266,5617,5758,1.0
3267,5892,5758,1.0
3268,9712,5758,1.0
3269,5617,5759,1.0
3270,6608,5759,1.0
3271,9999,5759,1.0
3272,5617,5900,1.0
3273,5897,5900,1.0
3274,5617,9018,1.0
3275,6607,9018,1.0
3276,7437,9018,1.0
3277,8593,9018,2.0
3278,8594,9018,1.0
3279,8721,9018,1.0
3280,8733,9018,2.0
3281,8738,9018,1.0
3282,8875,9018,4.0
3283,8876,9018,3.0
3284,9016,9018,1.0
3285,9019,9018,2.0
3286,9020,9018,3.0
3287,9152,9018,2.0
3288,9158,9018,2.0
3289,9160,9018,2.0
3290,9161,9018,2.0
3291,9163,9018,1.0
3292,9432,9018,1.0
3293,9443,9018,1.0
3294,9584,9018,1.0
3295,9586,9018,3.0
3296,9589,9018,1.0
3297,9605,9018,1.0
3298,9732,9018,1.0
3299,9733,9018,1.0
3300,10012,9018,3.0
3301,10439,9018,1.0
3302,10853,9018,1.0
3303,10854,9018,1.0
3304,10990,9018,1.0
3305,11012,9018,1.0
3306,11148,9018,2.0
3307,11164,9018,1.0
3308,11580,9018,1.0
3309,12705,9018,1.0
3310,12711,9018,1.0
3311,14490,9018,1.0
3312,14545,9018,1.0
3313,5705,5851,1.0
3314,6571,5851,1.0
3315,6988,5851,1.0
3316,5705,5993,3.0
3317,5718,7278,1.0
3318,6982,7278,1.0
3319,8127,7278,2.0
3320,8130,7278,1.0
3321,8273,7278,3.0
3322,8423,7278,1.0
3323,5718,7433,1.0
3324,8426,7433,1.0
3325,8726,7433,1.0
3326,9568,7433,1.0
3327,5718,14697,1.0
3328,11017,14697,2.0
3329,11036,14697,1.0
3330,12441,14697,1.0
3331,14698,14697,1.0
3332,14982,14697,2.0
3333,15126,14697,1.0
3334,15292,14697,1.0
3335,15966,14697,1.0
3336,18452,14697,1.0
3337,5719,5856,3.0
3338,8139,5856,2.0
3339,8277,5856,1.0
3340,5719,8693,1.0
3341,7110,8693,1.0
3342,7991,8693,1.0
3343,7998,8693,1.0
3344,8128,8693,1.0
3345,8268,8693,2.0
3346,8269,8693,1.0
3347,8407,8693,2.0
3348,8409,8693,3.0
3349,8410,8693,1.0
3350,8412,8693,1.0
3351,8416,8693,1.0
3352,8551,8693,3.0
3353,8552,8693,2.0
3354,8553,8693,1.0
3355,8692,8693,2.0
3356,8694,8693,2.0
3357,8695,8693,8.0
3358,8829,8693,1.0
3359,8833,8693,1.0
3360,8835,8693,4.0
3361,8836,8693,1.0
3362,8839,8693,1.0
3363,8976,8693,1.0
3364,9099,8693,1.0
3365,9381,8693,1.0
3366,9536,8693,1.0
3367,10029,8693,1.0
3368,10248,8693,3.0
3369,10293,8693,1.0
3370,5730,8138,1.0
3371,6283,8138,1.0
3372,6847,8138,1.0
3373,6988,8138,2.0
3374,6989,8138,1.0
3375,7131,8138,1.0
3376,7283,8138,1.0
3377,7322,8138,1.0
3378,7571,8138,1.0
3379,7572,8138,2.0
3380,7580,8138,1.0
3381,7713,8138,1.0
3382,7714,8138,1.0
3383,7716,8138,1.0
3384,7987,8138,1.0
3385,7995,8138,1.0
3386,7996,8138,3.0
3387,7997,8138,1.0
3388,8020,8138,1.0
3389,8136,8138,1.0
3390,8137,8138,4.0
3391,8139,8138,8.0
3392,8140,8138,1.0
3393,8277,8138,2.0
3394,8278,8138,3.0
3395,8279,8138,4.0
3396,8281,8138,4.0
3397,8286,8138,1.0
3398,8414,8138,2.0
3399,8416,8138,2.0
3400,8419,8138,3.0
3401,8558,8138,1.0
3402,8566,8138,1.0
3403,8695,8138,1.0
3404,8696,8138,1.0
3405,8830,8138,1.0
3406,8833,8138,1.0
3407,8839,8138,1.0
3408,8843,8138,1.0
3409,9126,8138,1.0
3410,9583,8138,1.0
3411,14286,8138,1.0
3412,5745,12858,1.0
3413,10596,12858,1.0
3414,11580,12858,1.0
3415,12289,12858,1.0
3416,12293,12858,1.0
3417,12446,12858,1.0
3418,12567,12858,1.0
3419,12576,12858,1.0
3420,12688,12858,1.0
3421,12714,12858,1.0
3422,12716,12858,1.0
3423,12718,12858,1.0
3424,12848,12858,1.0
3425,12855,12858,1.0
3426,12857,12858,4.0
3427,12863,12858,1.0
3428,12997,12858,1.0
3429,12999,12858,5.0
3430,13001,12858,1.0
3431,13133,12858,1.0
3432,13143,12858,1.0
3433,14546,12858,1.0
3434,15255,12858,2.0
3435,15683,12858,1.0
3436,5745,13428,1.0
3437,10170,13428,1.0
3438,13148,13428,1.0
3439,13714,13428,1.0
3440,13856,13428,3.0
3441,13986,13428,1.0
3442,13997,13428,1.0
3443,5751,5750,1.0
3444,6605,5750,1.0
3445,5751,6750,1.0
3446,5892,6750,1.0
3447,5893,6750,1.0
3448,6327,6750,2.0
3449,6606,6750,4.0
3450,6609,6750,2.0
3451,6610,6750,2.0
3452,6752,6750,1.0
3453,6754,6750,1.0
3454,7034,6750,2.0
3455,7037,6750,1.0
3456,7747,6750,1.0
3457,8881,6750,1.0
3458,9163,6750,1.0
3459,9605,6750,1.0
3460,9888,6750,1.0
3461,10149,6750,1.0
3462,5751,7460,2.0
3463,6609,7460,1.0
3464,7037,7460,2.0
3465,7322,7460,1.0
3466,7456,7460,2.0
3467,7458,7460,3.0
3468,7463,7460,2.0
3469,7466,7460,1.0
3470,7604,7460,1.0
3471,7606,7460,3.0
3472,7736,7460,1.0
3473,7747,7460,1.0
3474,8168,7460,1.0
3475,8172,7460,2.0
3476,8744,7460,1.0
3477,9028,7460,1.0
3478,9581,7460,1.0
3479,11007,7460,1.0
3480,5751,9866,1.0
3481,8733,9866,5.0
3482,9160,9866,1.0
3483,9164,9866,1.0
3484,9588,9866,1.0
3485,9719,9866,3.0
3486,9867,9866,2.0
3487,9868,9866,1.0
3488,10029,9866,1.0
3489,10149,9866,1.0
3490,10151,9866,1.0
3491,10288,9866,1.0
3492,10289,9866,1.0
3493,10291,9866,1.0
3494,11019,9866,1.0
3495,5751,10150,1.0
3496,8447,10150,1.0
3497,10009,10150,1.0
3498,10149,10150,2.0
3499,10151,10150,1.0
3500,10152,10150,1.0
3501,10567,10150,2.0
3502,5751,12421,1.0
3503,7708,12421,1.0
3504,8268,12421,1.0
3505,9003,12421,1.0
3506,10287,12421,1.0
3507,10994,12421,1.0
3508,11139,12421,1.0
3509,11736,12421,1.0
3510,12273,12421,1.0
3511,12419,12421,1.0
3512,12563,12421,2.0
3513,12705,12421,1.0
3514,12707,12421,1.0
3515,13389,12421,1.0
3516,13707,12421,1.0
3517,14531,12421,2.0
3518,5751,12716,1.0
3519,7996,12716,1.0
3520,8451,12716,1.0
3521,9714,12716,1.0
3522,9746,12716,1.0
3523,10879,12716,1.0
3524,11010,12716,1.0
3525,11446,12716,1.0
3526,11861,12716,1.0
3527,11864,12716,1.0
3528,12011,12716,3.0
3529,12446,12716,1.0
3530,12572,12716,3.0
3531,12573,12716,1.0
3532,12574,12716,5.0
3533,12575,12716,4.0
3534,12711,12716,2.0
3535,12715,12716,1.0
3536,12851,12716,1.0
3537,12858,12716,1.0
3538,12859,12716,1.0
3539,12861,12716,1.0
3540,12880,12716,1.0
3541,12996,12716,1.0
3542,13003,12716,1.0
3543,13140,12716,1.0
3544,13143,12716,1.0
3545,13146,12716,2.0
3546,13299,12716,1.0
3547,13422,12716,1.0
3548,13716,12716,1.0
3549,15680,12716,1.0
3550,18855,12716,1.0
3551,5752,5751,1.0
3552,6035,5751,1.0
3553,6177,5751,1.0
3554,6327,5751,1.0
3555,6750,5751,1.0
3556,7460,5751,1.0
3557,9861,5751,1.0
3558,9866,5751,1.0
3559,11280,5751,1.0
3560,12421,5751,1.0
3561,12716,5751,1.0
3562,5752,5892,2.0
3563,5753,5892,3.0
3564,5893,5892,1.0
3565,6038,5892,1.0
3566,8873,5892,1.0
3567,9018,5892,1.0
3568,5752,5897,1.0
3569,6183,5897,1.0
3570,6611,5897,1.0
3571,7010,5897,1.0
3572,8170,5897,1.0
3573,8583,5897,1.0
3574,8601,5897,1.0
3575,9444,5897,1.0
3576,12861,5897,1.0
3577,5752,8456,1.0
3578,5754,8456,1.0
3579,6608,8456,1.0
3580,7318,8456,1.0
3581,7461,8456,2.0
3582,7466,8456,1.0
3583,7604,8456,1.0
3584,7734,8456,1.0
3585,7749,8456,1.0
3586,8024,8456,1.0
3587,8031,8456,1.0
3588,8171,8456,1.0
3589,8172,8456,2.0
3590,8313,8456,1.0
3591,8314,8456,1.0
3592,8316,8456,1.0
3593,8317,8456,1.0
3594,8447,8456,1.0
3595,8454,8456,1.0
3596,8455,8456,1.0
3597,8457,8456,2.0
3598,8459,8456,1.0
3599,8598,8456,8.0
3600,8599,8456,1.0
3601,8600,8456,1.0
3602,8601,8456,1.0
3603,8604,8456,1.0
3604,8739,8456,1.0
3605,8741,8456,2.0
3606,8742,8456,1.0
3607,9164,8456,1.0
3608,9458,8456,1.0
3609,9594,8456,1.0
3610,9604,8456,1.0
3611,9724,8456,1.0
3612,9731,8456,1.0
3613,11293,8456,1.0
3614,11876,8456,1.0
3615,12001,8456,1.0
3616,12999,8456,1.0
3617,5753,6608,1.0
3618,6035,6608,1.0
3619,6040,6608,1.0
3620,6041,6608,1.0
3621,6042,6608,2.0
3622,6180,6608,1.0
3623,6183,6608,1.0
3624,6188,6608,1.0
3625,6324,6608,3.0
3626,6325,6608,1.0
3627,6607,6608,1.0
3628,6609,6608,1.0
3629,6610,6608,3.0
3630,6611,6608,2.0
3631,6615,6608,1.0
3632,6750,6608,1.0
3633,6751,6608,2.0
3634,6752,6608,1.0
3635,6753,6608,1.0
3636,6756,6608,3.0
3637,7036,6608,1.0
3638,7165,6608,1.0
3639,7177,6608,2.0
3640,7316,6608,1.0
3641,7460,6608,2.0
3642,7461,6608,1.0
3643,7462,6608,1.0
3644,7463,6608,1.0
3645,7466,6608,1.0
3646,8028,6608,1.0
3647,8174,6608,1.0
3648,8175,6608,1.0
3649,8320,6608,1.0
3650,8456,6608,2.0
3651,8457,6608,1.0
3652,9604,6608,1.0
3653,10172,6608,1.0
3654,5753,6878,1.0
3655,5753,8447,1.0
3656,7153,8447,2.0
3657,7456,8447,1.0
3658,7458,8447,1.0
3659,7715,8447,2.0
3660,7723,8447,1.0
3661,8007,8447,2.0
3662,8157,8447,1.0
3663,8302,8447,1.0
3664,8307,8447,1.0
3665,8448,8447,1.0
3666,8451,8447,1.0
3667,8453,8447,1.0
3668,8456,8447,1.0
3669,8592,8447,1.0
3670,8880,8447,1.0
3671,9013,8447,1.0
3672,9145,8447,6.0
3673,9582,8447,2.0
3674,9583,8447,1.0
3675,9733,8447,1.0
3676,10009,8447,1.0
3677,10150,8447,1.0
3678,5753,9017,1.0
3679,6283,9017,1.0
3680,6608,9017,1.0
3681,6756,9017,1.0
3682,7606,9017,1.0
3683,8299,9017,1.0
3684,8724,9017,1.0
3685,8733,9017,2.0
3686,8867,9017,1.0
3687,8876,9017,1.0
3688,8888,9017,1.0
3689,9012,9017,1.0
3690,9014,9017,1.0
3691,9018,9017,1.0
3692,9019,9017,1.0
3693,9151,9017,1.0
3694,9161,9017,2.0
3695,9162,9017,1.0
3696,9165,9017,2.0
3697,9583,9017,1.0
3698,9584,9017,3.0
3699,9586,9017,1.0
3700,9597,9017,1.0
3701,9731,9017,1.0
3702,10441,9017,4.0
3703,13291,9017,1.0
3704,13729,9017,1.0
3705,14937,9017,1.0
3706,5753,9447,1.0
3707,8032,9447,1.0
3708,9020,9447,1.0
3709,9441,9447,1.0
3710,9450,9447,1.0
3711,9590,9447,1.0
3712,10017,9447,1.0
3713,10029,9447,1.0
3714,10161,9447,2.0
3715,10169,9447,1.0
3716,10433,9447,1.0
3717,11580,9447,1.0
3718,12556,9447,1.0
3719,5753,9605,2.0
3720,6752,9605,2.0
3721,7037,9605,1.0
3722,7457,9605,2.0
3723,7574,9605,2.0
3724,8312,9605,1.0
3725,8316,9605,1.0
3726,8317,9605,1.0
3727,8596,9605,1.0
3728,8867,9605,1.0
3729,8871,9605,2.0
3730,9003,9605,1.0
3731,9018,9605,1.0
3732,9020,9605,1.0
3733,9031,9605,1.0
3734,9125,9605,2.0
3735,9154,9605,1.0
3736,9157,9605,1.0
3737,9160,9605,1.0
3738,9171,9605,1.0
3739,9172,9605,2.0
3740,9174,9605,2.0
3741,9441,9605,1.0
3742,9461,9605,1.0
3743,9462,9605,1.0
3744,9586,9605,1.0
3745,9589,9605,1.0
3746,9590,9605,1.0
3747,9592,9605,1.0
3748,9599,9605,2.0
3749,9603,9605,2.0
3750,9604,9605,11.0
3751,9606,9605,2.0
3752,9719,9605,1.0
3753,9725,9605,1.0
3754,9733,9605,1.0
3755,9742,9605,4.0
3756,9745,9605,1.0
3757,9746,9605,2.0
3758,9747,9605,3.0
3759,9748,9605,2.0
3760,9860,9605,1.0
3761,9861,9605,2.0
3762,9878,9605,1.0
3763,9884,9605,1.0
3764,9886,9605,1.0
3765,10025,9605,1.0
3766,10029,9605,1.0
3767,10036,9605,1.0
3768,10154,9605,2.0
3769,10158,9605,2.0
3770,10167,9605,1.0
3771,10168,9605,1.0
3772,10170,9605,2.0
3773,10279,9605,1.0
3774,10280,9605,1.0
3775,10291,9605,1.0
3776,10305,9605,1.0
3777,10307,9605,1.0
3778,10312,9605,1.0
3779,10430,9605,1.0
3780,10443,9605,2.0
3781,10444,9605,1.0
3782,10445,9605,1.0
3783,10465,9605,1.0
3784,10467,9605,2.0
3785,10469,9605,1.0
3786,10569,9605,2.0
3787,10587,9605,1.0
3788,10598,9605,1.0
3789,10607,9605,1.0
3790,10608,9605,1.0
3791,10872,9605,1.0
3792,10876,9605,1.0
3793,10878,9605,2.0
3794,10887,9605,1.0
3795,10889,9605,1.0
3796,11006,9605,1.0
3797,11020,9605,1.0
3798,11022,9605,1.0
3799,11030,9605,1.0
3800,11033,9605,1.0
3801,11035,9605,2.0
3802,11154,9605,1.0
3803,11155,9605,1.0
3804,11157,9605,1.0
3805,11159,9605,1.0
3806,11162,9605,1.0
3807,11165,9605,1.0
3808,11173,9605,1.0
3809,11175,9605,1.0
3810,11178,9605,1.0
3811,11293,9605,1.0
3812,11298,9605,1.0
3813,11302,9605,1.0
3814,11307,9605,1.0
3815,11418,9605,1.0
3816,11462,9605,1.0
3817,11560,9605,1.0
3818,11583,9605,1.0
3819,11586,9605,1.0
3820,11741,9605,1.0
3821,11743,9605,1.0
3822,11865,9605,1.0
3823,11866,9605,2.0
3824,11883,9605,1.0
3825,12004,9605,1.0
3826,12276,9605,1.0
3827,12568,9605,1.0
3828,12576,9605,1.0
3829,12723,9605,1.0
3830,12741,9605,1.0
3831,12839,9605,1.0
3832,12853,9605,1.0
3833,12857,9605,1.0
3834,12873,9605,1.0
3835,12977,9605,1.0
3836,13007,9605,1.0
3837,13133,9605,1.0
3838,13159,9605,1.0
3839,13271,9605,1.0
3840,13289,9605,1.0
3841,13428,9605,1.0
3842,13436,9605,2.0
3843,13437,9605,1.0
3844,13682,9605,1.0
3845,13709,9605,1.0
3846,14143,9605,1.0
3847,14252,9605,1.0
3848,14549,9605,1.0
3849,14565,9605,1.0
3850,14578,9605,1.0
3851,14580,9605,1.0
3852,15680,9605,1.0
3853,15709,9605,1.0
3854,5758,6606,1.0
3855,5759,6606,1.0
3856,5900,6606,1.0
3857,6179,6606,1.0
3858,6325,6606,2.0
3859,6605,6606,2.0
3860,6609,6606,2.0
3861,6747,6606,4.0
3862,6750,6606,3.0
3863,7318,6606,1.0
3864,8028,6606,1.0
3865,9746,6606,1.0
3866,5758,9712,1.0
3867,6895,9712,1.0
3868,8139,9712,1.0
3869,8583,9712,1.0
3870,8691,9712,1.0
3871,8859,9712,3.0
3872,8878,9712,1.0
3873,9154,9712,1.0
3874,9426,9712,1.0
3875,9429,9712,4.0
3876,9569,9712,1.0
3877,9604,9712,1.0
3878,9710,9712,1.0
3879,9711,9712,3.0
3880,9719,9712,2.0
3881,9853,9712,1.0
3882,9854,9712,1.0
3883,9855,9712,2.0
3884,9996,9712,3.0
3885,9997,9712,1.0
3886,9998,9712,5.0
3887,10137,9712,1.0
3888,10139,9712,1.0
3889,10143,9712,2.0
3890,10175,9712,2.0
3891,10423,9712,1.0
3892,10569,9712,1.0
3893,11286,9712,1.0
3894,12277,9712,1.0
3895,5759,10138,1.0
3896,7463,10138,2.0
3897,8151,10138,1.0
3898,8558,10138,1.0
3899,9001,10138,1.0
3900,9175,10138,1.0
3901,9426,10138,1.0
3902,9427,10138,1.0
3903,9429,10138,1.0
3904,9571,10138,1.0
3905,9605,10138,1.0
3906,9709,10138,1.0
3907,9711,10138,1.0
3908,9712,10138,1.0
3909,9718,10138,1.0
3910,9738,10138,1.0
3911,9849,10138,1.0
3912,9850,10138,1.0
3913,9852,10138,1.0
3914,9854,10138,3.0
3915,9856,10138,1.0
3916,9888,10138,1.0
3917,9992,10138,2.0
3918,9993,10138,3.0
3919,9994,10138,2.0
3920,9995,10138,2.0
3921,9996,10138,4.0
3922,9997,10138,4.0
3923,10134,10138,2.0
3924,10137,10138,2.0
3925,10139,10138,4.0
3926,10140,10138,4.0
3927,10143,10138,1.0
3928,10147,10138,1.0
3929,10149,10138,2.0
3930,10276,10138,1.0
3931,10279,10138,4.0
3932,10280,10138,2.0
3933,10281,10138,3.0
3934,10285,10138,2.0
3935,10297,10138,1.0
3936,10422,10138,1.0
3937,10423,10138,1.0
3938,10424,10138,2.0
3939,10561,10138,2.0
3940,10567,10138,1.0
3941,10569,10138,1.0
3942,10849,10138,1.0
3943,10850,10138,1.0
3944,10862,10138,1.0
3945,10989,10138,2.0
3946,11035,10138,1.0
3947,11179,10138,1.0
3948,11320,10138,1.0
3949,11420,10138,1.0
3950,11703,10138,2.0
3951,11861,10138,1.0
3952,11956,10138,2.0
3953,5759,10172,1.0
3954,7463,10172,1.0
3955,9031,10172,1.0
3956,9033,10172,1.0
3957,10326,10172,1.0
3958,11172,10172,1.0
3959,5760,11143,1.0
3960,9020,11143,1.0
3961,9124,11143,1.0
3962,9583,11143,1.0
3963,9589,11143,1.0
3964,9724,11143,1.0
3965,9725,11143,1.0
3966,9863,11143,1.0
3967,9995,11143,1.0
3968,10008,11143,1.0
3969,10147,11143,2.0
3970,10285,11143,2.0
3971,10433,11143,3.0
3972,10435,11143,3.0
3973,10449,11143,2.0
3974,10571,11143,1.0
3975,10575,11143,1.0
3976,10577,11143,1.0
3977,10579,11143,2.0
3978,10580,11143,1.0
3979,10581,11143,1.0
3980,10851,11143,1.0
3981,10855,11143,1.0
3982,10856,11143,1.0
3983,10859,11143,1.0
3984,11000,11143,1.0
3985,11001,11143,2.0
3986,11005,11143,1.0
3987,11013,11143,1.0
3988,11138,11143,1.0
3989,11141,11143,1.0
3990,11142,11143,6.0
3991,11150,11143,1.0
3992,11151,11143,2.0
3993,11282,11143,2.0
3994,11284,11143,1.0
3995,11285,11143,1.0
3996,11425,11143,1.0
3997,11426,11143,1.0
3998,11428,11143,2.0
3999,11432,11143,1.0
4000,11452,11143,2.0
4001,11566,11143,2.0
4002,11859,11143,1.0
4003,11983,11143,1.0
4004,12276,11143,1.0
4005,14261,11143,1.0
4006,5762,7181,1.0
4007,11038,7181,1.0
4008,5762,8177,1.0
4009,5832,8842,1.0
4010,8276,8842,1.0
4011,8280,8842,1.0
4012,8412,8842,1.0
4013,8418,8842,1.0
4014,8553,8842,1.0
4015,8554,8842,1.0
4016,8836,8842,1.0
4017,8980,8842,1.0
4018,8982,8842,4.0
4019,8983,8842,1.0
4020,9126,8842,3.0
4021,9408,8842,2.0
4022,5832,9099,2.0
4023,6540,9099,2.0
4024,6684,9099,2.0
4025,7391,9099,1.0
4026,7673,9099,2.0
4027,7998,9099,1.0
4028,8105,9099,1.0
4029,8128,9099,1.0
4030,8268,9099,1.0
4031,8411,9099,2.0
4032,8530,9099,1.0
4033,8668,9099,1.0
4034,8692,9099,1.0
4035,8827,9099,1.0
4036,8957,9099,3.0
4037,8960,9099,1.0
4038,9098,9099,3.0
4039,9382,9099,1.0
4040,9383,9099,7.0
4041,9386,9099,4.0
4042,9680,9099,1.0
4043,9953,9099,2.0
4044,10092,9099,1.0
4045,10383,9099,2.0
4046,11252,9099,1.0
4047,11561,9099,1.0
4048,11998,9099,1.0
4049,5851,5705,1.0
4050,5993,5705,3.0
4051,6845,5705,4.0
4052,5851,6571,1.0
4053,5856,8277,1.0
4054,6860,8277,2.0
4055,7432,8277,1.0
4056,7571,8277,1.0
4057,7716,8277,1.0
4058,7991,8277,1.0
4059,7993,8277,2.0
4060,7998,8277,2.0
4061,8128,8277,3.0
4062,8129,8277,1.0
4063,8131,8277,2.0
4064,8136,8277,1.0
4065,8137,8277,4.0
4066,8138,8277,3.0
4067,8139,8277,2.0
4068,8268,8277,3.0
4069,8270,8277,3.0
4070,8275,8277,1.0
4071,8278,8277,3.0
4072,8279,8277,1.0
4073,8282,8277,1.0
4074,8412,8277,2.0
4075,8416,8277,2.0
4076,8425,8277,1.0
4077,8554,8277,1.0
4078,8561,8277,1.0
4079,8695,8277,2.0
4080,8696,8277,2.0
4081,8699,8277,1.0
4082,8840,8277,1.0
4083,8842,8277,1.0
4084,12528,8277,1.0
4085,5856,8421,1.0
4086,7987,8421,1.0
4087,7999,8421,1.0
4088,8139,8421,2.0
4089,8566,8421,3.0
4090,5868,6861,2.0
4091,6301,6861,1.0
4092,8138,6861,2.0
4093,8283,6861,1.0
4094,9857,6861,1.0
4095,5868,7284,1.0
4096,6860,7284,1.0
4097,8695,7284,1.0
4098,5868,8691,1.0
4099,6847,8691,3.0
4100,7130,8691,1.0
4101,7390,8691,2.0
4102,7983,8691,1.0
4103,7986,8691,1.0
4104,7987,8691,1.0
4105,8138,8691,1.0
4106,8268,8691,2.0
4107,8271,8691,1.0
4108,8409,8691,2.0
4109,8410,8691,1.0
4110,8415,8691,1.0
4111,8550,8691,1.0
4112,8552,8691,2.0
4113,8667,8691,2.0
4114,8672,8691,1.0
4115,8692,8691,3.0
4116,8693,8691,2.0
4117,8695,8691,1.0
4118,8696,8691,2.0
4119,8827,8691,1.0
4120,8828,8691,1.0
4121,8829,8691,1.0
4122,8836,8691,3.0
4123,8963,8691,2.0
4124,16504,8691,1.0
4125,5870,7171,1.0
4126,5884,5309,3.0
4127,5884,6739,5.0
4128,5893,6739,1.0
4129,6169,6739,1.0
4130,7309,6739,1.0
4131,7606,6739,1.0
4132,5892,7608,1.0
4133,6035,7608,1.0
4134,6327,7608,1.0
4135,6615,7608,1.0
4136,6753,7608,1.0
4137,7306,7608,1.0
4138,7324,7608,2.0
4139,7461,7608,1.0
4140,7462,7608,1.0
4141,7464,7608,1.0
4142,7465,7608,3.0
4143,7466,7608,6.0
4144,7605,7608,1.0
4145,7606,7608,3.0
4146,7607,7608,8.0
4147,7747,7608,1.0
4148,7748,7608,2.0
4149,7750,7608,2.0
4150,8033,7608,1.0
4151,8034,7608,3.0
4152,8170,7608,1.0
4153,8173,7608,1.0
4154,8176,7608,1.0
4155,8316,7608,1.0
4156,8456,7608,1.0
4157,9020,7608,1.0
4158,10030,7608,1.0
4159,5893,6169,1.0
4160,6741,6169,2.0
4161,5893,6178,1.0
4162,6177,6178,2.0
4163,10154,6178,1.0
4164,10281,6178,1.0
4165,5897,5608,1.0
4166,7458,5608,1.0
4167,5897,6183,1.0
4168,5898,6183,1.0
4169,6041,6183,1.0
4170,6326,6183,1.0
4171,6608,6183,3.0
4172,6609,6183,1.0
4173,6611,6183,1.0
4174,7034,6183,2.0
4175,7747,6183,1.0
4176,8175,6183,2.0
4177,8436,6183,1.0
4178,10457,6183,1.0
4179,14302,6183,2.0
4180,5897,7010,1.0
4181,7576,7010,1.0
4182,5897,7310,1.0
4183,6742,7310,1.0
4184,7309,7310,1.0
4185,7311,7310,2.0
4186,7457,7310,1.0
4187,8291,7310,1.0
4188,8308,7310,1.0
4189,8455,7310,1.0
4190,8603,7310,1.0
4191,11318,7310,2.0
4192,5897,7464,1.0
4193,6326,7464,1.0
4194,6611,7464,1.0
4195,6756,7464,1.0
4196,7031,7464,1.0
4197,7037,7464,1.0
4198,7040,7464,1.0
4199,7178,7464,1.0
4200,7179,7464,1.0
4201,7180,7464,1.0
4202,7321,7464,1.0
4203,7322,7464,5.0
4204,7456,7464,1.0
4205,7458,7464,1.0
4206,7462,7464,2.0
4207,7463,7464,1.0
4208,7466,7464,4.0
4209,7604,7464,1.0
4210,7605,7464,1.0
4211,7606,7464,2.0
4212,7608,7464,3.0
4213,7748,7464,3.0
4214,8030,7464,1.0
4215,8161,7464,1.0
4216,8318,7464,1.0
4217,8597,7464,1.0
4218,10326,7464,1.0
4219,5897,8170,1.0
4220,6611,8170,1.0
4221,7176,8170,1.0
4222,7458,8170,1.0
4223,7466,8170,1.0
4224,7599,8170,1.0
4225,7608,8170,1.0
4226,7744,8170,1.0
4227,8024,8170,1.0
4228,8028,8170,5.0
4229,8166,8170,1.0
4230,8171,8170,7.0
4231,8172,8170,3.0
4232,8312,8170,2.0
4233,8314,8170,6.0
4234,8316,8170,1.0
4235,8452,8170,1.0
4236,8454,8170,1.0
4237,8455,8170,3.0
4238,8727,8170,1.0
4239,9164,8170,1.0
4240,9735,8170,1.0
4241,9888,8170,1.0
4242,11008,8170,4.0
4243,11277,8170,3.0
4244,11580,8170,1.0
4245,5897,8174,1.0
4246,6608,8174,1.0
4247,7464,8174,1.0
4248,7606,8174,1.0
4249,7748,8174,1.0
4250,7750,8174,1.0
4251,8031,8174,1.0
4252,8032,8174,1.0
4253,8173,8174,1.0
4254,8175,8174,2.0
4255,8314,8174,1.0
4256,8458,8174,1.0
4257,8885,8174,1.0
4258,10170,8174,1.0
4259,11451,8174,1.0
4260,11735,8174,1.0
4261,5897,8583,1.0
4262,6731,8583,1.0
4263,7296,8583,1.0
4264,8032,8583,1.0
4265,8584,8583,2.0
4266,8696,8583,1.0
4267,8727,8583,1.0
4268,8867,8583,1.0
4269,8868,8583,2.0
4270,9010,8583,1.0
4271,9151,8583,1.0
4272,9739,8583,1.0
4273,11522,8583,1.0
4274,11523,8583,1.0
4275,5897,8876,1.0
4276,6894,8876,1.0
4277,6990,8876,1.0
4278,8166,8876,1.0
4279,8447,8876,3.0
4280,8448,8876,1.0
4281,8452,8876,1.0
4282,8591,8876,1.0
4283,8734,8876,2.0
4284,8735,8876,5.0
4285,8875,8876,5.0
4286,8879,8876,4.0
4287,8881,8876,1.0
4288,9017,8876,1.0
4289,9018,8876,7.0
4290,9020,8876,2.0
4291,9160,8876,2.0
4292,9161,8876,1.0
4293,9166,8876,1.0
4294,9444,8876,3.0
4295,9452,8876,1.0
4296,9735,8876,1.0
4297,9893,8876,1.0
4298,10009,8876,2.0
4299,10300,8876,1.0
4300,10990,8876,1.0
4301,11289,8876,1.0
4302,11459,8876,1.0
4303,11878,8876,1.0
4304,5897,12861,1.0
4305,7580,12861,1.0
4306,9746,12861,1.0
4307,11585,12861,1.0
4308,11595,12861,1.0
4309,11719,12861,1.0
4310,11868,12861,1.0
4311,12435,12861,1.0
4312,12716,12861,1.0
4313,12719,12861,4.0
4314,12723,12861,1.0
4315,12999,12861,1.0
4316,13001,12861,1.0
4317,13003,12861,4.0
4318,13005,12861,1.0
4319,13145,12861,2.0
4320,13724,12861,3.0
4321,15979,12861,1.0
4322,15988,12861,1.0
4323,5898,8307,1.0
4324,7457,8307,1.0
4325,8316,8307,1.0
4326,8447,8307,1.0
4327,8452,8307,1.0
4328,8741,8307,2.0
4329,9861,8307,1.0
4330,9877,8307,1.0
4331,10566,8307,1.0
4332,10990,8307,2.0
4333,5967,6683,2.0
4334,6117,6683,4.0
4335,6255,6683,2.0
4336,6259,6683,2.0
4337,6542,6683,1.0
4338,6684,6683,9.0
4339,6845,6683,3.0
4340,6846,6683,2.0
4341,6964,6683,1.0
4342,7115,6683,1.0
4343,7132,6683,1.0
4344,7252,6683,1.0
4345,7263,6683,2.0
4346,7273,6683,1.0
4347,7391,6683,1.0
4348,7531,6683,1.0
4349,7542,6683,1.0
4350,7697,6683,1.0
4351,8411,6683,1.0
4352,8412,6683,1.0
4353,8554,6683,2.0
4354,8700,6683,1.0
4355,8839,6683,1.0
4356,9099,6683,2.0
4357,9383,6683,1.0
4358,9402,6683,3.0
4359,9427,6683,1.0
4360,9953,6683,1.0
4361,15683,6683,1.0
4362,5967,6684,1.0
4363,6259,6684,2.0
4364,6540,6684,1.0
4365,6683,6684,7.0
4366,6964,6684,2.0
4367,7110,6684,1.0
4368,7994,6684,1.0
4369,8268,6684,2.0
4370,8411,6684,2.0
4371,8554,6684,1.0
4372,8695,6684,1.0
4373,8833,6684,1.0
4374,8835,6684,1.0
4375,8956,6684,1.0
4376,9099,6684,1.0
4377,9383,6684,1.0
4378,9402,6684,2.0
4379,9525,6684,1.0
4380,9559,6684,2.0
4381,9678,6684,1.0
4382,5967,8814,1.0
4383,6684,8814,1.0
4384,7986,8814,1.0
4385,8561,8814,1.0
4386,8961,8814,1.0
4387,9099,8814,1.0
4388,9559,8814,1.0
4389,9801,8814,1.0
4390,14558,8814,1.0
4391,6014,12450,1.0
4392,7300,12450,1.0
4393,9580,12450,1.0
4394,9604,12450,1.0
4395,10169,12450,1.0
4396,11456,12450,1.0
4397,11582,12450,1.0
4398,11879,12450,2.0
4399,11882,12450,1.0
4400,12022,12450,2.0
4401,12023,12450,1.0
4402,12028,12450,3.0
4403,12304,12450,1.0
4404,12310,12450,1.0
4405,12311,12450,1.0
4406,12443,12450,1.0
4407,12446,12450,2.0
4408,12448,12450,3.0
4409,12449,12450,3.0
4410,12451,12450,2.0
4411,12453,12450,1.0
4412,12581,12450,1.0
4413,12588,12450,2.0
4414,12590,12450,2.0
4415,12591,12450,3.0
4416,12595,12450,1.0
4417,12597,12450,1.0
4418,12732,12450,4.0
4419,12737,12450,1.0
4420,12739,12450,1.0
4421,13016,12450,1.0
4422,13021,12450,1.0
4423,13309,12450,1.0
4424,13443,12450,1.0
4425,13734,12450,1.0
4426,13855,12450,1.0
4427,13872,12450,1.0
4428,14296,12450,1.0
4429,15169,12450,1.0
4430,15284,12450,1.0
4431,6021,7439,1.0
4432,6588,7439,1.0
4433,7155,7439,1.0
4434,7297,7439,1.0
4435,7438,7439,1.0
4436,7442,7439,2.0
4437,7716,7439,1.0
4438,7723,7439,4.0
4439,8010,7439,1.0
4440,8149,7439,1.0
4441,8275,7439,1.0
4442,8415,7439,1.0
4443,8553,7439,1.0
4444,8726,7439,1.0
4445,9018,7439,1.0
4446,13855,7439,1.0
4447,6034,8726,1.0
4448,7732,8726,1.0
4449,8274,8726,1.0
4450,8580,8726,1.0
4451,8593,8726,1.0
4452,8875,8726,1.0
4453,9016,8726,1.0
4454,9581,8726,3.0
4455,9719,8726,2.0
4456,6034,11285,1.0
4457,6177,11285,4.0
4458,9009,11285,1.0
4459,9578,11285,1.0
4460,9724,11285,2.0
4461,10146,11285,1.0
4462,10147,11285,1.0
4463,10152,11285,1.0
4464,10291,11285,1.0
4465,10435,11285,1.0
4466,10567,11285,1.0
4467,10571,11285,1.0
4468,10582,11285,1.0
4469,10858,11285,1.0
4470,11137,11285,1.0
4471,11142,11285,2.0
4472,11154,11285,1.0
4473,11282,11285,2.0
4474,11286,11285,1.0
4475,11428,11285,4.0
4476,11543,11285,1.0
4477,11565,11285,2.0
4478,11704,11285,1.0
4479,11706,11285,2.0
4480,11722,11285,1.0
4481,11980,11285,1.0
4482,11988,11285,2.0
4483,12262,11285,1.0
4484,12419,11285,1.0
4485,12703,11285,1.0
4486,12704,11285,1.0
4487,12840,11285,1.0
4488,12848,11285,1.0
4489,13407,11285,1.0
4490,14397,11285,2.0
4491,14426,11285,1.0
4492,6035,6612,1.0
4493,6325,6612,1.0
4494,6326,6612,1.0
4495,6609,6612,1.0
4496,6611,6612,2.0
4497,6752,6612,2.0
4498,6895,6612,1.0
4499,6896,6612,1.0
4500,7037,6612,1.0
4501,7318,6612,1.0
4502,7466,6612,2.0
4503,7747,6612,1.0
4504,8717,6612,1.0
4505,9427,6612,2.0
4506,10163,6612,1.0
4507,10435,6612,4.0
4508,6035,7165,1.0
4509,6325,7165,1.0
4510,6877,7165,3.0
4511,7019,7165,4.0
4512,7031,7165,1.0
4513,7453,7165,2.0
4514,6035,8034,1.0
4515,6183,8034,1.0
4516,6609,8034,2.0
4517,6611,8034,2.0
4518,7179,8034,1.0
4519,7461,8034,1.0
4520,7462,8034,2.0
4521,7463,8034,1.0
4522,7464,8034,1.0
4523,7465,8034,2.0
4524,7466,8034,4.0
4525,7748,8034,3.0
4526,8028,8034,1.0
4527,8033,8034,1.0
4528,9444,8034,1.0
4529,10154,8034,1.0
4530,10170,8034,1.0
4531,6035,11280,1.0
4532,7459,11280,1.0
4533,6038,2881,1.0
4534,6038,7747,1.0
4535,6612,7747,1.0
4536,7174,7747,1.0
4537,7319,7747,1.0
4538,7322,7747,1.0
4539,7460,7747,1.0
4540,7462,7747,1.0
4541,7463,7747,2.0
4542,7603,7747,2.0
4543,7606,7747,2.0
4544,7608,7747,1.0
4545,7729,7747,1.0
4546,7748,7747,2.0
4547,8031,7747,7.0
4548,8032,7747,1.0
4549,8163,7747,2.0
4550,8173,7747,2.0
4551,8315,7747,1.0
4552,8316,7747,1.0
4553,8317,7747,2.0
4554,8457,7747,1.0
4555,8598,7747,2.0
4556,9173,7747,1.0
4557,9447,7747,1.0
4558,9597,7747,1.0
4559,9885,7747,1.0
4560,11566,7747,1.0
4561,11578,7747,1.0
4562,6038,8168,1.0
4563,6042,8168,1.0
4564,7032,8168,1.0
4565,7743,8168,1.0
4566,8026,8168,1.0
4567,8029,8168,1.0
4568,8309,8168,4.0
4569,8452,8168,1.0
4570,9021,8168,1.0
4571,9603,8168,1.0
4572,10291,8168,1.0
4573,6038,10455,1.0
4574,8025,10455,1.0
4575,9744,10455,1.0
4576,9752,10455,3.0
4577,9888,10455,1.0
4578,10018,10455,1.0
4579,10029,10455,2.0
4580,10311,10455,1.0
4581,10312,10455,2.0
4582,10454,10455,3.0
4583,10456,10455,2.0
4584,10598,10455,3.0
4585,11131,10455,1.0
4586,11164,10455,1.0
4587,11457,10455,1.0
4588,11586,10455,1.0
4589,11594,10455,1.0
4590,11876,10455,1.0
4591,11883,10455,1.0
4592,13004,10455,1.0
4593,14002,10455,1.0
4594,17271,10455,1.0
4595,6039,9175,1.0
4596,8741,9175,1.0
4597,8743,9175,1.0
4598,9150,9175,1.0
4599,9159,9175,1.0
4600,9174,9175,1.0
4601,9458,9175,1.0
4602,9598,9175,1.0
4603,9742,9175,1.0
4604,10036,9175,2.0
4605,10609,9175,1.0
4606,12718,9175,1.0
4607,6040,6039,2.0
4608,6606,6039,2.0
4609,6040,7177,1.0
4610,6751,7177,1.0
4611,7179,7177,1.0
4612,7180,7177,1.0
4613,7458,7177,2.0
4614,7603,7177,1.0
4615,9591,7177,1.0
4616,6040,8452,1.0
4617,7458,8452,1.0
4618,7600,8452,1.0
4619,7740,8452,2.0
4620,8025,8452,1.0
4621,8167,8452,3.0
4622,8169,8452,1.0
4623,8307,8452,1.0
4624,8308,8452,1.0
4625,8309,8452,1.0
4626,8311,8452,2.0
4627,8448,8452,1.0
4628,8450,8452,1.0
4629,8451,8452,1.0
4630,8455,8452,1.0
4631,8457,8452,2.0
4632,8588,8452,1.0
4633,8593,8452,1.0
4634,8595,8452,1.0
4635,8596,8452,1.0
4636,8599,8452,1.0
4637,8735,8452,2.0
4638,8876,8452,1.0
4639,9581,8452,1.0
4640,9866,8452,1.0
4641,9889,8452,1.0
4642,14682,8452,1.0
4643,6041,6611,1.0
4644,6324,6611,1.0
4645,6326,6611,1.0
4646,6330,6611,1.0
4647,6608,6611,2.0
4648,6610,6611,2.0
4649,6612,6611,5.0
4650,6739,6611,1.0
4651,6752,6611,3.0
4652,7180,6611,1.0
4653,7321,6611,1.0
4654,7458,6611,1.0
4655,7460,6611,1.0
4656,7466,6611,2.0
4657,7606,6611,1.0
4658,7608,6611,2.0
4659,8023,6611,1.0
4660,8034,6611,2.0
4661,8318,6611,3.0
4662,9031,6611,1.0
4663,9586,6611,1.0
4664,9731,6611,1.0
4665,9862,6611,1.0
4666,10008,6611,1.0
4667,6041,7169,1.0
4668,7034,7169,1.0
4669,8175,7169,1.0
4670,6041,7749,1.0
4671,6188,7749,1.0
4672,6326,7749,1.0
4673,7460,7749,1.0
4674,7463,7749,1.0
4675,7466,7749,3.0
4676,7603,7749,1.0
4677,7605,7749,1.0
4678,7748,7749,1.0
4679,7750,7749,8.0
4680,8032,7749,1.0
4681,8033,7749,2.0
4682,8457,7749,1.0
4683,9173,7749,1.0
4684,11007,7749,1.0
4685,11157,7749,2.0
4686,6042,7037,2.0
4687,6324,7037,3.0
4688,6326,7037,1.0
4689,6327,7037,1.0
4690,6606,7037,1.0
4691,6608,7037,1.0
4692,6610,7037,2.0
4693,6750,7037,2.0
4694,6752,7037,1.0
4695,7034,7037,1.0
4696,7036,7037,3.0
4697,7169,7037,1.0
4698,7179,7037,2.0
4699,7462,7037,1.0
4700,7464,7037,2.0
4701,7466,7037,1.0
4702,7604,7037,1.0
4703,7606,7037,1.0
4704,9017,7037,1.0
4705,6042,9461,1.0
4706,8032,9461,1.0
4707,9174,9461,1.0
4708,9459,9461,1.0
4709,9743,9461,1.0
4710,9744,9461,1.0
4711,11306,9461,1.0
4712,12031,9461,1.0
4713,13010,9461,1.0
4714,6045,6188,2.0
4715,6187,6188,1.0
4716,6326,6188,1.0
4717,6328,6188,1.0
4718,6329,6188,1.0
4719,6330,6188,1.0
4720,6608,6188,1.0
4721,6609,6188,1.0
4722,6615,6188,2.0
4723,6754,6188,1.0
4724,6897,6188,1.0
4725,7318,6188,1.0
4726,7460,6188,1.0
4727,7603,6188,1.0
4728,9026,6188,1.0
4729,9433,6188,1.0
4730,9588,6188,1.0
4731,10021,6188,2.0
4732,11287,6188,1.0
4733,6117,6259,2.0
4734,6118,6259,3.0
4735,6684,6259,1.0
4736,6845,6259,2.0
4737,7130,6259,1.0
4738,6117,9402,1.0
4739,6683,9402,3.0
4740,6686,9402,1.0
4741,8694,9402,1.0
4742,8835,9402,1.0
4743,8976,9402,5.0
4744,9404,9402,2.0
4745,9686,9402,1.0
4746,9994,9402,1.0
4747,11097,9402,2.0
4748,6172,6877,1.0
4749,6739,6877,1.0
4750,7165,6877,3.0
4751,9126,6877,1.0
4752,6172,7598,1.0
4753,6325,7598,1.0
4754,6610,7598,4.0
4755,7462,7598,4.0
4756,7602,7598,1.0
4757,7741,7598,2.0
4758,8024,7598,1.0
4759,8593,7598,3.0
4760,8880,7598,2.0
4761,9441,7598,1.0
4762,10289,7598,1.0
4763,10855,7598,1.0
4764,11451,7598,1.0
4765,6174,8739,1.0
4766,8026,8739,1.0
4767,8269,8739,1.0
4768,8454,8739,1.0
4769,8461,8739,1.0
4770,8597,8739,1.0
4771,8598,8739,2.0
4772,8736,8739,1.0
4773,8878,8739,2.0
4774,8880,8739,1.0
4775,9024,8739,1.0
4776,9450,8739,1.0
4777,9599,8739,2.0
4778,10012,8739,1.0
4779,11156,8739,2.0
4780,11309,8739,1.0
4781,11458,8739,1.0
4782,12300,8739,1.0
4783,6177,6743,1.0
4784,8603,6743,1.0
4785,10891,6743,6.0
4786,6177,6747,1.0
4787,6606,6747,4.0
4788,6609,6747,1.0
4789,6610,6747,2.0
4790,7031,6747,4.0
4791,9605,6747,1.0
4792,6177,7022,6.0
4793,7744,7022,2.0
4794,8457,7022,1.0
4795,12445,7022,1.0
4796,6177,7031,2.0
4797,6608,7031,1.0
4798,7032,7031,4.0
4799,7037,7031,2.0
4800,7314,7031,2.0
4801,7322,7031,1.0
4802,8303,7031,1.0
4803,8742,7031,2.0
4804,6177,8586,1.0
4805,8725,8586,1.0
4806,8727,8586,1.0
4807,8729,8586,2.0
4808,9151,8586,1.0
4809,10318,8586,1.0
4810,6177,9028,1.0
4811,8033,9028,2.0
4812,8601,9028,1.0
4813,8720,9028,1.0
4814,9452,9028,1.0
4815,9571,9028,1.0
4816,11427,9028,1.0
4817,11711,9028,1.0
4818,12592,9028,1.0
4819,6178,10015,2.0
4820,9873,10015,1.0
4821,10016,10015,1.0
4822,10017,10015,1.0
4823,10159,10015,1.0
4824,10161,10015,1.0
4825,10309,10015,1.0
4826,10581,10015,1.0
4827,10591,10015,1.0
4828,10867,10015,1.0
4829,11016,10015,2.0
4830,11143,10015,1.0
4831,11146,10015,1.0
4832,11437,10015,1.0
4833,11715,10015,1.0
4834,12546,10015,1.0
4835,6179,8311,1.0
4836,6324,8311,1.0
4837,6610,8311,1.0
4838,7462,8311,1.0
4839,8028,8311,1.0
4840,8169,8311,1.0
4841,8452,8311,1.0
4842,8453,8311,1.0
4843,8454,8311,2.0
4844,8455,8311,2.0
4845,8456,8311,1.0
4846,9595,8311,1.0
4847,6182,5473,4.0
4848,6751,5473,1.0
4849,7598,5473,1.0
4850,6183,6041,1.0
4851,6326,6041,1.0
4852,6611,6041,1.0
4853,7036,6041,1.0
4854,8603,6041,1.0
4855,6183,6326,1.0
4856,6185,6326,1.0
4857,6187,6326,1.0
4858,6329,6326,1.0
4859,6606,6326,1.0
4860,6609,6326,4.0
4861,6610,6326,9.0
4862,6611,6326,2.0
4863,7036,6326,2.0
4864,7180,6326,1.0
4865,7322,6326,2.0
4866,7462,6326,1.0
4867,7463,6326,2.0
4868,7464,6326,2.0
4869,7465,6326,2.0
4870,7466,6326,4.0
4871,7604,6326,1.0
4872,8436,6326,1.0
4873,8599,6326,1.0
4874,8743,6326,1.0
4875,8881,6326,2.0
4876,9586,6326,2.0
4877,10566,6326,2.0
4878,12859,6326,1.0
4879,19273,6326,1.0
4880,6183,7032,1.0
4881,6611,7032,2.0
4882,6747,7032,4.0
4883,6749,7032,1.0
4884,7031,7032,2.0
4885,7035,7032,1.0
4886,8168,7032,1.0
4887,8319,7032,1.0
4888,10460,7032,1.0
4889,6183,7034,2.0
4890,6327,7034,1.0
4891,6610,7034,2.0
4892,6750,7034,1.0
4893,6752,7034,1.0
4894,7031,7034,2.0
4895,7169,7034,1.0
4896,9604,7034,1.0
4897,10170,7034,1.0
4898,12286,7034,1.0
4899,6183,8028,1.0
4900,6988,8028,1.0
4901,7309,8028,1.0
4902,7458,8028,1.0
4903,7461,8028,1.0
4904,7463,8028,3.0
4905,7602,8028,1.0
4906,7606,8028,1.0
4907,7734,8028,1.0
4908,8031,8028,1.0
4909,8034,8028,1.0
4910,8166,8028,1.0
4911,8170,8028,2.0
4912,8311,8028,1.0
4913,8312,8028,2.0
4914,8313,8028,1.0
4915,8314,8028,2.0
4916,8315,8028,1.0
4917,8452,8028,2.0
4918,8454,8028,1.0
4919,8455,8028,1.0
4920,8457,8028,2.0
4921,8599,8028,2.0
4922,6183,8175,2.0
4923,6608,8175,1.0
4924,7169,8175,1.0
4925,7453,8175,1.0
4926,7466,8175,1.0
4927,7604,8175,1.0
4928,8174,8175,1.0
4929,8314,8175,2.0
4930,8316,8175,3.0
4931,8317,8175,4.0
4932,8319,8175,1.0
4933,8436,8175,1.0
4934,8455,8175,1.0
4935,8457,8175,1.0
4936,8887,8175,1.0
4937,13458,8175,1.0
4938,6183,8315,1.0
4939,7458,8315,1.0
4940,7602,8315,1.0
4941,8028,8315,1.0
4942,8031,8315,1.0
4943,8170,8315,4.0
4944,8172,8315,1.0
4945,8314,8315,1.0
4946,8317,8315,4.0
4947,9457,8315,1.0
4948,9600,8315,1.0
4949,10297,8315,1.0
4950,6183,8436,1.0
4951,7322,8436,1.0
4952,8175,8436,1.0
4953,9145,8436,1.0
4954,9154,8436,1.0
4955,9437,8436,2.0
4956,10084,8436,1.0
4957,6183,10457,1.0
4958,9009,10457,1.0
4959,10032,10457,1.0
4960,10456,10457,2.0
4961,10877,10457,1.0
4962,6183,14302,2.0
4963,11431,14302,1.0
4964,12583,14302,1.0
4965,12589,14302,1.0
4966,13878,14302,2.0
4967,6188,6045,2.0
4968,6188,6187,1.0
4969,7458,6187,1.0
4970,6188,6328,1.0
4971,6610,6328,1.0
4972,6611,6328,1.0
4973,6188,6329,1.0
4974,6330,6329,1.0
4975,6331,6329,1.0
4976,6752,6329,1.0
4977,6895,6329,1.0
4978,8176,6329,1.0
4979,6188,6330,1.0
4980,6328,6330,1.0
4981,6329,6330,1.0
4982,6331,6330,1.0
4983,6756,6330,2.0
4984,6898,6330,3.0
4985,7178,6330,1.0
4986,10566,6330,1.0
4987,6188,6331,1.0
4988,6330,6331,1.0
4989,6615,6331,1.0
4990,6755,6331,1.0
4991,6756,6331,5.0
4992,6188,6615,2.0
4993,6326,6615,1.0
4994,6331,6615,1.0
4995,6608,6615,1.0
4996,6756,6615,1.0
4997,6757,6615,1.0
4998,6898,6615,1.0
4999,12588,6615,1.0
5000,6188,7456,1.0
5001,6752,7456,1.0
5002,7171,7456,1.0
5003,7312,7456,1.0
5004,7462,7456,1.0
5005,8024,7456,1.0
5006,8172,7456,2.0
5007,8308,7456,1.0
5008,8447,7456,1.0
5009,8593,7456,1.0
5010,8599,7456,1.0
5011,8745,7456,1.0
5012,9018,7456,1.0
5013,9173,7456,1.0
5014,9877,7456,1.0
5015,10170,7456,1.0
5016,10296,7456,1.0
5017,10449,7456,1.0
5018,6188,8740,1.0
5019,6301,8740,1.0
5020,6993,8740,1.0
5021,8030,8740,1.0
5022,8314,8740,1.0
5023,8592,8740,1.0
5024,8741,8740,1.0
5025,8982,8740,1.0
5026,9428,8740,1.0
5027,9588,8740,1.0
5028,10140,8740,1.0
5029,11888,8740,1.0
5030,14386,8740,1.0
5031,6188,9026,1.0
5032,6188,9583,1.0
5033,8138,9583,1.0
5034,8584,9583,1.0
5035,8872,9583,2.0
5036,9017,9583,1.0
5037,9430,9583,2.0
5038,9434,9583,2.0
5039,9439,9583,1.0
5040,9441,9583,1.0
5041,9448,9583,1.0
5042,9579,9583,1.0
5043,9581,9583,1.0
5044,9584,9583,2.0
5045,9586,9583,2.0
5046,9589,9583,2.0
5047,9724,9583,1.0
5048,9725,9583,1.0
5049,9726,9583,1.0
5050,9727,9583,1.0
5051,9747,9583,1.0
5052,9854,9583,1.0
5053,10012,9583,2.0
5054,10152,9583,2.0
5055,10316,9583,1.0
5056,10424,9583,2.0
5057,10996,9583,1.0
5058,11143,9583,1.0
5059,11560,9583,1.0
5060,12011,9583,1.0
5061,6188,9713,1.0
5062,9000,9713,2.0
5063,9003,9713,1.0
5064,9712,9713,1.0
5065,9714,9713,1.0
5066,9719,9713,1.0
5067,10000,9713,1.0
5068,11878,9713,1.0
5069,14689,9713,1.0
5070,6188,9728,1.0
5071,7734,9728,1.0
5072,8024,9728,1.0
5073,8313,9728,1.0
5074,8737,9728,1.0
5075,9160,9728,2.0
5076,9435,9728,1.0
5077,9440,9728,1.0
5078,9448,9728,1.0
5079,9583,9728,1.0
5080,9587,9728,1.0
5081,9588,9728,1.0
5082,9727,9728,3.0
5083,9731,9728,4.0
5084,9869,9728,1.0
5085,9872,9728,1.0
5086,9873,9728,1.0
5087,9876,9728,1.0
5088,9888,9728,1.0
5089,9996,9728,2.0
5090,10011,9728,1.0
5091,10012,9728,1.0
5092,11428,9728,1.0
5093,6188,9853,1.0
5094,8129,9853,1.0
5095,8575,9853,1.0
5096,9426,9853,2.0
5097,9567,9853,1.0
5098,9802,9853,1.0
5099,9852,9853,1.0
5100,10138,9853,1.0
5101,11294,9853,1.0
5102,6188,10021,1.0
5103,6756,10021,2.0
5104,7459,10021,1.0
5105,8736,10021,1.0
5106,9452,10021,3.0
5107,9593,10021,1.0
5108,9728,10021,1.0
5109,9877,10021,2.0
5110,9879,10021,6.0
5111,9880,10021,3.0
5112,9881,10021,2.0
5113,10016,10021,1.0
5114,10018,10021,2.0
5115,10020,10021,2.0
5116,10026,10021,3.0
5117,10160,10021,1.0
5118,10163,10021,1.0
5119,10170,10021,1.0
5120,10597,10021,1.0
5121,10874,10021,4.0
5122,11004,10021,1.0
5123,11015,10021,1.0
5124,11028,10021,1.0
5125,11296,10021,1.0
5126,11300,10021,1.0
5127,11310,10021,1.0
5128,6188,11282,1.0
5129,6988,11282,1.0
5130,7017,11282,1.0
5131,8871,11282,1.0
5132,9160,11282,1.0
5133,9163,11282,1.0
5134,9445,11282,1.0
5135,9861,11282,1.0
5136,9862,11282,1.0
5137,9865,11282,1.0
5138,9996,11282,1.0
5139,9998,11282,2.0
5140,10006,11282,2.0
5141,10009,11282,1.0
5142,10145,11282,4.0
5143,10146,11282,2.0
5144,10147,11282,1.0
5145,10281,11282,1.0
5146,10431,11282,3.0
5147,10566,11282,1.0
5148,10849,11282,1.0
5149,10852,11282,1.0
5150,10853,11282,1.0
5151,10854,11282,1.0
5152,10855,11282,3.0
5153,10856,11282,4.0
5154,10862,11282,2.0
5155,10993,11282,1.0
5156,10995,11282,1.0
5157,10998,11282,1.0
5158,11001,11282,1.0
5159,11016,11282,1.0
5160,11132,11282,1.0
5161,11140,11282,2.0
5162,11141,11282,3.0
5163,11174,11282,1.0
5164,11277,11282,1.0
5165,11281,11282,1.0
5166,11283,11282,1.0
5167,11286,11282,1.0
5168,11423,11282,2.0
5169,11430,11282,1.0
5170,11563,11282,1.0
5171,11565,11282,1.0
5172,11567,11282,1.0
5173,11568,11282,1.0
5174,11596,11282,1.0
5175,11700,11282,2.0
5176,11701,11282,1.0
5177,11706,11282,1.0
5178,11707,11282,2.0
5179,11708,11282,1.0
5180,11870,11282,1.0
5181,11995,11282,1.0
5182,12276,11282,1.0
5183,12843,11282,1.0
5184,13143,11282,1.0
5185,15123,11282,2.0
5186,16964,11282,1.0
5187,6255,7110,3.0
5188,6684,7110,1.0
5189,7542,7110,2.0
5190,8135,7110,1.0
5191,6259,6117,1.0
5192,6683,6117,2.0
5193,6684,6117,1.0
5194,6989,6117,1.0
5195,8268,6117,3.0
5196,6259,6118,2.0
5197,6847,6118,1.0
5198,6989,6118,1.0
5199,6259,6847,1.0
5200,6542,6847,1.0
5201,6845,6847,1.0
5202,6846,6847,2.0
5203,6988,6847,4.0
5204,6989,6847,20.0
5205,6990,6847,2.0
5206,7129,6847,1.0
5207,7130,6847,1.0
5208,7131,6847,1.0
5209,7273,6847,4.0
5210,7421,6847,1.0
5211,8128,6847,2.0
5212,8240,6847,1.0
5213,8410,6847,1.0
5214,8725,6847,1.0
5215,8829,6847,1.0
5216,8840,6847,1.0
5217,6259,7130,1.0
5218,6847,7130,1.0
5219,6988,7130,5.0
5220,6989,7130,5.0
5221,7129,7130,2.0
5222,7131,7130,1.0
5223,7273,7130,1.0
5224,7986,7130,1.0
5225,7997,7130,1.0
5226,7998,7130,2.0
5227,8126,7130,1.0
5228,8128,7130,1.0
5229,8129,7130,1.0
5230,8277,7130,1.0
5231,8699,7130,1.0
5232,8839,7130,1.0
5233,6283,6852,1.0
5234,6710,6852,2.0
5235,6845,6852,1.0
5236,7130,6852,1.0
5237,7273,6852,1.0
5238,8142,6852,1.0
5239,6283,8273,1.0
5240,7277,8273,1.0
5241,7279,8273,3.0
5242,7705,8273,1.0
5243,7986,8273,1.0
5244,7991,8273,4.0
5245,8125,8273,2.0
5246,8127,8273,1.0
5247,8130,8273,1.0
5248,8131,8273,2.0
5249,8269,8273,2.0
5250,8270,8273,3.0
5251,8271,8273,4.0
5252,8274,8273,1.0
5253,8281,8273,2.0
5254,8409,8273,1.0
5255,8415,8273,2.0
5256,8416,8273,4.0
5257,8551,8273,1.0
5258,8553,8273,1.0
5259,8695,8273,3.0
5260,8696,8273,2.0
5261,8699,8273,1.0
5262,8836,8273,1.0
5263,8838,8273,1.0
5264,9126,8273,1.0
5265,10152,8273,1.0
5266,10572,8273,1.0
5267,6309,7019,1.0
5268,7165,7019,4.0
5269,7305,7019,1.0
5270,7731,7019,1.0
5271,8830,7019,1.0
5272,6309,8024,1.0
5273,7165,8024,2.0
5274,7252,8024,1.0
5275,7311,8024,2.0
5276,7317,8024,1.0
5277,7453,8024,1.0
5278,7462,8024,1.0
5279,7598,8024,1.0
5280,7740,8024,1.0
5281,7742,8024,1.0
5282,7750,8024,1.0
5283,8025,8024,1.0
5284,8032,8024,1.0
5285,8170,8024,1.0
5286,8172,8024,1.0
5287,8312,8024,1.0
5288,8313,8024,1.0
5289,8453,8024,1.0
5290,8590,8024,1.0
5291,8596,8024,1.0
5292,9147,8024,1.0
5293,9445,8024,1.0
5294,9569,8024,1.0
5295,9599,8024,2.0
5296,9747,8024,1.0
5297,10012,8024,1.0
5298,6320,7319,1.0
5299,7179,7319,1.0
5300,7458,7319,1.0
5301,7460,7319,1.0
5302,7461,7319,2.0
5303,7603,7319,1.0
5304,7604,7319,2.0
5305,7728,7319,2.0
5306,7746,7319,2.0
5307,7747,7319,1.0
5308,7748,7319,1.0
5309,8173,7319,1.0
5310,8316,7319,1.0
5311,6320,8299,1.0
5312,7310,8299,1.0
5313,7601,8299,1.0
5314,7732,8299,2.0
5315,8155,8299,1.0
5316,10852,8299,1.0
5317,6321,7606,1.0
5318,6326,7606,2.0
5319,6611,7606,1.0
5320,6753,7606,1.0
5321,6754,7606,1.0
5322,7031,7606,2.0
5323,7037,7606,1.0
5324,7180,7606,1.0
5325,7318,7606,1.0
5326,7322,7606,3.0
5327,7323,7606,1.0
5328,7458,7606,5.0
5329,7460,7606,2.0
5330,7461,7606,2.0
5331,7462,7606,1.0
5332,7463,7606,4.0
5333,7464,7606,2.0
5334,7465,7606,6.0
5335,7466,7606,3.0
5336,7604,7606,2.0
5337,7605,7606,3.0
5338,7607,7606,6.0
5339,7608,7606,4.0
5340,7747,7606,2.0
5341,7749,7606,1.0
5342,7750,7606,2.0
5343,8015,7606,1.0
5344,8030,7606,1.0
5345,8034,7606,1.0
5346,8174,7606,1.0
5347,8316,7606,1.0
5348,8319,7606,2.0
5349,8456,7606,1.0
5350,8742,7606,1.0
5351,8879,7606,2.0
5352,9017,7606,1.0
5353,9166,7606,2.0
5354,9450,7606,1.0
5355,9592,7606,3.0
5356,9604,7606,2.0
5357,9723,7606,1.0
5358,9731,7606,1.0
5359,10147,7606,1.0
5360,11578,7606,4.0
5361,11593,7606,1.0
5362,6322,6751,1.0
5363,6325,6751,1.0
5364,6608,6751,5.0
5365,6754,6751,1.0
5366,6895,6751,2.0
5367,6896,6751,1.0
5368,8164,6751,1.0
5369,10446,6751,1.0
5370,6322,7459,1.0
5371,7032,7459,1.0
5372,7316,7459,1.0
5373,7458,7459,1.0
5374,7463,7459,1.0
5375,7608,7459,1.0
5376,8023,7459,1.0
5377,8033,7459,1.0
5378,10021,7459,1.0
5379,11024,7459,1.0
5380,11280,7459,1.0
5381,6322,8162,2.0
5382,7313,8162,1.0
5383,8276,8162,1.0
5384,9020,8162,1.0
5385,9587,8162,1.0
5386,10279,8162,1.0
5387,15994,8162,1.0
5388,6324,7605,1.0
5389,6325,7605,1.0
5390,6326,7605,3.0
5391,6610,7605,1.0
5392,7457,7605,2.0
5393,7458,7605,2.0
5394,7461,7605,2.0
5395,7462,7605,2.0
5396,7463,7605,4.0
5397,7598,7605,2.0
5398,7606,7605,2.0
5399,7726,7605,1.0
5400,7746,7605,2.0
5401,7749,7605,1.0
5402,10140,7605,1.0
5403,6325,6322,1.0
5404,6608,6322,1.0
5405,6751,6322,1.0
5406,7179,6322,1.0
5407,7459,6322,1.0
5408,7734,6322,1.0
5409,8162,6322,2.0
5410,6325,6754,2.0
5411,6330,6754,1.0
5412,6610,6754,3.0
5413,6611,6754,1.0
5414,6612,6754,1.0
5415,6751,6754,1.0
5416,6752,6754,2.0
5417,7466,6754,2.0
5418,7606,6754,1.0
5419,9735,6754,1.0
5420,11036,6754,1.0
5421,11320,6754,1.0
5422,6326,6185,1.0
5423,6326,7318,1.0
5424,6608,7318,1.0
5425,6749,7318,1.0
5426,7458,7318,3.0
5427,7459,7318,1.0
5428,7460,7318,1.0
5429,7462,7318,1.0
5430,7603,7318,1.0
5431,7606,7318,1.0
5432,7746,7318,1.0
5433,8166,7318,1.0
5434,8172,7318,1.0
5435,8740,7318,1.0
5436,6326,7321,1.0
5437,6754,7321,1.0
5438,7178,7321,1.0
5439,7179,7321,1.0
5440,7322,7321,1.0
5441,7463,7321,3.0
5442,7606,7321,2.0
5443,8030,7321,1.0
5444,8032,7321,1.0
5445,14141,7321,1.0
5446,17108,7321,1.0
5447,6326,7322,4.0
5448,6610,7322,1.0
5449,7313,7322,1.0
5450,7460,7322,1.0
5451,7461,7322,1.0
5452,7464,7322,3.0
5453,7465,7322,5.0
5454,7466,7322,6.0
5455,7602,7322,1.0
5456,7606,7322,3.0
5457,7607,7322,1.0
5458,7747,7322,1.0
5459,7748,7322,1.0
5460,8138,7322,1.0
5461,8163,7322,1.0
5462,8310,7322,1.0
5463,8316,7322,1.0
5464,8461,7322,2.0
5465,9019,7322,1.0
5466,9143,7322,1.0
5467,12011,7322,1.0
5468,6326,7463,1.0
5469,6608,7463,1.0
5470,6612,7463,2.0
5471,6750,7463,1.0
5472,6896,7463,1.0
5473,7177,7463,2.0
5474,7318,7463,1.0
5475,7319,7463,1.0
5476,7321,7463,2.0
5477,7456,7463,1.0
5478,7457,7463,1.0
5479,7460,7463,2.0
5480,7461,7463,7.0
5481,7462,7463,2.0
5482,7464,7463,1.0
5483,7465,7463,3.0
5484,7466,7463,1.0
5485,7603,7463,2.0
5486,7604,7463,3.0
5487,7605,7463,3.0
5488,7606,7463,3.0
5489,7607,7463,2.0
5490,7608,7463,1.0
5491,7746,7463,1.0
5492,7747,7463,1.0
5493,7748,7463,1.0
5494,7749,7463,1.0
5495,8028,7463,2.0
5496,8031,7463,1.0
5497,8170,7463,1.0
5498,8172,7463,1.0
5499,8316,7463,2.0
5500,8453,7463,1.0
5501,8456,7463,1.0
5502,8459,7463,1.0
5503,8460,7463,1.0
5504,8601,7463,1.0
5505,8736,7463,1.0
5506,8887,7463,1.0
5507,9143,7463,1.0
5508,9166,7463,1.0
5509,9746,7463,1.0
5510,10000,7463,2.0
5511,10139,7463,2.0
5512,10170,7463,1.0
5513,6326,7465,2.0
5514,7313,7465,1.0
5515,7322,7465,3.0
5516,7458,7465,1.0
5517,7461,7465,1.0
5518,7463,7465,6.0
5519,7464,7465,1.0
5520,7466,7465,4.0
5521,7606,7465,5.0
5522,7607,7465,3.0
5523,7608,7465,1.0
5524,7748,7465,2.0
5525,7750,7465,4.0
5526,8585,7465,1.0
5527,9448,7465,2.0
5528,12274,7465,1.0
5529,6326,7604,1.0
5530,6607,7604,1.0
5531,7179,7604,1.0
5532,7312,7604,1.0
5533,7318,7604,1.0
5534,7319,7604,2.0
5535,7458,7604,2.0
5536,7461,7604,3.0
5537,7462,7604,4.0
5538,7463,7604,5.0
5539,7464,7604,1.0
5540,7602,7604,2.0
5541,7603,7604,3.0
5542,7606,7604,1.0
5543,7746,7604,1.0
5544,7750,7604,1.0
5545,8175,7604,1.0
5546,8320,7604,1.0
5547,8589,7604,1.0
5548,9009,7604,1.0
5549,9452,7604,1.0
5550,9719,7604,1.0
5551,9888,7604,1.0
5552,10593,7604,1.0
5553,12010,7604,1.0
5554,6326,7607,1.0
5555,6756,7607,1.0
5556,7461,7607,1.0
5557,7463,7607,2.0
5558,7465,7607,3.0
5559,7466,7607,1.0
5560,7606,7607,9.0
5561,7608,7607,7.0
5562,7750,7607,2.0
5563,8457,7607,1.0
5564,9745,7607,1.0
5565,10578,7607,1.0
5566,6326,7748,2.0
5567,6609,7748,1.0
5568,7026,7748,2.0
5569,7322,7748,1.0
5570,7464,7748,1.0
5571,7604,7748,1.0
5572,7606,7748,1.0
5573,7608,7748,1.0
5574,7749,7748,1.0
5575,7750,7748,7.0
5576,8031,7748,1.0
5577,8032,7748,3.0
5578,8033,7748,2.0
5579,8034,7748,3.0
5580,8173,7748,1.0
5581,8314,7748,2.0
5582,8316,7748,3.0
5583,8455,7748,1.0
5584,8878,7748,1.0
5585,9099,7748,1.0
5586,9173,7748,1.0
5587,9747,7748,1.0
5588,9879,7748,1.0
5589,9889,7748,1.0
5590,10030,7748,2.0
5591,10170,7748,1.0
5592,10564,7748,1.0
5593,10603,7748,1.0
5594,10991,7748,1.0
5595,11437,7748,1.0
5596,14279,7748,1.0
5597,6326,8881,2.0
5598,6750,8881,1.0
5599,7602,8881,1.0
5600,8585,8881,1.0
5601,8598,8881,1.0
5602,8695,8881,1.0
5603,8739,8881,1.0
5604,8741,8881,1.0
5605,8743,8881,1.0
5606,8878,8881,1.0
5607,8887,8881,1.0
5608,9017,8881,1.0
5609,9019,8881,1.0
5610,9020,8881,2.0
5611,9023,8881,2.0
5612,9030,8881,1.0
5613,9144,8881,1.0
5614,9158,8881,1.0
5615,9162,8881,2.0
5616,9163,8881,1.0
5617,9587,8881,1.0
5618,9594,8881,1.0
5619,9739,8881,1.0
5620,10423,8881,1.0
5621,10433,8881,1.0
5622,10998,8881,1.0
5623,11152,8881,1.0
5624,11277,8881,1.0
5625,12262,8881,1.0
5626,6326,9162,1.0
5627,8592,9162,1.0
5628,8594,9162,1.0
5629,8598,9162,1.0
5630,8599,9162,2.0
5631,8734,9162,1.0
5632,8736,9162,1.0
5633,8875,9162,1.0
5634,8876,9162,1.0
5635,8881,9162,4.0
5636,9017,9162,3.0
5637,9019,9162,1.0
5638,9020,9162,6.0
5639,9021,9162,2.0
5640,9160,9162,2.0
5641,9161,9162,9.0
5642,9163,9162,1.0
5643,9164,9162,1.0
5644,9168,9162,1.0
5645,9441,9162,1.0
5646,9444,9162,2.0
5647,9445,9162,2.0
5648,9446,9162,1.0
5649,9448,9162,1.0
5650,9449,9162,1.0
5651,9450,9162,1.0
5652,9584,9162,1.0
5653,9587,9162,1.0
5654,9590,9162,1.0
5655,9591,9162,2.0
5656,9592,9162,4.0
5657,9598,9162,1.0
5658,9604,9162,1.0
5659,9877,9162,1.0
5660,9889,9162,1.0
5661,10170,9162,1.0
5662,10431,9162,1.0
5663,10460,9162,2.0
5664,13126,9162,1.0
5665,6326,10566,1.0
5666,7037,10566,1.0
5667,7606,10566,1.0
5668,9020,10566,1.0
5669,9145,10566,1.0
5670,9164,10566,2.0
5671,9426,10566,1.0
5672,10140,10566,1.0
5673,10564,10566,1.0
5674,10852,10566,2.0
5675,10853,10566,1.0
5676,11132,10566,2.0
5677,11273,10566,1.0
5678,11274,10566,1.0
5679,6326,13000,1.0
5680,8020,13000,1.0
5681,10572,13000,1.0
5682,11885,13000,1.0
5683,12294,13000,1.0
5684,12430,13000,1.0
5685,12854,13000,2.0
5686,12857,13000,2.0
5687,12858,13000,2.0
5688,12999,13000,3.0
5689,13001,13000,3.0
5690,13003,13000,2.0
5691,13145,13000,1.0
5692,13423,13000,1.0
5693,13706,13000,2.0
5694,13850,13000,1.0
5695,14426,13000,1.0
5696,14693,13000,1.0
5697,6326,19273,1.0
5698,10000,19273,2.0
5699,11320,19273,2.0
5700,12309,19273,1.0
5701,17570,19273,1.0
5702,20264,19273,1.0
5703,20406,19273,4.0
5704,21404,19273,1.0
5705,6327,6753,1.0
5706,6608,6753,1.0
5707,6610,6753,1.0
5708,6611,6753,1.0
5709,6895,6753,1.0
5710,7605,6753,1.0
5711,7608,6753,1.0
5712,9604,6753,1.0
5713,12443,6753,1.0
5714,6327,8453,1.0
5715,7457,8453,4.0
5716,7742,8453,1.0
5717,7743,8453,1.0
5718,8025,8453,3.0
5719,8170,8453,1.0
5720,8310,8453,1.0
5721,8316,8453,1.0
5722,8447,8453,1.0
5723,8448,8453,1.0
5724,8449,8453,1.0
5725,8456,8453,1.0
5726,8595,8453,2.0
5727,8603,8453,1.0
5728,8738,8453,1.0
5729,8884,8453,1.0
5730,9021,8453,1.0
5731,9160,8453,1.0
5732,12282,8453,1.0
5733,6327,8604,1.0
5734,8456,8604,1.0
5735,8603,8604,1.0
5736,10169,8604,1.0
5737,6327,9012,1.0
5738,7038,9012,1.0
5739,8152,9012,1.0
5740,8871,9012,3.0
5741,9006,9012,1.0
5742,9010,9012,1.0
5743,9013,9012,2.0
5744,9017,9012,1.0
5745,9151,9012,4.0
5746,9428,9012,1.0
5747,9580,9012,3.0
5748,10468,9012,1.0
5749,10582,9012,1.0
5750,6328,5761,1.0
5751,6610,5761,1.0
5752,6329,6756,2.0
5753,6330,6756,1.0
5754,6331,6756,5.0
5755,6609,6756,1.0
5756,6615,6756,1.0
5757,6896,6756,1.0
5758,7172,6756,1.0
5759,7173,6756,2.0
5760,7183,6756,1.0
5761,7322,6756,1.0
5762,7461,6756,1.0
5763,7463,6756,3.0
5764,7466,6756,1.0
5765,8317,6756,1.0
5766,8747,6756,1.0
5767,9017,6756,1.0
5768,10021,6756,2.0
5769,12285,6756,2.0
5770,6330,6898,3.0
5771,6615,6898,1.0
5772,6899,6898,1.0
5773,7730,6898,1.0
5774,8171,6898,1.0
5775,9603,6898,1.0
5776,6330,7040,1.0
5777,6753,7040,1.0
5778,7464,7040,2.0
5779,6331,11146,1.0
5780,8735,11146,1.0
5781,9165,11146,1.0
5782,9584,11146,1.0
5783,9869,11146,2.0
5784,9874,11146,1.0
5785,10010,11146,2.0
5786,10015,11146,1.0
5787,10152,11146,1.0
5788,10154,11146,4.0
5789,10296,11146,1.0
5790,10575,11146,2.0
5791,10578,11146,2.0
5792,10579,11146,1.0
5793,10585,11146,1.0
5794,10862,11146,1.0
5795,11004,11146,1.0
5796,11006,11146,1.0
5797,11140,11146,1.0
5798,11142,11146,1.0
5799,11144,11146,1.0
5800,11147,11146,2.0
5801,11282,11146,1.0
5802,11286,11146,2.0
5803,11287,11146,1.0
5804,11289,11146,2.0
5805,11433,11146,1.0
5806,11567,11146,1.0
5807,11701,11146,1.0
5808,12288,11146,1.0
5809,12567,11146,1.0
5810,13011,11146,1.0
5811,6546,7252,1.0
5812,6683,7252,1.0
5813,7673,7252,1.0
5814,8024,7252,1.0
5815,8672,7252,1.0
5816,8691,7252,1.0
5817,8695,7252,1.0
5818,8827,7252,1.0
5819,9098,7252,1.0
5820,6547,6542,2.0
5821,6683,6542,1.0
5822,6847,6542,1.0
5823,6553,6836,2.0
5824,6561,8554,3.0
5825,6683,8554,1.0
5826,6989,8554,1.0
5827,7991,8554,1.0
5828,8128,8554,2.0
5829,8129,8554,1.0
5830,8271,8554,3.0
5831,8272,8554,1.0
5832,8275,8554,2.0
5833,8279,8554,1.0
5834,8280,8554,1.0
5835,8291,8554,1.0
5836,8409,8554,1.0
5837,8410,8554,1.0
5838,8412,8554,3.0
5839,8413,8554,2.0
5840,8415,8554,1.0
5841,8417,8554,1.0
5842,8418,8554,2.0
5843,8553,8554,2.0
5844,8555,8554,3.0
5845,8692,8554,1.0
5846,8693,8554,1.0
5847,8695,8554,6.0
5848,8696,8554,24.0
5849,8697,8554,1.0
5850,8700,8554,3.0
5851,8833,8554,1.0
5852,8835,8554,2.0
5853,8840,8554,4.0
5854,8978,8554,1.0
5855,8979,8554,1.0
5856,8980,8554,1.0
5857,8982,8554,1.0
5858,8983,8554,1.0
5859,8984,8554,1.0
5860,9123,8554,1.0
5861,9453,8554,1.0
5862,6565,7576,2.0
5863,7010,7576,1.0
5864,7438,7576,1.0
5865,7716,7576,2.0
5866,7997,7576,1.0
5867,11176,7576,1.0
5868,6565,7997,1.0
5869,6852,7997,1.0
5870,7432,7997,1.0
5871,7574,7997,4.0
5872,7713,7997,1.0
5873,7998,7997,2.0
5874,7999,7997,2.0
5875,8138,7997,2.0
5876,8139,7997,3.0
5877,8276,7997,1.0
5878,8281,7997,5.0
5879,8282,7997,1.0
5880,8284,7997,1.0
5881,8555,7997,1.0
5882,8696,7997,1.0
5883,8830,7997,1.0
5884,9427,7997,1.0
5885,6575,12253,3.0
5886,11580,12253,1.0
5887,6578,7566,1.0
5888,6989,7566,1.0
5889,6582,8692,1.0
5890,6989,8692,1.0
5891,7129,8692,1.0
5892,7263,8692,2.0
5893,7555,8692,1.0
5894,7994,8692,1.0
5895,8000,8692,1.0
5896,8126,8692,1.0
5897,8128,8692,2.0
5898,8139,8692,1.0
5899,8268,8692,1.0
5900,8269,8692,2.0
5901,8409,8692,1.0
5902,8410,8692,1.0
5903,8413,8692,1.0
5904,8551,8692,9.0
5905,8552,8692,1.0
5906,8553,8692,2.0
5907,8554,8692,2.0
5908,8691,8692,6.0
5909,8693,8692,4.0
5910,8694,8692,3.0
5911,8695,8692,5.0
5912,8696,8692,4.0
5913,8828,8692,2.0
5914,8830,8692,2.0
5915,8833,8692,1.0
5916,8834,8692,5.0
5917,8835,8692,7.0
5918,8836,8692,1.0
5919,8838,8692,1.0
5920,8973,8692,1.0
5921,9099,8692,1.0
5922,9124,8692,1.0
5923,9402,8692,1.0
5924,9536,8692,1.0
5925,9605,8692,1.0
5926,9678,8692,2.0
5927,9683,8692,1.0
5928,10031,8692,1.0
5929,10393,8692,1.0
5930,10540,8692,1.0
5931,11579,8692,1.0
5932,13284,8692,1.0
5933,6582,9436,1.0
5934,8585,9436,1.0
5935,8867,9436,1.0
5936,8878,9436,1.0
5937,8880,9436,1.0
5938,9003,9436,1.0
5939,9020,9436,1.0
5940,9151,9436,4.0
5941,9152,9436,1.0
5942,9154,9436,1.0
5943,9156,9436,1.0
5944,9434,9436,1.0
5945,9435,9436,1.0
5946,9441,9436,1.0
5947,9577,9436,1.0
5948,9583,9436,2.0
5949,9604,9436,1.0
5950,9718,9436,1.0
5951,9722,9436,1.0
5952,9723,9436,2.0
5953,9877,9436,1.0
5954,9999,9436,1.0
5955,10012,9436,1.0
5956,10144,9436,1.0
5957,10450,9436,1.0
5958,11860,9436,1.0
5959,13676,9436,1.0
5960,6583,7581,2.0
5961,7150,7581,1.0
5962,7438,7581,1.0
5963,8025,7581,1.0
5964,9435,7581,1.0
5965,6588,7437,2.0
5966,6753,7437,1.0
5967,7440,7437,2.0
5968,8129,7437,1.0
5969,8551,7437,1.0
5970,6588,7440,1.0
5971,7437,7440,1.0
5972,10584,7440,2.0
5973,13238,7440,1.0
5974,6588,7580,4.0
5975,7154,7580,1.0
5976,7156,7580,1.0
5977,7297,7580,1.0
5978,7439,7580,1.0
5979,8291,7580,1.0
5980,8416,7580,1.0
5981,10990,7580,1.0
5982,6588,8289,1.0
5983,7718,8289,1.0
5984,6601,7026,3.0
5985,7461,7026,2.0
5986,6601,7453,1.0
5987,7463,7453,1.0
5988,8024,7453,2.0
5989,9867,7453,1.0
5990,6601,9014,1.0
5991,8172,9014,1.0
5992,8587,9014,2.0
5993,8726,9014,1.0
5994,8737,9014,1.0
5995,8867,9014,1.0
5996,8870,9014,1.0
5997,8887,9014,2.0
5998,9581,9014,1.0
5999,10143,9014,1.0
6000,11155,9014,1.0
6001,6601,11857,1.0
6002,7608,11857,1.0
6003,9430,11857,1.0
6004,9448,11857,1.0
6005,9747,11857,1.0
6006,9888,11857,1.0
6007,10439,11857,1.0
6008,10597,11857,1.0
6009,10872,11857,1.0
6010,11016,11857,1.0
6011,11019,11857,1.0
6012,11286,11857,1.0
6013,11417,11857,1.0
6014,11457,11857,1.0
6015,11566,11857,1.0
6016,11586,11857,1.0
6017,11715,11857,1.0
6018,11859,11857,1.0
6019,11861,11857,1.0
6020,12271,11857,3.0
6021,12282,11857,1.0
6022,12283,11857,1.0
6023,12843,11857,1.0
6024,12853,11857,1.0
6025,12859,11857,1.0
6026,12985,11857,1.0
6027,13422,11857,1.0
6028,13693,11857,1.0
6029,13848,11857,1.0
6030,13983,11857,1.0
6031,14291,11857,1.0
6032,6605,9174,1.0
6033,8599,9174,1.0
6034,9031,9174,1.0
6035,9163,9174,2.0
6036,9172,9174,1.0
6037,9448,9174,1.0
6038,9449,9174,1.0
6039,9450,9174,1.0
6040,9452,9174,1.0
6041,9453,9174,3.0
6042,9455,9174,2.0
6043,9458,9174,2.0
6044,9598,9174,1.0
6045,9599,9174,1.0
6046,9604,9174,1.0
6047,9605,9174,2.0
6048,9740,9174,3.0
6049,9879,9174,1.0
6050,10032,9174,1.0
6051,10040,9174,1.0
6052,10467,9174,1.0
6053,11298,9174,1.0
6054,6605,16365,1.0
6055,6606,6179,1.0
6056,8311,6179,1.0
6057,6607,8592,1.0
6058,7296,8592,2.0
6059,7458,8592,1.0
6060,7461,8592,1.0
6061,7462,8592,1.0
6062,7598,8592,2.0
6063,8023,8592,1.0
6064,8166,8592,3.0
6065,8312,8592,2.0
6066,8447,8592,1.0
6067,8590,8592,1.0
6068,8593,8592,1.0
6069,8594,8592,1.0
6070,8731,8592,1.0
6071,8735,8592,3.0
6072,8740,8592,1.0
6073,8866,8592,1.0
6074,8877,8592,1.0
6075,9162,8592,1.0
6076,9164,8592,1.0
6077,9435,8592,1.0
6078,11593,8592,1.0
6079,11973,8592,1.0
6080,6607,9151,1.0
6081,7176,9151,1.0
6082,7461,9151,2.0
6083,8583,9151,1.0
6084,8725,9151,2.0
6085,8730,9151,1.0
6086,8863,9151,1.0
6087,8867,9151,1.0
6088,9008,9151,1.0
6089,9009,9151,1.0
6090,9011,9151,2.0
6091,9012,9151,5.0
6092,9150,9151,1.0
6093,9154,9151,2.0
6094,9435,9151,2.0
6095,9436,9151,3.0
6096,9452,9151,2.0
6097,9577,9151,2.0
6098,9578,9151,1.0
6099,9591,9151,1.0
6100,9719,9151,2.0
6101,9720,9151,2.0
6102,9740,9151,1.0
6103,9863,9151,2.0
6104,10429,9151,1.0
6105,11290,9151,1.0
6106,11709,9151,1.0
6107,6607,11135,1.0
6108,8565,11135,1.0
6109,9998,11135,2.0
6110,10423,11135,1.0
6111,10424,11135,2.0
6112,10568,11135,3.0
6113,10569,11135,1.0
6114,10852,11135,1.0
6115,10853,11135,1.0
6116,10991,11135,2.0
6117,10995,11135,1.0
6118,11000,11135,2.0
6119,11021,11135,1.0
6120,11131,11135,1.0
6121,11132,11135,1.0
6122,11156,11135,1.0
6123,11271,11135,2.0
6124,11272,11135,1.0
6125,11273,11135,1.0
6126,11275,11135,1.0
6127,11282,11135,1.0
6128,11430,11135,1.0
6129,11560,11135,1.0
6130,11698,11135,1.0
6131,12281,11135,1.0
6132,12864,11135,1.0
6133,12972,11135,1.0
6134,12974,11135,1.0
6135,13407,11135,1.0
6136,14102,11135,1.0
6137,6607,11138,1.0
6138,10288,11138,1.0
6139,10425,11138,2.0
6140,10446,11138,1.0
6141,10994,11138,1.0
6142,10996,11138,2.0
6143,10997,11138,2.0
6144,10998,11138,2.0
6145,11132,11138,1.0
6146,11136,11138,3.0
6147,11709,11138,1.0
6148,13677,11138,2.0
6149,13861,11138,1.0
6150,6607,11414,1.0
6151,8737,11414,1.0
6152,9732,11414,1.0
6153,10138,11414,1.0
6154,10144,11414,1.0
6155,10993,11414,3.0
6156,11131,11414,1.0
6157,11272,11414,4.0
6158,11273,11414,2.0
6159,11416,11414,1.0
6160,11841,11414,1.0
6161,13108,11414,1.0
6162,6607,13692,2.0
6163,11701,13692,1.0
6164,11983,13692,1.0
6165,12839,13692,2.0
6166,6608,6042,2.0
6167,7037,6042,2.0
6168,8168,6042,1.0
6169,9461,6042,1.0
6170,6608,6320,1.0
6171,7319,6320,1.0
6172,8299,6320,1.0
6173,6608,6894,1.0
6174,7179,6894,1.0
6175,7180,6894,2.0
6176,8023,6894,1.0
6177,8173,6894,1.0
6178,8876,6894,1.0
6179,6608,7036,1.0
6180,7037,7036,2.0
6181,7178,7036,1.0
6182,7464,7036,2.0
6183,7747,7036,1.0
6184,10420,7036,1.0
6185,6608,7039,1.0
6186,7603,7039,1.0
6187,6608,7462,1.0
6188,6609,7462,1.0
6189,7318,7462,1.0
6190,7457,7462,1.0
6191,7459,7462,1.0
6192,7461,7462,4.0
6193,7463,7462,2.0
6194,7464,7462,3.0
6195,7465,7462,1.0
6196,7598,7462,4.0
6197,7604,7462,4.0
6198,7605,7462,1.0
6199,7606,7462,3.0
6200,7607,7462,1.0
6201,7608,7462,2.0
6202,7746,7462,1.0
6203,8034,7462,2.0
6204,8311,7462,1.0
6205,8455,7462,1.0
6206,8583,7462,1.0
6207,8592,7462,2.0
6208,8741,7462,1.0
6209,6609,6893,1.0
6210,6752,6893,1.0
6211,7177,6893,1.0
6212,6609,6895,1.0
6213,6612,6895,1.0
6214,6751,6895,1.0
6215,6752,6895,1.0
6216,6757,6895,2.0
6217,7466,6895,1.0
6218,7605,6895,1.0
6219,8459,6895,1.0
6220,10006,6895,1.0
6221,6609,8744,1.0
6222,7742,8744,1.0
6223,8319,8744,1.0
6224,8461,8744,1.0
6225,8601,8744,1.0
6226,8742,8744,2.0
6227,8743,8744,1.0
6228,9452,8744,1.0
6229,9597,8744,2.0
6230,10584,8744,2.0
6231,10892,8744,1.0
6232,11147,8744,1.0
6233,6609,9864,2.0
6234,8020,9864,1.0
6235,9441,9864,1.0
6236,9457,9864,1.0
6237,9581,9864,1.0
6238,9722,9864,1.0
6239,9746,9864,1.0
6240,9861,9864,2.0
6241,9862,9864,1.0
6242,9863,9864,4.0
6243,9865,9864,3.0
6244,10004,9864,3.0
6245,10005,9864,2.0
6246,10006,9864,3.0
6247,10007,9864,2.0
6248,10009,9864,1.0
6249,10146,9864,2.0
6250,10148,9864,2.0
6251,10160,9864,1.0
6252,10433,9864,1.0
6253,10575,9864,1.0
6254,10853,9864,1.0
6255,11141,9864,2.0
6256,11146,9864,1.0
6257,11562,9864,2.0
6258,6609,10568,1.0
6259,6613,10568,1.0
6260,7017,10568,1.0
6261,8129,10568,1.0
6262,9001,10568,1.0
6263,9163,10568,1.0
6264,9433,10568,1.0
6265,9572,10568,1.0
6266,9848,10568,1.0
6267,9855,10568,1.0
6268,9859,10568,1.0
6269,9861,10568,2.0
6270,9863,10568,1.0
6271,10137,10568,1.0
6272,10145,10568,1.0
6273,10287,10568,2.0
6274,10430,10568,1.0
6275,10569,10568,2.0
6276,10570,10568,1.0
6277,10593,10568,1.0
6278,10852,10568,1.0
6279,10854,10568,1.0
6280,10855,10568,2.0
6281,10856,10568,2.0
6282,11131,10568,2.0
6283,11135,10568,3.0
6284,11138,10568,1.0
6285,11983,10568,1.0
6286,6609,12298,1.0
6287,9893,12298,2.0
6288,11163,12298,1.0
6289,11310,12298,1.0
6290,11443,12298,1.0
6291,11446,12298,2.0
6292,11448,12298,1.0
6293,11578,12298,1.0
6294,11589,12298,1.0
6295,11719,12298,1.0
6296,11746,12298,1.0
6297,12008,12298,1.0
6298,12014,12298,5.0
6299,12032,12298,1.0
6300,12293,12298,1.0
6301,12296,12298,1.0
6302,12297,12298,1.0
6303,12299,12298,1.0
6304,12301,12298,2.0
6305,12440,12298,7.0
6306,12441,12298,2.0
6307,12442,12298,1.0
6308,12550,12298,1.0
6309,12582,12298,1.0
6310,12591,12298,1.0
6311,12722,12298,1.0
6312,12727,12298,1.0
6313,13003,12298,1.0
6314,13007,12298,1.0
6315,13144,12298,1.0
6316,13290,12298,1.0
6317,13422,12298,1.0
6318,14293,12298,1.0
6319,14710,12298,1.0
6320,6610,6327,2.0
6321,6611,6327,1.0
6322,6612,6327,1.0
6323,6750,6327,3.0
6324,7458,6327,1.0
6325,8453,6327,1.0
6326,8604,6327,1.0
6327,9012,6327,1.0
6328,9164,6327,1.0
6329,6610,7746,1.0
6330,7178,7746,2.0
6331,7318,7746,1.0
6332,7319,7746,1.0
6333,7320,7746,1.0
6334,7452,7746,1.0
6335,7458,7746,1.0
6336,7461,7746,1.0
6337,7462,7746,1.0
6338,7605,7746,1.0
6339,7606,7746,1.0
6340,8032,7746,1.0
6341,8599,7746,1.0
6342,10292,7746,1.0
6343,13001,7746,1.0
6344,6610,9031,1.0
6345,9172,9031,2.0
6346,9596,9031,1.0
6347,9600,9031,1.0
6348,9605,9031,2.0
6349,9748,9031,2.0
6350,10172,9031,1.0
6351,11159,9031,1.0
6352,6610,9731,1.0
6353,6754,9731,1.0
6354,7037,9731,1.0
6355,7458,9731,2.0
6356,7606,9731,1.0
6357,8450,9731,1.0
6358,8737,9731,1.0
6359,9020,9731,1.0
6360,9021,9731,1.0
6361,9161,9731,1.0
6362,9164,9731,1.0
6363,9166,9731,1.0
6364,9443,9731,2.0
6365,9580,9731,1.0
6366,9583,9731,1.0
6367,9586,9731,1.0
6368,9589,9731,2.0
6369,9596,9731,4.0
6370,9727,9731,2.0
6371,9728,9731,3.0
6372,9732,9731,1.0
6373,9734,9731,1.0
6374,9735,9731,1.0
6375,9873,9731,2.0
6376,9874,9731,2.0
6377,10012,9731,1.0
6378,10029,9731,1.0
6379,10030,9731,1.0
6380,10145,9731,2.0
6381,10152,9731,2.0
6382,10291,9731,1.0
6383,10584,9731,1.0
6384,10879,9731,1.0
6385,6610,9740,1.0
6386,8287,9740,1.0
6387,9010,9740,1.0
6388,9151,9740,1.0
6389,9174,9740,3.0
6390,9458,9740,2.0
6391,9459,9740,1.0
6392,9596,9740,2.0
6393,9600,9740,1.0
6394,9730,9740,1.0
6395,9739,9740,1.0
6396,9741,9740,1.0
6397,9742,9740,1.0
6398,9880,9740,5.0
6399,9881,9740,7.0
6400,9882,9740,1.0
6401,10002,9740,1.0
6402,10320,9740,4.0
6403,10448,9740,1.0
6404,10583,9740,1.0
6405,10606,9740,1.0
6406,10889,9740,1.0
6407,11296,9740,1.0
6408,11432,9740,1.0
6409,11580,9740,1.0
6410,11601,9740,1.0
6411,6610,10166,2.0
6412,9430,10166,1.0
6413,9604,10166,1.0
6414,9605,10166,1.0
6415,9745,10166,1.0
6416,9875,10166,1.0
6417,9885,10166,1.0
6418,9888,10166,1.0
6419,10024,10166,1.0
6420,10025,10166,2.0
6421,10164,10166,1.0
6422,10165,10166,1.0
6423,10167,10166,2.0
6424,10170,10166,2.0
6425,10308,10166,5.0
6426,10584,10166,1.0
6427,10585,10166,1.0
6428,11316,10166,1.0
6429,11437,10166,3.0
6430,11715,10166,1.0
6431,11867,10166,1.0
6432,6610,12004,1.0
6433,11015,12004,1.0
6434,11434,12004,1.0
6435,11543,12004,1.0
6436,12001,12004,1.0
6437,12007,12004,1.0
6438,12012,12004,1.0
6439,12277,12004,1.0
6440,12283,12004,1.0
6441,12287,12004,1.0
6442,12716,12004,1.0
6443,12846,12004,1.0
6444,13120,12004,1.0
6445,14269,12004,1.0
6446,6611,5325,1.0
6447,6611,8023,1.0
6448,6894,8023,1.0
6449,7457,8023,1.0
6450,7723,8023,1.0
6451,8025,8023,1.0
6452,8167,8023,1.0
6453,8309,8023,2.0
6454,8452,8023,2.0
6455,8592,8023,1.0
6456,8722,8023,1.0
6457,9996,8023,1.0
6458,10011,8023,1.0
6459,10021,8023,1.0
6460,11422,8023,1.0
6461,11860,8023,1.0
6462,6611,8030,1.0
6463,7321,8030,1.0
6464,7462,8030,1.0
6465,7603,8030,1.0
6466,8031,8030,1.0
6467,8740,8030,1.0
6468,8741,8030,3.0
6469,10166,8030,1.0
6470,6611,8318,2.0
6471,8319,8318,2.0
6472,8459,8318,1.0
6473,8460,8318,1.0
6474,8883,8318,1.0
6475,6611,8880,1.0
6476,7598,8880,2.0
6477,7747,8880,1.0
6478,8029,8880,1.0
6479,8308,8880,1.0
6480,8428,8880,2.0
6481,8447,8880,1.0
6482,8735,8880,1.0
6483,8737,8880,2.0
6484,8739,8880,1.0
6485,8881,8880,1.0
6486,9019,8880,2.0
6487,9164,8880,2.0
6488,9167,8880,1.0
6489,9436,8880,1.0
6490,9582,8880,1.0
6491,9584,8880,1.0
6492,10003,8880,1.0
6493,10012,8880,1.0
6494,10432,8880,1.0
6495,10435,8880,2.0
6496,11580,8880,1.0
6497,11701,8880,1.0
6498,12435,8880,1.0
6499,12963,8880,1.0
6500,12967,8880,1.0
6501,13835,8880,1.0
6502,14540,8880,1.0
6503,6611,9165,1.0
6504,8033,9165,1.0
6505,8455,9165,1.0
6506,9017,9165,1.0
6507,9443,9165,1.0
6508,9448,9165,1.0
6509,9453,9165,1.0
6510,9587,9165,1.0
6511,9709,9165,1.0
6512,9731,9165,1.0
6513,9733,9165,1.0
6514,10010,9165,1.0
6515,10326,9165,1.0
6516,10435,9165,1.0
6517,10588,9165,1.0
6518,10855,9165,2.0
6519,11003,9165,1.0
6520,11714,9165,1.0
6521,15271,9165,1.0
6522,16830,9165,1.0
6523,6611,9586,1.0
6524,8032,9586,1.0
6525,8149,9586,1.0
6526,8176,9586,1.0
6527,8425,9586,2.0
6528,8590,9586,1.0
6529,8596,9586,1.0
6530,8599,9586,1.0
6531,8735,9586,1.0
6532,8880,9586,1.0
6533,9016,9586,1.0
6534,9017,9586,1.0
6535,9018,9586,2.0
6536,9020,9586,1.0
6537,9154,9586,1.0
6538,9160,9586,4.0
6539,9161,9586,1.0
6540,9162,9586,1.0
6541,9164,9586,1.0
6542,9435,9586,1.0
6543,9444,9586,2.0
6544,9445,9586,2.0
6545,9579,9586,1.0
6546,9582,9586,1.0
6547,9583,9586,2.0
6548,9584,9586,2.0
6549,9591,9586,1.0
6550,9723,9586,1.0
6551,9726,9586,1.0
6552,9727,9586,1.0
6553,9732,9586,1.0
6554,9747,9586,1.0
6555,9869,9586,1.0
6556,10012,9586,2.0
6557,10150,9586,1.0
6558,10154,9586,1.0
6559,11017,9586,1.0
6560,11659,9586,1.0
6561,6611,10008,1.0
6562,10150,10008,1.0
6563,10279,10008,1.0
6564,11143,10008,1.0
6565,6612,6757,1.0
6566,6615,6757,1.0
6567,12540,6757,1.0
6568,6612,6896,1.0
6569,6751,6896,1.0
6570,6756,6896,1.0
6571,7321,6896,1.0
6572,6612,8738,1.0
6573,7734,8738,1.0
6574,8453,8738,1.0
6575,8737,8738,4.0
6576,8877,8738,1.0
6577,8878,8738,1.0
6578,9018,8738,1.0
6579,9019,8738,1.0
6580,9161,8738,1.0
6581,10285,8738,1.0
6582,11440,8738,1.0
6583,6612,9427,2.0
6584,8010,9427,2.0
6585,8142,9427,2.0
6586,8435,9427,1.0
6587,8717,9427,2.0
6588,8718,9427,1.0
6589,8730,9427,2.0
6590,8839,9427,1.0
6591,8859,9427,1.0
6592,8860,9427,1.0
6593,8871,9427,1.0
6594,8992,9427,1.0
6595,9000,9427,2.0
6596,9004,9427,2.0
6597,9005,9427,1.0
6598,9006,9427,1.0
6599,9008,9427,1.0
6600,9146,9427,1.0
6601,9148,9427,1.0
6602,9376,9427,1.0
6603,9424,9427,1.0
6604,9426,9427,9.0
6605,9428,9427,5.0
6606,9429,9427,5.0
6607,9430,9427,1.0
6608,9433,9427,1.0
6609,9435,9427,1.0
6610,9437,9427,1.0
6611,9438,9427,1.0
6612,9569,9427,1.0
6613,9570,9427,4.0
6614,9571,9427,1.0
6615,9581,9427,1.0
6616,9709,9427,7.0
6617,9710,9427,2.0
6618,9711,9427,1.0
6619,9712,9427,1.0
6620,9714,9427,1.0
6621,9719,9427,2.0
6622,9852,9427,2.0
6623,9855,9427,2.0
6624,9994,9427,1.0
6625,9997,9427,3.0
6626,10022,9427,1.0
6627,10137,9427,1.0
6628,10138,9427,1.0
6629,10139,9427,1.0
6630,10144,9427,1.0
6631,10166,9427,1.0
6632,10288,9427,1.0
6633,10297,9427,1.0
6634,10420,9427,1.0
6635,10422,9427,1.0
6636,10435,9427,1.0
6637,10854,9427,1.0
6638,11447,9427,1.0
6639,11843,9427,1.0
6640,6612,9862,1.0
6641,8871,9862,1.0
6642,9719,9862,2.0
6643,9864,9862,1.0
6644,9870,9862,2.0
6645,9996,9862,1.0
6646,10288,9862,1.0
6647,12406,9862,1.0
6648,6612,10435,4.0
6649,8865,10435,1.0
6650,8880,10435,3.0
6651,9165,10435,1.0
6652,9575,10435,1.0
6653,9875,10435,1.0
6654,10009,10435,1.0
6655,10143,10435,1.0
6656,10288,10435,1.0
6657,10291,10435,2.0
6658,10292,10435,1.0
6659,10293,10435,1.0
6660,10424,10435,1.0
6661,10438,10435,1.0
6662,10570,10435,1.0
6663,10574,10435,1.0
6664,10575,10435,2.0
6665,10578,10435,1.0
6666,10863,10435,1.0
6667,10993,10435,1.0
6668,11000,10435,1.0
6669,11143,10435,4.0
6670,11566,10435,1.0
6671,12569,10435,1.0
6672,12815,10435,1.0
6673,6615,6897,1.0
6674,6683,5832,1.0
6675,9099,5832,1.0
6676,10088,5832,1.0
6677,6683,5967,4.0
6678,6988,5967,1.0
6679,8814,5967,1.0
6680,6683,6255,3.0
6681,7110,6255,2.0
6682,6683,6540,2.0
6683,6684,6540,1.0
6684,6683,6686,1.0
6685,6683,6845,5.0
6686,6705,6845,2.0
6687,6847,6845,1.0
6688,6852,6845,1.0
6689,6988,6845,14.0
6690,6989,6845,4.0
6691,7129,6845,3.0
6692,7270,6845,2.0
6693,7273,6845,1.0
6694,7416,6845,1.0
6695,7996,6845,1.0
6696,8695,6845,1.0
6697,8699,6845,1.0
6698,8834,6845,2.0
6699,8983,6845,1.0
6700,6683,6964,2.0
6701,6684,6964,1.0
6702,6683,7263,2.0
6703,8692,7263,2.0
6704,6683,7273,1.0
6705,6845,7273,1.0
6706,6847,7273,4.0
6707,6988,7273,6.0
6708,6989,7273,2.0
6709,7130,7273,1.0
6710,7416,7273,1.0
6711,7997,7273,1.0
6712,8128,7273,2.0
6713,8269,7273,3.0
6714,8691,7273,1.0
6715,9383,7273,1.0
6716,6683,7420,1.0
6717,7542,7420,1.0
6718,6683,7531,1.0
6719,7532,7531,3.0
6720,9099,7531,1.0
6721,6683,7542,1.0
6722,6846,7542,1.0
6723,6988,7542,1.0
6724,7110,7542,1.0
6725,7260,7542,1.0
6726,7420,7542,1.0
6727,7531,7542,3.0
6728,8268,7542,1.0
6729,8271,7542,1.0
6730,6683,7697,1.0
6731,8987,7697,1.0
6732,6683,9559,1.0
6733,6684,9559,1.0
6734,7402,9559,2.0
6735,7989,9559,1.0
6736,8814,9559,1.0
6737,8837,9559,1.0
6738,6683,9678,1.0
6739,6988,9678,1.0
6740,8419,9678,2.0
6741,8692,9678,3.0
6742,8840,9678,1.0
6743,9536,9678,3.0
6744,9819,9678,5.0
6745,10128,9678,4.0
6746,10536,9678,2.0
6747,6683,11983,1.0
6748,9024,11983,1.0
6749,9161,11983,2.0
6750,9577,11983,2.0
6751,9713,11983,1.0
6752,9849,11983,1.0
6753,9859,11983,1.0
6754,9866,11983,1.0
6755,9888,11983,1.0
6756,10138,11983,2.0
6757,10148,11983,1.0
6758,10275,11983,1.0
6759,10290,11983,1.0
6760,10419,11983,1.0
6761,10568,11983,1.0
6762,10590,11983,1.0
6763,10848,11983,1.0
6764,10853,11983,1.0
6765,10854,11983,1.0
6766,10855,11983,1.0
6767,10989,11983,1.0
6768,11275,11983,2.0
6769,11282,11983,1.0
6770,11416,11983,1.0
6771,11417,11983,1.0
6772,11562,11983,3.0
6773,11580,11983,1.0
6774,11698,11983,4.0
6775,11700,11983,1.0
6776,11702,11983,1.0
6777,11706,11983,1.0
6778,11714,11983,1.0
6779,11841,11983,1.0
6780,11842,11983,1.0
6781,11846,11983,1.0
6782,11956,11983,1.0
6783,12267,11983,3.0
6784,12410,11983,1.0
6785,12419,11983,1.0
6786,12527,11983,2.0
6787,12528,11983,1.0
6788,12548,11983,1.0
6789,12550,11983,1.0
6790,12561,11983,1.0
6791,12689,11983,2.0
6792,12810,11983,1.0
6793,12835,11983,1.0
6794,12836,11983,2.0
6795,12838,11983,1.0
6796,12845,11983,1.0
6797,12978,11983,1.0
6798,12999,11983,1.0
6799,13118,11983,2.0
6800,13145,11983,1.0
6801,13271,11983,1.0
6802,13284,11983,1.0
6803,13394,11983,2.0
6804,13413,11983,1.0
6805,13682,11983,1.0
6806,13683,11983,1.0
6807,13692,11983,1.0
6808,13821,11983,1.0
6809,13824,11983,2.0
6810,13848,11983,1.0
6811,14270,11983,1.0
6812,14559,11983,1.0
6813,14955,11983,1.0
6814,6684,8411,2.0
6815,7531,8411,1.0
6816,8127,8411,1.0
6817,8135,8411,1.0
6818,8269,8411,1.0
6819,8271,8411,1.0
6820,8409,8411,1.0
6821,8414,8411,1.0
6822,8694,8411,1.0
6823,8696,8411,1.0
6824,8835,8411,2.0
6825,9099,8411,2.0
6826,9660,8411,1.0
6827,13689,8411,1.0
6828,6684,8417,1.0
6829,7421,8417,1.0
6830,8137,8417,1.0
6831,8269,8417,1.0
6832,8411,8417,1.0
6833,8415,8417,2.0
6834,8416,8417,1.0
6835,8558,8417,1.0
6836,8694,8417,1.0
6837,8695,8417,2.0
6838,8697,8417,1.0
6839,8699,8417,4.0
6840,8980,8417,1.0
6841,8983,8417,1.0
6842,9403,8417,2.0
6843,10006,8417,2.0
6844,6684,8956,2.0
6845,6988,8956,1.0
6846,8960,8956,1.0
6847,9099,8956,1.0
6848,9126,8956,1.0
6849,9666,8956,1.0
6850,6684,9126,1.0
6851,7270,9126,1.0
6852,7429,9126,1.0
6853,7986,9126,2.0
6854,7987,9126,1.0
6855,8125,9126,3.0
6856,8131,9126,1.0
6857,8138,9126,2.0
6858,8262,9126,2.0
6859,8272,9126,1.0
6860,8273,9126,1.0
6861,8278,9126,1.0
6862,8279,9126,1.0
6863,8406,9126,1.0
6864,8409,9126,1.0
6865,8416,9126,1.0
6866,8551,9126,1.0
6867,8554,9126,1.0
6868,8557,9126,1.0
6869,8559,9126,1.0
6870,8695,9126,3.0
6871,8699,9126,1.0
6872,8837,9126,2.0
6873,8840,9126,1.0
6874,8842,9126,3.0
6875,8843,9126,4.0
6876,8981,9126,1.0
6877,8982,9126,5.0
6878,8983,9126,6.0
6879,8984,9126,1.0
6880,8992,9126,2.0
6881,9124,9126,1.0
6882,9125,9126,2.0
6883,9127,9126,2.0
6884,9414,9126,1.0
6885,9424,9126,2.0
6886,9557,9126,1.0
6887,9559,9126,1.0
6888,10122,9126,1.0
6889,13934,9126,1.0
6890,6684,9383,1.0
6891,6990,9383,1.0
6892,8268,9383,1.0
6893,8409,9383,2.0
6894,8411,9383,1.0
6895,8668,9383,2.0
6896,8683,9383,1.0
6897,8691,9383,1.0
6898,8696,9383,3.0
6899,8958,9383,1.0
6900,9021,9383,1.0
6901,9093,9383,1.0
6902,9095,9383,2.0
6903,9098,9383,3.0
6904,9099,9383,4.0
6905,9386,9383,3.0
6906,9388,9383,1.0
6907,9525,9383,1.0
6908,9536,9383,1.0
6909,9678,9383,1.0
6910,9802,9383,3.0
6911,9825,9383,1.0
6912,10942,9383,1.0
6913,6686,8870,1.0
6914,8727,8870,1.0
6915,8873,8870,2.0
6916,9014,8870,1.0
6917,9858,8870,1.0
6918,10279,8870,1.0
6919,10875,8870,1.0
6920,11275,8870,1.0
6921,11277,8870,1.0
6922,11416,8870,1.0
6923,11568,8870,1.0
6924,11701,8870,1.0
6925,6686,9589,1.0
6926,8595,9589,1.0
6927,8878,9589,1.0
6928,9018,9589,1.0
6929,9153,9589,1.0
6930,9160,9589,2.0
6931,9448,9589,1.0
6932,9583,9589,1.0
6933,9591,9589,1.0
6934,9592,9589,1.0
6935,9593,9589,1.0
6936,9594,9589,1.0
6937,9597,9589,1.0
6938,9605,9589,1.0
6939,9731,9589,3.0
6940,9732,9589,1.0
6941,9733,9589,4.0
6942,9882,9589,1.0
6943,10029,9589,1.0
6944,10149,9589,1.0
6945,10156,9589,2.0
6946,11143,9589,1.0
6947,11462,9589,1.0
6948,6705,8698,1.0
6949,8840,8698,1.0
6950,6710,9578,2.0
6951,8455,9578,1.0
6952,8459,9578,1.0
6953,9151,9578,2.0
6954,9436,9578,1.0
6955,9577,9578,1.0
6956,12275,9578,1.0
6957,12706,9578,1.0
6958,6724,7150,1.0
6959,6873,7150,1.0
6960,8025,7150,2.0
6961,6727,7715,2.0
6962,7999,7715,3.0
6963,8421,7715,1.0
6964,12999,7715,1.0
6965,6731,8589,1.0
6966,6751,8589,1.0
6967,7462,8589,2.0
6968,7598,8589,1.0
6969,7604,8589,1.0
6970,9157,8589,2.0
6971,9581,8589,2.0
6972,10030,8589,1.0
6973,10154,8589,1.0
6974,6739,7309,1.0
6975,6742,7309,1.0
6976,7310,7309,1.0
6977,7313,7309,1.0
6978,8028,7309,1.0
6979,8881,7309,1.0
6980,6743,8603,1.0
6981,7457,8603,1.0
6982,7458,8603,1.0
6983,7465,8603,1.0
6984,7466,8603,1.0
6985,8316,8603,1.0
6986,8319,8603,1.0
6987,8455,8603,1.0
6988,8456,8603,1.0
6989,8459,8603,1.0
6990,8461,8603,5.0
6991,8600,8603,2.0
6992,8604,8603,1.0
6993,8742,8603,1.0
6994,8745,8603,1.0
6995,14561,8603,1.0
6996,6743,10891,6.0
6997,7748,10891,1.0
6998,9019,10891,1.0
6999,9604,10891,1.0
7000,10017,10891,1.0
7001,10029,10891,1.0
7002,10035,10891,1.0
7003,10162,10891,2.0
7004,10170,10891,1.0
7005,10180,10891,1.0
7006,10297,10891,1.0
7007,10316,10891,1.0
7008,10324,10891,1.0
7009,10461,10891,1.0
7010,10465,10891,1.0
7011,10466,10891,2.0
7012,10467,10891,1.0
7013,10602,10891,1.0
7014,10604,10891,2.0
7015,10607,10891,5.0
7016,10608,10891,1.0
7017,11032,10891,1.0
7018,11033,10891,3.0
7019,11034,10891,3.0
7020,11152,10891,1.0
7021,11173,10891,1.0
7022,11315,10891,1.0
7023,12454,10891,2.0
7024,12572,10891,2.0
7025,12848,10891,1.0
7026,13445,10891,1.0
7027,13458,10891,1.0
7028,6747,11565,1.0
7029,7434,11565,1.0
7030,11013,11565,1.0
7031,11282,11565,1.0
7032,11283,11565,3.0
7033,11423,11565,2.0
7034,11564,11565,2.0
7035,11566,11565,12.0
7036,11567,11565,4.0
7037,11707,11565,4.0
7038,11708,11565,1.0
7039,11850,11565,1.0
7040,12275,11565,2.0
7041,12417,11565,1.0
7042,12588,11565,1.0
7043,13154,11565,1.0
7044,6748,6749,1.0
7045,7458,6749,1.0
7046,7459,6749,1.0
7047,6749,6748,1.0
7048,6750,7174,1.0
7049,7454,7174,1.0
7050,8167,7174,1.0
7051,9160,7174,1.0
7052,6750,9020,1.0
7053,7464,9020,1.0
7054,8162,9020,1.0
7055,8587,9020,1.0
7056,8591,9020,2.0
7057,8594,9020,2.0
7058,8735,9020,1.0
7059,8737,9020,1.0
7060,8876,9020,2.0
7061,8877,9020,2.0
7062,8878,9020,2.0
7063,8879,9020,1.0
7064,8880,9020,1.0
7065,8881,9020,3.0
7066,9018,9020,1.0
7067,9019,9020,10.0
7068,9021,9020,4.0
7069,9024,9020,1.0
7070,9162,9020,4.0
7071,9163,9020,2.0
7072,9164,9020,3.0
7073,9438,9020,2.0
7074,9443,9020,1.0
7075,9447,9020,2.0
7076,9448,9020,1.0
7077,9584,9020,1.0
7078,9586,9020,1.0
7079,9587,9020,5.0
7080,9592,9020,2.0
7081,9605,9020,1.0
7082,9854,9020,1.0
7083,9870,9020,5.0
7084,10147,9020,1.0
7085,10155,9020,1.0
7086,10170,9020,1.0
7087,10424,9020,1.0
7088,11140,9020,2.0
7089,11143,9020,1.0
7090,11144,9020,3.0
7091,11146,9020,1.0
7092,11147,9020,1.0
7093,11286,9020,3.0
7094,11459,9020,1.0
7095,14270,9020,1.0
7096,6750,9746,1.0
7097,7463,9746,1.0
7098,8461,9746,1.0
7099,8982,9746,1.0
7100,9604,9746,1.0
7101,9605,9746,2.0
7102,9864,9746,1.0
7103,9873,9746,1.0
7104,9881,9746,1.0
7105,10029,9746,1.0
7106,10035,9746,1.0
7107,10036,9746,1.0
7108,10135,9746,1.0
7109,10445,9746,1.0
7110,10451,9746,4.0
7111,10584,9746,2.0
7112,10595,9746,5.0
7113,10889,9746,1.0
7114,11009,9746,1.0
7115,11010,9746,1.0
7116,11017,9746,1.0
7117,11029,9746,1.0
7118,11155,9746,1.0
7119,11156,9746,1.0
7120,11174,9746,1.0
7121,11310,9746,1.0
7122,11448,9746,1.0
7123,11725,9746,1.0
7124,11888,9746,1.0
7125,12008,9746,2.0
7126,12291,9746,1.0
7127,12314,9746,1.0
7128,12716,9746,1.0
7129,12872,9746,1.0
7130,13000,9746,1.0
7131,13737,9746,1.0
7132,13847,9746,1.0
7133,14992,9746,1.0
7134,15545,9746,1.0
7135,6750,10149,1.0
7136,8590,10149,1.0
7137,8871,10149,2.0
7138,9141,10149,1.0
7139,9157,10149,1.0
7140,9164,10149,2.0
7141,9170,10149,1.0
7142,9429,10149,1.0
7143,9451,10149,1.0
7144,9586,10149,2.0
7145,9589,10149,1.0
7146,9592,10149,2.0
7147,9719,10149,3.0
7148,9723,10149,1.0
7149,9724,10149,2.0
7150,9726,10149,1.0
7151,9865,10149,1.0
7152,9866,10149,1.0
7153,9870,10149,1.0
7154,10007,10149,1.0
7155,10009,10149,3.0
7156,10029,10149,1.0
7157,10140,10149,2.0
7158,10146,10149,1.0
7159,10151,10149,1.0
7160,10160,10149,1.0
7161,10166,10149,1.0
7162,10279,10149,1.0
7163,10285,10149,1.0
7164,10291,10149,4.0
7165,10294,10149,2.0
7166,10434,10149,1.0
7167,10453,10149,1.0
7168,10570,10149,1.0
7169,10576,10149,2.0
7170,10582,10149,1.0
7171,10587,10149,1.0
7172,10592,10149,1.0
7173,10848,10149,2.0
7174,10859,10149,1.0
7175,10994,10149,1.0
7176,11135,10149,1.0
7177,11140,10149,1.0
7178,11154,10149,3.0
7179,11287,10149,1.0
7180,11436,10149,1.0
7181,11580,10149,2.0
7182,11684,10149,1.0
7183,11717,10149,1.0
7184,12999,10149,1.0
7185,13975,10149,1.0
7186,6750,12262,1.0
7187,8282,12262,1.0
7188,8530,12262,1.0
7189,9858,12262,1.0
7190,10424,12262,1.0
7191,10967,12262,1.0
7192,11285,12262,1.0
7193,11414,12262,1.0
7194,11723,12262,1.0
7195,12567,12262,1.0
7196,12600,12262,1.0
7197,12658,12262,1.0
7198,12827,12262,1.0
7199,12972,12262,1.0
7200,13828,12262,1.0
7201,14963,12262,1.0
7202,15091,12262,1.0
7203,15099,12262,1.0
7204,15122,12262,1.0
7205,15288,12262,1.0
7206,6751,8164,1.0
7207,6751,8320,1.0
7208,7032,8320,1.0
7209,7604,8320,1.0
7210,6751,12288,1.0
7211,9449,12288,1.0
7212,9745,12288,1.0
7213,10153,12288,1.0
7214,10181,12288,1.0
7215,10583,12288,1.0
7216,11012,12288,1.0
7217,11172,12288,1.0
7218,11287,12288,1.0
7219,11442,12288,1.0
7220,11717,12288,1.0
7221,11857,12288,1.0
7222,11863,12288,1.0
7223,11986,12288,1.0
7224,12006,12288,1.0
7225,12007,12288,1.0
7226,12430,12288,1.0
7227,12434,12288,1.0
7228,12571,12288,1.0
7229,12572,12288,2.0
7230,12576,12288,2.0
7231,12705,12288,1.0
7232,12721,12288,1.0
7233,12838,12288,1.0
7234,12997,12288,1.0
7235,13157,12288,1.0
7236,13850,12288,1.0
7237,15134,12288,1.0
7238,6752,6180,1.0
7239,6752,6583,1.0
7240,7581,6583,2.0
7241,7996,6583,1.0
7242,6752,7176,1.0
7243,7747,7176,1.0
7244,8170,7176,1.0
7245,8727,7176,1.0
7246,8741,7176,1.0
7247,8885,7176,1.0
7248,6752,8584,1.0
7249,8583,8584,1.0
7250,8585,8584,2.0
7251,8721,8584,1.0
7252,8722,8584,1.0
7253,8724,8584,1.0
7254,8727,8584,2.0
7255,8839,8584,1.0
7256,8867,8584,7.0
7257,8869,8584,1.0
7258,9149,8584,1.0
7259,9167,8584,1.0
7260,9440,8584,1.0
7261,9580,8584,1.0
7262,9712,8584,1.0
7263,9718,8584,1.0
7264,9721,8584,1.0
7265,11283,8584,1.0
7266,11873,8584,1.0
7267,12859,8584,2.0
7268,6752,8594,1.0
7269,7314,8594,1.0
7270,7600,8594,1.0
7271,7742,8594,1.0
7272,8166,8594,1.0
7273,8308,8594,1.0
7274,8452,8594,1.0
7275,8585,8594,1.0
7276,8592,8594,1.0
7277,8593,8594,3.0
7278,8595,8594,5.0
7279,8733,8594,2.0
7280,8735,8594,2.0
7281,8738,8594,5.0
7282,8878,8594,1.0
7283,9018,8594,1.0
7284,9019,8594,2.0
7285,9020,8594,1.0
7286,9162,8594,1.0
7287,9164,8594,1.0
7288,9167,8594,1.0
7289,9444,8594,1.0
7290,9586,8594,1.0
7291,11459,8594,1.0
7292,11461,8594,1.0
7293,6752,9451,1.0
7294,8601,9451,1.0
7295,8879,9451,1.0
7296,8884,9451,1.0
7297,9019,9451,1.0
7298,9023,9451,1.0
7299,9025,9451,1.0
7300,9160,9451,1.0
7301,9162,9451,1.0
7302,9164,9451,1.0
7303,9167,9451,3.0
7304,9448,9451,1.0
7305,9450,9451,2.0
7306,9452,9451,1.0
7307,9453,9451,3.0
7308,9592,9451,2.0
7309,9597,9451,1.0
7310,9602,9451,1.0
7311,9604,9451,1.0
7312,9709,9451,1.0
7313,9731,9451,1.0
7314,9735,9451,4.0
7315,9888,9451,1.0
7316,9996,9451,1.0
7317,10012,9451,1.0
7318,10151,9451,1.0
7319,10168,9451,1.0
7320,10296,9451,1.0
7321,10584,9451,1.0
7322,13001,9451,1.0
7323,13287,9451,1.0
7324,6752,10896,1.0
7325,7017,10896,1.0
7326,10894,10896,2.0
7327,11272,10896,1.0
7328,11319,10896,1.0
7329,6753,11451,1.0
7330,8174,11451,1.0
7331,8739,11451,1.0
7332,10166,11451,1.0
7333,10323,11451,1.0
7334,10867,11451,1.0
7335,10882,11451,1.0
7336,10893,11451,1.0
7337,11017,11451,1.0
7338,11167,11451,2.0
7339,11172,11451,1.0
7340,11292,11451,1.0
7341,11310,11451,1.0
7342,11441,11451,1.0
7343,11447,11451,1.0
7344,11449,11451,1.0
7345,11450,11451,2.0
7346,11452,11451,1.0
7347,11455,11451,1.0
7348,11585,11451,1.0
7349,11592,11451,1.0
7350,11740,11451,1.0
7351,12017,11451,1.0
7352,12020,11451,1.0
7353,12030,11451,1.0
7354,12311,11451,1.0
7355,12312,11451,1.0
7356,12313,11451,1.0
7357,12734,11451,1.0
7358,13437,11451,1.0
7359,6754,11320,2.0
7360,9588,11320,1.0
7361,9605,11320,1.0
7362,10027,11320,1.0
7363,10040,11320,1.0
7364,10466,11320,5.0
7365,10893,11320,1.0
7366,10894,11320,1.0
7367,11033,11320,1.0
7368,11035,11320,2.0
7369,11036,11320,1.0
7370,11177,11320,1.0
7371,11178,11320,4.0
7372,11180,11320,1.0
7373,11311,11320,1.0
7374,11322,11320,3.0
7375,11459,11320,2.0
7376,11460,11320,1.0
7377,11461,11320,3.0
7378,11462,11320,8.0
7379,11463,11320,1.0
7380,11598,11320,2.0
7381,11602,11320,1.0
7382,11604,11320,1.0
7383,11743,11320,4.0
7384,11884,11320,1.0
7385,11886,11320,1.0
7386,12012,11320,1.0
7387,12030,11320,3.0
7388,12031,11320,1.0
7389,12032,11320,3.0
7390,12575,11320,2.0
7391,6755,6613,1.0
7392,6756,6613,1.0
7393,6756,7172,1.0
7394,6756,7173,2.0
7395,7457,7173,1.0
7396,9745,7173,1.0
7397,10860,7173,1.0
7398,6756,7183,1.0
7399,6756,8176,1.0
7400,8319,8176,1.0
7401,8455,8176,1.0
7402,8461,8176,1.0
7403,9711,8176,1.0
7404,9740,8176,1.0
7405,10012,8176,1.0
7406,11156,8176,1.0
7407,6756,8317,1.0
7408,7458,8317,1.0
7409,7601,8317,1.0
7410,7602,8317,1.0
7411,7606,8317,1.0
7412,7747,8317,2.0
7413,8032,8317,5.0
7414,8166,8317,1.0
7415,8174,8317,1.0
7416,8175,8317,4.0
7417,8315,8317,4.0
7418,8316,8317,2.0
7419,8456,8317,2.0
7420,8457,8317,1.0
7421,8594,8317,1.0
7422,8725,8317,1.0
7423,9605,8317,1.0
7424,9887,8317,1.0
7425,12308,8317,1.0
7426,6756,12725,1.0
7427,9164,12725,1.0
7428,10004,12725,1.0
7429,10879,12725,1.0
7430,11305,12725,3.0
7431,11587,12725,1.0
7432,11588,12725,1.0
7433,11605,12725,2.0
7434,11728,12725,1.0
7435,11745,12725,1.0
7436,11866,12725,1.0
7437,12022,12725,1.0
7438,12026,12725,1.0
7439,12299,12725,3.0
7440,12451,12725,1.0
7441,12579,12725,1.0
7442,12582,12725,1.0
7443,12723,12725,1.0
7444,12724,12725,1.0
7445,12727,12725,1.0
7446,12735,12725,1.0
7447,12742,12725,1.0
7448,12867,12725,1.0
7449,12868,12725,3.0
7450,12874,12725,1.0
7451,12875,12725,1.0
7452,12878,12725,1.0
7453,12992,12725,1.0
7454,13298,12725,1.0
7455,13438,12725,1.0
7456,13686,12725,1.0
7457,14011,12725,1.0
7458,15145,12725,1.0
7459,6824,7532,1.0
7460,7542,7532,2.0
7461,6834,7120,1.0
7462,7118,7120,1.0
7463,7129,7120,1.0
7464,6836,6553,2.0
7465,6836,7114,1.0
7466,6845,6705,2.0
7467,6988,6705,2.0
7468,8275,6705,1.0
7469,6845,7129,3.0
7470,6989,7129,3.0
7471,7120,7129,1.0
7472,7130,7129,2.0
7473,7131,7129,1.0
7474,8127,7129,1.0
7475,8138,7129,1.0
7476,8414,7129,2.0
7477,8553,7129,1.0
7478,8558,7129,1.0
7479,9019,7129,1.0
7480,6845,7270,2.0
7481,7983,7270,1.0
7482,8128,7270,2.0
7483,8695,7270,3.0
7484,9126,7270,1.0
7485,6845,7422,1.0
7486,7114,7422,1.0
7487,6845,7555,1.0
7488,7129,7555,1.0
7489,7413,7555,3.0
7490,7415,7555,1.0
7491,7416,7555,3.0
7492,8268,7555,1.0
7493,8269,7555,1.0
7494,8694,7555,1.0
7495,6847,6846,6.0
7496,6988,6846,7.0
7497,6989,6846,1.0
7498,7273,6846,2.0
7499,7400,6846,1.0
7500,8275,6846,2.0
7501,9164,6846,1.0
7502,6847,6990,2.0
7503,6988,6990,3.0
7504,7390,6990,1.0
7505,8551,6990,1.0
7506,8876,6990,1.0
7507,6847,7277,1.0
7508,6989,7277,2.0
7509,8273,7277,1.0
7510,8558,7277,1.0
7511,8839,7277,1.0
7512,6847,8240,1.0
7513,7991,8240,1.0
7514,6847,8410,2.0
7515,6877,8410,1.0
7516,7706,8410,1.0
7517,8127,8410,1.0
7518,8128,8410,4.0
7519,8268,8410,2.0
7520,8277,8410,1.0
7521,8409,8410,1.0
7522,8412,8410,1.0
7523,8413,8410,1.0
7524,8414,8410,2.0
7525,8551,8410,3.0
7526,8553,8410,1.0
7527,8554,8410,1.0
7528,8561,8410,1.0
7529,8692,8410,2.0
7530,8696,8410,2.0
7531,8838,8410,2.0
7532,8983,8410,1.0
7533,9127,8410,1.0
7534,12999,8410,1.0
7535,6847,8561,1.0
7536,7988,8561,1.0
7537,8278,8561,1.0
7538,8410,8561,1.0
7539,14375,8561,1.0
7540,6847,8725,1.0
7541,8317,8725,1.0
7542,8583,8725,1.0
7543,8584,8725,1.0
7544,8585,8725,1.0
7545,8586,8725,1.0
7546,8722,8725,3.0
7547,8724,8725,1.0
7548,8726,8725,1.0
7549,8867,8725,4.0
7550,8868,8725,3.0
7551,8869,8725,2.0
7552,8871,8725,2.0
7553,9000,8725,1.0
7554,9146,8725,2.0
7555,9153,8725,1.0
7556,9164,8725,1.0
7557,9448,8725,1.0
7558,10005,8725,1.0
7559,10174,8725,1.0
7560,10415,8725,1.0
7561,10584,8725,1.0
7562,11089,8725,1.0
7563,11319,8725,1.0
7564,13854,8725,1.0
7565,6847,12723,1.0
7566,8584,12723,2.0
7567,9145,12723,1.0
7568,9605,12723,1.0
7569,9883,12723,1.0
7570,9888,12723,2.0
7571,10308,12723,1.0
7572,10605,12723,1.0
7573,11009,12723,1.0
7574,11025,12723,1.0
7575,11162,12723,1.0
7576,11163,12723,1.0
7577,11296,12723,1.0
7578,11443,12723,1.0
7579,11457,12723,1.0
7580,11460,12723,1.0
7581,11580,12723,1.0
7582,11585,12723,1.0
7583,11588,12723,1.0
7584,11589,12723,3.0
7585,11727,12723,1.0
7586,11730,12723,1.0
7587,11731,12723,1.0
7588,11869,12723,1.0
7589,11870,12723,1.0
7590,11874,12723,1.0
7591,12003,12723,1.0
7592,12010,12723,2.0
7593,12014,12723,1.0
7594,12015,12723,1.0
7595,12017,12723,1.0
7596,12023,12723,1.0
7597,12027,12723,1.0
7598,12277,12723,1.0
7599,12294,12723,1.0
7600,12296,12723,1.0
7601,12299,12723,1.0
7602,12438,12723,2.0
7603,12442,12723,1.0
7604,12454,12723,1.0
7605,12575,12723,2.0
7606,12579,12723,1.0
7607,12581,12723,4.0
7608,12716,12723,1.0
7609,12719,12723,1.0
7610,12720,12723,1.0
7611,12721,12723,1.0
7612,12722,12723,2.0
7613,12724,12723,4.0
7614,12728,12723,2.0
7615,12732,12723,1.0
7616,12854,12723,1.0
7617,12871,12723,1.0
7618,12872,12723,2.0
7619,12882,12723,1.0
7620,13001,12723,1.0
7621,13006,12723,2.0
7622,13011,12723,4.0
7623,13012,12723,1.0
7624,13027,12723,1.0
7625,13143,12723,1.0
7626,13152,12723,3.0
7627,13291,12723,1.0
7628,13294,12723,1.0
7629,13430,12723,1.0
7630,13437,12723,2.0
7631,13852,12723,1.0
7632,13855,12723,1.0
7633,13861,12723,1.0
7634,14003,12723,1.0
7635,14279,12723,1.0
7636,14424,12723,1.0
7637,14426,12723,1.0
7638,14560,12723,1.0
7639,14994,12723,1.0
7640,15131,12723,1.0
7641,17814,12723,2.0
7642,6850,9023,1.0
7643,7438,9023,1.0
7644,8859,9023,1.0
7645,8881,9023,1.0
7646,9003,9023,1.0
7647,9451,9023,1.0
7648,9587,9023,1.0
7649,9718,9023,1.0
7650,9859,9023,1.0
7651,12562,9023,1.0
7652,6852,6283,1.0
7653,6989,6283,1.0
7654,8273,6283,1.0
7655,8881,6283,1.0
7656,6852,6710,2.0
7657,6989,6710,1.0
7658,9719,6710,1.0
7659,6857,6860,1.0
7660,8277,6860,2.0
7661,6857,8007,1.0
7662,7435,8007,1.0
7663,7581,8007,2.0
7664,7723,8007,2.0
7665,7996,8007,1.0
7666,8010,8007,1.0
7667,8127,8007,1.0
7668,8142,8007,1.0
7669,8149,8007,1.0
7670,8277,8007,2.0
7671,8291,8007,1.0
7672,8447,8007,2.0
7673,8740,8007,1.0
7674,10138,8007,1.0
7675,6857,8414,3.0
7676,6988,8414,1.0
7677,7129,8414,2.0
7678,7708,8414,2.0
7679,8271,8414,2.0
7680,8273,8414,3.0
7681,8275,8414,1.0
7682,8277,8414,1.0
7683,8278,8414,3.0
7684,8410,8414,1.0
7685,8411,8414,1.0
7686,8415,8414,2.0
7687,8552,8414,2.0
7688,8695,8414,5.0
7689,8696,8414,1.0
7690,8835,8414,3.0
7691,8839,8414,1.0
7692,8982,8414,3.0
7693,9021,8414,1.0
7694,9123,8414,1.0
7695,9126,8414,1.0
7696,9127,8414,1.0
7697,11105,8414,1.0
7698,14411,8414,1.0
7699,6861,5868,2.0
7700,7284,5868,2.0
7701,8691,5868,1.0
7702,6861,6301,1.0
7703,8007,6301,1.0
7704,6861,6717,2.0
7705,7565,6717,1.0
7706,8139,6717,6.0
7707,6861,9857,1.0
7708,7457,9857,1.0
7709,8415,9857,1.0
7710,8429,9857,1.0
7711,8449,9857,1.0
7712,9005,9857,1.0
7713,9157,9857,1.0
7714,9427,9857,2.0
7715,9430,9857,1.0
7716,9447,9857,1.0
7717,9575,9857,3.0
7718,9719,9857,1.0
7719,9854,9857,7.0
7720,9858,9857,1.0
7721,9861,9857,2.0
7722,9998,9857,2.0
7723,10000,9857,2.0
7724,10282,9857,1.0
7725,10286,9857,1.0
7726,10291,9857,1.0
7727,11446,9857,1.0
7728,11561,9857,1.0
7729,12277,9857,1.0
7730,14412,9857,2.0
7731,6865,5870,1.0
7732,6877,6741,2.0
7733,6894,8173,1.0
7734,7319,8173,1.0
7735,7321,8173,1.0
7736,7747,8173,2.0
7737,7748,8173,1.0
7738,8032,8173,3.0
7739,8174,8173,1.0
7740,8314,8173,1.0
7741,8316,8173,1.0
7742,8459,8173,1.0
7743,9461,8173,1.0
7744,10006,8173,1.0
7745,11305,8173,1.0
7746,6895,10006,1.0
7747,8732,10006,1.0
7748,8733,10006,1.0
7749,9016,10006,1.0
7750,9030,10006,1.0
7751,9558,10006,1.0
7752,9575,10006,1.0
7753,9580,10006,1.0
7754,9719,10006,2.0
7755,9864,10006,1.0
7756,9865,10006,1.0
7757,10002,10006,1.0
7758,10004,10006,1.0
7759,10007,10006,2.0
7760,10146,10006,1.0
7761,10147,10006,3.0
7762,10149,10006,2.0
7763,10287,10006,1.0
7764,10288,10006,1.0
7765,10289,10006,1.0
7766,10291,10006,1.0
7767,10569,10006,2.0
7768,10574,10006,1.0
7769,10857,10006,2.0
7770,10885,10006,1.0
7771,10996,10006,2.0
7772,11143,10006,2.0
7773,11148,10006,2.0
7774,11277,10006,1.0
7775,11717,10006,1.0
7776,6895,12540,1.0
7777,13010,12540,1.0
7778,13677,12540,1.0
7779,6898,6899,1.0
7780,6898,9603,1.0
7781,7461,9603,2.0
7782,8158,9603,1.0
7783,9452,9603,1.0
7784,9569,9603,1.0
7785,9598,9603,1.0
7786,9605,9603,1.0
7787,9742,9603,1.0
7788,9746,9603,1.0
7789,9747,9603,1.0
7790,10166,9603,1.0
7791,10894,9603,1.0
7792,10998,9603,1.0
7793,11021,9603,1.0
7794,11036,9603,1.0
7795,11145,9603,1.0
7796,11153,9603,1.0
7797,11175,9603,1.0
7798,11305,9603,1.0
7799,11310,9603,3.0
7800,11436,9603,1.0
7801,11718,9603,1.0
7802,11859,9603,1.0
7803,11884,9603,1.0
7804,12282,9603,1.0
7805,12443,9603,1.0
7806,6988,5435,1.0
7807,6988,6995,2.0
7808,8125,6995,1.0
7809,8129,6995,1.0
7810,8136,6995,1.0
7811,6988,7276,1.0
7812,6988,7390,2.0
7813,6990,7390,1.0
7814,6988,7415,1.0
7815,6988,7421,3.0
7816,7993,7421,1.0
7817,8138,7421,1.0
7818,6988,7428,3.0
7819,8409,7428,2.0
7820,8423,7428,1.0
7821,6988,8125,1.0
7822,8126,8125,2.0
7823,8133,8125,2.0
7824,8268,8125,3.0
7825,8274,8125,1.0
7826,8412,8125,1.0
7827,8551,8125,1.0
7828,8693,8125,1.0
7829,8695,8125,2.0
7830,8982,8125,1.0
7831,8983,8125,1.0
7832,9126,8125,1.0
7833,6988,8126,3.0
7834,7130,8126,1.0
7835,7996,8126,1.0
7836,8127,8126,1.0
7837,8128,8126,1.0
7838,8269,8126,2.0
7839,8413,8126,2.0
7840,8551,8126,2.0
7841,8693,8126,1.0
7842,8695,8126,3.0
7843,8696,8126,1.0
7844,8834,8126,1.0
7845,12984,8126,1.0
7846,6988,8129,1.0
7847,6995,8129,1.0
7848,7129,8129,1.0
7849,7437,8129,1.0
7850,8128,8129,1.0
7851,8273,8129,1.0
7852,8409,8129,2.0
7853,8412,8129,2.0
7854,8414,8129,1.0
7855,8416,8129,1.0
7856,8554,8129,3.0
7857,8695,8129,2.0
7858,8839,8129,1.0
7859,9127,8129,1.0
7860,11881,8129,1.0
7861,6988,8279,1.0
7862,7988,8279,1.0
7863,7991,8279,2.0
7864,7999,8279,2.0
7865,8130,8279,1.0
7866,8137,8279,1.0
7867,8138,8279,2.0
7868,8270,8279,1.0
7869,8277,8279,2.0
7870,8278,8279,1.0
7871,8282,8279,1.0
7872,8416,8279,1.0
7873,8426,8279,1.0
7874,8552,8279,1.0
7875,8695,8279,3.0
7876,8837,8279,1.0
7877,9008,8279,1.0
7878,9953,8279,1.0
7879,12668,8279,1.0
7880,12979,8279,1.0
7881,6988,8283,1.0
7882,6989,8283,2.0
7883,7715,8283,1.0
7884,7996,8283,2.0
7885,8127,8283,1.0
7886,8128,8283,1.0
7887,8139,8283,1.0
7888,8140,8283,2.0
7889,8281,8283,2.0
7890,8415,8283,1.0
7891,8424,8283,4.0
7892,8425,8283,1.0
7893,8838,8283,1.0
7894,6988,11238,2.0
7895,11517,11238,2.0
7896,11529,11238,1.0
7897,12526,11238,1.0
7898,6989,6565,1.0
7899,7131,6565,1.0
7900,7576,6565,2.0
7901,7997,6565,1.0
7902,8268,6565,3.0
7903,8279,6565,1.0
7904,8694,6565,1.0
7905,6989,6834,1.0
7906,6989,6850,1.0
7907,9023,6850,1.0
7908,6989,8409,2.0
7909,7428,8409,2.0
7910,7986,8409,1.0
7911,7987,8409,2.0
7912,8128,8409,5.0
7913,8129,8409,2.0
7914,8259,8409,1.0
7915,8268,8409,1.0
7916,8269,8409,1.0
7917,8271,8409,2.0
7918,8273,8409,1.0
7919,8276,8409,2.0
7920,8410,8409,1.0
7921,8411,8409,1.0
7922,8412,8409,1.0
7923,8530,8409,1.0
7924,8551,8409,6.0
7925,8552,8409,2.0
7926,8553,8409,1.0
7927,8554,8409,1.0
7928,8691,8409,2.0
7929,8692,8409,1.0
7930,8693,8409,3.0
7931,8694,8409,1.0
7932,8695,8409,3.0
7933,8696,8409,4.0
7934,9383,8409,2.0
7935,9667,8409,3.0
7936,9719,8409,1.0
7937,12421,8409,1.0
7938,6989,8418,1.0
7939,7714,8418,1.0
7940,8135,8418,1.0
7941,8268,8418,1.0
7942,8277,8418,1.0
7943,8282,8418,1.0
7944,8412,8418,1.0
7945,8415,8418,1.0
7946,8416,8418,1.0
7947,8419,8418,1.0
7948,8554,8418,1.0
7949,8557,8418,3.0
7950,8700,8418,1.0
7951,8720,8418,1.0
7952,8842,8418,1.0
7953,11107,8418,2.0
7954,6989,8837,1.0
7955,7548,8837,1.0
7956,8127,8837,1.0
7957,8554,8837,1.0
7958,8691,8837,1.0
7959,8695,8837,10.0
7960,8696,8837,4.0
7961,8836,8837,1.0
7962,8839,8837,2.0
7963,8978,8837,1.0
7964,8982,8837,1.0
7965,9126,8837,2.0
7966,9168,8837,1.0
7967,9686,8837,1.0
7968,13793,8837,1.0
7969,6990,7988,2.0
7970,7705,7988,2.0
7971,8127,7988,1.0
7972,8128,7988,2.0
7973,8272,7988,1.0
7974,8273,7988,3.0
7975,8281,7988,1.0
7976,8412,7988,1.0
7977,8416,7988,1.0
7978,8814,7988,1.0
7979,8840,7988,2.0
7980,6992,7427,1.0
7981,11949,7427,2.0
7982,6992,8135,1.0
7983,7716,8135,1.0
7984,8280,8135,3.0
7985,8411,8135,1.0
7986,8418,8135,1.0
7987,8693,8135,1.0
7988,8695,8135,1.0
7989,9376,8135,1.0
7990,6992,13955,1.0
7991,12245,13955,2.0
7992,6993,8839,1.0
7993,7130,8839,1.0
7994,7708,8839,1.0
7995,8000,8839,1.0
7996,8268,8839,1.0
7997,8271,8839,2.0
7998,8276,8839,2.0
7999,8410,8839,1.0
8000,8412,8839,4.0
8001,8552,8839,1.0
8002,8554,8839,1.0
8003,8555,8839,1.0
8004,8558,8839,1.0
8005,8584,8839,1.0
8006,8692,8839,2.0
8007,8694,8839,3.0
8008,8695,8839,1.0
8009,8696,8839,12.0
8010,8700,8839,2.0
8011,8835,8839,1.0
8012,8836,8839,2.0
8013,8837,8839,2.0
8014,8838,8839,1.0
8015,8840,8839,1.0
8016,8978,8839,1.0
8017,8982,8839,1.0
8018,8983,8839,1.0
8019,8984,8839,1.0
8020,9013,8839,1.0
8021,9125,8839,1.0
8022,9427,8839,1.0
8023,9540,8839,1.0
8024,9554,8839,1.0
8025,9678,8839,1.0
8026,9717,8839,1.0
8027,9958,8839,1.0
8028,10140,8839,1.0
8029,10279,8839,1.0
8030,10536,8839,1.0
8031,10851,8839,1.0
8032,11131,8839,1.0
8033,11651,8839,1.0
8034,11667,8839,1.0
8035,13934,8839,1.0
8036,14633,8839,1.0
8037,15166,8839,2.0
8038,6995,8136,1.0
8039,7993,8136,4.0
8040,8128,8136,3.0
8041,8137,8136,4.0
8042,8138,8136,1.0
8043,8278,8136,1.0
8044,8284,8136,2.0
8045,8833,8136,1.0
8046,9127,8136,1.0
8047,7000,8553,1.0
8048,7129,8553,1.0
8049,7698,8553,1.0
8050,7708,8553,1.0
8051,8013,8553,1.0
8052,8025,8553,1.0
8053,8127,8553,2.0
8054,8128,8553,3.0
8055,8268,8553,1.0
8056,8275,8553,3.0
8057,8409,8553,2.0
8058,8410,8553,1.0
8059,8411,8553,1.0
8060,8412,8553,1.0
8061,8552,8553,3.0
8062,8554,8553,3.0
8063,8555,8553,2.0
8064,8692,8553,1.0
8065,8693,8553,1.0
8066,8695,8553,12.0
8067,8696,8553,8.0
8068,8697,8553,1.0
8069,8826,8553,1.0
8070,8833,8553,1.0
8071,8963,8553,1.0
8072,9819,8553,2.0
8073,9863,8553,1.0
8074,10804,8553,1.0
8075,11517,8553,1.0
8076,7017,10850,2.0
8077,9024,10850,1.0
8078,9167,10850,1.0
8079,10162,10850,1.0
8080,10577,10850,1.0
8081,10848,10850,2.0
8082,10851,10850,1.0
8083,10853,10850,1.0
8084,10990,10850,1.0
8085,7017,11117,1.0
8086,11141,11117,1.0
8087,11259,11117,1.0
8088,11397,11117,2.0
8089,11401,11117,1.0
8090,11543,11117,1.0
8091,11684,11117,2.0
8092,11863,11117,1.0
8093,11980,11117,1.0
8094,12810,11117,1.0
8095,12977,11117,1.0
8096,14975,11117,3.0
8097,16682,11117,1.0
8098,7017,11273,1.0
8099,7435,11273,1.0
8100,9588,11273,1.0
8101,9859,11273,1.0
8102,10138,11273,1.0
8103,10147,11273,2.0
8104,10467,11273,2.0
8105,10565,11273,2.0
8106,10852,11273,1.0
8107,10853,11273,1.0
8108,10856,11273,1.0
8109,10990,11273,1.0
8110,10993,11273,1.0
8111,11019,11273,1.0
8112,11130,11273,1.0
8113,11131,11273,9.0
8114,11135,11273,1.0
8115,11271,11273,1.0
8116,11272,11273,5.0
8117,11277,11273,1.0
8118,11286,11273,1.0
8119,11302,11273,1.0
8120,11401,11273,1.0
8121,11414,11273,3.0
8122,11415,11273,1.0
8123,11417,11273,1.0
8124,11568,11273,1.0
8125,11703,11273,1.0
8126,11813,11273,1.0
8127,12290,11273,1.0
8128,14386,11273,1.0
8129,7017,11298,1.0
8130,9016,11298,1.0
8131,9174,11298,1.0
8132,9599,11298,1.0
8133,9747,11298,1.0
8134,9888,11298,1.0
8135,10162,11298,1.0
8136,10308,11298,1.0
8137,10321,11298,1.0
8138,10444,11298,1.0
8139,10597,11298,1.0
8140,10873,11298,1.0
8141,11012,11298,4.0
8142,11014,11298,1.0
8143,11152,11298,1.0
8144,11154,11298,1.0
8145,11155,11298,1.0
8146,11156,11298,1.0
8147,11159,11298,1.0
8148,11296,11298,1.0
8149,11297,11298,1.0
8150,11306,11298,1.0
8151,11438,11298,1.0
8152,11719,11298,1.0
8153,11723,11298,1.0
8154,11864,11298,1.0
8155,12588,11298,1.0
8156,7017,11566,2.0
8157,7747,11566,1.0
8158,8280,11566,1.0
8159,9443,11566,1.0
8160,9999,11566,1.0
8161,10428,11566,1.0
8162,10575,11566,1.0
8163,10578,11566,1.0
8164,10855,11566,1.0
8165,10856,11566,2.0
8166,11136,11566,1.0
8167,11137,11566,1.0
8168,11140,11566,2.0
8169,11143,11566,1.0
8170,11275,11566,1.0
8171,11277,11566,1.0
8172,11281,11566,1.0
8173,11282,11566,2.0
8174,11285,11566,2.0
8175,11287,11566,1.0
8176,11420,11566,2.0
8177,11426,11566,2.0
8178,11562,11566,2.0
8179,11564,11566,1.0
8180,11565,11566,8.0
8181,11567,11566,3.0
8182,11568,11566,2.0
8183,11573,11566,1.0
8184,11701,11566,1.0
8185,11704,11566,1.0
8186,11706,11566,2.0
8187,11707,11566,1.0
8188,11709,11566,5.0
8189,11711,11566,2.0
8190,11847,11566,1.0
8191,11989,11566,1.0
8192,12271,11566,1.0
8193,12273,11566,1.0
8194,12276,11566,1.0
8195,12416,11566,1.0
8196,12561,11566,1.0
8197,12702,11566,1.0
8198,12835,11566,1.0
8199,12840,11566,1.0
8200,12843,11566,1.0
8201,14113,11566,1.0
8202,15561,11566,1.0
8203,7017,12548,1.0
8204,11036,12548,1.0
8205,11290,12548,1.0
8206,11704,12548,1.0
8207,11980,12548,1.0
8208,12262,12548,1.0
8209,12546,12548,1.0
8210,12549,12548,1.0
8211,12550,12548,1.0
8212,12685,12548,1.0
8213,12689,12548,2.0
8214,12694,12548,2.0
8215,12703,12548,1.0
8216,12824,12548,1.0
8217,12835,12548,1.0
8218,12838,12548,1.0
8219,12972,12548,2.0
8220,13118,12548,1.0
8221,13120,12548,1.0
8222,13393,12548,1.0
8223,13650,12548,1.0
8224,13678,12548,1.0
8225,13793,12548,1.0
8226,13846,12548,2.0
8227,13930,12548,1.0
8228,13933,12548,1.0
8229,14709,12548,1.0
8230,7017,12550,1.0
8231,12298,12550,1.0
8232,12552,12550,1.0
8233,12715,12550,1.0
8234,7017,12972,1.0
8235,12262,12972,2.0
8236,12548,12972,1.0
8237,12549,12972,1.0
8238,12688,12972,3.0
8239,12974,12972,1.0
8240,12977,12972,2.0
8241,15257,12972,2.0
8242,7017,13977,1.0
8243,9591,13977,1.0
8244,13265,13977,1.0
8245,13690,13977,1.0
8246,13840,13977,1.0
8247,13974,13977,1.0
8248,14102,13977,1.0
8249,14126,13977,2.0
8250,14410,13977,1.0
8251,14973,13977,1.0
8252,15539,13977,1.0
8253,7019,6309,1.0
8254,7747,6309,1.0
8255,8024,6309,1.0
8256,9857,6309,1.0
8257,7019,7729,1.0
8258,7731,7729,1.0
8259,7734,7729,2.0
8260,8015,7729,1.0
8261,8152,7729,1.0
8262,8314,7729,1.0
8263,9430,7729,1.0
8264,7019,7731,1.0
8265,7156,7731,1.0
8266,7452,7731,1.0
8267,7729,7731,1.0
8268,8160,7731,1.0
8269,8240,7731,1.0
8270,8424,7731,1.0
8271,9605,7731,1.0
8272,10007,7731,1.0
8273,10140,7731,1.0
8274,11851,7731,1.0
8275,11877,7731,1.0
8276,11949,7731,1.0
8277,12275,7731,1.0
8278,7019,11949,1.0
8279,12253,11949,3.0
8280,7022,7744,2.0
8281,7602,7744,1.0
8282,8170,7744,1.0
8283,7022,8457,1.0
8284,7179,8457,1.0
8285,7316,8457,2.0
8286,7319,8457,1.0
8287,7458,8457,2.0
8288,7463,8457,1.0
8289,7603,8457,1.0
8290,7607,8457,1.0
8291,8026,8457,1.0
8292,8028,8457,2.0
8293,8032,8457,1.0
8294,8174,8457,1.0
8295,8175,8457,1.0
8296,8313,8457,1.0
8297,8314,8457,1.0
8298,8317,8457,1.0
8299,8455,8457,1.0
8300,8456,8457,2.0
8301,8739,8457,1.0
8302,8742,8457,1.0
8303,8882,8457,1.0
8304,9173,8457,1.0
8305,9458,8457,1.0
8306,9602,8457,1.0
8307,9746,8457,1.0
8308,7022,12445,1.0
8309,11308,12445,1.0
8310,11580,12445,1.0
8311,11591,12445,1.0
8312,11869,12445,1.0
8313,12026,12445,1.0
8314,12441,12445,1.0
8315,12444,12445,1.0
8316,12446,12445,1.0
8317,12563,12445,1.0
8318,12590,12445,1.0
8319,12729,12445,2.0
8320,13716,12445,1.0
8321,13726,12445,1.0
8322,13944,12445,1.0
8323,14000,12445,1.0
8324,14150,12445,1.0
8325,14554,12445,1.0
8326,15430,12445,1.0
8327,15704,12445,1.0
8328,17131,12445,1.0
8329,17461,12445,1.0
8330,18855,12445,1.0
8331,7031,7742,1.0
8332,7734,7742,1.0
8333,8023,7742,1.0
8334,8024,7742,1.0
8335,8451,7742,1.0
8336,8453,7742,1.0
8337,8595,7742,1.0
8338,8744,7742,1.0
8339,8889,7742,1.0
8340,7031,8304,2.0
8341,8308,8304,1.0
8342,9723,8304,1.0
8343,7031,10565,1.0
8344,9747,10565,1.0
8345,10285,10565,1.0
8346,10569,10565,4.0
8347,10848,10565,1.0
8348,10853,10565,3.0
8349,10990,10565,1.0
8350,10994,10565,1.0
8351,11131,10565,2.0
8352,11270,10565,1.0
8353,11277,10565,1.0
8354,11703,10565,5.0
8355,7032,8319,1.0
8356,7606,8319,2.0
8357,8030,8319,1.0
8358,8174,8319,1.0
8359,8176,8319,2.0
8360,8316,8319,1.0
8361,8318,8319,1.0
8362,8460,8319,2.0
8363,8461,8319,1.0
8364,8559,8319,1.0
8365,8595,8319,1.0
8366,8598,8319,2.0
8367,8603,8319,1.0
8368,8744,8319,1.0
8369,9604,8319,1.0
8370,7032,10460,1.0
8371,8139,10460,1.0
8372,9604,10460,1.0
8373,9605,10460,1.0
8374,9744,10460,1.0
8375,10033,10460,1.0
8376,10318,10460,1.0
8377,10319,10460,1.0
8378,10320,10460,1.0
8379,10462,10460,1.0
8380,10464,10460,1.0
8381,10605,10460,1.0
8382,10889,10460,5.0
8383,10895,10460,1.0
8384,11036,10460,1.0
8385,11323,10460,1.0
8386,12599,10460,1.0
8387,12719,10460,1.0
8388,7034,8742,2.0
8389,7176,8742,1.0
8390,7323,8742,1.0
8391,7602,8742,1.0
8392,7606,8742,1.0
8393,7749,8742,1.0
8394,8307,8742,1.0
8395,8455,8742,1.0
8396,8456,8742,1.0
8397,8457,8742,1.0
8398,8462,8742,1.0
8399,8598,8742,1.0
8400,8741,8742,7.0
8401,8744,8742,1.0
8402,8884,8742,3.0
8403,9015,8742,1.0
8404,9157,8742,1.0
8405,9170,8742,1.0
8406,9591,8742,1.0
8407,9870,8742,1.0
8408,9879,8742,1.0
8409,10580,8742,2.0
8410,11288,8742,1.0
8411,12314,8742,1.0
8412,7034,11864,1.0
8413,9021,11864,1.0
8414,9164,11864,1.0
8415,9575,11864,1.0
8416,11017,11864,1.0
8417,11155,11864,1.0
8418,11157,11864,1.0
8419,11298,11864,1.0
8420,11580,11864,1.0
8421,11865,11864,2.0
8422,12006,11864,1.0
8423,12008,11864,1.0
8424,12272,11864,1.0
8425,12290,11864,1.0
8426,12291,11864,1.0
8427,12292,11864,1.0
8428,12716,11864,1.0
8429,7034,13994,1.0
8430,11012,13994,1.0
8431,13995,13994,1.0
8432,7036,7178,1.0
8433,7037,7178,1.0
8434,7040,7178,2.0
8435,7179,7178,1.0
8436,7322,7178,1.0
8437,7323,7178,1.0
8438,7463,7178,1.0
8439,7466,7178,1.0
8440,7746,7178,1.0
8441,7037,4189,1.0
8442,7037,7323,1.0
8443,7179,7323,1.0
8444,7321,7323,1.0
8445,7606,7323,1.0
8446,8742,7323,1.0
8447,9024,7323,1.0
8448,12839,7323,1.0
8449,7038,8455,1.0
8450,7310,8455,1.0
8451,7457,8455,1.0
8452,7458,8455,1.0
8453,7723,8455,1.0
8454,7734,8455,2.0
8455,8028,8455,2.0
8456,8169,8455,1.0
8457,8170,8455,3.0
8458,8171,8455,2.0
8459,8172,8455,1.0
8460,8175,8455,1.0
8461,8311,8455,1.0
8462,8312,8455,3.0
8463,8313,8455,4.0
8464,8314,8455,2.0
8465,8451,8455,1.0
8466,8454,8455,1.0
8467,8456,8455,2.0
8468,8461,8455,1.0
8469,8585,8455,1.0
8470,8596,8455,1.0
8471,8597,8455,1.0
8472,8598,8455,1.0
8473,8600,8455,1.0
8474,9019,8455,1.0
8475,9578,8455,1.0
8476,9592,8455,1.0
8477,9604,8455,1.0
8478,9721,8455,1.0
8479,9748,8455,1.0
8480,9874,8455,1.0
8481,10291,8455,1.0
8482,10423,8455,1.0
8483,10444,8455,1.0
8484,11012,8455,1.0
8485,11706,8455,1.0
8486,13095,8455,1.0
8487,7111,8833,1.0
8488,7130,8833,1.0
8489,7416,8833,1.0
8490,7560,8833,2.0
8491,7731,8833,1.0
8492,7986,8833,1.0
8493,8128,8833,2.0
8494,8136,8833,1.0
8495,8138,8833,1.0
8496,8269,8833,1.0
8497,8413,8833,1.0
8498,8414,8833,1.0
8499,8416,8833,2.0
8500,8549,8833,1.0
8501,8551,8833,1.0
8502,8553,8833,1.0
8503,8692,8833,4.0
8504,8694,8833,3.0
8505,8695,8833,1.0
8506,8827,8833,1.0
8507,8829,8833,1.0
8508,8830,8833,3.0
8509,8839,8833,2.0
8510,8975,8833,2.0
8511,8982,8833,1.0
8512,9536,8833,1.0
8513,9540,8833,1.0
8514,9680,8833,1.0
8515,12449,8833,1.0
8516,7120,6976,1.0
8517,7120,7118,1.0
8518,7125,9452,1.0
8519,7604,9452,1.0
8520,8741,9452,1.0
8521,8743,9452,1.0
8522,8744,9452,1.0
8523,8877,9452,1.0
8524,9015,9452,1.0
8525,9017,9452,5.0
8526,9021,9452,1.0
8527,9028,9452,1.0
8528,9032,9452,1.0
8529,9154,9452,1.0
8530,9163,9452,1.0
8531,9167,9452,4.0
8532,9175,9452,1.0
8533,9429,9452,1.0
8534,9448,9452,1.0
8535,9450,9452,2.0
8536,9451,9452,2.0
8537,9589,9452,1.0
8538,9592,9452,1.0
8539,9594,9452,2.0
8540,9600,9452,2.0
8541,9735,9452,1.0
8542,9736,9452,1.0
8543,9737,9452,1.0
8544,9879,9452,1.0
8545,9881,9452,3.0
8546,9882,9452,1.0
8547,10016,9452,1.0
8548,10021,9452,2.0
8549,10169,9452,2.0
8550,10580,9452,1.0
8551,10860,9452,1.0
8552,11294,9452,1.0
8553,11436,9452,1.0
8554,12007,9452,1.0
8555,13424,9452,1.0
8556,14010,9452,1.0
8557,7126,9998,1.0
8558,8172,9998,1.0
8559,8294,9998,1.0
8560,8882,9998,1.0
8561,9005,9998,2.0
8562,9429,9998,1.0
8563,9558,9998,2.0
8564,9575,9998,1.0
8565,9712,9998,2.0
8566,9713,9998,1.0
8567,9717,9998,1.0
8568,9852,9998,1.0
8569,9857,9998,1.0
8570,9994,9998,2.0
8571,9995,9998,3.0
8572,9997,9998,1.0
8573,10138,9998,3.0
8574,10140,9998,1.0
8575,10143,9998,1.0
8576,10148,9998,1.0
8577,10151,9998,1.0
8578,11135,9998,2.0
8579,11139,9998,1.0
8580,13974,9998,2.0
8581,7129,8558,1.0
8582,8137,8558,1.0
8583,8271,8558,2.0
8584,8275,8558,1.0
8585,8277,8558,1.0
8586,8415,8558,1.0
8587,8417,8558,1.0
8588,8427,8558,1.0
8589,8554,8558,1.0
8590,8835,8558,1.0
8591,8837,8558,1.0
8592,8983,8558,1.0
8593,9119,8558,1.0
8594,11273,8558,1.0
8595,7129,9019,1.0
8596,7179,9019,1.0
8597,7465,9019,1.0
8598,8313,9019,1.0
8599,8314,9019,1.0
8600,8594,9019,1.0
8601,8596,9019,1.0
8602,8599,9019,2.0
8603,8732,9019,1.0
8604,8737,9019,1.0
8605,8738,9019,2.0
8606,8876,9019,1.0
8607,8880,9019,1.0
8608,8881,9019,1.0
8609,9008,9019,1.0
8610,9014,9019,1.0
8611,9017,9019,1.0
8612,9018,9019,3.0
8613,9020,9019,9.0
8614,9021,9019,2.0
8615,9024,9019,2.0
8616,9160,9019,2.0
8617,9161,9019,3.0
8618,9162,9019,4.0
8619,9163,9019,1.0
8620,9164,9019,4.0
8621,9167,9019,3.0
8622,9444,9019,1.0
8623,9445,9019,2.0
8624,9448,9019,2.0
8625,9450,9019,2.0
8626,9451,9019,2.0
8627,9452,9019,1.0
8628,9453,9019,1.0
8629,9583,9019,1.0
8630,9587,9019,1.0
8631,9590,9019,2.0
8632,9735,9019,1.0
8633,9750,9019,1.0
8634,9867,9019,1.0
8635,10011,9019,2.0
8636,10864,9019,1.0
8637,11877,9019,1.0
8638,12985,9019,1.0
8639,13158,9019,1.0
8640,13436,9019,2.0
8641,7130,6982,1.0
8642,7130,7438,2.0
8643,7580,7438,1.0
8644,8013,7438,1.0
8645,8149,7438,1.0
8646,8291,7438,2.0
8647,8438,7438,1.0
8648,9023,7438,1.0
8649,7130,7998,3.0
8650,7722,7998,1.0
8651,7987,7998,1.0
8652,7997,7998,2.0
8653,7999,7998,4.0
8654,8007,7998,2.0
8655,8268,7998,1.0
8656,8277,7998,1.0
8657,8693,7998,1.0
8658,8982,7998,1.0
8659,7130,8697,1.0
8660,8268,8697,2.0
8661,8412,8697,1.0
8662,8417,8697,1.0
8663,8418,8697,1.0
8664,8553,8697,1.0
8665,8554,8697,1.0
8666,8558,8697,1.0
8667,8695,8697,2.0
8668,8696,8697,1.0
8669,8838,8697,1.0
8670,8842,8697,1.0
8671,8980,8697,1.0
8672,8983,8697,1.0
8673,7132,9525,1.0
8674,8668,9525,1.0
8675,9099,9525,1.0
8676,10084,9525,1.0
8677,7134,8000,1.0
8678,7442,8000,3.0
8679,7718,8000,1.0
8680,7999,8000,2.0
8681,8281,8000,1.0
8682,8551,8000,1.0
8683,8839,8000,1.0
8684,8840,8000,1.0
8685,10296,8000,1.0
8686,7135,7560,1.0
8687,8833,7560,1.0
8688,11107,7560,1.0
8689,13452,7560,1.0
8690,7150,6873,1.0
8691,7156,11703,1.0
8692,7159,11703,1.0
8693,7576,11703,1.0
8694,8029,11703,1.0
8695,8880,11703,1.0
8696,9458,11703,1.0
8697,9712,11703,1.0
8698,10138,11703,2.0
8699,10147,11703,1.0
8700,10288,11703,1.0
8701,10425,11703,1.0
8702,10431,11703,1.0
8703,10565,11703,1.0
8704,10848,11703,1.0
8705,10851,11703,1.0
8706,10855,11703,4.0
8707,10998,11703,1.0
8708,11273,11703,2.0
8709,11274,11703,1.0
8710,11385,11703,1.0
8711,11401,11703,1.0
8712,11418,11703,1.0
8713,11562,11703,1.0
8714,11564,11703,1.0
8715,11566,11703,2.0
8716,11700,11703,1.0
8717,11701,11703,2.0
8718,11704,11703,2.0
8719,11707,11703,2.0
8720,11732,11703,1.0
8721,11841,11703,1.0
8722,11842,11703,1.0
8723,11983,11703,1.0
8724,12272,11703,1.0
8725,12275,11703,1.0
8726,12277,11703,1.0
8727,12836,11703,2.0
8728,12967,11703,2.0
8729,13931,11703,1.0
8730,7159,7584,1.0
8731,8012,7584,1.0
8732,8692,7584,1.0
8733,7159,9851,1.0
8734,8128,9851,2.0
8735,7159,13682,2.0
8736,9999,13682,1.0
8737,10575,13682,1.0
8738,10849,13682,2.0
8739,11291,13682,1.0
8740,11983,13682,3.0
8741,12845,13682,1.0
8742,13263,13682,1.0
8743,13822,13682,1.0
8744,14384,13682,1.0
8745,14535,13682,2.0
8746,14536,13682,1.0
8747,15099,13682,3.0
8748,7164,8151,1.0
8749,7723,8151,1.0
8750,8005,8151,1.0
8751,8007,8151,1.0
8752,8293,8151,1.0
8753,7173,9172,1.0
8754,8599,9172,1.0
8755,9029,9172,2.0
8756,9030,9172,10.0
8757,9171,9172,4.0
8758,9173,9172,5.0
8759,9456,9172,3.0
8760,9457,9172,1.0
8761,9458,9172,1.0
8762,9459,9172,1.0
8763,9460,9172,1.0
8764,9605,9172,1.0
8765,9745,9172,1.0
8766,9881,9172,1.0
8767,9883,9172,1.0
8768,10143,9172,1.0
8769,10171,9172,1.0
8770,10863,9172,1.0
8771,7173,10860,1.0
8772,9452,10860,1.0
8773,10573,10860,1.0
8774,11142,10860,1.0
8775,11282,10860,1.0
8776,11285,10860,1.0
8777,11287,10860,1.0
8778,11434,10860,1.0
8779,11562,10860,1.0
8780,11576,10860,1.0
8781,7174,7454,1.0
8782,7312,7454,1.0
8783,8598,7454,1.0
8784,7174,8167,1.0
8785,8023,8167,3.0
8786,8309,8167,3.0
8787,8452,8167,1.0
8788,8596,8167,1.0
8789,8725,8167,1.0
8790,8734,8167,1.0
8791,9718,8167,1.0
8792,11014,8167,1.0
8793,7174,9025,1.0
8794,8884,9025,2.0
8795,9019,9025,1.0
8796,9095,9025,1.0
8797,9450,9025,2.0
8798,9584,9025,1.0
8799,10174,9025,1.0
8800,10462,9025,1.0
8801,13858,9025,1.0
8802,7176,7736,1.0
8803,8020,7736,1.0
8804,11458,7736,1.0
8805,7176,8741,1.0
8806,7603,8741,1.0
8807,8030,8741,3.0
8808,8166,8741,1.0
8809,8307,8741,1.0
8810,8318,8741,1.0
8811,8319,8741,1.0
8812,8454,8741,1.0
8813,8590,8741,1.0
8814,8596,8741,1.0
8815,8598,8741,6.0
8816,8599,8741,1.0
8817,8600,8741,1.0
8818,8739,8741,1.0
8819,8740,8741,1.0
8820,8742,8741,5.0
8821,8743,8741,2.0
8822,8881,8741,1.0
8823,8883,8741,1.0
8824,8885,8741,2.0
8825,9029,8741,2.0
8826,9151,8741,1.0
8827,9168,8741,2.0
8828,9175,8741,1.0
8829,9453,8741,1.0
8830,9604,8741,1.0
8831,9889,8741,1.0
8832,10158,8741,3.0
8833,10315,8741,1.0
8834,12703,8741,1.0
8835,16688,8741,1.0
8836,7177,9591,1.0
8837,8596,9591,1.0
8838,8600,9591,1.0
8839,8879,9591,1.0
8840,9004,9591,1.0
8841,9019,9591,2.0
8842,9020,9591,1.0
8843,9158,9591,1.0
8844,9162,9591,2.0
8845,9164,9591,1.0
8846,9167,9591,2.0
8847,9443,9591,1.0
8848,9449,9591,1.0
8849,9586,9591,1.0
8850,9592,9591,1.0
8851,9604,9591,2.0
8852,9726,9591,1.0
8853,9874,9591,1.0
8854,10153,9591,1.0
8855,10584,9591,1.0
8856,11141,9591,1.0
8857,12009,9591,1.0
8858,13977,9591,1.0
8859,14269,9591,1.0
8860,14277,9591,1.0
8861,7179,7311,1.0
8862,7310,7311,2.0
8863,7312,7311,3.0
8864,7460,7311,1.0
8865,7461,7311,1.0
8866,7602,7311,1.0
8867,8024,7311,1.0
8868,10427,7311,1.0
8869,11318,7311,1.0
8870,7179,8171,2.0
8871,7458,8171,1.0
8872,7607,8171,1.0
8873,8026,8171,1.0
8874,8030,8171,1.0
8875,8170,8171,7.0
8876,8312,8171,1.0
8877,8313,8171,4.0
8878,8314,8171,3.0
8879,8455,8171,3.0
8880,8456,8171,1.0
8881,8591,8171,1.0
8882,8600,8171,1.0
8883,9024,8171,1.0
8884,9718,8171,1.0
8885,9726,8171,1.0
8886,7179,9457,1.0
8887,8315,9457,1.0
8888,9172,9457,1.0
8889,9458,9457,2.0
8890,9459,9457,1.0
8891,9592,9457,1.0
8892,9598,9457,2.0
8893,9738,9457,1.0
8894,10149,9457,2.0
8895,10304,9457,1.0
8896,11146,9457,1.0
8897,7179,11578,4.0
8898,7606,11578,1.0
8899,7747,11578,1.0
8900,7994,11578,1.0
8901,9605,11578,1.0
8902,9863,11578,1.0
8903,10027,11578,1.0
8904,11155,11578,1.0
8905,11158,11578,1.0
8906,11159,11578,1.0
8907,11437,11578,1.0
8908,11716,11578,1.0
8909,11720,11578,1.0
8910,11857,11578,1.0
8911,12298,11578,1.0
8912,12436,11578,1.0
8913,12868,11578,1.0
8914,7180,11178,1.0
8915,8887,11178,1.0
8916,9717,11178,1.0
8917,10468,11178,1.0
8918,10608,11178,1.0
8919,10609,11178,3.0
8920,10894,11178,2.0
8921,11035,11178,2.0
8922,11036,11178,4.0
8923,11038,11178,6.0
8924,11177,11178,1.0
8925,11179,11178,1.0
8926,11322,11178,1.0
8927,11458,11178,1.0
8928,11459,11178,1.0
8929,11605,11178,1.0
8930,11887,11178,1.0
8931,12443,11178,1.0
8932,14449,11178,1.0
8933,15272,11178,1.0
8934,7181,9013,1.0
8935,8447,9013,1.0
8936,8723,9013,1.0
8937,8839,9013,1.0
8938,8867,9013,1.0
8939,9012,9013,2.0
8940,9147,9013,1.0
8941,9159,9013,1.0
8942,9170,9013,1.0
8943,9437,9013,1.0
8944,10324,9013,2.0
8945,11131,9013,1.0
8946,11295,9013,1.0
8947,11414,9013,1.0
8948,11416,9013,2.0
8949,7181,9163,1.0
8950,7747,9163,1.0
8951,8152,9163,1.0
8952,8875,9163,2.0
8953,8879,9163,1.0
8954,8881,9163,1.0
8955,9017,9163,1.0
8956,9018,9163,1.0
8957,9019,9163,2.0
8958,9158,9163,1.0
8959,9161,9163,1.0
8960,9162,9163,2.0
8961,9164,9163,2.0
8962,9167,9163,1.0
8963,9444,9163,2.0
8964,9584,9163,1.0
8965,9597,9163,1.0
8966,9604,9163,1.0
8967,9734,9163,1.0
8968,9737,9163,1.0
8969,10568,9163,1.0
8970,10852,9163,1.0
8971,10996,9163,1.0
8972,11295,9163,1.0
8973,12281,9163,1.0
8974,13376,9163,1.0
8975,13863,9163,1.0
8976,14426,9163,1.0
8977,16131,9163,1.0
8978,7252,6546,1.0
8979,7252,7673,1.0
8980,9099,7673,2.0
8981,7252,8672,2.0
8982,7252,8827,1.0
8983,7986,8827,1.0
8984,8271,8827,1.0
8985,8409,8827,1.0
8986,8691,8827,1.0
8987,9383,8827,1.0
8988,11251,8827,1.0
8989,11568,8827,1.0
8990,7252,9098,1.0
8991,8416,9098,1.0
8992,8523,9098,1.0
8993,8814,9098,1.0
8994,9099,9098,2.0
8995,9382,9098,3.0
8996,9383,9098,7.0
8997,9522,9098,1.0
8998,7253,9125,1.0
8999,7993,9125,1.0
9000,8270,9125,1.0
9001,8692,9125,2.0
9002,8695,9125,5.0
9003,8696,9125,2.0
9004,8836,9125,2.0
9005,8982,9125,6.0
9006,8983,9125,2.0
9007,9126,9125,2.0
9008,9412,9125,1.0
9009,9605,9125,2.0
9010,7258,8980,2.0
9011,8276,8980,1.0
9012,8416,8980,1.0
9013,8417,8980,2.0
9014,8554,8980,1.0
9015,8695,8980,2.0
9016,8696,8980,1.0
9017,8697,8980,1.0
9018,8700,8980,2.0
9019,8840,8980,1.0
9020,8842,8980,1.0
9021,8981,8980,1.0
9022,8982,8980,4.0
9023,9127,8980,1.0
9024,10419,8980,1.0
9025,12810,8980,1.0
9026,7273,8549,1.0
9027,7273,8834,2.0
9028,8128,8834,1.0
9029,8268,8834,1.0
9030,8271,8834,3.0
9031,8273,8834,1.0
9032,8415,8834,1.0
9033,8551,8834,4.0
9034,8552,8834,1.0
9035,8692,8834,5.0
9036,8693,8834,1.0
9037,8694,8834,1.0
9038,8695,8834,2.0
9039,8835,8834,3.0
9040,8836,8834,2.0
9041,8963,8834,1.0
9042,8976,8834,5.0
9043,9126,8834,2.0
9044,9536,8834,1.0
9045,10853,8834,1.0
9046,7277,8840,1.0
9047,7999,8840,1.0
9048,8000,8840,1.0
9049,8128,8840,1.0
9050,8131,8840,3.0
9051,8277,8840,1.0
9052,8410,8840,1.0
9053,8415,8840,1.0
9054,8550,8840,1.0
9055,8553,8840,1.0
9056,8554,8840,3.0
9057,8694,8840,1.0
9058,8695,8840,1.0
9059,8696,8840,8.0
9060,8697,8840,1.0
9061,8699,8840,1.0
9062,8826,8840,2.0
9063,8828,8840,1.0
9064,8835,8840,1.0
9065,8838,8840,1.0
9066,8980,8840,2.0
9067,8982,8840,1.0
9068,8984,8840,2.0
9069,9124,8840,1.0
9070,9678,8840,1.0
9071,11135,8840,1.0
9072,7278,7279,3.0
9073,7278,8423,1.0
9074,8564,8423,1.0
9075,8566,8423,1.0
9076,8722,8423,1.0
9077,9540,8423,1.0
9078,7296,7718,1.0
9079,7434,7718,1.0
9080,7574,7718,1.0
9081,7723,7718,1.0
9082,7725,7718,1.0
9083,7997,7718,2.0
9084,8000,7718,1.0
9085,8289,7718,1.0
9086,8453,7718,1.0
9087,8567,7718,1.0
9088,9166,7718,1.0
9089,9410,7718,1.0
9090,10568,7718,1.0
9091,7297,9432,1.0
9092,8863,9432,3.0
9093,9018,9432,1.0
9094,9433,9432,1.0
9095,9435,9432,1.0
9096,9581,9432,1.0
9097,9720,9432,1.0
9098,10145,9432,1.0
9099,10148,9432,1.0
9100,7297,10175,1.0
9101,7723,10175,1.0
9102,9712,10175,2.0
9103,9886,10175,1.0
9104,10031,10175,1.0
9105,10151,10175,1.0
9106,10177,10175,1.0
9107,10316,10175,1.0
9108,11169,10175,1.0
9109,11314,10175,1.0
9110,11738,10175,1.0
9111,7300,7728,1.0
9112,8293,7728,2.0
9113,8456,7728,1.0
9114,9168,7728,1.0
9115,7300,10137,1.0
9116,8695,10137,1.0
9117,8859,10137,1.0
9118,9143,10137,1.0
9119,9427,10137,2.0
9120,9712,10137,1.0
9121,9721,10137,1.0
9122,9849,10137,1.0
9123,9852,10137,6.0
9124,9856,10137,1.0
9125,9888,10137,1.0
9126,9992,10137,1.0
9127,9994,10137,4.0
9128,9995,10137,1.0
9129,9996,10137,1.0
9130,9998,10137,2.0
9131,10000,10137,1.0
9132,10134,10137,3.0
9133,10138,10137,1.0
9134,10139,10137,2.0
9135,10141,10137,1.0
9136,10146,10137,1.0
9137,10147,10137,1.0
9138,10279,10137,1.0
9139,10281,10137,1.0
9140,10288,10137,1.0
9141,10316,10137,1.0
9142,10429,10137,1.0
9143,10567,10137,1.0
9144,10593,10137,1.0
9145,10838,10137,1.0
9146,10852,10137,3.0
9147,10993,10137,2.0
9148,10998,10137,1.0
9149,11131,10137,1.0
9150,11706,10137,1.0
9151,12701,10137,1.0
9152,15278,10137,1.0
9153,7300,15416,1.0
9154,11017,15416,1.0
9155,12579,15416,1.0
9156,13003,15416,1.0
9157,13021,15416,1.0
9158,13706,15416,1.0
9159,14563,15416,2.0
9160,15134,15416,1.0
9161,15136,15416,1.0
9162,15272,15416,2.0
9163,16107,15416,2.0
9164,16547,15416,2.0
9165,7305,7297,2.0
9166,7439,7297,2.0
9167,7729,7297,1.0
9168,8695,7297,1.0
9169,8743,7297,1.0
9170,9433,7297,1.0
9171,10175,7297,1.0
9172,7305,10004,1.0
9173,9432,10004,1.0
9174,9434,10004,1.0
9175,9435,10004,3.0
9176,9596,10004,1.0
9177,9861,10004,1.0
9178,9864,10004,2.0
9179,10003,10004,2.0
9180,10006,10004,1.0
9181,10146,10004,3.0
9182,10147,10004,2.0
9183,10291,10004,1.0
9184,10447,10004,1.0
9185,10844,10004,1.0
9186,11139,10004,1.0
9187,11286,10004,2.0
9188,12282,10004,1.0
9189,12725,10004,1.0
9190,12845,10004,1.0
9191,7306,7723,1.0
9192,7439,7723,5.0
9193,7580,7723,1.0
9194,7581,7723,1.0
9195,7725,7723,2.0
9196,8007,7723,2.0
9197,8010,7723,1.0
9198,8139,7723,1.0
9199,8151,7723,2.0
9200,8157,7723,1.0
9201,8168,7723,1.0
9202,8288,7723,1.0
9203,8291,7723,1.0
9204,8314,7723,1.0
9205,8436,7723,1.0
9206,8447,7723,1.0
9207,8586,7723,1.0
9208,8839,7723,2.0
9209,10279,7723,1.0
9210,10851,7723,1.0
9211,11706,7723,1.0
9212,13391,7723,2.0
9213,7306,8462,1.0
9214,7309,6742,1.0
9215,7310,6742,1.0
9216,7310,7452,1.0
9217,7311,7452,1.0
9218,7604,7452,1.0
9219,7731,7452,1.0
9220,7746,7452,1.0
9221,11318,7452,1.0
9222,7310,8291,1.0
9223,7438,8291,1.0
9224,7580,8291,1.0
9225,7993,8291,1.0
9226,8005,8291,1.0
9227,8007,8291,2.0
9228,8009,8291,3.0
9229,8013,8291,1.0
9230,8294,8291,1.0
9231,8300,8291,1.0
9232,8554,8291,1.0
9233,8721,8291,1.0
9234,10175,8291,1.0
9235,11703,8291,1.0
9236,13122,8291,1.0
9237,7310,8859,1.0
9238,8717,8859,1.0
9239,8860,8859,3.0
9240,9023,8859,1.0
9241,9427,8859,2.0
9242,10423,8859,2.0
9243,10850,8859,1.0
9244,7310,11318,2.0
9245,7452,11318,2.0
9246,8157,11318,1.0
9247,10325,11318,1.0
9248,11174,11318,1.0
9249,11317,11318,1.0
9250,11319,11318,1.0
9251,11322,11318,1.0
9252,11459,11318,1.0
9253,11461,11318,1.0
9254,11603,11318,1.0
9255,11742,11318,2.0
9256,11885,11318,1.0
9257,7311,7312,3.0
9258,7454,7312,1.0
9259,7456,7312,1.0
9260,8454,7312,1.0
9261,10313,7312,3.0
9262,7312,10313,3.0
9263,9597,10313,1.0
9264,9605,10313,1.0
9265,9747,10313,1.0
9266,10167,10313,1.0
9267,10312,10313,2.0
9268,10455,10313,1.0
9269,10595,10313,1.0
9270,11025,10313,2.0
9271,11174,10313,3.0
9272,7313,5469,1.0
9273,7313,8598,1.0
9274,7454,8598,2.0
9275,7603,8598,1.0
9276,7604,8598,1.0
9277,7605,8598,1.0
9278,7747,8598,2.0
9279,8313,8598,2.0
9280,8319,8598,2.0
9281,8454,8598,1.0
9282,8455,8598,3.0
9283,8456,8598,2.0
9284,8599,8598,4.0
9285,8739,8598,2.0
9286,8741,8598,7.0
9287,8742,8598,1.0
9288,8881,8598,1.0
9289,8888,8598,1.0
9290,9162,8598,2.0
9291,9164,8598,1.0
9292,9450,8598,1.0
9293,9602,8598,1.0
9294,9747,8598,1.0
9295,10293,8598,1.0
9296,11156,8598,1.0
9297,12025,8598,1.0
9298,7313,9147,1.0
9299,9013,9147,1.0
9300,9014,9147,2.0
9301,9155,9147,1.0
9302,9429,9147,2.0
9303,9435,9147,1.0
9304,9724,9147,1.0
9305,7313,9435,1.0
9306,8867,9435,1.0
9307,9009,9435,1.0
9308,9011,9435,1.0
9309,9016,9435,1.0
9310,9148,9435,1.0
9311,9151,9435,1.0
9312,9152,9435,2.0
9313,9153,9435,1.0
9314,9436,9435,1.0
9315,9441,9435,1.0
9316,9574,9435,1.0
9317,9577,9435,2.0
9318,9581,9435,2.0
9319,9584,9435,2.0
9320,9586,9435,2.0
9321,9719,9435,2.0
9322,9728,9435,1.0
9323,9862,9435,1.0
9324,9865,9435,1.0
9325,9877,9435,1.0
9326,10004,9435,3.0
9327,10009,9435,1.0
9328,11432,9435,1.0
9329,11857,9435,1.0
9330,12974,9435,1.0
9331,7313,9453,1.0
9332,7734,9453,1.0
9333,8741,9453,1.0
9334,8839,9453,1.0
9335,8879,9453,1.0
9336,9017,9453,1.0
9337,9019,9453,1.0
9338,9021,9453,1.0
9339,9173,9453,1.0
9340,9451,9453,2.0
9341,9452,9453,1.0
9342,9454,9453,1.0
9343,9586,9453,1.0
9344,9596,9453,1.0
9345,9599,9453,1.0
9346,9866,9453,1.0
9347,9876,9453,1.0
9348,9994,9453,1.0
9349,10297,9453,2.0
9350,10379,9453,1.0
9351,11011,9453,1.0
9352,11720,9453,1.0
9353,7313,10290,1.0
9354,10018,10290,1.0
9355,10288,10290,1.0
9356,12411,10290,1.0
9357,7315,13143,1.0
9358,8736,13143,1.0
9359,9160,13143,1.0
9360,9164,13143,1.0
9361,9605,13143,1.0
9362,10430,13143,1.0
9363,10467,13143,1.0
9364,10589,13143,1.0
9365,11446,13143,1.0
9366,12011,13143,1.0
9367,12288,13143,1.0
9368,12291,13143,2.0
9369,12312,13143,1.0
9370,12435,13143,1.0
9371,12446,13143,2.0
9372,12448,13143,1.0
9373,12574,13143,2.0
9374,12703,13143,1.0
9375,12720,13143,2.0
9376,12722,13143,1.0
9377,12843,13143,1.0
9378,12858,13143,1.0
9379,12860,13143,1.0
9380,13004,13143,1.0
9381,13005,13143,1.0
9382,13128,13143,1.0
9383,13144,13143,1.0
9384,13145,13143,1.0
9385,13146,13143,3.0
9386,13152,13143,1.0
9387,13292,13143,1.0
9388,13298,13143,2.0
9389,13302,13143,1.0
9390,13716,13143,2.0
9391,13720,13143,1.0
9392,13727,13143,1.0
9393,13853,13143,2.0
9394,13856,13143,1.0
9395,13991,13143,1.0
9396,14286,13143,1.0
9397,14407,13143,1.0
9398,15123,13143,1.0
9399,15135,13143,1.0
9400,15255,13143,1.0
9401,17133,13143,1.0
9402,17383,13143,1.0
9403,7318,8172,1.0
9404,7456,8172,2.0
9405,7460,8172,2.0
9406,7461,8172,1.0
9407,7463,8172,1.0
9408,7734,8172,1.0
9409,8024,8172,2.0
9410,8032,8172,1.0
9411,8170,8172,3.0
9412,8313,8172,1.0
9413,8314,8172,1.0
9414,8315,8172,1.0
9415,8456,8172,2.0
9416,8457,8172,1.0
9417,8878,8172,1.0
9418,9019,8172,1.0
9419,9024,8172,1.0
9420,9719,8172,1.0
9421,7319,8316,1.0
9422,7457,8316,1.0
9423,7458,8316,1.0
9424,7464,8316,1.0
9425,7606,8316,2.0
9426,7747,8316,1.0
9427,7748,8316,3.0
9428,7749,8316,1.0
9429,8031,8316,3.0
9430,8170,8316,1.0
9431,8175,8316,2.0
9432,8307,8316,1.0
9433,8313,8316,1.0
9434,8317,8316,2.0
9435,8319,8316,1.0
9436,8456,8316,1.0
9437,8457,8316,2.0
9438,8460,8316,1.0
9439,8590,8316,1.0
9440,8601,8316,1.0
9441,8602,8316,2.0
9442,9030,8316,1.0
9443,9165,8316,1.0
9444,9605,8316,1.0
9445,10424,8316,1.0
9446,13271,8316,1.0
9447,7319,10170,1.0
9448,7456,10170,1.0
9449,7607,10170,1.0
9450,7734,10170,1.0
9451,8034,10170,1.0
9452,8458,10170,2.0
9453,8599,10170,1.0
9454,8709,10170,1.0
9455,9155,10170,1.0
9456,9164,10170,1.0
9457,9597,10170,1.0
9458,9604,10170,2.0
9459,9605,10170,2.0
9460,9709,10170,1.0
9461,9743,10170,1.0
9462,9747,10170,1.0
9463,9861,10170,1.0
9464,10011,10170,1.0
9465,10016,10170,1.0
9466,10021,10170,1.0
9467,10029,10170,1.0
9468,10030,10170,1.0
9469,10031,10170,2.0
9470,10035,10170,1.0
9471,10040,10170,1.0
9472,10166,10170,2.0
9473,10169,10170,2.0
9474,10171,10170,2.0
9475,10172,10170,1.0
9476,10182,10170,1.0
9477,10312,10170,1.0
9478,10319,10170,1.0
9479,10589,10170,1.0
9480,10591,10170,1.0
9481,10592,10170,1.0
9482,10850,10170,1.0
9483,10891,10170,1.0
9484,10892,10170,2.0
9485,11144,10170,1.0
9486,11171,10170,2.0
9487,11415,10170,1.0
9488,11437,10170,1.0
9489,11461,10170,1.0
9490,11462,10170,1.0
9491,11606,10170,1.0
9492,11846,10170,1.0
9493,11866,10170,1.0
9494,11873,10170,1.0
9495,12009,10170,1.0
9496,12283,10170,1.0
9497,12296,10170,1.0
9498,12575,10170,1.0
9499,12702,10170,1.0
9500,12720,10170,1.0
9501,12861,10170,1.0
9502,12876,10170,1.0
9503,12997,10170,1.0
9504,13151,10170,1.0
9505,13407,10170,1.0
9506,13428,10170,1.0
9507,13447,10170,1.0
9508,13715,10170,1.0
9509,13858,10170,1.0
9510,13861,10170,1.0
9511,13994,10170,1.0
9512,14132,10170,1.0
9513,14568,10170,1.0
9514,7321,5754,1.0
9515,7321,8032,1.0
9516,7457,8032,1.0
9517,7458,8032,1.0
9518,7462,8032,1.0
9519,7463,8032,2.0
9520,7604,8032,1.0
9521,7746,8032,2.0
9522,7747,8032,1.0
9523,7748,8032,2.0
9524,7749,8032,1.0
9525,8031,8032,6.0
9526,8034,8032,1.0
9527,8172,8032,1.0
9528,8173,8032,3.0
9529,8174,8032,1.0
9530,8176,8032,1.0
9531,8314,8032,1.0
9532,8316,8032,2.0
9533,8317,8032,3.0
9534,8455,8032,1.0
9535,8456,8032,1.0
9536,8600,8032,1.0
9537,8742,8032,1.0
9538,8743,8032,1.0
9539,9586,8032,1.0
9540,9598,8032,1.0
9541,10029,8032,1.0
9542,11588,8032,1.0
9543,7321,8459,2.0
9544,8025,8459,1.0
9545,8031,8459,2.0
9546,8174,8459,1.0
9547,8317,8459,1.0
9548,8318,8459,1.0
9549,8319,8459,1.0
9550,8456,8459,1.0
9551,8460,8459,10.0
9552,8461,8459,1.0
9553,8601,8459,1.0
9554,8603,8459,1.0
9555,9602,8459,1.0
9556,9857,8459,1.0
9557,9888,8459,1.0
9558,11309,8459,1.0
9559,7321,14141,1.0
9560,13860,14141,1.0
9561,14422,14141,1.0
9562,14568,14141,2.0
9563,15410,14141,1.0
9564,16397,14141,1.0
9565,7322,8163,1.0
9566,7747,8163,2.0
9567,9732,8163,1.0
9568,7322,8310,1.0
9569,8168,8310,1.0
9570,8595,8310,1.0
9571,9441,8310,1.0
9572,7322,8461,2.0
9573,7750,8461,2.0
9574,8175,8461,1.0
9575,8460,8461,1.0
9576,8599,8461,1.0
9577,8601,8461,1.0
9578,8602,8461,1.0
9579,8603,8461,3.0
9580,8739,8461,1.0
9581,8742,8461,1.0
9582,8744,8461,1.0
9583,10467,8461,1.0
9584,11294,8461,1.0
9585,11448,8461,1.0
9586,7322,9143,1.0
9587,9000,9143,1.0
9588,9427,9143,2.0
9589,9431,9143,1.0
9590,9737,9143,1.0
9591,9852,9143,2.0
9592,10136,9143,1.0
9593,10146,9143,1.0
9594,10429,9143,2.0
9595,11136,9143,1.0
9596,12275,9143,1.0
9597,7322,12863,1.0
9598,12283,12863,1.0
9599,12578,12863,1.0
9600,12721,12863,1.0
9601,13443,12863,1.0
9602,15275,12863,1.0
9603,16688,12863,1.0
9604,17114,12863,1.0
9605,7323,12839,1.0
9606,11579,12839,1.0
9607,11983,12839,1.0
9608,12267,12839,1.0
9609,12425,12839,1.0
9610,12555,12839,1.0
9611,12696,12839,2.0
9612,12824,12839,1.0
9613,12838,12839,1.0
9614,13119,12839,3.0
9615,13127,12839,1.0
9616,13677,12839,2.0
9617,13692,12839,2.0
9618,13986,12839,2.0
9619,14410,12839,2.0
9620,7324,9430,1.0
9621,8142,9430,1.0
9622,8152,9430,1.0
9623,8158,9430,1.0
9624,8294,9430,1.0
9625,8458,9430,1.0
9626,8720,9430,1.0
9627,8722,9430,3.0
9628,8740,9430,1.0
9629,8859,9430,1.0
9630,9143,9430,1.0
9631,9145,9430,1.0
9632,9146,9430,2.0
9633,9425,9430,3.0
9634,9428,9430,2.0
9635,9429,9430,4.0
9636,9432,9430,1.0
9637,9571,9430,1.0
9638,9856,9430,1.0
9639,9995,9430,1.0
9640,9997,9430,1.0
9641,10316,9430,1.0
9642,11023,9430,1.0
9643,11999,9430,1.0
9644,15256,9430,1.0
9645,7324,9737,1.0
9646,8594,9737,2.0
9647,8884,9737,2.0
9648,9024,9737,1.0
9649,9163,9737,1.0
9650,9452,9737,2.0
9651,9604,9737,1.0
9652,9736,9737,1.0
9653,9738,9737,1.0
9654,9739,9737,1.0
9655,9883,9737,1.0
9656,10031,9737,1.0
9657,10864,9737,1.0
9658,10890,9737,1.0
9659,7324,11561,1.0
9660,9857,11561,1.0
9661,10286,11561,1.0
9662,10431,11561,1.0
9663,11136,11561,1.0
9664,11444,11561,1.0
9665,11701,11561,1.0
9666,11714,11561,1.0
9667,12444,11561,1.0
9668,17255,11561,1.0
9669,7324,13007,1.0
9670,11446,13007,1.0
9671,11448,13007,1.0
9672,12296,13007,1.0
9673,12312,13007,1.0
9674,12447,13007,2.0
9675,12707,13007,2.0
9676,13003,13007,2.0
9677,13004,13007,1.0
9678,13006,13007,1.0
9679,13431,13007,2.0
9680,13434,13007,1.0
9681,13438,13007,2.0
9682,14705,13007,1.0
9683,15135,13007,1.0
9684,15400,13007,1.0
9685,16546,13007,1.0
9686,17528,13007,1.0
9687,7406,8975,2.0
9688,8117,8975,1.0
9689,7413,7556,1.0
9690,8268,7556,1.0
9691,7420,7132,1.0
9692,9383,7132,1.0
9693,7421,7564,1.0
9694,7542,7564,1.0
9695,7422,7416,1.0
9696,7555,7416,3.0
9697,8692,7416,1.0
9698,8833,7416,1.0
9699,7423,7985,1.0
9700,7716,7985,1.0
9701,8126,7985,1.0
9702,8269,7985,1.0
9703,8693,7985,1.0
9704,8827,7985,1.0
9705,9102,7985,1.0
9706,7423,8131,2.0
9707,7988,8131,2.0
9708,7991,8131,2.0
9709,8138,8131,1.0
9710,8268,8131,2.0
9711,8275,8131,1.0
9712,8277,8131,2.0
9713,8298,8131,1.0
9714,8409,8131,1.0
9715,8411,8131,1.0
9716,8695,8131,1.0
9717,8699,8131,2.0
9718,8840,8131,1.0
9719,9126,8131,1.0
9720,9887,8131,1.0
9721,11444,8131,1.0
9722,11705,8131,2.0
9723,7423,9450,1.0
9724,8598,9450,1.0
9725,9019,9450,1.0
9726,9024,9450,1.0
9727,9025,9450,2.0
9728,9157,9450,1.0
9729,9165,9450,1.0
9730,9166,9450,1.0
9731,9167,9450,3.0
9732,9170,9450,1.0
9733,9174,9450,1.0
9734,9445,9450,1.0
9735,9451,9450,2.0
9736,9452,9450,2.0
9737,9588,9450,1.0
9738,9592,9450,1.0
9739,9604,9450,1.0
9740,9605,9450,1.0
9741,9726,9450,1.0
9742,9992,9450,1.0
9743,10435,9450,1.0
9744,10866,9450,1.0
9745,10995,9450,1.0
9746,11172,9450,2.0
9747,14665,9450,1.0
9748,7427,6575,1.0
9749,8833,6575,2.0
9750,7427,6992,1.0
9751,8135,6992,1.0
9752,8277,6992,1.0
9753,7431,7432,1.0
9754,7716,7432,1.0
9755,7986,7432,1.0
9756,8007,7432,2.0
9757,8416,7432,1.0
9758,8695,7432,1.0
9759,9719,7432,2.0
9760,10965,7432,1.0
9761,7432,8270,1.0
9762,7991,8270,1.0
9763,8128,8270,1.0
9764,8131,8270,1.0
9765,8268,8270,2.0
9766,8269,8270,1.0
9767,8271,8270,5.0
9768,8273,8270,1.0
9769,8278,8270,1.0
9770,8279,8270,2.0
9771,8281,8270,1.0
9772,8413,8270,1.0
9773,8551,8270,2.0
9774,8559,8270,1.0
9775,8692,8270,1.0
9776,8694,8270,1.0
9777,8696,8270,3.0
9778,8836,8270,1.0
9779,8838,8270,1.0
9780,8843,8270,2.0
9781,9003,8270,1.0
9782,9093,8270,1.0
9783,9376,8270,3.0
9784,9691,8270,1.0
9785,9852,8270,1.0
9786,7432,10965,1.0
9787,10122,10965,1.0
9788,13392,10965,1.0
9789,7433,8426,1.0
9790,8279,8426,1.0
9791,8567,8426,2.0
9792,7433,9568,1.0
9793,8424,9568,1.0
9794,9003,9568,3.0
9795,9427,9568,3.0
9796,9569,9568,2.0
9797,9570,9568,1.0
9798,9571,9568,1.0
9799,9709,9568,1.0
9800,9712,9568,2.0
9801,9713,9568,1.0
9802,9994,9568,1.0
9803,10152,9568,1.0
9804,7433,9581,1.0
9805,7723,9581,1.0
9806,8452,9581,1.0
9807,8583,9581,1.0
9808,8589,9581,1.0
9809,8867,9581,1.0
9810,8872,9581,1.0
9811,9012,9581,1.0
9812,9016,9581,1.0
9813,9154,9581,1.0
9814,9158,9581,2.0
9815,9432,9581,1.0
9816,9436,9581,2.0
9817,9438,9581,1.0
9818,9439,9581,3.0
9819,9440,9581,1.0
9820,9441,9581,4.0
9821,9580,9581,1.0
9822,9582,9581,5.0
9823,9583,9581,1.0
9824,9584,9581,1.0
9825,9592,9581,3.0
9826,9597,9581,1.0
9827,9719,9581,2.0
9828,9723,9581,1.0
9829,9864,9581,1.0
9830,10012,9581,1.0
9831,10151,9581,1.0
9832,10433,9581,1.0
9833,11143,9581,1.0
9834,11178,9581,1.0
9835,11426,9581,1.0
9836,12450,9581,1.0
9837,12701,9581,1.0
9838,13452,9581,1.0
9839,7434,9410,1.0
9840,8139,9410,1.0
9841,7435,12841,2.0
9842,11290,12841,1.0
9843,11868,12841,1.0
9844,11887,12841,3.0
9845,12982,12841,1.0
9846,12996,12841,1.0
9847,13690,12841,1.0
9848,13840,12841,1.0
9849,7435,12842,1.0
9850,11580,12842,1.0
9851,12001,12842,1.0
9852,12697,12842,1.0
9853,12843,12842,1.0
9854,12845,12842,1.0
9855,12982,12842,3.0
9856,12989,12842,1.0
9857,7437,6588,3.0
9858,7439,6588,1.0
9859,7580,6588,4.0
9860,8289,6588,1.0
9861,7437,10279,1.0
9862,8010,10279,2.0
9863,8162,10279,1.0
9864,8428,10279,1.0
9865,8870,10279,1.0
9866,9604,10279,1.0
9867,9605,10279,1.0
9868,9848,10279,1.0
9869,9855,10279,2.0
9870,9996,10279,1.0
9871,10008,10279,1.0
9872,10137,10279,1.0
9873,10138,10279,3.0
9874,10285,10279,1.0
9875,10564,10279,2.0
9876,10571,10279,1.0
9877,10850,10279,1.0
9878,11131,10279,1.0
9879,7438,8013,1.0
9880,7439,8013,1.0
9881,8015,8013,2.0
9882,8291,8013,1.0
9883,8305,8013,2.0
9884,8737,8013,1.0
9885,10594,8013,1.0
9886,7438,8438,1.0
9887,7439,6021,1.0
9888,7439,7155,1.0
9889,7439,7442,2.0
9890,8000,7442,3.0
9891,7439,8010,1.0
9892,7445,8010,1.0
9893,7586,8010,1.0
9894,7723,8010,1.0
9895,7741,8010,1.0
9896,8005,8010,1.0
9897,8007,8010,2.0
9898,8009,8010,1.0
9899,8587,8010,2.0
9900,9577,8010,1.0
9901,9994,8010,1.0
9902,10012,8010,1.0
9903,10136,8010,1.0
9904,10138,8010,1.0
9905,10139,8010,1.0
9906,10279,8010,1.0
9907,10289,8010,1.0
9908,10291,8010,1.0
9909,10993,8010,2.0
9910,7439,8593,1.0
9911,7456,8593,1.0
9912,7598,8593,2.0
9913,8451,8593,2.0
9914,8452,8593,1.0
9915,8454,8593,1.0
9916,8592,8593,3.0
9917,8594,8593,3.0
9918,8595,8593,1.0
9919,8726,8593,1.0
9920,8735,8593,4.0
9921,9018,8593,1.0
9922,9160,8593,1.0
9923,9870,8593,3.0
9924,12276,8593,1.0
9925,12281,8593,1.0
9926,7439,9993,1.0
9927,9709,9993,1.0
9928,9852,9993,1.0
9929,10137,9993,4.0
9930,10450,9993,1.0
9931,10852,9993,1.0
9932,11302,9993,1.0
9933,7440,10440,1.0
9934,10285,10440,1.0
9935,10298,10440,2.0
9936,10305,10440,3.0
9937,10444,10440,1.0
9938,10569,10440,2.0
9939,10584,10440,1.0
9940,10867,10440,1.0
9941,11706,10440,1.0
9942,7440,12714,1.0
9943,12283,12714,1.0
9944,12999,12714,1.0
9945,14987,12714,1.0
9946,15257,12714,1.0
9947,15538,12714,2.0
9948,15539,12714,1.0
9949,7440,13238,1.0
9950,8696,13238,1.0
9951,12527,13238,1.0
9952,12667,13238,1.0
9953,7452,7027,1.0
9954,7452,8020,1.0
9955,7726,8020,1.0
9956,7734,8020,1.0
9957,7736,8020,1.0
9958,8162,8020,1.0
9959,9582,8020,1.0
9960,9864,8020,1.0
9961,13000,8020,1.0
9962,14274,8020,1.0
9963,7455,7306,1.0
9964,8161,7306,1.0
9965,8719,7306,1.0
9966,7455,10867,2.0
9967,9163,10867,1.0
9968,9885,10867,1.0
9969,10153,10867,1.0
9970,10165,10867,2.0
9971,10307,10867,3.0
9972,10317,10867,1.0
9973,10439,10867,1.0
9974,10585,10867,1.0
9975,10586,10867,3.0
9976,10869,10867,1.0
9977,10889,10867,1.0
9978,11008,10867,1.0
9979,11017,10867,1.0
9980,11151,10867,1.0
9981,11152,10867,1.0
9982,11159,10867,1.0
9983,11440,10867,1.0
9984,7456,8031,1.0
9985,7746,8031,1.0
9986,7747,8031,6.0
9987,7748,8031,2.0
9988,8028,8031,1.0
9989,8030,8031,1.0
9990,8032,8031,4.0
9991,8173,8031,1.0
9992,8315,8031,1.0
9993,8316,8031,1.0
9994,8456,8031,1.0
9995,8459,8031,2.0
9996,8879,8031,1.0
9997,9018,8031,1.0
9998,9457,8031,1.0
9999,9460,8031,1.0
10000,9583,8031,1.0
10001,9592,8031,2.0
10002,10293,8031,1.0
10003,10437,8031,1.0
10004,10891,8031,1.0
10005,12703,8031,2.0
10006,13966,8031,1.0
10007,7456,8308,1.0
10008,7457,8308,2.0
10009,7458,8308,1.0
10010,7741,8308,1.0
10011,8020,8308,1.0
10012,8880,8308,1.0
10013,9015,8308,1.0
10014,11593,8308,1.0
10015,7456,10296,1.0
10016,8000,10296,1.0
10017,9175,10296,2.0
10018,9429,10296,1.0
10019,9451,10296,1.0
10020,9883,10296,1.0
10021,9889,10296,1.0
10022,10036,10296,2.0
10023,10429,10296,1.0
10024,10439,10296,1.0
10025,10451,10296,1.0
10026,10584,10296,1.0
10027,11149,10296,3.0
10028,11461,10296,1.0
10029,11978,10296,1.0
10030,12312,10296,1.0
10031,12597,10296,1.0
10032,13720,10296,3.0
10033,14135,10296,3.0
10034,7456,10449,1.0
10035,9605,10449,1.0
10036,9881,10449,1.0
10037,9893,10449,1.0
10038,10179,10449,1.0
10039,10307,10449,2.0
10040,10448,10449,1.0
10041,10450,10449,2.0
10042,10590,10449,1.0
10043,10591,10449,1.0
10044,10592,10449,1.0
10045,10866,10449,1.0
10046,10874,10449,1.0
10047,11008,10449,1.0
10048,11017,10449,2.0
10049,11451,10449,1.0
10050,11720,10449,1.0
10051,7457,7316,2.0
10052,8166,7316,1.0
10053,8457,7316,2.0
10054,9874,7316,1.0
10055,7457,7317,1.0
10056,7457,7582,1.0
10057,8023,7582,1.0
10058,8028,7582,1.0
10059,8149,7582,1.0
10060,7457,9745,1.0
10061,7607,9745,1.0
10062,9172,9745,1.0
10063,9603,9745,1.0
10064,9886,9745,1.0
10065,9888,9745,2.0
10066,10166,9745,1.0
10067,10874,9745,1.0
10068,10889,9745,1.0
10069,11174,9745,1.0
10070,11314,9745,1.0
10071,11725,9745,2.0
10072,12288,9745,1.0
10073,12447,9745,1.0
10074,12455,9745,1.0
10075,15132,9745,1.0
10076,7457,9887,1.0
10077,8281,9887,1.0
10078,8317,9887,1.0
10079,8587,9887,2.0
10080,9592,9887,1.0
10081,9605,9887,1.0
10082,9736,9887,2.0
10083,9743,9887,1.0
10084,9749,9887,1.0
10085,9881,9887,1.0
10086,9886,9887,4.0
10087,9888,9887,2.0
10088,10029,9887,6.0
10089,10030,9887,1.0
10090,10456,9887,1.0
10091,10598,9887,1.0
10092,10892,9887,1.0
10093,11030,9887,1.0
10094,11031,9887,1.0
10095,11154,9887,1.0
10096,11437,9887,4.0
10097,11462,9887,1.0
10098,11868,9887,1.0
10099,11885,9887,1.0
10100,13308,9887,1.0
10101,14000,9887,1.0
10102,7457,11140,1.0
10103,9020,11140,3.0
10104,9866,11140,1.0
10105,9999,11140,1.0
10106,10006,11140,1.0
10107,10148,11140,1.0
10108,10151,11140,1.0
10109,10285,11140,1.0
10110,10427,11140,1.0
10111,10441,11140,1.0
10112,10568,11140,1.0
10113,10571,11140,1.0
10114,10854,11140,1.0
10115,10855,11140,1.0
10116,10856,11140,2.0
10117,10993,11140,1.0
10118,10995,11140,2.0
10119,10996,11140,1.0
10120,10997,11140,5.0
10121,10998,11140,3.0
10122,11000,11140,1.0
10123,11139,11140,1.0
10124,11141,11140,8.0
10125,11143,11140,2.0
10126,11282,11140,1.0
10127,11288,11140,1.0
10128,11294,11140,2.0
10129,11422,11140,1.0
10130,11710,11140,1.0
10131,12276,11140,1.0
10132,12294,11140,1.0
10133,15019,11140,1.0
10134,7457,13998,1.0
10135,11172,13998,1.0
10136,11869,13998,1.0
10137,12011,13998,1.0
10138,12312,13998,1.0
10139,12552,13998,2.0
10140,13003,13998,1.0
10141,13714,13998,1.0
10142,13716,13998,1.0
10143,13860,13998,2.0
10144,13994,13998,1.0
10145,14000,13998,2.0
10146,14143,13998,2.0
10147,14284,13998,1.0
10148,7458,7599,1.0
10149,8453,7599,1.0
10150,7458,8033,1.0
10151,7466,8033,2.0
10152,7603,8033,1.0
10153,7606,8033,1.0
10154,7608,8033,1.0
10155,7748,8033,1.0
10156,8032,8033,1.0
10157,8034,8033,1.0
10158,8316,8033,1.0
10159,8595,8033,1.0
10160,8746,8033,1.0
10161,9028,8033,2.0
10162,7458,8309,1.0
10163,7723,8309,1.0
10164,7734,8309,1.0
10165,7742,8309,1.0
10166,8023,8309,1.0
10167,8025,8309,1.0
10168,8026,8309,1.0
10169,8166,8309,2.0
10170,8167,8309,3.0
10171,8168,8309,3.0
10172,8312,8309,1.0
10173,8450,8309,1.0
10174,8451,8309,1.0
10175,12719,8309,1.0
10176,13264,8309,1.0
10177,7458,8312,1.0
10178,8024,8312,1.0
10179,8028,8312,3.0
10180,8170,8312,2.0
10181,8309,8312,1.0
10182,8311,8312,1.0
10183,8313,8312,1.0
10184,8453,8312,1.0
10185,8454,8312,2.0
10186,8455,8312,1.0
10187,8592,8312,2.0
10188,8596,8312,5.0
10189,9605,8312,1.0
10190,10465,8312,1.0
10191,7458,8454,1.0
10192,8311,8454,2.0
10193,8312,8454,1.0
10194,8451,8454,1.0
10195,8455,8454,2.0
10196,8456,8454,5.0
10197,8592,8454,1.0
10198,8593,8454,1.0
10199,8598,8454,1.0
10200,8696,8454,1.0
10201,8741,8454,1.0
10202,10012,8454,1.0
10203,7458,8590,1.0
10204,8591,8590,4.0
10205,8592,8590,2.0
10206,8733,8590,4.0
10207,8734,8590,3.0
10208,8741,8590,1.0
10209,8873,8590,1.0
10210,9855,8590,3.0
10211,10149,8590,2.0
10212,7458,8599,1.0
10213,7746,8599,1.0
10214,8032,8599,1.0
10215,8170,8599,2.0
10216,8313,8599,3.0
10217,8452,8599,1.0
10218,8456,8599,1.0
10219,8457,8599,1.0
10220,8598,8599,5.0
10221,9019,8599,2.0
10222,9162,8599,2.0
10223,9163,8599,1.0
10224,9167,8599,1.0
10225,9453,8599,1.0
10226,9457,8599,1.0
10227,9586,8599,1.0
10228,9598,8599,1.0
10229,9605,8599,1.0
10230,9736,8599,1.0
10231,11562,8599,1.0
10232,11736,8599,1.0
10233,7459,9593,1.0
10234,9589,9593,1.0
10235,9592,9593,1.0
10236,9600,9593,1.0
10237,9735,9593,1.0
10238,9874,9593,2.0
10239,9876,9593,1.0
10240,9880,9593,1.0
10241,7460,8450,1.0
10242,7600,8450,1.0
10243,8166,8450,4.0
10244,8309,8450,1.0
10245,8451,8450,4.0
10246,8452,8450,1.0
10247,9018,8450,1.0
10248,9158,8450,1.0
10249,9734,8450,1.0
10250,7460,10862,1.0
10251,7750,10862,1.0
10252,9604,10862,1.0
10253,10152,10862,1.0
10254,10425,10862,1.0
10255,10578,10862,3.0
10256,11004,10862,1.0
10257,11146,10862,1.0
10258,11288,10862,1.0
10259,11566,10862,2.0
10260,11877,10862,1.0
10261,7460,12011,1.0
10262,9591,12011,1.0
10263,10029,12011,1.0
10264,10305,12011,1.0
10265,10598,12011,1.0
10266,11290,12011,2.0
10267,11297,12011,1.0
10268,11440,12011,1.0
10269,11442,12011,1.0
10270,11443,12011,1.0
10271,11580,12011,1.0
10272,11585,12011,2.0
10273,11586,12011,1.0
10274,11592,12011,2.0
10275,11606,12011,1.0
10276,11727,12011,1.0
10277,11865,12011,2.0
10278,11868,12011,4.0
10279,11869,12011,1.0
10280,11870,12011,1.0
10281,12009,12011,2.0
10282,12012,12011,3.0
10283,12013,12011,2.0
10284,12021,12011,1.0
10285,12292,12011,1.0
10286,12293,12011,1.0
10287,12294,12011,2.0
10288,12295,12011,10.0
10289,12297,12011,1.0
10290,12299,12011,1.0
10291,12435,12011,3.0
10292,12572,12011,2.0
10293,12577,12011,1.0
10294,12579,12011,1.0
10295,12583,12011,1.0
10296,12715,12011,1.0
10297,12716,12011,1.0
10298,12717,12011,1.0
10299,12720,12011,1.0
10300,12724,12011,2.0
10301,12860,12011,1.0
10302,12862,12011,1.0
10303,13024,12011,2.0
10304,13690,12011,1.0
10305,13979,12011,1.0
10306,14256,12011,1.0
10307,14406,12011,1.0
10308,14417,12011,1.0
10309,14426,12011,1.0
10310,14569,12011,2.0
10311,14581,12011,2.0
10312,15133,12011,1.0
10313,15134,12011,2.0
10314,15273,12011,1.0
10315,15277,12011,1.0
10316,15419,12011,1.0
10317,15987,12011,1.0
10318,7461,7722,1.0
10319,7734,7722,1.0
10320,7998,7722,2.0
10321,8271,7722,1.0
10322,11135,7722,1.0
10323,11996,7722,1.0
10324,7461,8595,1.0
10325,8310,8595,1.0
10326,8319,8595,1.0
10327,8452,8595,2.0
10328,8453,8595,2.0
10329,8593,8595,1.0
10330,8594,8595,3.0
10331,8737,8595,3.0
10332,9448,8595,1.0
10333,9589,8595,1.0
10334,9592,8595,1.0
10335,9719,8595,1.0
10336,9720,8595,1.0
10337,10144,8595,1.0
10338,10154,8595,1.0
10339,11296,8595,1.0
10340,7461,10427,1.0
10341,10006,10427,1.0
10342,10146,10427,1.0
10343,10426,10427,1.0
10344,10855,10427,1.0
10345,10995,10427,1.0
10346,10997,10427,1.0
10347,11000,10427,1.0
10348,11282,10427,1.0
10349,7463,8313,1.0
10350,8025,8313,1.0
10351,8028,8313,1.0
10352,8032,8313,2.0
10353,8152,8313,1.0
10354,8171,8313,5.0
10355,8312,8313,1.0
10356,8455,8313,1.0
10357,8456,8313,3.0
10358,8598,8313,1.0
10359,8599,8313,3.0
10360,8740,8313,1.0
10361,8741,8313,1.0
10362,8885,8313,1.0
10363,9167,8313,2.0
10364,9592,8313,1.0
10365,9602,8313,1.0
10366,9728,8313,1.0
10367,9892,8313,3.0
10368,11428,8313,1.0
10369,11716,8313,1.0
10370,12446,8313,1.0
10371,7463,8314,2.0
10372,7602,8314,1.0
10373,7747,8314,1.0
10374,7748,8314,2.0
10375,8028,8314,2.0
10376,8170,8314,2.0
10377,8171,8314,1.0
10378,8172,8314,1.0
10379,8173,8314,1.0
10380,8175,8314,2.0
10381,8313,8314,2.0
10382,8315,8314,6.0
10383,8317,8314,1.0
10384,8455,8314,2.0
10385,8456,8314,1.0
10386,8457,8314,1.0
10387,8460,8314,1.0
10388,8585,8314,2.0
10389,8743,8314,1.0
10390,8878,8314,1.0
10391,9019,8314,2.0
10392,9024,8314,2.0
10393,9167,8314,1.0
10394,9448,8314,1.0
10395,11460,8314,1.0
10396,11725,8314,1.0
10397,13690,8314,1.0
10398,14560,8314,1.0
10399,7463,8460,1.0
10400,8314,8460,1.0
10401,8318,8460,1.0
10402,8319,8460,1.0
10403,8459,8460,10.0
10404,8461,8460,1.0
10405,8600,8460,1.0
10406,8601,8460,1.0
10407,8602,8460,1.0
10408,8603,8460,1.0
10409,8745,8460,1.0
10410,8883,8460,1.0
10411,9892,8460,1.0
10412,10030,8460,1.0
10413,10283,8460,1.0
10414,11426,8460,1.0
10415,11447,8460,1.0
10416,7463,8602,2.0
10417,8459,8602,1.0
10418,8461,8602,1.0
10419,8601,8602,1.0
10420,9164,8602,1.0
10421,10993,8602,1.0
10422,7463,8887,1.0
10423,8317,8887,1.0
10424,8601,8887,1.0
10425,8881,8887,1.0
10426,8886,8887,1.0
10427,8889,8887,1.0
10428,9014,8887,2.0
10429,9740,8887,2.0
10430,10018,8887,2.0
10431,11178,8887,1.0
10432,7463,10139,2.0
10433,7726,10139,1.0
10434,8010,10139,1.0
10435,8720,10139,1.0
10436,9021,10139,1.0
10437,9427,10139,1.0
10438,9429,10139,1.0
10439,9446,10139,1.0
10440,9577,10139,1.0
10441,9709,10139,1.0
10442,9712,10139,1.0
10443,9724,10139,1.0
10444,9855,10139,1.0
10445,9859,10139,1.0
10446,9861,10139,2.0
10447,9994,10139,1.0
10448,9995,10139,1.0
10449,9996,10139,2.0
10450,10000,10139,1.0
10451,10136,10139,1.0
10452,10137,10139,3.0
10453,10138,10139,6.0
10454,10140,10139,3.0
10455,10280,10139,1.0
10456,10281,10139,1.0
10457,10285,10139,1.0
10458,10291,10139,1.0
10459,10424,10139,1.0
10460,10988,10139,2.0
10461,11135,10139,1.0
10462,13146,10139,1.0
10463,7464,8161,1.0
10464,7750,8161,1.0
10465,8160,8161,1.0
10466,8302,8161,1.0
10467,7464,9166,1.0
10468,7606,9166,2.0
10469,8318,9166,1.0
10470,8876,9166,1.0
10471,9019,9166,1.0
10472,9021,9166,1.0
10473,9170,9166,1.0
10474,9451,9166,2.0
10475,9586,9166,1.0
10476,9592,9166,2.0
10477,9596,9166,1.0
10478,9748,9166,1.0
10479,9875,9166,1.0
10480,10325,9166,1.0
10481,10597,9166,1.0
10482,10848,9166,1.0
10483,10992,9166,1.0
10484,11293,9166,1.0
10485,14974,9166,1.0
10486,7464,10583,1.0
10487,9740,10583,1.0
10488,9886,10583,1.0
10489,9888,10583,1.0
10490,10012,10583,1.0
10491,10018,10583,1.0
10492,10157,10583,1.0
10493,10165,10583,2.0
10494,10443,10583,2.0
10495,10584,10583,1.0
10496,10585,10583,2.0
10497,10872,10583,1.0
10498,10993,10583,1.0
10499,11010,10583,3.0
10500,11150,10583,1.0
10501,12281,10583,3.0
10502,12288,10583,1.0
10503,7464,12588,1.0
10504,9888,12588,1.0
10505,10170,12588,1.0
10506,10892,12588,2.0
10507,10894,12588,1.0
10508,11298,12588,1.0
10509,11314,12588,1.0
10510,11451,12588,1.0
10511,11565,12588,1.0
10512,11603,12588,2.0
10513,11734,12588,1.0
10514,11875,12588,2.0
10515,12313,12588,1.0
10516,12419,12588,1.0
10517,12446,12588,5.0
10518,12447,12588,2.0
10519,12448,12588,2.0
10520,12449,12588,1.0
10521,12579,12588,1.0
10522,12587,12588,2.0
10523,12589,12588,3.0
10524,12590,12588,1.0
10525,12591,12588,2.0
10526,12597,12588,1.0
10527,12727,12588,1.0
10528,12729,12588,1.0
10529,12730,12588,3.0
10530,12731,12588,1.0
10531,12732,12588,3.0
10532,12872,12588,1.0
10533,13014,12588,1.0
10534,13152,12588,1.0
10535,13156,12588,1.0
10536,13300,12588,1.0
10537,13712,12588,1.0
10538,13726,12588,1.0
10539,13858,12588,1.0
10540,14269,12588,1.0
10541,14292,12588,1.0
10542,14302,12588,1.0
10543,14442,12588,1.0
10544,14697,12588,1.0
10545,15006,12588,1.0
10546,16397,12588,1.0
10547,17139,12588,1.0
10548,7465,12572,1.0
10549,9887,12572,1.0
10550,10584,12572,1.0
10551,11299,12572,1.0
10552,11701,12572,1.0
10553,11846,12572,1.0
10554,11847,12572,1.0
10555,11848,12572,1.0
10556,11865,12572,2.0
10557,11866,12572,1.0
10558,11882,12572,1.0
10559,11998,12572,1.0
10560,12286,12572,1.0
10561,12288,12572,2.0
10562,12430,12572,1.0
10563,12432,12572,1.0
10564,12571,12572,2.0
10565,12573,12572,1.0
10566,12574,12572,1.0
10567,12707,12572,2.0
10568,12715,12572,2.0
10569,12716,12572,3.0
10570,12717,12572,1.0
10571,12720,12572,1.0
10572,12998,12572,2.0
10573,12999,12572,3.0
10574,13847,12572,1.0
10575,14706,12572,1.0
10576,15284,12572,1.0
10577,7465,14410,1.0
10578,9126,14410,1.0
10579,10293,14410,1.0
10580,12280,14410,1.0
10581,12299,14410,1.0
10582,12425,14410,1.0
10583,12432,14410,1.0
10584,12457,14410,1.0
10585,12575,14410,1.0
10586,13120,14410,1.0
10587,13394,14410,1.0
10588,13418,14410,2.0
10589,13423,14410,1.0
10590,13977,14410,1.0
10591,13982,14410,1.0
10592,13984,14410,1.0
10593,13986,14410,1.0
10594,14102,14410,1.0
10595,14103,14410,2.0
10596,14115,14410,1.0
10597,14264,14410,1.0
10598,14265,14410,2.0
10599,14268,14410,2.0
10600,14269,14410,1.0
10601,14386,14410,2.0
10602,14387,14410,3.0
10603,14405,14410,1.0
10604,14406,14410,2.0
10605,14407,14410,3.0
10606,14409,14410,2.0
10607,14411,14410,2.0
10608,14412,14410,2.0
10609,14426,14410,1.0
10610,14523,14410,1.0
10611,14533,14410,2.0
10612,14535,14410,1.0
10613,14537,14410,1.0
10614,14546,14410,1.0
10615,14548,14410,5.0
10616,14549,14410,1.0
10617,14550,14410,3.0
10618,14553,14410,1.0
10619,14554,14410,1.0
10620,14555,14410,1.0
10621,14557,14410,1.0
10622,14682,14410,1.0
10623,14687,14410,1.0
10624,14688,14410,1.0
10625,14689,14410,2.0
10626,14691,14410,2.0
10627,14692,14410,2.0
10628,14693,14410,4.0
10629,14959,14410,1.0
10630,14972,14410,1.0
10631,14975,14410,1.0
10632,14976,14410,1.0
10633,14977,14410,1.0
10634,14984,14410,1.0
10635,15101,14410,1.0
10636,15117,14410,1.0
10637,15123,14410,2.0
10638,15126,14410,1.0
10639,15127,14410,1.0
10640,15257,14410,1.0
10641,15258,14410,1.0
10642,15260,14410,1.0
10643,15278,14410,3.0
10644,15398,14410,2.0
10645,15414,14410,1.0
10646,15420,14410,1.0
10647,15680,14410,3.0
10648,15689,14410,1.0
10649,15822,14410,1.0
10650,15974,14410,1.0
10651,16547,14410,1.0
10652,16681,14410,1.0
10653,16830,14410,1.0
10654,17114,14410,1.0
10655,17534,14410,1.0
10656,17808,14410,1.0
10657,7465,17548,1.0
10658,15126,17548,1.0
10659,7466,6724,2.0
10660,8007,6724,1.0
10661,7466,8878,1.0
10662,7603,8878,1.0
10663,7734,8878,1.0
10664,7748,8878,1.0
10665,8172,8878,1.0
10666,8314,8878,1.0
10667,8455,8878,1.0
10668,8594,8878,1.0
10669,8734,8878,4.0
10670,8735,8878,2.0
10671,8736,8878,1.0
10672,8737,8878,2.0
10673,8881,8878,1.0
10674,9020,8878,2.0
10675,9021,8878,2.0
10676,9164,8878,1.0
10677,9436,8878,1.0
10678,9444,8878,2.0
10679,9589,8878,1.0
10680,9602,8878,1.0
10681,9712,8878,1.0
10682,9733,8878,1.0
10683,9859,8878,1.0
10684,10002,8878,1.0
10685,10297,8878,1.0
10686,11574,8878,1.0
10687,7466,9173,1.0
10688,7749,9173,1.0
10689,8456,9173,1.0
10690,9031,9173,2.0
10691,9172,9173,3.0
10692,9453,9173,1.0
10693,9592,9173,2.0
10694,10012,9173,1.0
10695,10135,9173,1.0
10696,7466,9735,1.0
10697,8876,9735,1.0
10698,9019,9735,1.0
10699,9160,9735,1.0
10700,9168,9735,1.0
10701,9451,9735,3.0
10702,9452,9735,1.0
10703,9590,9735,1.0
10704,9592,9735,4.0
10705,9732,9735,1.0
10706,9733,9735,2.0
10707,10029,9735,1.0
10708,7466,10607,1.0
10709,7734,10607,1.0
10710,10017,10607,1.0
10711,10029,10607,2.0
10712,10179,10607,1.0
10713,10306,10607,1.0
10714,10458,10607,1.0
10715,10464,10607,3.0
10716,10465,10607,3.0
10717,10466,10607,2.0
10718,10606,10607,1.0
10719,10608,10607,2.0
10720,10891,10607,1.0
10721,10894,10607,2.0
10722,11034,10607,3.0
10723,11036,10607,1.0
10724,11293,10607,1.0
10725,11312,10607,1.0
10726,11314,10607,1.0
10727,11316,10607,1.0
10728,11596,10607,1.0
10729,11745,10607,1.0
10730,7466,12575,1.0
10731,10026,12575,1.0
10732,10170,12575,1.0
10733,11036,12575,1.0
10734,11320,12575,1.0
10735,11446,12575,1.0
10736,11580,12575,1.0
10737,11582,12575,1.0
10738,11586,12575,1.0
10739,11722,12575,1.0
10740,11727,12575,1.0
10741,11863,12575,1.0
10742,11865,12575,1.0
10743,11868,12575,2.0
10744,11871,12575,1.0
10745,11999,12575,1.0
10746,12007,12575,2.0
10747,12009,12575,1.0
10748,12259,12575,1.0
10749,12283,12575,1.0
10750,12291,12575,4.0
10751,12293,12575,2.0
10752,12294,12575,2.0
10753,12295,12575,2.0
10754,12432,12575,3.0
10755,12435,12575,1.0
10756,12440,12575,1.0
10757,12446,12575,1.0
10758,12574,12575,7.0
10759,12577,12575,4.0
10760,12579,12575,2.0
10761,12590,12575,1.0
10762,12716,12575,3.0
10763,12717,12575,3.0
10764,12718,12575,2.0
10765,12724,12575,1.0
10766,12832,12575,1.0
10767,12857,12575,1.0
10768,12859,12575,1.0
10769,12862,12575,2.0
10770,12874,12575,1.0
10771,12876,12575,2.0
10772,12967,12575,1.0
10773,12999,12575,1.0
10774,13000,12575,1.0
10775,13007,12575,1.0
10776,13289,12575,1.0
10777,13423,12575,2.0
10778,13426,12575,1.0
10779,13991,12575,1.0
10780,14268,12575,1.0
10781,14407,12575,1.0
10782,14575,12575,1.0
10783,14693,12575,1.0
10784,15134,12575,1.0
10785,15162,12575,1.0
10786,15277,12575,1.0
10787,7542,7260,1.0
10788,8128,7260,1.0
10789,7542,7400,1.0
10790,7542,8105,1.0
10791,7542,8271,1.0
10792,7556,8271,1.0
10793,7722,8271,1.0
10794,7987,8271,1.0
10795,7991,8271,1.0
10796,8125,8271,1.0
10797,8127,8271,1.0
10798,8128,8271,4.0
10799,8129,8271,1.0
10800,8268,8271,5.0
10801,8269,8271,1.0
10802,8270,8271,4.0
10803,8272,8271,2.0
10804,8273,8271,2.0
10805,8274,8271,3.0
10806,8278,8271,1.0
10807,8409,8271,2.0
10808,8413,8271,3.0
10809,8414,8271,2.0
10810,8415,8271,1.0
10811,8416,8271,1.0
10812,8550,8271,1.0
10813,8551,8271,1.0
10814,8554,8271,2.0
10815,8558,8271,2.0
10816,8691,8271,1.0
10817,8694,8271,2.0
10818,8695,8271,3.0
10819,8696,8271,2.0
10820,8827,8271,1.0
10821,8834,8271,3.0
10822,8839,8271,3.0
10823,9024,8271,1.0
10824,7556,7413,1.0
10825,7991,7413,3.0
10826,7560,7135,1.0
10827,7987,7135,2.0
10828,8128,7135,1.0
10829,8271,7135,1.0
10830,7560,14435,1.0
10831,14292,14435,3.0
10832,14295,14435,2.0
10833,14437,14435,1.0
10834,7564,8278,1.0
10835,7575,8278,1.0
10836,7716,8278,2.0
10837,7993,8278,2.0
10838,7998,8278,1.0
10839,8136,8278,2.0
10840,8138,8278,4.0
10841,8141,8278,1.0
10842,8268,8278,1.0
10843,8270,8278,1.0
10844,8274,8278,1.0
10845,8275,8278,1.0
10846,8277,8278,5.0
10847,8279,8278,2.0
10848,8414,8278,3.0
10849,8415,8278,2.0
10850,8419,8278,3.0
10851,8561,8278,1.0
10852,8722,8278,1.0
10853,8834,8278,1.0
10854,9126,8278,1.0
10855,9536,8278,1.0
10856,7564,10393,1.0
10857,10966,10393,1.0
10858,7565,7708,1.0
10859,8128,7708,1.0
10860,8414,7708,1.0
10861,8416,7708,1.0
10862,8553,7708,1.0
10863,8555,7708,1.0
10864,8839,7708,1.0
10865,8976,7708,1.0
10866,12421,7708,1.0
10867,7565,8280,1.0
10868,8129,8280,1.0
10869,8135,8280,2.0
10870,8136,8280,1.0
10871,8137,8280,1.0
10872,8138,8280,1.0
10873,8139,8280,1.0
10874,8277,8280,1.0
10875,8278,8280,1.0
10876,9575,8280,1.0
10877,7565,8422,2.0
10878,7565,8835,1.0
10879,7986,8835,1.0
10880,8128,8835,2.0
10881,8131,8835,1.0
10882,8271,8835,1.0
10883,8276,8835,2.0
10884,8409,8835,1.0
10885,8411,8835,1.0
10886,8415,8835,2.0
10887,8416,8835,3.0
10888,8550,8835,2.0
10889,8551,8835,3.0
10890,8554,8835,2.0
10891,8692,8835,3.0
10892,8693,8835,3.0
10893,8694,8835,1.0
10894,8695,8835,3.0
10895,8696,8835,8.0
10896,8834,8835,2.0
10897,8836,8835,2.0
10898,8839,8835,1.0
10899,8840,8835,1.0
10900,8978,8835,1.0
10901,9402,8835,1.0
10902,10161,8835,1.0
10903,10991,8835,1.0
10904,14533,8835,2.0
10905,7565,10966,1.0
10906,8411,10966,1.0
10907,8416,10966,3.0
10908,8418,10966,2.0
10909,8691,10966,1.0
10910,8692,10966,1.0
10911,8695,10966,1.0
10912,9127,10966,2.0
10913,9706,10966,3.0
10914,9988,10966,2.0
10915,10122,10966,1.0
10916,10256,10966,1.0
10917,10398,10966,1.0
10918,10540,10966,2.0
10919,11107,10966,3.0
10920,11108,10966,3.0
10921,12528,10966,1.0
10922,12670,10966,1.0
10923,7566,6578,1.0
10924,7571,7994,1.0
10925,8275,7994,2.0
10926,8278,7994,1.0
10927,8284,7994,1.0
10928,8418,7994,1.0
10929,8429,7994,1.0
10930,7571,8424,2.0
10931,7731,8424,1.0
10932,7999,8424,1.0
10933,8139,8424,3.0
10934,8281,8424,1.0
10935,8283,8424,4.0
10936,8565,8424,1.0
10937,8843,8424,1.0
10938,9997,8424,1.0
10939,7571,10422,1.0
10940,9428,10422,2.0
10941,9603,10422,1.0
10942,9721,10422,1.0
10943,9882,10422,2.0
10944,10143,10422,1.0
10945,10423,10422,1.0
10946,11983,10422,1.0
10947,7572,8288,1.0
10948,7723,8288,1.0
10949,7574,8140,1.0
10950,7996,8140,1.0
10951,8138,8140,1.0
10952,8139,8140,1.0
10953,8141,8140,1.0
10954,8283,8140,1.0
10955,8297,8140,1.0
10956,9376,8140,2.0
10957,7574,8427,1.0
10958,8137,8427,1.0
10959,8558,8427,1.0
10960,8695,8427,1.0
10961,7574,9170,1.0
10962,7747,9170,1.0
10963,9013,9170,1.0
10964,9146,9170,1.0
10965,9166,9170,1.0
10966,9596,9170,1.0
10967,10149,9170,1.0
10968,12955,9170,1.0
10969,15527,9170,1.0
10970,7574,13006,1.0
10971,10596,13006,1.0
10972,11310,13006,1.0
10973,11561,13006,1.0
10974,11740,13006,1.0
10975,12007,13006,1.0
10976,12432,13006,1.0
10977,12441,13006,1.0
10978,12723,13006,2.0
10979,12724,13006,1.0
10980,12878,13006,1.0
10981,12999,13006,1.0
10982,13003,13006,1.0
10983,13007,13006,1.0
10984,13113,13006,1.0
10985,13151,13006,1.0
10986,13152,13006,1.0
10987,13705,13006,1.0
10988,15282,13006,1.0
10989,16689,13006,1.0
10990,7575,9536,1.0
10991,7994,9536,1.0
10992,8413,9536,1.0
10993,8691,9536,1.0
10994,8696,9536,1.0
10995,8833,9536,1.0
10996,9098,9536,1.0
10997,9099,9536,1.0
10998,9112,9536,1.0
10999,9531,9536,1.0
11000,9678,9536,1.0
11001,9683,9536,2.0
11002,9819,9536,1.0
11003,10248,9536,1.0
11004,10383,9536,2.0
11005,11224,9536,1.0
11006,11511,9536,1.0
11007,7576,11033,1.0
11008,9605,11033,1.0
11009,10318,11033,1.0
11010,10323,11033,2.0
11011,10609,11033,1.0
11012,10891,11033,2.0
11013,10892,11033,2.0
11014,11028,11033,1.0
11015,11172,11033,1.0
11016,11174,11033,2.0
11017,11320,11033,1.0
11018,11453,11033,2.0
11019,11459,11033,1.0
11020,11593,11033,1.0
11021,11886,11033,3.0
11022,12727,11033,1.0
11023,13722,11033,1.0
11024,7580,7156,1.0
11025,8981,7156,1.0
11026,9436,7156,1.0
11027,7580,10990,1.0
11028,8307,10990,1.0
11029,8876,10990,1.0
11030,9586,10990,1.0
11031,9600,10990,1.0
11032,9993,10990,1.0
11033,10007,10990,1.0
11034,10138,10990,2.0
11035,10288,10990,1.0
11036,10423,10990,1.0
11037,10563,10990,1.0
11038,10848,10990,1.0
11039,10849,10990,1.0
11040,10989,10990,1.0
11041,10991,10990,1.0
11042,10993,10990,1.0
11043,11002,10990,1.0
11044,11119,10990,1.0
11045,11131,10990,2.0
11046,11132,10990,1.0
11047,11272,10990,2.0
11048,11273,10990,1.0
11049,11277,10990,1.0
11050,11417,10990,1.0
11051,11418,10990,1.0
11052,11575,10990,1.0
11053,13987,10990,1.0
11054,7582,10856,1.0
11055,9020,10856,2.0
11056,9156,10856,1.0
11057,9437,10856,1.0
11058,9859,10856,3.0
11059,9870,10856,1.0
11060,10000,10856,2.0
11061,10285,10856,1.0
11062,10564,10856,3.0
11063,10568,10856,2.0
11064,10569,10856,1.0
11065,10571,10856,2.0
11066,10574,10856,1.0
11067,10578,10856,1.0
11068,10852,10856,2.0
11069,10855,10856,6.0
11070,10859,10856,2.0
11071,10998,10856,1.0
11072,11000,10856,2.0
11073,11001,10856,1.0
11074,11004,10856,1.0
11075,11135,10856,2.0
11076,11140,10856,6.0
11077,11273,10856,1.0
11078,11282,10856,1.0
11079,11283,10856,1.0
11080,11285,10856,1.0
11081,12705,10856,1.0
11082,13393,10856,1.0
11083,7584,7159,1.0
11084,8275,7159,1.0
11085,9851,7159,2.0
11086,10565,7159,1.0
11087,13682,7159,2.0
11088,7584,8012,1.0
11089,7726,8012,1.0
11090,10170,8012,1.0
11091,7586,10012,1.0
11092,8020,10012,1.0
11093,8166,10012,1.0
11094,8171,10012,1.0
11095,8307,10012,1.0
11096,8595,10012,1.0
11097,9018,10012,3.0
11098,9019,10012,1.0
11099,9155,10012,1.0
11100,9156,10012,1.0
11101,9164,10012,1.0
11102,9167,10012,1.0
11103,9173,10012,2.0
11104,9436,10012,1.0
11105,9583,10012,2.0
11106,9727,10012,1.0
11107,9731,10012,1.0
11108,9737,10012,1.0
11109,9865,10012,1.0
11110,9869,10012,2.0
11111,9870,10012,2.0
11112,10010,10012,1.0
11113,10011,10012,5.0
11114,10147,10012,1.0
11115,10148,10012,1.0
11116,10152,10012,1.0
11117,10154,10012,2.0
11118,10156,10012,2.0
11119,10161,10012,2.0
11120,10299,10012,1.0
11121,10438,10012,1.0
11122,10580,10012,1.0
11123,10583,10012,1.0
11124,10856,10012,1.0
11125,10864,10012,1.0
11126,11005,10012,1.0
11127,11140,10012,1.0
11128,11288,10012,1.0
11129,11433,10012,1.0
11130,11574,10012,1.0
11131,11720,10012,1.0
11132,11983,10012,1.0
11133,7587,8298,1.0
11134,7594,7455,1.0
11135,8742,7455,1.0
11136,10870,7455,2.0
11137,7594,9869,1.0
11138,8727,9869,1.0
11139,9158,9869,1.0
11140,9164,9869,1.0
11141,9586,9869,1.0
11142,9718,9869,1.0
11143,9719,9869,1.0
11144,9867,9869,1.0
11145,9870,9869,1.0
11146,10010,9869,2.0
11147,10012,9869,2.0
11148,10013,9869,1.0
11149,11146,9869,2.0
11150,11446,9869,1.0
11151,7594,10160,1.0
11152,8884,10160,1.0
11153,9443,10160,1.0
11154,9532,10160,1.0
11155,9752,10160,1.0
11156,9864,10160,1.0
11157,9876,10160,1.0
11158,10009,10160,1.0
11159,10018,10160,2.0
11160,10021,10160,1.0
11161,10148,10160,1.0
11162,10149,10160,3.0
11163,10154,10160,1.0
11164,10158,10160,1.0
11165,10159,10160,1.0
11166,10163,10160,1.0
11167,10293,10160,1.0
11168,10301,10160,2.0
11169,11141,10160,1.0
11170,11431,10160,1.0
11171,11438,10160,1.0
11172,11441,10160,1.0
11173,12290,10160,1.0
11174,15956,10160,1.0
11175,7598,8451,1.0
11176,8166,8451,5.0
11177,8176,8451,1.0
11178,8309,8451,1.0
11179,8311,8451,2.0
11180,8455,8451,1.0
11181,8590,8451,1.0
11182,8723,8451,1.0
11183,8734,8451,1.0
11184,8737,8451,1.0
11185,9584,8451,1.0
11186,10151,8451,1.0
11187,11157,8451,1.0
11188,7598,9441,1.0
11189,8453,9441,1.0
11190,9009,9441,3.0
11191,9015,9441,1.0
11192,9152,9441,1.0
11193,9155,9441,1.0
11194,9156,9441,1.0
11195,9162,9441,1.0
11196,9436,9441,1.0
11197,9439,9441,2.0
11198,9445,9441,1.0
11199,9581,9441,2.0
11200,9582,9441,4.0
11201,9583,9441,1.0
11202,9584,9441,3.0
11203,9585,9441,1.0
11204,9865,9441,1.0
11205,10147,9441,1.0
11206,11704,9441,1.0
11207,12583,9441,1.0
11208,7598,10855,1.0
11209,9165,10855,2.0
11210,10138,10855,2.0
11211,10145,10855,1.0
11212,10148,10855,1.0
11213,10427,10855,1.0
11214,10568,10855,2.0
11215,10572,10855,1.0
11216,10851,10855,1.0
11217,10853,10855,2.0
11218,10854,10855,2.0
11219,10856,10855,5.0
11220,11136,10855,1.0
11221,11140,10855,1.0
11222,11282,10855,3.0
11223,11566,10855,1.0
11224,11703,10855,4.0
11225,11983,10855,1.0
11226,7600,11293,1.0
11227,9167,11293,1.0
11228,9741,11293,1.0
11229,10607,11293,1.0
11230,10869,11293,2.0
11231,10871,11293,1.0
11232,11147,11293,1.0
11233,11151,11293,1.0
11234,11291,11293,4.0
11235,11292,11293,3.0
11236,11295,11293,2.0
11237,11296,11293,1.0
11238,11298,11293,1.0
11239,11431,11293,1.0
11240,11434,11293,1.0
11241,11580,11293,1.0
11242,12282,11293,1.0
11243,12283,11293,1.0
11244,12429,11293,1.0
11245,12436,11293,1.0
11246,12568,11293,1.0
11247,12573,11293,2.0
11248,12836,11293,1.0
11249,12855,11293,1.0
11250,15101,11293,1.0
11251,7601,11847,1.0
11252,8880,11847,1.0
11253,10433,11847,1.0
11254,11562,11847,1.0
11255,11580,11847,1.0
11256,11701,11847,1.0
11257,11704,11847,1.0
11258,12276,11847,1.0
11259,12417,11847,1.0
11260,12572,11847,1.0
11261,7602,10567,1.0
11262,10005,10567,1.0
11263,10145,10567,2.0
11264,10170,10567,1.0
11265,10281,10567,1.0
11266,10293,10567,1.0
11267,10426,10567,1.0
11268,10429,10567,1.0
11269,10431,10567,1.0
11270,10565,10567,2.0
11271,10566,10567,1.0
11272,10568,10567,1.0
11273,10570,10567,1.0
11274,10572,10567,1.0
11275,10576,10567,2.0
11276,10578,10567,2.0
11277,10582,10567,1.0
11278,10850,10567,1.0
11279,10851,10567,1.0
11280,10853,10567,2.0
11281,10860,10567,1.0
11282,10989,10567,1.0
11283,10993,10567,1.0
11284,7603,7745,5.0
11285,7603,8585,1.0
11286,8455,8585,2.0
11287,8457,8585,1.0
11288,8582,8585,1.0
11289,8584,8585,3.0
11290,8725,8585,1.0
11291,8727,8585,4.0
11292,8867,8585,3.0
11293,9006,8585,1.0
11294,9020,8585,1.0
11295,9156,8585,1.0
11296,9164,8585,1.0
11297,9718,8585,1.0
11298,11090,8585,1.0
11299,11860,8585,1.0
11300,13148,8585,1.0
11301,7604,9719,2.0
11302,7606,9719,1.0
11303,8272,9719,1.0
11304,8409,9719,1.0
11305,8590,9719,1.0
11306,8722,9719,1.0
11307,8724,9719,1.0
11308,8725,9719,1.0
11309,8726,9719,3.0
11310,8727,9719,1.0
11311,8859,9719,1.0
11312,8867,9719,4.0
11313,8869,9719,1.0
11314,9004,9719,1.0
11315,9007,9719,1.0
11316,9008,9719,1.0
11317,9009,9719,1.0
11318,9010,9719,3.0
11319,9011,9719,3.0
11320,9014,9719,1.0
11321,9016,9719,1.0
11322,9152,9719,1.0
11323,9154,9719,1.0
11324,9157,9719,1.0
11325,9163,9719,1.0
11326,9164,9719,1.0
11327,9427,9719,1.0
11328,9433,9719,1.0
11329,9434,9719,2.0
11330,9435,9719,1.0
11331,9436,9719,2.0
11332,9439,9719,1.0
11333,9456,9719,1.0
11334,9568,9719,1.0
11335,9575,9719,2.0
11336,9576,9719,1.0
11337,9577,9719,5.0
11338,9578,9719,1.0
11339,9581,9719,1.0
11340,9582,9719,4.0
11341,9586,9719,1.0
11342,9712,9719,1.0
11343,9713,9719,1.0
11344,9717,9719,1.0
11345,9718,9719,7.0
11346,9721,9719,2.0
11347,9722,9719,2.0
11348,9746,9719,4.0
11349,9857,9719,1.0
11350,9861,9719,3.0
11351,9862,9719,1.0
11352,9865,9719,1.0
11353,9866,9719,2.0
11354,9869,9719,1.0
11355,9994,9719,2.0
11356,9995,9719,1.0
11357,10002,9719,1.0
11358,10005,9719,1.0
11359,10006,9719,3.0
11360,10142,9719,1.0
11361,10144,9719,5.0
11362,10145,9719,2.0
11363,10147,9719,1.0
11364,10148,9719,2.0
11365,10149,9719,2.0
11366,10285,9719,1.0
11367,10297,9719,1.0
11368,10459,9719,1.0
11369,10570,9719,1.0
11370,10575,9719,1.0
11371,10993,9719,1.0
11372,7604,12010,1.0
11373,10029,12010,1.0
11374,10316,12010,1.0
11375,10453,12010,1.0
11376,10874,12010,1.0
11377,11138,12010,1.0
11378,11444,12010,1.0
11379,11869,12010,1.0
11380,12011,12010,4.0
11381,12012,12010,1.0
11382,12295,12010,1.0
11383,12297,12010,1.0
11384,12432,12010,1.0
11385,12438,12010,1.0
11386,12581,12010,1.0
11387,12719,12010,1.0
11388,12720,12010,1.0
11389,12723,12010,2.0
11390,14300,12010,1.0
11391,14413,12010,1.0
11392,14698,12010,2.0
11393,7605,7726,1.0
11394,7983,7726,1.0
11395,8985,7726,1.0
11396,10009,7726,1.0
11397,10139,7726,1.0
11398,10140,7726,4.0
11399,10301,7726,1.0
11400,7605,10140,1.0
11401,7726,10140,1.0
11402,7731,10140,1.0
11403,8137,10140,1.0
11404,8740,10140,1.0
11405,8839,10140,1.0
11406,8973,10140,1.0
11407,9005,10140,1.0
11408,9429,10140,3.0
11409,9852,10140,5.0
11410,9992,10140,1.0
11411,9994,10140,1.0
11412,9995,10140,1.0
11413,9996,10140,2.0
11414,9998,10140,1.0
11415,10000,10140,1.0
11416,10007,10140,1.0
11417,10009,10140,1.0
11418,10138,10140,6.0
11419,10139,10140,2.0
11420,10143,10140,3.0
11421,10145,10140,1.0
11422,10281,10140,2.0
11423,10297,10140,1.0
11424,10424,10140,1.0
11425,10566,10140,1.0
11426,10597,10140,1.0
11427,10851,10140,2.0
11428,11131,10140,1.0
11429,11722,10140,1.0
11430,11861,10140,1.0
11431,12275,10140,1.0
11432,13677,10140,1.0
11433,7605,11014,1.0
11434,8167,11014,1.0
11435,9599,11014,1.0
11436,9879,11014,1.0
11437,10024,11014,1.0
11438,10030,11014,1.0
11439,10179,11014,1.0
11440,10309,11014,1.0
11441,10323,11014,1.0
11442,10444,11014,1.0
11443,10445,11014,2.0
11444,10589,11014,1.0
11445,10596,11014,1.0
11446,10871,11014,1.0
11447,10872,11014,1.0
11448,11012,11014,2.0
11449,11013,11014,2.0
11450,11015,11014,1.0
11451,11156,11014,1.0
11452,11165,11014,1.0
11453,11173,11014,1.0
11454,11297,11014,1.0
11455,11723,11014,1.0
11456,12430,11014,1.0
11457,7606,7324,2.0
11458,7608,7324,2.0
11459,9430,7324,1.0
11460,9737,7324,1.0
11461,7606,8879,2.0
11462,8174,8879,1.0
11463,8268,8879,1.0
11464,8694,8879,1.0
11465,8727,8879,1.0
11466,8735,8879,1.0
11467,8876,8879,2.0
11468,9020,8879,1.0
11469,9024,8879,1.0
11470,9029,8879,1.0
11471,9162,8879,1.0
11472,9444,8879,1.0
11473,9445,8879,1.0
11474,9451,8879,1.0
11475,9961,8879,1.0
11476,10135,8879,1.0
11477,10297,8879,1.0
11478,12009,8879,1.0
11479,13273,8879,1.0
11480,13704,8879,1.0
11481,7606,10893,1.0
11482,9592,10893,1.0
11483,9604,10893,2.0
11484,9886,10893,1.0
11485,9892,10893,1.0
11486,10029,10893,1.0
11487,10172,10893,2.0
11488,10179,10893,1.0
11489,10318,10893,1.0
11490,10323,10893,1.0
11491,10460,10893,1.0
11492,10467,10893,3.0
11493,10606,10893,2.0
11494,10607,10893,1.0
11495,10609,10893,3.0
11496,10611,10893,2.0
11497,10892,10893,1.0
11498,10894,10893,1.0
11499,11033,10893,1.0
11500,11034,10893,1.0
11501,11035,10893,2.0
11502,11037,10893,1.0
11503,11177,10893,7.0
11504,11178,10893,1.0
11505,11315,10893,1.0
11506,11460,10893,1.0
11507,11461,10893,1.0
11508,11744,10893,1.0
11509,12028,10893,1.0
11510,12458,10893,1.0
11511,13003,10893,1.0
11512,7608,10029,1.0
11513,7713,10029,1.0
11514,7734,10029,1.0
11515,7748,10029,1.0
11516,8032,10029,1.0
11517,8554,10029,2.0
11518,8693,10029,1.0
11519,9174,10029,1.0
11520,9447,10029,1.0
11521,9581,10029,3.0
11522,9590,10029,1.0
11523,9598,10029,1.0
11524,9735,10029,1.0
11525,9736,10029,1.0
11526,9737,10029,1.0
11527,9744,10029,1.0
11528,9866,10029,2.0
11529,9883,10029,1.0
11530,9886,10029,2.0
11531,9887,10029,4.0
11532,9888,10029,3.0
11533,9892,10029,1.0
11534,10024,10029,2.0
11535,10025,10029,1.0
11536,10030,10029,1.0
11537,10031,10029,1.0
11538,10145,10029,1.0
11539,10170,10029,2.0
11540,10174,10029,1.0
11541,10178,10029,1.0
11542,10179,10029,1.0
11543,10308,10029,1.0
11544,10310,10029,2.0
11545,10311,10029,1.0
11546,10312,10029,3.0
11547,10320,10029,1.0
11548,10455,10029,2.0
11549,10467,10029,1.0
11550,10468,10029,1.0
11551,10581,10029,1.0
11552,10585,10029,1.0
11553,10588,10029,1.0
11554,10595,10029,1.0
11555,10892,10029,1.0
11556,10893,10029,1.0
11557,10936,10029,1.0
11558,11015,10029,3.0
11559,11022,10029,1.0
11560,11158,10029,1.0
11561,11162,10029,1.0
11562,11163,10029,2.0
11563,11168,10029,1.0
11564,11172,10029,1.0
11565,11173,10029,1.0
11566,11304,10029,1.0
11567,11585,10029,1.0
11568,11588,10029,1.0
11569,11704,10029,1.0
11570,11867,10029,1.0
11571,11878,10029,1.0
11572,11883,10029,1.0
11573,12010,10029,1.0
11574,12011,10029,1.0
11575,12025,10029,1.0
11576,12292,10029,1.0
11577,12293,10029,1.0
11578,12306,10029,1.0
11579,12590,10029,1.0
11580,12593,10029,1.0
11581,12705,10029,1.0
11582,12715,10029,1.0
11583,12718,10029,1.0
11584,12861,10029,1.0
11585,13001,10029,1.0
11586,13146,10029,1.0
11587,13159,10029,1.0
11588,13292,10029,1.0
11589,13438,10029,1.0
11590,13716,10029,1.0
11591,13729,10029,1.0
11592,14012,10029,1.0
11593,14431,10029,1.0
11594,14555,10029,1.0
11595,14989,10029,1.0
11596,16091,10029,1.0
11597,17382,10029,2.0
11598,7608,12442,1.0
11599,10465,12442,1.0
11600,11875,12442,1.0
11601,11878,12442,1.0
11602,11956,12442,1.0
11603,12298,12442,1.0
11604,12299,12442,1.0
11605,12300,12442,1.0
11606,12302,12442,2.0
11607,12303,12442,1.0
11608,12441,12442,1.0
11609,12443,12442,2.0
11610,12584,12442,1.0
11611,12586,12442,1.0
11612,12593,12442,3.0
11613,12728,12442,1.0
11614,13151,12442,2.0
11615,13152,12442,1.0
11616,13714,12442,1.0
11617,7697,8987,1.0
11618,10138,8987,1.0
11619,7708,8976,1.0
11620,7987,8976,1.0
11621,8409,8976,2.0
11622,8692,8976,2.0
11623,8833,8976,1.0
11624,8834,8976,4.0
11625,8836,8976,1.0
11626,9117,8976,1.0
11627,9120,8976,1.0
11628,9402,8976,4.0
11629,9448,8976,1.0
11630,7713,7725,1.0
11631,7723,7725,2.0
11632,10147,7725,1.0
11633,7713,8415,1.0
11634,7716,8415,1.0
11635,8128,8415,1.0
11636,8130,8415,1.0
11637,8137,8415,1.0
11638,8138,8415,1.0
11639,8273,8415,3.0
11640,8275,8415,1.0
11641,8276,8415,1.0
11642,8277,8415,4.0
11643,8278,8415,1.0
11644,8412,8415,2.0
11645,8414,8415,1.0
11646,8416,8415,1.0
11647,8419,8415,1.0
11648,8551,8415,1.0
11649,8552,8415,1.0
11650,8558,8415,1.0
11651,8691,8415,1.0
11652,8692,8415,1.0
11653,8694,8415,1.0
11654,8695,8415,1.0
11655,8699,8415,1.0
11656,8835,8415,1.0
11657,8836,8415,1.0
11658,8838,8415,1.0
11659,8980,8415,1.0
11660,8982,8415,1.0
11661,9126,8415,1.0
11662,11983,8415,1.0
11663,7713,8425,1.0
11664,7991,8425,1.0
11665,8277,8425,1.0
11666,9864,8425,2.0
11667,7715,7999,3.0
11668,7722,7999,1.0
11669,7986,7999,1.0
11670,7991,7999,2.0
11671,7996,7999,1.0
11672,7997,7999,3.0
11673,7998,7999,3.0
11674,8000,7999,2.0
11675,8138,7999,1.0
11676,8142,7999,1.0
11677,8281,7999,1.0
11678,8282,7999,1.0
11679,8284,7999,2.0
11680,8285,7999,1.0
11681,8421,7999,1.0
11682,8424,7999,1.0
11683,8720,7999,1.0
11684,8743,7999,2.0
11685,8840,7999,1.0
11686,10460,7999,1.0
11687,7715,12999,1.0
11688,8128,12999,1.0
11689,8742,12999,1.0
11690,10596,12999,1.0
11691,11290,12999,1.0
11692,11454,12999,1.0
11693,11719,12999,1.0
11694,11830,12999,1.0
11695,11866,12999,1.0
11696,11871,12999,2.0
11697,12004,12999,1.0
11698,12009,12999,2.0
11699,12275,12999,1.0
11700,12285,12999,1.0
11701,12419,12999,1.0
11702,12433,12999,1.0
11703,12434,12999,1.0
11704,12435,12999,1.0
11705,12438,12999,1.0
11706,12530,12999,1.0
11707,12559,12999,3.0
11708,12562,12999,1.0
11709,12572,12999,2.0
11710,12575,12999,3.0
11711,12576,12999,2.0
11712,12688,12999,1.0
11713,12709,12999,1.0
11714,12717,12999,1.0
11715,12724,12999,1.0
11716,12837,12999,1.0
11717,12855,12999,1.0
11718,12856,12999,1.0
11719,12857,12999,4.0
11720,12858,12999,4.0
11721,12861,12999,1.0
11722,12992,12999,2.0
11723,12995,12999,3.0
11724,12998,12999,5.0
11725,13000,12999,2.0
11726,13004,12999,1.0
11727,13010,12999,1.0
11728,13133,12999,1.0
11729,13137,12999,1.0
11730,13140,12999,1.0
11731,13141,12999,1.0
11732,13145,12999,1.0
11733,13150,12999,1.0
11734,13281,12999,1.0
11735,13282,12999,1.0
11736,13283,12999,3.0
11737,13985,12999,1.0
11738,13993,12999,2.0
11739,14131,12999,1.0
11740,14138,12999,2.0
11741,14718,12999,1.0
11742,15398,12999,1.0
11743,15680,12999,1.0
11744,15832,12999,1.0
11745,7716,7995,1.0
11746,8137,7995,4.0
11747,8138,7995,1.0
11748,8276,7995,1.0
11749,8278,7995,1.0
11750,9429,7995,1.0
11751,7716,8284,1.0
11752,7999,8284,2.0
11753,8139,8284,2.0
11754,8141,8284,1.0
11755,8280,8284,1.0
11756,8424,8284,1.0
11757,9691,8284,2.0
11758,7716,8567,1.0
11759,7718,8567,1.0
11760,7994,8567,2.0
11761,8133,8567,1.0
11762,8275,8567,1.0
11763,8281,8567,1.0
11764,8282,8567,1.0
11765,8426,8567,2.0
11766,7716,9443,1.0
11767,8593,9443,1.0
11768,9018,9443,1.0
11769,9020,9443,1.0
11770,9158,9443,1.0
11771,9159,9443,1.0
11772,9160,9443,1.0
11773,9444,9443,1.0
11774,9589,9443,1.0
11775,9591,9443,1.0
11776,9711,9443,1.0
11777,9727,9443,4.0
11778,9731,9443,1.0
11779,9735,9443,2.0
11780,9870,9443,1.0
11781,9873,9443,1.0
11782,10029,9443,1.0
11783,10863,9443,1.0
11784,11459,9443,1.0
11785,7718,7296,1.0
11786,8583,7296,1.0
11787,8592,7296,2.0
11788,7718,7434,1.0
11789,7993,7434,1.0
11790,8138,7434,1.0
11791,11565,7434,1.0
11792,7718,7574,3.0
11793,7997,7574,2.0
11794,8140,7574,1.0
11795,8427,7574,1.0
11796,8695,7574,2.0
11797,8866,7574,1.0
11798,9170,7574,1.0
11799,9605,7574,2.0
11800,13006,7574,1.0
11801,7718,7713,1.0
11802,7997,7713,1.0
11803,8138,7713,1.0
11804,8139,7713,1.0
11805,8283,7713,1.0
11806,8415,7713,1.0
11807,10029,7713,1.0
11808,7718,8866,1.0
11809,8166,8866,1.0
11810,8725,8866,2.0
11811,8867,8866,2.0
11812,7718,8884,1.0
11813,8742,8884,3.0
11814,9025,8884,1.0
11815,9163,8884,1.0
11816,9167,8884,1.0
11817,9452,8884,1.0
11818,9723,8884,1.0
11819,9737,8884,1.0
11820,9995,8884,1.0
11821,10160,8884,1.0
11822,10169,8884,1.0
11823,7718,9574,1.0
11824,9146,9574,1.0
11825,9152,9574,1.0
11826,9432,9574,1.0
11827,9575,9574,4.0
11828,11131,9574,1.0
11829,11428,9574,1.0
11830,11582,9574,1.0
11831,12007,9574,1.0
11832,7718,10569,1.0
11833,8722,10569,1.0
11834,9020,10569,1.0
11835,9099,10569,1.0
11836,9437,10569,1.0
11837,9592,10569,1.0
11838,9712,10569,1.0
11839,9859,10569,1.0
11840,9860,10569,1.0
11841,9864,10569,1.0
11842,9882,10569,1.0
11843,10006,10569,1.0
11844,10010,10569,2.0
11845,10138,10569,2.0
11846,10145,10569,1.0
11847,10146,10569,1.0
11848,10424,10569,3.0
11849,10429,10569,1.0
11850,10432,10569,1.0
11851,10440,10569,2.0
11852,10564,10569,1.0
11853,10565,10569,3.0
11854,10567,10569,1.0
11855,10568,10569,1.0
11856,10570,10569,1.0
11857,10573,10569,2.0
11858,10574,10569,1.0
11859,10575,10569,1.0
11860,10852,10569,1.0
11861,10853,10569,2.0
11862,10855,10569,1.0
11863,10856,10569,3.0
11864,10991,10569,1.0
11865,10997,10569,1.0
11866,10998,10569,1.0
11867,11004,10569,1.0
11868,11130,10569,1.0
11869,11135,10569,1.0
11870,11277,10569,1.0
11871,11286,10569,1.0
11872,11565,10569,1.0
11873,11580,10569,1.0
11874,11738,10569,1.0
11875,11841,10569,1.0
11876,12291,10569,2.0
11877,17257,10569,1.0
11878,7722,11996,1.0
11879,10431,11996,1.0
11880,10569,11996,1.0
11881,11286,11996,1.0
11882,11566,11996,2.0
11883,11709,11996,2.0
11884,11853,11996,2.0
11885,11884,11996,1.0
11886,12013,11996,1.0
11887,12283,11996,1.0
11888,12421,11996,1.0
11889,14689,11996,1.0
11890,16686,11996,1.0
11891,7722,14102,1.0
11892,11178,14102,1.0
11893,12824,14102,2.0
11894,13120,14102,1.0
11895,13264,14102,1.0
11896,13396,14102,1.0
11897,13677,14102,1.0
11898,13678,14102,1.0
11899,13690,14102,1.0
11900,13694,14102,1.0
11901,13822,14102,1.0
11902,13958,14102,1.0
11903,14100,14102,1.0
11904,14108,14102,2.0
11905,14385,14102,2.0
11906,14386,14102,2.0
11907,14405,14102,2.0
11908,14413,14102,1.0
11909,14523,14102,1.0
11910,14528,14102,1.0
11911,14529,14102,2.0
11912,14531,14102,1.0
11913,14548,14102,1.0
11914,14550,14102,1.0
11915,14666,14102,1.0
11916,14670,14102,1.0
11917,14689,14102,1.0
11918,14950,14102,1.0
11919,14953,14102,1.0
11920,14958,14102,1.0
11921,15094,14102,1.0
11922,15095,14102,1.0
11923,15101,14102,1.0
11924,15241,14102,1.0
11925,15403,14102,1.0
11926,17380,14102,1.0
11927,7723,7164,1.0
11928,7723,7724,1.0
11929,7723,8157,1.0
11930,8015,8157,1.0
11931,8155,8157,2.0
11932,8447,8157,1.0
11933,8864,8157,1.0
11934,8867,8157,1.0
11935,9017,8157,1.0
11936,9577,8157,1.0
11937,11318,8157,1.0
11938,7723,8719,1.0
11939,12297,8719,1.0
11940,7723,10318,1.0
11941,10174,10318,1.0
11942,10176,10318,1.0
11943,10460,10318,1.0
11944,10592,10318,1.0
11945,10603,10318,1.0
11946,10881,10318,3.0
11947,11025,10318,1.0
11948,11033,10318,1.0
11949,11314,10318,1.0
11950,7723,10588,1.0
11951,9017,10588,1.0
11952,9164,10588,1.0
11953,9743,10588,1.0
11954,10029,10588,1.0
11955,10444,10588,1.0
11956,10587,10588,1.0
11957,10589,10588,2.0
11958,10590,10588,1.0
11959,10872,10588,2.0
11960,11013,10588,1.0
11961,11014,10588,2.0
11962,11029,10588,1.0
11963,11440,10588,2.0
11964,12286,10588,1.0
11965,12449,10588,1.0
11966,7723,10851,1.0
11967,7748,10851,1.0
11968,8428,10851,1.0
11969,10005,10851,1.0
11970,10138,10851,1.0
11971,10140,10851,3.0
11972,10431,10851,1.0
11973,10444,10851,1.0
11974,10848,10851,1.0
11975,10849,10851,1.0
11976,10852,10851,1.0
11977,10856,10851,1.0
11978,10974,10851,2.0
11979,11436,10851,1.0
11980,12410,10851,1.0
11981,16131,10851,1.0
11982,7723,11288,1.0
11983,8742,11288,1.0
11984,9870,11288,1.0
11985,10437,11288,1.0
11986,10575,11288,1.0
11987,10580,11288,1.0
11988,10860,11288,1.0
11989,10862,11288,2.0
11990,11140,11288,1.0
11991,11154,11288,1.0
11992,11155,11288,2.0
11993,11715,11288,1.0
11994,14561,11288,1.0
11995,7723,11852,1.0
11996,10439,11852,1.0
11997,12272,11852,1.0
11998,12845,11852,1.0
11999,7723,15568,1.0
12000,11288,15568,1.0
12001,14295,15568,1.0
12002,15166,15568,1.0
12003,15281,15568,1.0
12004,15561,15568,1.0
12005,19453,15568,1.0
12006,7724,8699,1.0
12007,7991,8699,1.0
12008,8129,8699,1.0
12009,8131,8699,2.0
12010,8273,8699,2.0
12011,8415,8699,1.0
12012,8416,8699,1.0
12013,8417,8699,5.0
12014,8828,8699,1.0
12015,8840,8699,1.0
12016,10122,8699,1.0
12017,11659,8699,1.0
12018,7725,8865,1.0
12019,8722,8865,1.0
12020,8725,8865,2.0
12021,8867,8865,2.0
12022,8868,8865,1.0
12023,8869,8865,1.0
12024,9006,8865,1.0
12025,9007,8865,1.0
12026,9427,8865,1.0
12027,9433,8865,4.0
12028,10147,8865,1.0
12029,10435,8865,1.0
12030,11997,8865,1.0
12031,7726,6582,1.0
12032,8555,6582,1.0
12033,9436,6582,1.0
12034,7726,8985,1.0
12035,7726,10143,3.0
12036,8739,10143,2.0
12037,9014,10143,1.0
12038,9015,10143,1.0
12039,9142,10143,1.0
12040,9172,10143,1.0
12041,9429,10143,1.0
12042,9575,10143,1.0
12043,9604,10143,1.0
12044,9718,10143,1.0
12045,9873,10143,1.0
12046,10000,10143,1.0
12047,10010,10143,2.0
12048,10138,10143,2.0
12049,10142,10143,1.0
12050,10145,10143,2.0
12051,10151,10143,1.0
12052,10154,10143,1.0
12053,10288,10143,1.0
12054,10435,10143,1.0
12055,10852,10143,1.0
12056,11141,10143,1.0
12057,11142,10143,1.0
12058,11155,10143,1.0
12059,11704,10143,1.0
12060,11746,10143,1.0
12061,12014,10143,1.0
12062,12410,10143,1.0
12063,14397,10143,1.0
12064,15512,10143,1.0
12065,7728,8293,3.0
12066,8151,8293,1.0
12067,8692,8293,1.0
12068,9149,8293,1.0
12069,7729,8015,1.0
12070,8013,8015,1.0
12071,8157,8015,1.0
12072,8737,8015,1.0
12073,9004,8015,1.0
12074,9739,8015,1.0
12075,7729,8152,1.0
12076,8313,8152,1.0
12077,8727,8152,2.0
12078,9157,8152,1.0
12079,9573,8152,1.0
12080,9879,8152,1.0
12081,11427,8152,1.0
12082,7730,8733,1.0
12083,8031,8733,1.0
12084,8449,8733,1.0
12085,8590,8733,3.0
12086,8591,8733,2.0
12087,9017,8733,2.0
12088,9157,8733,2.0
12089,9158,8733,2.0
12090,9866,8733,5.0
12091,10006,8733,1.0
12092,10011,8733,2.0
12093,10158,8733,1.0
12094,10563,8733,1.0
12095,14131,8733,1.0
12096,7730,8864,1.0
12097,8722,8864,1.0
12098,8867,8864,1.0
12099,9006,8864,1.0
12100,7731,8160,1.0
12101,7734,8160,1.0
12102,8302,8160,1.0
12103,9717,8160,1.0
12104,9747,8160,1.0
12105,9856,8160,1.0
12106,9874,8160,1.0
12107,10007,8160,1.0
12108,10154,8160,1.0
12109,7731,11709,1.0
12110,9436,11709,1.0
12111,9717,11709,1.0
12112,9860,11709,2.0
12113,11138,11709,1.0
12114,11418,11709,1.0
12115,11428,11709,1.0
12116,11566,11709,4.0
12117,11567,11709,1.0
12118,11704,11709,2.0
12119,11706,11709,2.0
12120,11707,11709,1.0
12121,11710,11709,1.0
12122,11983,11709,2.0
12123,11996,11709,1.0
12124,12275,11709,1.0
12125,12277,11709,1.0
12126,12420,11709,1.0
12127,12446,11709,1.0
12128,13979,11709,1.0
12129,14402,11709,1.0
12130,7731,11711,1.0
12131,9028,11711,1.0
12132,10424,11711,1.0
12133,11427,11711,1.0
12134,11428,11711,1.0
12135,11566,11711,2.0
12136,7731,12275,1.0
12137,8730,12275,1.0
12138,9155,12275,1.0
12139,9569,12275,1.0
12140,9577,12275,1.0
12141,10578,12275,1.0
12142,11131,12275,3.0
12143,11158,12275,2.0
12144,11295,12275,1.0
12145,11424,12275,1.0
12146,11430,12275,2.0
12147,11560,12275,4.0
12148,11563,12275,1.0
12149,11565,12275,1.0
12150,11706,12275,1.0
12151,11709,12275,1.0
12152,11843,12275,1.0
12153,11848,12275,2.0
12154,11850,12275,1.0
12155,11851,12275,1.0
12156,11996,12275,1.0
12157,12272,12275,1.0
12158,12274,12275,1.0
12159,12276,12275,2.0
12160,12277,12275,2.0
12161,12279,12275,1.0
12162,12435,12275,1.0
12163,12563,12275,1.0
12164,12721,12275,1.0
12165,12986,12275,1.0
12166,13259,12275,1.0
12167,14540,12275,1.0
12168,15411,12275,1.0
12169,7731,12568,1.0
12170,11293,12568,1.0
12171,12003,12568,1.0
12172,12570,12568,5.0
12173,13292,12568,1.0
12174,7731,14167,1.0
12175,14025,14167,1.0
12176,7734,7983,1.0
12177,8127,7983,1.0
12178,8128,7983,1.0
12179,8138,7983,2.0
12180,8268,7983,4.0
12181,8412,7983,1.0
12182,8683,7983,1.0
12183,8696,7983,1.0
12184,7734,8026,1.0
12185,7741,8026,1.0
12186,8025,8026,1.0
12187,8169,8026,1.0
12188,8170,8026,1.0
12189,8311,8026,1.0
12190,8596,8026,2.0
12191,8598,8026,1.0
12192,9603,8026,1.0
12193,7734,8141,1.0
12194,7991,8141,1.0
12195,8133,8141,1.0
12196,8138,8141,1.0
12197,8139,8141,2.0
12198,8140,8141,1.0
12199,8278,8141,1.0
12200,7734,8982,1.0
12201,8412,8982,1.0
12202,8414,8982,2.0
12203,8416,8982,1.0
12204,8424,8982,1.0
12205,8551,8982,2.0
12206,8559,8982,1.0
12207,8695,8982,4.0
12208,8696,8982,5.0
12209,8740,8982,1.0
12210,8838,8982,1.0
12211,8839,8982,3.0
12212,8840,8982,1.0
12213,8842,8982,1.0
12214,8843,8982,2.0
12215,8980,8982,1.0
12216,8981,8982,4.0
12217,8983,8982,6.0
12218,8984,8982,2.0
12219,8992,8982,2.0
12220,9124,8982,1.0
12221,9125,8982,6.0
12222,9126,8982,11.0
12223,9127,8982,2.0
12224,9408,8982,2.0
12225,9746,8982,1.0
12226,10859,8982,1.0
12227,11277,8982,1.0
12228,11818,8982,1.0
12229,13373,8982,1.0
12230,15973,8982,2.0
12231,7734,9159,1.0
12232,9013,9159,1.0
12233,9158,9159,1.0
12234,9443,9159,1.0
12235,9444,9159,1.0
12236,9445,9159,1.0
12237,9604,9159,1.0
12238,9727,9159,5.0
12239,10320,9159,2.0
12240,10563,9159,1.0
12241,11176,9159,1.0
12242,11580,9159,1.0
12243,7734,9429,1.0
12244,7995,9429,1.0
12245,7997,9429,1.0
12246,8139,9429,1.0
12247,8859,9429,1.0
12248,8860,9429,1.0
12249,9000,9429,1.0
12250,9003,9429,3.0
12251,9017,9429,1.0
12252,9141,9429,2.0
12253,9146,9429,6.0
12254,9147,9429,2.0
12255,9426,9429,3.0
12256,9427,9429,4.0
12257,9430,9429,7.0
12258,9571,9429,1.0
12259,9711,9429,2.0
12260,9712,9429,5.0
12261,9718,9429,1.0
12262,9852,9429,1.0
12263,9857,9429,3.0
12264,9858,9429,1.0
12265,9998,9429,1.0
12266,10138,9429,1.0
12267,10140,9429,3.0
12268,10563,9429,2.0
12269,11459,9429,1.0
12270,11703,9429,1.0
12271,12282,9429,1.0
12272,12419,9429,1.0
12273,7734,9596,1.0
12274,8456,9596,1.0
12275,9031,9596,1.0
12276,9152,9596,1.0
12277,9164,9596,1.0
12278,9166,9596,1.0
12279,9167,9596,1.0
12280,9170,9596,1.0
12281,9453,9596,1.0
12282,9457,9596,1.0
12283,9586,9596,1.0
12284,9594,9596,1.0
12285,9597,9596,1.0
12286,9598,9596,2.0
12287,9599,9596,2.0
12288,9601,9596,1.0
12289,9729,9596,1.0
12290,9731,9596,3.0
12291,9739,9596,1.0
12292,9740,9596,3.0
12293,9873,9596,1.0
12294,10004,9596,1.0
12295,10313,9596,1.0
12296,7734,9599,1.0
12297,8024,9599,2.0
12298,8739,9599,2.0
12299,9032,9599,1.0
12300,9163,9599,1.0
12301,9172,9599,1.0
12302,9174,9599,1.0
12303,9434,9599,1.0
12304,9444,9599,2.0
12305,9459,9599,1.0
12306,9597,9599,1.0
12307,9598,9599,8.0
12308,9738,9599,1.0
12309,9739,9599,6.0
12310,9740,9599,1.0
12311,9743,9599,1.0
12312,9881,9599,2.0
12313,10591,9599,2.0
12314,10594,9599,1.0
12315,12015,9599,1.0
12316,7734,9880,1.0
12317,9593,9880,1.0
12318,9604,9880,1.0
12319,9733,9880,1.0
12320,9738,9880,1.0
12321,9740,9880,2.0
12322,9875,9880,1.0
12323,9878,9880,2.0
12324,9881,9880,1.0
12325,9882,9880,1.0
12326,9883,9880,1.0
12327,9888,9880,1.0
12328,10021,9880,3.0
12329,10163,9880,1.0
12330,10169,9880,3.0
12331,10446,9880,1.0
12332,10586,9880,3.0
12333,10881,9880,1.0
12334,11030,9880,2.0
12335,11149,9880,1.0
12336,11151,9880,3.0
12337,11292,9880,1.0
12338,11437,9880,1.0
12339,15114,9880,1.0
12340,7734,9893,1.0
12341,8876,9893,1.0
12342,8889,9893,1.0
12343,9024,9893,1.0
12344,9604,9893,2.0
12345,9884,9893,1.0
12346,9892,9893,1.0
12347,10029,9893,2.0
12348,10035,9893,3.0
12349,10174,9893,1.0
12350,10320,9893,1.0
12351,10449,9893,1.0
12352,10463,9893,2.0
12353,10464,9893,1.0
12354,10606,9893,1.0
12355,10892,9893,1.0
12356,11021,9893,2.0
12357,11028,9893,1.0
12358,11156,9893,1.0
12359,11175,9893,1.0
12360,11287,9893,1.0
12361,11462,9893,1.0
12362,11879,9893,1.0
12363,12880,9893,1.0
12364,12952,9893,1.0
12365,14120,9893,1.0
12366,7734,9995,1.0
12367,8273,9995,1.0
12368,9167,9995,1.0
12369,9427,9995,2.0
12370,9430,9995,1.0
12371,9709,9995,2.0
12372,9719,9995,1.0
12373,9852,9995,1.0
12374,9854,9995,1.0
12375,9991,9995,1.0
12376,9992,9995,1.0
12377,9996,9995,1.0
12378,9998,9995,3.0
12379,10022,9995,1.0
12380,10137,9995,1.0
12381,10139,9995,1.0
12382,10140,9995,1.0
12383,10281,9995,3.0
12384,10289,9995,1.0
12385,10291,9995,1.0
12386,10989,9995,1.0
12387,11277,9995,2.0
12388,11811,9995,1.0
12389,14076,9995,1.0
12390,7734,9996,1.0
12391,8438,9996,1.0
12392,8695,9996,1.0
12393,8696,9996,2.0
12394,8722,9996,1.0
12395,9001,9996,1.0
12396,9162,9996,1.0
12397,9164,9996,1.0
12398,9427,9996,1.0
12399,9451,9996,1.0
12400,9568,9996,2.0
12401,9569,9996,1.0
12402,9571,9996,1.0
12403,9688,9996,1.0
12404,9711,9996,2.0
12405,9852,9996,3.0
12406,9862,9996,1.0
12407,9994,9996,2.0
12408,9995,9996,1.0
12409,9997,9996,1.0
12410,9998,9996,1.0
12411,9999,9996,1.0
12412,10022,9996,1.0
12413,10137,9996,4.0
12414,10138,9996,2.0
12415,10139,9996,3.0
12416,10140,9996,2.0
12417,10279,9996,3.0
12418,10280,9996,1.0
12419,10281,9996,1.0
12420,10419,9996,1.0
12421,10423,9996,1.0
12422,10564,9996,3.0
12423,10567,9996,1.0
12424,10573,9996,1.0
12425,10998,9996,1.0
12426,11013,9996,1.0
12427,11414,9996,1.0
12428,11437,9996,1.0
12429,11815,9996,1.0
12430,12978,9996,1.0
12431,7734,10468,1.0
12432,9581,10468,1.0
12433,10040,10468,2.0
12434,10323,10468,2.0
12435,10324,10468,6.0
12436,10325,10468,1.0
12437,10465,10468,2.0
12438,10467,10468,8.0
12439,10609,10468,3.0
12440,10610,10468,1.0
12441,11011,10468,1.0
12442,11036,10468,2.0
12443,11178,10468,1.0
12444,12739,10468,1.0
12445,7734,10587,1.0
12446,9021,10587,1.0
12447,9164,10587,1.0
12448,9604,10587,1.0
12449,9605,10587,1.0
12450,10017,10587,1.0
12451,10018,10587,1.0
12452,10146,10587,1.0
12453,10300,10587,1.0
12454,10309,10587,1.0
12455,10444,10587,2.0
12456,10445,10587,6.0
12457,10452,10587,1.0
12458,10453,10587,1.0
12459,10583,10587,1.0
12460,10588,10587,1.0
12461,10590,10587,1.0
12462,10594,10587,1.0
12463,10866,10587,2.0
12464,10871,10587,2.0
12465,10872,10587,1.0
12466,10874,10587,1.0
12467,11017,10587,2.0
12468,11156,10587,1.0
12469,11158,10587,1.0
12470,11290,10587,1.0
12471,11299,10587,1.0
12472,12425,10587,1.0
12473,12427,10587,1.0
12474,13143,10587,1.0
12475,7734,10610,1.0
12476,10040,10610,1.0
12477,10323,10610,1.0
12478,10324,10610,2.0
12479,10466,10610,1.0
12480,10467,10610,3.0
12481,10468,10610,1.0
12482,10611,10610,1.0
12483,10894,10610,2.0
12484,11036,10610,3.0
12485,11038,10610,2.0
12486,11177,10610,1.0
12487,11322,10610,1.0
12488,11461,10610,1.0
12489,11462,10610,4.0
12490,11463,10610,1.0
12491,12433,10610,1.0
12492,13159,10610,1.0
12493,7734,10848,1.0
12494,8428,10848,8.0
12495,9428,10848,1.0
12496,10149,10848,2.0
12497,10564,10848,1.0
12498,10565,10848,3.0
12499,10990,10848,2.0
12500,11131,10848,1.0
12501,13677,10848,1.0
12502,7734,10876,2.0
12503,9451,10876,2.0
12504,9605,10876,1.0
12505,9606,10876,1.0
12506,10018,10876,1.0
12507,10023,10876,1.0
12508,10027,10876,1.0
12509,10161,10876,1.0
12510,10165,10876,2.0
12511,10290,10876,1.0
12512,10587,10876,1.0
12513,10591,10876,1.0
12514,10874,10876,2.0
12515,10875,10876,6.0
12516,11015,10876,1.0
12517,12871,10876,1.0
12518,7734,10967,2.0
12519,8559,10967,1.0
12520,8695,10967,1.0
12521,8827,10967,1.0
12522,10966,10967,1.0
12523,11719,10967,1.0
12524,7734,11154,1.0
12525,8739,11154,1.0
12526,9164,11154,1.0
12527,9605,11154,1.0
12528,9887,11154,1.0
12529,10012,11154,1.0
12530,10025,11154,1.0
12531,10148,11154,3.0
12532,10583,11154,1.0
12533,10592,11154,1.0
12534,10871,11154,1.0
12535,11011,11154,2.0
12536,11012,11154,1.0
12537,11147,11154,1.0
12538,11155,11154,2.0
12539,11156,11154,2.0
12540,11158,11154,1.0
12541,11285,11154,1.0
12542,11288,11154,1.0
12543,11292,11154,1.0
12544,11294,11154,1.0
12545,11298,11154,1.0
12546,11447,11154,1.0
12547,11449,11154,1.0
12548,11580,11154,1.0
12549,16846,11154,1.0
12550,7734,11600,1.0
12551,10880,11600,1.0
12552,11177,11600,1.0
12553,11450,11600,2.0
12554,11457,11600,1.0
12555,11458,11600,3.0
12556,11459,11600,1.0
12557,11460,11600,1.0
12558,11461,11600,1.0
12559,11599,11600,1.0
12560,11601,11600,2.0
12561,11602,11600,2.0
12562,11742,11600,4.0
12563,11743,11600,10.0
12564,11744,11600,1.0
12565,11745,11600,3.0
12566,11882,11600,1.0
12567,11883,11600,1.0
12568,11886,11600,1.0
12569,11887,11600,1.0
12570,11889,11600,1.0
12571,12448,11600,1.0
12572,12452,11600,2.0
12573,12885,11600,1.0
12574,13025,11600,1.0
12575,13440,11600,1.0
12576,7734,11701,2.0
12577,8870,11701,1.0
12578,9435,11701,1.0
12579,10143,11701,1.0
12580,10577,11701,3.0
12581,10849,11701,1.0
12582,11270,11701,1.0
12583,11272,11701,2.0
12584,11296,11701,1.0
12585,11415,11701,1.0
12586,11418,11701,1.0
12587,11557,11701,1.0
12588,11560,11701,2.0
12589,11561,11701,1.0
12590,11566,11701,1.0
12591,11580,11701,2.0
12592,11699,11701,1.0
12593,11700,11701,2.0
12594,11702,11701,1.0
12595,11703,11701,5.0
12596,11705,11701,1.0
12597,11707,11701,1.0
12598,11722,11701,1.0
12599,11838,11701,2.0
12600,11841,11701,1.0
12601,11842,11701,1.0
12602,11847,11701,2.0
12603,11852,11701,1.0
12604,12267,11701,1.0
12605,12566,11701,1.0
12606,12703,11701,1.0
12607,12832,11701,1.0
12608,13264,11701,1.0
12609,13692,11701,1.0
12610,7734,12430,1.0
12611,8879,12430,1.0
12612,9604,12430,1.0
12613,10852,12430,1.0
12614,11014,12430,1.0
12615,11437,12430,1.0
12616,11574,12430,2.0
12617,11863,12430,1.0
12618,12001,12430,1.0
12619,12003,12430,1.0
12620,12283,12430,1.0
12621,12291,12430,1.0
12622,12292,12430,1.0
12623,12573,12430,2.0
12624,12579,12430,1.0
12625,12999,12430,1.0
12626,14706,12430,1.0
12627,14709,12430,1.0
12628,15118,12430,1.0
12629,7734,12576,1.0
12630,9605,12576,1.0
12631,10030,12576,1.0
12632,11746,12576,1.0
12633,11860,12576,1.0
12634,12288,12576,2.0
12635,12296,12576,1.0
12636,12434,12576,1.0
12637,12435,12576,2.0
12638,12577,12576,4.0
12639,12717,12576,1.0
12640,12720,12576,3.0
12641,12858,12576,2.0
12642,12859,12576,2.0
12643,12999,12576,1.0
12644,13144,12576,1.0
12645,13419,12576,1.0
12646,15255,12576,2.0
12647,15269,12576,2.0
12648,15689,12576,2.0
12649,16121,12576,1.0
12650,7734,12693,1.0
12651,10285,12693,1.0
12652,11843,12693,1.0
12653,12410,12693,1.0
12654,12548,12693,1.0
12655,12826,12693,1.0
12656,12974,12693,3.0
12657,13114,12693,1.0
12658,13687,12693,1.0
12659,13690,12693,1.0
12660,13974,12693,1.0
12661,13977,12693,1.0
12662,14114,12693,1.0
12663,7734,12719,1.0
12664,10882,12719,1.0
12665,11440,12719,1.0
12666,11448,12719,1.0
12667,11580,12719,1.0
12668,11586,12719,1.0
12669,11726,12719,1.0
12670,11998,12719,1.0
12671,12009,12719,1.0
12672,12282,12719,1.0
12673,12291,12719,1.0
12674,12294,12719,1.0
12675,12296,12719,1.0
12676,12299,12719,1.0
12677,12573,12719,1.0
12678,12577,12719,1.0
12679,12716,12719,1.0
12680,12718,12719,1.0
12681,12720,12719,2.0
12682,12721,12719,1.0
12683,12723,12719,1.0
12684,12858,12719,1.0
12685,12859,12719,3.0
12686,12860,12719,1.0
12687,12861,12719,2.0
12688,12862,12719,2.0
12689,13003,12719,1.0
12690,13004,12719,1.0
12691,13296,12719,1.0
12692,13374,12719,1.0
12693,13428,12719,1.0
12694,13707,12719,1.0
12695,13713,12719,1.0
12696,13847,12719,1.0
12697,13858,12719,1.0
12698,14003,12719,2.0
12699,14424,12719,1.0
12700,14425,12719,1.0
12701,15411,12719,1.0
12702,16994,12719,1.0
12703,7734,13958,1.0
12704,12839,13958,2.0
12705,12862,13958,1.0
12706,14143,13958,1.0
12707,14385,13958,4.0
12708,14386,13958,3.0
12709,7734,14973,1.0
12710,8173,14973,1.0
12711,12858,14973,1.0
12712,13003,14973,1.0
12713,13977,14973,1.0
12714,14548,14973,1.0
12715,14564,14973,1.0
12716,14566,14973,1.0
12717,14688,14973,1.0
12718,14971,14973,1.0
12719,14974,14973,2.0
12720,7734,14992,1.0
12721,12011,14992,1.0
12722,12590,14992,1.0
12723,14423,14992,1.0
12724,14704,14992,1.0
12725,14710,14992,1.0
12726,14990,14992,1.0
12727,15134,14992,2.0
12728,15135,14992,1.0
12729,15560,14992,1.0
12730,15689,14992,1.0
12731,15978,14992,2.0
12732,16689,14992,1.0
12733,7736,12312,1.0
12734,10465,12312,1.0
12735,10606,12312,1.0
12736,11176,12312,1.0
12737,11451,12312,1.0
12738,11458,12312,2.0
12739,11596,12312,1.0
12740,11599,12312,2.0
12741,11602,12312,1.0
12742,11883,12312,1.0
12743,11887,12312,1.0
12744,11888,12312,2.0
12745,11889,12312,1.0
12746,12026,12312,1.0
12747,12027,12312,3.0
12748,12028,12312,1.0
12749,12029,12312,2.0
12750,12310,12312,1.0
12751,12454,12312,3.0
12752,12455,12312,1.0
12753,12456,12312,1.0
12754,12594,12312,1.0
12755,12597,12312,2.0
12756,12740,12312,2.0
12757,12828,12312,1.0
12758,12885,12312,1.0
12759,13013,12312,1.0
12760,13025,12312,1.0
12761,13455,12312,2.0
12762,14295,12312,1.0
12763,14412,12312,1.0
12764,15278,12312,1.0
12765,15411,12312,1.0
12766,7737,15650,1.0
12767,7740,8737,2.0
12768,8013,8737,1.0
12769,8314,8737,2.0
12770,8315,8737,1.0
12771,8454,8737,1.0
12772,8594,8737,4.0
12773,8596,8737,1.0
12774,8734,8737,1.0
12775,8736,8737,1.0
12776,8876,8737,1.0
12777,8878,8737,2.0
12778,8880,8737,2.0
12779,9019,8737,1.0
12780,9151,8737,1.0
12781,9162,8737,2.0
12782,9164,8737,1.0
12783,9446,8737,1.0
12784,9453,8737,1.0
12785,9584,8737,2.0
12786,9587,8737,1.0
12787,9728,8737,1.0
12788,10576,8737,1.0
12789,11026,8737,1.0
12790,11147,8737,1.0
12791,11414,8737,1.0
12792,7740,10852,1.0
12793,8157,10852,1.0
12794,9427,10852,1.0
12795,9752,10852,2.0
12796,9888,10852,1.0
12797,10137,10852,2.0
12798,10146,10852,1.0
12799,10148,10852,1.0
12800,10154,10852,2.0
12801,10291,10852,2.0
12802,10306,10852,1.0
12803,10426,10852,2.0
12804,10429,10852,1.0
12805,10430,10852,1.0
12806,10433,10852,1.0
12807,10566,10852,2.0
12808,10569,10852,3.0
12809,10573,10852,1.0
12810,10851,10852,1.0
12811,10853,10852,2.0
12812,10854,10852,1.0
12813,10856,10852,1.0
12814,10993,10852,1.0
12815,10996,10852,4.0
12816,11135,10852,1.0
12817,11140,10852,1.0
12818,11273,10852,2.0
12819,11282,10852,1.0
12820,11564,10852,1.0
12821,11566,10852,1.0
12822,11706,10852,2.0
12823,11843,10852,1.0
12824,12428,10852,1.0
12825,13011,10852,1.0
12826,14280,10852,1.0
12827,15275,10852,1.0
12828,16893,10852,1.0
12829,7740,10952,1.0
12830,8551,10952,1.0
12831,11522,10952,2.0
12832,7741,11172,1.0
12833,9450,11172,2.0
12834,9604,11172,1.0
12835,9605,11172,1.0
12836,9606,11172,1.0
12837,9743,11172,1.0
12838,9747,11172,2.0
12839,10031,11172,2.0
12840,10454,11172,1.0
12841,10461,11172,1.0
12842,10462,11172,1.0
12843,10607,11172,1.0
12844,10889,11172,1.0
12845,11008,11172,1.0
12846,11029,11172,2.0
12847,11030,11172,3.0
12848,11032,11172,2.0
12849,11033,11172,1.0
12850,11034,11172,1.0
12851,11171,11172,3.0
12852,11173,11172,6.0
12853,11296,11172,1.0
12854,11306,11172,1.0
12855,11314,11172,2.0
12856,11451,11172,1.0
12857,11457,11172,2.0
12858,11460,11172,2.0
12859,11580,11172,1.0
12860,11600,11172,1.0
12861,11747,11172,1.0
12862,12027,11172,2.0
12863,12288,11172,1.0
12864,13998,11172,1.0
12865,7742,7314,1.0
12866,8304,7314,1.0
12867,8594,7314,1.0
12868,7742,7732,1.0
12869,8299,7732,2.0
12870,7742,8889,1.0
12871,8886,8889,1.0
12872,8888,8889,1.0
12873,12440,8889,1.0
12874,7746,7320,1.0
12875,7746,10292,1.0
12876,9575,10292,1.0
12877,10154,10292,1.0
12878,10295,10292,1.0
12879,10435,10292,1.0
12880,10575,10292,1.0
12881,10868,10292,1.0
12882,11132,10292,1.0
12883,11146,10292,1.0
12884,12004,10292,1.0
12885,7747,9885,1.0
12886,9603,9885,1.0
12887,10026,9885,1.0
12888,10027,9885,1.0
12889,10165,9885,1.0
12890,10166,9885,1.0
12891,10302,9885,1.0
12892,10871,9885,1.0
12893,11462,9885,1.0
12894,12723,9885,1.0
12895,7748,9747,1.0
12896,7993,9747,1.0
12897,8024,9747,1.0
12898,8160,9747,1.0
12899,8598,9747,1.0
12900,9583,9747,1.0
12901,9604,9747,1.0
12902,9605,9747,2.0
12903,9739,9747,1.0
12904,9752,9747,1.0
12905,9879,9747,1.0
12906,9884,9747,1.0
12907,9889,9747,1.0
12908,10023,9747,1.0
12909,10030,9747,1.0
12910,10032,9747,1.0
12911,10313,9747,1.0
12912,10420,9747,1.0
12913,10433,9747,1.0
12914,10462,9747,1.0
12915,10466,9747,1.0
12916,10565,9747,1.0
12917,10570,9747,1.0
12918,10586,9747,1.0
12919,10592,9747,1.0
12920,10603,9747,2.0
12921,10871,9747,1.0
12922,10873,9747,1.0
12923,11035,9747,1.0
12924,11158,9747,1.0
12925,11175,9747,1.0
12926,11295,9747,1.0
12927,11298,9747,1.0
12928,11310,9747,1.0
12929,11319,9747,1.0
12930,11320,9747,1.0
12931,11444,9747,1.0
12932,11747,9747,1.0
12933,12296,9747,1.0
12934,12589,9747,1.0
12935,16689,9747,1.0
12936,18738,9747,1.0
12937,7748,9749,1.0
12938,9598,9749,1.0
12939,9606,9749,1.0
12940,9748,9749,2.0
12941,9750,9749,1.0
12942,9879,9749,1.0
12943,9887,9749,1.0
12944,10033,9749,1.0
12945,10324,9749,1.0
12946,10450,9749,1.0
12947,10463,9749,1.0
12948,10872,9749,2.0
12949,11166,9749,1.0
12950,13144,9749,1.0
12951,14292,9749,1.0
12952,7748,9879,1.0
12953,8152,9879,1.0
12954,8742,9879,1.0
12955,9174,9879,1.0
12956,9591,9879,1.0
12957,9737,9879,1.0
12958,9747,9879,1.0
12959,9749,9879,1.0
12960,9868,9879,2.0
12961,9881,9879,1.0
12962,9882,9879,1.0
12963,10021,9879,4.0
12964,10025,9879,1.0
12965,10163,9879,1.0
12966,10878,9879,2.0
12967,11014,9879,1.0
12968,11017,9879,2.0
12969,11020,9879,1.0
12970,11155,9879,1.0
12971,11722,9879,1.0
12972,7748,9889,1.0
12973,8314,9889,1.0
12974,8452,9889,1.0
12975,8741,9889,1.0
12976,9099,9889,1.0
12977,9592,9889,1.0
12978,9746,9889,2.0
12979,9747,9889,2.0
12980,9752,9889,1.0
12981,9888,9889,1.0
12982,10018,9889,1.0
12983,10029,9889,1.0
12984,10312,9889,1.0
12985,10317,9889,1.0
12986,10444,9889,1.0
12987,10463,9889,1.0
12988,10867,9889,1.0
12989,10893,9889,1.0
12990,11017,9889,1.0
12991,11023,9889,3.0
12992,11164,9889,2.0
12993,11596,9889,1.0
12994,12451,9889,1.0
12995,7748,10035,1.0
12996,9746,10035,1.0
12997,9893,10035,3.0
12998,10034,10035,1.0
12999,10036,10035,1.0
13000,10170,10035,1.0
13001,10462,10035,1.0
13002,10869,10035,1.0
13003,10887,10035,2.0
13004,10890,10035,1.0
13005,11031,10035,1.0
13006,11744,10035,1.0
13007,7748,10595,1.0
13008,9456,10595,1.0
13009,9746,10595,1.0
13010,9886,10595,1.0
13011,10018,10595,1.0
13012,10029,10595,1.0
13013,10303,10595,2.0
13014,10312,10595,1.0
13015,10453,10595,4.0
13016,10590,10595,1.0
13017,10878,10595,9.0
13018,10881,10595,1.0
13019,11020,10595,2.0
13020,11030,10595,1.0
13021,11157,10595,1.0
13022,11437,10595,3.0
13023,12301,10595,1.0
13024,13147,10595,1.0
13025,7748,10603,1.0
13026,9752,10603,1.0
13027,10038,10603,1.0
13028,10180,10603,1.0
13029,10318,10603,1.0
13030,10604,10603,1.0
13031,10606,10603,1.0
13032,11156,10603,1.0
13033,11167,10603,3.0
13034,11461,10603,1.0
13035,12454,10603,1.0
13036,12859,10603,1.0
13037,14436,10603,1.0
13038,7749,7601,1.0
13039,8299,7601,1.0
13040,8317,7601,1.0
13041,10160,7601,1.0
13042,10275,7601,1.0
13043,7749,11007,1.0
13044,10441,11007,1.0
13045,10862,11007,1.0
13046,10874,11007,1.0
13047,11150,11007,1.0
13048,11157,11007,1.0
13049,11286,11007,1.0
13050,11574,11007,1.0
13051,11873,11007,1.0
13052,12283,11007,1.0
13053,12725,11007,1.0
13054,14417,11007,1.0
13055,7749,11157,2.0
13056,9855,11157,1.0
13057,10030,11157,1.0
13058,10032,11157,1.0
13059,10160,11157,1.0
13060,10445,11157,3.0
13061,10446,11157,1.0
13062,10877,11157,1.0
13063,10878,11157,1.0
13064,11010,11157,1.0
13065,11014,11157,1.0
13066,11017,11157,3.0
13067,11152,11157,1.0
13068,11158,11157,2.0
13069,11448,11157,1.0
13070,11578,11157,1.0
13071,11864,11157,1.0
13072,12003,11157,2.0
13073,12011,11157,1.0
13074,12298,11157,1.0
13075,12425,11157,1.0
13076,7750,8885,1.0
13077,8313,8885,1.0
13078,8741,8885,1.0
13079,10161,8885,1.0
13080,11437,8885,1.0
13081,7750,10578,2.0
13082,8600,10578,1.0
13083,9172,10578,1.0
13084,9599,10578,1.0
13085,9887,10578,1.0
13086,10007,10578,1.0
13087,10291,10578,1.0
13088,10292,10578,1.0
13089,10435,10578,1.0
13090,10436,10578,2.0
13091,10437,10578,1.0
13092,10438,10578,1.0
13093,10439,10578,2.0
13094,10579,10578,2.0
13095,10580,10578,1.0
13096,10862,10578,3.0
13097,10863,10578,2.0
13098,11002,10578,2.0
13099,11143,10578,1.0
13100,11146,10578,2.0
13101,11286,10578,1.0
13102,11424,10578,1.0
13103,11566,10578,1.0
13104,11715,10578,1.0
13105,7983,8683,1.0
13106,9099,8683,1.0
13107,7985,7423,1.0
13108,7993,7423,1.0
13109,8137,7423,2.0
13110,9450,7423,1.0
13111,7985,8829,1.0
13112,8551,8829,1.0
13113,8811,8829,1.0
13114,8963,8829,2.0
13115,9540,8829,1.0
13116,11529,8829,1.0
13117,11703,8829,1.0
13118,7985,10383,1.0
13119,8553,10383,1.0
13120,8692,10383,1.0
13121,8830,10383,1.0
13122,9099,10383,2.0
13123,9678,10383,4.0
13124,9992,10383,1.0
13125,7986,3613,1.0
13126,7986,8836,1.0
13127,7989,8836,1.0
13128,8270,8836,1.0
13129,8273,8836,1.0
13130,8415,8836,1.0
13131,8551,8836,1.0
13132,8553,8836,2.0
13133,8556,8836,1.0
13134,8691,8836,3.0
13135,8692,8836,2.0
13136,8694,8836,1.0
13137,8695,8836,8.0
13138,8696,8836,4.0
13139,8833,8836,1.0
13140,8834,8836,2.0
13141,8835,8836,2.0
13142,8837,8836,1.0
13143,8838,8836,2.0
13144,8839,8836,2.0
13145,8973,8836,2.0
13146,8976,8836,1.0
13147,8978,8836,1.0
13148,9125,8836,2.0
13149,12654,8836,1.0
13150,13932,8836,1.0
13151,14295,8836,1.0
13152,7986,9439,1.0
13153,8872,9439,1.0
13154,9145,9439,1.0
13155,9153,9439,1.0
13156,9154,9439,1.0
13157,9155,9439,3.0
13158,9438,9439,2.0
13159,9580,9439,3.0
13160,9581,9439,1.0
13161,9582,9439,1.0
13162,9723,9439,1.0
13163,10011,9439,1.0
13164,10012,9439,1.0
13165,11282,9439,1.0
13166,12277,9439,1.0
13167,7987,8272,1.0
13168,7988,8272,2.0
13169,8128,8272,2.0
13170,8138,8272,1.0
13171,8271,8272,1.0
13172,8273,8272,1.0
13173,8554,8272,1.0
13174,8695,8272,3.0
13175,8696,8272,2.0
13176,8835,8272,1.0
13177,9117,8272,1.0
13178,9126,8272,1.0
13179,9719,8272,1.0
13180,13005,8272,1.0
13181,7987,8559,1.0
13182,8414,8559,2.0
13183,8741,8559,1.0
13184,8867,8559,2.0
13185,8983,8559,1.0
13186,9802,8559,1.0
13187,12262,8559,1.0
13188,14549,8559,1.0
13189,7987,8984,1.0
13190,8130,8984,1.0
13191,8554,8984,1.0
13192,8695,8984,1.0
13193,8839,8984,1.0
13194,8840,8984,2.0
13195,8978,8984,1.0
13196,8981,8984,1.0
13197,8982,8984,1.0
13198,9102,8984,1.0
13199,9126,8984,4.0
13200,9554,8984,1.0
13201,10252,8984,2.0
13202,13097,8984,1.0
13203,7987,9005,1.0
13204,8580,9005,1.0
13205,8722,9005,2.0
13206,9009,9005,1.0
13207,9427,9005,1.0
13208,9429,9005,1.0
13209,9433,9005,1.0
13210,9575,9005,3.0
13211,9577,9005,2.0
13212,9852,9005,2.0
13213,9856,9005,1.0
13214,9857,9005,1.0
13215,10140,9005,1.0
13216,10289,9005,1.0
13217,10993,9005,1.0
13218,11282,9005,2.0
13219,12281,9005,1.0
13220,7987,9852,1.0
13221,8696,9852,1.0
13222,9005,9852,3.0
13223,9143,9852,1.0
13224,9424,9852,1.0
13225,9427,9852,8.0
13226,9570,9852,1.0
13227,9571,9852,1.0
13228,9710,9852,4.0
13229,9711,9852,1.0
13230,9854,9852,1.0
13231,9855,9852,1.0
13232,9859,9852,1.0
13233,9996,9852,3.0
13234,9998,9852,2.0
13235,10135,9852,2.0
13236,10137,9852,7.0
13237,10138,9852,2.0
13238,10140,9852,4.0
13239,10425,9852,1.0
13240,10570,9852,1.0
13241,12275,9852,1.0
13242,13128,9852,1.0
13243,7987,13793,1.0
13244,12563,13793,1.0
13245,12657,13793,1.0
13246,12952,13793,2.0
13247,13374,13793,1.0
13248,13794,13793,1.0
13249,13930,13793,1.0
13250,13932,13793,2.0
13251,13933,13793,3.0
13252,13934,13793,3.0
13253,14079,13793,1.0
13254,14632,13793,1.0
13255,15920,13793,1.0
13256,7988,10812,1.0
13257,7991,3901,1.0
13258,7991,7000,1.0
13259,8553,7000,1.0
13260,7991,8130,1.0
13261,8273,8130,1.0
13262,8275,8130,1.0
13263,8420,8130,1.0
13264,8837,8130,1.0
13265,8984,8130,1.0
13266,7991,8565,2.0
13267,8128,8565,1.0
13268,8142,8565,1.0
13269,8277,8565,1.0
13270,8424,8565,2.0
13271,8696,8565,2.0
13272,7991,9382,1.0
13273,8551,9382,1.0
13274,9098,9382,2.0
13275,9099,9382,1.0
13276,9383,9382,1.0
13277,9389,9382,1.0
13278,9802,9382,1.0
13279,9955,9382,2.0
13280,7991,12530,1.0
13281,9152,12530,1.0
13282,9598,12530,1.0
13283,9854,12530,1.0
13284,11980,12530,2.0
13285,12528,12530,1.0
13286,12656,12530,1.0
13287,12668,12530,4.0
13288,7993,8274,2.0
13289,7996,8274,1.0
13290,8125,8274,1.0
13291,8133,8274,1.0
13292,8271,8274,1.0
13293,8272,8274,1.0
13294,8277,8274,2.0
13295,8278,8274,2.0
13296,8414,8274,1.0
13297,8416,8274,3.0
13298,8695,8274,1.0
13299,11143,8274,2.0
13300,12858,8274,1.0
13301,7993,8566,2.0
13302,8139,8566,1.0
13303,8421,8566,3.0
13304,8695,8566,1.0
13305,11560,8566,3.0
13306,7993,8591,2.0
13307,8024,8591,2.0
13308,8314,8591,1.0
13309,8452,8591,1.0
13310,8589,8591,1.0
13311,8590,8591,2.0
13312,8592,8591,1.0
13313,8594,8591,2.0
13314,8867,8591,1.0
13315,8873,8591,1.0
13316,8877,8591,1.0
13317,9157,8591,1.0
13318,10023,8591,1.0
13319,10578,8591,1.0
13320,11432,8591,2.0
13321,7994,8282,1.0
13322,7997,8282,1.0
13323,7999,8282,1.0
13324,8128,8282,1.0
13325,8137,8282,1.0
13326,8138,8282,1.0
13327,8152,8282,1.0
13328,8277,8282,1.0
13329,8567,8282,1.0
13330,7995,8711,1.0
13331,10170,8711,1.0
13332,7996,8002,1.0
13333,7997,8276,1.0
13334,8272,8276,1.0
13335,8277,8276,1.0
13336,8281,8276,4.0
13337,8286,8276,1.0
13338,8414,8276,2.0
13339,8416,8276,2.0
13340,8418,8276,1.0
13341,8696,8276,1.0
13342,8709,8276,1.0
13343,8726,8276,1.0
13344,8833,8276,2.0
13345,8842,8276,1.0
13346,8983,8276,1.0
13347,7997,8286,1.0
13348,8409,8286,1.0
13349,7997,8555,1.0
13350,8125,8555,1.0
13351,8127,8555,1.0
13352,8128,8555,1.0
13353,8138,8555,1.0
13354,8269,8555,2.0
13355,8412,8555,3.0
13356,8556,8555,1.0
13357,8692,8555,1.0
13358,8695,8555,1.0
13359,8696,8555,4.0
13360,10592,8555,2.0
13361,7998,9968,1.0
13362,7999,8285,1.0
13363,8284,8285,1.0
13364,7999,8743,2.0
13365,8314,8743,1.0
13366,8455,8743,1.0
13367,8591,8743,1.0
13368,8741,8743,5.0
13369,9175,8743,1.0
13370,9733,8743,2.0
13371,11427,8743,1.0
13372,11440,8743,1.0
13373,11866,8743,1.0
13374,12861,8743,1.0
13375,8000,7134,1.0
13376,8002,8429,1.0
13377,8293,8429,1.0
13378,9578,8429,1.0
13379,8005,8009,2.0
13380,8010,8009,1.0
13381,8291,8009,1.0
13382,8010,7445,1.0
13383,8010,7586,2.0
13384,8010,8005,1.0
13385,8151,8005,1.0
13386,8291,8005,3.0
13387,8010,8587,2.0
13388,9017,8587,1.0
13389,9147,8587,2.0
13390,9887,8587,2.0
13391,8010,9577,1.0
13392,8157,9577,1.0
13393,8306,9577,1.0
13394,8725,9577,1.0
13395,8865,9577,2.0
13396,9005,9577,2.0
13397,9006,9577,1.0
13398,9009,9577,1.0
13399,9152,9577,1.0
13400,9154,9577,1.0
13401,9164,9577,1.0
13402,9434,9577,1.0
13403,9435,9577,3.0
13404,9436,9577,1.0
13405,9571,9577,1.0
13406,9578,9577,3.0
13407,9581,9577,1.0
13408,9718,9577,1.0
13409,9719,9577,9.0
13410,9732,9577,1.0
13411,9854,9577,1.0
13412,9861,9577,2.0
13413,9996,9577,1.0
13414,9997,9577,1.0
13415,10002,9577,1.0
13416,10853,9577,1.0
13417,8010,10993,2.0
13418,9005,10993,1.0
13419,9011,10993,1.0
13420,9019,10993,1.0
13421,9718,10993,1.0
13422,9861,10993,1.0
13423,10162,10993,1.0
13424,10275,10993,1.0
13425,10423,10993,2.0
13426,10435,10993,1.0
13427,10569,10993,1.0
13428,10583,10993,1.0
13429,10854,10993,2.0
13430,10855,10993,2.0
13431,10864,10993,1.0
13432,10867,10993,1.0
13433,10998,10993,1.0
13434,11110,10993,1.0
13435,11135,10993,1.0
13436,11140,10993,1.0
13437,11141,10993,1.0
13438,11151,10993,1.0
13439,11273,10993,1.0
13440,11277,10993,3.0
13441,11282,10993,1.0
13442,11414,10993,2.0
13443,11568,10993,1.0
13444,12296,10993,2.0
13445,12435,10993,1.0
13446,12733,10993,2.0
13447,8012,10301,1.0
13448,10016,10301,1.0
13449,10159,10301,2.0
13450,10444,10301,1.0
13451,11151,10301,1.0
13452,11582,10301,1.0
13453,8013,8305,2.0
13454,8013,10594,1.0
13455,9458,10594,1.0
13456,10149,10594,1.0
13457,10168,10594,1.0
13458,10309,10594,1.0
13459,10591,10594,1.0
13460,10865,10594,1.0
13461,10878,10594,1.0
13462,11304,10594,1.0
13463,13441,10594,1.0
13464,8015,9739,1.0
13465,8444,9739,2.0
13466,8881,9739,1.0
13467,9592,9739,1.0
13468,9596,9739,1.0
13469,9598,9739,2.0
13470,9599,9739,2.0
13471,9740,9739,2.0
13472,9745,9739,1.0
13473,9747,9739,1.0
13474,9863,9739,2.0
13475,9878,9739,2.0
13476,9882,9739,2.0
13477,9883,9739,1.0
13478,10005,9739,1.0
13479,10989,9739,1.0
13480,11016,9739,3.0
13481,11461,9739,1.0
13482,8020,9454,1.0
13483,9174,9454,1.0
13484,8020,10009,1.0
13485,8875,10009,1.0
13486,8876,10009,1.0
13487,9160,10009,1.0
13488,9162,10009,1.0
13489,9435,10009,1.0
13490,9864,10009,1.0
13491,9867,10009,1.0
13492,9996,10009,1.0
13493,10006,10009,1.0
13494,10007,10009,1.0
13495,10010,10009,2.0
13496,10140,10009,1.0
13497,10143,10009,2.0
13498,10147,10009,1.0
13499,10148,10009,1.0
13500,10149,10009,4.0
13501,10150,10009,1.0
13502,10151,10009,4.0
13503,10152,10009,1.0
13504,10153,10009,3.0
13505,10160,10009,1.0
13506,10293,10009,2.0
13507,10573,10009,1.0
13508,10580,10009,1.0
13509,11143,10009,1.0
13510,11282,10009,1.0
13511,11580,10009,1.0
13512,13271,10009,1.0
13513,8020,14537,1.0
13514,13679,14537,2.0
13515,13704,14537,2.0
13516,14112,14537,1.0
13517,14252,14537,3.0
13518,14292,14537,1.0
13519,14410,14537,2.0
13520,14412,14537,1.0
13521,14531,14537,2.0
13522,14673,14537,1.0
13523,14682,14537,2.0
13524,14689,14537,1.0
13525,14958,14537,2.0
13526,8023,9854,1.0
13527,9018,9854,1.0
13528,9429,9854,3.0
13529,9583,9854,1.0
13530,9712,9854,1.0
13531,9846,9854,1.0
13532,9852,9854,1.0
13533,9856,9854,1.0
13534,9857,9854,4.0
13535,9882,9854,1.0
13536,9992,9854,1.0
13537,9995,9854,1.0
13538,10138,9854,5.0
13539,10281,9854,1.0
13540,10423,9854,1.0
13541,11860,9854,1.0
13542,12000,9854,1.0
13543,12531,9854,1.0
13544,8023,11416,1.0
13545,8420,11416,1.0
13546,9013,11416,3.0
13547,11131,11416,1.0
13548,11275,11416,1.0
13549,11277,11416,1.0
13550,11415,11416,1.0
13551,11701,11416,1.0
13552,11983,11416,1.0
13553,12984,11416,1.0
13554,8023,11860,1.0
13555,8585,11860,1.0
13556,9151,11860,1.0
13557,9854,11860,1.0
13558,9872,11860,1.0
13559,9999,11860,1.0
13560,10015,11860,1.0
13561,11146,11860,1.0
13562,11437,11860,1.0
13563,11580,11860,1.0
13564,11719,11860,1.0
13565,11741,11860,1.0
13566,11861,11860,1.0
13567,11863,11860,1.0
13568,12009,11860,1.0
13569,12281,11860,1.0
13570,12576,11860,1.0
13571,12727,11860,1.0
13572,13684,11860,1.0
13573,13985,11860,1.0
13574,14674,11860,1.0
13575,8023,12277,1.0
13576,9145,12277,1.0
13577,9155,12277,1.0
13578,9605,12277,1.0
13579,9712,12277,1.0
13580,9863,12277,1.0
13581,10007,12277,1.0
13582,10146,12277,1.0
13583,10598,12277,1.0
13584,10877,12277,1.0
13585,11580,12277,2.0
13586,11709,12277,1.0
13587,11861,12277,1.0
13588,11877,12277,1.0
13589,11988,12277,2.0
13590,11993,12277,1.0
13591,12003,12277,1.0
13592,12274,12277,3.0
13593,12276,12277,1.0
13594,12279,12277,1.0
13595,12281,12277,1.0
13596,12395,12277,1.0
13597,12411,12277,2.0
13598,12418,12277,1.0
13599,12419,12277,3.0
13600,12421,12277,1.0
13601,12579,12277,1.0
13602,12703,12277,3.0
13603,12845,12277,3.0
13604,12999,12277,1.0
13605,13281,12277,1.0
13606,13413,12277,1.0
13607,14536,12277,1.0
13608,14558,12277,1.0
13609,14675,12277,1.0
13610,8024,5762,1.0
13611,9163,5762,1.0
13612,8024,7741,1.0
13613,8025,7741,2.0
13614,8026,7741,1.0
13615,8308,7741,1.0
13616,8452,7741,1.0
13617,8589,7741,1.0
13618,11172,7741,1.0
13619,8024,9729,1.0
13620,9167,9729,1.0
13621,9592,9729,2.0
13622,9727,9729,2.0
13623,9737,9729,1.0
13624,10145,9729,1.0
13625,10151,9729,1.0
13626,10154,9729,1.0
13627,10433,9729,1.0
13628,10574,9729,1.0
13629,12563,9729,1.0
13630,8025,11290,1.0
13631,8735,11290,1.0
13632,9151,11290,1.0
13633,9163,11290,1.0
13634,10022,11290,1.0
13635,10443,11290,1.0
13636,10587,11290,1.0
13637,10873,11290,1.0
13638,11147,11290,2.0
13639,11441,11290,1.0
13640,11456,11290,1.0
13641,11574,11290,2.0
13642,11860,11290,1.0
13643,12279,11290,1.0
13644,12281,11290,1.0
13645,12283,11290,1.0
13646,12313,11290,1.0
13647,12548,11290,1.0
13648,12568,11290,1.0
13649,12579,11290,1.0
13650,12857,11290,1.0
13651,12858,11290,1.0
13652,13422,11290,1.0
13653,13661,11290,1.0
13654,13716,11290,1.0
13655,13847,11290,1.0
13656,19025,11290,1.0
13657,8026,8169,1.0
13658,8026,8596,2.0
13659,8312,8596,4.0
13660,8314,8596,1.0
13661,8452,8596,1.0
13662,8594,8596,2.0
13663,8597,8596,2.0
13664,8737,8596,1.0
13665,8743,8596,1.0
13666,8878,8596,1.0
13667,9024,8596,2.0
13668,9167,8596,1.0
13669,9582,8596,1.0
13670,9605,8596,1.0
13671,9729,8596,1.0
13672,10433,8596,1.0
13673,12560,8596,1.0
13674,8028,9602,1.0
13675,8456,9602,1.0
13676,8459,9602,1.0
13677,8875,9602,1.0
13678,8878,9602,1.0
13679,9446,9602,2.0
13680,9604,9602,1.0
13681,10168,9602,1.0
13682,10317,9602,1.0
13683,10453,9602,1.0
13684,10608,9602,1.0
13685,11019,9602,1.0
13686,8030,10154,1.0
13687,8589,10154,1.0
13688,9160,10154,3.0
13689,9444,10154,1.0
13690,9605,10154,2.0
13691,9729,10154,1.0
13692,9750,10154,1.0
13693,9870,10154,1.0
13694,10000,10154,1.0
13695,10012,10154,1.0
13696,10148,10154,2.0
13697,10151,10154,1.0
13698,10152,10154,1.0
13699,10156,10154,1.0
13700,10158,10154,1.0
13701,10160,10154,1.0
13702,10162,10154,1.0
13703,10292,10154,1.0
13704,10294,10154,2.0
13705,10295,10154,2.0
13706,10296,10154,1.0
13707,10866,10154,2.0
13708,10894,10154,1.0
13709,11006,10154,1.0
13710,11007,10154,1.0
13711,11146,10154,4.0
13712,11275,10154,1.0
13713,11296,10154,1.0
13714,11861,10154,1.0
13715,11978,10154,1.0
13716,12291,10154,1.0
13717,13120,10154,1.0
13718,13143,10154,1.0
13719,13435,10154,1.0
13720,13995,10154,2.0
13721,14001,10154,1.0
13722,15253,10154,1.0
13723,8031,9458,1.0
13724,8456,9458,1.0
13725,8457,9458,1.0
13726,9030,9458,6.0
13727,9172,9458,2.0
13728,9174,9458,3.0
13729,9459,9458,2.0
13730,9596,9458,1.0
13731,9740,9458,2.0
13732,9742,9458,2.0
13733,10594,9458,1.0
13734,11277,9458,1.0
13735,11382,9458,1.0
13736,8031,10293,1.0
13737,8598,10293,1.0
13738,8693,10293,1.0
13739,9028,10293,1.0
13740,9577,10293,1.0
13741,9582,10293,1.0
13742,10009,10293,1.0
13743,10151,10293,1.0
13744,10153,10293,1.0
13745,10291,10293,1.0
13746,10307,10293,1.0
13747,10435,10293,1.0
13748,10437,10293,1.0
13749,11002,10293,1.0
13750,11142,10293,1.0
13751,11145,10293,1.0
13752,11443,10293,1.0
13753,13413,10293,1.0
13754,8031,10437,1.0
13755,9015,10437,1.0
13756,10291,10437,1.0
13757,10293,10437,1.0
13758,10295,10437,2.0
13759,10578,10437,1.0
13760,13934,10437,1.0
13761,8031,12703,3.0
13762,9160,12703,1.0
13763,11001,12703,1.0
13764,11176,12703,1.0
13765,11285,12703,2.0
13766,11462,12703,1.0
13767,11566,12703,1.0
13768,11580,12703,1.0
13769,11863,12703,2.0
13770,12275,12703,1.0
13771,12276,12703,1.0
13772,12277,12703,3.0
13773,12279,12703,1.0
13774,12281,12703,1.0
13775,12295,12703,1.0
13776,12419,12703,1.0
13777,12548,12703,1.0
13778,12561,12703,5.0
13779,12562,12703,1.0
13780,12563,12703,1.0
13781,12567,12703,1.0
13782,12707,12703,3.0
13783,12724,12703,1.0
13784,12845,12703,1.0
13785,12851,12703,1.0
13786,12982,12703,1.0
13787,13393,12703,1.0
13788,13711,12703,1.0
13789,13970,12703,1.0
13790,14115,12703,1.0
13791,14263,12703,1.0
13792,14689,12703,2.0
13793,14973,12703,1.0
13794,15101,12703,1.0
13795,8032,8745,1.0
13796,8319,8745,1.0
13797,8460,8745,1.0
13798,8603,8745,1.0
13799,8032,11588,1.0
13800,9461,11588,1.0
13801,10029,11588,2.0
13802,10893,11588,1.0
13803,11022,11588,1.0
13804,11446,11588,3.0
13805,11447,11588,2.0
13806,11582,11588,2.0
13807,11586,11588,2.0
13808,11587,11588,2.0
13809,11589,11588,9.0
13810,11590,11588,3.0
13811,11723,11588,1.0
13812,11729,11588,1.0
13813,11730,11588,2.0
13814,11731,11588,1.0
13815,11733,11588,1.0
13816,11880,11588,1.0
13817,12013,11588,1.0
13818,12017,11588,4.0
13819,12425,11588,1.0
13820,12580,11588,1.0
13821,12594,11588,1.0
13822,12721,11588,1.0
13823,13017,11588,2.0
13824,13156,11588,2.0
13825,14265,11588,1.0
13826,14302,11588,1.0
13827,19445,11588,1.0
13828,8034,9444,1.0
13829,8594,9444,1.0
13830,8876,9444,6.0
13831,8878,9444,1.0
13832,9018,9444,3.0
13833,9019,9444,1.0
13834,9020,9444,1.0
13835,9021,9444,1.0
13836,9159,9444,1.0
13837,9160,9444,4.0
13838,9161,9444,1.0
13839,9162,9444,2.0
13840,9163,9444,1.0
13841,9442,9444,2.0
13842,9443,9444,1.0
13843,9584,9444,1.0
13844,9586,9444,2.0
13845,9592,9444,1.0
13846,9599,9444,2.0
13847,11143,9444,1.0
13848,14291,9444,1.0
13849,8126,8413,2.0
13850,8128,8413,1.0
13851,8271,8413,3.0
13852,8274,8413,2.0
13853,8412,8413,3.0
13854,8414,8413,1.0
13855,8551,8413,1.0
13856,8692,8413,1.0
13857,8695,8413,1.0
13858,8696,8413,1.0
13859,8830,8413,1.0
13860,8836,8413,1.0
13861,8839,8413,1.0
13862,8843,8413,1.0
13863,9383,8413,1.0
13864,9536,8413,1.0
13865,8126,12294,1.0
13866,9017,12294,1.0
13867,10261,12294,1.0
13868,11286,12294,1.0
13869,11868,12294,2.0
13870,11870,12294,1.0
13871,12011,12294,2.0
13872,12014,12294,2.0
13873,12021,12294,1.0
13874,12276,12294,1.0
13875,12437,12294,1.0
13876,12575,12294,1.0
13877,12719,12294,1.0
13878,12859,12294,1.0
13879,13000,12294,1.0
13880,13002,12294,1.0
13881,13003,12294,1.0
13882,13855,12294,1.0
13883,14143,12294,1.0
13884,8127,5433,1.0
13885,8128,5433,1.0
13886,8127,8973,1.0
13887,8413,8973,1.0
13888,8692,8973,1.0
13889,8695,8973,2.0
13890,8830,8973,1.0
13891,8833,8973,1.0
13892,10140,8973,1.0
13893,8127,9006,1.0
13894,8585,9006,1.0
13895,8696,9006,1.0
13896,8722,9006,1.0
13897,8863,9006,1.0
13898,8864,9006,2.0
13899,8865,9006,1.0
13900,9145,9006,1.0
13901,9577,9006,1.0
13902,9718,9006,1.0
13903,9999,9006,1.0
13904,10141,9006,1.0
13905,10148,9006,1.0
13906,11174,9006,2.0
13907,11715,9006,1.0
13908,12570,9006,1.0
13909,8127,11385,1.0
13910,11389,11385,2.0
13911,11517,11385,1.0
13912,11533,11385,3.0
13913,11703,11385,1.0
13914,15822,11385,1.0
13915,18112,11385,1.0
13916,8127,11956,1.0
13917,11389,11956,1.0
13918,11983,11956,3.0
13919,12442,11956,1.0
13920,12666,11956,3.0
13921,13392,11956,1.0
13922,13792,11956,1.0
13923,13795,11956,1.0
13924,8128,8552,3.0
13925,8268,8552,1.0
13926,8269,8552,1.0
13927,8274,8552,1.0
13928,8275,8552,1.0
13929,8409,8552,1.0
13930,8412,8552,2.0
13931,8414,8552,2.0
13932,8416,8552,1.0
13933,8418,8552,1.0
13934,8551,8552,2.0
13935,8553,8552,4.0
13936,8691,8552,1.0
13937,8692,8552,3.0
13938,8693,8552,1.0
13939,8694,8552,1.0
13940,8695,8552,2.0
13941,8834,8552,2.0
13942,9950,8552,1.0
13943,8128,8556,2.0
13944,8271,8556,1.0
13945,8551,8556,1.0
13946,8695,8556,1.0
13947,8836,8556,1.0
13948,8128,8843,2.0
13949,8272,8843,1.0
13950,8275,8843,2.0
13951,8413,8843,2.0
13952,8416,8843,2.0
13953,8424,8843,1.0
13954,8982,8843,2.0
13955,9126,8843,2.0
13956,13145,8843,1.0
13957,8128,8981,1.0
13958,8695,8981,1.0
13959,8696,8981,1.0
13960,8838,8981,1.0
13961,8980,8981,1.0
13962,8982,8981,3.0
13963,8983,8981,2.0
13964,11096,8981,1.0
13965,11122,8981,1.0
13966,8128,9124,2.0
13967,8269,9124,1.0
13968,8692,9124,1.0
13969,8840,9124,2.0
13970,8842,9124,2.0
13971,8982,9124,1.0
13972,8983,9124,2.0
13973,9126,9124,1.0
13974,13654,9124,1.0
13975,8128,9376,3.0
13976,8135,9376,1.0
13977,8139,9376,1.0
13978,8140,9376,2.0
13979,8268,9376,2.0
13980,9996,9376,1.0
13981,8128,9863,1.0
13982,8553,9863,1.0
13983,9436,9863,1.0
13984,9718,9863,1.0
13985,9719,9863,1.0
13986,9739,9863,2.0
13987,9864,9863,2.0
13988,10145,9863,2.0
13989,10147,9863,1.0
13990,10148,9863,2.0
13991,10149,9863,1.0
13992,10431,9863,1.0
13993,10568,9863,1.0
13994,11001,9863,1.0
13995,11578,9863,1.0
13996,12277,9863,1.0
13997,13293,9863,1.0
13998,8128,9959,1.0
13999,8695,9959,1.0
14000,14691,9959,2.0
14001,8128,10102,2.0
14002,8128,10425,1.0
14003,8695,10425,1.0
14004,9852,10425,1.0
14005,10563,10425,1.0
14006,10572,10425,2.0
14007,10574,10425,1.0
14008,8128,11096,1.0
14009,8830,11096,2.0
14010,11390,11096,1.0
14011,11522,11096,1.0
14012,12810,11096,1.0
14013,8128,11521,1.0
14014,8551,11521,1.0
14015,11517,11521,1.0
14016,11522,11521,4.0
14017,8128,11727,1.0
14018,9167,11727,1.0
14019,10866,11727,3.0
14020,10988,11727,1.0
14021,11299,11727,2.0
14022,11585,11727,2.0
14023,11728,11727,1.0
14024,11862,11727,1.0
14025,12009,11727,1.0
14026,12011,11727,2.0
14027,12285,11727,1.0
14028,12294,11727,1.0
14029,12440,11727,2.0
14030,12452,11727,1.0
14031,12577,11727,1.0
14032,12717,11727,1.0
14033,12723,11727,1.0
14034,12859,11727,1.0
14035,12862,11727,1.0
14036,13855,11727,1.0
14037,8128,11872,1.0
14038,11162,11872,1.0
14039,11166,11872,1.0
14040,11425,11872,1.0
14041,11580,11872,1.0
14042,11728,11872,1.0
14043,11877,11872,2.0
14044,12013,11872,1.0
14045,12443,11872,1.0
14046,12721,11872,1.0
14047,12879,11872,1.0
14048,13145,11872,1.0
14049,17110,11872,1.0
14050,8128,11881,1.0
14051,11318,11881,2.0
14052,12451,11881,1.0
14053,8128,13401,1.0
14054,13264,13401,1.0
14055,13393,13401,1.0
14056,13822,13401,1.0
14057,8128,13962,1.0
14058,13820,13962,2.0
14059,8128,14286,1.0
14060,8138,14286,1.0
14061,8696,14286,2.0
14062,12437,14286,1.0
14063,13143,14286,1.0
14064,13303,14286,1.0
14065,13864,14286,1.0
14066,13979,14286,1.0
14067,14287,14286,1.0
14068,14423,14286,1.0
14069,14426,14286,4.0
14070,14427,14286,3.0
14071,14428,14286,1.0
14072,14710,14286,2.0
14073,15126,14286,1.0
14074,15135,14286,1.0
14075,15278,14286,1.0
14076,8129,9127,1.0
14077,8277,9127,1.0
14078,8410,9127,2.0
14079,8842,9127,2.0
14080,8980,9127,1.0
14081,8982,9127,1.0
14082,8983,9127,1.0
14083,9126,9127,3.0
14084,9683,9127,1.0
14085,10966,9127,2.0
14086,8131,7587,1.0
14087,8131,11705,2.0
14088,8696,11705,1.0
14089,10167,11705,1.0
14090,11131,11705,1.0
14091,11850,11705,1.0
14092,11999,11705,1.0
14093,12272,11705,1.0
14094,12446,11705,1.0
14095,8137,7571,1.0
14096,8138,7571,1.0
14097,8415,7571,2.0
14098,8982,7571,1.0
14099,11588,7571,1.0
14100,8137,10285,1.0
14101,8738,10285,1.0
14102,9719,10285,1.0
14103,9870,10285,1.0
14104,10000,10285,2.0
14105,10018,10285,1.0
14106,10139,10285,1.0
14107,10144,10285,1.0
14108,10146,10285,2.0
14109,10279,10285,1.0
14110,10280,10285,2.0
14111,10281,10285,1.0
14112,10287,10285,1.0
14113,10300,10285,1.0
14114,10426,10285,1.0
14115,10433,10285,3.0
14116,10440,10285,1.0
14117,10569,10285,1.0
14118,10572,10285,2.0
14119,10579,10285,2.0
14120,10854,10285,1.0
14121,10856,10285,1.0
14122,10870,10285,1.0
14123,10995,10285,1.0
14124,11012,10285,1.0
14125,11131,10285,1.0
14126,11147,10285,1.0
14127,11445,10285,4.0
14128,11580,10285,2.0
14129,11585,10285,3.0
14130,11589,10285,1.0
14131,11592,10285,1.0
14132,11843,10285,1.0
14133,11983,10285,1.0
14134,13260,10285,1.0
14135,13683,10285,1.0
14136,15836,10285,1.0
14137,16939,10285,1.0
14138,8138,5730,1.0
14139,8138,6282,1.0
14140,8138,7283,1.0
14141,8138,7572,3.0
14142,9429,7572,1.0
14143,8138,9961,1.0
14144,8737,9961,1.0
14145,8139,7714,2.0
14146,8281,7714,2.0
14147,8139,8707,1.0
14148,8278,8707,2.0
14149,8281,8707,2.0
14150,8139,8734,1.0
14151,8167,8734,1.0
14152,8452,8734,1.0
14153,8590,8734,1.0
14154,8591,8734,1.0
14155,8592,8734,1.0
14156,8593,8734,1.0
14157,8594,8734,1.0
14158,8735,8734,1.0
14159,8737,8734,1.0
14160,8875,8734,1.0
14161,8877,8734,1.0
14162,8878,8734,3.0
14163,9020,8734,2.0
14164,9025,8734,1.0
14165,10009,8734,2.0
14166,10469,8734,1.0
14167,11446,8734,1.0
14168,8139,9584,1.0
14169,8451,9584,1.0
14170,8589,9584,1.0
14171,8737,9584,2.0
14172,8875,9584,1.0
14173,8880,9584,1.0
14174,9015,9584,1.0
14175,9016,9584,1.0
14176,9018,9584,2.0
14177,9019,9584,2.0
14178,9154,9584,1.0
14179,9157,9584,1.0
14180,9158,9584,2.0
14181,9160,9584,1.0
14182,9162,9584,2.0
14183,9164,9584,1.0
14184,9440,9584,2.0
14185,9444,9584,2.0
14186,9446,9584,3.0
14187,9581,9584,2.0
14188,9582,9584,1.0
14189,9583,9584,2.0
14190,9585,9584,4.0
14191,9594,9584,2.0
14192,9723,9584,1.0
14193,9726,9584,3.0
14194,9727,9584,3.0
14195,9728,9584,1.0
14196,9730,9584,1.0
14197,9731,9584,1.0
14198,9736,9584,1.0
14199,9741,9584,2.0
14200,9870,9584,2.0
14201,10307,9584,1.0
14202,10314,9584,1.0
14203,11001,9584,1.0
14204,11148,9584,1.0
14205,11168,9584,1.0
14206,8139,9724,1.0
14207,8447,9724,1.0
14208,8456,9724,1.0
14209,9010,9724,1.0
14210,9158,9724,1.0
14211,9439,9724,1.0
14212,9719,9724,2.0
14213,9723,9724,3.0
14214,9725,9724,2.0
14215,9865,9724,3.0
14216,10003,9724,1.0
14217,10007,9724,1.0
14218,10139,9724,1.0
14219,10147,9724,1.0
14220,10149,9724,3.0
14221,11285,9724,2.0
14222,11286,9724,1.0
14223,11569,9724,1.0
14224,13014,9724,1.0
14225,14531,9724,1.0
14226,8139,9997,1.0
14227,9001,9997,1.0
14228,9011,9997,1.0
14229,9428,9997,5.0
14230,9430,9997,1.0
14231,9568,9997,3.0
14232,9712,9997,1.0
14233,9722,9997,1.0
14234,9855,9997,1.0
14235,9994,9997,1.0
14236,9996,9997,1.0
14237,10000,9997,1.0
14238,10137,9997,2.0
14239,10138,9997,1.0
14240,10139,9997,1.0
14241,10281,9997,1.0
14242,10424,9997,2.0
14243,8139,10398,1.0
14244,8696,10398,1.0
14245,10966,10398,1.0
14246,8139,10546,1.0
14247,8139,10572,1.0
14248,10004,10572,1.0
14249,10009,10572,2.0
14250,10285,10572,1.0
14251,10291,10572,1.0
14252,10424,10572,1.0
14253,10433,10572,1.0
14254,10445,10572,1.0
14255,10546,10572,1.0
14256,10570,10572,2.0
14257,10576,10572,5.0
14258,10853,10572,2.0
14259,10855,10572,1.0
14260,11143,10572,1.0
14261,11147,10572,1.0
14262,11273,10572,1.0
14263,11296,10572,1.0
14264,13000,10572,1.0
14265,8139,10592,2.0
14266,9888,10592,1.0
14267,10017,10592,1.0
14268,10149,10592,1.0
14269,10170,10592,1.0
14270,10318,10592,1.0
14271,10449,10592,1.0
14272,10450,10592,2.0
14273,10465,10592,1.0
14274,10874,10592,2.0
14275,11154,10592,1.0
14276,11316,10592,1.0
14277,11437,10592,1.0
14278,8139,12386,2.0
14279,8982,12386,1.0
14280,12243,12386,1.0
14281,12501,12386,1.0
14282,12667,12386,2.0
14283,12668,12386,2.0
14284,12810,12386,1.0
14285,8139,13094,1.0
14286,8140,8297,1.0
14287,12830,8297,1.0
14288,12998,8297,1.0
14289,8142,3893,1.0
14290,8149,13440,1.0
14291,11600,13440,1.0
14292,11996,13440,1.0
14293,12291,13440,1.0
14294,12456,13440,1.0
14295,12587,13440,1.0
14296,12590,13440,1.0
14297,12867,13440,1.0
14298,13011,13440,2.0
14299,13014,13440,1.0
14300,13017,13440,3.0
14301,13020,13440,2.0
14302,13143,13440,1.0
14303,13151,13440,1.0
14304,13295,13440,1.0
14305,13298,13440,1.0
14306,13299,13440,1.0
14307,13303,13440,2.0
14308,13435,13440,1.0
14309,13438,13440,2.0
14310,13441,13440,5.0
14311,13445,13440,3.0
14312,13722,13440,2.0
14313,13723,13440,1.0
14314,13726,13440,1.0
14315,14008,13440,1.0
14316,14011,13440,1.0
14317,14149,13440,1.0
14318,14151,13440,2.0
14319,14153,13440,2.0
14320,14290,13440,1.0
14321,14292,13440,1.0
14322,14437,13440,1.0
14323,15020,13440,1.0
14324,8152,9157,1.0
14325,8591,9157,2.0
14326,8733,9157,1.0
14327,8742,9157,1.0
14328,8867,9157,1.0
14329,8871,9157,1.0
14330,9015,9157,1.0
14331,9147,9157,1.0
14332,9155,9157,1.0
14333,9156,9157,1.0
14334,9158,9157,6.0
14335,9160,9157,2.0
14336,9450,9157,1.0
14337,9584,9157,3.0
14338,9587,9157,2.0
14339,9719,9157,1.0
14340,9744,9157,1.0
14341,9857,9157,1.0
14342,11139,9157,1.0
14343,11578,9157,1.0
14344,11883,9157,1.0
14345,8152,11427,1.0
14346,8743,11427,1.0
14347,9028,11427,1.0
14348,11286,11427,2.0
14349,11426,11427,1.0
14350,11566,11427,1.0
14351,11567,11427,1.0
14352,11568,11427,1.0
14353,11711,11427,1.0
14354,11853,11427,1.0
14355,14923,11427,1.0
14356,8156,10282,1.0
14357,9857,10282,1.0
14358,11122,10282,1.0
14359,11994,10282,1.0
14360,13237,10282,1.0
14361,8157,7730,1.0
14362,8733,7730,1.0
14363,9166,7730,1.0
14364,8157,8155,2.0
14365,8299,8155,1.0
14366,8158,8440,1.0
14367,8160,8868,1.0
14368,8576,8868,1.0
14369,8724,8868,2.0
14370,8725,8868,1.0
14371,8865,8868,1.0
14372,8867,8868,2.0
14373,8871,8868,1.0
14374,9011,8868,1.0
14375,9151,8868,1.0
14376,10153,8868,1.0
14377,12556,8868,1.0
14378,8160,9717,1.0
14379,8839,9717,1.0
14380,9575,9717,1.0
14381,9719,9717,1.0
14382,9852,9717,1.0
14383,9998,9717,2.0
14384,9999,9717,1.0
14385,10144,9717,1.0
14386,8160,10147,1.0
14387,8865,10147,3.0
14388,9020,10147,1.0
14389,9441,10147,1.0
14390,9718,10147,1.0
14391,9724,10147,1.0
14392,9863,10147,1.0
14393,9864,10147,1.0
14394,10004,10147,3.0
14395,10005,10147,2.0
14396,10006,10147,5.0
14397,10007,10147,1.0
14398,10009,10147,1.0
14399,10011,10147,1.0
14400,10137,10147,1.0
14401,10138,10147,1.0
14402,10140,10147,1.0
14403,10145,10147,2.0
14404,10146,10147,1.0
14405,10148,10147,2.0
14406,10427,10147,2.0
14407,10431,10147,5.0
14408,10433,10147,2.0
14409,10854,10147,2.0
14410,10996,10147,2.0
14411,11144,10147,1.0
14412,11275,10147,2.0
14413,11285,10147,1.0
14414,11707,10147,1.0
14415,12832,10147,1.0
14416,8160,11010,1.0
14417,9746,11010,1.0
14418,10303,11010,1.0
14419,10586,11010,1.0
14420,11008,11010,1.0
14421,11013,11010,1.0
14422,11141,11010,1.0
14423,11146,11010,1.0
14424,11154,11010,2.0
14425,11156,11010,1.0
14426,11157,11010,1.0
14427,12716,11010,1.0
14428,8161,8302,2.0
14429,8447,8302,1.0
14430,8162,9587,1.0
14431,8591,9587,2.0
14432,8735,9587,1.0
14433,8880,9587,1.0
14434,8881,9587,1.0
14435,9019,9587,2.0
14436,9020,9587,2.0
14437,9021,9587,1.0
14438,9160,9587,4.0
14439,9161,9587,1.0
14440,9165,9587,1.0
14441,9446,9587,1.0
14442,9584,9587,1.0
14443,9585,9587,4.0
14444,9598,9587,1.0
14445,9728,9587,2.0
14446,9730,9587,1.0
14447,9731,9587,1.0
14448,9746,9587,1.0
14449,9870,9587,1.0
14450,11459,9587,1.0
14451,11717,9587,1.0
14452,12432,9587,1.0
14453,8162,15994,1.0
14454,14021,15994,1.0
14455,14290,15994,1.0
14456,14297,15994,1.0
14457,14426,15994,1.0
14458,14575,15994,1.0
14459,14576,15994,1.0
14460,15002,15994,1.0
14461,15854,15994,1.0
14462,16423,15994,1.0
14463,8166,9009,1.0
14464,8583,9009,1.0
14465,8586,9009,4.0
14466,8728,9009,1.0
14467,8865,9009,1.0
14468,9005,9009,1.0
14469,9008,9009,1.0
14470,9011,9009,1.0
14471,9151,9009,1.0
14472,9164,9009,1.0
14473,9434,9009,3.0
14474,9437,9009,1.0
14475,9601,9009,1.0
14476,9718,9009,2.0
14477,9719,9009,2.0
14478,9734,9009,1.0
14479,10147,9009,1.0
14480,10457,9009,1.0
14481,8166,9732,1.0
14482,9016,9732,1.0
14483,9164,9732,1.0
14484,9448,9732,1.0
14485,9577,9732,1.0
14486,9586,9732,1.0
14487,9589,9732,1.0
14488,9594,9732,2.0
14489,9596,9732,1.0
14490,9731,9732,6.0
14491,9734,9732,2.0
14492,9878,9732,5.0
14493,10291,9732,1.0
14494,12293,9732,1.0
14495,12572,9732,1.0
14496,8166,10444,1.0
14497,8455,10444,1.0
14498,9450,10444,1.0
14499,9460,10444,1.0
14500,9752,10444,1.0
14501,9882,10444,1.0
14502,9889,10444,2.0
14503,10018,10444,1.0
14504,10019,10444,1.0
14505,10156,10444,1.0
14506,10301,10444,1.0
14507,10303,10444,2.0
14508,10312,10444,1.0
14509,10439,10444,1.0
14510,10440,10444,1.0
14511,10445,10444,3.0
14512,10582,10444,1.0
14513,10586,10444,3.0
14514,10587,10444,2.0
14515,10851,10444,1.0
14516,10871,10444,1.0
14517,11014,10444,1.0
14518,11156,10444,1.0
14519,11298,10444,2.0
14520,11582,10444,1.0
14521,11999,10444,1.0
14522,8167,9718,1.0
14523,8171,9718,1.0
14524,8584,9718,2.0
14525,8727,9718,1.0
14526,9015,9718,1.0
14527,9023,9718,1.0
14528,9151,9718,1.0
14529,9434,9718,3.0
14530,9436,9718,1.0
14531,9575,9718,4.0
14532,9577,9718,2.0
14533,9582,9718,2.0
14534,9712,9718,2.0
14535,9717,9718,1.0
14536,9719,9718,5.0
14537,9721,9718,2.0
14538,9853,9718,1.0
14539,9857,9718,1.0
14540,9861,9718,1.0
14541,9869,9718,1.0
14542,10143,9718,1.0
14543,10146,9718,3.0
14544,10993,9718,1.0
14545,11282,9718,1.0
14546,8168,8029,1.0
14547,8171,8029,1.0
14548,8600,8029,1.0
14549,8880,8029,1.0
14550,8168,10291,1.0
14551,8745,10291,1.0
14552,8867,10291,1.0
14553,8884,10291,1.0
14554,9020,10291,3.0
14555,9161,10291,2.0
14556,9424,10291,3.0
14557,9582,10291,1.0
14558,9601,10291,1.0
14559,9724,10291,1.0
14560,9733,10291,1.0
14561,9736,10291,1.0
14562,9854,10291,1.0
14563,9857,10291,1.0
14564,9995,10291,1.0
14565,9999,10291,1.0
14566,10004,10291,1.0
14567,10006,10291,1.0
14568,10023,10291,1.0
14569,10143,10291,1.0
14570,10149,10291,2.0
14571,10156,10291,1.0
14572,10162,10291,2.0
14573,10295,10291,1.0
14574,10431,10291,2.0
14575,10432,10291,1.0
14576,10433,10291,1.0
14577,10434,10291,1.0
14578,10435,10291,2.0
14579,10437,10291,1.0
14580,10576,10291,1.0
14581,10578,10291,1.0
14582,10852,10291,1.0
14583,10856,10291,2.0
14584,10859,10291,1.0
14585,10876,10291,1.0
14586,11023,10291,1.0
14587,11153,10291,1.0
14588,11569,10291,1.0
14589,14560,10291,1.0
14590,14996,10291,2.0
14591,8170,8727,1.0
14592,8584,8727,1.0
14593,8585,8727,5.0
14594,8588,8727,1.0
14595,8696,8727,1.0
14596,8721,8727,1.0
14597,8867,8727,1.0
14598,8870,8727,1.0
14599,9012,8727,1.0
14600,9020,8727,1.0
14601,9151,8727,2.0
14602,9153,8727,1.0
14603,9163,8727,2.0
14604,9580,8727,1.0
14605,9718,8727,1.0
14606,9869,8727,1.0
14607,10012,8727,1.0
14608,11870,8727,1.0
14609,8170,11008,4.0
14610,9605,11008,1.0
14611,10449,11008,1.0
14612,10866,11008,1.0
14613,10867,11008,1.0
14614,10993,11008,1.0
14615,11309,11008,1.0
14616,11437,11008,1.0
14617,11448,11008,1.0
14618,12723,11008,1.0
14619,8170,11277,2.0
14620,8870,11277,1.0
14621,8982,11277,1.0
14622,9003,11277,1.0
14623,9591,11277,1.0
14624,9604,11277,1.0
14625,9865,11277,1.0
14626,9993,11277,1.0
14627,9995,11277,2.0
14628,10000,11277,1.0
14629,10428,11277,2.0
14630,10565,11277,1.0
14631,10568,11277,1.0
14632,10577,11277,1.0
14633,10587,11277,1.0
14634,10854,11277,1.0
14635,10992,11277,1.0
14636,10993,11277,2.0
14637,11000,11277,1.0
14638,11131,11277,1.0
14639,11133,11277,1.0
14640,11135,11277,1.0
14641,11272,11277,1.0
14642,11273,11277,1.0
14643,11274,11277,1.0
14644,11278,11277,1.0
14645,11415,11277,1.0
14646,11418,11277,1.0
14647,11420,11277,1.0
14648,11431,11277,1.0
14649,11447,11277,1.0
14650,11560,11277,1.0
14651,11566,11277,1.0
14652,11699,11277,2.0
14653,11701,11277,1.0
14654,11702,11277,1.0
14655,11703,11277,1.0
14656,11841,11277,1.0
14657,11983,11277,2.0
14658,12410,11277,1.0
14659,14393,11277,1.0
14660,8170,11433,1.0
14661,8695,11433,1.0
14662,10023,11433,1.0
14663,10170,11433,1.0
14664,11168,11433,1.0
14665,11287,11433,1.0
14666,11431,11433,1.0
14667,11575,11433,1.0
14668,11602,11433,1.0
14669,11719,11433,1.0
14670,12591,11433,1.0
14671,13868,11433,1.0
14672,8170,11580,1.0
14673,9447,11580,1.0
14674,9605,11580,1.0
14675,9865,11580,1.0
14676,9876,11580,3.0
14677,9888,11580,1.0
14678,10009,11580,1.0
14679,10160,11580,1.0
14680,10166,11580,1.0
14681,10168,11580,1.0
14682,10277,11580,1.0
14683,10281,11580,1.0
14684,10285,11580,2.0
14685,10449,11580,1.0
14686,10450,11580,1.0
14687,10453,11580,1.0
14688,10591,11580,1.0
14689,10889,11580,1.0
14690,11013,11580,1.0
14691,11136,11580,1.0
14692,11139,11580,1.0
14693,11159,11580,1.0
14694,11296,11580,3.0
14695,11299,11580,1.0
14696,11310,11580,2.0
14697,11315,11580,1.0
14698,11401,11580,3.0
14699,11421,11580,1.0
14700,11423,11580,1.0
14701,11436,11580,1.0
14702,11566,11580,2.0
14703,11575,11580,1.0
14704,11576,11580,1.0
14705,11579,11580,1.0
14706,11589,11580,1.0
14707,11701,11580,2.0
14708,11704,11580,1.0
14709,11723,11580,3.0
14710,11727,11580,1.0
14711,11732,11580,1.0
14712,11744,11580,1.0
14713,11847,11580,1.0
14714,11848,11580,1.0
14715,11853,11580,1.0
14716,11857,11580,1.0
14717,11861,11580,1.0
14718,11864,11580,1.0
14719,11866,11580,3.0
14720,11979,11580,1.0
14721,12004,11580,1.0
14722,12006,11580,1.0
14723,12012,11580,1.0
14724,12015,11580,1.0
14725,12277,11580,2.0
14726,12281,11580,1.0
14727,12283,11580,4.0
14728,12396,11580,1.0
14729,12398,11580,1.0
14730,12433,11580,1.0
14731,12528,11580,1.0
14732,12546,11580,1.0
14733,12561,11580,1.0
14734,12563,11580,1.0
14735,12575,11580,1.0
14736,12688,11580,1.0
14737,12694,11580,1.0
14738,12697,11580,1.0
14739,12718,11580,1.0
14740,12719,11580,1.0
14741,12721,11580,1.0
14742,12723,11580,2.0
14743,12830,11580,1.0
14744,12835,11580,2.0
14745,12843,11580,1.0
14746,12861,11580,1.0
14747,12871,11580,1.0
14748,12952,11580,1.0
14749,12979,11580,1.0
14750,12991,11580,1.0
14751,13145,11580,1.0
14752,13155,11580,1.0
14753,13265,11580,1.0
14754,13684,11580,1.0
14755,13711,11580,1.0
14756,13990,11580,1.0
14757,14006,11580,1.0
14758,14140,11580,1.0
14759,14244,11580,1.0
14760,14256,11580,1.0
14761,14267,11580,1.0
14762,14277,11580,1.0
14763,14385,11580,1.0
14764,14405,11580,3.0
14765,14416,11580,2.0
14766,14422,11580,1.0
14767,14425,11580,2.0
14768,14531,11580,1.0
14769,14545,11580,3.0
14770,14547,11580,1.0
14771,14558,11580,1.0
14772,14682,11580,2.0
14773,14685,11580,1.0
14774,14686,11580,2.0
14775,14688,11580,1.0
14776,14704,11580,1.0
14777,14705,11580,2.0
14778,15097,11580,1.0
14779,15133,11580,1.0
14780,15140,11580,1.0
14781,15277,11580,2.0
14782,15679,11580,2.0
14783,15680,11580,1.0
14784,15683,11580,1.0
14785,15818,11580,1.0
14786,15822,11580,1.0
14787,15964,11580,1.0
14788,16095,11580,1.0
14789,16096,11580,3.0
14790,16800,11580,1.0
14791,17083,11580,1.0
14792,17084,11580,1.0
14793,17096,11580,1.0
14794,17808,11580,2.0
14795,18117,11580,2.0
14796,8171,9726,1.0
14797,8742,9726,1.0
14798,9019,9726,1.0
14799,9158,9726,1.0
14800,9164,9726,1.0
14801,9450,9726,1.0
14802,9583,9726,1.0
14803,9584,9726,1.0
14804,9586,9726,1.0
14805,9867,9726,1.0
14806,9870,9726,1.0
14807,9871,9726,1.0
14808,9884,9726,1.0
14809,10010,9726,1.0
14810,10575,9726,1.0
14811,12868,9726,1.0
14812,8171,11706,1.0
14813,8728,11706,1.0
14814,8834,11706,1.0
14815,9849,11706,1.0
14816,10292,11706,1.0
14817,10852,11706,2.0
14818,11000,11706,1.0
14819,11153,11706,1.0
14820,11285,11706,1.0
14821,11416,11706,1.0
14822,11426,11706,2.0
14823,11444,11706,1.0
14824,11562,11706,1.0
14825,11563,11706,1.0
14826,11566,11706,2.0
14827,11568,11706,2.0
14828,11697,11706,1.0
14829,11704,11706,2.0
14830,11707,11706,1.0
14831,11709,11706,1.0
14832,11852,11706,1.0
14833,11887,11706,1.0
14834,11983,11706,1.0
14835,12273,11706,1.0
14836,12425,11706,1.0
14837,12712,11706,1.0
14838,12845,11706,1.0
14839,14007,11706,1.0
14840,14411,11706,1.0
14841,14997,11706,1.0
14842,8172,10171,1.0
14843,9599,10171,1.0
14844,9600,10171,1.0
14845,9604,10171,1.0
14846,9878,10171,1.0
14847,10170,10171,1.0
14848,10312,10171,1.0
14849,10870,10171,3.0
14850,11443,10171,2.0
14851,11578,10171,1.0
14852,14395,10171,1.0
14853,8172,12001,1.0
14854,10874,12001,1.0
14855,11282,12001,1.0
14856,11573,12001,1.0
14857,11575,12001,1.0
14858,11589,12001,1.0
14859,11869,12001,1.0
14860,12004,12001,1.0
14861,12007,12001,1.0
14862,12009,12001,1.0
14863,12279,12001,1.0
14864,12282,12001,1.0
14865,12286,12001,2.0
14866,12425,12001,1.0
14867,12427,12001,1.0
14868,12430,12001,3.0
14869,12431,12001,1.0
14870,12567,12001,1.0
14871,12572,12001,1.0
14872,12709,12001,2.0
14873,13848,12001,1.0
14874,13854,12001,1.0
14875,8173,11305,1.0
14876,9603,11305,1.0
14877,9752,11305,1.0
14878,11006,11305,1.0
14879,11163,11305,5.0
14880,11165,11305,1.0
14881,11170,11305,1.0
14882,11286,11305,1.0
14883,11304,11305,3.0
14884,11308,11305,2.0
14885,11456,11305,1.0
14886,12308,11305,2.0
14887,12724,11305,3.0
14888,12872,11305,2.0
14889,13148,11305,3.0
14890,8174,8458,1.0
14891,9430,8458,1.0
14892,9741,8458,1.0
14893,9892,8458,1.0
14894,10170,8458,1.0
14895,12017,8458,1.0
14896,13302,8458,1.0
14897,8174,8746,1.0
14898,11148,8746,1.0
14899,11743,8746,1.0
14900,8174,9892,1.0
14901,8313,9892,3.0
14902,8460,9892,1.0
14903,9605,9892,1.0
14904,9752,9892,3.0
14905,9890,9892,1.0
14906,9893,9892,2.0
14907,10169,9892,1.0
14908,10460,9892,1.0
14909,10581,9892,1.0
14910,10878,9892,1.0
14911,10893,9892,1.0
14912,11313,9892,1.0
14913,11314,9892,1.0
14914,11453,9892,1.0
14915,8174,11735,1.0
14916,11594,11735,1.0
14917,12588,11735,1.0
14918,13432,11735,1.0
14919,14738,11735,1.0
14920,8175,11748,1.0
14921,10325,11748,1.0
14922,11034,11748,2.0
14923,11038,11748,1.0
14924,11162,11748,1.0
14925,11179,11748,1.0
14926,11604,11748,2.0
14927,11605,11748,1.0
14928,11606,11748,2.0
14929,11746,11748,1.0
14930,11747,11748,1.0
14931,8176,9711,1.0
14932,8316,9711,1.0
14933,9150,9711,2.0
14934,9427,9711,4.0
14935,9567,9711,1.0
14936,9573,9711,1.0
14937,9709,9711,2.0
14938,9712,9711,3.0
14939,9849,9711,1.0
14940,9853,9711,1.0
14941,9996,9711,3.0
14942,10138,9711,1.0
14943,10160,9711,1.0
14944,13023,9711,1.0
14945,8176,11294,1.0
14946,8274,11294,2.0
14947,8881,11294,1.0
14948,9853,11294,1.0
14949,10163,11294,1.0
14950,10164,11294,1.0
14951,10298,11294,1.0
14952,10852,11294,1.0
14953,11001,11294,1.0
14954,11152,11294,1.0
14955,11154,11294,1.0
14956,11292,11294,1.0
14957,12716,11294,1.0
14958,8177,8747,1.0
14959,8242,9531,1.0
14960,9536,9531,1.0
14961,8268,6561,1.0
14962,9893,6561,2.0
14963,8268,7253,1.0
14964,8268,7258,2.0
14965,8553,7258,1.0
14966,8980,7258,2.0
14967,8268,8242,1.0
14968,9531,8242,1.0
14969,8268,8407,1.0
14970,8551,8407,1.0
14971,8693,8407,1.0
14972,9119,8407,1.0
14973,10226,8407,1.0
14974,8268,8972,1.0
14975,8268,9388,3.0
14976,8695,9388,1.0
14977,10985,9388,2.0
14978,8268,9819,4.0
14979,8553,9819,1.0
14980,9536,9819,1.0
14981,10383,9819,1.0
14982,10540,9819,1.0
14983,8268,10960,2.0
14984,8838,10960,1.0
14985,13388,10960,1.0
14986,8268,11377,1.0
14987,8585,11377,1.0
14988,8829,11377,1.0
14989,11517,11377,2.0
14990,11519,11377,3.0
14991,11529,11377,1.0
14992,11809,11377,1.0
14993,8268,11389,1.0
14994,11107,11389,1.0
14995,11385,11389,1.0
14996,11432,11389,1.0
14997,11673,11389,1.0
14998,11815,11389,1.0
14999,8269,12526,1.0
15000,10286,12526,1.0
15001,11136,12526,1.0
15002,11245,12526,1.0
15003,11817,12526,3.0
15004,12527,12526,1.0
15005,12530,12526,1.0
15006,12668,12526,6.0
15007,12808,12526,2.0
15008,12952,12526,7.0
15009,13093,12526,1.0
15010,8269,13234,2.0
15011,12667,13234,1.0
15012,13934,13234,3.0
15013,13935,13234,1.0
15014,8270,9093,1.0
15015,8694,9093,1.0
15016,8814,9093,1.0
15017,9090,9093,2.0
15018,9099,9093,3.0
15019,8270,9691,1.0
15020,8284,9691,1.0
15021,8838,9691,1.0
15022,8983,9691,1.0
15023,10277,9691,2.0
15024,8272,13005,1.0
15025,12436,13005,1.0
15026,12575,13005,1.0
15027,12721,13005,1.0
15028,12724,13005,2.0
15029,12861,13005,1.0
15030,12862,13005,1.0
15031,13004,13005,1.0
15032,13009,13005,1.0
15033,13146,13005,1.0
15034,13853,13005,1.0
15035,13857,13005,1.0
15036,14137,13005,1.0
15037,18138,13005,1.0
15038,8273,10152,1.0
15039,8867,10152,1.0
15040,9568,10152,1.0
15041,9583,10152,2.0
15042,9590,10152,1.0
15043,9732,10152,2.0
15044,10006,10152,1.0
15045,10009,10152,2.0
15046,10011,10152,1.0
15047,10012,10152,1.0
15048,10150,10152,1.0
15049,10151,10152,5.0
15050,10153,10152,2.0
15051,10154,10152,1.0
15052,10155,10152,2.0
15053,10430,10152,1.0
15054,10578,10152,1.0
15055,10579,10152,1.0
15056,11004,10152,1.0
15057,11282,10152,1.0
15058,12845,10152,1.0
15059,12851,10152,1.0
15060,12964,10152,1.0
15061,12967,10152,1.0
15062,8274,13672,1.0
15063,13677,13672,1.0
15064,14114,13672,1.0
15065,8275,335,1.0
15066,8275,9683,1.0
15067,8412,9683,1.0
15068,8692,9683,1.0
15069,8972,9683,1.0
15070,9686,9683,1.0
15071,10385,9683,1.0
15072,8275,10000,1.0
15073,9428,10000,1.0
15074,9719,10000,1.0
15075,9857,10000,1.0
15076,9859,10000,1.0
15077,9888,10000,1.0
15078,9999,10000,2.0
15079,10137,10000,1.0
15080,10140,10000,1.0
15081,10143,10000,2.0
15082,10285,10000,1.0
15083,10426,10000,7.0
15084,10856,10000,2.0
15085,10990,10000,2.0
15086,10993,10000,1.0
15087,19273,10000,2.0
15088,8275,11401,1.0
15089,10258,11401,1.0
15090,10833,11401,2.0
15091,11117,11401,2.0
15092,11131,11401,1.0
15093,11259,11401,3.0
15094,11543,11401,2.0
15095,11580,11401,2.0
15096,11685,11401,3.0
15097,11698,11401,1.0
15098,11703,11401,1.0
15099,12395,11401,1.0
15100,16391,11401,1.0
15101,8277,9412,1.0
15102,8412,9412,1.0
15103,8415,9412,1.0
15104,9125,9412,1.0
15105,8278,8722,1.0
15106,8584,8722,1.0
15107,8864,8722,1.0
15108,8865,8722,4.0
15109,9005,8722,3.0
15110,9006,8722,1.0
15111,9414,8722,1.0
15112,9427,8722,1.0
15113,9430,8722,2.0
15114,9719,8722,1.0
15115,9996,8722,1.0
15116,10144,8722,1.0
15117,10569,8722,1.0
15118,10856,8722,1.0
15119,11997,8722,1.0
15120,8279,8420,1.0
15121,11108,8420,1.0
15122,11416,8420,1.0
15123,8279,9008,1.0
15124,9019,9008,1.0
15125,9151,9008,1.0
15126,9152,9008,2.0
15127,9569,9008,1.0
15128,9577,9008,1.0
15129,13422,9008,1.0
15130,14422,9008,1.0
15131,8279,9953,1.0
15132,8523,9953,1.0
15133,8696,9953,2.0
15134,8960,9953,1.0
15135,9099,9953,2.0
15136,8279,11105,1.0
15137,13932,11105,1.0
15138,8279,11743,1.0
15139,9605,11743,1.0
15140,10608,11743,2.0
15141,11309,11743,1.0
15142,11315,11743,2.0
15143,11458,11743,1.0
15144,11600,11743,9.0
15145,11601,11743,1.0
15146,11602,11743,1.0
15147,11742,11743,1.0
15148,11744,11743,2.0
15149,11745,11743,4.0
15150,11884,11743,1.0
15151,11885,11743,1.0
15152,11886,11743,8.0
15153,11887,11743,1.0
15154,12023,11743,1.0
15155,12029,11743,2.0
15156,12454,11743,1.0
15157,12740,11743,2.0
15158,14010,11743,1.0
15159,8279,12668,1.0
15160,8839,12668,1.0
15161,10148,12668,1.0
15162,11098,12668,1.0
15163,11389,12668,1.0
15164,11703,12668,1.0
15165,11745,12668,1.0
15166,11813,12668,1.0
15167,11956,12668,1.0
15168,12386,12668,3.0
15169,12419,12668,1.0
15170,12526,12668,11.0
15171,12528,12668,2.0
15172,12529,12668,3.0
15173,12530,12668,4.0
15174,12666,12668,4.0
15175,12667,12668,5.0
15176,12669,12668,2.0
15177,12808,12668,1.0
15178,12810,12668,6.0
15179,12811,12668,1.0
15180,12815,12668,1.0
15181,12948,12668,1.0
15182,12952,12668,3.0
15183,12954,12668,1.0
15184,12957,12668,1.0
15185,12964,12668,1.0
15186,13097,12668,2.0
15187,13374,12668,2.0
15188,13654,12668,2.0
15189,13932,12668,1.0
15190,14633,12668,1.0
15191,14659,12668,1.0
15192,8280,7125,1.0
15193,8281,8134,1.0
15194,8281,8979,1.0
15195,8554,8979,1.0
15196,8283,7431,1.0
15197,8284,10277,1.0
15198,9691,10277,1.0
15199,10854,10277,1.0
15200,11580,10277,1.0
15201,8291,8300,1.0
15202,8291,8721,1.0
15203,8584,8721,1.0
15204,8718,8721,1.0
15205,8725,8721,1.0
15206,9438,8721,1.0
15207,9450,8721,1.0
15208,8291,13122,1.0
15209,11983,13122,1.0
15210,12688,13122,1.0
15211,12978,13122,3.0
15212,12982,13122,1.0
15213,13264,13122,2.0
15214,13690,13122,1.0
15215,15381,13122,1.0
15216,8293,7300,1.0
15217,10137,7300,1.0
15218,12450,7300,1.0
15219,15416,7300,1.0
15220,8293,9149,1.0
15221,8584,9149,1.0
15222,8730,9149,1.0
15223,9157,9149,1.0
15224,11697,9149,1.0
15225,8294,9567,1.0
15226,9706,9567,1.0
15227,9711,9567,1.0
15228,9852,9567,2.0
15229,9853,9567,1.0
15230,10563,9567,2.0
15231,8296,9030,1.0
15232,8316,9030,1.0
15233,8881,9030,1.0
15234,9172,9030,6.0
15235,9174,9030,1.0
15236,9457,9030,2.0
15237,9458,9030,6.0
15238,9460,9030,1.0
15239,9597,9030,2.0
15240,9752,9030,2.0
15241,10447,9030,1.0
15242,10591,9030,1.0
15243,8297,12830,1.0
15244,11580,12830,1.0
15245,8297,12998,1.0
15246,10170,12998,1.0
15247,10280,12998,2.0
15248,12572,12998,2.0
15249,12851,12998,1.0
15250,12856,12998,1.0
15251,12999,12998,5.0
15252,13140,12998,4.0
15253,13280,12998,3.0
15254,15418,12998,1.0
15255,8302,8952,1.0
15256,9096,8952,1.0
15257,8304,11004,1.0
15258,10021,11004,1.0
15259,10294,11004,1.0
15260,10431,11004,1.0
15261,10579,11004,1.0
15262,10847,11004,2.0
15263,10862,11004,1.0
15264,11005,11004,2.0
15265,11146,11004,4.0
15266,8308,9016,1.0
15267,8729,9016,4.0
15268,9017,9016,1.0
15269,9147,9016,1.0
15270,9157,9016,1.0
15271,9581,9016,1.0
15272,9586,9016,1.0
15273,9719,9016,1.0
15274,9732,9016,1.0
15275,10006,9016,1.0
15276,10145,9016,1.0
15277,10149,9016,1.0
15278,10456,9016,1.0
15279,11298,9016,1.0
15280,11578,9016,1.0
15281,8309,13264,1.0
15282,9447,13264,1.0
15283,11566,13264,1.0
15284,12836,13264,2.0
15285,12838,13264,1.0
15286,12978,13264,1.0
15287,12979,13264,2.0
15288,13118,13264,2.0
15289,13401,13264,1.0
15290,13407,13264,4.0
15291,13855,13264,1.0
15292,14385,13264,1.0
15293,15243,13264,1.0
15294,16803,13264,1.0
15295,8310,8588,1.0
15296,8727,8588,1.0
15297,9865,8588,1.0
15298,8311,9595,1.0
15299,9580,9595,1.0
15300,9588,9595,2.0
15301,9999,9595,1.0
15302,10586,9595,3.0
15303,11025,9595,1.0
15304,11166,9595,3.0
15305,12286,9595,1.0
15306,13695,9595,1.0
15307,8312,10465,1.0
15308,9604,10465,2.0
15309,9605,10465,1.0
15310,10178,10465,2.0
15311,10320,10465,3.0
15312,10466,10465,2.0
15313,10468,10465,1.0
15314,10592,10465,1.0
15315,10607,10465,5.0
15316,10608,10465,3.0
15317,10887,10465,1.0
15318,11036,10465,1.0
15319,11176,10465,1.0
15320,11177,10465,1.0
15321,11296,10465,1.0
15322,11462,10465,1.0
15323,11747,10465,1.0
15324,12020,10465,1.0
15325,12442,10465,1.0
15326,12845,10465,1.0
15327,13143,10465,1.0
15328,8313,9167,2.0
15329,8314,9167,1.0
15330,8553,9167,1.0
15331,8584,9167,1.0
15332,8596,9167,1.0
15333,8599,9167,1.0
15334,8739,9167,1.0
15335,8878,9167,1.0
15336,8880,9167,1.0
15337,9019,9167,3.0
15338,9020,9167,1.0
15339,9021,9167,1.0
15340,9024,9167,2.0
15341,9160,9167,1.0
15342,9166,9167,1.0
15343,9173,9167,1.0
15344,9450,9167,2.0
15345,9451,9167,4.0
15346,9452,9167,2.0
15347,9584,9167,2.0
15348,9591,9167,1.0
15349,9729,9167,2.0
15350,9732,9167,1.0
15351,9995,9167,1.0
15352,10437,9167,1.0
15353,10576,9167,1.0
15354,10850,9167,1.0
15355,10992,9167,2.0
15356,11293,9167,1.0
15357,11727,9167,1.0
15358,15132,9167,1.0
15359,8313,9168,1.0
15360,8741,9168,1.0
15361,8837,9168,1.0
15362,8876,9168,1.0
15363,9162,9168,1.0
15364,9164,9168,1.0
15365,9450,9168,1.0
15366,9735,9168,1.0
15367,10298,9168,1.0
15368,10466,9168,1.0
15369,10871,9168,1.0
15370,8313,11428,1.0
15371,9574,11428,1.0
15372,9728,11428,1.0
15373,11142,11428,2.0
15374,11143,11428,2.0
15375,11285,11428,2.0
15376,11286,11428,4.0
15377,11440,11428,1.0
15378,11708,11428,1.0
15379,11711,11428,1.0
15380,11853,11428,1.0
15381,12277,11428,1.0
15382,8313,11736,1.0
15383,11575,11736,1.0
15384,11594,11736,3.0
15385,11598,11736,1.0
15386,11738,11736,1.0
15387,11745,11736,1.0
15388,11878,11736,3.0
15389,12011,11736,2.0
15390,12021,11736,2.0
15391,12434,11736,1.0
15392,12445,11736,1.0
15393,12725,11736,1.0
15394,12876,11736,1.0
15395,13437,11736,1.0
15396,8313,12446,1.0
15397,9605,12446,1.0
15398,10589,12446,1.0
15399,11301,12446,1.0
15400,11308,12446,1.0
15401,11309,12446,1.0
15402,11314,12446,1.0
15403,11316,12446,1.0
15404,11444,12446,1.0
15405,11448,12446,1.0
15406,11452,12446,2.0
15407,11705,12446,1.0
15408,11848,12446,1.0
15409,11876,12446,1.0
15410,11878,12446,1.0
15411,11890,12446,1.0
15412,12013,12446,1.0
15413,12020,12446,2.0
15414,12021,12446,1.0
15415,12030,12446,1.0
15416,12304,12446,2.0
15417,12305,12446,1.0
15418,12308,12446,1.0
15419,12432,12446,1.0
15420,12443,12446,2.0
15421,12445,12446,1.0
15422,12447,12446,2.0
15423,12448,12446,3.0
15424,12450,12446,2.0
15425,12451,12446,1.0
15426,12454,12446,2.0
15427,12575,12446,1.0
15428,12585,12446,1.0
15429,12588,12446,1.0
15430,12589,12446,1.0
15431,12590,12446,4.0
15432,12591,12446,1.0
15433,12732,12446,2.0
15434,12835,12446,1.0
15435,12844,12446,1.0
15436,12853,12446,1.0
15437,12858,12446,1.0
15438,12870,12446,1.0
15439,12871,12446,1.0
15440,12872,12446,1.0
15441,13014,12446,2.0
15442,13016,12446,1.0
15443,13159,12446,1.0
15444,13161,12446,1.0
15445,13430,12446,1.0
15446,13440,12446,1.0
15447,13716,12446,1.0
15448,13727,12446,1.0
15449,13879,12446,1.0
15450,14012,12446,1.0
15451,14279,12446,1.0
15452,14289,12446,1.0
15453,14292,12446,1.0
15454,14375,12446,1.0
15455,14575,12446,1.0
15456,14581,12446,1.0
15457,14592,12446,1.0
15458,14716,12446,1.0
15459,14954,12446,1.0
15460,14999,12446,1.0
15461,15132,12446,1.0
15462,15257,12446,1.0
15463,15396,12446,1.0
15464,15704,12446,1.0
15465,16391,12446,1.0
15466,17318,12446,1.0
15467,8314,10447,1.0
15468,8744,10447,2.0
15469,9030,10447,1.0
15470,9888,10447,1.0
15471,10004,10447,1.0
15472,10305,10447,1.0
15473,10446,10447,1.0
15474,10449,10447,1.0
15475,10589,10447,1.0
15476,10863,10447,1.0
15477,11437,10447,1.0
15478,8314,11725,1.0
15479,9605,11725,1.0
15480,9745,11725,2.0
15481,9746,11725,1.0
15482,9886,11725,1.0
15483,10449,11725,1.0
15484,10880,11725,1.0
15485,10994,11725,1.0
15486,11442,11725,2.0
15487,11723,11725,1.0
15488,11724,11725,1.0
15489,11865,11725,1.0
15490,12007,11725,1.0
15491,12009,11725,2.0
15492,12288,11725,1.0
15493,12297,11725,1.0
15494,14279,11725,1.0
15495,8314,12853,2.0
15496,12288,12853,1.0
15497,12851,12853,1.0
15498,12997,12853,1.0
15499,13004,12853,1.0
15500,13716,12853,1.0
15501,14125,12853,4.0
15502,8314,13690,1.0
15503,10143,13690,1.0
15504,10149,13690,1.0
15505,11560,13690,1.0
15506,11841,13690,1.0
15507,11861,13690,1.0
15508,12019,13690,1.0
15509,12693,13690,1.0
15510,12838,13690,2.0
15511,13122,13690,2.0
15512,13265,13690,1.0
15513,13406,13690,1.0
15514,13408,13690,2.0
15515,13413,13690,1.0
15516,13418,13690,1.0
15517,13677,13690,1.0
15518,13686,13690,1.0
15519,13687,13690,2.0
15520,13688,13690,1.0
15521,13689,13690,1.0
15522,13694,13690,3.0
15523,13820,13690,1.0
15524,13828,13690,1.0
15525,13831,13690,1.0
15526,13835,13690,5.0
15527,13970,13690,3.0
15528,13972,13690,1.0
15529,13974,13690,1.0
15530,13975,13690,2.0
15531,13976,13690,1.0
15532,13977,13690,1.0
15533,13979,13690,1.0
15534,14112,13690,1.0
15535,14252,13690,1.0
15536,14271,13690,1.0
15537,14538,13690,1.0
15538,14540,13690,1.0
15539,14688,13690,2.0
15540,8314,14560,1.0
15541,8735,14560,1.0
15542,9017,14560,1.0
15543,11418,14560,1.0
15544,12577,14560,1.0
15545,13150,14560,1.0
15546,13291,14560,1.0
15547,13689,14560,1.0
15548,14154,14560,1.0
15549,14691,14560,1.0
15550,15547,14560,1.0
15551,15711,14560,1.0
15552,16542,14560,1.0
15553,16680,14560,1.0
15554,17268,14560,1.0
15555,8315,9600,1.0
15556,9031,9600,2.0
15557,9452,9600,2.0
15558,9599,9600,4.0
15559,9738,9600,2.0
15560,10024,9600,1.0
15561,10452,9600,1.0
15562,10870,9600,1.0
15563,10884,9600,1.0
15564,10990,9600,1.0
15565,11164,9600,1.0
15566,11861,9600,1.0
15567,12740,9600,1.0
15568,8315,10297,1.0
15569,8879,10297,1.0
15570,9143,10297,1.0
15571,9174,10297,2.0
15572,9604,10297,1.0
15573,9719,10297,1.0
15574,10015,10297,1.0
15575,10030,10297,1.0
15576,10138,10297,1.0
15577,10140,10297,1.0
15578,10857,10297,2.0
15579,10866,10297,1.0
15580,11019,10297,1.0
15581,11316,10297,1.0
15582,11440,10297,1.0
15583,14127,10297,1.0
15584,21013,10297,2.0
15585,8316,8601,1.0
15586,8456,8601,1.0
15587,8460,8601,1.0
15588,8461,8601,1.0
15589,8602,8601,1.0
15590,8603,8601,1.0
15591,8744,8601,1.0
15592,8886,8601,1.0
15593,9028,8601,1.0
15594,9451,8601,1.0
15595,9604,8601,1.0
15596,9745,8601,1.0
15597,9883,8601,1.0
15598,9888,8601,2.0
15599,10315,8601,1.0
15600,10591,8601,1.0
15601,11437,8601,2.0
15602,8316,9736,1.0
15603,8453,9736,1.0
15604,8599,9736,2.0
15605,9164,9736,1.0
15606,9586,9736,1.0
15607,9594,9736,2.0
15608,9596,9736,1.0
15609,9718,9736,1.0
15610,9727,9736,1.0
15611,9729,9736,1.0
15612,9879,9736,2.0
15613,10029,9736,1.0
15614,14000,9736,1.0
15615,14706,9736,1.0
15616,8317,7600,1.0
15617,8450,7600,2.0
15618,8459,7600,1.0
15619,8317,8869,1.0
15620,8584,8869,1.0
15621,8865,8869,1.0
15622,8867,8869,2.0
15623,8868,8869,2.0
15624,9011,8869,1.0
15625,9575,8869,1.0
15626,9581,8869,1.0
15627,9719,8869,1.0
15628,8317,9156,1.0
15629,9157,9156,1.0
15630,9436,9156,1.0
15631,9440,9156,1.0
15632,9579,9156,3.0
15633,9584,9156,2.0
15634,9719,9156,1.0
15635,8317,9460,1.0
15636,9172,9460,2.0
15637,10022,9460,1.0
15638,10444,9460,1.0
15639,10873,9460,1.0
15640,12435,9460,1.0
15641,12857,9460,1.0
15642,8317,11460,1.0
15643,9006,11460,2.0
15644,9596,11460,1.0
15645,9605,11460,1.0
15646,10036,11460,1.0
15647,10170,11460,1.0
15648,10181,11460,4.0
15649,10315,11460,1.0
15650,10317,11460,1.0
15651,10318,11460,1.0
15652,10447,11460,1.0
15653,10461,11460,1.0
15654,10463,11460,1.0
15655,10465,11460,1.0
15656,10467,11460,3.0
15657,10581,11460,2.0
15658,10605,11460,1.0
15659,10887,11460,1.0
15660,10893,11460,2.0
15661,10894,11460,1.0
15662,11029,11460,1.0
15663,11035,11460,1.0
15664,11036,11460,1.0
15665,11162,11460,1.0
15666,11170,11460,1.0
15667,11173,11460,6.0
15668,11174,11460,1.0
15669,11176,11460,1.0
15670,11308,11460,3.0
15671,11309,11460,1.0
15672,11314,11460,1.0
15673,11317,11460,3.0
15674,11319,11460,1.0
15675,11320,11460,2.0
15676,11321,11460,1.0
15677,11456,11460,1.0
15678,11457,11460,1.0
15679,11458,11460,1.0
15680,11459,11460,2.0
15681,11461,11460,2.0
15682,11462,11460,2.0
15683,11593,11460,1.0
15684,11600,11460,2.0
15685,11602,11460,1.0
15686,11604,11460,2.0
15687,11605,11460,1.0
15688,11737,11460,1.0
15689,11742,11460,2.0
15690,11745,11460,1.0
15691,11746,11460,1.0
15692,11747,11460,3.0
15693,11983,11460,1.0
15694,12015,11460,1.0
15695,12303,11460,1.0
15696,12308,11460,3.0
15697,12311,11460,1.0
15698,12446,11460,1.0
15699,12595,11460,1.0
15700,12598,11460,1.0
15701,12715,11460,2.0
15702,12740,11460,1.0
15703,12742,11460,2.0
15704,12874,11460,1.0
15705,13146,11460,1.0
15706,13298,11460,1.0
15707,13878,11460,1.0
15708,8319,11156,1.0
15709,8598,11156,1.0
15710,8739,11156,1.0
15711,9605,11156,1.0
15712,9746,11156,1.0
15713,9893,11156,1.0
15714,10024,11156,1.0
15715,10162,11156,1.0
15716,10444,11156,1.0
15717,10603,11156,1.0
15718,11010,11156,1.0
15719,11015,11156,1.0
15720,11135,11156,1.0
15721,11150,11156,1.0
15722,11154,11156,3.0
15723,11157,11156,1.0
15724,11298,11156,2.0
15725,11313,11156,1.0
15726,11719,11156,1.0
15727,11747,11156,1.0
15728,12020,11156,1.0
15729,12724,11156,2.0
15730,14955,11156,1.0
15731,8320,7035,1.0
15732,8394,9100,1.0
15733,9522,9100,1.0
15734,8394,9386,2.0
15735,9093,9386,3.0
15736,9098,9386,3.0
15737,9099,9386,1.0
15738,9100,9386,1.0
15739,9128,9386,1.0
15740,9383,9386,1.0
15741,8407,10226,1.0
15742,9383,10226,1.0
15743,8409,8259,1.0
15744,8409,8530,1.0
15745,8957,8530,1.0
15746,9383,8530,1.0
15747,9540,8530,1.0
15748,10540,8530,1.0
15749,8409,9667,2.0
15750,9099,9667,1.0
15751,8410,7706,1.0
15752,8410,9404,1.0
15753,9402,9404,2.0
15754,8410,10419,1.0
15755,9564,10419,1.0
15756,9712,10419,2.0
15757,9849,10419,1.0
15758,9850,10419,1.0
15759,10138,10419,2.0
15760,10140,10419,1.0
15761,12729,10419,1.0
15762,8410,12020,1.0
15763,10307,12020,1.0
15764,10465,12020,1.0
15765,11455,12020,1.0
15766,11697,12020,1.0
15767,11723,12020,1.0
15768,11734,12020,1.0
15769,11737,12020,2.0
15770,11857,12020,1.0
15771,11873,12020,1.0
15772,11879,12020,1.0
15773,11882,12020,2.0
15774,12023,12020,2.0
15775,12304,12020,1.0
15776,12306,12020,1.0
15777,12441,12020,1.0
15778,12445,12020,1.0
15779,12446,12020,1.0
15780,12447,12020,1.0
15781,12454,12020,1.0
15782,12458,12020,1.0
15783,12586,12020,1.0
15784,12590,12020,1.0
15785,12740,12020,1.0
15786,12845,12020,1.0
15787,12875,12020,1.0
15788,13148,12020,1.0
15789,13296,12020,1.0
15790,13408,12020,1.0
15791,13456,12020,1.0
15792,14439,12020,1.0
15793,15417,12020,1.0
15794,17523,12020,1.0
15795,19310,12020,1.0
15796,8412,8700,1.0
15797,8418,8700,1.0
15798,8551,8700,3.0
15799,8839,8700,2.0
15800,8980,8700,2.0
15801,8412,9122,1.0
15802,8695,9122,2.0
15803,8838,9122,2.0
15804,8412,9408,1.0
15805,9124,9408,2.0
15806,9126,9408,2.0
15807,8413,9686,1.0
15808,8837,9686,1.0
15809,9383,9686,1.0
15810,8413,13145,1.0
15811,9571,13145,1.0
15812,10433,13145,1.0
15813,11023,13145,1.0
15814,11024,13145,1.0
15815,11308,13145,2.0
15816,11575,13145,1.0
15817,11868,13145,1.0
15818,11983,13145,1.0
15819,12293,13145,2.0
15820,12300,13145,1.0
15821,12435,13145,1.0
15822,12449,13145,1.0
15823,12550,13145,1.0
15824,12577,13145,2.0
15825,12715,13145,1.0
15826,12861,13145,2.0
15827,13000,13145,1.0
15828,13001,13145,1.0
15829,13021,13145,1.0
15830,13128,13145,1.0
15831,13143,13145,3.0
15832,13150,13145,2.0
15833,13410,13145,1.0
15834,13432,13145,1.0
15835,13711,13145,1.0
15836,13715,13145,1.0
15837,13855,13145,1.0
15838,14164,13145,1.0
15839,15417,13145,1.0
15840,17810,13145,1.0
15841,18992,13145,1.0
15842,8414,8557,2.0
15843,8418,8557,3.0
15844,8838,8557,1.0
15845,8414,8713,1.0
15846,8414,9123,1.0
15847,8554,9123,1.0
15848,8838,9123,1.0
15849,8414,12574,1.0
15850,11282,12574,1.0
15851,11585,12574,1.0
15852,11736,12574,1.0
15853,11861,12574,1.0
15854,11983,12574,1.0
15855,12283,12574,2.0
15856,12292,12574,1.0
15857,12432,12574,1.0
15858,12435,12574,1.0
15859,12575,12574,4.0
15860,12579,12574,2.0
15861,12716,12574,4.0
15862,12858,12574,1.0
15863,12859,12574,1.0
15864,12999,12574,1.0
15865,13143,12574,1.0
15866,14271,12574,1.0
15867,8414,13932,1.0
15868,8836,13932,1.0
15869,9712,13932,1.0
15870,12668,13932,1.0
15871,12952,13932,4.0
15872,13374,13932,1.0
15873,13654,13932,1.0
15874,13793,13932,4.0
15875,13794,13932,1.0
15876,13930,13932,1.0
15877,13931,13932,3.0
15878,13934,13932,2.0
15879,14075,13932,2.0
15880,14216,13932,1.0
15881,14923,13932,1.0
15882,14924,13932,1.0
15883,15078,13932,1.0
15884,8414,14411,1.0
15885,11706,14411,1.0
15886,13983,14411,1.0
15887,14267,14411,1.0
15888,14268,14411,3.0
15889,14273,14411,1.0
15890,14292,14411,1.0
15891,14410,14411,3.0
15892,14413,14411,2.0
15893,14416,14411,1.0
15894,14553,14411,2.0
15895,14555,14411,2.0
15896,14708,14411,1.0
15897,14983,14411,1.0
15898,15114,14411,1.0
15899,15116,14411,1.0
15900,15122,14411,1.0
15901,15541,14411,1.0
15902,15822,14411,1.0
15903,16799,14411,1.0
15904,8415,9558,1.0
15905,8417,9558,1.0
15906,9994,9558,1.0
15907,9997,9558,1.0
15908,8416,8550,1.0
15909,8551,8550,1.0
15910,8558,8550,1.0
15911,8691,8550,1.0
15912,8695,8550,1.0
15913,8696,8550,1.0
15914,8835,8550,2.0
15915,8417,7414,1.0
15916,8983,7414,1.0
15917,8417,9403,2.0
15918,8554,9403,1.0
15919,8417,10146,1.0
15920,8865,10146,1.0
15921,9430,10146,1.0
15922,9718,10146,4.0
15923,9719,10146,3.0
15924,9723,10146,1.0
15925,9859,10146,1.0
15926,9860,10146,1.0
15927,9861,10146,1.0
15928,9884,10146,1.0
15929,9998,10146,1.0
15930,10002,10146,1.0
15931,10003,10146,2.0
15932,10004,10146,3.0
15933,10005,10146,1.0
15934,10139,10146,1.0
15935,10143,10146,1.0
15936,10145,10146,4.0
15937,10147,10146,2.0
15938,10149,10146,1.0
15939,10152,10146,1.0
15940,10153,10146,1.0
15941,10285,10146,2.0
15942,10288,10146,2.0
15943,10431,10146,1.0
15944,10434,10146,1.0
15945,10573,10146,1.0
15946,10575,10146,2.0
15947,10579,10146,1.0
15948,10853,10146,2.0
15949,11277,10146,1.0
15950,11282,10146,1.0
15951,11285,10146,1.0
15952,12277,10146,1.0
15953,12457,10146,1.0
15954,12721,10146,1.0
15955,8419,7391,1.0
15956,9099,7391,1.0
15957,8419,9535,1.0
15958,8419,9881,2.0
15959,9452,9881,2.0
15960,9456,9881,1.0
15961,9604,9881,1.0
15962,9737,9881,1.0
15963,9739,9881,1.0
15964,9740,9881,4.0
15965,9741,9881,1.0
15966,9746,9881,1.0
15967,9749,9881,2.0
15968,9879,9881,2.0
15969,9880,9881,1.0
15970,9883,9881,1.0
15971,9886,9881,1.0
15972,9893,9881,1.0
15973,10021,9881,2.0
15974,10023,9881,2.0
15975,10024,9881,3.0
15976,10026,9881,1.0
15977,10030,9881,1.0
15978,10311,9881,1.0
15979,10443,9881,2.0
15980,10448,9881,2.0
15981,10449,9881,1.0
15982,11018,9881,1.0
15983,11140,9881,1.0
15984,11151,9881,1.0
15985,11886,9881,1.0
15986,8419,14375,1.0
15987,8561,14375,1.0
15988,12446,14375,1.0
15989,13392,14375,1.0
15990,14233,14375,1.0
15991,14377,14375,2.0
15992,8421,10571,1.0
15993,9166,10571,1.0
15994,10429,10571,1.0
15995,10856,10571,2.0
15996,11140,10571,3.0
15997,8423,8564,1.0
15998,8423,9414,1.0
15999,8551,9414,1.0
16000,9126,9414,1.0
16001,8423,9540,1.0
16002,8829,9540,1.0
16003,8830,9540,1.0
16004,8833,9540,2.0
16005,8839,9540,1.0
16006,8968,9540,1.0
16007,11252,9540,1.0
16008,8428,9161,1.0
16009,8736,9161,1.0
16010,8876,9161,1.0
16011,8877,9161,1.0
16012,9018,9161,3.0
16013,9019,9161,1.0
16014,9159,9161,1.0
16015,9160,9161,2.0
16016,9162,9161,13.0
16017,9164,9161,1.0
16018,9584,9161,2.0
16019,9587,9161,4.0
16020,9604,9161,1.0
16021,9709,9161,1.0
16022,10149,9161,2.0
16023,11432,9161,1.0
16024,11983,9161,2.0
16025,8428,10564,1.0
16026,8860,10564,1.0
16027,9605,10564,1.0
16028,9749,10564,1.0
16029,9996,10564,3.0
16030,10279,10564,2.0
16031,10566,10564,1.0
16032,10569,10564,1.0
16033,10848,10564,1.0
16034,10856,10564,3.0
16035,10990,10564,1.0
16036,11140,10564,1.0
16037,11685,10564,1.0
16038,12267,10564,1.0
16039,8428,10991,2.0
16040,9605,10991,1.0
16041,10851,10991,1.0
16042,10990,10991,1.0
16043,10995,10991,1.0
16044,11136,10991,1.0
16045,11418,10991,2.0
16046,8428,12527,1.0
16047,12244,12527,1.0
16048,12395,12527,1.0
16049,12528,12527,2.0
16050,12529,12527,2.0
16051,12952,12527,3.0
16052,13238,12527,1.0
16053,13934,12527,2.0
16054,8436,9145,1.0
16055,8447,9145,6.0
16056,9000,9145,1.0
16057,9430,9145,1.0
16058,9583,9145,1.0
16059,10566,9145,1.0
16060,11164,9145,1.0
16061,12275,9145,1.0
16062,8436,9154,1.0
16063,8585,9154,1.0
16064,8737,9154,1.0
16065,8867,9154,1.0
16066,8872,9154,1.0
16067,9011,9154,1.0
16068,9013,9154,1.0
16069,9151,9154,3.0
16070,9153,9154,2.0
16071,9155,9154,1.0
16072,9434,9154,2.0
16073,9435,9154,1.0
16074,9436,9154,1.0
16075,9439,9154,1.0
16076,9440,9154,2.0
16077,9575,9154,3.0
16078,9581,9154,1.0
16079,9712,9154,1.0
16080,9719,9154,2.0
16081,11142,9154,1.0
16082,11306,9154,1.0
16083,13932,9154,1.0
16084,8436,9437,2.0
16085,8867,9437,1.0
16086,9009,9437,1.0
16087,9013,9437,1.0
16088,9575,9437,1.0
16089,9856,9437,1.0
16090,9877,9437,1.0
16091,10569,9437,1.0
16092,10856,9437,1.0
16093,10878,9437,1.0
16094,11866,9437,1.0
16095,8436,10084,1.0
16096,9099,10084,1.0
16097,9525,10084,1.0
16098,10085,10084,1.0
16099,8440,8158,1.0
16100,9430,8158,1.0
16101,9603,8158,1.0
16102,8447,6727,2.0
16103,8447,7153,2.0
16104,8447,9590,1.0
16105,9019,9590,2.0
16106,9162,9590,1.0
16107,9164,9590,4.0
16108,9592,9590,1.0
16109,9594,9590,1.0
16110,9605,9590,1.0
16111,9735,9590,1.0
16112,9858,9590,1.0
16113,10029,9590,1.0
16114,10152,9590,1.0
16115,10443,9590,3.0
16116,10849,9590,1.0
16117,11450,9590,1.0
16118,11459,9590,1.0
16119,13860,9590,1.0
16120,8447,10432,1.0
16121,8880,10432,1.0
16122,10287,10432,2.0
16123,10291,10432,1.0
16124,10433,10432,3.0
16125,10576,10432,1.0
16126,10859,10432,1.0
16127,8450,9158,1.0
16128,8723,9158,1.0
16129,8733,9158,1.0
16130,8736,9158,2.0
16131,9011,9158,1.0
16132,9018,9158,2.0
16133,9019,9158,2.0
16134,9149,9158,1.0
16135,9157,9158,7.0
16136,9159,9158,1.0
16137,9164,9158,1.0
16138,9583,9158,1.0
16139,9584,9158,2.0
16140,9585,9158,2.0
16141,9586,9158,1.0
16142,9726,9158,1.0
16143,9869,9158,1.0
16144,11426,9158,1.0
16145,11700,9158,1.0
16146,8451,10151,1.0
16147,9451,10151,1.0
16148,9581,10151,1.0
16149,9719,10151,1.0
16150,9865,10151,1.0
16151,9872,10151,1.0
16152,10009,10151,3.0
16153,10143,10151,1.0
16154,10149,10151,3.0
16155,10150,10151,1.0
16156,10152,10151,4.0
16157,10154,10151,1.0
16158,10160,10151,1.0
16159,10163,10151,1.0
16160,10294,10151,5.0
16161,10572,10151,2.0
16162,10576,10151,1.0
16163,11007,10151,1.0
16164,11143,10151,2.0
16165,11289,10151,1.0
16166,11973,10151,1.0
16167,11996,10151,1.0
16168,13015,10151,1.0
16169,8451,11017,1.0
16170,9604,11017,1.0
16171,9879,11017,1.0
16172,9881,11017,1.0
16173,10028,11017,1.0
16174,10030,11017,2.0
16175,10153,11017,1.0
16176,10157,11017,1.0
16177,10158,11017,1.0
16178,10161,11017,1.0
16179,10309,11017,1.0
16180,10311,11017,3.0
16181,10591,11017,2.0
16182,10867,11017,1.0
16183,10874,11017,2.0
16184,10875,11017,1.0
16185,10887,11017,1.0
16186,11014,11017,1.0
16187,11016,11017,2.0
16188,11018,11017,2.0
16189,11025,11017,1.0
16190,11157,11017,3.0
16191,11159,11017,1.0
16192,11164,11017,1.0
16193,11451,11017,2.0
16194,11585,11017,2.0
16195,11722,11017,1.0
16196,11724,11017,1.0
16197,11871,11017,2.0
16198,12009,11017,1.0
16199,14697,11017,2.0
16200,15416,11017,1.0
16201,8452,8735,2.0
16202,8585,8735,1.0
16203,8592,8735,1.0
16204,8593,8735,6.0
16205,8736,8735,2.0
16206,8876,8735,5.0
16207,8878,8735,2.0
16208,8879,8735,1.0
16209,9020,8735,2.0
16210,9443,8735,1.0
16211,9586,8735,1.0
16212,9587,8735,1.0
16213,10021,8735,2.0
16214,10309,8735,1.0
16215,11146,8735,1.0
16216,11290,8735,1.0
16217,14560,8735,1.0
16218,8452,9449,1.0
16219,9174,9449,1.0
16220,9444,9449,1.0
16221,9591,9449,1.0
16222,13711,9449,1.0
16223,8452,9865,1.0
16224,9017,9865,1.0
16225,9438,9865,1.0
16226,9719,9865,2.0
16227,9723,9865,2.0
16228,9724,9865,3.0
16229,9728,9865,1.0
16230,9857,9865,1.0
16231,9861,9865,1.0
16232,9864,9865,2.0
16233,9867,9865,2.0
16234,10003,9865,2.0
16235,10006,9865,2.0
16236,10007,9865,3.0
16237,10010,9865,1.0
16238,10029,9865,1.0
16239,10146,9865,1.0
16240,10148,9865,1.0
16241,10433,9865,1.0
16242,10574,9865,1.0
16243,11131,9865,1.0
16244,11282,9865,1.0
16245,11580,9865,1.0
16246,15159,9865,1.0
16247,8452,13677,1.0
16248,9166,13677,1.0
16249,10140,13677,1.0
16250,10848,13677,1.0
16251,11131,13677,1.0
16252,11138,13677,2.0
16253,11580,13677,2.0
16254,11843,13677,1.0
16255,11980,13677,1.0
16256,11983,13677,1.0
16257,12011,13677,1.0
16258,12697,13677,1.0
16259,12835,13677,1.0
16260,12838,13677,1.0
16261,12974,13677,1.0
16262,12977,13677,1.0
16263,13108,13677,1.0
16264,13130,13677,2.0
16265,13245,13677,3.0
16266,13251,13677,1.0
16267,13262,13677,1.0
16268,13388,13677,1.0
16269,13390,13677,2.0
16270,13392,13677,6.0
16271,13393,13677,4.0
16272,13394,13677,1.0
16273,13395,13677,1.0
16274,13408,13677,1.0
16275,13678,13677,6.0
16276,13682,13677,1.0
16277,13690,13677,2.0
16278,13820,13677,9.0
16279,13821,13677,3.0
16280,13822,13677,1.0
16281,13829,13677,1.0
16282,13956,13677,1.0
16283,13958,13677,1.0
16284,13974,13677,1.0
16285,14102,13677,1.0
16286,14108,13677,2.0
16287,14132,13677,1.0
16288,14239,13677,2.0
16289,14375,13677,1.0
16290,14384,13677,1.0
16291,14385,13677,1.0
16292,14386,13677,2.0
16293,14398,13677,1.0
16294,14426,13677,1.0
16295,14531,13677,4.0
16296,14533,13677,1.0
16297,14540,13677,1.0
16298,14953,13677,1.0
16299,15115,13677,1.0
16300,15257,13677,1.0
16301,15701,13677,1.0
16302,15704,13677,1.0
16303,16667,13677,1.0
16304,17368,13677,1.0
16305,8453,8449,1.0
16306,8603,8449,1.0
16307,9021,8449,1.0
16308,9857,8449,1.0
16309,8453,11999,1.0
16310,9003,11999,1.0
16311,9991,11999,1.0
16312,10153,11999,1.0
16313,10444,11999,1.0
16314,11579,11999,1.0
16315,12001,11999,1.0
16316,12283,11999,3.0
16317,13428,11999,1.0
16318,13841,11999,1.0
16319,15121,11999,1.0
16320,8454,9597,1.0
16321,8599,9597,1.0
16322,8744,9597,2.0
16323,8865,9597,1.0
16324,8880,9597,1.0
16325,9030,9597,2.0
16326,9452,9597,1.0
16327,9592,9597,1.0
16328,9598,9597,1.0
16329,9599,9597,2.0
16330,9604,9597,1.0
16331,9882,9597,1.0
16332,10451,9597,1.0
16333,11147,9597,1.0
16334,12873,9597,1.0
16335,8455,9721,1.0
16336,9428,9721,1.0
16337,9583,9721,1.0
16338,9584,9721,1.0
16339,9718,9721,2.0
16340,9719,9721,2.0
16341,9722,9721,1.0
16342,9997,9721,1.0
16343,10144,9721,1.0
16344,10859,9721,1.0
16345,8455,9874,1.0
16346,9021,9874,1.0
16347,9164,9874,1.0
16348,9591,9874,1.0
16349,9592,9874,2.0
16350,9731,9874,1.0
16351,10015,9874,1.0
16352,10017,9874,1.0
16353,10157,9874,1.0
16354,10445,9874,2.0
16355,10587,9874,1.0
16356,11010,9874,1.0
16357,11146,9874,1.0
16358,14414,9874,1.0
16359,8455,11012,1.0
16360,9450,11012,1.0
16361,9594,11012,1.0
16362,10169,11012,1.0
16363,10442,11012,2.0
16364,10586,11012,1.0
16365,10589,11012,1.0
16366,10870,11012,3.0
16367,11010,11012,1.0
16368,11011,11012,1.0
16369,11013,11012,1.0
16370,11014,11012,1.0
16371,11015,11012,1.0
16372,11151,11012,1.0
16373,11287,11012,2.0
16374,11298,11012,4.0
16375,11437,11012,2.0
16376,11450,11012,1.0
16377,11582,11012,2.0
16378,11864,11012,1.0
16379,11869,11012,1.0
16380,12288,11012,1.0
16381,12425,11012,1.0
16382,13994,11012,1.0
16383,15541,11012,1.0
16384,8455,11448,1.0
16385,9746,11448,1.0
16386,10598,11448,1.0
16387,10606,11448,1.0
16388,11035,11448,1.0
16389,11147,11448,1.0
16390,11157,11448,1.0
16391,11159,11448,1.0
16392,11163,11448,2.0
16393,11164,11448,3.0
16394,11304,11448,1.0
16395,11305,11448,3.0
16396,11306,11448,1.0
16397,11307,11448,2.0
16398,11308,11448,1.0
16399,11311,11448,3.0
16400,11446,11448,1.0
16401,11447,11448,1.0
16402,11584,11448,1.0
16403,11589,11448,1.0
16404,11590,11448,2.0
16405,11720,11448,1.0
16406,11730,11448,1.0
16407,11872,11448,1.0
16408,12296,11448,1.0
16409,12298,11448,2.0
16410,12299,11448,1.0
16411,12300,11448,1.0
16412,12443,11448,2.0
16413,12862,11448,1.0
16414,13008,11448,1.0
16415,13018,11448,1.0
16416,13289,11448,1.0
16417,13714,11448,1.0
16418,13719,11448,1.0
16419,14958,11448,1.0
16420,15131,11448,1.0
16421,17013,11448,1.0
16422,8455,12528,1.0
16423,8982,12528,1.0
16424,10966,12528,1.0
16425,11107,12528,3.0
16426,11130,12528,1.0
16427,11251,12528,2.0
16428,11393,12528,1.0
16429,11704,12528,1.0
16430,12262,12528,1.0
16431,12392,12528,1.0
16432,12519,12528,1.0
16433,12522,12528,1.0
16434,12526,12528,1.0
16435,12529,12528,1.0
16436,12530,12528,1.0
16437,12668,12528,2.0
16438,12669,12528,1.0
16439,12810,12528,4.0
16440,12827,12528,1.0
16441,13237,12528,2.0
16442,13393,12528,1.0
16443,13955,12528,1.0
16444,15347,12528,1.0
16445,8456,9860,1.0
16446,9605,9860,1.0
16447,9859,9860,1.0
16448,10002,9860,2.0
16449,10291,9860,1.0
16450,10569,9860,1.0
16451,11709,9860,2.0
16452,8456,10005,1.0
16453,8839,10005,1.0
16454,9719,10005,1.0
16455,9739,10005,1.0
16456,9864,10005,2.0
16457,10145,10005,1.0
16458,10147,10005,2.0
16459,10148,10005,1.0
16460,10149,10005,1.0
16461,10165,10005,1.0
16462,10567,10005,1.0
16463,10851,10005,1.0
16464,10994,10005,2.0
16465,11273,10005,1.0
16466,8456,11447,1.0
16467,10030,11447,1.0
16468,10139,11447,1.0
16469,10306,11447,1.0
16470,11153,11447,1.0
16471,11166,11447,2.0
16472,11309,11447,1.0
16473,11310,11447,1.0
16474,11319,11447,2.0
16475,11434,11447,1.0
16476,11436,11447,1.0
16477,11456,11447,1.0
16478,11457,11447,1.0
16479,11585,11447,1.0
16480,11588,11447,1.0
16481,11597,11447,1.0
16482,11730,11447,1.0
16483,11885,11447,1.0
16484,12299,11447,1.0
16485,12310,11447,1.0
16486,13014,11447,1.0
16487,20162,11447,1.0
16488,8456,11876,1.0
16489,10455,11876,1.0
16490,11595,11876,1.0
16491,11738,11876,3.0
16492,11875,11876,1.0
16493,11878,11876,3.0
16494,12015,11876,1.0
16495,12020,11876,1.0
16496,12022,11876,2.0
16497,12301,11876,5.0
16498,12441,11876,2.0
16499,12448,11876,1.0
16500,13724,11876,1.0
16501,14295,11876,1.0
16502,8457,10420,1.0
16503,9427,10420,1.0
16504,9850,10420,2.0
16505,10289,10420,1.0
16506,11433,10420,1.0
16507,15568,10420,1.0
16508,8457,11161,1.0
16509,10305,11161,1.0
16510,11460,11161,1.0
16511,8457,11574,1.0
16512,8878,11574,1.0
16513,10145,11574,1.0
16514,10439,11574,2.0
16515,11007,11574,1.0
16516,11146,11574,1.0
16517,11148,11574,1.0
16518,11290,11574,3.0
16519,11437,11574,1.0
16520,11579,11574,1.0
16521,11580,11574,2.0
16522,11879,11574,1.0
16523,15123,11574,1.0
16524,16830,11574,1.0
16525,8458,9741,1.0
16526,9167,9741,1.0
16527,9175,9741,1.0
16528,9584,9741,1.0
16529,9740,9741,1.0
16530,9881,9741,1.0
16531,10027,9741,2.0
16532,11168,9741,1.0
16533,11293,9741,1.0
16534,8458,11880,1.0
16535,10040,11880,1.0
16536,10879,11880,1.0
16537,11313,11880,1.0
16538,11434,11880,1.0
16539,11442,11880,1.0
16540,11460,11880,1.0
16541,11584,11880,3.0
16542,11588,11880,1.0
16543,11592,11880,1.0
16544,11596,11880,1.0
16545,11597,11880,3.0
16546,11734,11880,2.0
16547,11737,11880,1.0
16548,11738,11880,1.0
16549,11739,11880,1.0
16550,11873,11880,1.0
16551,11878,11880,3.0
16552,11879,11880,1.0
16553,11882,11880,1.0
16554,11883,11880,1.0
16555,11885,11880,1.0
16556,12019,11880,1.0
16557,12022,11880,4.0
16558,12023,11880,1.0
16559,12446,11880,1.0
16560,12448,11880,1.0
16561,12729,11880,1.0
16562,12735,11880,2.0
16563,12739,11880,1.0
16564,12743,11880,1.0
16565,13020,11880,1.0
16566,13025,11880,1.0
16567,13167,11880,1.0
16568,14999,11880,2.0
16569,8458,13010,1.0
16570,9461,13010,1.0
16571,9590,13010,1.0
16572,11444,13010,2.0
16573,12025,13010,1.0
16574,12304,13010,2.0
16575,12434,13010,1.0
16576,12441,13010,1.0
16577,12443,13010,1.0
16578,12444,13010,3.0
16579,12540,13010,1.0
16580,12581,13010,1.0
16581,12728,13010,1.0
16582,12866,13010,2.0
16583,12999,13010,1.0
16584,13001,13010,1.0
16585,13011,13010,5.0
16586,13016,13010,1.0
16587,13152,13010,2.0
16588,13296,13010,1.0
16589,14298,13010,1.0
16590,8459,10037,1.0
16591,9025,10037,1.0
16592,11868,10037,1.0
16593,8459,11024,1.0
16594,10020,11024,2.0
16595,10029,11024,1.0
16596,10880,11024,1.0
16597,10881,11024,1.0
16598,10882,11024,2.0
16599,10888,11024,1.0
16600,11022,11024,1.0
16601,11023,11024,2.0
16602,11025,11024,1.0
16603,11131,11024,1.0
16604,11168,11024,2.0
16605,11172,11024,1.0
16606,11449,11024,1.0
16607,11450,11024,2.0
16608,11742,11024,1.0
16609,12598,11024,1.0
16610,8459,11309,1.0
16611,10036,11309,1.0
16612,10456,11309,1.0
16613,10466,11309,1.0
16614,11008,11309,1.0
16615,11165,11309,1.0
16616,11167,11309,1.0
16617,11172,11309,1.0
16618,11308,11309,1.0
16619,11451,11309,3.0
16620,11742,11309,1.0
16621,11743,11309,1.0
16622,11883,11309,1.0
16623,12446,11309,1.0
16624,12876,11309,1.0
16625,13147,11309,1.0
16626,13157,11309,1.0
16627,13906,11309,1.0
16628,8459,13128,1.0
16629,10140,13128,1.0
16630,11983,13128,1.0
16631,12561,13128,1.0
16632,12700,13128,2.0
16633,12701,13128,2.0
16634,12843,13128,1.0
16635,12844,13128,1.0
16636,12845,13128,1.0
16637,12985,13128,2.0
16638,12987,13128,2.0
16639,13126,13128,1.0
16640,8460,9594,1.0
16641,9160,9594,2.0
16642,9452,9594,2.0
16643,9588,9594,1.0
16644,9589,9594,1.0
16645,9590,9594,1.0
16646,9593,9594,1.0
16647,9596,9594,1.0
16648,9604,9594,1.0
16649,9605,9594,1.0
16650,9732,9594,1.0
16651,9736,9594,1.0
16652,9879,9594,1.0
16653,9887,9594,1.0
16654,9888,9594,1.0
16655,10162,9594,1.0
16656,11286,9594,1.0
16657,11296,9594,1.0
16658,8460,10030,1.0
16659,8589,10030,1.0
16660,8877,10030,1.0
16661,9589,10030,1.0
16662,9601,10030,1.0
16663,9605,10030,1.0
16664,9606,10030,1.0
16665,9874,10030,1.0
16666,9886,10030,1.0
16667,9887,10030,1.0
16668,9888,10030,4.0
16669,10020,10030,1.0
16670,10023,10030,1.0
16671,10029,10030,1.0
16672,10166,10030,1.0
16673,10297,10030,1.0
16674,10423,10030,1.0
16675,10609,10030,1.0
16676,11009,10030,1.0
16677,11017,10030,1.0
16678,11018,10030,1.0
16679,11150,10030,1.0
16680,11156,10030,1.0
16681,11162,10030,1.0
16682,11165,10030,1.0
16683,11303,10030,1.0
16684,11315,10030,1.0
16685,11316,10030,1.0
16686,12576,10030,1.0
16687,12582,10030,2.0
16688,13147,10030,1.0
16689,8460,11307,1.0
16690,11165,11307,1.0
16691,11306,11307,5.0
16692,11439,11307,2.0
16693,11448,11307,2.0
16694,11449,11307,1.0
16695,11453,11307,1.0
16696,11591,11307,2.0
16697,12299,11307,2.0
16698,12440,11307,1.0
16699,14271,11307,2.0
16700,8461,10467,1.0
16701,9592,10467,1.0
16702,9605,10467,2.0
16703,9748,10467,1.0
16704,9752,10467,1.0
16705,10027,10467,1.0
16706,10029,10467,1.0
16707,10040,10467,1.0
16708,10170,10467,1.0
16709,10181,10467,1.0
16710,10182,10467,2.0
16711,10323,10467,5.0
16712,10324,10467,6.0
16713,10459,10467,1.0
16714,10463,10467,2.0
16715,10465,10467,1.0
16716,10466,10467,2.0
16717,10468,10467,5.0
16718,10609,10467,4.0
16719,10610,10467,1.0
16720,10611,10467,4.0
16721,10891,10467,3.0
16722,10893,10467,4.0
16723,10894,10467,4.0
16724,10895,10467,2.0
16725,11036,10467,1.0
16726,11178,10467,1.0
16727,11273,10467,1.0
16728,11320,10467,2.0
16729,11322,10467,1.0
16730,11447,10467,1.0
16731,11460,10467,3.0
16732,11461,10467,1.0
16733,11462,10467,2.0
16734,11601,10467,1.0
16735,11602,10467,1.0
16736,11719,10467,2.0
16737,11745,10467,1.0
16738,12596,10467,1.0
16739,12598,10467,1.0
16740,12740,10467,1.0
16741,13167,10467,2.0
16742,14283,10467,1.0
16743,8523,8531,2.0
16744,9098,8531,1.0
16745,8523,9825,1.0
16746,9522,9825,1.0
16747,8530,8957,1.0
16748,9388,8957,3.0
16749,8531,8523,3.0
16750,9383,8523,3.0
16751,9953,8523,1.0
16752,8538,8828,2.0
16753,8691,8828,1.0
16754,8696,8828,2.0
16755,8838,8828,1.0
16756,8550,9119,1.0
16757,8551,9119,1.0
16758,8695,9119,1.0
16759,8834,9119,1.0
16760,8551,8267,1.0
16761,8551,8826,1.0
16762,8694,8826,1.0
16763,8696,8826,1.0
16764,8840,8826,2.0
16765,8551,8978,1.0
16766,8554,8978,2.0
16767,8695,8978,1.0
16768,8835,8978,2.0
16769,8836,8978,2.0
16770,8837,8978,1.0
16771,8839,8978,1.0
16772,8551,9090,2.0
16773,9093,9090,2.0
16774,8551,9859,1.0
16775,8738,9859,1.0
16776,9024,9859,1.0
16777,9426,9859,2.0
16778,9575,9859,1.0
16779,9719,9859,1.0
16780,9852,9859,1.0
16781,9856,9859,1.0
16782,9858,9859,1.0
16783,9860,9859,1.0
16784,10000,9859,1.0
16785,10001,9859,1.0
16786,10139,9859,1.0
16787,10145,9859,7.0
16788,10146,9859,1.0
16789,10147,9859,1.0
16790,10282,9859,1.0
16791,10291,9859,2.0
16792,10295,9859,1.0
16793,10433,9859,1.0
16794,10568,9859,2.0
16795,10569,9859,1.0
16796,10852,9859,1.0
16797,10856,9859,1.0
16798,12271,9859,1.0
16799,8551,12557,1.0
16800,12996,12557,3.0
16801,13126,12557,1.0
16802,8552,8667,2.0
16803,8552,9666,1.0
16804,8553,6824,1.0
16805,8553,7698,1.0
16806,8553,8963,1.0
16807,8691,8963,1.0
16808,8692,8963,1.0
16809,8695,8963,1.0
16810,8829,8963,1.0
16811,8830,8963,4.0
16812,8833,8963,1.0
16813,8553,10804,1.0
16814,9021,10804,1.0
16815,8554,8546,1.0
16816,8554,9801,1.0
16817,8692,9801,2.0
16818,9943,9801,1.0
16819,8554,9958,1.0
16820,8555,5760,1.0
16821,8559,14549,1.0
16822,13015,14549,1.0
16823,13265,14549,2.0
16824,13282,14549,1.0
16825,13967,14549,1.0
16826,13968,14549,1.0
16827,14014,14549,2.0
16828,14126,14549,1.0
16829,14409,14549,1.0
16830,14532,14549,1.0
16831,14534,14549,1.0
16832,14535,14549,1.0
16833,14552,14549,1.0
16834,14693,14549,1.0
16835,14696,14549,1.0
16836,14976,14549,1.0
16837,8566,11560,3.0
16838,9583,11560,1.0
16839,10022,11560,1.0
16840,11135,11560,1.0
16841,11275,11560,1.0
16842,11277,11560,3.0
16843,11289,11560,1.0
16844,11418,11560,1.0
16845,11424,11560,1.0
16846,11556,11560,1.0
16847,11557,11560,1.0
16848,11698,11560,2.0
16849,11699,11560,1.0
16850,11701,11560,3.0
16851,11702,11560,3.0
16852,11708,11560,1.0
16853,12272,11560,2.0
16854,12275,11560,4.0
16855,13690,11560,1.0
16856,8567,7992,1.0
16857,8695,7992,1.0
16858,8583,6731,1.0
16859,8589,6731,1.0
16860,8583,8724,1.0
16861,8584,8724,1.0
16862,8725,8724,2.0
16863,8867,8724,1.0
16864,8868,8724,3.0
16865,9164,8724,1.0
16866,9853,8724,1.0
16867,8583,9580,1.0
16868,9012,9580,3.0
16869,9153,9580,3.0
16870,9439,9580,1.0
16871,9441,9580,2.0
16872,9581,9580,2.0
16873,9582,9580,2.0
16874,9589,9580,1.0
16875,9595,9580,1.0
16876,9718,9580,1.0
16877,9862,9580,2.0
16878,10006,9580,1.0
16879,10148,9580,1.0
16880,8583,11522,1.0
16881,9536,11522,1.0
16882,10952,11522,2.0
16883,11096,11522,1.0
16884,11521,11522,2.0
16885,11529,11522,2.0
16886,14523,11522,1.0
16887,8583,11523,1.0
16888,8584,10144,1.0
16889,8595,10144,1.0
16890,8722,10144,1.0
16891,9156,10144,1.0
16892,9436,10144,1.0
16893,9717,10144,1.0
16894,9719,10144,2.0
16895,9722,10144,1.0
16896,9723,10144,1.0
16897,9724,10144,1.0
16898,9857,10144,1.0
16899,9861,10144,1.0
16900,9862,10144,1.0
16901,9866,10144,1.0
16902,9872,10144,1.0
16903,10012,10144,1.0
16904,10145,10144,1.0
16905,10146,10144,1.0
16906,10285,10144,1.0
16907,10288,10144,1.0
16908,10573,10144,1.0
16909,11414,10144,1.0
16910,12555,10144,3.0
16911,15082,10144,1.0
16912,8584,11283,1.0
16913,10854,11283,2.0
16914,11119,11283,1.0
16915,11446,11283,1.0
16916,11565,11283,3.0
16917,12019,11283,1.0
16918,8584,11873,1.0
16919,10170,11873,1.0
16920,11007,11873,1.0
16921,11023,11873,1.0
16922,11153,11873,1.0
16923,11450,11873,1.0
16924,11586,11873,1.0
16925,11589,11873,1.0
16926,11723,11873,1.0
16927,11869,11873,1.0
16928,11870,11873,1.0
16929,12015,11873,1.0
16930,12021,11873,1.0
16931,12311,11873,1.0
16932,12453,11873,1.0
16933,12878,11873,1.0
16934,12999,11873,1.0
16935,13010,11873,3.0
16936,8585,8582,1.0
16937,8585,13148,1.0
16938,10163,13148,1.0
16939,11305,13148,1.0
16940,11868,13148,1.0
16941,11879,13148,1.0
16942,12432,13148,1.0
16943,12441,13148,1.0
16944,12720,13148,1.0
16945,12721,13148,1.0
16946,12725,13148,1.0
16947,13144,13148,1.0
16948,13146,13148,1.0
16949,13286,13148,1.0
16950,13290,13148,2.0
16951,13291,13148,2.0
16952,13432,13148,1.0
16953,13712,13148,2.0
16954,13729,13148,1.0
16955,13848,13148,1.0
16956,13858,13148,1.0
16957,13860,13148,2.0
16958,14426,13148,2.0
16959,15711,13148,2.0
16960,15832,13148,1.0
16961,16547,13148,2.0
16962,8586,8729,3.0
16963,9016,8729,4.0
16964,9427,8729,2.0
16965,9581,8729,1.0
16966,8588,9867,1.0
16967,9726,9867,1.0
16968,9865,9867,2.0
16969,9866,9867,1.0
16970,10009,9867,1.0
16971,10290,9867,1.0
16972,10575,9867,1.0
16973,11146,9867,1.0
16974,11287,9867,1.0
16975,11434,9867,1.0
16976,11702,9867,4.0
16977,8590,8877,1.0
16978,8591,8877,2.0
16979,8734,8877,1.0
16980,8738,8877,1.0
16981,8878,8877,2.0
16982,9164,8877,4.0
16983,9452,8877,1.0
16984,9731,8877,1.0
16985,9733,8877,1.0
16986,10030,8877,1.0
16987,8590,9855,3.0
16988,9003,9855,1.0
16989,9146,9855,1.0
16990,9429,9855,1.0
16991,9430,9855,1.0
16992,9605,9855,1.0
16993,9712,9855,2.0
16994,9721,9855,1.0
16995,9725,9855,1.0
16996,9850,9855,1.0
16997,9996,9855,3.0
16998,10138,9855,1.0
16999,10281,9855,1.0
17000,10568,9855,1.0
17001,11285,9855,1.0
17002,11797,9855,1.0
17003,12792,9855,1.0
17004,8590,10469,1.0
17005,9605,10469,1.0
17006,9606,10469,1.0
17007,10182,10469,2.0
17008,10325,10469,1.0
17009,10611,10469,2.0
17010,8591,10023,1.0
17011,8723,10023,1.0
17012,9451,10023,1.0
17013,9592,10023,1.0
17014,9881,10023,2.0
17015,9882,10023,1.0
17016,10018,10023,1.0
17017,10022,10023,1.0
17018,10024,10023,1.0
17019,10030,10023,1.0
17020,10153,10023,1.0
17021,10163,10023,1.0
17022,10165,10023,4.0
17023,10583,10023,1.0
17024,11013,10023,1.0
17025,11159,10023,1.0
17026,11291,10023,1.0
17027,8592,9153,1.0
17028,8725,9153,1.0
17029,8727,9153,1.0
17030,8867,9153,1.0
17031,9155,9153,1.0
17032,9164,9153,1.0
17033,9435,9153,1.0
17034,9580,9153,2.0
17035,9582,9153,1.0
17036,8592,9870,1.0
17037,8593,9870,3.0
17038,8742,9870,1.0
17039,9019,9870,2.0
17040,9160,9870,1.0
17041,9436,9870,1.0
17042,9442,9870,1.0
17043,9580,9870,2.0
17044,9584,9870,1.0
17045,9587,9870,1.0
17046,9727,9870,1.0
17047,9869,9870,1.0
17048,10010,9870,1.0
17049,10011,9870,1.0
17050,10012,9870,4.0
17051,10013,9870,1.0
17052,10149,9870,1.0
17053,10150,9870,1.0
17054,10154,9870,1.0
17055,10856,9870,4.0
17056,8593,12276,1.0
17057,11002,12276,1.0
17058,11274,12276,1.0
17059,11282,12276,1.0
17060,11430,12276,2.0
17061,11709,12276,1.0
17062,11993,12276,1.0
17063,12267,12276,1.0
17064,12271,12276,2.0
17065,12272,12276,2.0
17066,12274,12276,2.0
17067,12275,12276,3.0
17068,12277,12276,1.0
17069,12282,12276,1.0
17070,12396,12276,1.0
17071,12418,12276,2.0
17072,12572,12276,1.0
17073,12703,12276,1.0
17074,12727,12276,1.0
17075,12843,12276,1.0
17076,12967,12276,1.0
17077,13000,12276,1.0
17078,13835,12276,1.0
17079,14115,12276,1.0
17080,14952,12276,1.0
17081,8594,9579,1.0
17082,9156,9579,3.0
17083,9440,9579,2.0
17084,9583,9579,1.0
17085,8594,11459,1.0
17086,8735,11459,1.0
17087,9018,11459,1.0
17088,9024,11459,1.0
17089,9587,11459,1.0
17090,9590,11459,1.0
17091,10181,11459,2.0
17092,10320,11459,1.0
17093,10460,11459,2.0
17094,10461,11459,1.0
17095,10466,11459,1.0
17096,10598,11459,2.0
17097,10875,11459,1.0
17098,10888,11459,1.0
17099,11028,11459,1.0
17100,11033,11459,2.0
17101,11172,11459,1.0
17102,11175,11459,1.0
17103,11178,11459,2.0
17104,11277,11459,1.0
17105,11296,11459,1.0
17106,11314,11459,1.0
17107,11316,11459,2.0
17108,11318,11459,1.0
17109,11457,11459,1.0
17110,11458,11459,1.0
17111,11460,11459,2.0
17112,11461,11459,2.0
17113,11598,11459,1.0
17114,11599,11459,3.0
17115,11600,11459,1.0
17116,11601,11459,2.0
17117,11729,11459,1.0
17118,11742,11459,2.0
17119,11744,11459,1.0
17120,11746,11459,1.0
17121,11747,11459,2.0
17122,11885,11459,3.0
17123,11886,11459,2.0
17124,11887,11459,2.0
17125,12592,11459,2.0
17126,14136,11459,1.0
17127,8594,11593,1.0
17128,9870,11593,1.0
17129,10022,11593,1.0
17130,11033,11593,1.0
17131,11591,11593,1.0
17132,11594,11593,1.0
17133,11730,11593,1.0
17134,11879,11593,1.0
17135,12028,11593,1.0
17136,12290,11593,1.0
17137,12307,11593,1.0
17138,12308,11593,1.0
17139,13444,11593,1.0
17140,13870,11593,1.0
17141,14164,11593,1.0
17142,14191,11593,1.0
17143,14452,11593,1.0
17144,14595,11593,1.0
17145,16872,11593,1.0
17146,8595,9720,1.0
17147,9151,9720,1.0
17148,9432,9720,2.0
17149,9581,9720,1.0
17150,8595,10148,1.0
17151,8875,10148,1.0
17152,9575,10148,1.0
17153,9582,10148,1.0
17154,9721,10148,1.0
17155,9863,10148,2.0
17156,9864,10148,1.0
17157,10001,10148,1.0
17158,10005,10148,1.0
17159,10011,10148,1.0
17160,10015,10148,1.0
17161,10138,10148,1.0
17162,10144,10148,1.0
17163,10145,10148,2.0
17164,10147,10148,3.0
17165,10149,10148,3.0
17166,10151,10148,1.0
17167,10154,10148,1.0
17168,10170,10148,1.0
17169,10288,10148,2.0
17170,10295,10148,1.0
17171,10298,10148,1.0
17172,10572,10148,1.0
17173,10854,10148,1.0
17174,11140,10148,1.0
17175,11278,10148,1.0
17176,11294,10148,1.0
17177,11709,10148,1.0
17178,12395,10148,1.0
17179,12421,10148,1.0
17180,12556,10148,1.0
17181,12703,10148,1.0
17182,14075,10148,1.0
17183,14413,10148,1.0
17184,14977,10148,1.0
17185,8595,11296,2.0
17186,8870,11296,1.0
17187,9740,11296,1.0
17188,9877,11296,1.0
17189,9886,11296,1.0
17190,10021,11296,1.0
17191,10163,11296,1.0
17192,10168,11296,1.0
17193,10178,11296,1.0
17194,10309,11296,1.0
17195,10445,11296,2.0
17196,10447,11296,1.0
17197,10574,11296,1.0
17198,10870,11296,1.0
17199,10873,11296,1.0
17200,11012,11296,1.0
17201,11016,11296,1.0
17202,11017,11296,1.0
17203,11151,11296,5.0
17204,11172,11296,1.0
17205,11295,11296,3.0
17206,11297,11296,1.0
17207,11318,11296,1.0
17208,11580,11296,2.0
17209,11722,11296,1.0
17210,12007,11296,1.0
17211,12015,11296,4.0
17212,12839,11296,1.0
17213,14112,11296,1.0
17214,8596,8723,1.0
17215,8731,8723,1.0
17216,9158,8723,1.0
17217,9719,8723,1.0
17218,10023,8723,1.0
17219,10145,8723,1.0
17220,11603,8723,1.0
17221,8596,10433,1.0
17222,8881,10433,1.0
17223,9009,10433,1.0
17224,9021,10433,2.0
17225,9447,10433,1.0
17226,9581,10433,1.0
17227,9729,10433,2.0
17228,9747,10433,1.0
17229,9859,10433,1.0
17230,9864,10433,1.0
17231,9865,10433,1.0
17232,10009,10433,1.0
17233,10146,10433,1.0
17234,10149,10433,1.0
17235,10161,10433,1.0
17236,10285,10433,3.0
17237,10287,10433,1.0
17238,10288,10433,1.0
17239,10426,10433,1.0
17240,10429,10433,2.0
17241,10431,10433,1.0
17242,10432,10433,3.0
17243,10572,10433,1.0
17244,10574,10433,3.0
17245,10575,10433,7.0
17246,10852,10433,1.0
17247,10862,10433,1.0
17248,10995,10433,1.0
17249,10999,10433,2.0
17250,11143,10433,2.0
17251,11272,10433,1.0
17252,11285,10433,3.0
17253,11847,10433,1.0
17254,11995,10433,1.0
17255,13145,10433,1.0
17256,8597,9032,1.0
17257,9173,9032,1.0
17258,9445,9032,1.0
17259,9452,9032,1.0
17260,8598,8888,1.0
17261,8889,8888,1.0
17262,9017,8888,1.0
17263,10316,8888,1.0
17264,11460,8888,1.0
17265,8598,10158,1.0
17266,8733,10158,1.0
17267,8741,10158,2.0
17268,9605,10158,1.0
17269,9749,10158,1.0
17270,9870,10158,1.0
17271,9893,10158,1.0
17272,10157,10158,1.0
17273,10159,10158,2.0
17274,10160,10158,1.0
17275,10164,10158,1.0
17276,10852,10158,2.0
17277,8598,12025,1.0
17278,11155,12025,1.0
17279,11458,12025,1.0
17280,11461,12025,1.0
17281,11602,12025,1.0
17282,11605,12025,1.0
17283,11719,12025,1.0
17284,11738,12025,1.0
17285,11744,12025,1.0
17286,11868,12025,3.0
17287,11873,12025,1.0
17288,11883,12025,3.0
17289,11886,12025,1.0
17290,12029,12025,2.0
17291,12310,12025,1.0
17292,12451,12025,1.0
17293,12452,12025,1.0
17294,12593,12025,1.0
17295,12597,12025,1.0
17296,12739,12025,3.0
17297,12878,12025,4.0
17298,13010,12025,1.0
17299,13159,12025,1.0
17300,13744,12025,1.0
17301,14012,12025,1.0
17302,8599,9598,1.0
17303,9017,9598,1.0
17304,9162,9598,1.0
17305,9172,9598,1.0
17306,9174,9598,1.0
17307,9457,9598,3.0
17308,9587,9598,1.0
17309,9596,9598,2.0
17310,9597,9598,1.0
17311,9599,9598,3.0
17312,9605,9598,2.0
17313,9739,9598,2.0
17314,9742,9598,1.0
17315,9749,9598,1.0
17316,10029,9598,1.0
17317,11725,9598,1.0
17318,11861,9598,1.0
17319,12999,9598,1.0
17320,8599,11562,1.0
17321,9864,11562,2.0
17322,10429,11562,1.0
17323,10852,11562,1.0
17324,10860,11562,1.0
17325,11274,11562,1.0
17326,11281,11562,1.0
17327,11282,11562,1.0
17328,11286,11562,1.0
17329,11385,11562,1.0
17330,11423,11562,4.0
17331,11565,11562,1.0
17332,11566,11562,1.0
17333,11703,11562,1.0
17334,11704,11562,1.0
17335,11847,11562,1.0
17336,11983,11562,3.0
17337,12281,11562,2.0
17338,12418,11562,1.0
17339,14529,11562,1.0
17340,8600,10305,2.0
17341,9164,10305,1.0
17342,9459,10305,1.0
17343,9603,10305,1.0
17344,9605,10305,1.0
17345,9744,10305,1.0
17346,9888,10305,3.0
17347,10157,10305,1.0
17348,10159,10305,2.0
17349,10162,10305,1.0
17350,10163,10305,1.0
17351,10306,10305,2.0
17352,10440,10305,3.0
17353,10451,10305,4.0
17354,10878,10305,3.0
17355,11143,10305,1.0
17356,8601,10315,1.0
17357,8742,10315,1.0
17358,9748,10315,1.0
17359,11023,10315,1.0
17360,11460,10315,1.0
17361,8601,10591,1.0
17362,9030,10591,1.0
17363,9599,10591,2.0
17364,10015,10591,1.0
17365,10017,10591,1.0
17366,10170,10591,1.0
17367,10307,10591,1.0
17368,10450,10591,1.0
17369,10589,10591,3.0
17370,10590,10591,1.0
17371,10594,10591,1.0
17372,10598,10591,1.0
17373,10874,10591,2.0
17374,10876,10591,1.0
17375,10881,10591,1.0
17376,11300,10591,1.0
17377,11437,10591,1.0
17378,11580,10591,2.0
17379,11584,10591,1.0
17380,12006,10591,1.0
17381,12835,10591,1.0
17382,8601,11437,2.0
17383,9605,11437,1.0
17384,9606,11437,3.0
17385,9746,11437,1.0
17386,9748,11437,1.0
17387,9876,11437,2.0
17388,9887,11437,4.0
17389,10026,11437,2.0
17390,10027,11437,1.0
17391,10137,11437,1.0
17392,10140,11437,1.0
17393,10157,11437,1.0
17394,10164,11437,1.0
17395,10166,11437,1.0
17396,10169,11437,1.0
17397,10313,11437,1.0
17398,10447,11437,1.0
17399,10448,11437,2.0
17400,10453,11437,1.0
17401,10585,11437,1.0
17402,10587,11437,1.0
17403,10590,11437,2.0
17404,10592,11437,1.0
17405,10870,11437,1.0
17406,10876,11437,2.0
17407,10877,11437,1.0
17408,10878,11437,1.0
17409,11008,11437,1.0
17410,11009,11437,1.0
17411,11018,11437,1.0
17412,11154,11437,1.0
17413,11291,11437,1.0
17414,11296,11437,1.0
17415,11299,11437,1.0
17416,11578,11437,1.0
17417,11579,11437,1.0
17418,11580,11437,2.0
17419,11719,11437,1.0
17420,11860,11437,1.0
17421,11861,11437,1.0
17422,12006,11437,1.0
17423,12283,11437,1.0
17424,12730,11437,1.0
17425,12859,11437,2.0
17426,13852,11437,1.0
17427,8602,11151,2.0
17428,9880,11151,3.0
17429,9881,11151,1.0
17430,10162,11151,1.0
17431,10301,11151,1.0
17432,10309,11151,2.0
17433,10585,11151,1.0
17434,10866,11151,2.0
17435,11008,11151,1.0
17436,11012,11151,1.0
17437,11023,11151,1.0
17438,11143,11151,2.0
17439,11293,11151,2.0
17440,11296,11151,5.0
17441,12285,11151,1.0
17442,14024,11151,1.0
17443,8603,10417,1.0
17444,8604,10169,1.0
17445,9164,10169,1.0
17446,9603,10169,1.0
17447,9604,10169,1.0
17448,9737,10169,1.0
17449,9745,10169,1.0
17450,9746,10169,1.0
17451,9748,10169,2.0
17452,9880,10169,3.0
17453,9881,10169,2.0
17454,9883,10169,1.0
17455,9887,10169,1.0
17456,9892,10169,1.0
17457,10028,10169,1.0
17458,10159,10169,1.0
17459,10170,10169,2.0
17460,10305,10169,1.0
17461,10311,10169,1.0
17462,10452,10169,1.0
17463,10454,10169,1.0
17464,10588,10169,1.0
17465,10877,10169,1.0
17466,10881,10169,1.0
17467,11177,10169,1.0
17468,11455,10169,1.0
17469,11579,10169,1.0
17470,11603,10169,1.0
17471,11843,10169,1.0
17472,11887,10169,1.0
17473,12428,10169,1.0
17474,12435,10169,1.0
17475,12450,10169,1.0
17476,12555,10169,1.0
17477,12997,10169,1.0
17478,13293,10169,1.0
17479,13726,10169,1.0
17480,8692,7111,1.0
17481,8833,7111,1.0
17482,8692,8538,2.0
17483,8692,9118,1.0
17484,8692,11252,1.0
17485,8830,11252,1.0
17486,11520,11252,1.0
17487,8692,11393,2.0
17488,13284,11393,2.0
17489,8692,11579,1.0
17490,11036,11579,1.0
17491,11295,11579,2.0
17492,11299,11579,1.0
17493,11574,11579,2.0
17494,11580,11579,1.0
17495,11581,11579,1.0
17496,11722,11579,1.0
17497,11999,11579,1.0
17498,12308,11579,1.0
17499,12425,11579,1.0
17500,12839,11579,1.0
17501,12993,11579,1.0
17502,13431,11579,1.0
17503,8692,13284,1.0
17504,10986,13284,2.0
17505,11393,13284,1.0
17506,12528,13284,1.0
17507,8693,10248,3.0
17508,9536,10248,1.0
17509,8693,11662,1.0
17510,8694,7554,1.0
17511,8694,7984,1.0
17512,10942,7984,1.0
17513,8694,8132,1.0
17514,8694,8262,2.0
17515,8694,8406,1.0
17516,8694,9114,2.0
17517,8830,9114,1.0
17518,8694,11517,2.0
17519,11090,11517,3.0
17520,11238,11517,2.0
17521,11243,11517,1.0
17522,11377,11517,2.0
17523,11519,11517,1.0
17524,11521,11517,1.0
17525,11529,11517,1.0
17526,11809,11517,1.0
17527,11811,11517,1.0
17528,11950,11517,1.0
17529,14634,11517,1.0
17530,8694,11529,1.0
17531,11238,11529,1.0
17532,11241,11529,2.0
17533,11377,11529,2.0
17534,11389,11529,1.0
17535,11519,11529,1.0
17536,11520,11529,1.0
17537,11521,11529,2.0
17538,11659,11529,2.0
17539,11667,11529,2.0
17540,11797,11529,1.0
17541,8695,9004,1.0
17542,8718,9004,1.0
17543,9003,9004,1.0
17544,9146,9004,1.0
17545,9429,9004,2.0
17546,9591,9004,1.0
17547,9719,9004,1.0
17548,10420,9004,1.0
17549,8695,9091,1.0
17550,8695,9420,1.0
17551,8695,9680,1.0
17552,8696,9680,1.0
17553,8833,9680,1.0
17554,8956,9680,1.0
17555,10384,9680,1.0
17556,8695,9688,1.0
17557,9996,9688,2.0
17558,8695,10281,1.0
17559,9433,10281,1.0
17560,9854,10281,1.0
17561,9995,10281,3.0
17562,9996,10281,4.0
17563,9998,10281,1.0
17564,10137,10281,1.0
17565,10138,10281,2.0
17566,10140,10281,1.0
17567,10141,10281,1.0
17568,10152,10281,1.0
17569,10279,10281,1.0
17570,10280,10281,1.0
17571,10424,10281,4.0
17572,10428,10281,1.0
17573,10431,10281,1.0
17574,10569,10281,1.0
17575,10572,10281,1.0
17576,11131,10281,1.0
17577,11282,10281,1.0
17578,8695,10288,2.0
17579,9427,10288,1.0
17580,9431,10288,2.0
17581,9442,10288,1.0
17582,9733,10288,1.0
17583,9861,10288,1.0
17584,9862,10288,1.0
17585,9864,10288,2.0
17586,9866,10288,1.0
17587,10146,10288,3.0
17588,10150,10288,2.0
17589,10291,10288,1.0
17590,10296,10288,1.0
17591,10297,10288,1.0
17592,10428,10288,2.0
17593,10429,10288,1.0
17594,10431,10288,1.0
17595,10433,10288,2.0
17596,10435,10288,1.0
17597,10576,10288,1.0
17598,10577,10288,2.0
17599,11560,10288,1.0
17600,12261,10288,1.0
17601,15132,10288,1.0
17602,8695,10936,1.0
17603,10607,10936,1.0
17604,8695,11418,1.0
17605,10580,11418,1.0
17606,11135,11418,2.0
17607,11273,11418,1.0
17608,11560,11418,2.0
17609,11698,11418,2.0
17610,11701,11418,1.0
17611,11709,11418,1.0
17612,11842,11418,1.0
17613,12985,11418,3.0
17614,13003,11418,1.0
17615,13406,11418,1.0
17616,13686,11418,1.0
17617,8695,11722,1.0
17618,9879,11722,1.0
17619,10018,11722,1.0
17620,10584,11722,1.0
17621,11299,11722,1.0
17622,11575,11722,1.0
17623,11579,11722,1.0
17624,11581,11722,1.0
17625,11701,11722,1.0
17626,11707,11722,1.0
17627,11718,11722,1.0
17628,11724,11722,1.0
17629,11863,11722,2.0
17630,11866,11722,2.0
17631,12007,11722,1.0
17632,12281,11722,2.0
17633,12283,11722,1.0
17634,12287,11722,2.0
17635,12290,11722,1.0
17636,12291,11722,1.0
17637,12425,11722,1.0
17638,12562,11722,1.0
17639,12857,11722,1.0
17640,12868,11722,1.0
17641,13422,11722,1.0
17642,8695,12654,1.0
17643,8695,12808,2.0
17644,12384,12808,2.0
17645,8696,7126,1.0
17646,9998,7126,1.0
17647,8696,8811,1.0
17648,8829,8811,1.0
17649,8830,8811,1.0
17650,8696,9117,1.0
17651,8696,9992,1.0
17652,9152,9992,1.0
17653,9424,9992,1.0
17654,9568,9992,1.0
17655,9571,9992,1.0
17656,9577,9992,1.0
17657,9709,9992,4.0
17658,9719,9992,1.0
17659,9994,9992,3.0
17660,9995,9992,1.0
17661,9996,9992,2.0
17662,10138,9992,1.0
17663,10424,9992,1.0
17664,8696,9994,1.0
17665,9141,9994,1.0
17666,9402,9994,1.0
17667,9424,9994,1.0
17668,9450,9994,1.0
17669,9453,9994,1.0
17670,9710,9994,1.0
17671,9719,9994,1.0
17672,9846,9994,1.0
17673,9992,9994,4.0
17674,9996,9994,2.0
17675,9998,9994,3.0
17676,10137,9994,4.0
17677,10139,9994,2.0
17678,10140,9994,1.0
17679,10279,9994,1.0
17680,10383,9994,1.0
17681,11131,9994,1.0
17682,8696,10145,2.0
17683,8723,10145,1.0
17684,9016,10145,1.0
17685,9018,10145,1.0
17686,9432,10145,1.0
17687,9575,10145,4.0
17688,9576,10145,1.0
17689,9729,10145,1.0
17690,9732,10145,1.0
17691,9859,10145,7.0
17692,9861,10145,2.0
17693,9864,10145,2.0
17694,10002,10145,1.0
17695,10004,10145,1.0
17696,10005,10145,1.0
17697,10139,10145,1.0
17698,10143,10145,1.0
17699,10144,10145,1.0
17700,10146,10145,3.0
17701,10147,10145,2.0
17702,10148,10145,2.0
17703,10287,10145,2.0
17704,10291,10145,2.0
17705,10429,10145,1.0
17706,10567,10145,2.0
17707,10854,10145,2.0
17708,10855,10145,1.0
17709,11139,10145,2.0
17710,11282,10145,2.0
17711,11286,10145,1.0
17712,11424,10145,2.0
17713,11574,10145,1.0
17714,11701,10145,1.0
17715,8696,10853,1.0
17716,9006,10853,1.0
17717,9020,10853,1.0
17718,9604,10853,1.0
17719,9865,10853,1.0
17720,9888,10853,1.0
17721,10009,10853,1.0
17722,10148,10853,1.0
17723,10160,10853,1.0
17724,10424,10853,1.0
17725,10426,10853,1.0
17726,10429,10853,1.0
17727,10565,10853,2.0
17728,10567,10853,1.0
17729,10568,10853,2.0
17730,10569,10853,2.0
17731,10852,10853,1.0
17732,10856,10853,3.0
17733,10857,10853,1.0
17734,10993,10853,3.0
17735,10994,10853,2.0
17736,11135,10853,1.0
17737,11136,10853,2.0
17738,11138,10853,2.0
17739,11272,10853,1.0
17740,11282,10853,3.0
17741,11285,10853,1.0
17742,11421,10853,1.0
17743,11702,10853,1.0
17744,11706,10853,1.0
17745,12022,10853,1.0
17746,12274,10853,1.0
17747,12312,10853,1.0
17748,12824,10853,1.0
17749,14435,10853,1.0
17750,8699,10122,1.0
17751,9126,10122,1.0
17752,9129,10122,1.0
17753,11253,10122,1.0
17754,12667,10122,1.0
17755,8699,10540,1.0
17756,8833,10540,1.0
17757,9536,10540,1.0
17758,9819,10540,1.0
17759,10398,10540,1.0
17760,10966,10540,2.0
17761,11253,10540,2.0
17762,13095,10540,2.0
17763,8709,12290,1.0
17764,9604,12290,1.0
17765,10160,12290,1.0
17766,10889,12290,1.0
17767,11593,12290,1.0
17768,11704,12290,1.0
17769,11726,12290,1.0
17770,11864,12290,1.0
17771,12006,12290,1.0
17772,12007,12290,4.0
17773,12011,12290,1.0
17774,12289,12290,1.0
17775,12291,12290,13.0
17776,12292,12290,2.0
17777,12432,12290,4.0
17778,12434,12290,1.0
17779,12715,12290,1.0
17780,12716,12290,1.0
17781,12845,12290,1.0
17782,12857,12290,3.0
17783,13003,12290,1.0
17784,13261,12290,1.0
17785,13422,12290,2.0
17786,13725,12290,1.0
17787,13848,12290,1.0
17788,13859,12290,1.0
17789,8711,8709,1.0
17790,12290,8709,1.0
17791,8711,15551,1.0
17792,14556,15551,1.0
17793,14970,15551,1.0
17794,14982,15551,2.0
17795,15258,15551,1.0
17796,15550,15551,3.0
17797,15673,15551,2.0
17798,15825,15551,1.0
17799,15832,15551,1.0
17800,16689,15551,1.0
17801,8719,15832,1.0
17802,12575,15832,1.0
17803,12705,15832,1.0
17804,12838,15832,1.0
17805,12999,15832,1.0
17806,13847,15832,2.0
17807,13987,15832,1.0
17808,14986,15832,2.0
17809,15122,15832,1.0
17810,15266,15832,1.0
17811,15398,15832,2.0
17812,15551,15832,1.0
17813,15680,15832,3.0
17814,15822,15832,1.0
17815,15831,15832,1.0
17816,15978,15832,1.0
17817,15985,15832,2.0
17818,16540,15832,1.0
17819,17110,15832,1.0
17820,8720,9426,1.0
17821,8860,9426,1.0
17822,9000,9426,1.0
17823,9003,9426,4.0
17824,9143,9426,1.0
17825,9144,9426,1.0
17826,9146,9426,1.0
17827,9427,9426,3.0
17828,9428,9426,1.0
17829,9429,9426,1.0
17830,9564,9426,2.0
17831,9711,9426,2.0
17832,9852,9426,4.0
17833,9995,9426,2.0
17834,9997,9426,1.0
17835,10138,9426,1.0
17836,10281,9426,2.0
17837,10561,9426,1.0
17838,11432,9426,1.0
17839,11719,9426,1.0
17840,12548,9426,1.0
17841,13962,9426,1.0
17842,8720,12280,1.0
17843,11441,12280,1.0
17844,11983,12280,1.0
17845,12283,12280,1.0
17846,8721,8718,1.0
17847,9004,8718,1.0
17848,8721,12955,1.0
17849,11987,12955,1.0
17850,8722,11997,2.0
17851,10301,11997,1.0
17852,12861,11997,1.0
17853,8723,11603,1.0
17854,10162,11603,1.0
17855,11175,11603,1.0
17856,11604,11603,3.0
17857,11605,11603,1.0
17858,11726,11603,1.0
17859,11745,11603,4.0
17860,11747,11603,1.0
17861,11885,11603,1.0
17862,12282,11603,1.0
17863,12458,11603,3.0
17864,12737,11603,1.0
17865,13022,11603,1.0
17866,13314,11603,1.0
17867,8724,9575,1.0
17868,8865,9575,1.0
17869,8867,9575,1.0
17870,9005,9575,2.0
17871,9010,9575,1.0
17872,9150,9575,2.0
17873,9152,9575,1.0
17874,9154,9575,3.0
17875,9428,9575,1.0
17876,9433,9575,1.0
17877,9434,9575,1.0
17878,9574,9575,4.0
17879,9577,9575,1.0
17880,9586,9575,1.0
17881,9718,9575,3.0
17882,9719,9575,1.0
17883,9857,9575,2.0
17884,9858,9575,1.0
17885,9864,9575,1.0
17886,9867,9575,4.0
17887,9999,9575,2.0
17888,10145,9575,1.0
17889,10146,9575,2.0
17890,10148,9575,1.0
17891,10289,9575,1.0
17892,10291,9575,1.0
17893,10292,9575,1.0
17894,10429,9575,1.0
17895,10435,9575,1.0
17896,10453,9575,1.0
17897,10576,9575,1.0
17898,10854,9575,1.0
17899,11143,9575,1.0
17900,11566,9575,1.0
17901,8725,8863,1.0
17902,9006,8863,1.0
17903,9148,8863,2.0
17904,9712,8863,4.0
17905,8725,8871,3.0
17906,8726,8871,1.0
17907,8729,8871,1.0
17908,8731,8871,2.0
17909,8870,8871,1.0
17910,8873,8871,1.0
17911,9012,8871,2.0
17912,9021,8871,1.0
17913,9435,8871,1.0
17914,9605,8871,2.0
17915,10995,8871,1.0
17916,11156,8871,1.0
17917,8725,9000,1.0
17918,8863,9000,1.0
17919,9426,9000,1.0
17920,9427,9000,1.0
17921,9429,9000,1.0
17922,9706,9000,1.0
17923,9709,9000,1.0
17924,9713,9000,2.0
17925,10137,9000,1.0
17926,10138,9000,1.0
17927,8725,9146,2.0
17928,9003,9146,3.0
17929,9004,9146,1.0
17930,9143,9146,1.0
17931,9145,9146,1.0
17932,9170,9146,1.0
17933,9427,9146,1.0
17934,9429,9146,7.0
17935,9430,9146,1.0
17936,9574,9146,1.0
17937,9855,9146,1.0
17938,9858,9146,1.0
17939,8725,10174,1.0
17940,9025,10174,1.0
17941,9890,10174,1.0
17942,9893,10174,1.0
17943,10029,10174,1.0
17944,10031,10174,1.0
17945,10175,10174,1.0
17946,10318,10174,1.0
17947,10423,10174,1.0
17948,8725,10584,1.0
17949,9164,10584,3.0
17950,9451,10584,1.0
17951,9591,10584,1.0
17952,9604,10584,1.0
17953,9731,10584,1.0
17954,9746,10584,2.0
17955,10016,10584,1.0
17956,10017,10584,1.0
17957,10159,10584,1.0
17958,10163,10584,1.0
17959,10166,10584,1.0
17960,10296,10584,1.0
17961,10438,10584,1.0
17962,10443,10584,1.0
17963,10445,10584,2.0
17964,10581,10584,1.0
17965,10582,10584,3.0
17966,10587,10584,2.0
17967,10860,10584,1.0
17968,10868,10584,1.0
17969,10869,10584,2.0
17970,11012,10584,1.0
17971,11016,10584,1.0
17972,11582,10584,1.0
17973,11724,10584,1.0
17974,12714,10584,1.0
17975,12720,10584,1.0
17976,8725,11089,1.0
17977,8725,11131,1.0
17978,8839,11131,1.0
17979,9013,11131,1.0
17980,9141,11131,1.0
17981,9427,11131,1.0
17982,9574,11131,1.0
17983,9855,11131,1.0
17984,9864,11131,1.0
17985,10137,11131,1.0
17986,10140,11131,1.0
17987,10281,11131,1.0
17988,10565,11131,2.0
17989,10568,11131,1.0
17990,10848,11131,3.0
17991,10853,11131,1.0
17992,10990,11131,2.0
17993,11019,11131,2.0
17994,11024,11131,1.0
17995,11132,11131,1.0
17996,11174,11131,1.0
17997,11271,11131,1.0
17998,11272,11131,2.0
17999,11273,11131,6.0
18000,11274,11131,1.0
18001,11275,11131,3.0
18002,11277,11131,1.0
18003,11282,11131,1.0
18004,11414,11131,1.0
18005,11415,11131,1.0
18006,11416,11131,1.0
18007,11560,11131,4.0
18008,11705,11131,1.0
18009,11708,11131,1.0
18010,13410,11131,3.0
18011,13677,11131,1.0
18012,14564,11131,1.0
18013,8727,10010,1.0
18014,9728,10010,1.0
18015,9869,10010,2.0
18016,9870,10010,1.0
18017,10009,10010,3.0
18018,10012,10010,1.0
18019,10016,10010,1.0
18020,10024,10010,1.0
18021,10151,10010,1.0
18022,10861,10010,2.0
18023,11146,10010,3.0
18024,12283,10010,2.0
18025,12717,10010,2.0
18026,13988,10010,1.0
18027,8727,14545,1.0
18028,11580,14545,3.0
18029,12422,14545,1.0
18030,14119,14545,2.0
18031,14132,14545,1.0
18032,14262,14545,3.0
18033,14405,14545,1.0
18034,14533,14545,1.0
18035,14534,14545,5.0
18036,14535,14545,3.0
18037,14546,14545,2.0
18038,14548,14545,1.0
18039,14687,14545,1.0
18040,14688,14545,4.0
18041,14692,14545,3.0
18042,15255,14545,2.0
18043,8729,8732,3.0
18044,9452,8732,2.0
18045,9585,8732,1.0
18046,9865,8732,1.0
18047,10009,8732,1.0
18048,8730,11863,1.0
18049,10012,11863,1.0
18050,11012,11863,1.0
18051,11401,11863,1.0
18052,11432,11863,1.0
18053,11581,11863,1.0
18054,11722,11863,2.0
18055,11860,11863,1.0
18056,11862,11863,1.0
18057,12703,11863,3.0
18058,13000,11863,1.0
18059,8731,9015,1.0
18060,8873,9015,1.0
18061,9018,9015,1.0
18062,9157,9015,1.0
18063,9583,9015,1.0
18064,9585,9015,1.0
18065,9719,9015,1.0
18066,10143,9015,1.0
18067,10438,9015,1.0
18068,8732,11164,1.0
18069,9586,11164,1.0
18070,9600,11164,1.0
18071,9604,11164,1.0
18072,9889,11164,2.0
18073,10178,11164,2.0
18074,10455,11164,1.0
18075,10598,11164,1.0
18076,11020,11164,1.0
18077,11023,11164,3.0
18078,11024,11164,2.0
18079,11032,11164,5.0
18080,11155,11164,1.0
18081,11163,11164,3.0
18082,11165,11164,1.0
18083,11166,11164,1.0
18084,11301,11164,1.0
18085,11306,11164,2.0
18086,11308,11164,2.0
18087,11448,11164,2.0
18088,11745,11164,1.0
18089,12299,11164,2.0
18090,12425,11164,2.0
18091,12723,11164,2.0
18092,13014,11164,1.0
18093,8732,13452,1.0
18094,10610,13452,1.0
18095,13303,13452,1.0
18096,13312,13452,1.0
18097,13313,13452,1.0
18098,13906,13452,1.0
18099,14297,13452,2.0
18100,14305,13452,1.0
18101,14435,13452,1.0
18102,8733,9585,1.0
18103,9158,9585,2.0
18104,9162,9585,1.0
18105,9441,9585,1.0
18106,9443,9585,1.0
18107,9444,9585,2.0
18108,9445,9585,1.0
18109,9584,9585,2.0
18110,9586,9585,1.0
18111,9727,9585,3.0
18112,10288,9585,1.0
18113,10291,9585,3.0
18114,14560,9585,1.0
18115,8733,10011,2.0
18116,9019,10011,2.0
18117,9584,10011,1.0
18118,9726,10011,1.0
18119,9728,10011,1.0
18120,10007,10011,1.0
18121,10012,10011,6.0
18122,10148,10011,1.0
18123,10151,10011,1.0
18124,10152,10011,2.0
18125,10298,10011,1.0
18126,10415,10011,1.0
18127,10859,10011,1.0
18128,11446,10011,1.0
18129,8733,10563,1.0
18130,9001,10563,1.0
18131,9429,10563,1.0
18132,9567,10563,2.0
18133,10431,10563,1.0
18134,10990,10563,2.0
18135,14412,10563,1.0
18136,8733,14131,1.0
18137,12292,14131,1.0
18138,12858,14131,1.0
18139,14132,14131,1.0
18140,14959,14131,1.0
18141,14984,14131,1.0
18142,15257,14131,1.0
18143,17103,14131,1.0
18144,8734,8875,1.0
18145,8740,8875,1.0
18146,8876,8875,10.0
18147,9020,8875,3.0
18148,9163,8875,1.0
18149,9444,8875,1.0
18150,9588,8875,1.0
18151,9592,8875,1.0
18152,12928,8875,1.0
18153,8734,11446,1.0
18154,9857,11446,1.0
18155,10011,11446,1.0
18156,10170,11446,1.0
18157,10450,11446,1.0
18158,11162,11446,1.0
18159,11282,11446,1.0
18160,11303,11446,2.0
18161,11443,11446,1.0
18162,11448,11446,1.0
18163,11460,11446,1.0
18164,11588,11446,4.0
18165,11589,11446,1.0
18166,11594,11446,1.0
18167,11724,11446,1.0
18168,11728,11446,1.0
18169,11730,11446,2.0
18170,11874,11446,2.0
18171,11885,11446,1.0
18172,12010,11446,1.0
18173,12015,11446,1.0
18174,12271,11446,1.0
18175,12297,11446,1.0
18176,12298,11446,3.0
18177,12299,11446,1.0
18178,12300,11446,2.0
18179,12304,11446,1.0
18180,12437,11446,2.0
18181,12456,11446,1.0
18182,12581,11446,2.0
18183,12716,11446,1.0
18184,12723,11446,1.0
18185,12724,11446,1.0
18186,12871,11446,1.0
18187,13003,11446,1.0
18188,13007,11446,1.0
18189,13143,11446,1.0
18190,13144,11446,1.0
18191,13150,11446,1.0
18192,13151,11446,1.0
18193,13292,11446,2.0
18194,13434,11446,3.0
18195,13716,11446,1.0
18196,13988,11446,1.0
18197,15701,11446,1.0
18198,8735,10309,1.0
18199,10015,10309,1.0
18200,10026,10309,2.0
18201,10308,10309,1.0
18202,10310,10309,2.0
18203,10444,10309,1.0
18204,10448,10309,1.0
18205,10450,10309,1.0
18206,10451,10309,1.0
18207,10453,10309,2.0
18208,10588,10309,1.0
18209,10589,10309,1.0
18210,10594,10309,1.0
18211,11017,10309,1.0
18212,11151,10309,2.0
18213,11165,10309,1.0
18214,11298,10309,1.0
18215,11437,10309,1.0
18216,8735,11573,1.0
18217,11566,11573,1.0
18218,11719,11573,3.0
18219,12003,11573,1.0
18220,12006,11573,1.0
18221,12577,11573,1.0
18222,8736,8861,1.0
18223,9003,8861,1.0
18224,9430,8861,1.0
18225,9855,8861,1.0
18226,15517,8861,1.0
18227,8737,9445,1.0
18228,9018,9445,1.0
18229,9019,9445,3.0
18230,9020,9445,1.0
18231,9032,9445,1.0
18232,9160,9445,2.0
18233,9161,9445,1.0
18234,9162,9445,2.0
18235,9164,9445,1.0
18236,9433,9445,1.0
18237,9444,9445,2.0
18238,9446,9445,1.0
18239,9584,9445,2.0
18240,9586,9445,2.0
18241,9591,9445,1.0
18242,9605,9445,1.0
18243,9710,9445,1.0
18244,8737,9446,1.0
18245,9018,9446,1.0
18246,9441,9446,3.0
18247,9445,9446,1.0
18248,9448,9446,2.0
18249,9451,9446,1.0
18250,9587,9446,1.0
18251,9602,9446,2.0
18252,10139,9446,1.0
18253,11293,9446,1.0
18254,11320,9446,1.0
18255,8737,9877,1.0
18256,9435,9877,1.0
18257,9436,9877,1.0
18258,9437,9877,1.0
18259,9453,9877,1.0
18260,10012,9877,1.0
18261,10018,9877,1.0
18262,10019,9877,1.0
18263,8737,10576,1.0
18264,8862,10576,1.0
18265,9856,10576,1.0
18266,10012,10576,1.0
18267,10149,10576,2.0
18268,10150,10576,2.0
18269,10151,10576,1.0
18270,10280,10576,1.0
18271,10288,10576,1.0
18272,10432,10576,1.0
18273,10434,10576,6.0
18274,10572,10576,5.0
18275,11719,10576,1.0
18276,14125,10576,1.0
18277,8737,11026,1.0
18278,11036,11026,1.0
18279,11168,11026,1.0
18280,11733,11026,1.0
18281,12029,11026,1.0
18282,12873,11026,1.0
18283,13151,11026,1.0
18284,8737,11147,1.0
18285,8744,11147,1.0
18286,9020,11147,2.0
18287,10025,11147,1.0
18288,10026,11147,1.0
18289,10865,11147,1.0
18290,10869,11147,1.0
18291,11015,11147,3.0
18292,11148,11147,2.0
18293,11153,11147,1.0
18294,11155,11147,1.0
18295,11290,11147,2.0
18296,11298,11147,1.0
18297,11987,11147,1.0
18298,8737,11168,1.0
18299,10034,11168,2.0
18300,10039,11168,1.0
18301,10450,11168,1.0
18302,10875,11168,1.0
18303,10889,11168,1.0
18304,10892,11168,1.0
18305,11014,11168,1.0
18306,11024,11168,3.0
18307,11026,11168,1.0
18308,11027,11168,3.0
18309,11031,11168,1.0
18310,11165,11168,1.0
18311,11169,11168,1.0
18312,11312,11168,2.0
18313,11871,11168,1.0
18314,8738,9709,1.0
18315,9000,9709,1.0
18316,9164,9709,1.0
18317,9424,9709,1.0
18318,9427,9709,3.0
18319,9446,9709,1.0
18320,9567,9709,2.0
18321,9568,9709,1.0
18322,9710,9709,1.0
18323,9711,9709,1.0
18324,9992,9709,4.0
18325,9993,9709,1.0
18326,9995,9709,2.0
18327,10136,9709,1.0
18328,10138,9709,1.0
18329,10139,9709,1.0
18330,10170,9709,1.0
18331,10316,9709,1.0
18332,12273,9709,1.0
18333,13413,9709,1.0
18334,8738,10163,1.0
18335,9164,10163,1.0
18336,9733,10163,1.0
18337,9736,10163,1.0
18338,9878,10163,4.0
18339,9882,10163,1.0
18340,9888,10163,1.0
18341,10020,10163,3.0
18342,10021,10163,1.0
18343,10151,10163,1.0
18344,10160,10163,1.0
18345,10162,10163,1.0
18346,10291,10163,1.0
18347,10304,10163,1.0
18348,10305,10163,1.0
18349,10589,10163,1.0
18350,10597,10163,1.0
18351,10865,10163,1.0
18352,11296,10163,1.0
18353,8739,11458,1.0
18354,11173,11458,3.0
18355,11456,11458,2.0
18356,11460,11458,2.0
18357,11461,11458,1.0
18358,11600,11458,3.0
18359,11602,11458,3.0
18360,11743,11458,1.0
18361,11745,11458,3.0
18362,11885,11458,3.0
18363,12025,11458,1.0
18364,12282,11458,1.0
18365,12312,11458,3.0
18366,12425,11458,1.0
18367,12448,11458,1.0
18368,8739,12727,1.0
18369,11746,12727,1.0
18370,12276,12727,1.0
18371,12290,12727,1.0
18372,12448,12727,1.0
18373,12585,12727,1.0
18374,12588,12727,1.0
18375,12590,12727,1.0
18376,12719,12727,1.0
18377,12723,12727,1.0
18378,12724,12727,1.0
18379,12729,12727,2.0
18380,12868,12727,1.0
18381,12869,12727,2.0
18382,12870,12727,1.0
18383,13009,12727,1.0
18384,13011,12727,1.0
18385,13014,12727,1.0
18386,13156,12727,1.0
18387,13290,12727,1.0
18388,13437,12727,1.0
18389,14000,12727,1.0
18390,14006,12727,1.0
18391,8740,11888,1.0
18392,11746,11888,1.0
18393,11889,11888,3.0
18394,11890,11888,3.0
18395,12312,11888,1.0
18396,12439,11888,1.0
18397,12455,11888,1.0
18398,12457,11888,1.0
18399,12741,11888,2.0
18400,12879,11888,2.0
18401,13169,11888,1.0
18402,8740,14670,1.0
18403,13390,14670,1.0
18404,13821,14670,1.0
18405,14244,14670,1.0
18406,14386,14670,3.0
18407,14387,14670,1.0
18408,14531,14670,1.0
18409,14669,14670,1.0
18410,14958,14670,1.0
18411,15101,14670,2.0
18412,8741,8883,2.0
18413,8741,9029,1.0
18414,8742,9029,2.0
18415,8879,9029,1.0
18416,9030,9029,1.0
18417,9164,9029,1.0
18418,9171,9029,1.0
18419,9172,9029,1.0
18420,9175,9029,1.0
18421,9604,9029,1.0
18422,11444,9029,1.0
18423,8741,16688,1.0
18424,11841,16688,1.0
18425,12719,16688,1.0
18426,12863,16688,1.0
18427,13678,16688,1.0
18428,13695,16688,1.0
18429,14134,16688,1.0
18430,14410,16688,1.0
18431,14413,16688,3.0
18432,14554,16688,1.0
18433,15121,16688,1.0
18434,15126,16688,1.0
18435,15134,16688,1.0
18436,15266,16688,1.0
18437,15410,16688,1.0
18438,15974,16688,1.0
18439,16121,16688,1.0
18440,16545,16688,1.0
18441,16547,16688,1.0
18442,16689,16688,5.0
18443,18240,16688,1.0
18444,8742,10580,2.0
18445,8880,10580,1.0
18446,9440,10580,1.0
18447,9733,10580,1.0
18448,10280,10580,1.0
18449,10435,10580,2.0
18450,10438,10580,1.0
18451,10443,10580,1.0
18452,10578,10580,1.0
18453,10864,10580,1.0
18454,10865,10580,2.0
18455,10866,10580,2.0
18456,10873,10580,1.0
18457,11148,10580,1.0
18458,11288,10580,1.0
18459,11418,10580,1.0
18460,11432,10580,1.0
18461,11883,10580,1.0
18462,12395,10580,1.0
18463,12843,10580,1.0
18464,8742,12027,1.0
18465,9887,12027,1.0
18466,11172,12027,1.0
18467,11174,12027,1.0
18468,11586,12027,1.0
18469,11598,12027,1.0
18470,11746,12027,1.0
18471,11882,12027,1.0
18472,11883,12027,1.0
18473,11884,12027,2.0
18474,11885,12027,2.0
18475,11886,12027,1.0
18476,11887,12027,1.0
18477,12026,12027,4.0
18478,12029,12027,1.0
18479,12032,12027,1.0
18480,12310,12027,3.0
18481,12312,12027,1.0
18482,12314,12027,1.0
18483,12454,12027,2.0
18484,12575,12027,1.0
18485,12600,12027,1.0
18486,12739,12027,2.0
18487,12740,12027,2.0
18488,13024,12027,1.0
18489,13167,12027,1.0
18490,13725,12027,1.0
18491,14161,12027,1.0
18492,8743,9734,3.0
18493,9448,9734,1.0
18494,9591,9734,1.0
18495,9731,9734,1.0
18496,9732,9734,2.0
18497,9733,9734,1.0
18498,9876,9734,1.0
18499,13108,9734,1.0
18500,8744,10020,1.0
18501,9878,10020,1.0
18502,10018,10020,1.0
18503,10021,10020,2.0
18504,10030,10020,1.0
18505,10163,10020,5.0
18506,10168,10020,2.0
18507,10454,10020,1.0
18508,10881,10020,1.0
18509,10882,10020,1.0
18510,11437,10020,2.0
18511,11438,10020,7.0
18512,8744,10892,1.0
18513,9013,10892,1.0
18514,9887,10892,1.0
18515,9888,10892,1.0
18516,10029,10892,1.0
18517,10031,10892,1.0
18518,10032,10892,1.0
18519,10324,10892,1.0
18520,10466,10892,1.0
18521,10467,10892,1.0
18522,10600,10892,2.0
18523,10606,10892,1.0
18524,10888,10892,3.0
18525,10889,10892,2.0
18526,10891,10892,2.0
18527,10893,10892,1.0
18528,10894,10892,2.0
18529,11020,10892,2.0
18530,11033,10892,1.0
18531,11034,10892,6.0
18532,11035,10892,1.0
18533,11036,10892,2.0
18534,11438,10892,1.0
18535,11447,10892,1.0
18536,11456,10892,2.0
18537,11460,10892,1.0
18538,12019,10892,1.0
18539,12588,10892,2.0
18540,8746,11148,1.0
18541,9444,11148,1.0
18542,9445,11148,2.0
18543,10147,11148,2.0
18544,10584,11148,1.0
18545,10866,11148,1.0
18546,11146,11148,2.0
18547,11147,11148,1.0
18548,11149,11148,1.0
18549,11286,11148,1.0
18550,11290,11148,1.0
18551,13987,11148,1.0
18552,8830,4447,2.0
18553,8830,10252,1.0
18554,8984,10252,2.0
18555,8830,11651,1.0
18556,11519,11651,1.0
18557,8833,7406,2.0
18558,8833,12451,1.0
18559,11590,12451,1.0
18560,11745,12451,1.0
18561,11881,12451,1.0
18562,12025,12451,2.0
18563,12026,12451,1.0
18564,12298,12451,2.0
18565,12309,12451,1.0
18566,12311,12451,1.0
18567,12315,12451,1.0
18568,12441,12451,1.0
18569,12443,12451,1.0
18570,12446,12451,1.0
18571,12447,12451,2.0
18572,12450,12451,3.0
18573,12454,12451,1.0
18574,12589,12451,1.0
18575,12590,12451,1.0
18576,12725,12451,1.0
18577,12732,12451,1.0
18578,12876,12451,1.0
18579,13025,12451,1.0
18580,13160,12451,1.0
18581,13443,12451,1.0
18582,8834,9542,1.0
18583,8835,10287,1.0
18584,9999,10287,1.0
18585,10006,10287,1.0
18586,10145,10287,2.0
18587,10286,10287,1.0
18588,10426,10287,2.0
18589,10429,10287,1.0
18590,10432,10287,2.0
18591,10433,10287,2.0
18592,10996,10287,2.0
18593,11286,10287,2.0
18594,13822,10287,1.0
18595,8835,10995,1.0
18596,9450,10995,1.0
18597,9451,10995,1.0
18598,10285,10995,1.0
18599,10287,10995,1.0
18600,10427,10995,1.0
18601,10430,10995,2.0
18602,10569,10995,1.0
18603,10847,10995,1.0
18604,11004,10995,2.0
18605,11139,10995,1.0
18606,11140,10995,2.0
18607,11278,10995,1.0
18608,11281,10995,1.0
18609,11282,10995,2.0
18610,8835,14533,1.0
18611,9098,14533,1.0
18612,12579,14533,1.0
18613,13392,14533,1.0
18614,13408,14533,1.0
18615,13672,14533,1.0
18616,13982,14533,1.0
18617,14385,14533,1.0
18618,14407,14533,1.0
18619,14408,14533,1.0
18620,14410,14533,1.0
18621,14523,14533,1.0
18622,14532,14533,1.0
18623,14534,14533,3.0
18624,14535,14533,2.0
18625,14548,14533,1.0
18626,14688,14533,1.0
18627,14689,14533,1.0
18628,14691,14533,1.0
18629,14697,14533,2.0
18630,14959,14533,1.0
18631,15101,14533,1.0
18632,15135,14533,1.0
18633,15243,14533,2.0
18634,8836,9409,1.0
18635,8836,14295,1.0
18636,11740,14295,1.0
18637,11875,14295,1.0
18638,11876,14295,1.0
18639,11878,14295,1.0
18640,11880,14295,2.0
18641,11889,14295,2.0
18642,12026,14295,1.0
18643,12720,14295,1.0
18644,12873,14295,1.0
18645,13143,14295,1.0
18646,13157,14295,1.0
18647,13158,14295,1.0
18648,13300,14295,1.0
18649,13435,14295,1.0
18650,13438,14295,1.0
18651,13444,14295,1.0
18652,13869,14295,1.0
18653,13870,14295,4.0
18654,13878,14295,2.0
18655,14008,14295,2.0
18656,14009,14295,2.0
18657,14010,14295,1.0
18658,14011,14295,1.0
18659,14012,14295,2.0
18660,14014,14295,1.0
18661,14153,14295,7.0
18662,14292,14295,4.0
18663,14293,14295,4.0
18664,14297,14295,3.0
18665,14298,14295,1.0
18666,14434,14295,3.0
18667,14437,14295,1.0
18668,14439,14295,2.0
18669,14444,14295,1.0
18670,14999,14295,2.0
18671,15006,14295,1.0
18672,15140,14295,1.0
18673,15278,14295,2.0
18674,15282,14295,1.0
18675,15874,14295,1.0
18676,15995,14295,1.0
18677,16849,14295,1.0
18678,16993,14295,1.0
18679,17996,14295,1.0
18680,19423,14295,1.0
18681,8837,7548,1.0
18682,8837,11107,1.0
18683,10966,11107,6.0
18684,10967,11107,1.0
18685,11108,11107,2.0
18686,11389,11107,1.0
18687,12528,11107,1.0
18688,13393,11107,1.0
18689,8838,9112,1.0
18690,8838,9413,1.0
18691,8838,9554,1.0
18692,9129,9554,2.0
18693,8838,11098,1.0
18694,11519,11098,2.0
18695,11520,11098,1.0
18696,12668,11098,1.0
18697,8838,12006,1.0
18698,10016,12006,1.0
18699,10591,12006,1.0
18700,11296,12006,2.0
18701,11299,12006,1.0
18702,11573,12006,1.0
18703,11580,12006,1.0
18704,11719,12006,1.0
18705,11868,12006,1.0
18706,12008,12006,2.0
18707,12275,12006,1.0
18708,12288,12006,2.0
18709,12289,12006,1.0
18710,12290,12006,1.0
18711,12291,12006,1.0
18712,12294,12006,1.0
18713,12418,12006,1.0
18714,12432,12006,3.0
18715,12433,12006,1.0
18716,12578,12006,1.0
18717,12857,12006,1.0
18718,13855,12006,1.0
18719,15258,12006,1.0
18720,8839,6993,1.0
18721,8839,10536,2.0
18722,9678,10536,1.0
18723,9679,10536,2.0
18724,8839,11519,1.0
18725,11094,11519,2.0
18726,11098,11519,1.0
18727,11241,11519,1.0
18728,11377,11519,3.0
18729,11517,11519,1.0
18730,11520,11519,2.0
18731,11529,11519,1.0
18732,11651,11519,1.0
18733,13935,11519,1.0
18734,8839,11667,1.0
18735,11947,11667,3.0
18736,8839,12810,1.0
18737,10289,12810,1.0
18738,10966,12810,1.0
18739,11096,12810,1.0
18740,11107,12810,1.0
18741,12262,12810,1.0
18742,12384,12810,2.0
18743,12385,12810,1.0
18744,12386,12810,1.0
18745,12392,12810,2.0
18746,12519,12810,1.0
18747,12526,12810,1.0
18748,12527,12810,1.0
18749,12528,12810,1.0
18750,12529,12810,1.0
18751,12534,12810,1.0
18752,12668,12810,7.0
18753,12669,12810,1.0
18754,12932,12810,1.0
18755,12952,12810,3.0
18756,13237,12810,1.0
18757,13376,12810,1.0
18758,13381,12810,1.0
18759,13648,12810,1.0
18760,13792,12810,1.0
18761,13793,12810,2.0
18762,13794,12810,1.0
18763,14216,12810,1.0
18764,14493,12810,1.0
18765,14916,12810,1.0
18766,15222,12810,1.0
18767,8839,14633,1.0
18768,12217,14633,1.0
18769,12501,14633,1.0
18770,12810,14633,2.0
18771,13934,14633,1.0
18772,14066,14633,3.0
18773,14632,14633,1.0
18774,14634,14633,1.0
18775,14916,14633,5.0
18776,14917,14633,1.0
18777,16049,14633,1.0
18778,8842,9129,1.0
18779,9554,9129,2.0
18780,10122,9129,1.0
18781,8842,10088,1.0
18782,8859,10423,1.0
18783,8881,10423,1.0
18784,9003,10423,1.0
18785,9710,10423,1.0
18786,9712,10423,1.0
18787,9854,10423,1.0
18788,9882,10423,2.0
18789,9993,10423,1.0
18790,10138,10423,1.0
18791,10140,10423,1.0
18792,10424,10423,1.0
18793,10990,10423,2.0
18794,10993,10423,1.0
18795,11130,10423,1.0
18796,11135,10423,1.0
18797,11157,10423,1.0
18798,8860,9752,1.0
18799,9030,9752,2.0
18800,9459,9752,2.0
18801,9746,9752,1.0
18802,9888,9752,2.0
18803,9889,9752,1.0
18804,9892,9752,2.0
18805,10160,9752,1.0
18806,10161,9752,1.0
18807,10180,9752,1.0
18808,10307,9752,1.0
18809,10320,9752,1.0
18810,10455,9752,3.0
18811,10603,9752,1.0
18812,10606,9752,1.0
18813,11017,9752,1.0
18814,11023,9752,1.0
18815,11029,9752,1.0
18816,11167,9752,1.0
18817,11299,9752,1.0
18818,11305,9752,1.0
18819,12706,9752,1.0
18820,8861,333,1.0
18821,8861,9003,2.0
18822,9004,9003,1.0
18823,9023,9003,1.0
18824,9142,9003,3.0
18825,9145,9003,1.0
18826,9146,9003,4.0
18827,9426,9003,6.0
18828,9427,9003,1.0
18829,9429,9003,3.0
18830,9436,9003,1.0
18831,9452,9003,1.0
18832,9568,9003,3.0
18833,9719,9003,1.0
18834,9855,9003,1.0
18835,10423,9003,1.0
18836,11272,9003,1.0
18837,11587,9003,1.0
18838,8861,9425,1.0
18839,9430,9425,2.0
18840,10136,9425,1.0
18841,8861,15517,1.0
18842,8863,9148,2.0
18843,9427,9148,1.0
18844,9432,9148,3.0
18845,9435,9148,1.0
18846,8865,9007,1.0
18847,8867,9007,1.0
18848,9008,9007,1.0
18849,9433,9007,1.0
18850,10006,9007,1.0
18851,8865,9433,2.0
18852,9005,9433,1.0
18853,9007,9433,1.0
18854,9151,9433,1.0
18855,9152,9433,1.0
18856,9429,9433,1.0
18857,9575,9433,2.0
18858,9577,9433,2.0
18859,9578,9433,1.0
18860,9853,9433,1.0
18861,9859,9433,1.0
18862,11130,9433,1.0
18863,11176,9433,1.0
18864,12283,9433,2.0
18865,8865,12283,1.0
18866,9433,12283,1.0
18867,9857,12283,1.0
18868,10010,12283,2.0
18869,10011,12283,1.0
18870,10016,12283,1.0
18871,10160,12283,1.0
18872,10170,12283,1.0
18873,10439,12283,2.0
18874,10585,12283,1.0
18875,10587,12283,1.0
18876,11007,12283,1.0
18877,11009,12283,1.0
18878,11159,12283,1.0
18879,11290,12283,1.0
18880,11293,12283,2.0
18881,11433,12283,1.0
18882,11437,12283,2.0
18883,11448,12283,1.0
18884,11575,12283,1.0
18885,11580,12283,1.0
18886,11596,12283,1.0
18887,11715,12283,1.0
18888,11718,12283,1.0
18889,11720,12283,1.0
18890,11737,12283,1.0
18891,11857,12283,1.0
18892,11861,12283,1.0
18893,11866,12283,1.0
18894,11999,12283,1.0
18895,12004,12283,1.0
18896,12275,12283,2.0
18897,12277,12283,1.0
18898,12281,12283,5.0
18899,12285,12283,1.0
18900,12290,12283,1.0
18901,12292,12283,3.0
18902,12425,12283,1.0
18903,12426,12283,1.0
18904,12430,12283,2.0
18905,12432,12283,1.0
18906,12440,12283,1.0
18907,12569,12283,1.0
18908,12570,12283,1.0
18909,12574,12283,3.0
18910,12589,12283,1.0
18911,12689,12283,1.0
18912,12720,12283,1.0
18913,12723,12283,1.0
18914,12845,12283,2.0
18915,12866,12283,1.0
18916,13133,12283,1.0
18917,13148,12283,1.0
18918,13392,12283,1.0
18919,13657,12283,1.0
18920,13697,12283,1.0
18921,13855,12283,2.0
18922,13964,12283,1.0
18923,13995,12283,1.0
18924,14134,12283,2.0
18925,14385,12283,1.0
18926,14413,12283,1.0
18927,14689,12283,1.0
18928,8867,9011,1.0
18929,8869,9011,1.0
18930,8871,9011,1.0
18931,9009,9011,1.0
18932,9010,9011,2.0
18933,9154,9011,1.0
18934,9158,9011,1.0
18935,9430,9011,1.0
18936,9434,9011,2.0
18937,9435,9011,1.0
18938,9719,9011,5.0
18939,10993,9011,1.0
18940,11287,9011,1.0
18941,8867,9576,1.0
18942,9719,9576,1.0
18943,10145,9576,1.0
18944,14010,9576,1.0
18945,14020,9576,1.0
18946,8867,9861,1.0
18947,9577,9861,2.0
18948,9605,9861,2.0
18949,9718,9861,2.0
18950,9719,9861,2.0
18951,9857,9861,3.0
18952,9864,9861,2.0
18953,9865,9861,1.0
18954,10004,9861,1.0
18955,10006,9861,1.0
18956,10029,9861,1.0
18957,10139,9861,2.0
18958,10144,9861,1.0
18959,10147,9861,1.0
18960,10148,9861,1.0
18961,10150,9861,1.0
18962,10433,9861,1.0
18963,10568,9861,2.0
18964,10588,9861,1.0
18965,11282,9861,1.0
18966,11564,9861,1.0
18967,11566,9861,1.0
18968,8867,11843,1.0
18969,9427,11843,1.0
18970,10149,11843,1.0
18971,10170,11843,1.0
18972,11701,11843,1.0
18973,11978,11843,1.0
18974,12275,11843,1.0
18975,12694,11843,1.0
18976,13820,11843,1.0
18977,13821,11843,1.0
18978,14261,11843,1.0
18979,8867,15419,1.0
18980,12579,15419,1.0
18981,13003,15419,1.0
18982,13432,15419,1.0
18983,13855,15419,1.0
18984,13979,15419,1.0
18985,13986,15419,1.0
18986,14276,15419,1.0
18987,14710,15419,3.0
18988,14711,15419,1.0
18989,14994,15419,2.0
18990,15002,15419,1.0
18991,15132,15419,3.0
18992,15135,15419,1.0
18993,15272,15419,1.0
18994,15275,15419,2.0
18995,15277,15419,1.0
18996,15417,15419,1.0
18997,15559,15419,2.0
18998,15711,15419,1.0
18999,8868,8576,2.0
19000,8868,9434,1.0
19001,9009,9434,2.0
19002,9150,9434,1.0
19003,9151,9434,3.0
19004,9154,9434,2.0
19005,9435,9434,1.0
19006,9436,9434,2.0
19007,9574,9434,1.0
19008,9575,9434,2.0
19009,9577,9434,1.0
19010,9599,9434,1.0
19011,9717,9434,1.0
19012,9718,9434,1.0
19013,9883,9434,2.0
19014,10004,9434,1.0
19015,10152,9434,1.0
19016,11983,9434,2.0
19017,12422,9434,1.0
19018,12704,9434,1.0
19019,8869,11141,1.0
19020,9154,11141,1.0
19021,9591,11141,1.0
19022,9864,11141,2.0
19023,9889,11141,1.0
19024,10031,11141,1.0
19025,10137,11141,1.0
19026,10146,11141,1.0
19027,10160,11141,1.0
19028,10173,11141,1.0
19029,10574,11141,3.0
19030,10858,11141,1.0
19031,10993,11141,1.0
19032,10998,11141,2.0
19033,11010,11141,1.0
19034,11117,11141,1.0
19035,11139,11141,1.0
19036,11140,11141,7.0
19037,11274,11141,1.0
19038,11276,11141,1.0
19039,11282,11141,3.0
19040,11566,11141,1.0
19041,11710,11141,1.0
19042,8869,12410,2.0
19043,10143,12410,1.0
19044,11162,12410,1.0
19045,11272,12410,2.0
19046,11702,12410,3.0
19047,11983,12410,1.0
19048,12838,12410,1.0
19049,12978,12410,2.0
19050,13393,12410,1.0
19051,13422,12410,1.0
19052,13832,12410,1.0
19053,16686,12410,1.0
19054,8870,9858,1.0
19055,9146,9858,1.0
19056,9428,9858,2.0
19057,9429,9858,2.0
19058,9450,9858,1.0
19059,9852,9858,1.0
19060,9857,9858,3.0
19061,9997,9858,1.0
19062,12316,9858,1.0
19063,8870,10875,1.0
19064,9164,10875,1.0
19065,9429,10875,1.0
19066,10013,10875,1.0
19067,10029,10875,1.0
19068,10585,10875,1.0
19069,10590,10875,1.0
19070,10591,10875,1.0
19071,10873,10875,2.0
19072,10874,10875,1.0
19073,10876,10875,4.0
19074,11017,10875,1.0
19075,11168,10875,1.0
19076,11455,10875,1.0
19077,13152,10875,1.0
19078,8870,11275,1.0
19079,9605,11275,1.0
19080,10154,11275,1.0
19081,11131,11275,2.0
19082,11135,11275,1.0
19083,11272,11275,2.0
19084,11273,11275,3.0
19085,11277,11275,2.0
19086,11566,11275,1.0
19087,11699,11275,1.0
19088,11706,11275,1.0
19089,11841,11275,1.0
19090,8870,11568,1.0
19091,10288,11568,1.0
19092,10573,11568,1.0
19093,11275,11568,1.0
19094,11282,11568,2.0
19095,11284,11568,1.0
19096,11286,11568,1.0
19097,11423,11568,1.0
19098,11427,11568,1.0
19099,11566,11568,2.0
19100,11567,11568,1.0
19101,11585,11568,1.0
19102,11701,11568,1.0
19103,11709,11568,1.0
19104,11842,11568,1.0
19105,12275,11568,1.0
19106,12419,11568,1.0
19107,8871,11453,1.0
19108,9891,11453,1.0
19109,10450,11453,1.0
19110,10892,11453,2.0
19111,11023,11453,1.0
19112,11173,11453,1.0
19113,11306,11453,1.0
19114,11307,11453,1.0
19115,11308,11453,3.0
19116,11310,11453,3.0
19117,11311,11453,2.0
19118,11312,11453,1.0
19119,11447,11453,1.0
19120,11451,11453,1.0
19121,11454,11453,1.0
19122,11594,11453,1.0
19123,11604,11453,1.0
19124,12982,11453,1.0
19125,8872,8730,1.0
19126,9149,8730,1.0
19127,9154,8730,1.0
19128,9427,8730,1.0
19129,10140,8730,1.0
19130,8872,9582,1.0
19131,9144,9582,1.0
19132,9154,9582,3.0
19133,9156,9582,1.0
19134,9157,9582,1.0
19135,9164,9582,1.0
19136,9439,9582,2.0
19137,9440,9582,2.0
19138,9441,9582,5.0
19139,9581,9582,5.0
19140,9584,9582,1.0
19141,9585,9582,1.0
19142,9586,9582,2.0
19143,9599,9582,1.0
19144,9719,9582,3.0
19145,9723,9582,10.0
19146,9727,9582,1.0
19147,10149,9582,1.0
19148,10160,9582,1.0
19149,10432,9582,1.0
19150,8872,11704,1.0
19151,9441,11704,1.0
19152,9443,11704,1.0
19153,9727,11704,1.0
19154,10143,11704,1.0
19155,10577,11704,1.0
19156,10852,11704,1.0
19157,10854,11704,1.0
19158,11420,11704,1.0
19159,11434,11704,1.0
19160,11562,11704,1.0
19161,11566,11704,1.0
19162,11567,11704,3.0
19163,11580,11704,3.0
19164,11703,11704,1.0
19165,11706,11704,1.0
19166,11709,11704,2.0
19167,11847,11704,1.0
19168,11851,11704,1.0
19169,12271,11704,1.0
19170,12548,11704,1.0
19171,12824,11704,1.0
19172,12952,11704,1.0
19173,13284,11704,1.0
19174,13395,11704,1.0
19175,15113,11704,1.0
19176,16546,11704,1.0
19177,8873,11585,1.0
19178,10168,11585,1.0
19179,10308,11585,1.0
19180,10452,11585,3.0
19181,10587,11585,1.0
19182,10877,11585,2.0
19183,11015,11585,1.0
19184,11017,11585,1.0
19185,11162,11585,1.0
19186,11299,11585,1.0
19187,11300,11585,1.0
19188,11443,11585,7.0
19189,11444,11585,1.0
19190,11445,11585,3.0
19191,11584,11585,3.0
19192,11586,11585,1.0
19193,11588,11585,1.0
19194,11599,11585,1.0
19195,11727,11585,2.0
19196,11844,11585,1.0
19197,11861,11585,1.0
19198,11869,11585,1.0
19199,12007,11585,1.0
19200,12011,11585,1.0
19201,12274,11585,1.0
19202,12434,11585,1.0
19203,12575,11585,2.0
19204,12725,11585,1.0
19205,12730,11585,1.0
19206,12858,11585,1.0
19207,12866,11585,1.0
19208,12997,11585,1.0
19209,13002,11585,1.0
19210,13145,11585,1.0
19211,14490,11585,1.0
19212,16992,11585,1.0
19213,17113,11585,1.0
19214,8873,12279,1.0
19215,11015,12279,1.0
19216,11443,12279,1.0
19217,11703,12279,1.0
19218,12275,12279,1.0
19219,12281,12279,1.0
19220,12705,12279,1.0
19221,12845,12279,2.0
19222,8873,12439,1.0
19223,12440,12439,1.0
19224,12582,12439,3.0
19225,12593,12439,1.0
19226,14275,12439,1.0
19227,8875,9588,1.0
19228,9160,9588,1.0
19229,9162,9588,1.0
19230,9164,9588,1.0
19231,9446,9588,1.0
19232,9582,9588,1.0
19233,9728,9588,1.0
19234,10148,9588,1.0
19235,11019,9588,1.0
19236,11140,9588,1.0
19237,11983,9588,1.0
19238,8875,13781,1.0
19239,8876,10300,1.0
19240,10285,10300,1.0
19241,10587,10300,1.0
19242,11287,10300,1.0
19243,8876,11878,1.0
19244,10170,11878,1.0
19245,11026,11878,1.0
19246,11165,11878,2.0
19247,11174,11878,1.0
19248,11450,11878,1.0
19249,11452,11878,1.0
19250,11454,11878,1.0
19251,11455,11878,2.0
19252,11456,11878,1.0
19253,11593,11878,1.0
19254,11594,11878,7.0
19255,11596,11878,1.0
19256,11598,11878,3.0
19257,11702,11878,1.0
19258,11736,11878,4.0
19259,11737,11878,1.0
19260,11738,11878,3.0
19261,11739,11878,1.0
19262,11741,11878,1.0
19263,11879,11878,7.0
19264,11886,11878,1.0
19265,11888,11878,1.0
19266,12019,11878,1.0
19267,12020,11878,1.0
19268,12023,11878,1.0
19269,12026,11878,2.0
19270,12277,11878,1.0
19271,12310,11878,1.0
19272,12442,11878,2.0
19273,12448,11878,2.0
19274,12587,11878,1.0
19275,12588,11878,3.0
19276,13011,11878,1.0
19277,14008,11878,1.0
19278,14708,11878,1.0
19279,8876,12573,1.0
19280,11293,12573,2.0
19281,11862,12573,1.0
19282,12286,12573,1.0
19283,12291,12573,1.0
19284,12292,12573,2.0
19285,12419,12573,1.0
19286,12430,12573,1.0
19287,12572,12573,2.0
19288,12578,12573,1.0
19289,12711,12573,1.0
19290,12715,12573,1.0
19291,12859,12573,1.0
19292,14130,12573,1.0
19293,8877,10016,1.0
19294,9452,10016,1.0
19295,9872,10016,1.0
19296,9873,10016,3.0
19297,9875,10016,1.0
19298,10010,10016,1.0
19299,10017,10016,1.0
19300,10018,10016,1.0
19301,10021,10016,1.0
19302,10022,10016,1.0
19303,10157,10016,1.0
19304,10297,10016,1.0
19305,10584,10016,1.0
19306,10591,10016,1.0
19307,12006,10016,1.0
19308,8878,9733,1.0
19309,9018,9733,1.0
19310,9164,9733,1.0
19311,9443,9733,2.0
19312,9447,9733,1.0
19313,9448,9733,1.0
19314,9587,9733,1.0
19315,9589,9733,2.0
19316,9590,9733,1.0
19317,9596,9733,2.0
19318,9727,9733,1.0
19319,9731,9733,1.0
19320,9732,9733,3.0
19321,9734,9733,4.0
19322,9875,9733,3.0
19323,9876,9733,1.0
19324,10018,9733,1.0
19325,10161,9733,1.0
19326,8878,11432,1.0
19327,9161,11432,1.0
19328,9427,11432,1.0
19329,9435,11432,1.0
19330,9740,11432,1.0
19331,9881,11432,1.0
19332,10580,11432,1.0
19333,10864,11432,1.0
19334,11295,11432,1.0
19335,11712,11432,1.0
19336,11863,11432,1.0
19337,11956,11432,1.0
19338,12425,11432,1.0
19339,13000,11432,1.0
19340,13694,11432,2.0
19341,16689,11432,1.0
19342,8879,10135,1.0
19343,9173,10135,1.0
19344,10138,10135,2.0
19345,8879,12009,1.0
19346,10170,12009,1.0
19347,11017,12009,1.0
19348,11157,12009,1.0
19349,11580,12009,1.0
19350,11723,12009,2.0
19351,11725,12009,2.0
19352,11727,12009,2.0
19353,11860,12009,1.0
19354,12010,12009,2.0
19355,12011,12009,1.0
19356,12021,12009,2.0
19357,12291,12009,2.0
19358,12435,12009,2.0
19359,12437,12009,1.0
19360,12440,12009,1.0
19361,12575,12009,2.0
19362,12577,12009,1.0
19363,12579,12009,1.0
19364,12719,12009,1.0
19365,12842,12009,1.0
19366,13422,12009,2.0
19367,8879,13704,1.0
19368,12724,13704,1.0
19369,13141,13704,1.0
19370,13430,13704,1.0
19371,13987,13704,1.0
19372,14406,13704,1.0
19373,14537,13704,2.0
19374,8880,8428,2.0
19375,9160,8428,1.0
19376,10279,8428,1.0
19377,10564,8428,1.0
19378,10848,8428,5.0
19379,10851,8428,1.0
19380,10991,8428,3.0
19381,11131,8428,1.0
19382,11143,8428,1.0
19383,11270,8428,1.0
19384,8880,9142,1.0
19385,9003,9142,3.0
19386,10422,9142,1.0
19387,8880,9727,1.0
19388,9159,9727,5.0
19389,9160,9727,1.0
19390,9165,9727,1.0
19391,9167,9727,1.0
19392,9174,9727,1.0
19393,9443,9727,4.0
19394,9582,9727,1.0
19395,9585,9727,2.0
19396,9586,9727,2.0
19397,9589,9727,1.0
19398,9721,9727,1.0
19399,9728,9727,3.0
19400,9729,9727,2.0
19401,9731,9727,1.0
19402,9736,9727,1.0
19403,9865,9727,1.0
19404,10015,9727,1.0
19405,10026,9727,1.0
19406,10458,9727,1.0
19407,11278,9727,1.0
19408,12864,9727,1.0
19409,8880,10864,1.0
19410,9165,10864,1.0
19411,10159,10864,1.0
19412,10435,10864,1.0
19413,10580,10864,1.0
19414,10993,10864,1.0
19415,11006,10864,1.0
19416,11022,10864,1.0
19417,11432,10864,1.0
19418,11883,10864,1.0
19419,8880,11596,1.0
19420,10607,11596,1.0
19421,11452,11596,1.0
19422,11454,11596,1.0
19423,11594,11596,2.0
19424,11595,11596,2.0
19425,11598,11596,2.0
19426,11704,11596,1.0
19427,11732,11596,2.0
19428,11737,11596,5.0
19429,11738,11596,1.0
19430,11880,11596,1.0
19431,12312,11596,1.0
19432,12435,11596,1.0
19433,13011,11596,1.0
19434,14674,11596,1.0
19435,15258,11596,1.0
19436,21571,11596,1.0
19437,8880,13835,1.0
19438,12276,13835,1.0
19439,12283,13835,2.0
19440,13279,13835,1.0
19441,13281,13835,1.0
19442,13690,13835,5.0
19443,13691,13835,1.0
19444,13694,13835,4.0
19445,13834,13835,4.0
19446,14118,13835,1.0
19447,14413,13835,2.0
19448,8880,14400,1.0
19449,13146,14400,1.0
19450,14268,14400,2.0
19451,14540,14400,1.0
19452,8881,11426,1.0
19453,9724,11426,1.0
19454,10291,11426,1.0
19455,10569,11426,1.0
19456,10852,11426,1.0
19457,10998,11426,1.0
19458,11005,11426,1.0
19459,11141,11426,1.0
19460,11143,11426,1.0
19461,11286,11426,1.0
19462,11287,11426,1.0
19463,11307,11426,1.0
19464,11427,11426,1.0
19465,11566,11426,1.0
19466,11567,11426,2.0
19467,11580,11426,1.0
19468,12419,11426,1.0
19469,12566,11426,1.0
19470,8881,11461,1.0
19471,9159,11461,1.0
19472,9739,11461,1.0
19473,10182,11461,1.0
19474,10467,11461,2.0
19475,10596,11461,1.0
19476,10603,11461,1.0
19477,10609,11461,1.0
19478,11035,11461,1.0
19479,11036,11461,1.0
19480,11167,11461,1.0
19481,11170,11461,1.0
19482,11177,11461,1.0
19483,11318,11461,1.0
19484,11320,11461,2.0
19485,11446,11461,2.0
19486,11458,11461,1.0
19487,11459,11461,2.0
19488,11460,11461,2.0
19489,11600,11461,1.0
19490,11601,11461,1.0
19491,11602,11461,1.0
19492,11604,11461,2.0
19493,11744,11461,1.0
19494,11889,11461,2.0
19495,11890,11461,1.0
19496,12314,11461,1.0
19497,12449,11461,1.0
19498,12455,11461,1.0
19499,12585,11461,1.0
19500,12738,11461,1.0
19501,12739,11461,1.0
19502,13855,11461,1.0
19503,14014,11461,1.0
19504,8881,13724,1.0
19505,10881,13724,1.0
19506,11876,13724,1.0
19507,12020,13724,1.0
19508,12029,13724,1.0
19509,12595,13724,1.0
19510,12596,13724,1.0
19511,12728,13724,1.0
19512,12845,13724,1.0
19513,13158,13724,2.0
19514,13159,13724,1.0
19515,13438,13724,1.0
19516,13439,13724,2.0
19517,13445,13724,1.0
19518,13720,13724,2.0
19519,13722,13724,2.0
19520,13725,13724,3.0
19521,13871,13724,1.0
19522,14150,13724,3.0
19523,14151,13724,1.0
19524,14287,13724,1.0
19525,14296,13724,2.0
19526,14426,13724,1.0
19527,15003,13724,1.0
19528,15570,13724,1.0
19529,15854,13724,1.0
19530,17014,13724,1.0
19531,8883,16423,1.0
19532,14297,16423,1.0
19533,15317,16423,1.0
19534,15424,16423,1.0
19535,16992,16423,1.0
19536,8884,9723,1.0
19537,9439,9723,1.0
19538,9440,9723,1.0
19539,9581,9723,3.0
19540,9582,9723,8.0
19541,9583,9723,1.0
19542,9719,9723,1.0
19543,9721,9723,1.0
19544,9724,9723,4.0
19545,9725,9723,1.0
19546,9727,9723,1.0
19547,9863,9723,1.0
19548,9865,9723,3.0
19549,10001,9723,1.0
19550,10144,9723,1.0
19551,10149,9723,1.0
19552,10180,9723,1.0
19553,10569,9723,1.0
19554,13422,9723,1.0
19555,8885,11155,1.0
19556,9014,11155,1.0
19557,9604,11155,1.0
19558,9605,11155,1.0
19559,9879,11155,1.0
19560,9889,11155,1.0
19561,10143,11155,1.0
19562,10169,11155,1.0
19563,10586,11155,1.0
19564,11013,11155,2.0
19565,11020,11155,2.0
19566,11154,11155,2.0
19567,11164,11155,1.0
19568,11288,11155,2.0
19569,11293,11155,1.0
19570,11297,11155,1.0
19571,11298,11155,1.0
19572,11310,11155,1.0
19573,11437,11155,1.0
19574,11438,11155,1.0
19575,11454,11155,1.0
19576,11575,11155,1.0
19577,11582,11155,1.0
19578,12282,11155,2.0
19579,8887,8886,3.0
19580,8887,10018,2.0
19581,9164,10018,2.0
19582,9597,10018,1.0
19583,9604,10018,1.0
19584,9738,10018,1.0
19585,9876,10018,1.0
19586,9877,10018,1.0
19587,10016,10018,1.0
19588,10017,10018,4.0
19589,10019,10018,3.0
19590,10020,10018,1.0
19591,10021,10018,1.0
19592,10022,10018,1.0
19593,10023,10018,1.0
19594,10026,10018,1.0
19595,10159,10018,5.0
19596,10160,10018,2.0
19597,10163,10018,1.0
19598,10169,10018,1.0
19599,10290,10018,1.0
19600,10303,10018,1.0
19601,10444,10018,2.0
19602,10451,10018,1.0
19603,10455,10018,1.0
19604,10580,10018,1.0
19605,10583,10018,1.0
19606,10587,10018,1.0
19607,10871,10018,1.0
19608,10876,10018,2.0
19609,11155,10018,1.0
19610,8888,10181,1.0
19611,10034,10181,1.0
19612,10038,10181,3.0
19613,10180,10181,4.0
19614,10323,10181,3.0
19615,10452,10181,2.0
19616,10459,10181,2.0
19617,10464,10181,1.0
19618,10469,10181,1.0
19619,10881,10181,1.0
19620,10894,10181,1.0
19621,11036,10181,1.0
19622,11459,10181,1.0
19623,12288,10181,1.0
19624,8888,10316,1.0
19625,9015,10316,1.0
19626,9424,10316,2.0
19627,9426,10316,1.0
19628,10175,10316,1.0
19629,10423,10316,1.0
19630,10462,10316,1.0
19631,10604,10316,1.0
19632,10605,10316,1.0
19633,10891,10316,2.0
19634,11024,10316,1.0
19635,8889,12440,1.0
19636,9605,12440,1.0
19637,11307,12440,1.0
19638,11448,12440,1.0
19639,11727,12440,2.0
19640,11868,12440,1.0
19641,11872,12440,1.0
19642,12011,12440,1.0
19643,12013,12440,1.0
19644,12296,12440,1.0
19645,12298,12440,5.0
19646,12438,12440,1.0
19647,12580,12440,1.0
19648,12582,12440,4.0
19649,12721,12440,1.0
19650,12722,12440,2.0
19651,12862,12440,1.0
19652,13149,12440,1.0
19653,13151,12440,1.0
19654,13995,12440,1.0
19655,17268,12440,1.0
19656,8952,9096,1.0
19657,8956,7115,1.0
19658,8956,8668,1.0
19659,9092,8668,1.0
19660,9099,8668,1.0
19661,9383,8668,1.0
19662,8956,8960,1.0
19663,9953,8960,1.0
19664,10569,8960,1.0
19665,8956,9950,1.0
19666,8975,8117,1.0
19667,8978,7989,1.0
19668,9114,7989,1.0
19669,9559,7989,1.0
19670,8982,8992,3.0
19671,9126,8992,2.0
19672,8982,9102,1.0
19673,8982,9557,1.0
19674,8982,11663,1.0
19675,11517,11663,2.0
19676,8982,11700,1.0
19677,9158,11700,1.0
19678,10577,11700,1.0
19679,11282,11700,2.0
19680,11437,11700,1.0
19681,11701,11700,2.0
19682,11703,11700,1.0
19683,11839,11700,1.0
19684,12838,11700,1.0
19685,8982,11818,1.0
19686,11817,11818,1.0
19687,12385,11818,1.0
19688,12666,11818,1.0
19689,12952,11818,1.0
19690,8983,8841,1.0
19691,8984,13097,1.0
19692,11567,13097,1.0
19693,12668,13097,2.0
19694,12813,13097,1.0
19695,12954,13097,1.0
19696,14981,13097,1.0
19697,8987,9738,1.0
19698,9451,9738,1.0
19699,9459,9738,2.0
19700,9593,9738,1.0
19701,9597,9738,1.0
19702,9737,9738,1.0
19703,9881,9738,1.0
19704,10018,9738,1.0
19705,10302,9738,1.0
19706,9000,9137,1.0
19707,9420,9137,1.0
19708,9000,9706,1.0
19709,9848,9706,1.0
19710,9995,9706,1.0
19711,10140,9706,1.0
19712,10256,9706,2.0
19713,10966,9706,1.0
19714,9003,10561,1.0
19715,10855,10561,2.0
19716,9003,11587,1.0
19717,11444,11587,1.0
19718,11583,11587,1.0
19719,11729,11587,1.0
19720,12012,11587,1.0
19721,12296,11587,2.0
19722,12723,11587,1.0
19723,12725,11587,1.0
19724,14408,11587,1.0
19725,15560,11587,1.0
19726,9005,9856,1.0
19727,9429,9856,2.0
19728,9430,9856,1.0
19729,9437,9856,1.0
19730,9575,9856,1.0
19731,9859,9856,1.0
19732,9883,9856,1.0
19733,10137,9856,1.0
19734,10424,9856,1.0
19735,9005,12281,1.0
19736,9163,12281,1.0
19737,9441,12281,1.0
19738,9743,12281,2.0
19739,10139,12281,1.0
19740,10466,12281,1.0
19741,10583,12281,1.0
19742,11290,12281,1.0
19743,11297,12281,1.0
19744,11446,12281,1.0
19745,11562,12281,2.0
19746,11589,12281,1.0
19747,11701,12281,1.0
19748,11717,12281,1.0
19749,11722,12281,2.0
19750,11860,12281,2.0
19751,11866,12281,2.0
19752,11998,12281,1.0
19753,12001,12281,1.0
19754,12007,12281,1.0
19755,12277,12281,1.0
19756,12279,12281,1.0
19757,12282,12281,1.0
19758,12283,12281,2.0
19759,12285,12281,1.0
19760,12286,12281,1.0
19761,12418,12281,1.0
19762,12430,12281,1.0
19763,12571,12281,1.0
19764,12711,12281,1.0
19765,12991,12281,1.0
19766,13654,12281,1.0
19767,13998,12281,1.0
19768,14125,12281,1.0
19769,15278,12281,1.0
19770,9006,9999,1.0
19771,9436,9999,1.0
19772,9575,9999,2.0
19773,9714,9999,1.0
19774,9717,9999,1.0
19775,9992,9999,1.0
19776,10000,9999,2.0
19777,10136,9999,1.0
19778,10138,9999,2.0
19779,10140,9999,1.0
19780,10143,9999,1.0
19781,10148,9999,1.0
19782,10287,9999,1.0
19783,11163,9999,1.0
19784,11270,9999,1.0
19785,11277,9999,1.0
19786,11860,9999,1.0
19787,13682,9999,1.0
19788,9006,10141,1.0
19789,9996,10141,1.0
19790,10281,10141,1.0
19791,9006,11715,1.0
19792,9727,11715,1.0
19793,10166,11715,1.0
19794,10586,11715,1.0
19795,10592,11715,1.0
19796,11005,11715,1.0
19797,11007,11715,1.0
19798,11018,11715,3.0
19799,11143,11715,1.0
19800,11431,11715,1.0
19801,11857,11715,2.0
19802,11998,11715,1.0
19803,12275,11715,1.0
19804,13396,11715,1.0
19805,13860,11715,1.0
19806,13982,11715,1.0
19807,14263,11715,1.0
19808,14268,11715,1.0
19809,9006,14268,1.0
19810,11282,14268,1.0
19811,11715,14268,1.0
19812,12437,14268,1.0
19813,12838,14268,1.0
19814,12853,14268,1.0
19815,13693,14268,1.0
19816,13977,14268,2.0
19817,13983,14268,1.0
19818,13985,14268,1.0
19819,14126,14268,1.0
19820,14267,14268,1.0
19821,14269,14268,1.0
19822,14394,14268,1.0
19823,14410,14268,2.0
19824,14411,14268,3.0
19825,14412,14268,1.0
19826,14413,14268,2.0
19827,14532,14268,2.0
19828,14536,14268,2.0
19829,14551,14268,1.0
19830,14556,14268,1.0
19831,14558,14268,1.0
19832,14688,14268,1.0
19833,14976,14268,1.0
19834,15121,14268,1.0
19835,15277,14268,1.0
19836,15547,14268,1.0
19837,16545,14268,1.0
19838,9007,9152,1.0
19839,9010,9152,2.0
19840,9018,9152,2.0
19841,9435,9152,2.0
19842,9574,9152,1.0
19843,9580,9152,1.0
19844,9596,9152,1.0
19845,9714,9152,1.0
19846,9719,9152,2.0
19847,9865,9152,1.0
19848,10281,9152,1.0
19849,11143,9152,1.0
19850,12281,9152,1.0
19851,12530,9152,1.0
19852,9008,9569,1.0
19853,9143,9569,1.0
19854,9427,9569,2.0
19855,9568,9569,2.0
19856,9592,9569,1.0
19857,9712,9569,1.0
19858,9996,9569,1.0
19859,10422,9569,1.0
19860,9008,13422,1.0
19861,9723,13422,1.0
19862,11579,13422,1.0
19863,11724,13422,1.0
19864,11866,13422,1.0
19865,12011,13422,2.0
19866,12015,13422,1.0
19867,12285,13422,1.0
19868,12286,13422,1.0
19869,12292,13422,3.0
19870,12410,13422,1.0
19871,12418,13422,1.0
19872,12435,13422,3.0
19873,12583,13422,1.0
19874,12701,13422,2.0
19875,12716,13422,1.0
19876,12992,13422,1.0
19877,12999,13422,4.0
19878,13706,13422,1.0
19879,14541,13422,1.0
19880,14556,13422,1.0
19881,14565,13422,1.0
19882,14698,13422,1.0
19883,17526,13422,1.0
19884,9008,14422,1.0
19885,11580,14422,1.0
19886,12593,14422,1.0
19887,13145,14422,1.0
19888,13726,14422,1.0
19889,13997,14422,1.0
19890,14141,14422,1.0
19891,14276,14422,3.0
19892,14280,14422,1.0
19893,14282,14422,1.0
19894,14408,14422,1.0
19895,14424,14422,1.0
19896,14426,14422,2.0
19897,14564,14422,1.0
19898,14569,14422,2.0
19899,15131,14422,1.0
19900,15257,14422,1.0
19901,15401,14422,1.0
19902,15684,14422,1.0
19903,15703,14422,1.0
19904,16991,14422,1.0
19905,9009,8728,1.0
19906,11706,8728,1.0
19907,9010,9601,1.0
19908,9575,9601,1.0
19909,9596,9601,1.0
19910,9743,9601,1.0
19911,9744,9601,3.0
19912,11173,9601,1.0
19913,11285,9601,1.0
19914,9010,10878,1.0
19915,9437,10878,1.0
19916,9605,10878,2.0
19917,9879,10878,1.0
19918,9888,10878,1.0
19919,9892,10878,1.0
19920,10021,10878,1.0
19921,10171,10878,1.0
19922,10305,10878,3.0
19923,10313,10878,2.0
19924,10453,10878,1.0
19925,10595,10878,7.0
19926,10596,10878,1.0
19927,10877,10878,1.0
19928,10880,10878,1.0
19929,11030,10878,3.0
19930,11299,10878,1.0
19931,9010,11013,1.0
19932,9604,11013,1.0
19933,9887,11013,1.0
19934,10009,11013,1.0
19935,10023,11013,1.0
19936,10161,11013,1.0
19937,10306,11013,1.0
19938,10452,11013,1.0
19939,10584,11013,1.0
19940,10588,11013,1.0
19941,10869,11013,2.0
19942,10872,11013,2.0
19943,10874,11013,1.0
19944,10876,11013,1.0
19945,11010,11013,1.0
19946,11014,11013,2.0
19947,11015,11013,1.0
19948,11141,11013,1.0
19949,11153,11013,1.0
19950,11155,11013,2.0
19951,11159,11013,1.0
19952,11441,11013,1.0
19953,11580,11013,1.0
19954,12448,11013,1.0
19955,9010,15002,1.0
19956,9576,15002,1.0
19957,12587,15002,1.0
19958,13146,15002,1.0
19959,13435,15002,1.0
19960,13730,15002,1.0
19961,13736,15002,1.0
19962,14009,15002,2.0
19963,14288,15002,2.0
19964,14292,15002,4.0
19965,14296,15002,2.0
19966,14429,15002,1.0
19967,14434,15002,1.0
19968,14436,15002,3.0
19969,14439,15002,1.0
19970,14440,15002,1.0
19971,14575,15002,1.0
19972,14576,15002,1.0
19973,14578,15002,2.0
19974,14718,15002,1.0
19975,14720,15002,1.0
19976,14999,15002,1.0
19977,15000,15002,2.0
19978,15001,15002,2.0
19979,15005,15002,1.0
19980,15007,15002,1.0
19981,15139,15002,1.0
19982,15140,15002,1.0
19983,15141,15002,1.0
19984,15142,15002,4.0
19985,15143,15002,1.0
19986,15144,15002,1.0
19987,15282,15002,2.0
19988,15426,15002,2.0
19989,15429,15002,1.0
19990,15709,15002,1.0
19991,15713,15002,1.0
19992,16134,15002,1.0
19993,9011,9722,1.0
19994,9436,9722,1.0
19995,9712,9722,1.0
19996,9719,9722,1.0
19997,9723,9722,1.0
19998,9864,9722,1.0
19999,10137,9722,1.0
20000,10138,9722,1.0
20001,10149,9722,1.0
20002,11702,9722,1.0
20003,12291,9722,1.0
20004,9011,9891,1.0
20005,9456,9891,1.0
20006,9878,9891,1.0
20007,9892,9891,1.0
20008,10025,9891,1.0
20009,10892,9891,1.0
20010,11317,9891,1.0
20011,9011,11286,1.0
20012,9020,11286,3.0
20013,9154,11286,1.0
20014,9162,11286,1.0
20015,9440,11286,1.0
20016,9594,11286,1.0
20017,9718,11286,1.0
20018,9869,11286,1.0
20019,10004,11286,2.0
20020,10145,11286,1.0
20021,10287,11286,1.0
20022,10424,11286,1.0
20023,10436,11286,1.0
20024,10443,11286,1.0
20025,10569,11286,2.0
20026,10588,11286,1.0
20027,10856,11286,1.0
20028,10998,11286,3.0
20029,11007,11286,1.0
20030,11020,11286,1.0
20031,11022,11286,1.0
20032,11140,11286,1.0
20033,11143,11286,3.0
20034,11144,11286,1.0
20035,11285,11286,2.0
20036,11287,11286,2.0
20037,11288,11286,1.0
20038,11427,11286,2.0
20039,11428,11286,3.0
20040,11429,11286,1.0
20041,11430,11286,1.0
20042,11447,11286,1.0
20043,11562,11286,1.0
20044,11563,11286,1.0
20045,11568,11286,1.0
20046,11602,11286,1.0
20047,11701,11286,1.0
20048,11715,11286,1.0
20049,11720,11286,1.0
20050,11853,11286,1.0
20051,11996,11286,1.0
20052,13146,11286,1.0
20053,13298,11286,1.0
20054,13408,11286,1.0
20055,13713,11286,1.0
20056,14397,11286,1.0
20057,9013,10324,2.0
20058,9749,10324,1.0
20059,10029,10324,1.0
20060,10040,10324,1.0
20061,10182,10324,3.0
20062,10323,10324,3.0
20063,10466,10324,1.0
20064,10467,10324,9.0
20065,10468,10324,5.0
20066,10610,10324,2.0
20067,10892,10324,1.0
20068,10893,10324,2.0
20069,10894,10324,1.0
20070,11036,10324,1.0
20071,11180,10324,3.0
20072,11322,10324,2.0
20073,11605,10324,1.0
20074,9013,10443,1.0
20075,9590,10443,3.0
20076,9605,10443,2.0
20077,9743,10443,1.0
20078,9878,10443,2.0
20079,9888,10443,3.0
20080,10311,10443,1.0
20081,10440,10443,1.0
20082,10441,10443,4.0
20083,11290,10443,1.0
20084,11722,10443,1.0
20085,9013,11036,1.0
20086,9603,11036,1.0
20087,9605,11036,1.0
20088,10171,11036,1.0
20089,10181,11036,1.0
20090,10311,11036,1.0
20091,10324,11036,3.0
20092,10421,11036,1.0
20093,10465,11036,1.0
20094,10466,11036,3.0
20095,10467,11036,1.0
20096,10468,11036,2.0
20097,10605,11036,1.0
20098,10607,11036,1.0
20099,10610,11036,3.0
20100,10611,11036,1.0
20101,10889,11036,2.0
20102,10893,11036,1.0
20103,10894,11036,5.0
20104,10895,11036,1.0
20105,11031,11036,2.0
20106,11035,11036,1.0
20107,11037,11036,1.0
20108,11175,11036,1.0
20109,11177,11036,1.0
20110,11178,11036,1.0
20111,11320,11036,6.0
20112,11459,11036,1.0
20113,11462,11036,2.0
20114,11579,11036,1.0
20115,11601,11036,1.0
20116,11605,11036,2.0
20117,11746,11036,1.0
20118,11883,11036,1.0
20119,11884,11036,1.0
20120,11887,11036,1.0
20121,11889,11036,1.0
20122,12443,11036,1.0
20123,12451,11036,1.0
20124,12548,11036,1.0
20125,12739,11036,1.0
20126,12742,11036,1.0
20127,12882,11036,1.0
20128,13146,11036,3.0
20129,14326,11036,1.0
20130,14569,11036,1.0
20131,15707,11036,2.0
20132,9014,6034,1.0
20133,11285,6034,1.0
20134,9015,8731,1.0
20135,9592,8731,1.0
20136,10149,8731,2.0
20137,10443,8731,1.0
20138,9015,9155,2.0
20139,9153,9155,1.0
20140,9154,9155,2.0
20141,9157,9155,1.0
20142,9435,9155,1.0
20143,9439,9155,4.0
20144,10170,9155,1.0
20145,9015,13265,1.0
20146,11580,13265,1.0
20147,12406,13265,1.0
20148,12838,13265,1.0
20149,12980,13265,1.0
20150,13262,13265,1.0
20151,13271,13265,1.0
20152,13406,13265,1.0
20153,13677,13265,1.0
20154,13979,13265,1.0
20155,14102,13265,1.0
20156,14263,13265,1.0
20157,14267,13265,1.0
20158,14268,13265,1.0
20159,14386,13265,2.0
20160,14392,13265,1.0
20161,14410,13265,1.0
20162,14413,13265,1.0
20163,14537,13265,3.0
20164,14540,13265,1.0
20165,14548,13265,1.0
20166,14549,13265,3.0
20167,14552,13265,1.0
20168,14687,13265,3.0
20169,14690,13265,2.0
20170,14692,13265,1.0
20171,15095,13265,1.0
20172,15254,13265,1.0
20173,15257,13265,1.0
20174,15258,13265,1.0
20175,15539,13265,1.0
20176,16962,13265,1.0
20177,17240,13265,2.0
20178,9016,10456,1.0
20179,9428,10456,1.0
20180,9600,10456,1.0
20181,9887,10456,1.0
20182,10033,10456,1.0
20183,10455,10456,2.0
20184,10457,10456,2.0
20185,10597,10456,3.0
20186,10598,10456,4.0
20187,10599,10456,2.0
20188,10601,10456,1.0
20189,10883,10456,2.0
20190,10887,10456,3.0
20191,11022,10456,1.0
20192,11023,10456,2.0
20193,11025,10456,1.0
20194,11725,10456,1.0
20195,9017,11297,1.0
20196,10033,11297,1.0
20197,10161,11297,1.0
20198,10870,11297,2.0
20199,10874,11297,1.0
20200,11014,11297,1.0
20201,11015,11297,1.0
20202,11155,11297,1.0
20203,11294,11297,1.0
20204,11298,11297,1.0
20205,11582,11297,1.0
20206,11868,11297,1.0
20207,14421,11297,1.0
20208,9017,15822,1.0
20209,11274,15822,1.0
20210,11385,15822,1.0
20211,11418,15822,1.0
20212,11543,15822,3.0
20213,11580,15822,1.0
20214,13393,15822,2.0
20215,13853,15822,1.0
20216,13879,15822,1.0
20217,15256,15822,1.0
20218,15272,15822,1.0
20219,15544,15822,1.0
20220,15659,15822,1.0
20221,15680,15822,4.0
20222,15818,15822,2.0
20223,15832,15822,1.0
20224,15961,15822,1.0
20225,15964,15822,1.0
20226,15965,15822,1.0
20227,16385,15822,1.0
20228,16537,15822,1.0
20229,16940,15822,1.0
20230,16962,15822,1.0
20231,17240,15822,2.0
20232,17382,15822,1.0
20233,17383,15822,1.0
20234,17386,15822,1.0
20235,17397,15822,1.0
20236,17523,15822,2.0
20237,17524,15822,1.0
20238,17526,15822,2.0
20239,17805,15822,2.0
20240,17807,15822,1.0
20241,17808,15822,1.0
20242,17810,15822,2.0
20243,17814,15822,2.0
20244,17949,15822,1.0
20245,17950,15822,3.0
20246,18084,15822,1.0
20247,18088,15822,5.0
20248,9018,10157,1.0
20249,9164,10157,1.0
20250,9874,10157,2.0
20251,10016,10157,2.0
20252,10151,10157,1.0
20253,10158,10157,1.0
20254,10160,10157,2.0
20255,10165,10157,1.0
20256,10298,10157,1.0
20257,10445,10157,1.0
20258,11007,10157,1.0
20259,11017,10157,2.0
20260,11437,10157,1.0
20261,9018,14548,1.0
20262,10466,14548,1.0
20263,11851,14548,1.0
20264,13713,14548,2.0
20265,13845,14548,1.0
20266,14000,14548,1.0
20267,14410,14548,1.0
20268,14535,14548,1.0
20269,14547,14548,1.0
20270,14552,14548,1.0
20271,14685,14548,2.0
20272,14687,14548,1.0
20273,14691,14548,1.0
20274,14963,14548,1.0
20275,15114,14548,1.0
20276,15118,14548,1.0
20277,15257,14548,1.0
20278,16547,14548,1.0
20279,9019,11295,1.0
20280,9163,11295,1.0
20281,9888,11295,1.0
20282,10605,11295,3.0
20283,10867,11295,1.0
20284,10886,11295,1.0
20285,10890,11295,1.0
20286,11013,11295,1.0
20287,11032,11295,1.0
20288,11153,11295,3.0
20289,11292,11295,1.0
20290,11293,11295,2.0
20291,11296,11295,1.0
20292,11297,11295,1.0
20293,11317,11295,1.0
20294,11432,11295,1.0
20295,11437,11295,1.0
20296,11438,11295,1.0
20297,11577,11295,1.0
20298,11579,11295,1.0
20299,11722,11295,1.0
20300,12006,11295,2.0
20301,12839,11295,1.0
20302,9019,12985,1.0
20303,11418,12985,3.0
20304,11857,12985,1.0
20305,12701,12985,1.0
20306,12838,12985,4.0
20307,12844,12985,1.0
20308,12845,12985,1.0
20309,12846,12985,1.0
20310,12847,12985,2.0
20311,13001,12985,1.0
20312,13128,12985,1.0
20313,13130,12985,2.0
20314,13143,12985,1.0
20315,13840,12985,1.0
20316,9019,13016,1.0
20317,11440,13016,1.0
20318,11456,13016,1.0
20319,11594,13016,1.0
20320,11598,13016,1.0
20321,11733,13016,1.0
20322,12450,13016,1.0
20323,12588,13016,2.0
20324,12732,13016,1.0
20325,12735,13016,2.0
20326,12740,13016,1.0
20327,12874,13016,1.0
20328,12875,13016,1.0
20329,13010,13016,1.0
20330,13013,13016,1.0
20331,13014,13016,5.0
20332,13015,13016,1.0
20333,13017,13016,1.0
20334,13151,13016,1.0
20335,13152,13016,2.0
20336,13157,13016,2.0
20337,13158,13016,4.0
20338,13160,13016,1.0
20339,13300,13016,1.0
20340,13435,13016,1.0
20341,13446,13016,1.0
20342,14000,13016,1.0
20343,14009,13016,1.0
20344,14102,13016,1.0
20345,14581,13016,1.0
20346,9020,9438,2.0
20347,9154,9438,1.0
20348,9439,9438,2.0
20349,9865,9438,2.0
20350,9020,11144,4.0
20351,10147,11144,1.0
20352,10170,11144,1.0
20353,10856,11144,1.0
20354,11286,11144,1.0
20355,9020,11853,2.0
20356,11285,11853,1.0
20357,11286,11853,1.0
20358,11427,11853,1.0
20359,11430,11853,1.0
20360,11580,11853,1.0
20361,11850,11853,1.0
20362,11851,11853,1.0
20363,11993,11853,1.0
20364,11995,11853,5.0
20365,11996,11853,2.0
20366,12274,11853,1.0
20367,12276,11853,1.0
20368,12419,11853,1.0
20369,12563,11853,1.0
20370,12570,11853,1.0
20371,12705,11853,1.0
20372,13841,11853,1.0
20373,9020,12292,1.0
20374,9606,12292,1.0
20375,11443,12292,1.0
20376,11720,12292,1.0
20377,11864,12292,1.0
20378,11866,12292,4.0
20379,11867,12292,3.0
20380,11869,12292,1.0
20381,11999,12292,2.0
20382,12007,12292,3.0
20383,12008,12292,2.0
20384,12010,12292,1.0
20385,12011,12292,1.0
20386,12283,12292,2.0
20387,12291,12292,5.0
20388,12293,12292,1.0
20389,12430,12292,1.0
20390,12432,12292,2.0
20391,12447,12292,1.0
20392,12573,12292,2.0
20393,12581,12292,1.0
20394,12716,12292,1.0
20395,12721,12292,2.0
20396,12723,12292,1.0
20397,12859,12292,1.0
20398,12866,12292,1.0
20399,12874,12292,1.0
20400,12986,12292,1.0
20401,13142,12292,1.0
20402,13433,12292,1.0
20403,14131,12292,1.0
20404,9020,12851,1.0
20405,10152,12851,1.0
20406,11290,12851,1.0
20407,11296,12851,1.0
20408,11861,12851,3.0
20409,12268,12851,1.0
20410,12290,12851,1.0
20411,12703,12851,1.0
20412,12709,12851,2.0
20413,12740,12851,1.0
20414,12848,12851,2.0
20415,12859,12851,1.0
20416,12982,12851,1.0
20417,12991,12851,3.0
20418,13277,12851,1.0
20419,13280,12851,1.0
20420,13419,12851,1.0
20421,14268,12851,1.0
20422,14665,12851,1.0
20423,15134,12851,3.0
20424,15270,12851,1.0
20425,9020,14270,1.0
20426,10578,14270,1.0
20427,12866,14270,1.0
20428,13275,14270,1.0
20429,14412,14270,3.0
20430,14413,14270,1.0
20431,14551,14270,1.0
20432,14696,14270,2.0
20433,14979,14270,1.0
20434,9021,10854,1.0
20435,9427,10854,1.0
20436,9575,10854,1.0
20437,9719,10854,1.0
20438,10145,10854,2.0
20439,10147,10854,1.0
20440,10277,10854,1.0
20441,10285,10854,1.0
20442,10289,10854,1.0
20443,10569,10854,1.0
20444,10852,10854,1.0
20445,10853,10854,1.0
20446,10855,10854,1.0
20447,10993,10854,2.0
20448,11140,10854,1.0
20449,11143,10854,2.0
20450,11282,10854,2.0
20451,11719,10854,1.0
20452,12001,10854,1.0
20453,9021,11132,1.0
20454,10292,11132,1.0
20455,10566,11132,2.0
20456,10859,11132,1.0
20457,11143,11132,1.0
20458,11273,11132,1.0
20459,11274,11132,1.0
20460,11422,11132,2.0
20461,13393,11132,2.0
20462,14130,11132,1.0
20463,9021,11274,1.0
20464,10422,11274,1.0
20465,11131,11274,2.0
20466,11132,11274,1.0
20467,11141,11274,1.0
20468,11271,11274,1.0
20469,11277,11274,2.0
20470,11562,11274,1.0
20471,11703,11274,1.0
20472,11841,11274,1.0
20473,11846,11274,1.0
20474,11993,11274,1.0
20475,12268,11274,1.0
20476,12978,11274,2.0
20477,15822,11274,1.0
20478,17805,11274,1.0
20479,9021,11417,1.0
20480,10569,11417,1.0
20481,10990,11417,1.0
20482,11553,11417,1.0
20483,11556,11417,1.0
20484,11842,11417,1.0
20485,11983,11417,1.0
20486,12425,11417,1.0
20487,12838,11417,1.0
20488,9021,12569,1.0
20489,10435,12569,1.0
20490,11443,12569,1.0
20491,11704,12569,2.0
20492,11859,12569,2.0
20493,12293,12569,1.0
20494,12721,12569,1.0
20495,13853,12569,2.0
20496,14422,12569,1.0
20497,9021,14143,1.0
20498,12011,14143,1.0
20499,12552,14143,1.0
20500,13007,14143,1.0
20501,13287,14143,3.0
20502,13290,14143,1.0
20503,13432,14143,1.0
20504,13433,14143,1.0
20505,13851,14143,1.0
20506,13958,14143,1.0
20507,13998,14143,1.0
20508,14000,14143,1.0
20509,14385,14143,1.0
20510,14669,14143,1.0
20511,14955,14143,1.0
20512,15094,14143,1.0
20513,16839,14143,2.0
20514,9021,14437,1.0
20515,11594,14437,1.0
20516,12724,14437,1.0
20517,14149,14437,1.0
20518,14578,14437,1.0
20519,14994,14437,1.0
20520,14999,14437,1.0
20521,15016,14437,1.0
20522,17013,14437,1.0
20523,9022,11319,1.0
20524,9747,11319,1.0
20525,10467,11319,1.0
20526,10894,11319,1.0
20527,11317,11319,2.0
20528,11318,11319,1.0
20529,11320,11319,2.0
20530,11322,11319,1.0
20531,11323,11319,2.0
20532,11460,11319,1.0
20533,11604,11319,2.0
20534,12022,11319,1.0
20535,12031,11319,1.0
20536,12315,11319,1.0
20537,13870,11319,1.0
20538,9023,12562,1.0
20539,11285,12562,1.0
20540,11860,12562,1.0
20541,11993,12562,1.0
20542,12703,12562,1.0
20543,12705,12562,1.0
20544,12845,12562,1.0
20545,12999,12562,2.0
20546,13850,12562,1.0
20547,13983,12562,1.0
20548,9024,10575,1.0
20549,9863,10575,1.0
20550,9867,10575,1.0
20551,10001,10575,1.0
20552,10007,10575,1.0
20553,10146,10575,1.0
20554,10292,10575,1.0
20555,10431,10575,1.0
20556,10433,10575,9.0
20557,10434,10575,2.0
20558,10435,10575,1.0
20559,10569,10575,2.0
20560,10572,10575,1.0
20561,10574,10575,1.0
20562,10578,10575,1.0
20563,10602,10575,1.0
20564,10854,10575,1.0
20565,10859,10575,2.0
20566,10998,10575,1.0
20567,11146,10575,1.0
20568,11285,10575,1.0
20569,13682,10575,1.0
20570,14233,10575,1.0
20571,9024,12555,1.0
20572,10144,12555,2.0
20573,11699,12555,1.0
20574,12838,12555,1.0
20575,12839,12555,1.0
20576,9024,12982,1.0
20577,11453,12982,1.0
20578,12703,12982,1.0
20579,12838,12982,2.0
20580,12841,12982,1.0
20581,12842,12982,3.0
20582,12851,12982,1.0
20583,13002,12982,1.0
20584,13267,12982,1.0
20585,15408,12982,1.0
20586,9024,13273,1.0
20587,12563,13273,1.0
20588,12850,13273,1.0
20589,9024,14576,1.0
20590,12309,14576,1.0
20591,13016,14576,1.0
20592,13301,14576,1.0
20593,14149,14576,1.0
20594,14293,14576,1.0
20595,14433,14576,1.0
20596,14434,14576,1.0
20597,14577,14576,1.0
20598,14584,14576,1.0
20599,14720,14576,2.0
20600,15001,14576,1.0
20601,15002,14576,1.0
20602,15144,14576,1.0
20603,15426,14576,1.0
20604,16138,14576,1.0
20605,16981,14576,1.0
20606,9024,15243,1.0
20607,12548,15243,1.0
20608,14531,15243,3.0
20609,14533,15243,2.0
20610,14534,15243,1.0
20611,14551,15243,1.0
20612,14959,15243,2.0
20613,16102,15243,1.0
20614,16667,15243,1.0
20615,9025,9095,1.0
20616,9383,9095,2.0
20617,9025,10462,1.0
20618,9747,10462,1.0
20619,9890,10462,1.0
20620,10035,10462,2.0
20621,10036,10462,2.0
20622,10172,10462,1.0
20623,10460,10462,1.0
20624,10463,10462,3.0
20625,10579,10462,2.0
20626,10606,10462,2.0
20627,10890,10462,4.0
20628,10894,10462,2.0
20629,11031,10462,1.0
20630,11034,10462,1.0
20631,11159,10462,1.0
20632,11452,10462,1.0
20633,11745,10462,1.0
20634,9025,13858,1.0
20635,10170,13858,1.0
20636,12717,13858,1.0
20637,13292,13858,1.0
20638,13716,13858,2.0
20639,13856,13858,2.0
20640,14142,13858,1.0
20641,9028,12875,1.0
20642,10588,12875,1.0
20643,11452,12875,1.0
20644,11851,12875,1.0
20645,12027,12875,1.0
20646,12288,12875,1.0
20647,12313,12875,1.0
20648,12446,12875,2.0
20649,12458,12875,1.0
20650,12588,12875,1.0
20651,12590,12875,2.0
20652,12591,12875,4.0
20653,12593,12875,1.0
20654,12595,12875,1.0
20655,12727,12875,1.0
20656,12728,12875,1.0
20657,12731,12875,1.0
20658,12733,12875,7.0
20659,12734,12875,3.0
20660,12873,12875,1.0
20661,12874,12875,2.0
20662,12876,12875,2.0
20663,12878,12875,1.0
20664,13016,12875,1.0
20665,13018,12875,1.0
20666,13156,12875,1.0
20667,13157,12875,1.0
20668,13295,12875,3.0
20669,14292,12875,1.0
20670,14295,12875,1.0
20671,9029,11444,1.0
20672,9747,11444,1.0
20673,10310,11444,1.0
20674,10877,11444,1.0
20675,11303,11444,1.0
20676,11446,11444,1.0
20677,11461,11444,1.0
20678,11584,11444,2.0
20679,11586,11444,2.0
20680,11587,11444,1.0
20681,11706,11444,1.0
20682,11726,11444,1.0
20683,11866,11444,2.0
20684,11871,11444,1.0
20685,11983,11444,1.0
20686,12010,11444,1.0
20687,12011,11444,1.0
20688,12437,11444,1.0
20689,12446,11444,1.0
20690,12574,11444,1.0
20691,13010,11444,2.0
20692,13148,11444,1.0
20693,14986,11444,1.0
20694,15134,11444,1.0
20695,9030,8296,1.0
20696,9030,10325,1.0
20697,10182,10325,1.0
20698,10467,10325,1.0
20699,10469,10325,1.0
20700,10606,10325,1.0
20701,10609,10325,1.0
20702,10610,10325,1.0
20703,11318,10325,1.0
20704,11320,10325,1.0
20705,11748,10325,1.0
20706,11890,10325,1.0
20707,12731,10325,1.0
20708,14290,10325,2.0
20709,9031,9748,2.0
20710,9605,9748,2.0
20711,9606,9748,2.0
20712,9746,9748,2.0
20713,9749,9748,3.0
20714,9891,9748,1.0
20715,10025,9748,3.0
20716,10026,9748,1.0
20717,10028,9748,1.0
20718,10181,9748,1.0
20719,10315,9748,1.0
20720,10323,9748,2.0
20721,10467,9748,1.0
20722,10571,9748,1.0
20723,10888,9748,1.0
20724,11577,9748,1.0
20725,12416,9748,1.0
20726,14973,9748,1.0
20727,9093,8961,1.0
20728,9098,9389,1.0
20729,9098,9522,1.0
20730,9100,9522,1.0
20731,9825,9522,1.0
20732,9118,10031,1.0
20733,9888,10031,1.0
20734,10021,10031,1.0
20735,10029,10031,1.0
20736,10032,10031,1.0
20737,10170,10031,2.0
20738,10174,10031,2.0
20739,11033,10031,1.0
20740,11141,10031,1.0
20741,11146,10031,1.0
20742,11172,10031,2.0
20743,11446,10031,1.0
20744,12283,10031,1.0
20745,9124,13654,1.0
20746,12281,13654,1.0
20747,12952,13654,1.0
20748,13655,13654,2.0
20749,13932,13654,1.0
20750,14350,13654,1.0
20751,9126,7429,1.0
20752,9126,9424,2.0
20753,9426,9424,1.0
20754,9427,9424,3.0
20755,9852,9424,1.0
20756,9992,9424,1.0
20757,10291,9424,1.0
20758,10316,9424,1.0
20759,11278,9424,1.0
20760,9126,13934,1.0
20761,10437,13934,1.0
20762,11983,13934,2.0
20763,12658,13934,1.0
20764,12792,13934,1.0
20765,12810,13934,1.0
20766,13079,13934,1.0
20767,13086,13934,1.0
20768,13108,13934,1.0
20769,13234,13934,3.0
20770,13648,13934,1.0
20771,13654,13934,1.0
20772,13655,13934,1.0
20773,13792,13934,3.0
20774,13793,13934,2.0
20775,13846,13934,1.0
20776,13930,13934,2.0
20777,13932,13934,6.0
20778,13933,13934,5.0
20779,13935,13934,2.0
20780,14076,13934,2.0
20781,14077,13934,1.0
20782,14218,13934,1.0
20783,14502,13934,1.0
20784,14632,13934,1.0
20785,14633,13934,2.0
20786,14919,13934,1.0
20787,15078,13934,1.0
20788,9128,13853,1.0
20789,12825,13853,1.0
20790,13143,13853,1.0
20791,13711,13853,1.0
20792,13718,13853,1.0
20793,13841,13853,1.0
20794,13986,13853,2.0
20795,14286,13853,1.0
20796,14292,13853,1.0
20797,14412,13853,1.0
20798,15122,13853,1.0
20799,15822,13853,1.0
20800,17104,13853,1.0
20801,17808,13853,1.0
20802,9137,9564,1.0
20803,9706,9564,1.0
20804,10419,9564,1.0
20805,11287,9564,1.0
20806,9143,10136,1.0
20807,9425,10136,1.0
20808,9709,10136,1.0
20809,9710,10136,2.0
20810,9999,10136,1.0
20811,10139,10136,1.0
20812,9143,10429,2.0
20813,9151,10429,1.0
20814,9719,10429,1.0
20815,9722,10429,1.0
20816,9725,10429,1.0
20817,9849,10429,1.0
20818,10145,10429,1.0
20819,10146,10429,1.0
20820,10287,10429,1.0
20821,10288,10429,2.0
20822,10433,10429,2.0
20823,10567,10429,2.0
20824,10569,10429,1.0
20825,10856,10429,1.0
20826,11136,10429,1.0
20827,11138,10429,1.0
20828,11562,10429,1.0
20829,9143,11011,1.0
20830,10468,11011,1.0
20831,11012,11011,1.0
20832,11149,11011,1.0
20833,11154,11011,2.0
20834,9143,13979,1.0
20835,11841,13979,1.0
20836,12409,13979,1.0
20837,12579,13979,1.0
20838,13120,13979,1.0
20839,13265,13979,1.0
20840,13690,13979,1.0
20841,14688,13979,1.0
20842,14993,13979,1.0
20843,15134,13979,3.0
20844,15135,13979,2.0
20845,15278,13979,1.0
20846,15419,13979,1.0
20847,15707,13979,1.0
20848,9148,8860,3.0
20849,9426,8860,1.0
20850,9429,8860,1.0
20851,9430,8860,1.0
20852,9752,8860,1.0
20853,9149,11699,1.0
20854,10169,11699,1.0
20855,11277,11699,2.0
20856,11551,11699,1.0
20857,11556,11699,1.0
20858,11560,11699,1.0
20859,11842,11699,1.0
20860,12555,11699,1.0
20861,12813,11699,1.0
20862,17083,11699,1.0
20863,9151,9150,1.0
20864,9434,9150,2.0
20865,9436,9150,1.0
20866,9711,9150,2.0
20867,9151,9440,1.0
20868,9156,9440,3.0
20869,9441,9440,1.0
20870,9581,9440,3.0
20871,9719,9440,1.0
20872,9723,9440,1.0
20873,9724,9440,1.0
20874,9728,9440,1.0
20875,11286,9440,1.0
20876,9151,10989,1.0
20877,9427,10989,1.0
20878,10138,10989,1.0
20879,10139,10989,1.0
20880,10567,10989,1.0
20881,10850,10989,1.0
20882,11272,10989,1.0
20883,11983,10989,1.0
20884,13393,10989,1.0
20885,9152,11859,1.0
20886,9587,11859,1.0
20887,9604,11859,1.0
20888,11290,11859,1.0
20889,11457,11859,1.0
20890,11604,11859,1.0
20891,11717,11859,1.0
20892,11857,11859,1.0
20893,11981,11859,1.0
20894,12815,11859,1.0
20895,13010,11859,1.0
20896,13127,11859,1.0
20897,13407,11859,1.0
20898,14541,11859,1.0
20899,9154,11306,1.0
20900,9889,11306,1.0
20901,10146,11306,1.0
20902,10323,11306,1.0
20903,11023,11306,1.0
20904,11164,11306,2.0
20905,11172,11306,1.0
20906,11307,11306,5.0
20907,11437,11306,1.0
20908,11448,11306,1.0
20909,11449,11306,1.0
20910,11452,11306,1.0
20911,11453,11306,1.0
20912,9157,6014,1.0
20913,9157,11139,1.0
20914,9717,11139,1.0
20915,9996,11139,1.0
20916,10004,11139,1.0
20917,10145,11139,2.0
20918,10995,11139,1.0
20919,11143,11139,1.0
20920,11569,11139,1.0
20921,11580,11139,1.0
20922,14292,11139,1.0
20923,9159,10320,2.0
20924,9740,10320,4.0
20925,9752,10320,1.0
20926,9893,10320,1.0
20927,10029,10320,1.0
20928,10034,10320,1.0
20929,10460,10320,1.0
20930,10463,10320,1.0
20931,10464,10320,1.0
20932,10465,10320,3.0
20933,10466,10320,1.0
20934,10603,10320,1.0
20935,10604,10320,2.0
20936,10889,10320,2.0
20937,11166,10320,1.0
20938,11459,10320,1.0
20939,9159,11315,1.0
20940,9604,11315,1.0
20941,9883,11315,1.0
20942,10322,11315,2.0
20943,10324,11315,1.0
20944,10604,11315,1.0
20945,10608,11315,1.0
20946,10891,11315,1.0
20947,11015,11315,1.0
20948,11033,11315,2.0
20949,11034,11315,1.0
20950,11035,11315,3.0
20951,11167,11315,1.0
20952,11171,11315,1.0
20953,11313,11315,1.0
20954,11314,11315,2.0
20955,11317,11315,2.0
20956,11449,11315,1.0
20957,11456,11315,1.0
20958,11457,11315,5.0
20959,11599,11315,1.0
20960,11743,11315,2.0
20961,12029,11315,1.0
20962,12299,11315,3.0
20963,12454,11315,1.0
20964,13014,11315,1.0
20965,13149,11315,1.0
20966,13277,11315,1.0
20967,13434,11315,1.0
20968,9160,10153,1.0
20969,9591,10153,2.0
20970,10009,10153,3.0
20971,10015,10153,2.0
20972,10137,10153,1.0
20973,10154,10153,2.0
20974,10286,10153,1.0
20975,10293,10153,1.0
20976,10294,10153,1.0
20977,10867,10153,1.0
20978,11999,10153,1.0
20979,9160,11001,1.0
20980,9584,11001,1.0
20981,10151,11001,2.0
20982,10859,11001,1.0
20983,10866,11001,2.0
20984,11009,11001,1.0
20985,11282,11001,1.0
20986,11285,11001,1.0
20987,11286,11001,1.0
20988,11287,11001,2.0
20989,9160,14689,1.0
20990,11580,14689,3.0
20991,11738,14689,1.0
20992,11996,14689,1.0
20993,12703,14689,2.0
20994,14102,14689,1.0
20995,14118,14689,1.0
20996,14407,14689,1.0
20997,14408,14689,1.0
20998,14423,14689,1.0
20999,14533,14689,3.0
21000,14535,14689,1.0
21001,14536,14689,1.0
21002,14537,14689,1.0
21003,14548,14689,2.0
21004,14687,14689,1.0
21005,14691,14689,2.0
21006,14692,14689,1.0
21007,14693,14689,1.0
21008,14969,14689,1.0
21009,15116,14689,2.0
21010,15122,14689,1.0
21011,15129,14689,1.0
21012,15257,14689,2.0
21013,15259,14689,1.0
21014,15399,14689,1.0
21015,15402,14689,1.0
21016,15563,14689,1.0
21017,15680,14689,1.0
21018,17108,14689,2.0
21019,9162,10431,1.0
21020,9429,10431,1.0
21021,9731,10431,1.0
21022,10029,10431,1.0
21023,10144,10431,1.0
21024,10146,10431,1.0
21025,10147,10431,5.0
21026,10281,10431,1.0
21027,10288,10431,1.0
21028,10430,10431,1.0
21029,10433,10431,2.0
21030,10568,10431,1.0
21031,10573,10431,1.0
21032,10851,10431,1.0
21033,11002,10431,1.0
21034,11004,10431,2.0
21035,11282,10431,2.0
21036,11703,10431,1.0
21037,11719,10431,1.0
21038,11996,10431,1.0
21039,9163,13376,1.0
21040,12810,13376,1.0
21041,12952,13376,1.0
21042,9163,13863,1.0
21043,9163,14426,1.0
21044,9429,14426,2.0
21045,9430,14426,1.0
21046,9858,14426,1.0
21047,10580,14426,1.0
21048,11308,14426,1.0
21049,11580,14426,1.0
21050,12007,14426,1.0
21051,12011,14426,2.0
21052,12281,14426,1.0
21053,12445,14426,1.0
21054,12565,14426,1.0
21055,12579,14426,1.0
21056,13000,14426,1.0
21057,13013,14426,1.0
21058,13285,14426,1.0
21059,13290,14426,1.0
21060,13317,14426,1.0
21061,13433,14426,2.0
21062,13435,14426,3.0
21063,13677,14426,1.0
21064,13714,14426,1.0
21065,13847,14426,1.0
21066,13855,14426,1.0
21067,13857,14426,1.0
21068,13995,14426,2.0
21069,14138,14426,1.0
21070,14142,14426,1.0
21071,14277,14426,1.0
21072,14280,14426,1.0
21073,14281,14426,1.0
21074,14282,14426,2.0
21075,14286,14426,2.0
21076,14287,14426,2.0
21077,14410,14426,1.0
21078,14423,14426,1.0
21079,14427,14426,1.0
21080,14443,14426,1.0
21081,14524,14426,2.0
21082,14564,14426,1.0
21083,14568,14426,2.0
21084,14569,14426,1.0
21085,14691,14426,1.0
21086,14706,14426,2.0
21087,14709,14426,1.0
21088,14712,14426,1.0
21089,15002,14426,1.0
21090,15126,14426,2.0
21091,15131,14426,2.0
21092,15132,14426,1.0
21093,15134,14426,4.0
21094,15135,14426,6.0
21095,15140,14426,2.0
21096,15142,14426,1.0
21097,15272,14426,1.0
21098,15277,14426,1.0
21099,15419,14426,2.0
21100,15711,14426,2.0
21101,15988,14426,1.0
21102,16411,14426,1.0
21103,16991,14426,1.0
21104,18240,14426,1.0
21105,9163,16131,1.0
21106,11456,16131,1.0
21107,11581,16131,1.0
21108,12579,16131,2.0
21109,13822,16131,1.0
21110,13974,16131,1.0
21111,15136,16131,1.0
21112,15420,16131,1.0
21113,15559,16131,1.0
21114,15987,16131,1.0
21115,9163,16993,1.0
21116,14012,16993,1.0
21117,17282,16993,1.0
21118,9164,9171,1.0
21119,9172,9171,3.0
21120,9605,9171,1.0
21121,13855,9171,1.0
21122,9164,9876,1.0
21123,9593,9876,1.0
21124,9728,9876,1.0
21125,9733,9876,1.0
21126,9875,9876,2.0
21127,9877,9876,2.0
21128,9888,9876,1.0
21129,10018,9876,1.0
21130,10160,9876,1.0
21131,10166,9876,2.0
21132,11013,9876,1.0
21133,11155,9876,3.0
21134,11295,9876,1.0
21135,11296,9876,1.0
21136,9164,10445,1.0
21137,9605,10445,2.0
21138,9740,10445,1.0
21139,9746,10445,1.0
21140,9874,10445,1.0
21141,9882,10445,1.0
21142,10157,10445,2.0
21143,10168,10445,1.0
21144,10298,10445,2.0
21145,10303,10445,1.0
21146,10304,10445,1.0
21147,10428,10445,1.0
21148,10438,10445,1.0
21149,10444,10445,3.0
21150,10446,10445,1.0
21151,10587,10445,4.0
21152,10866,10445,1.0
21153,11014,10445,2.0
21154,11296,10445,1.0
21155,11438,10445,1.0
21156,9164,10866,1.0
21157,9730,10866,1.0
21158,10299,10866,1.0
21159,10303,10866,2.0
21160,10312,10866,1.0
21161,10441,10866,1.0
21162,10449,10866,1.0
21163,10580,10866,2.0
21164,10582,10866,1.0
21165,10587,10866,2.0
21166,10870,10866,1.0
21167,11001,10866,2.0
21168,11007,10866,1.0
21169,11008,10866,1.0
21170,11009,10866,1.0
21171,11143,10866,1.0
21172,11148,10866,1.0
21173,11151,10866,2.0
21174,11157,10866,2.0
21175,11727,10866,3.0
21176,9164,10869,1.0
21177,9592,10869,1.0
21178,9605,10869,1.0
21179,10035,10869,1.0
21180,10149,10869,2.0
21181,10584,10869,2.0
21182,10867,10869,1.0
21183,10870,10869,1.0
21184,10871,10869,1.0
21185,11012,10869,2.0
21186,11153,10869,1.0
21187,11155,10869,1.0
21188,11293,10869,1.0
21189,9164,10870,1.0
21190,9600,10870,1.0
21191,9744,10870,1.0
21192,10171,10870,1.0
21193,10285,10870,1.0
21194,10452,10870,1.0
21195,10585,10870,1.0
21196,10866,10870,1.0
21197,10868,10870,1.0
21198,10869,10870,4.0
21199,11012,10870,3.0
21200,11296,10870,1.0
21201,11297,10870,2.0
21202,11437,10870,1.0
21203,11438,10870,2.0
21204,9164,11165,1.0
21205,9604,11165,1.0
21206,10030,11165,1.0
21207,10309,11165,1.0
21208,11006,11165,1.0
21209,11014,11165,1.0
21210,11030,11165,1.0
21211,11164,11165,1.0
21212,11304,11165,1.0
21213,11307,11165,1.0
21214,11310,11165,1.0
21215,11311,11165,2.0
21216,11316,11165,1.0
21217,11450,11165,1.0
21218,11453,11165,1.0
21219,11456,11165,1.0
21220,11878,11165,2.0
21221,12299,11165,2.0
21222,12312,11165,1.0
21223,12448,11165,1.0
21224,9164,12032,1.0
21225,9746,12032,1.0
21226,11035,12032,1.0
21227,11320,12032,3.0
21228,11461,12032,1.0
21229,11747,12032,1.0
21230,12031,12032,1.0
21231,12598,12032,2.0
21232,12739,12032,1.0
21233,16991,12032,1.0
21234,9164,12293,1.0
21235,9451,12293,1.0
21236,9732,12293,1.0
21237,9887,12293,1.0
21238,10029,12293,1.0
21239,12006,12293,1.0
21240,12008,12293,1.0
21241,12011,12293,2.0
21242,12012,12293,1.0
21243,12013,12293,1.0
21244,12025,12293,3.0
21245,12283,12293,1.0
21246,12291,12293,2.0
21247,12292,12293,1.0
21248,12296,12293,1.0
21249,12435,12293,1.0
21250,12575,12293,2.0
21251,12578,12293,1.0
21252,13145,12293,1.0
21253,13847,12293,1.0
21254,9164,12738,1.0
21255,11455,12738,1.0
21256,11457,12738,1.0
21257,11461,12738,1.0
21258,12310,12738,1.0
21259,12315,12738,1.0
21260,12593,12738,1.0
21261,12596,12738,1.0
21262,12599,12738,2.0
21263,12737,12738,2.0
21264,12739,12738,2.0
21265,12877,12738,1.0
21266,12880,12738,1.0
21267,12882,12738,2.0
21268,13020,12738,1.0
21269,13023,12738,2.0
21270,13024,12738,1.0
21271,14014,12738,1.0
21272,9164,13011,1.0
21273,10852,13011,1.0
21274,11460,13011,1.0
21275,11578,13011,1.0
21276,11596,13011,1.0
21277,11860,13011,1.0
21278,12014,13011,1.0
21279,12300,13011,1.0
21280,12442,13011,1.0
21281,12443,13011,1.0
21282,12446,13011,1.0
21283,12455,13011,1.0
21284,12589,13011,1.0
21285,12722,13011,1.0
21286,12723,13011,3.0
21287,12727,13011,1.0
21288,12728,13011,1.0
21289,12869,13011,1.0
21290,13001,13011,1.0
21291,13010,13011,2.0
21292,13012,13011,2.0
21293,13018,13011,1.0
21294,13024,13011,1.0
21295,13143,13011,1.0
21296,13144,13011,1.0
21297,13151,13011,4.0
21298,13153,13011,1.0
21299,13154,13011,2.0
21300,13724,13011,1.0
21301,14152,13011,1.0
21302,14716,13011,2.0
21303,9164,14688,1.0
21304,11580,14688,1.0
21305,12293,14688,1.0
21306,13835,14688,2.0
21307,13979,14688,1.0
21308,14268,14688,1.0
21309,14398,14688,2.0
21310,14405,14688,1.0
21311,14407,14688,3.0
21312,14408,14688,1.0
21313,14534,14688,1.0
21314,14545,14688,4.0
21315,14559,14688,1.0
21316,14687,14688,5.0
21317,14693,14688,2.0
21318,14970,14688,1.0
21319,17108,14688,1.0
21320,9165,10326,1.0
21321,10467,10326,1.0
21322,10583,10326,1.0
21323,10893,10326,2.0
21324,11036,10326,1.0
21325,11601,10326,1.0
21326,11602,10326,1.0
21327,9165,11714,1.0
21328,11561,11714,1.0
21329,11983,11714,1.0
21330,9165,13291,1.0
21331,12579,13291,1.0
21332,12583,13291,1.0
21333,12723,13291,2.0
21334,13146,13291,1.0
21335,13148,13291,2.0
21336,13151,13291,1.0
21337,13290,13291,2.0
21338,13433,13291,1.0
21339,9165,14277,1.0
21340,9589,14277,1.0
21341,11580,14277,1.0
21342,13722,14277,1.0
21343,13991,14277,1.0
21344,14278,14277,1.0
21345,14426,14277,1.0
21346,9165,17257,1.0
21347,10569,17257,1.0
21348,12010,17257,2.0
21349,16107,17257,1.0
21350,17118,17257,1.0
21351,17250,17257,1.0
21352,9166,9875,1.0
21353,9447,9875,1.0
21354,9450,9875,1.0
21355,9728,9875,1.0
21356,9733,9875,3.0
21357,9743,9875,1.0
21358,9885,9875,1.0
21359,10166,9875,1.0
21360,10298,9875,1.0
21361,10584,9875,1.0
21362,9166,10597,1.0
21363,9167,10597,1.0
21364,10021,10597,1.0
21365,10140,10597,1.0
21366,10456,10597,3.0
21367,11449,10597,1.0
21368,11582,10597,1.0
21369,9166,10992,1.0
21370,9167,10992,2.0
21371,11127,10992,1.0
21372,9166,11434,1.0
21373,9726,11434,1.0
21374,10860,11434,1.0
21375,11273,11434,1.0
21376,11298,11434,1.0
21377,11435,11434,1.0
21378,11437,11434,2.0
21379,11443,11434,1.0
21380,11447,11434,1.0
21381,11575,11434,1.0
21382,11585,11434,1.0
21383,11723,11434,1.0
21384,11882,11434,1.0
21385,12004,11434,1.0
21386,12694,11434,1.0
21387,9166,14974,1.0
21388,12845,14974,1.0
21389,14409,14974,1.0
21390,14548,14974,2.0
21391,14972,14974,2.0
21392,14973,14974,2.0
21393,15396,14974,4.0
21394,9167,11718,1.0
21395,11433,11718,1.0
21396,11438,11718,2.0
21397,11717,11718,1.0
21398,11861,11718,1.0
21399,11864,11718,1.0
21400,12262,11718,5.0
21401,12315,11718,5.0
21402,12720,11718,1.0
21403,12874,11718,1.0
21404,13679,11718,1.0
21405,14447,11718,1.0
21406,16670,11718,1.0
21407,9167,14563,1.0
21408,11455,14563,1.0
21409,12717,14563,1.0
21410,14708,14563,1.0
21411,15131,14563,1.0
21412,15272,14563,2.0
21413,15416,14563,2.0
21414,15974,14563,1.0
21415,9168,10298,1.0
21416,9581,10298,1.0
21417,9743,10298,1.0
21418,9875,10298,1.0
21419,9888,10298,1.0
21420,10011,10298,1.0
21421,10155,10298,1.0
21422,10156,10298,1.0
21423,10157,10298,1.0
21424,10439,10298,1.0
21425,10440,10298,2.0
21426,10445,10298,1.0
21427,10572,10298,1.0
21428,10582,10298,2.0
21429,11294,10298,1.0
21430,12396,10298,1.0
21431,9168,10466,1.0
21432,10320,10466,1.0
21433,10465,10466,4.0
21434,10467,10466,4.0
21435,10608,10466,2.0
21436,10609,10466,1.0
21437,10610,10466,1.0
21438,10891,10466,1.0
21439,10892,10466,1.0
21440,11036,10466,2.0
21441,11309,10466,1.0
21442,11320,10466,4.0
21443,11460,10466,1.0
21444,12287,10466,1.0
21445,12588,10466,1.0
21446,12875,10466,1.0
21447,14014,10466,1.0
21448,9168,10871,1.0
21449,9604,10871,1.0
21450,9605,10871,1.0
21451,10018,10871,1.0
21452,10166,10871,1.0
21453,10306,10871,1.0
21454,10450,10871,1.0
21455,10587,10871,2.0
21456,10588,10871,1.0
21457,10869,10871,2.0
21458,10872,10871,2.0
21459,10891,10871,1.0
21460,11013,10871,2.0
21461,11153,10871,1.0
21462,11154,10871,1.0
21463,11170,10871,1.0
21464,11293,10871,1.0
21465,11451,10871,1.0
21466,9168,14665,1.0
21467,12851,14665,1.0
21468,14385,14665,2.0
21469,14386,14665,1.0
21470,9170,15527,1.0
21471,15101,15527,1.0
21472,16831,15527,1.0
21473,9171,13855,1.0
21474,9993,13855,1.0
21475,10156,13855,1.0
21476,10275,13855,1.0
21477,11425,13855,1.0
21478,11727,13855,1.0
21479,12006,13855,1.0
21480,12016,13855,1.0
21481,12025,13855,1.0
21482,12283,13855,1.0
21483,12296,13855,1.0
21484,12432,13855,1.0
21485,12441,13855,1.0
21486,12444,13855,1.0
21487,12589,13855,1.0
21488,12702,13855,1.0
21489,12718,13855,1.0
21490,12723,13855,1.0
21491,12739,13855,1.0
21492,12864,13855,1.0
21493,13148,13855,1.0
21494,13152,13855,1.0
21495,13410,13855,1.0
21496,13432,13855,1.0
21497,13689,13855,1.0
21498,13714,13855,1.0
21499,13716,13855,2.0
21500,13854,13855,1.0
21501,14108,13855,1.0
21502,14280,13855,1.0
21503,14422,13855,1.0
21504,14558,13855,1.0
21505,14700,13855,1.0
21506,14706,13855,1.0
21507,15259,13855,1.0
21508,15285,13855,1.0
21509,15419,13855,1.0
21510,15814,13855,1.0
21511,16391,13855,1.0
21512,16516,13855,1.0
21513,16830,13855,1.0
21514,16831,13855,1.0
21515,9172,9456,4.0
21516,9891,9456,1.0
21517,10169,9456,1.0
21518,10595,9456,1.0
21519,9172,9883,1.0
21520,9452,9883,2.0
21521,9458,9883,1.0
21522,9459,9883,1.0
21523,9604,9883,1.0
21524,9739,9883,1.0
21525,9868,9883,2.0
21526,9874,9883,4.0
21527,9880,9883,1.0
21528,10024,9883,1.0
21529,10025,9883,5.0
21530,10029,9883,1.0
21531,10033,9883,1.0
21532,10154,9883,2.0
21533,10163,9883,1.0
21534,10165,9883,2.0
21535,10169,9883,1.0
21536,11298,9883,1.0
21537,12723,9883,1.0
21538,9174,9455,2.0
21539,10435,9455,1.0
21540,9174,9878,1.0
21541,9599,9878,1.0
21542,9605,9878,1.0
21543,9732,9878,5.0
21544,9879,9878,1.0
21545,9880,9878,2.0
21546,9891,9878,1.0
21547,10020,9878,2.0
21548,10163,9878,1.0
21549,10171,9878,1.0
21550,10304,9878,1.0
21551,10873,9878,1.0
21552,10894,9878,1.0
21553,11036,9878,1.0
21554,9174,10032,1.0
21555,9459,10032,1.0
21556,9747,10032,1.0
21557,9889,10032,1.0
21558,10031,10032,1.0
21559,10033,10032,1.0
21560,10316,10032,1.0
21561,10317,10032,1.0
21562,10456,10032,1.0
21563,10457,10032,1.0
21564,10875,10032,1.0
21565,10889,10032,1.0
21566,10892,10032,1.0
21567,11025,10032,1.0
21568,11157,10032,1.0
21569,11460,10032,1.0
21570,9174,11177,1.0
21571,9446,11177,1.0
21572,10169,11177,1.0
21573,10609,11177,1.0
21574,10610,11177,1.0
21575,10893,11177,7.0
21576,10894,11177,1.0
21577,11034,11177,4.0
21578,11035,11177,1.0
21579,11176,11177,1.0
21580,11178,11177,1.0
21581,11316,11177,1.0
21582,11320,11177,3.0
21583,11600,11177,1.0
21584,11885,11177,1.0
21585,12024,11177,1.0
21586,12025,11177,1.0
21587,9175,10609,1.0
21588,9597,10609,1.0
21589,9888,10609,1.0
21590,10170,10609,2.0
21591,10182,10609,1.0
21592,10323,10609,2.0
21593,10466,10609,2.0
21594,10467,10609,2.0
21595,10468,10609,2.0
21596,10605,10609,3.0
21597,10608,10609,1.0
21598,10891,10609,1.0
21599,10893,10609,3.0
21600,10894,10609,2.0
21601,11013,10609,1.0
21602,11033,10609,1.0
21603,11034,10609,1.0
21604,11177,10609,1.0
21605,11178,10609,2.0
21606,11180,10609,1.0
21607,11320,10609,1.0
21608,11461,10609,1.0
21609,11602,10609,1.0
21610,11737,10609,1.0
21611,12310,10609,1.0
21612,13870,10609,2.0
21613,9175,13025,1.0
21614,11174,13025,1.0
21615,11462,13025,1.0
21616,11740,13025,2.0
21617,11745,13025,1.0
21618,11874,13025,1.0
21619,11878,13025,1.0
21620,11880,13025,1.0
21621,12027,13025,1.0
21622,12296,13025,1.0
21623,12449,13025,1.0
21624,12453,13025,1.0
21625,12590,13025,1.0
21626,12596,13025,1.0
21627,13165,13025,1.0
21628,13736,13025,1.0
21629,13741,13025,2.0
21630,15160,13025,2.0
21631,17014,13025,1.0
21632,9382,9802,1.0
21633,9383,9802,2.0
21634,9801,9802,2.0
21635,9853,9802,1.0
21636,9383,8969,1.0
21637,9383,10085,1.0
21638,10084,10085,2.0
21639,9383,10378,1.0
21640,9383,10942,1.0
21641,9386,8394,3.0
21642,9386,8958,1.0
21643,9386,9128,1.0
21644,13853,9128,1.0
21645,9388,10985,2.0
21646,9402,9120,1.0
21647,9402,11097,2.0
21648,9412,12267,1.0
21649,10564,12267,1.0
21650,11274,12267,1.0
21651,11277,12267,1.0
21652,11842,12267,1.0
21653,11983,12267,1.0
21654,11993,12267,1.0
21655,12001,12267,1.0
21656,12410,12267,1.0
21657,13679,12267,1.0
21658,16993,12267,1.0
21659,9413,11861,1.0
21660,9600,11861,1.0
21661,10153,11861,1.0
21662,10170,11861,1.0
21663,10287,11861,1.0
21664,10424,11861,1.0
21665,10452,11861,1.0
21666,11017,11861,1.0
21667,11282,11861,1.0
21668,11437,11861,2.0
21669,11580,11861,1.0
21670,11718,11861,1.0
21671,11719,11861,1.0
21672,11857,11861,1.0
21673,11860,11861,1.0
21674,11870,11861,1.0
21675,12287,11861,2.0
21676,12291,11861,1.0
21677,12422,11861,1.0
21678,12429,11861,1.0
21679,12716,11861,1.0
21680,12851,11861,3.0
21681,12978,11861,1.0
21682,13140,11861,1.0
21683,13147,11861,1.0
21684,13289,11861,1.0
21685,13313,11861,1.0
21686,14559,11861,1.0
21687,14674,11861,1.0
21688,17141,11861,1.0
21689,18105,11861,1.0
21690,9426,9144,1.0
21691,9582,9144,1.0
21692,9426,9571,1.0
21693,9428,9571,1.0
21694,9429,9571,1.0
21695,9568,9571,1.0
21696,9581,9571,1.0
21697,9709,9571,1.0
21698,9710,9571,1.0
21699,9719,9571,1.0
21700,9852,9571,1.0
21701,9854,9571,1.0
21702,10138,9571,1.0
21703,10280,9571,1.0
21704,10293,9571,2.0
21705,13144,9571,1.0
21706,9426,11719,1.0
21707,9595,11719,1.0
21708,10324,11719,1.0
21709,10431,11719,1.0
21710,10439,11719,1.0
21711,10467,11719,1.0
21712,10854,11719,1.0
21713,10874,11719,2.0
21714,11107,11719,1.0
21715,11146,11719,1.0
21716,11155,11719,1.0
21717,11167,11719,1.0
21718,11298,11719,1.0
21719,11573,11719,2.0
21720,11700,11719,1.0
21721,11724,11719,1.0
21722,11859,11719,1.0
21723,11861,11719,2.0
21724,12000,11719,1.0
21725,12001,11719,1.0
21726,12011,11719,2.0
21727,12025,11719,1.0
21728,12298,11719,1.0
21729,12428,11719,1.0
21730,12433,11719,1.0
21731,12579,11719,1.0
21732,12586,11719,1.0
21733,12587,11719,1.0
21734,12707,11719,1.0
21735,12861,11719,1.0
21736,12993,11719,1.0
21737,13444,11719,1.0
21738,14954,11719,1.0
21739,9426,11980,1.0
21740,10994,11980,1.0
21741,10999,11980,1.0
21742,11127,11980,1.0
21743,11401,11980,1.0
21744,11841,11980,3.0
21745,12530,11980,2.0
21746,12546,11980,1.0
21747,12548,11980,1.0
21748,12832,11980,2.0
21749,12838,11980,1.0
21750,13821,11980,1.0
21751,9426,13678,1.0
21752,12421,13678,1.0
21753,12540,13678,1.0
21754,12548,13678,1.0
21755,12832,13678,1.0
21756,12835,13678,1.0
21757,12963,13678,3.0
21758,12966,13678,1.0
21759,13108,13678,1.0
21760,13390,13678,1.0
21761,13392,13678,1.0
21762,13393,13678,1.0
21763,13394,13678,1.0
21764,13675,13678,1.0
21765,13677,13678,9.0
21766,13679,13678,1.0
21767,13683,13678,1.0
21768,13820,13678,3.0
21769,13821,13678,1.0
21770,14252,13678,2.0
21771,14385,13678,1.0
21772,14386,13678,4.0
21773,14523,13678,2.0
21774,14536,13678,1.0
21775,14670,13678,1.0
21776,15101,13678,1.0
21777,9427,9001,1.0
21778,9852,9001,1.0
21779,10138,9001,1.0
21780,11701,9001,1.0
21781,11710,9001,1.0
21782,9427,9570,4.0
21783,9568,9570,1.0
21784,9852,9570,1.0
21785,9427,9573,1.0
21786,9711,9573,1.0
21787,9427,9710,4.0
21788,9445,9710,1.0
21789,9568,9710,1.0
21790,9711,9710,1.0
21791,9712,9710,1.0
21792,9852,9710,4.0
21793,9992,9710,1.0
21794,10136,9710,1.0
21795,9427,10022,1.0
21796,9460,10022,1.0
21797,9572,10022,1.0
21798,9880,10022,1.0
21799,9995,10022,1.0
21800,10018,10022,1.0
21801,10311,10022,1.0
21802,11156,10022,1.0
21803,11282,10022,1.0
21804,11290,10022,1.0
21805,11580,10022,1.0
21806,11708,10022,1.0
21807,9427,10134,1.0
21808,9429,10134,1.0
21809,10138,10134,5.0
21810,9427,11000,1.0
21811,9448,11000,1.0
21812,10427,11000,1.0
21813,10856,11000,1.0
21814,11135,11000,2.0
21815,11140,11000,1.0
21816,11143,11000,2.0
21817,11277,11000,1.0
21818,11706,11000,1.0
21819,12293,11000,1.0
21820,12425,11000,2.0
21821,9427,11023,1.0
21822,9752,11023,1.0
21823,9889,11023,2.0
21824,10315,11023,1.0
21825,10319,11023,3.0
21826,10436,11023,1.0
21827,10456,11023,1.0
21828,10590,11023,1.0
21829,10606,11023,1.0
21830,10881,11023,3.0
21831,10882,11023,1.0
21832,11024,11023,1.0
21833,11027,11023,1.0
21834,11151,11023,1.0
21835,11164,11023,3.0
21836,11167,11023,1.0
21837,11306,11023,2.0
21838,11453,11023,1.0
21839,11873,11023,1.0
21840,12446,11023,1.0
21841,12734,11023,1.0
21842,13145,11023,1.0
21843,13706,11023,1.0
21844,9427,12701,1.0
21845,10137,12701,1.0
21846,11841,12701,2.0
21847,12445,12701,1.0
21848,12563,12701,1.0
21849,12702,12701,2.0
21850,12707,12701,1.0
21851,12840,12701,1.0
21852,12843,12701,1.0
21853,13855,12701,1.0
21854,14409,12701,2.0
21855,14693,12701,1.0
21856,9427,13263,1.0
21857,11178,13263,1.0
21858,12724,13263,1.0
21859,13120,13263,1.0
21860,13407,13263,1.0
21861,13412,13263,1.0
21862,14688,13263,1.0
21863,9429,8575,1.0
21864,9429,9141,1.0
21865,9994,9141,1.0
21866,10149,9141,2.0
21867,11131,9141,1.0
21868,9429,11136,1.0
21869,9605,11136,1.0
21870,10137,11136,1.0
21871,10285,11136,1.0
21872,10573,11136,1.0
21873,10574,11136,1.0
21874,10852,11136,1.0
21875,10853,11136,1.0
21876,10857,11136,1.0
21877,11282,11136,1.0
21878,11561,11136,1.0
21879,12269,11136,3.0
21880,9429,12419,1.0
21881,10169,12419,1.0
21882,10986,12419,1.0
21883,11285,12419,1.0
21884,11425,12419,1.0
21885,11426,12419,1.0
21886,11428,12419,1.0
21887,11567,12419,1.0
21888,11709,12419,2.0
21889,11988,12419,1.0
21890,11994,12419,2.0
21891,12277,12419,2.0
21892,12288,12419,2.0
21893,12432,12419,3.0
21894,12559,12419,1.0
21895,12562,12419,2.0
21896,12563,12419,1.0
21897,12572,12419,1.0
21898,12573,12419,1.0
21899,12588,12419,1.0
21900,12668,12419,1.0
21901,12843,12419,1.0
21902,12845,12419,1.0
21903,12851,12419,1.0
21904,12857,12419,1.0
21905,12858,12419,1.0
21906,13272,12419,1.0
21907,13413,12419,1.0
21908,13715,12419,1.0
21909,14558,12419,1.0
21910,9429,12978,1.0
21911,11274,12978,2.0
21912,11983,12978,1.0
21913,12692,12978,1.0
21914,12835,12978,4.0
21915,12836,12978,1.0
21916,12838,12978,3.0
21917,12979,12978,5.0
21918,13119,12978,1.0
21919,13122,12978,2.0
21920,13407,12978,1.0
21921,13690,12978,1.0
21922,16546,12978,1.0
21923,9430,8294,1.0
21924,9567,8294,1.0
21925,9998,8294,1.0
21926,9430,15256,1.0
21927,13265,15256,1.0
21928,13393,15256,1.0
21929,14408,15256,1.0
21930,14539,15256,1.0
21931,14546,15256,1.0
21932,14553,15256,1.0
21933,14554,15256,2.0
21934,14687,15256,1.0
21935,14691,15256,1.0
21936,14695,15256,1.0
21937,14698,15256,1.0
21938,14972,15256,1.0
21939,14977,15256,1.0
21940,15116,15256,2.0
21941,15134,15256,1.0
21942,15257,15256,2.0
21943,15258,15256,1.0
21944,15259,15256,1.0
21945,15397,15256,2.0
21946,15398,15256,1.0
21947,15400,15256,2.0
21948,15401,15256,1.0
21949,15683,15256,1.0
21950,15822,15256,1.0
21951,16391,15256,1.0
21952,16690,15256,1.0
21953,16831,15256,1.0
21954,17372,15256,1.0
21955,9433,11176,1.0
21956,10603,11176,1.0
21957,10605,11176,1.0
21958,10606,11176,1.0
21959,11034,11176,1.0
21960,11035,11176,3.0
21961,11174,11176,1.0
21962,11175,11176,1.0
21963,11177,11176,1.0
21964,11315,11176,1.0
21965,11317,11176,2.0
21966,11459,11176,1.0
21967,11461,11176,1.0
21968,11744,11176,2.0
21969,11886,11176,1.0
21970,12312,11176,1.0
21971,12703,11176,1.0
21972,18739,11176,1.0
21973,9433,13676,1.0
21974,13245,13676,1.0
21975,13677,13676,4.0
21976,9434,12704,1.0
21977,11285,12704,1.0
21978,13958,12704,1.0
21979,9434,13661,1.0
21980,9434,13964,1.0
21981,11993,13964,1.0
21982,12277,13964,1.0
21983,9435,9744,1.0
21984,9459,9744,1.0
21985,9601,9744,2.0
21986,9743,9744,4.0
21987,10302,9744,3.0
21988,10305,9744,1.0
21989,10455,9744,1.0
21990,10870,9744,1.0
21991,11023,9744,1.0
21992,11158,9744,1.0
21993,9435,12974,1.0
21994,11135,12974,2.0
21995,12546,12974,1.0
21996,12824,12974,2.0
21997,12835,12974,2.0
21998,12838,12974,2.0
21999,13677,12974,2.0
22000,9436,10446,1.0
22001,9749,10446,1.0
22002,9880,10446,1.0
22003,10027,10446,1.0
22004,10309,10446,1.0
22005,10445,10446,1.0
22006,10450,10446,3.0
22007,10588,10446,1.0
22008,10589,10446,1.0
22009,11138,10446,1.0
22010,11287,10446,1.0
22011,9437,12022,1.0
22012,10285,12022,1.0
22013,10461,12022,1.0
22014,10894,12022,1.0
22015,11036,12022,1.0
22016,11308,12022,1.0
22017,11312,12022,1.0
22018,11319,12022,1.0
22019,11460,12022,1.0
22020,11594,12022,3.0
22021,11719,12022,1.0
22022,11740,12022,1.0
22023,11873,12022,1.0
22024,11876,12022,3.0
22025,11877,12022,1.0
22026,11880,12022,4.0
22027,11882,12022,1.0
22028,11884,12022,1.0
22029,11887,12022,1.0
22030,12023,12022,1.0
22031,12024,12022,2.0
22032,12282,12022,1.0
22033,12305,12022,1.0
22034,12310,12022,1.0
22035,12443,12022,1.0
22036,12591,12022,2.0
22037,12592,12022,1.0
22038,12723,12022,1.0
22039,12725,12022,1.0
22040,12732,12022,1.0
22041,12739,12022,1.0
22042,13022,12022,1.0
22043,13151,12022,1.0
22044,18738,12022,1.0
22045,9437,12964,1.0
22046,11983,12964,1.0
22047,12240,12964,1.0
22048,13393,12964,2.0
22049,13661,12964,1.0
22050,14519,12964,1.0
22051,15672,12964,1.0
22052,9441,12583,1.0
22053,11461,12583,1.0
22054,11734,12583,2.0
22055,11879,12583,1.0
22056,12299,12583,1.0
22057,12440,12583,1.0
22058,12542,12583,1.0
22059,12582,12583,1.0
22060,12724,12583,1.0
22061,12875,12583,1.0
22062,13291,12583,1.0
22063,13300,12583,1.0
22064,9442,9730,1.0
22065,9584,9730,2.0
22066,9587,9730,1.0
22067,9740,9730,1.0
22068,10463,9730,1.0
22069,10604,9730,1.0
22070,10866,9730,1.0
22071,10889,9730,3.0
22072,10891,9730,1.0
22073,11320,9730,1.0
22074,9443,9442,1.0
22075,9585,9442,2.0
22076,9730,9442,1.0
22077,10024,9442,1.0
22078,9443,10863,1.0
22079,10435,10863,1.0
22080,10437,10863,1.0
22081,10447,10863,1.0
22082,10579,10863,1.0
22083,10580,10863,1.0
22084,11004,10863,1.0
22085,11005,10863,1.0
22086,11286,10863,1.0
22087,15006,10863,1.0
22088,9444,14291,1.0
22089,12845,14291,1.0
22090,12855,14291,1.0
22091,13716,14291,1.0
22092,14292,14291,1.0
22093,14434,14291,1.0
22094,14436,14291,1.0
22095,14440,14291,1.0
22096,14999,14291,2.0
22097,15002,14291,1.0
22098,9448,12448,1.0
22099,10609,12448,1.0
22100,10864,12448,1.0
22101,11165,12448,1.0
22102,11455,12448,1.0
22103,11579,12448,1.0
22104,11592,12448,1.0
22105,11600,12448,1.0
22106,11871,12448,1.0
22107,11876,12448,1.0
22108,11882,12448,2.0
22109,11889,12448,1.0
22110,12020,12448,1.0
22111,12022,12448,1.0
22112,12027,12448,1.0
22113,12301,12448,2.0
22114,12305,12448,1.0
22115,12306,12448,1.0
22116,12308,12448,2.0
22117,12446,12448,1.0
22118,12447,12448,3.0
22119,12449,12448,3.0
22120,12450,12448,2.0
22121,12567,12448,1.0
22122,12590,12448,5.0
22123,12591,12448,7.0
22124,12593,12448,1.0
22125,12733,12448,2.0
22126,12868,12448,1.0
22127,12873,12448,1.0
22128,12875,12448,1.0
22129,12876,12448,1.0
22130,13016,12448,1.0
22131,13017,12448,1.0
22132,13143,12448,1.0
22133,14447,12448,1.0
22134,9450,14401,1.0
22135,12845,14401,1.0
22136,9451,10168,1.0
22137,10020,10168,2.0
22138,10027,10168,1.0
22139,10033,10168,1.0
22140,10167,10168,1.0
22141,10170,10168,1.0
22142,10308,10168,1.0
22143,10310,10168,1.0
22144,10311,10168,1.0
22145,10445,10168,1.0
22146,10452,10168,1.0
22147,10876,10168,2.0
22148,11152,10168,1.0
22149,11437,10168,2.0
22150,11585,10168,1.0
22151,9451,12561,1.0
22152,10307,12561,1.0
22153,11286,12561,1.0
22154,11566,12561,2.0
22155,12276,12561,1.0
22156,12419,12561,1.0
22157,12423,12561,1.0
22158,12563,12561,1.0
22159,12700,12561,1.0
22160,12703,12561,3.0
22161,12836,12561,2.0
22162,12845,12561,1.0
22163,9451,13287,1.0
22164,13015,13287,1.0
22165,13150,13287,1.0
22166,13286,13287,1.0
22167,13860,13287,1.0
22168,14143,13287,3.0
22169,14282,13287,1.0
22170,14706,13287,1.0
22171,9452,9882,2.0
22172,9589,9882,1.0
22173,9597,9882,1.0
22174,9739,9882,1.0
22175,9740,9882,1.0
22176,9849,9882,1.0
22177,9854,9882,1.0
22178,9880,9882,1.0
22179,10023,9882,1.0
22180,10024,9882,1.0
22181,10029,9882,1.0
22182,10422,9882,2.0
22183,10423,9882,2.0
22184,10445,9882,2.0
22185,10569,9882,1.0
22186,11021,9882,1.0
22187,13015,9882,1.0
22188,9452,9886,4.0
22189,9745,9886,1.0
22190,9881,9886,1.0
22191,9887,9886,4.0
22192,10029,9886,1.0
22193,10030,9886,1.0
22194,10175,9886,1.0
22195,10461,9886,2.0
22196,10585,9886,1.0
22197,10587,9886,1.0
22198,10589,9886,1.0
22199,10595,9886,1.0
22200,10893,9886,1.0
22201,11001,9886,1.0
22202,11143,9886,1.0
22203,11296,9886,1.0
22204,11316,9886,1.0
22205,11725,9886,1.0
22206,11736,9886,1.0
22207,9452,10593,1.0
22208,9459,10593,1.0
22209,9888,10593,1.0
22210,10452,10593,1.0
22211,10594,10593,1.0
22212,10850,10593,1.0
22213,10876,10593,1.0
22214,11294,10593,1.0
22215,14575,10593,1.0
22216,9452,12291,1.0
22217,9586,12291,1.0
22218,9605,12291,1.0
22219,9722,12291,1.0
22220,11298,12291,1.0
22221,11446,12291,1.0
22222,11706,12291,2.0
22223,11707,12291,1.0
22224,11724,12291,2.0
22225,11729,12291,1.0
22226,11853,12291,1.0
22227,11864,12291,1.0
22228,11865,12291,1.0
22229,11867,12291,2.0
22230,12006,12291,3.0
22231,12007,12291,3.0
22232,12008,12291,1.0
22233,12009,12291,2.0
22234,12010,12291,1.0
22235,12283,12291,1.0
22236,12288,12291,1.0
22237,12290,12291,16.0
22238,12292,12291,3.0
22239,12293,12291,1.0
22240,12294,12291,1.0
22241,12430,12291,1.0
22242,12432,12291,5.0
22243,12433,12291,3.0
22244,12571,12291,1.0
22245,12575,12291,6.0
22246,12581,12291,1.0
22247,12711,12291,1.0
22248,12716,12291,1.0
22249,12717,12291,1.0
22250,12859,12291,1.0
22251,12999,12291,1.0
22252,13140,12291,1.0
22253,13143,12291,2.0
22254,13153,12291,1.0
22255,13290,12291,2.0
22256,13440,12291,1.0
22257,13841,12291,1.0
22258,15292,12291,1.0
22259,9452,12578,1.0
22260,12006,12578,1.0
22261,12008,12578,1.0
22262,12296,12578,1.0
22263,12575,12578,1.0
22264,12718,12578,1.0
22265,12719,12578,1.0
22266,12722,12578,1.0
22267,12999,12578,1.0
22268,9452,14010,1.0
22269,9604,14010,1.0
22270,10325,14010,1.0
22271,11462,14010,1.0
22272,11599,14010,3.0
22273,11743,14010,1.0
22274,11879,14010,1.0
22275,12453,14010,1.0
22276,13146,14010,1.0
22277,13156,14010,1.0
22278,13724,14010,1.0
22279,13726,14010,1.0
22280,13728,14010,1.0
22281,13868,14010,2.0
22282,13870,14010,1.0
22283,13872,14010,2.0
22284,14008,14010,6.0
22285,14009,14010,1.0
22286,14011,14010,1.0
22287,14012,14010,3.0
22288,14294,14010,3.0
22289,14297,14010,3.0
22290,14710,14010,1.0
22291,15000,14010,1.0
22292,15127,14010,1.0
22293,15134,14010,1.0
22294,15281,14010,1.0
22295,16991,14010,1.0
22296,9453,9431,1.0
22297,10288,9431,2.0
22298,9453,10379,1.0
22299,10230,10379,1.0
22300,9453,11009,1.0
22301,9746,11009,1.0
22302,10309,11009,1.0
22303,10311,11009,1.0
22304,10585,11009,1.0
22305,10866,11009,1.0
22306,11014,11009,1.0
22307,11152,11009,2.0
22308,11291,11009,1.0
22309,11301,11009,1.0
22310,12283,11009,1.0
22311,9453,12271,1.0
22312,9869,12271,1.0
22313,10575,12271,1.0
22314,10995,12271,1.0
22315,11544,12271,1.0
22316,11706,12271,1.0
22317,11857,12271,2.0
22318,12272,12271,1.0
22319,12275,12271,1.0
22320,12276,12271,2.0
22321,12277,12271,1.0
22322,12286,12271,1.0
22323,12291,12271,1.0
22324,12843,12271,1.0
22325,13260,12271,1.0
22326,9455,10007,1.0
22327,9723,10007,1.0
22328,9724,10007,1.0
22329,9727,10007,1.0
22330,9863,10007,1.0
22331,9864,10007,1.0
22332,9865,10007,2.0
22333,10002,10007,1.0
22334,10006,10007,5.0
22335,10009,10007,1.0
22336,10011,10007,1.0
22337,10289,10007,1.0
22338,10567,10007,1.0
22339,10989,10007,1.0
22340,11993,10007,1.0
22341,12277,10007,1.0
22342,14309,10007,1.0
22343,9457,10304,1.0
22344,10161,10304,1.0
22345,10445,10304,1.0
22346,10872,10304,1.0
22347,11153,10304,1.0
22348,11294,10304,1.0
22349,11303,10304,1.0
22350,11440,10304,1.0
22351,11455,10304,1.0
22352,16803,10304,1.0
22353,9458,9459,1.0
22354,9597,9459,1.0
22355,9599,9459,1.0
22356,9600,9459,1.0
22357,9604,9459,1.0
22358,9740,9459,1.0
22359,9742,9459,1.0
22360,9743,9459,1.0
22361,9883,9459,2.0
22362,10032,9459,1.0
22363,10165,9459,1.0
22364,10305,9459,2.0
22365,11297,9459,3.0
22366,11871,9459,1.0
22367,9458,9742,2.0
22368,9459,9742,1.0
22369,9598,9742,1.0
22370,9605,9742,1.0
22371,9740,9742,1.0
22372,9741,9742,1.0
22373,10596,9742,1.0
22374,11436,9742,3.0
22375,11582,9742,1.0
22376,9458,11666,1.0
22377,9459,9743,1.0
22378,9461,9743,1.0
22379,9599,9743,1.0
22380,9601,9743,1.0
22381,9744,9743,3.0
22382,9876,9743,1.0
22383,9887,9743,1.0
22384,10017,9743,1.0
22385,10170,9743,1.0
22386,10298,9743,1.0
22387,10443,9743,2.0
22388,10583,9743,2.0
22389,10588,9743,1.0
22390,9460,12857,1.0
22391,9605,12857,1.0
22392,11152,12857,2.0
22393,11291,12857,1.0
22394,11297,12857,1.0
22395,11437,12857,1.0
22396,11440,12857,1.0
22397,12006,12857,1.0
22398,12276,12857,1.0
22399,12282,12857,1.0
22400,12290,12857,3.0
22401,12715,12857,1.0
22402,12716,12857,1.0
22403,12720,12857,1.0
22404,12723,12857,1.0
22405,12841,12857,1.0
22406,12848,12857,1.0
22407,12858,12857,2.0
22408,12996,12857,2.0
22409,12997,12857,1.0
22410,12998,12857,1.0
22411,12999,12857,2.0
22412,13000,12857,1.0
22413,13002,12857,1.0
22414,13148,12857,1.0
22415,13152,12857,1.0
22416,13421,12857,1.0
22417,16391,12857,1.0
22418,9461,10040,1.0
22419,10034,10040,1.0
22420,10182,10040,1.0
22421,10324,10040,1.0
22422,10465,10040,1.0
22423,10468,10040,2.0
22424,10894,10040,1.0
22425,11034,10040,1.0
22426,11320,10040,1.0
22427,14733,10040,1.0
22428,9461,10302,1.0
22429,9738,10302,1.0
22430,9744,10302,1.0
22431,10874,10302,1.0
22432,11170,10302,1.0
22433,13006,10302,1.0
22434,9461,10604,1.0
22435,10316,10604,2.0
22436,10320,10604,2.0
22437,10461,10604,1.0
22438,10603,10604,1.0
22439,10889,10604,6.0
22440,10891,10604,1.0
22441,11035,10604,1.0
22442,11292,10604,1.0
22443,11315,10604,1.0
22444,9461,12031,1.0
22445,9604,12031,2.0
22446,10894,12031,1.0
22447,11319,12031,1.0
22448,11890,12031,1.0
22449,12316,12031,1.0
22450,12884,12031,1.0
22451,13167,12031,1.0
22452,9525,9092,1.0
22453,9536,11245,1.0
22454,12526,11245,1.0
22455,9536,11511,1.0
22456,9540,8968,1.0
22457,9559,7402,2.0
22458,9564,11287,1.0
22459,9863,11287,1.0
22460,9893,11287,1.0
22461,10300,11287,1.0
22462,10446,11287,1.0
22463,11001,11287,2.0
22464,11003,11287,1.0
22465,11012,11287,2.0
22466,11146,11287,4.0
22467,11282,11287,1.0
22468,11286,11287,4.0
22469,11289,11287,1.0
22470,11426,11287,1.0
22471,11433,11287,1.0
22472,11566,11287,1.0
22473,11567,11287,2.0
22474,11861,11287,1.0
22475,11877,11287,1.0
22476,12718,11287,1.0
22477,9567,9022,1.0
22478,9571,10280,1.0
22479,9595,10280,1.0
22480,9604,10280,1.0
22481,10138,10280,2.0
22482,10139,10280,3.0
22483,10146,10280,1.0
22484,10419,10280,1.0
22485,10438,10280,1.0
22486,10580,10280,1.0
22487,11139,10280,1.0
22488,12998,10280,2.0
22489,9571,13413,2.0
22490,9577,13413,1.0
22491,11851,13413,1.0
22492,11983,13413,1.0
22493,12283,13413,1.0
22494,12845,13413,1.0
22495,13289,13413,1.0
22496,13694,13413,2.0
22497,13840,13413,1.0
22498,14125,13413,2.0
22499,14956,13413,1.0
22500,9574,11582,1.0
22501,9742,11582,1.0
22502,10020,11582,2.0
22503,10161,11582,1.0
22504,10443,11582,1.0
22505,10587,11582,1.0
22506,11108,11582,1.0
22507,11156,11582,1.0
22508,11159,11582,1.0
22509,11298,11582,1.0
22510,11300,11582,1.0
22511,11434,11582,1.0
22512,11440,11582,1.0
22513,11441,11582,1.0
22514,11442,11582,1.0
22515,11543,11582,1.0
22516,11584,11582,1.0
22517,11588,11582,2.0
22518,11724,11582,1.0
22519,11865,11582,3.0
22520,11868,11582,1.0
22521,11997,11582,1.0
22522,12283,11582,1.0
22523,12450,11582,1.0
22524,12575,11582,1.0
22525,9575,10453,1.0
22526,10149,10453,1.0
22527,10170,10453,1.0
22528,10312,10453,1.0
22529,10446,10453,1.0
22530,10454,10453,1.0
22531,10457,10453,1.0
22532,10587,10453,1.0
22533,10595,10453,4.0
22534,10599,10453,1.0
22535,10876,10453,1.0
22536,10878,10453,1.0
22537,11012,10453,1.0
22538,11150,10453,1.0
22539,11161,10453,1.0
22540,11315,10453,1.0
22541,11580,10453,1.0
22542,11731,10453,1.0
22543,9576,14020,1.0
22544,13456,14020,1.0
22545,14013,14020,1.0
22546,14581,14020,2.0
22547,9577,8306,1.0
22548,9578,12706,1.0
22549,12269,12706,1.0
22550,12560,12706,2.0
22551,9580,8872,2.0
22552,9581,8872,1.0
22553,9583,8872,2.0
22554,11438,8872,1.0
22555,11704,8872,1.0
22556,11863,8872,1.0
22557,9581,9725,1.0
22558,9724,9725,1.0
22559,9728,9725,1.0
22560,9747,9725,1.0
22561,9855,9725,1.0
22562,10144,9725,1.0
22563,10852,9725,1.0
22564,11142,9725,1.0
22565,9583,10458,1.0
22566,10605,10458,2.0
22567,10607,10458,1.0
22568,9584,10028,1.0
22569,9890,10028,1.0
22570,10024,10028,1.0
22571,10169,10028,1.0
22572,11600,10028,1.0
22573,9584,10307,1.0
22574,9604,10307,1.0
22575,9605,10307,1.0
22576,9745,10307,1.0
22577,9746,10307,1.0
22578,9752,10307,1.0
22579,10166,10307,2.0
22580,10293,10307,1.0
22581,10421,10307,2.0
22582,10449,10307,2.0
22583,10450,10307,2.0
22584,10585,10307,1.0
22585,10591,10307,1.0
22586,10867,10307,2.0
22587,11295,10307,1.0
22588,11316,10307,2.0
22589,12020,10307,1.0
22590,12561,10307,1.0
22591,9584,10314,1.0
22592,9585,10024,1.0
22593,9604,10024,1.0
22594,9740,10024,1.0
22595,9881,10024,2.0
22596,9882,10024,2.0
22597,9883,10024,1.0
22598,9888,10024,1.0
22599,10023,10024,1.0
22600,10025,10024,2.0
22601,10026,10024,2.0
22602,10029,10024,1.0
22603,10166,10024,1.0
22604,10168,10024,1.0
22605,10170,10024,1.0
22606,10171,10024,1.0
22607,11014,10024,1.0
22608,11015,10024,1.0
22609,11017,10024,1.0
22610,9586,11005,1.0
22611,10012,11005,1.0
22612,10863,11005,2.0
22613,11282,11005,1.0
22614,11287,11005,2.0
22615,11426,11005,1.0
22616,11720,11005,1.0
22617,11723,11005,2.0
22618,9586,12963,1.0
22619,13392,12963,2.0
22620,13678,12963,3.0
22621,9588,11422,1.0
22622,11132,11422,2.0
22623,11140,11422,1.0
22624,11302,11422,1.0
22625,12277,11422,1.0
22626,9589,10156,2.0
22627,9873,10156,1.0
22628,10012,10156,2.0
22629,10154,10156,1.0
22630,10163,10156,1.0
22631,10291,10156,1.0
22632,10298,10156,1.0
22633,10444,10156,1.0
22634,13855,10156,1.0
22635,9589,11462,1.0
22636,9885,11462,1.0
22637,9893,11462,1.0
22638,10170,11462,1.0
22639,10465,11462,1.0
22640,10466,11462,1.0
22641,10467,11462,1.0
22642,10603,11462,1.0
22643,10610,11462,3.0
22644,10894,11462,1.0
22645,11319,11462,1.0
22646,11321,11462,1.0
22647,11322,11462,1.0
22648,11456,11462,1.0
22649,11461,11462,1.0
22650,11463,11462,6.0
22651,11603,11462,1.0
22652,11604,11462,2.0
22653,11605,11462,3.0
22654,11606,11462,1.0
22655,11717,11462,1.0
22656,11747,11462,1.0
22657,11884,11462,2.0
22658,11885,11462,1.0
22659,12026,11462,1.0
22660,12030,11462,1.0
22661,12304,11462,1.0
22662,12309,11462,1.0
22663,12313,11462,1.0
22664,12315,11462,1.0
22665,12734,11462,1.0
22666,12739,11462,2.0
22667,13023,11462,1.0
22668,14010,11462,1.0
22669,14012,11462,1.0
22670,15160,11462,1.0
22671,15272,11462,1.0
22672,17570,11462,2.0
22673,9590,13860,1.0
22674,11715,13860,1.0
22675,13146,13860,2.0
22676,13151,13860,1.0
22677,13287,13860,1.0
22678,13717,13860,1.0
22679,13719,13860,2.0
22680,13861,13860,1.0
22681,13998,13860,2.0
22682,14141,13860,1.0
22683,9590,14216,1.0
22684,12810,14216,1.0
22685,13932,14216,1.0
22686,13933,14216,1.0
22687,9591,10586,3.0
22688,9595,10586,3.0
22689,9740,10586,1.0
22690,9880,10586,3.0
22691,10312,10586,2.0
22692,10444,10586,4.0
22693,10865,10586,3.0
22694,10870,10586,1.0
22695,11013,10586,2.0
22696,11286,10586,1.0
22697,11296,10586,1.0
22698,11301,10586,1.0
22699,9591,12560,1.0
22700,12563,12560,1.0
22701,12705,12560,1.0
22702,12706,12560,1.0
22703,14693,12560,1.0
22704,9591,13151,2.0
22705,10170,13151,1.0
22706,10853,13151,1.0
22707,11310,13151,1.0
22708,11446,13151,1.0
22709,11877,13151,1.0
22710,11878,13151,1.0
22711,12009,13151,1.0
22712,12438,13151,2.0
22713,12442,13151,2.0
22714,12443,13151,1.0
22715,12575,13151,2.0
22716,12584,13151,1.0
22717,12590,13151,1.0
22718,12724,13151,1.0
22719,12837,13151,1.0
22720,12873,13151,1.0
22721,13006,13151,1.0
22722,13009,13151,5.0
22723,13011,13151,2.0
22724,13014,13151,1.0
22725,13016,13151,1.0
22726,13024,13151,1.0
22727,13152,13151,2.0
22728,13153,13151,1.0
22729,13157,13151,1.0
22730,13293,13151,1.0
22731,13433,13151,1.0
22732,13442,13151,1.0
22733,13444,13151,1.0
22734,13716,13151,1.0
22735,13722,13151,1.0
22736,13860,13151,1.0
22737,14139,13151,1.0
22738,14142,13151,1.0
22739,14994,13151,1.0
22740,17268,13151,1.0
22741,9591,14269,1.0
22742,12004,14269,1.0
22743,12588,14269,1.0
22744,14126,14269,1.0
22745,14130,14269,2.0
22746,14268,14269,1.0
22747,14408,14269,1.0
22748,14409,14269,1.0
22749,14410,14269,2.0
22750,14414,14269,1.0
22751,14701,14269,1.0
22752,15121,14269,1.0
22753,15126,14269,1.0
22754,16830,14269,1.0
22755,9592,10017,1.0
22756,9604,10017,1.0
22757,9873,10017,1.0
22758,9874,10017,1.0
22759,9875,10017,1.0
22760,10014,10017,1.0
22761,10015,10017,1.0
22762,10016,10017,1.0
22763,10018,10017,3.0
22764,10157,10017,1.0
22765,10159,10017,3.0
22766,10301,10017,1.0
22767,10445,10017,1.0
22768,10591,10017,1.0
22769,10877,10017,1.0
22770,10890,10017,2.0
22771,9592,10306,1.0
22772,10021,10306,1.0
22773,10305,10306,1.0
22774,10871,10306,1.0
22775,11308,10306,1.0
22776,11447,10306,1.0
22777,11453,10306,1.0
22778,9592,10448,1.0
22779,10180,10448,2.0
22780,10444,10448,1.0
22781,10447,10448,1.0
22782,10879,10448,1.0
22783,11149,10448,2.0
22784,11166,10448,1.0
22785,11589,10448,1.0
22786,12283,10448,2.0
22787,9592,11019,1.0
22788,10555,11019,1.0
22789,10839,11019,1.0
22790,10878,11019,1.0
22791,10990,11019,1.0
22792,11131,11019,2.0
22793,11273,11019,1.0
22794,11302,11019,1.0
22795,11543,11019,1.0
22796,11842,11019,1.0
22797,11983,11019,1.0
22798,13706,11019,1.0
22799,15273,11019,1.0
22800,9592,12581,1.0
22801,11446,12581,2.0
22802,11450,12581,1.0
22803,11587,12581,1.0
22804,12010,12581,1.0
22805,12012,12581,3.0
22806,12309,12581,1.0
22807,12437,12581,2.0
22808,12438,12581,1.0
22809,12441,12581,4.0
22810,12450,12581,1.0
22811,12575,12581,1.0
22812,12579,12581,1.0
22813,12582,12581,2.0
22814,12718,12581,1.0
22815,12723,12581,4.0
22816,13010,12581,1.0
22817,13144,12581,1.0
22818,13716,12581,1.0
22819,14291,12581,1.0
22820,14718,12581,1.0
22821,14721,12581,1.0
22822,9594,10162,1.0
22823,9604,10162,1.0
22824,10022,10162,1.0
22825,10154,10162,1.0
22826,10163,10162,2.0
22827,10291,10162,2.0
22828,10305,10162,1.0
22829,10850,10162,1.0
22830,10871,10162,1.0
22831,10885,10162,1.0
22832,10891,10162,1.0
22833,10993,10162,1.0
22834,11151,10162,1.0
22835,11152,10162,1.0
22836,11298,10162,1.0
22837,11603,10162,1.0
22838,11740,10162,1.0
22839,13012,10162,1.0
22840,13716,10162,1.0
22841,9594,10164,1.0
22842,9604,10164,3.0
22843,10306,10164,1.0
22844,10311,10164,1.0
22845,10585,10164,1.0
22846,10591,10164,1.0
22847,11016,10164,1.0
22848,11305,10164,1.0
22849,9595,11166,3.0
22850,9749,11166,1.0
22851,10320,11166,1.0
22852,10448,11166,1.0
22853,10595,11166,1.0
22854,10881,11166,1.0
22855,10883,11166,1.0
22856,11164,11166,2.0
22857,11167,11166,1.0
22858,11453,11166,1.0
22859,11872,11166,1.0
22860,12310,11166,1.0
22861,9595,11173,2.0
22862,9601,11173,1.0
22863,9605,11173,1.0
22864,10033,11173,2.0
22865,10891,11173,1.0
22866,11014,11173,1.0
22867,11025,11173,1.0
22868,11030,11173,1.0
22869,11031,11173,8.0
22870,11172,11173,7.0
22871,11295,11173,1.0
22872,11314,11173,1.0
22873,11453,11173,1.0
22874,11457,11173,1.0
22875,11458,11173,1.0
22876,11460,11173,4.0
22877,11880,11173,1.0
22878,9595,13695,1.0
22879,17255,13695,1.0
22880,9596,8444,2.0
22881,9596,9873,1.0
22882,9723,9873,1.0
22883,9728,9873,1.0
22884,9731,9873,3.0
22885,9746,9873,1.0
22886,10015,9873,1.0
22887,10016,9873,4.0
22888,10868,9873,1.0
22889,9597,12873,1.0
22890,11026,12873,1.0
22891,12296,12873,1.0
22892,12438,12873,1.0
22893,12441,12873,1.0
22894,12446,12873,1.0
22895,12448,12873,1.0
22896,12723,12873,1.0
22897,12724,12873,1.0
22898,12730,12873,1.0
22899,12875,12873,1.0
22900,13012,12873,1.0
22901,13014,12873,3.0
22902,13016,12873,2.0
22903,13149,12873,1.0
22904,13151,12873,1.0
22905,13156,12873,2.0
22906,13169,12873,1.0
22907,14295,12873,1.0
22908,9599,10872,2.0
22909,9886,10872,1.0
22910,10022,10872,1.0
22911,10027,10872,1.0
22912,10304,10872,1.0
22913,10583,10872,1.0
22914,10588,10872,2.0
22915,10589,10872,2.0
22916,10590,10872,1.0
22917,10871,10872,2.0
22918,11013,10872,2.0
22919,11016,10872,1.0
22920,11018,10872,1.0
22921,11291,10872,1.0
22922,11297,10872,1.0
22923,11441,10872,1.0
22924,11857,10872,1.0
22925,9599,12015,1.0
22926,11446,12015,1.0
22927,11577,12015,1.0
22928,11584,12015,1.0
22929,11860,12015,1.0
22930,11873,12015,1.0
22931,11874,12015,4.0
22932,11887,12015,1.0
22933,12016,12015,2.0
22934,12290,12015,1.0
22935,12299,12015,1.0
22936,12312,12015,1.0
22937,12443,12015,1.0
22938,12725,12015,1.0
22939,12738,12015,1.0
22940,13422,12015,1.0
22941,14002,12015,2.0
22942,14440,12015,1.0
22943,9600,10452,2.0
22944,9738,10452,1.0
22945,10137,10452,1.0
22946,10168,10452,1.0
22947,10169,10452,1.0
22948,10312,10452,2.0
22949,10450,10452,1.0
22950,10580,10452,1.0
22951,10870,10452,1.0
22952,11031,10452,2.0
22953,11153,10452,1.0
22954,11585,10452,3.0
22955,9600,10884,1.0
22956,9600,12740,1.0
22957,11172,12740,1.0
22958,11459,12740,2.0
22959,11460,12740,1.0
22960,11588,12740,1.0
22961,11742,12740,1.0
22962,11889,12740,1.0
22963,12026,12740,2.0
22964,12312,12740,3.0
22965,12448,12740,1.0
22966,12455,12740,1.0
22967,12457,12740,1.0
22968,12597,12740,1.0
22969,12598,12740,1.0
22970,12739,12740,3.0
22971,12742,12740,1.0
22972,12851,12740,1.0
22973,12882,12740,3.0
22974,12884,12740,1.0
22975,13024,12740,1.0
22976,13167,12740,1.0
22977,13872,12740,1.0
22978,14413,12740,1.0
22979,15167,12740,1.0
22980,9602,10317,1.0
22981,9605,10317,1.0
22982,10032,10317,1.0
22983,10167,10317,1.0
22984,11018,10317,1.0
22985,11030,10317,1.0
22986,11173,10317,2.0
22987,11446,10317,1.0
22988,11451,10317,1.0
22989,9602,10608,1.0
22990,9605,10608,1.0
22991,9730,10608,1.0
22992,10029,10608,1.0
22993,10178,10608,2.0
22994,10179,10608,1.0
22995,10323,10608,1.0
22996,10465,10608,3.0
22997,10467,10608,1.0
22998,10606,10608,1.0
22999,10890,10608,1.0
23000,10891,10608,2.0
23001,10892,10608,1.0
23002,10893,10608,1.0
23003,10894,10608,1.0
23004,11034,10608,2.0
23005,11320,10608,2.0
23006,11890,10608,1.0
23007,12457,10608,1.0
23008,12599,10608,1.0
23009,9603,10165,1.0
23010,9880,10165,1.0
23011,9883,10165,2.0
23012,9885,10165,1.0
23013,10023,10165,3.0
23014,10146,10165,1.0
23015,10166,10165,1.0
23016,10168,10165,1.0
23017,10309,10165,2.0
23018,10583,10165,3.0
23019,10867,10165,2.0
23020,11293,10165,1.0
23021,11580,10165,1.0
23022,9603,10894,3.0
23023,9878,10894,2.0
23024,10154,10894,1.0
23025,10325,10894,1.0
23026,10462,10894,1.0
23027,10463,10894,2.0
23028,10467,10894,2.0
23029,10468,10894,1.0
23030,10598,10894,1.0
23031,10608,10894,1.0
23032,10609,10894,2.0
23033,10610,10894,4.0
23034,10611,10894,1.0
23035,10892,10894,2.0
23036,10893,10894,1.0
23037,10896,10894,3.0
23038,11030,10894,3.0
23039,11035,10894,3.0
23040,11036,10894,7.0
23041,11038,10894,1.0
23042,11170,10894,1.0
23043,11177,10894,1.0
23044,11178,10894,1.0
23045,11316,10894,1.0
23046,11320,10894,1.0
23047,11460,10894,1.0
23048,12022,10894,1.0
23049,13879,10894,1.0
23050,14423,10894,1.0
23051,9603,10998,1.0
23052,10289,10998,1.0
23053,10434,10998,1.0
23054,10569,10998,1.0
23055,10856,10998,1.0
23056,10993,10998,1.0
23057,10996,10998,2.0
23058,11138,10998,2.0
23059,11141,10998,3.0
23060,11282,10998,1.0
23061,11286,10998,3.0
23062,11426,10998,1.0
23063,11433,10998,1.0
23064,11703,10998,2.0
23065,9603,11021,1.0
23066,9882,11021,1.0
23067,9888,11021,1.0
23068,9890,11021,1.0
23069,10451,11021,1.0
23070,10455,11021,1.0
23071,11163,11021,4.0
23072,11281,11021,1.0
23073,12298,11021,2.0
23074,13741,11021,1.0
23075,9603,11145,1.0
23076,10293,11145,1.0
23077,11302,11145,1.0
23078,11445,11145,1.0
23079,9603,11153,1.0
23080,10291,11153,1.0
23081,10304,11153,1.0
23082,10440,11153,2.0
23083,10584,11153,1.0
23084,11014,11153,1.0
23085,11147,11153,1.0
23086,11154,11153,1.0
23087,11158,11153,1.0
23088,11295,11153,4.0
23089,11437,11153,1.0
23090,11873,11153,1.0
23091,9603,11310,3.0
23092,9746,11310,1.0
23093,10462,11310,1.0
23094,10603,11310,1.0
23095,10877,11310,1.0
23096,11155,11310,1.0
23097,11172,11310,1.0
23098,11308,11310,1.0
23099,11311,11310,2.0
23100,11447,11310,1.0
23101,11452,11310,2.0
23102,11457,11310,1.0
23103,11460,11310,1.0
23104,11580,11310,2.0
23105,11880,11310,1.0
23106,12298,11310,1.0
23107,12303,11310,1.0
23108,12723,11310,1.0
23109,9603,11436,2.0
23110,9605,11436,3.0
23111,10149,11436,1.0
23112,11286,11436,1.0
23113,11293,11436,1.0
23114,11296,11436,1.0
23115,11575,11436,1.0
23116,11580,11436,1.0
23117,9603,11717,1.0
23118,10006,11717,1.0
23119,10011,11717,1.0
23120,10867,11717,1.0
23121,11033,11717,1.0
23122,11171,11717,1.0
23123,11292,11717,1.0
23124,11455,11717,1.0
23125,11718,11717,1.0
23126,12018,11717,1.0
23127,12315,11717,1.0
23128,12419,11717,1.0
23129,12427,11717,1.0
23130,13834,11717,1.0
23131,14113,11717,1.0
23132,14233,11717,1.0
23133,14263,11717,1.0
23134,9603,12282,1.0
23135,9855,12282,1.0
23136,9864,12282,1.0
23137,10296,12282,1.0
23138,11293,12282,1.0
23139,11437,12282,1.0
23140,11458,12282,1.0
23141,11603,12282,1.0
23142,11857,12282,1.0
23143,12001,12282,2.0
23144,12022,12282,1.0
23145,12281,12282,1.0
23146,12287,12282,1.0
23147,12294,12282,1.0
23148,12430,12282,1.0
23149,12724,12282,1.0
23150,13725,12282,1.0
23151,14265,12282,1.0
23152,14596,12282,1.0
23153,9603,12443,1.0
23154,10468,12443,1.0
23155,11034,12443,2.0
23156,11162,12443,1.0
23157,11447,12443,1.0
23158,11448,12443,1.0
23159,11461,12443,1.0
23160,11561,12443,1.0
23161,11598,12443,1.0
23162,11601,12443,1.0
23163,11719,12443,1.0
23164,11730,12443,1.0
23165,11736,12443,1.0
23166,11872,12443,1.0
23167,11874,12443,1.0
23168,11890,12443,1.0
23169,12015,12443,1.0
23170,12017,12443,1.0
23171,12022,12443,2.0
23172,12028,12443,1.0
23173,12289,12443,2.0
23174,12299,12443,1.0
23175,12310,12443,1.0
23176,12437,12443,1.0
23177,12438,12443,1.0
23178,12444,12443,3.0
23179,12446,12443,1.0
23180,12449,12443,1.0
23181,12584,12443,2.0
23182,12593,12443,1.0
23183,12597,12443,1.0
23184,12599,12443,1.0
23185,12716,12443,1.0
23186,12723,12443,1.0
23187,12727,12443,1.0
23188,12737,12443,1.0
23189,12739,12443,2.0
23190,12868,12443,1.0
23191,12872,12443,1.0
23192,12873,12443,1.0
23193,12875,12443,1.0
23194,13011,12443,1.0
23195,13014,12443,1.0
23196,13151,12443,1.0
23197,13152,12443,2.0
23198,13156,12443,1.0
23199,13727,12443,1.0
23200,13855,12443,1.0
23201,15141,12443,1.0
23202,9603,14447,1.0
23203,12024,14447,1.0
23204,12448,14447,1.0
23205,14013,14447,1.0
23206,14301,14447,1.0
23207,9604,3622,1.0
23208,9604,10027,2.0
23209,9741,10027,2.0
23210,9885,10027,1.0
23211,9991,10027,1.0
23212,10026,10027,3.0
23213,10159,10027,1.0
23214,10161,10027,1.0
23215,10446,10027,1.0
23216,10454,10027,1.0
23217,10467,10027,1.0
23218,10592,10027,1.0
23219,10866,10027,1.0
23220,10879,10027,1.0
23221,11320,10027,1.0
23222,11323,10027,1.0
23223,11437,10027,1.0
23224,11578,10027,1.0
23225,11584,10027,2.0
23226,9604,10438,1.0
23227,10012,10438,1.0
23228,10280,10438,1.0
23229,10441,10438,2.0
23230,10581,10438,1.0
23231,10584,10438,1.0
23232,10862,10438,1.0
23233,10864,10438,1.0
23234,11023,10438,1.0
23235,11707,10438,1.0
23236,12283,10438,1.0
23237,9604,10464,1.0
23238,10036,10464,1.0
23239,10181,10464,1.0
23240,10463,10464,4.0
23241,10606,10464,1.0
23242,10607,10464,3.0
23243,11171,10464,1.0
23244,11172,10464,3.0
23245,11443,10464,1.0
23246,9604,10582,1.0
23247,10298,10582,2.0
23248,10444,10582,1.0
23249,10567,10582,1.0
23250,10583,10582,1.0
23251,10584,10582,3.0
23252,10590,10582,1.0
23253,10591,10582,1.0
23254,10866,10582,1.0
23255,11285,10582,1.0
23256,11301,10582,1.0
23257,9604,10598,3.0
23258,9605,10598,1.0
23259,9887,10598,1.0
23260,9890,10598,1.0
23261,10455,10598,3.0
23262,10456,10598,6.0
23263,10597,10598,1.0
23264,10599,10598,2.0
23265,10882,10598,2.0
23266,10894,10598,1.0
23267,11023,10598,1.0
23268,11025,10598,1.0
23269,11164,10598,1.0
23270,11459,10598,2.0
23271,12011,10598,1.0
23272,12593,10598,1.0
23273,12869,10598,2.0
23274,13159,10598,1.0
23275,9604,10605,1.0
23276,10172,10605,1.0
23277,10316,10605,2.0
23278,10458,10605,2.0
23279,10460,10605,1.0
23280,10464,10605,2.0
23281,10604,10605,1.0
23282,10606,10605,3.0
23283,10608,10605,1.0
23284,10609,10605,2.0
23285,10867,10605,1.0
23286,10887,10605,1.0
23287,10889,10605,1.0
23288,10890,10605,1.0
23289,11031,10605,1.0
23290,11032,10605,1.0
23291,11035,10605,2.0
23292,11036,10605,2.0
23293,11163,10605,1.0
23294,11165,10605,1.0
23295,11176,10605,1.0
23296,11295,10605,1.0
23297,11299,10605,1.0
23298,11311,10605,2.0
23299,11456,10605,1.0
23300,12290,10605,1.0
23301,9604,10874,2.0
23302,9745,10874,1.0
23303,10021,10874,3.0
23304,10029,10874,1.0
23305,10151,10874,1.0
23306,10302,10874,1.0
23307,10449,10874,1.0
23308,10591,10874,2.0
23309,10592,10874,2.0
23310,10872,10874,1.0
23311,10873,10874,1.0
23312,10875,10874,1.0
23313,10876,10874,1.0
23314,11013,10874,1.0
23315,11017,10874,1.0
23316,12283,10874,2.0
23317,12410,10874,1.0
23318,12427,10874,1.0
23319,13423,10874,1.0
23320,9604,10887,2.0
23321,10035,10887,2.0
23322,10036,10887,1.0
23323,10444,10887,1.0
23324,10456,10887,2.0
23325,10460,10887,1.0
23326,10605,10887,1.0
23327,10889,10887,1.0
23328,11014,10887,1.0
23329,11288,10887,1.0
23330,11314,10887,1.0
23331,11460,10887,3.0
23332,9604,10895,1.0
23333,9745,10895,1.0
23334,10460,10895,1.0
23335,10467,10895,3.0
23336,10610,10895,1.0
23337,11177,10895,2.0
23338,11463,10895,2.0
23339,12315,10895,1.0
23340,9604,11016,1.0
23341,9719,11016,1.0
23342,9739,11016,1.0
23343,9743,11016,1.0
23344,9881,11016,1.0
23345,10015,11016,2.0
23346,10164,11016,1.0
23347,10584,11016,1.0
23348,10875,11016,1.0
23349,11015,11016,4.0
23350,11017,11016,1.0
23351,11131,11016,1.0
23352,11157,11016,1.0
23353,11299,11016,1.0
23354,9604,11018,1.0
23355,10025,11018,1.0
23356,10030,11018,1.0
23357,11015,11018,1.0
23358,11017,11018,3.0
23359,11438,11018,1.0
23360,11715,11018,3.0
23361,9604,11020,1.0
23362,9605,11020,1.0
23363,10036,11020,1.0
23364,10451,11020,2.0
23365,10593,11020,1.0
23366,10595,11020,2.0
23367,11155,11020,2.0
23368,11304,11020,1.0
23369,11442,11020,1.0
23370,11585,11020,1.0
23371,12291,11020,1.0
23372,12298,11020,1.0
23373,12425,11020,1.0
23374,12724,11020,1.0
23375,9604,11029,1.0
23376,9752,11029,1.0
23377,9888,11029,1.0
23378,10036,11029,1.0
23379,10322,11029,1.0
23380,10588,11029,1.0
23381,11026,11029,1.0
23382,11030,11029,1.0
23383,11172,11029,3.0
23384,11176,11029,1.0
23385,11457,11029,1.0
23386,11460,11029,1.0
23387,11739,11029,1.0
23388,9604,11031,1.0
23389,9887,11031,1.0
23390,9891,11031,1.0
23391,10035,11031,1.0
23392,10605,11031,1.0
23393,10888,11031,1.0
23394,11030,11031,2.0
23395,11032,11031,1.0
23396,11036,11031,2.0
23397,11168,11031,1.0
23398,11173,11031,6.0
23399,11174,11031,1.0
23400,11450,11031,2.0
23401,11453,11031,1.0
23402,11458,11031,2.0
23403,11742,11031,1.0
23404,12734,11031,1.0
23405,9604,11150,1.0
23406,10291,11150,1.0
23407,10453,11150,1.0
23408,11143,11150,1.0
23409,9604,11171,1.0
23410,9605,11171,1.0
23411,10606,11171,2.0
23412,11025,11171,1.0
23413,11028,11171,4.0
23414,11166,11171,1.0
23415,11170,11171,1.0
23416,11172,11171,1.0
23417,11313,11171,1.0
23418,11314,11171,1.0
23419,11453,11171,4.0
23420,11460,11171,2.0
23421,11742,11171,1.0
23422,11744,11171,1.0
23423,12010,11171,1.0
23424,12437,11171,1.0
23425,12582,11171,1.0
23426,12739,11171,1.0
23427,14129,11171,1.0
23428,14135,11171,1.0
23429,9604,11175,1.0
23430,9605,11175,2.0
23431,9747,11175,1.0
23432,9893,11175,1.0
23433,10030,11175,1.0
23434,10179,11175,1.0
23435,10892,11175,1.0
23436,11174,11175,1.0
23437,11176,11175,1.0
23438,11459,11175,1.0
23439,11460,11175,1.0
23440,11880,11175,1.0
23441,9604,11312,1.0
23442,10032,11312,1.0
23443,10607,11312,1.0
23444,11031,11312,1.0
23445,11453,11312,1.0
23446,11594,11312,2.0
23447,11733,11312,1.0
23448,12022,11312,1.0
23449,12733,11312,3.0
23450,12734,11312,1.0
23451,13737,11312,1.0
23452,9604,12021,1.0
23453,10325,12021,1.0
23454,11727,12021,1.0
23455,11736,12021,4.0
23456,11743,12021,4.0
23457,11876,12021,1.0
23458,12009,12021,2.0
23459,12023,12021,1.0
23460,12294,12021,1.0
23461,12299,12021,1.0
23462,12304,12021,1.0
23463,12447,12021,1.0
23464,13021,12021,1.0
23465,14011,12021,1.0
23466,14189,12021,1.0
23467,19589,12021,1.0
23468,9604,12295,1.0
23469,10285,12295,1.0
23470,10289,12295,1.0
23471,10852,12295,1.0
23472,11870,12295,2.0
23473,11871,12295,1.0
23474,12009,12295,1.0
23475,12011,12295,9.0
23476,12288,12295,1.0
23477,12292,12295,1.0
23478,12296,12295,2.0
23479,12437,12295,1.0
23480,12575,12295,1.0
23481,12582,12295,1.0
23482,12723,12295,2.0
23483,12859,12295,1.0
23484,12862,12295,1.0
23485,13001,12295,1.0
23486,14708,12295,1.0
23487,15135,12295,1.0
23488,15277,12295,1.0
23489,9604,12593,2.0
23490,10029,12593,1.0
23491,11874,12593,1.0
23492,12025,12593,1.0
23493,12299,12593,1.0
23494,12313,12593,1.0
23495,12442,12593,2.0
23496,12443,12593,3.0
23497,12448,12593,1.0
23498,12449,12593,2.0
23499,12451,12593,1.0
23500,12454,12593,2.0
23501,12591,12593,3.0
23502,12592,12593,1.0
23503,12594,12593,1.0
23504,12595,12593,1.0
23505,12596,12593,1.0
23506,12599,12593,1.0
23507,12730,12593,1.0
23508,12735,12593,4.0
23509,12873,12593,1.0
23510,12879,12593,1.0
23511,12880,12593,1.0
23512,13020,12593,4.0
23513,13021,12593,1.0
23514,13022,12593,1.0
23515,13023,12593,1.0
23516,13024,12593,2.0
23517,13154,12593,1.0
23518,13156,12593,1.0
23519,13159,12593,1.0
23520,13165,12593,1.0
23521,13167,12593,1.0
23522,13443,12593,1.0
23523,13726,12593,1.0
23524,14280,12593,1.0
23525,14422,12593,1.0
23526,16991,12593,1.0
23527,9604,12724,1.0
23528,10596,12724,1.0
23529,11020,12724,1.0
23530,11156,12724,2.0
23531,11305,12724,3.0
23532,11307,12724,1.0
23533,11446,12724,1.0
23534,11874,12724,1.0
23535,12010,12724,1.0
23536,12011,12724,1.0
23537,12013,12724,1.0
23538,12015,12724,1.0
23539,12313,12724,1.0
23540,12446,12724,1.0
23541,12575,12724,2.0
23542,12577,12724,1.0
23543,12580,12724,2.0
23544,12582,12724,3.0
23545,12583,12724,1.0
23546,12585,12724,1.0
23547,12587,12724,1.0
23548,12589,12724,2.0
23549,12591,12724,1.0
23550,12720,12724,1.0
23551,12723,12724,1.0
23552,12725,12724,1.0
23553,12727,12724,1.0
23554,12873,12724,1.0
23555,12874,12724,1.0
23556,12999,12724,1.0
23557,13001,12724,1.0
23558,13005,12724,2.0
23559,13006,12724,2.0
23560,13150,12724,1.0
23561,13154,12724,1.0
23562,13290,12724,1.0
23563,13295,12724,1.0
23564,13433,12724,1.0
23565,13713,12724,1.0
23566,13841,12724,1.0
23567,13998,12724,1.0
23568,14437,12724,1.0
23569,15113,12724,1.0
23570,15712,12724,1.0
23571,16124,12724,1.0
23572,17083,12724,1.0
23573,9604,13003,1.0
23574,10320,13003,1.0
23575,11307,13003,1.0
23576,11418,13003,1.0
23577,11432,13003,1.0
23578,11583,13003,1.0
23579,11589,13003,1.0
23580,11877,13003,1.0
23581,12283,13003,1.0
23582,12298,13003,2.0
23583,12455,13003,1.0
23584,12575,13003,1.0
23585,12581,13003,1.0
23586,12716,13003,1.0
23587,12718,13003,3.0
23588,12719,13003,3.0
23589,12720,13003,1.0
23590,12859,13003,2.0
23591,12861,13003,3.0
23592,12862,13003,1.0
23593,13001,13003,2.0
23594,13004,13003,2.0
23595,13006,13003,1.0
23596,13013,13003,1.0
23597,13145,13003,1.0
23598,13392,13003,1.0
23599,13850,13003,1.0
23600,13998,13003,1.0
23601,14289,13003,1.0
23602,14382,13003,1.0
23603,14422,13003,1.0
23604,15140,13003,1.0
23605,15275,13003,1.0
23606,15278,13003,1.0
23607,15416,13003,1.0
23608,15417,13003,1.0
23609,16537,13003,1.0
23610,17836,13003,1.0
23611,9604,14706,1.0
23612,11133,14706,1.0
23613,12572,14706,1.0
23614,13287,14706,1.0
23615,13421,14706,1.0
23616,13855,14706,1.0
23617,14426,14706,3.0
23618,14994,14706,1.0
23619,15134,14706,2.0
23620,9604,14990,1.0
23621,14565,14990,1.0
23622,14708,14990,4.0
23623,14989,14990,3.0
23624,14991,14990,2.0
23625,14992,14990,1.0
23626,15132,14990,1.0
23627,15134,14990,1.0
23628,15135,14990,1.0
23629,15273,14990,2.0
23630,15415,14990,1.0
23631,15420,14990,1.0
23632,9604,15545,1.0
23633,13388,15545,1.0
23634,13840,15545,1.0
23635,14426,15545,1.0
23636,15394,15545,1.0
23637,9604,16411,1.0
23638,14426,16411,1.0
23639,14710,16411,1.0
23640,16107,16411,1.0
23641,9605,9606,3.0
23642,9747,9606,1.0
23643,9748,9606,1.0
23644,9749,9606,1.0
23645,9890,9606,2.0
23646,10026,9606,3.0
23647,10170,9606,1.0
23648,10876,9606,1.0
23649,11172,9606,1.0
23650,11434,9606,2.0
23651,12292,9606,1.0
23652,9605,10430,1.0
23653,10146,10430,1.0
23654,10431,10430,1.0
23655,10575,10430,1.0
23656,10852,10430,1.0
23657,10995,10430,1.0
23658,10997,10430,1.0
23659,13143,10430,1.0
23660,13845,10430,1.0
23661,9605,10461,1.0
23662,9886,10461,1.0
23663,10032,10461,1.0
23664,10319,10461,1.0
23665,10604,10461,1.0
23666,10889,10461,1.0
23667,10891,10461,1.0
23668,11172,10461,1.0
23669,11460,10461,2.0
23670,12022,10461,1.0
23671,12884,10461,1.0
23672,9605,10859,1.0
23673,9859,10859,1.0
23674,10009,10859,1.0
23675,10148,10859,1.0
23676,10285,10859,1.0
23677,10573,10859,1.0
23678,10575,10859,4.0
23679,10577,10859,1.0
23680,10856,10859,2.0
23681,11138,10859,1.0
23682,11140,10859,1.0
23683,11143,10859,4.0
23684,9605,10889,2.0
23685,9730,10889,4.0
23686,9868,10889,1.0
23687,9888,10889,2.0
23688,10029,10889,1.0
23689,10036,10889,1.0
23690,10179,10889,1.0
23691,10180,10889,1.0
23692,10307,10889,2.0
23693,10320,10889,1.0
23694,10460,10889,4.0
23695,10461,10889,1.0
23696,10462,10889,1.0
23697,10586,10889,1.0
23698,10604,10889,4.0
23699,10605,10889,2.0
23700,10606,10889,5.0
23701,10892,10889,2.0
23702,11030,10889,2.0
23703,11031,10889,1.0
23704,11035,10889,1.0
23705,11037,10889,1.0
23706,11171,10889,1.0
23707,11172,10889,2.0
23708,11308,10889,2.0
23709,11312,10889,1.0
23710,11322,10889,1.0
23711,11454,10889,1.0
23712,11457,10889,3.0
23713,11738,10889,1.0
23714,12027,10889,1.0
23715,13167,10889,1.0
23716,9605,11006,1.0
23717,9883,11006,1.0
23718,9888,11006,1.0
23719,11146,11006,1.0
23720,11305,11006,2.0
23721,11432,11006,1.0
23722,9605,11030,1.0
23723,10317,11030,1.0
23724,10320,11030,1.0
23725,10456,11030,1.0
23726,10462,11030,2.0
23727,10595,11030,2.0
23728,10605,11030,1.0
23729,10857,11030,2.0
23730,10878,11030,2.0
23731,10888,11030,2.0
23732,10889,11030,1.0
23733,10894,11030,3.0
23734,11031,11030,4.0
23735,11032,11030,1.0
23736,11165,11030,1.0
23737,11172,11030,3.0
23738,11173,11030,1.0
23739,11174,11030,1.0
23740,11600,11030,1.0
23741,12027,11030,1.0
23742,9605,11037,1.0
23743,10326,11037,2.0
23744,10606,11037,1.0
23745,11036,11037,1.0
23746,14708,11037,1.0
23747,9605,11162,1.0
23748,9888,11162,2.0
23749,10029,11162,1.0
23750,10030,11162,1.0
23751,10170,11162,1.0
23752,10867,11162,1.0
23753,10882,11162,1.0
23754,11304,11162,2.0
23755,11446,11162,1.0
23756,11585,11162,1.0
23757,11872,11162,1.0
23758,11888,11162,1.0
23759,12267,11162,1.0
23760,14289,11162,1.0
23761,9605,11179,1.0
23762,10138,11179,2.0
23763,11322,11179,1.0
23764,11604,11179,1.0
23765,11748,11179,1.0
23766,9605,11322,2.0
23767,10324,11322,2.0
23768,10467,11322,2.0
23769,10889,11322,1.0
23770,10891,11322,2.0
23771,11036,11322,2.0
23772,11179,11322,1.0
23773,11320,11322,2.0
23774,11321,11322,2.0
23775,11463,11322,2.0
23776,11606,11322,1.0
23777,11859,11322,1.0
23778,12590,11322,1.0
23779,9605,11586,1.0
23780,9850,11586,2.0
23781,10018,11586,1.0
23782,10453,11586,1.0
23783,10455,11586,1.0
23784,11020,11586,1.0
23785,11308,11586,1.0
23786,11442,11586,1.0
23787,11444,11586,2.0
23788,11445,11586,7.0
23789,11585,11586,2.0
23790,11588,11586,2.0
23791,11590,11586,1.0
23792,11727,11586,1.0
23793,11728,11586,1.0
23794,11857,11586,1.0
23795,11866,11586,1.0
23796,12007,11586,1.0
23797,12297,11586,1.0
23798,12575,11586,1.0
23799,12719,11586,1.0
23800,12859,11586,2.0
23801,13719,11586,1.0
23802,15545,11586,1.0
23803,15832,11586,1.0
23804,9605,11606,1.0
23805,11460,11606,2.0
23806,11462,11606,1.0
23807,11745,11606,2.0
23808,11746,11606,1.0
23809,11747,11606,4.0
23810,11748,11606,1.0
23811,12010,11606,1.0
23812,12030,11606,2.0
23813,12315,11606,1.0
23814,12457,11606,1.0
23815,13001,11606,1.0
23816,9605,11741,1.0
23817,11035,11741,1.0
23818,11598,11741,2.0
23819,11599,11741,2.0
23820,11742,11741,1.0
23821,11860,11741,1.0
23822,11878,11741,1.0
23823,11885,11741,1.0
23824,12012,11741,1.0
23825,13300,11741,1.0
23826,15292,11741,1.0
23827,9605,11866,1.0
23828,10027,11866,1.0
23829,10170,11866,1.0
23830,11444,11866,2.0
23831,11579,11866,1.0
23832,11580,11866,2.0
23833,11586,11866,1.0
23834,11598,11866,1.0
23835,11721,11866,1.0
23836,11722,11866,3.0
23837,11723,11866,5.0
23838,11861,11866,1.0
23839,11865,11866,3.0
23840,11867,11866,1.0
23841,11874,11866,1.0
23842,12006,11866,1.0
23843,12008,11866,3.0
23844,12022,11866,1.0
23845,12281,11866,2.0
23846,12291,11866,1.0
23847,12292,11866,2.0
23848,12299,11866,1.0
23849,12575,11866,2.0
23850,12685,11866,2.0
23851,12725,11866,1.0
23852,13422,11866,1.0
23853,15126,11866,1.0
23854,9605,11883,1.0
23855,10029,11883,1.0
23856,10455,11883,1.0
23857,10580,11883,1.0
23858,10882,11883,2.0
23859,11036,11883,2.0
23860,11309,11883,1.0
23861,11456,11883,1.0
23862,11598,11883,1.0
23863,11600,11883,1.0
23864,11602,11883,1.0
23865,11742,11883,1.0
23866,11744,11883,2.0
23867,11869,11883,1.0
23868,11880,11883,2.0
23869,11884,11883,1.0
23870,11885,11883,1.0
23871,11886,11883,1.0
23872,11887,11883,1.0
23873,12313,11883,1.0
23874,12448,11883,1.0
23875,12451,11883,1.0
23876,12596,11883,1.0
23877,12597,11883,1.0
23878,13014,11883,1.0
23879,13023,11883,1.0
23880,13440,11883,1.0
23881,13855,11883,1.0
23882,14298,11883,1.0
23883,9605,12425,1.0
23884,11000,12425,2.0
23885,11113,12425,1.0
23886,11156,12425,1.0
23887,11163,12425,1.0
23888,11164,12425,3.0
23889,11291,12425,1.0
23890,11417,12425,1.0
23891,11432,12425,1.0
23892,11458,12425,1.0
23893,11706,12425,1.0
23894,11722,12425,1.0
23895,11866,12425,1.0
23896,12283,12425,3.0
23897,12575,12425,2.0
23898,12709,12425,4.0
23899,12839,12425,1.0
23900,12847,12425,1.0
23901,12987,12425,1.0
23902,14541,12425,1.0
23903,14705,12425,1.0
23904,15655,12425,1.0
23905,17257,12425,1.0
23906,9605,12741,1.0
23907,11602,12741,1.0
23908,11605,12741,2.0
23909,11888,12741,2.0
23910,12595,12741,2.0
23911,12596,12741,2.0
23912,12598,12741,2.0
23913,12739,12741,1.0
23914,12740,12741,1.0
23915,12742,12741,1.0
23916,12743,12741,1.0
23917,12882,12741,2.0
23918,12884,12741,1.0
23919,12885,12741,3.0
23920,14024,12741,1.0
23921,9605,12845,1.0
23922,10004,12845,1.0
23923,10589,12845,1.0
23924,11152,12845,1.0
23925,11579,12845,1.0
23926,11706,12845,1.0
23927,11852,12845,1.0
23928,11857,12845,1.0
23929,12001,12845,1.0
23930,12272,12845,1.0
23931,12277,12845,2.0
23932,12287,12845,1.0
23933,12312,12845,1.0
23934,12419,12845,3.0
23935,12437,12845,1.0
23936,12561,12845,1.0
23937,12685,12845,1.0
23938,12703,12845,2.0
23939,12842,12845,1.0
23940,12843,12845,1.0
23941,12846,12845,1.0
23942,12848,12845,1.0
23943,12985,12845,1.0
23944,12986,12845,1.0
23945,12987,12845,4.0
23946,12989,12845,1.0
23947,13004,12845,1.0
23948,13127,12845,2.0
23949,13128,12845,2.0
23950,13129,12845,1.0
23951,13133,12845,1.0
23952,13143,12845,1.0
23953,13271,12845,1.0
23954,13835,12845,1.0
23955,13841,12845,1.0
23956,13983,12845,1.0
23957,14114,12845,1.0
23958,14276,12845,1.0
23959,14401,12845,1.0
23960,14405,12845,1.0
23961,15832,12845,1.0
23962,17372,12845,1.0
23963,9605,12977,1.0
23964,11117,12977,1.0
23965,12546,12977,1.0
23966,12835,12977,1.0
23967,12972,12977,2.0
23968,13677,12977,1.0
23969,9605,13021,1.0
23970,11025,13021,1.0
23971,11600,13021,1.0
23972,11744,13021,1.0
23973,12023,13021,1.0
23974,12452,13021,1.0
23975,12454,13021,1.0
23976,12593,13021,1.0
23977,12594,13021,2.0
23978,12596,13021,2.0
23979,12732,13021,1.0
23980,12735,13021,1.0
23981,12736,13021,1.0
23982,12737,13021,1.0
23983,12877,13021,1.0
23984,12878,13021,1.0
23985,12879,13021,1.0
23986,13159,13021,2.0
23987,13441,13021,1.0
23988,13879,13021,1.0
23989,9605,13271,1.0
23990,10994,13271,1.0
23991,12292,13271,1.0
23992,12416,13271,1.0
23993,12417,13271,2.0
23994,12561,13271,2.0
23995,12562,13271,1.0
23996,12844,13271,1.0
23997,12845,13271,1.0
23998,12979,13271,1.0
23999,12986,13271,1.0
24000,12990,13271,1.0
24001,13128,13271,2.0
24002,13129,13271,1.0
24003,13834,13271,1.0
24004,13835,13271,1.0
24005,13983,13271,1.0
24006,14398,13271,1.0
24007,9605,13289,1.0
24008,11861,13289,1.0
24009,13146,13289,2.0
24010,13291,13289,1.0
24011,13413,13289,1.0
24012,13432,13289,2.0
24013,13433,13289,1.0
24014,13718,13289,1.0
24015,13725,13289,1.0
24016,9605,13432,1.0
24017,11735,13432,1.0
24018,11868,13432,1.0
24019,12724,13432,1.0
24020,13001,13432,1.0
24021,13004,13432,1.0
24022,13145,13432,1.0
24023,13146,13432,1.0
24024,13289,13432,1.0
24025,13290,13432,2.0
24026,13431,13432,1.0
24027,13433,13432,1.0
24028,13434,13432,2.0
24029,13436,13432,1.0
24030,13712,13432,1.0
24031,13714,13432,1.0
24032,13717,13432,1.0
24033,13718,13432,3.0
24034,13854,13432,2.0
24035,13855,13432,1.0
24036,13986,13432,2.0
24037,9605,13436,1.0
24038,10030,13436,1.0
24039,11443,13436,1.0
24040,13151,13436,2.0
24041,13159,13436,1.0
24042,13435,13436,2.0
24043,13724,13436,1.0
24044,13725,13436,1.0
24045,14433,13436,1.0
24046,14698,13436,1.0
24047,9605,13437,1.0
24048,11587,13437,1.0
24049,11591,13437,1.0
24050,11736,13437,1.0
24051,12421,13437,1.0
24052,12719,13437,1.0
24053,12723,13437,2.0
24054,12729,13437,1.0
24055,12872,13437,2.0
24056,13001,13437,1.0
24057,13150,13437,1.0
24058,13435,13437,2.0
24059,13442,13437,2.0
24060,13716,13437,1.0
24061,13721,13437,1.0
24062,14153,13437,1.0
24063,14429,13437,1.0
24064,14985,13437,1.0
24065,17268,13437,1.0
24066,9605,13986,1.0
24067,10580,13986,1.0
24068,11860,13986,1.0
24069,11999,13986,1.0
24070,12569,13986,2.0
24071,12839,13986,1.0
24072,12858,13986,1.0
24073,13432,13986,1.0
24074,13711,13986,1.0
24075,13852,13986,1.0
24076,14134,13986,1.0
24077,14270,13986,1.0
24078,14271,13986,1.0
24079,14287,13986,1.0
24080,14292,13986,1.0
24081,14704,13986,1.0
24082,15135,13986,1.0
24083,9605,14014,1.0
24084,10607,14014,1.0
24085,12018,14014,1.0
24086,12302,14014,1.0
24087,12443,14014,1.0
24088,12447,14014,1.0
24089,12597,14014,2.0
24090,12720,14014,1.0
24091,12738,14014,1.0
24092,12739,14014,1.0
24093,13012,14014,1.0
24094,13265,14014,1.0
24095,13281,14014,1.0
24096,13309,14014,1.0
24097,13442,14014,2.0
24098,13446,14014,1.0
24099,13727,14014,1.0
24100,13868,14014,1.0
24101,13870,14014,1.0
24102,14012,14014,1.0
24103,14293,14014,1.0
24104,14300,14014,1.0
24105,14416,14014,1.0
24106,14443,14014,1.0
24107,14549,14014,1.0
24108,14576,14014,1.0
24109,14577,14014,1.0
24110,14580,14014,1.0
24111,15005,14014,1.0
24112,15756,14014,1.0
24113,9605,14565,1.0
24114,11152,14565,1.0
24115,11273,14565,1.0
24116,11874,14565,1.0
24117,12579,14565,1.0
24118,13422,14565,1.0
24119,14549,14565,1.0
24120,14990,14565,1.0
24121,15127,14565,2.0
24122,15134,14565,1.0
24123,9605,14578,1.0
24124,12297,14578,1.0
24125,13868,14578,1.0
24126,14009,14578,1.0
24127,14154,14578,2.0
24128,14293,14578,1.0
24129,14437,14578,1.0
24130,14576,14578,1.0
24131,14999,14578,1.0
24132,15001,14578,1.0
24133,15002,14578,2.0
24134,15006,14578,1.0
24135,15711,14578,2.0
24136,9605,15126,1.0
24137,12688,15126,1.0
24138,13283,15126,1.0
24139,14265,15126,1.0
24140,14268,15126,1.0
24141,14269,15126,1.0
24142,14558,15126,1.0
24143,14994,15126,1.0
24144,15124,15126,1.0
24145,15130,15126,1.0
24146,15681,15126,1.0
24147,15831,15126,1.0
24148,16547,15126,1.0
24149,16550,15126,1.0
24150,16678,15126,1.0
24151,16688,15126,3.0
24152,16689,15126,5.0
24153,16831,15126,1.0
24154,16832,15126,6.0
24155,16968,15126,1.0
24156,16975,15126,1.0
24157,17548,15126,1.0
24158,9605,15709,1.0
24159,15002,15709,1.0
24160,15005,15709,1.0
24161,15707,15709,1.0
24162,9605,15825,1.0
24163,14554,15825,1.0
24164,15257,15825,1.0
24165,15400,15825,2.0
24166,15541,15825,1.0
24167,15683,15825,3.0
24168,15967,15825,1.0
24169,17810,15825,1.0
24170,9606,10026,3.0
24171,9748,10026,1.0
24172,9881,10026,1.0
24173,9883,10026,1.0
24174,9885,10026,1.0
24175,10018,10026,1.0
24176,10021,10026,3.0
24177,10024,10026,1.0
24178,10025,10026,2.0
24179,10027,10026,3.0
24180,10309,10026,1.0
24181,10450,10026,2.0
24182,10868,10026,1.0
24183,10870,10026,1.0
24184,11147,10026,1.0
24185,11437,10026,1.0
24186,12575,10026,1.0
24187,9606,10177,1.0
24188,10463,10177,1.0
24189,10464,10177,1.0
24190,9606,11028,1.0
24191,9893,11028,1.0
24192,10164,11028,1.0
24193,10170,11028,1.0
24194,10887,11028,2.0
24195,11033,11028,1.0
24196,11034,11028,1.0
24197,11165,11028,1.0
24198,11170,11028,1.0
24199,11171,11028,4.0
24200,11172,11028,1.0
24201,11308,11028,2.0
24202,11316,11028,1.0
24203,11456,11028,3.0
24204,11460,11028,1.0
24205,11744,11028,2.0
24206,12007,11028,3.0
24207,13166,11028,1.0
24208,13308,11028,1.0
24209,14306,11028,1.0
24210,9679,9808,1.0
24211,9679,11108,1.0
24212,10122,11108,1.0
24213,10966,11108,2.0
24214,10967,11108,1.0
24215,11110,11108,1.0
24216,11582,11108,1.0
24217,11983,11108,1.0
24218,12528,11108,1.0
24219,9680,10384,1.0
24220,9683,10385,1.0
24221,10102,10385,1.0
24222,10528,10385,1.0
24223,9709,12273,1.0
24224,11704,12273,2.0
24225,11706,12273,1.0
24226,11707,12273,2.0
24227,12420,12273,1.0
24228,12421,12273,1.0
24229,12563,12273,1.0
24230,9711,9849,1.0
24231,9714,9849,1.0
24232,9852,9849,1.0
24233,9857,9849,1.0
24234,9882,9849,1.0
24235,10429,9849,1.0
24236,11983,9849,1.0
24237,12267,9849,1.0
24238,12269,9849,1.0
24239,13736,9849,1.0
24240,13878,9849,1.0
24241,9711,13023,1.0
24242,11455,13023,1.0
24243,11462,13023,1.0
24244,11883,13023,1.0
24245,12028,13023,1.0
24246,12288,13023,1.0
24247,12457,13023,1.0
24248,12577,13023,1.0
24249,12595,13023,1.0
24250,12738,13023,2.0
24251,12880,13023,1.0
24252,12885,13023,1.0
24253,13017,13023,1.0
24254,13018,13023,1.0
24255,13022,13023,1.0
24256,13024,13023,1.0
24257,13157,13023,1.0
24258,13878,13023,1.0
24259,9712,13974,2.0
24260,11719,13974,1.0
24261,13262,13974,1.0
24262,13265,13974,1.0
24263,13406,13974,1.0
24264,13422,13974,2.0
24265,13677,13974,1.0
24266,13687,13974,1.0
24267,13690,13974,2.0
24268,13832,13974,2.0
24269,13966,13974,1.0
24270,13970,13974,1.0
24271,13972,13974,1.0
24272,13977,13974,1.0
24273,14114,13974,1.0
24274,14115,13974,2.0
24275,14132,13974,1.0
24276,14261,13974,1.0
24277,14400,13974,1.0
24278,14549,13974,1.0
24279,9714,11698,1.0
24280,10577,11698,1.0
24281,11272,11698,1.0
24282,11275,11698,1.0
24283,11416,11698,1.0
24284,11418,11698,2.0
24285,11556,11698,1.0
24286,11560,11698,2.0
24287,11580,11698,2.0
24288,11701,11698,1.0
24289,11840,11698,2.0
24290,11841,11698,1.0
24291,11842,11698,1.0
24292,11972,11698,1.0
24293,11983,11698,1.0
24294,11986,11698,1.0
24295,9719,10142,1.0
24296,10143,10142,1.0
24297,9719,10459,1.0
24298,10181,10459,2.0
24299,10467,10459,1.0
24300,10601,10459,2.0
24301,11023,10459,1.0
24302,11030,10459,1.0
24303,11313,10459,1.0
24304,12446,10459,1.0
24305,13151,10459,1.0
24306,9719,10570,1.0
24307,9849,10570,1.0
24308,9888,10570,1.0
24309,10149,10570,1.0
24310,10435,10570,1.0
24311,10567,10570,2.0
24312,10568,10570,1.0
24313,10569,10570,1.0
24314,10572,10570,1.0
24315,11988,10570,1.0
24316,9722,11702,1.0
24317,10145,11702,3.0
24318,10146,11702,1.0
24319,10853,11702,1.0
24320,11004,11702,1.0
24321,11415,11702,1.0
24322,11560,11702,3.0
24323,11703,11702,1.0
24324,11878,11702,1.0
24325,11983,11702,1.0
24326,12410,11702,3.0
24327,12693,11702,1.0
24328,12835,11702,1.0
24329,14564,11702,1.0
24330,9722,12733,1.0
24331,10138,12733,1.0
24332,10144,12733,1.0
24333,11312,12733,3.0
24334,11739,12733,1.0
24335,11887,12733,1.0
24336,12448,12733,2.0
24337,12732,12733,2.0
24338,12734,12733,2.0
24339,12875,12733,8.0
24340,12876,12733,1.0
24341,13024,12733,1.0
24342,13439,12733,1.0
24343,20871,12733,1.0
24344,9723,10001,1.0
24345,9859,10001,3.0
24346,10148,10001,1.0
24347,10575,10001,1.0
24348,13136,10001,1.0
24349,9723,11738,1.0
24350,10175,11738,1.0
24351,10889,11738,1.0
24352,11032,11738,1.0
24353,11316,11738,1.0
24354,11450,11738,1.0
24355,11594,11738,1.0
24356,11596,11738,1.0
24357,11597,11738,1.0
24358,11876,11738,3.0
24359,11880,11738,1.0
24360,11885,11738,1.0
24361,12025,11738,1.0
24362,12439,11738,1.0
24363,12456,11738,1.0
24364,9724,10003,1.0
24365,9859,10003,1.0
24366,9864,10003,2.0
24367,10146,10003,2.0
24368,10147,10003,1.0
24369,9724,11569,1.0
24370,11996,11569,1.0
24371,11999,11569,1.0
24372,14003,11569,1.0
24373,9724,13014,1.0
24374,10461,13014,1.0
24375,11164,13014,1.0
24376,11315,13014,1.0
24377,11456,13014,1.0
24378,11591,13014,1.0
24379,11602,13014,1.0
24380,11883,13014,1.0
24381,12446,13014,2.0
24382,12587,13014,1.0
24383,12588,13014,1.0
24384,12727,13014,1.0
24385,12736,13014,1.0
24386,12868,13014,1.0
24387,12873,13014,5.0
24388,12876,13014,3.0
24389,13015,13014,1.0
24390,13016,13014,4.0
24391,13018,13014,3.0
24392,13024,13014,1.0
24393,13155,13014,1.0
24394,13157,13014,5.0
24395,13296,13014,2.0
24396,13298,13014,1.0
24397,13300,13014,3.0
24398,13437,13014,1.0
24399,13442,13014,1.0
24400,13722,13014,2.0
24401,13724,13014,1.0
24402,13726,13014,2.0
24403,13729,13014,1.0
24404,13870,13014,1.0
24405,14297,13014,1.0
24406,14435,13014,1.0
24407,14440,13014,1.0
24408,15101,13014,1.0
24409,17275,13014,1.0
24410,9726,12868,1.0
24411,11878,12868,1.0
24412,11886,12868,1.0
24413,12287,12868,1.0
24414,12299,12868,1.0
24415,12448,12868,1.0
24416,12725,12868,2.0
24417,12727,12868,1.0
24418,12867,12868,1.0
24419,12869,12868,2.0
24420,13009,12868,1.0
24421,13011,12868,1.0
24422,13012,12868,1.0
24423,13014,12868,1.0
24424,9727,12864,1.0
24425,12853,12864,1.0
24426,13435,12864,1.0
24427,9728,9872,1.0
24428,9873,9872,1.0
24429,10144,9872,1.0
24430,10152,9872,2.0
24431,11860,9872,1.0
24432,9728,10013,1.0
24433,10155,10013,2.0
24434,10158,10013,1.0
24435,10875,10013,1.0
24436,9728,11022,1.0
24437,10029,11022,1.0
24438,10456,11022,2.0
24439,10882,11022,1.0
24440,10892,11022,1.0
24441,11167,11022,1.0
24442,11286,11022,1.0
24443,11314,11022,1.0
24444,11589,11022,2.0
24445,12452,11022,1.0
24446,13151,11022,1.0
24447,9729,12563,1.0
24448,11580,12563,1.0
24449,11853,12563,1.0
24450,11993,12563,2.0
24451,12273,12563,2.0
24452,12274,12563,2.0
24453,12419,12563,1.0
24454,12421,12563,2.0
24455,12701,12563,1.0
24456,12703,12563,1.0
24457,12706,12563,1.0
24458,12846,12563,1.0
24459,12847,12563,1.0
24460,13086,12563,1.0
24461,13125,12563,1.0
24462,13273,12563,1.0
24463,13401,12563,1.0
24464,13407,12563,1.0
24465,13684,12563,1.0
24466,13840,12563,1.0
24467,14125,12563,2.0
24468,14439,12563,1.0
24469,9730,10311,1.0
24470,10022,10311,1.0
24471,10156,10311,1.0
24472,10167,10311,1.0
24473,10168,10311,1.0
24474,10169,10311,2.0
24475,10453,10311,1.0
24476,10455,10311,1.0
24477,10598,10311,1.0
24478,10891,10311,1.0
24479,11009,10311,1.0
24480,11017,10311,1.0
24481,11163,10311,1.0
24482,11178,10311,1.0
24483,12739,10311,1.0
24484,9730,10463,1.0
24485,9749,10463,1.0
24486,9750,10463,1.0
24487,9889,10463,1.0
24488,9892,10463,1.0
24489,9893,10463,1.0
24490,10036,10463,1.0
24491,10178,10463,1.0
24492,10319,10463,1.0
24493,10320,10463,1.0
24494,10321,10463,8.0
24495,10462,10463,4.0
24496,10464,10463,4.0
24497,10467,10463,2.0
24498,11159,10463,1.0
24499,11460,10463,1.0
24500,12452,10463,1.0
24501,9731,10879,1.0
24502,10027,10879,1.0
24503,10029,10879,1.0
24504,10448,10879,1.0
24505,10454,10879,1.0
24506,11886,10879,1.0
24507,12861,10879,1.0
24508,12876,10879,1.0
24509,9731,13108,1.0
24510,11706,13108,1.0
24511,11719,13108,1.0
24512,12262,13108,1.0
24513,12267,13108,1.0
24514,12398,13108,1.0
24515,12964,13108,1.0
24516,12967,13108,1.0
24517,13388,13108,1.0
24518,13677,13108,1.0
24519,13934,13108,1.0
24520,14954,13108,1.0
24521,17081,13108,1.0
24522,9732,13985,1.0
24523,10169,13985,1.0
24524,12557,13985,1.0
24525,13265,13985,1.0
24526,13426,13985,1.0
24527,13435,13985,1.0
24528,13841,13985,2.0
24529,13986,13985,1.0
24530,14279,13985,1.0
24531,14410,13985,1.0
24532,14413,13985,1.0
24533,15984,13985,2.0
24534,16538,13985,1.0
24535,9733,12432,1.0
24536,11440,12432,1.0
24537,11720,12432,2.0
24538,12006,12432,3.0
24539,12010,12432,1.0
24540,12283,12432,1.0
24541,12290,12432,5.0
24542,12291,12432,2.0
24543,12419,12432,3.0
24544,12446,12432,1.0
24545,12572,12432,2.0
24546,12575,12432,3.0
24547,12715,12432,1.0
24548,12716,12432,1.0
24549,12845,12432,1.0
24550,13006,12432,1.0
24551,13144,12432,1.0
24552,13148,12432,1.0
24553,13417,12432,1.0
24554,13855,12432,1.0
24555,14410,12432,1.0
24556,9736,10025,1.0
24557,9748,10025,2.0
24558,9879,10025,1.0
24559,9883,10025,4.0
24560,9892,10025,1.0
24561,10014,10025,1.0
24562,10024,10025,4.0
24563,10026,10025,1.0
24564,10036,10025,1.0
24565,10163,10025,1.0
24566,10166,10025,2.0
24567,10169,10025,2.0
24568,10285,10025,1.0
24569,10286,10025,1.0
24570,10584,10025,1.0
24571,10867,10025,1.0
24572,11141,10025,1.0
24573,11158,10025,1.0
24574,11168,10025,3.0
24575,9736,11454,1.0
24576,9889,11454,1.0
24577,10160,11454,1.0
24578,10310,11454,1.0
24579,10454,11454,1.0
24580,10889,11454,1.0
24581,11312,11454,2.0
24582,11314,11454,1.0
24583,11453,11454,1.0
24584,11455,11454,2.0
24585,11602,11454,1.0
24586,11745,11454,1.0
24587,12029,11454,1.0
24588,12309,11454,1.0
24589,15756,11454,1.0
24590,9737,10890,1.0
24591,10180,10890,1.0
24592,10459,10890,1.0
24593,10462,10890,2.0
24594,10465,10890,1.0
24595,10592,10890,1.0
24596,10606,10890,3.0
24597,10607,10890,1.0
24598,10608,10890,1.0
24599,10891,10890,1.0
24600,11030,10890,3.0
24601,11032,10890,1.0
24602,11174,10890,1.0
24603,11295,10890,1.0
24604,11597,10890,1.0
24605,9738,10882,1.0
24606,9888,10882,1.0
24607,10460,10882,1.0
24608,10591,10882,1.0
24609,10597,10882,1.0
24610,10598,10882,1.0
24611,10883,10882,3.0
24612,11022,10882,1.0
24613,11024,10882,2.0
24614,11025,10882,2.0
24615,11451,10882,1.0
24616,11453,10882,1.0
24617,11883,10882,2.0
24618,9740,8287,1.0
24619,9740,10606,1.0
24620,9893,10606,1.0
24621,10319,10606,1.0
24622,10323,10606,2.0
24623,10325,10606,1.0
24624,10462,10606,2.0
24625,10464,10606,3.0
24626,10603,10606,2.0
24627,10605,10606,3.0
24628,10608,10606,1.0
24629,10889,10606,5.0
24630,10890,10606,4.0
24631,10891,10606,1.0
24632,10892,10606,1.0
24633,11035,10606,1.0
24634,11171,10606,1.0
24635,11176,10606,2.0
24636,11296,10606,1.0
24637,11313,10606,1.0
24638,11441,10606,1.0
24639,11448,10606,1.0
24640,12312,10606,1.0
24641,9740,11601,1.0
24642,10467,11601,1.0
24643,11452,11601,1.0
24644,11457,11601,4.0
24645,11460,11601,1.0
24646,11461,11601,1.0
24647,11594,11601,1.0
24648,11600,11601,1.0
24649,11602,11601,3.0
24650,11604,11601,1.0
24651,11742,11601,4.0
24652,11743,11601,2.0
24653,11744,11601,3.0
24654,11745,11601,2.0
24655,11885,11601,1.0
24656,11886,11601,1.0
24657,12019,11601,1.0
24658,12443,11601,1.0
24659,13003,11601,1.0
24660,13022,11601,2.0
24661,14298,11601,1.0
24662,9740,12457,1.0
24663,9745,12457,1.0
24664,10146,12457,1.0
24665,10321,12457,1.0
24666,11036,12457,1.0
24667,11602,12457,1.0
24668,11606,12457,1.0
24669,11746,12457,2.0
24670,11888,12457,1.0
24671,12306,12457,1.0
24672,12458,12457,1.0
24673,12599,12457,6.0
24674,12601,12457,1.0
24675,12741,12457,1.0
24676,12743,12457,1.0
24677,12884,12457,3.0
24678,12885,12457,3.0
24679,13027,12457,1.0
24680,13169,12457,1.0
24681,13311,12457,1.0
24682,13884,12457,1.0
24683,14256,12457,1.0
24684,15166,12457,1.0
24685,9745,11174,1.0
24686,9746,11174,1.0
24687,10036,11174,1.0
24688,10180,11174,1.0
24689,10609,11174,1.0
24690,10890,11174,1.0
24691,10891,11174,1.0
24692,10895,11174,1.0
24693,11030,11174,1.0
24694,11032,11174,1.0
24695,11033,11174,1.0
24696,11035,11174,1.0
24697,11131,11174,1.0
24698,11175,11174,2.0
24699,11176,11174,1.0
24700,11282,11174,1.0
24701,11311,11174,2.0
24702,11315,11174,1.0
24703,11316,11174,1.0
24704,11317,11174,2.0
24705,11320,11174,2.0
24706,11442,11174,1.0
24707,11457,11174,3.0
24708,11459,11174,1.0
24709,11460,11174,3.0
24710,11462,11174,1.0
24711,11742,11174,1.0
24712,11886,11174,3.0
24713,13025,11174,1.0
24714,13452,11174,2.0
24715,9745,12455,1.0
24716,10308,12455,1.0
24717,10467,12455,1.0
24718,11034,12455,1.0
24719,11461,12455,1.0
24720,11875,12455,1.0
24721,11889,12455,1.0
24722,12312,12455,1.0
24723,12452,12455,3.0
24724,12454,12455,2.0
24725,12594,12455,2.0
24726,12597,12455,1.0
24727,12598,12455,1.0
24728,12735,12455,2.0
24729,12878,12455,1.0
24730,13011,12455,1.0
24731,13728,12455,1.0
24732,9746,10312,1.0
24733,9747,10312,1.0
24734,9881,10312,1.0
24735,10022,10312,1.0
24736,10029,10312,1.0
24737,10167,10312,1.0
24738,10180,10312,1.0
24739,10313,10312,2.0
24740,10444,10312,2.0
24741,10452,10312,2.0
24742,10455,10312,2.0
24743,10586,10312,2.0
24744,10889,10312,1.0
24745,11161,10312,1.0
24746,11290,10312,1.0
24747,11304,10312,1.0
24748,11740,10312,1.0
24749,12742,10312,1.0
24750,9746,11457,1.0
24751,9893,11457,1.0
24752,10455,11457,1.0
24753,10889,11457,2.0
24754,11025,11457,1.0
24755,11030,11457,1.0
24756,11167,11457,1.0
24757,11172,11457,1.0
24758,11174,11457,1.0
24759,11310,11457,1.0
24760,11313,11457,1.0
24761,11314,11457,1.0
24762,11316,11457,3.0
24763,11320,11457,1.0
24764,11452,11457,2.0
24765,11454,11457,1.0
24766,11456,11457,1.0
24767,11459,11457,2.0
24768,11460,11457,2.0
24769,11594,11457,2.0
24770,11596,11457,1.0
24771,11598,11457,2.0
24772,11599,11457,2.0
24773,11601,11457,4.0
24774,11602,11457,4.0
24775,11742,11457,1.0
24776,11745,11457,1.0
24777,11857,11457,1.0
24778,11859,11457,1.0
24779,11881,11457,2.0
24780,11885,11457,1.0
24781,11886,11457,1.0
24782,12027,11457,1.0
24783,12308,11457,2.0
24784,12589,11457,1.0
24785,12591,11457,3.0
24786,12739,11457,2.0
24787,14153,11457,1.0
24788,14592,11457,1.0
24789,15981,11457,1.0
24790,9746,11846,1.0
24791,11274,11846,1.0
24792,11707,11846,1.0
24793,11983,11846,1.0
24794,12572,11846,1.0
24795,9746,12008,2.0
24796,10027,12008,1.0
24797,11864,12008,1.0
24798,11866,12008,4.0
24799,12006,12008,2.0
24800,12011,12008,1.0
24801,12291,12008,1.0
24802,12292,12008,3.0
24803,12298,12008,1.0
24804,12578,12008,1.0
24805,12582,12008,1.0
24806,9746,12595,1.0
24807,11460,12595,1.0
24808,11739,12595,1.0
24809,11884,12595,1.0
24810,11885,12595,1.0
24811,12020,12595,1.0
24812,12023,12595,1.0
24813,12027,12595,1.0
24814,12310,12595,1.0
24815,12311,12595,2.0
24816,12313,12595,1.0
24817,12449,12595,1.0
24818,12451,12595,1.0
24819,12455,12595,1.0
24820,12591,12595,2.0
24821,12593,12595,1.0
24822,12735,12595,1.0
24823,12739,12595,1.0
24824,12740,12595,1.0
24825,12741,12595,2.0
24826,13014,12595,1.0
24827,13023,12595,1.0
24828,13154,12595,1.0
24829,13726,12595,1.0
24830,13869,12595,1.0
24831,14008,12595,1.0
24832,14013,12595,1.0
24833,14153,12595,1.0
24834,14297,12595,1.0
24835,9746,12872,1.0
24836,11305,12872,2.0
24837,11452,12872,1.0
24838,12299,12872,1.0
24839,12443,12872,1.0
24840,12446,12872,1.0
24841,12448,12872,1.0
24842,12588,12872,2.0
24843,12723,12872,2.0
24844,13151,12872,1.0
24845,13156,12872,1.0
24846,13727,12872,1.0
24847,13741,12872,1.0
24848,13864,12872,1.0
24849,14306,12872,1.0
24850,15140,12872,1.0
24851,16803,12872,1.0
24852,9746,13847,1.0
24853,11290,13847,2.0
24854,11707,13847,1.0
24855,12003,13847,1.0
24856,12420,13847,1.0
24857,12572,13847,1.0
24858,13422,13847,1.0
24859,13423,13847,1.0
24860,13848,13847,1.0
24861,13858,13847,1.0
24862,14129,13847,1.0
24863,14130,13847,3.0
24864,14252,13847,1.0
24865,14685,13847,1.0
24866,14706,13847,1.0
24867,14984,13847,3.0
24868,15832,13847,3.0
24869,15966,13847,1.0
24870,17111,13847,2.0
24871,17382,13847,1.0
24872,9746,14135,1.0
24873,9889,14135,2.0
24874,11171,14135,1.0
24875,12707,14135,2.0
24876,14276,14135,1.0
24877,14282,14135,1.0
24878,14428,14135,1.0
24879,16566,14135,1.0
24880,9746,14694,1.0
24881,14006,14694,2.0
24882,14410,14694,2.0
24883,14550,14694,1.0
24884,14692,14694,1.0
24885,9746,14704,1.0
24886,11580,14704,1.0
24887,13438,14704,1.0
24888,13986,14704,1.0
24889,14994,14704,1.0
24890,15134,14704,1.0
24891,9747,9884,1.0
24892,9893,9884,1.0
24893,10146,9884,1.0
24894,11028,9884,1.0
24895,9747,11034,1.0
24896,9752,11034,1.0
24897,10032,11034,1.0
24898,10170,11034,1.0
24899,10311,11034,1.0
24900,10465,11034,1.0
24901,10602,11034,1.0
24902,10607,11034,2.0
24903,10609,11034,3.0
24904,10891,11034,1.0
24905,10892,11034,6.0
24906,10893,11034,1.0
24907,10989,11034,1.0
24908,11022,11034,1.0
24909,11028,11034,1.0
24910,11032,11034,1.0
24911,11172,11034,1.0
24912,11173,11034,1.0
24913,11177,11034,2.0
24914,11315,11034,3.0
24915,11316,11034,1.0
24916,11748,11034,2.0
24917,12310,11034,1.0
24918,12455,11034,1.0
24919,12596,11034,1.0
24920,12598,11034,1.0
24921,13018,11034,1.0
24922,13447,11034,1.0
24923,13458,11034,1.0
24924,15284,11034,1.0
24925,9747,11158,1.0
24926,9750,11158,1.0
24927,10012,11158,2.0
24928,10025,11158,1.0
24929,10029,11158,2.0
24930,10587,11158,1.0
24931,11157,11158,2.0
24932,11168,11158,1.0
24933,11719,11158,2.0
24934,9747,11592,1.0
24935,11450,11592,3.0
24936,11451,11592,1.0
24937,11591,11592,6.0
24938,11732,11592,2.0
24939,11734,11592,2.0
24940,11736,11592,2.0
24941,11874,11592,1.0
24942,11875,11592,2.0
24943,11880,11592,1.0
24944,12022,11592,1.0
24945,12299,11592,2.0
24946,12306,11592,1.0
24947,12445,11592,1.0
24948,13156,11592,2.0
24949,9747,12454,1.0
24950,11290,12454,1.0
24951,11315,12454,1.0
24952,11600,12454,2.0
24953,11743,12454,1.0
24954,11885,12454,1.0
24955,12026,12454,2.0
24956,12028,12454,2.0
24957,12308,12454,1.0
24958,12310,12454,2.0
24959,12312,12454,5.0
24960,12315,12454,1.0
24961,12443,12454,1.0
24962,12451,12454,2.0
24963,12452,12454,2.0
24964,12593,12454,2.0
24965,12595,12454,1.0
24966,12596,12454,8.0
24967,12598,12454,3.0
24968,12723,12454,1.0
24969,12739,12454,3.0
24970,12882,12454,1.0
24971,12884,12454,1.0
24972,13015,12454,1.0
24973,13018,12454,1.0
24974,13021,12454,1.0
24975,13023,12454,1.0
24976,13159,12454,1.0
24977,14048,12454,1.0
24978,9747,12717,1.0
24979,10010,12717,2.0
24980,11451,12717,1.0
24981,11580,12717,1.0
24982,11585,12717,1.0
24983,12297,12717,1.0
24984,12438,12717,2.0
24985,12575,12717,2.0
24986,12581,12717,3.0
24987,12593,12717,1.0
24988,12718,12717,4.0
24989,12719,12717,1.0
24990,12720,12717,3.0
24991,12721,12717,1.0
24992,12723,12717,1.0
24993,12857,12717,1.0
24994,12859,12717,2.0
24995,12866,12717,1.0
24996,12876,12717,1.0
24997,13002,12717,2.0
24998,14563,12717,1.0
24999,14564,12717,1.0
25000,9747,13729,1.0
25001,13020,13729,1.0
25002,13148,13729,1.0
25003,13442,13729,5.0
25004,13722,13729,1.0
25005,13726,13729,1.0
25006,13868,13729,1.0
25007,14275,13729,1.0
25008,14292,13729,1.0
25009,14296,13729,1.0
25010,14297,13729,3.0
25011,15000,13729,1.0
25012,9748,9462,1.0
25013,9748,9890,4.0
25014,9892,9890,1.0
25015,10031,9890,1.0
25016,10032,9890,1.0
25017,10174,9890,1.0
25018,10176,9890,1.0
25019,10459,9890,1.0
25020,10883,9890,1.0
25021,11009,9890,1.0
25022,11021,9890,1.0
25023,9748,12416,1.0
25024,11562,12416,1.0
25025,12285,12416,3.0
25026,13687,12416,1.0
25027,9749,10450,1.0
25028,10026,10450,1.0
25029,10027,10450,1.0
25030,10034,10450,1.0
25031,10166,10450,1.0
25032,10291,10450,1.0
25033,10304,10450,1.0
25034,10307,10450,2.0
25035,10309,10450,2.0
25036,10446,10450,2.0
25037,10449,10450,1.0
25038,10451,10450,2.0
25039,10585,10450,1.0
25040,10590,10450,1.0
25041,10591,10450,1.0
25042,10871,10450,1.0
25043,11446,10450,1.0
25044,11453,10450,1.0
25045,11580,10450,1.0
25046,11715,10450,1.0
25047,12739,10450,1.0
25048,9749,12862,1.0
25049,10853,12862,1.0
25050,12283,12862,1.0
25051,12296,12862,1.0
25052,12298,12862,1.0
25053,12575,12862,2.0
25054,12577,12862,1.0
25055,12719,12862,3.0
25056,12721,12862,8.0
25057,12859,12862,1.0
25058,12880,12862,2.0
25059,13003,12862,1.0
25060,13005,12862,1.0
25061,13146,12862,1.0
25062,13711,12862,1.0
25063,13958,12862,1.0
25064,14139,12862,1.0
25065,16545,12862,1.0
25066,9749,14292,1.0
25067,11599,14292,1.0
25068,11744,14292,2.0
25069,11889,14292,1.0
25070,12446,14292,1.0
25071,12598,14292,1.0
25072,12732,14292,1.0
25073,13007,14292,1.0
25074,13014,14292,1.0
25075,13440,14292,1.0
25076,13726,14292,1.0
25077,13729,14292,1.0
25078,13871,14292,3.0
25079,13986,14292,1.0
25080,14008,14292,1.0
25081,14009,14292,1.0
25082,14013,14292,1.0
25083,14149,14292,1.0
25084,14150,14292,5.0
25085,14151,14292,1.0
25086,14152,14292,2.0
25087,14153,14292,1.0
25088,14289,14292,1.0
25089,14291,14292,2.0
25090,14293,14292,5.0
25091,14295,14292,2.0
25092,14296,14292,4.0
25093,14297,14292,1.0
25094,14411,14292,1.0
25095,14429,14292,1.0
25096,14430,14292,1.0
25097,14431,14292,5.0
25098,14433,14292,1.0
25099,14434,14292,12.0
25100,14435,14292,1.0
25101,14439,14292,1.0
25102,14440,14292,1.0
25103,14575,14292,1.0
25104,14577,14292,3.0
25105,14582,14292,1.0
25106,14723,14292,1.0
25107,14999,14292,3.0
25108,15001,14292,2.0
25109,15002,14292,2.0
25110,15007,14292,1.0
25111,15016,14292,1.0
25112,15022,14292,1.0
25113,15140,14292,2.0
25114,15141,14292,1.0
25115,15144,14292,2.0
25116,15145,14292,1.0
25117,15273,14292,3.0
25118,15282,14292,1.0
25119,15283,14292,1.0
25120,15289,14292,2.0
25121,15420,14292,1.0
25122,15425,14292,4.0
25123,15428,14292,1.0
25124,15570,14292,1.0
25125,15704,14292,1.0
25126,16992,14292,1.0
25127,9752,11167,1.0
25128,10589,11167,1.0
25129,10603,11167,3.0
25130,10883,11167,2.0
25131,11023,11167,1.0
25132,11164,11167,1.0
25133,11171,11167,1.0
25134,11315,11167,3.0
25135,11451,11167,1.0
25136,11453,11167,1.0
25137,11719,11167,1.0
25138,11880,11167,1.0
25139,12030,11167,1.0
25140,9752,11299,1.0
25141,10167,11299,2.0
25142,10587,11299,1.0
25143,10605,11299,1.0
25144,11016,11299,1.0
25145,11157,11299,1.0
25146,11300,11299,2.0
25147,11442,11299,2.0
25148,11579,11299,1.0
25149,11585,11299,1.0
25150,11720,11299,1.0
25151,11722,11299,1.0
25152,11727,11299,2.0
25153,12006,11299,1.0
25154,9801,9943,1.0
25155,9808,9679,1.0
25156,10536,9679,2.0
25157,11108,9679,1.0
25158,9849,10275,1.0
25159,10993,10275,1.0
25160,11544,10275,1.0
25161,11847,10275,1.0
25162,11983,10275,1.0
25163,12398,10275,1.0
25164,13855,10275,1.0
25165,9855,9850,1.0
25166,10138,9850,1.0
25167,10419,9850,1.0
25168,10420,9850,2.0
25169,11586,9850,1.0
25170,9855,11797,1.0
25171,11519,11797,1.0
25172,11803,11797,1.0
25173,9855,12792,1.0
25174,13934,12792,1.0
25175,9857,10286,1.0
25176,10025,10286,1.0
25177,10153,10286,1.0
25178,11251,10286,1.0
25179,11561,10286,1.0
25180,12526,10286,1.0
25181,9857,14412,2.0
25182,10853,14412,1.0
25183,12430,14412,1.0
25184,13290,14412,1.0
25185,13423,14412,1.0
25186,13677,14412,1.0
25187,13853,14412,1.0
25188,14268,14412,1.0
25189,14271,14412,3.0
25190,14410,14412,2.0
25191,14413,14412,1.0
25192,14537,14412,1.0
25193,14540,14412,1.0
25194,14555,14412,2.0
25195,14689,14412,1.0
25196,14695,14412,1.0
25197,14984,14412,1.0
25198,15961,14412,1.0
25199,16800,14412,1.0
25200,9858,12315,1.0
25201,10467,12315,1.0
25202,10895,12315,1.0
25203,11035,12315,2.0
25204,11319,12315,1.0
25205,11322,12315,2.0
25206,11461,12315,1.0
25207,11462,12315,1.0
25208,11604,12315,3.0
25209,11744,12315,2.0
25210,11746,12315,1.0
25211,11886,12315,1.0
25212,11889,12315,1.0
25213,12030,12315,3.0
25214,12031,12315,4.0
25215,12314,12315,2.0
25216,12457,12315,1.0
25217,12599,12315,1.0
25218,12600,12315,5.0
25219,12738,12315,2.0
25220,12741,12315,1.0
25221,12742,12315,1.0
25222,12882,12315,1.0
25223,12885,12315,2.0
25224,13023,12315,1.0
25225,13725,12315,2.0
25226,9859,10002,1.0
25227,9860,10002,2.0
25228,10006,10002,1.0
25229,10145,10002,2.0
25230,10170,10002,1.0
25231,11282,10002,1.0
25232,9859,11419,1.0
25233,10282,11419,1.0
25234,11553,11419,1.0
25235,9861,11564,2.0
25236,10852,11564,1.0
25237,11140,11564,1.0
25238,11565,11564,2.0
25239,9863,13293,1.0
25240,10169,13293,1.0
25241,13151,13293,1.0
25242,13301,13293,1.0
25243,14427,13293,1.0
25244,9864,11142,1.0
25245,10143,11142,1.0
25246,10293,11142,1.0
25247,10573,11142,1.0
25248,11143,11142,6.0
25249,11285,11142,1.0
25250,11286,11142,1.0
25251,11425,11142,1.0
25252,11428,11142,2.0
25253,11566,11142,2.0
25254,9865,10295,1.0
25255,10148,10295,1.0
25256,10154,10295,2.0
25257,10293,10295,1.0
25258,10294,10295,1.0
25259,10578,10295,1.0
25260,11288,10295,1.0
25261,12283,10295,1.0
25262,9865,10574,1.0
25263,10006,10574,1.0
25264,10149,10574,1.0
25265,10433,10574,4.0
25266,10435,10574,1.0
25267,10575,10574,1.0
25268,10851,10574,1.0
25269,10856,10574,1.0
25270,10859,10574,1.0
25271,10862,10574,1.0
25272,11140,10574,1.0
25273,11141,10574,3.0
25274,11282,10574,1.0
25275,9865,15159,1.0
25276,15160,15159,1.0
25277,9866,9868,1.0
25278,9879,9868,2.0
25279,9883,9868,2.0
25280,10889,9868,1.0
25281,9872,10155,1.0
25282,10013,10155,2.0
25283,10298,10155,1.0
25284,10439,10155,1.0
25285,10824,10155,1.0
25286,9874,14414,1.0
25287,14269,14414,1.0
25288,14555,14414,1.0
25289,15122,14414,1.0
25290,15125,14414,1.0
25291,9880,10881,1.0
25292,10005,10881,1.0
25293,10169,10881,1.0
25294,10181,10881,1.0
25295,10449,10881,1.0
25296,10595,10881,1.0
25297,10880,10881,1.0
25298,10893,10881,3.0
25299,11023,10881,3.0
25300,11024,10881,1.0
25301,11164,10881,1.0
25302,11166,10881,1.0
25303,11311,10881,1.0
25304,12449,10881,1.0
25305,9880,10888,1.0
25306,10602,10888,1.0
25307,10605,10888,1.0
25308,10892,10888,3.0
25309,11311,10888,1.0
25310,12452,10888,1.0
25311,13848,10888,1.0
25312,9880,11015,1.0
25313,10029,11015,3.0
25314,10030,11015,1.0
25315,10161,11015,1.0
25316,10168,11015,1.0
25317,10285,11015,1.0
25318,10441,11015,1.0
25319,10873,11015,2.0
25320,10876,11015,1.0
25321,11012,11015,1.0
25322,11013,11015,1.0
25323,11014,11015,1.0
25324,11016,11015,4.0
25325,11018,11015,1.0
25326,11147,11015,2.0
25327,11154,11015,1.0
25328,11157,11015,1.0
25329,11174,11015,1.0
25330,11297,11015,1.0
25331,11304,11015,1.0
25332,11438,11015,1.0
25333,12279,11015,1.0
25334,9880,11291,1.0
25335,10023,11291,1.0
25336,10165,11291,1.0
25337,10872,11291,1.0
25338,10873,11291,2.0
25339,11009,11291,1.0
25340,11151,11291,1.0
25341,11154,11291,1.0
25342,11293,11291,1.0
25343,11437,11291,1.0
25344,11722,11291,1.0
25345,12001,11291,1.0
25346,12413,11291,1.0
25347,13678,11291,1.0
25348,15135,11291,1.0
25349,9880,15114,1.0
25350,13968,15114,1.0
25351,14411,15114,1.0
25352,14692,15114,1.0
25353,14975,15114,1.0
25354,15680,15114,2.0
25355,16115,15114,1.0
25356,17810,15114,1.0
25357,9881,10180,2.0
25358,10160,10180,1.0
25359,10181,10180,2.0
25360,10311,10180,1.0
25361,10312,10180,1.0
25362,10322,10180,1.0
25363,10467,10180,2.0
25364,10603,10180,1.0
25365,10889,10180,1.0
25366,10890,10180,2.0
25367,11175,10180,1.0
25368,11314,10180,2.0
25369,11460,10180,3.0
25370,12306,10180,1.0
25371,12734,10180,1.0
25372,13158,10180,1.0
25373,14162,10180,1.0
25374,20274,10180,1.0
25375,9881,11886,1.0
25376,10323,11886,2.0
25377,10424,11886,3.0
25378,11033,11886,1.0
25379,11174,11886,2.0
25380,11176,11886,1.0
25381,11315,11886,2.0
25382,11320,11886,1.0
25383,11444,11886,1.0
25384,11457,11886,1.0
25385,11459,11886,1.0
25386,11600,11886,2.0
25387,11738,11886,1.0
25388,11741,11886,1.0
25389,11742,11886,2.0
25390,11743,11886,5.0
25391,11744,11886,1.0
25392,11745,11886,1.0
25393,11883,11886,1.0
25394,11885,11886,4.0
25395,11887,11886,1.0
25396,12021,11886,4.0
25397,12025,11886,1.0
25398,12027,11886,2.0
25399,12029,11886,2.0
25400,12453,11886,1.0
25401,12454,11886,1.0
25402,12743,11886,1.0
25403,12868,11886,1.0
25404,13446,11886,1.0
25405,13879,11886,1.0
25406,9882,13015,1.0
25407,12019,13015,1.0
25408,12730,13015,1.0
25409,12875,13015,1.0
25410,13014,13015,1.0
25411,13016,13015,1.0
25412,13024,13015,1.0
25413,13143,13015,1.0
25414,13287,13015,1.0
25415,13299,13015,2.0
25416,13440,13015,1.0
25417,9883,10308,1.0
25418,10026,10308,1.0
25419,10165,10308,1.0
25420,10166,10308,3.0
25421,10167,10308,1.0
25422,10168,10308,1.0
25423,10309,10308,1.0
25424,10451,10308,1.0
25425,10593,10308,1.0
25426,11017,10308,2.0
25427,11444,10308,1.0
25428,11580,10308,1.0
25429,12723,10308,1.0
25430,13301,10308,1.0
25431,9885,10596,1.0
25432,10170,10596,1.0
25433,10878,10596,1.0
25434,11014,10596,1.0
25435,11746,10596,1.0
25436,11857,10596,1.0
25437,12724,10596,1.0
25438,12858,10596,1.0
25439,13006,10596,2.0
25440,16992,10596,1.0
25441,9886,10585,1.0
25442,9889,10585,1.0
25443,9890,10585,1.0
25444,10164,10585,1.0
25445,10166,10585,1.0
25446,10307,10585,1.0
25447,10322,10585,1.0
25448,10450,10585,1.0
25449,10455,10585,1.0
25450,10583,10585,1.0
25451,10590,10585,1.0
25452,10875,10585,1.0
25453,11009,10585,1.0
25454,11151,10585,1.0
25455,11156,10585,1.0
25456,11170,10585,1.0
25457,11842,10585,1.0
25458,9886,11316,1.0
25459,10030,11316,2.0
25460,10467,11316,1.0
25461,10607,11316,1.0
25462,10608,11316,1.0
25463,11032,11316,5.0
25464,11165,11316,1.0
25465,11174,11316,1.0
25466,11177,11316,1.0
25467,11317,11316,5.0
25468,11457,11316,2.0
25469,11459,11316,2.0
25470,11460,11316,1.0
25471,11602,11316,4.0
25472,12027,11316,1.0
25473,12599,11316,2.0
25474,13024,11316,1.0
25475,13157,11316,1.0
25476,9886,12718,1.0
25477,10029,12718,1.0
25478,10860,12718,1.0
25479,11172,12718,1.0
25480,11587,12718,2.0
25481,12011,12718,1.0
25482,12434,12718,1.0
25483,12575,12718,1.0
25484,12577,12718,1.0
25485,12581,12718,1.0
25486,12716,12718,1.0
25487,12717,12718,4.0
25488,12719,12718,2.0
25489,12721,12718,1.0
25490,12857,12718,1.0
25491,12859,12718,1.0
25492,12876,12718,1.0
25493,13002,12718,3.0
25494,13003,12718,3.0
25495,13146,12718,1.0
25496,13162,12718,1.0
25497,14278,12718,2.0
25498,17141,12718,1.0
25499,9887,10600,1.0
25500,10170,10600,2.0
25501,10601,10600,1.0
25502,10876,10600,1.0
25503,11027,10600,1.0
25504,14693,10600,1.0
25505,9887,11599,1.0
25506,11032,11599,2.0
25507,11172,11599,1.0
25508,11309,11599,1.0
25509,11315,11599,2.0
25510,11457,11599,2.0
25511,11459,11599,3.0
25512,11598,11599,3.0
25513,11600,11599,1.0
25514,11727,11599,2.0
25515,11740,11599,4.0
25516,11741,11599,1.0
25517,11742,11599,3.0
25518,11744,11599,1.0
25519,11883,11599,1.0
25520,11885,11599,1.0
25521,12312,11599,1.0
25522,12600,11599,1.0
25523,12880,11599,1.0
25524,13741,11599,1.0
25525,13868,11599,1.0
25526,14010,11599,3.0
25527,14292,11599,1.0
25528,14575,11599,1.0
25529,15005,11599,1.0
25530,15167,11599,1.0
25531,9887,12735,1.0
25532,11880,12735,1.0
25533,12022,12735,1.0
25534,12448,12735,1.0
25535,12590,12735,1.0
25536,12593,12735,3.0
25537,12595,12735,1.0
25538,12598,12735,1.0
25539,12725,12735,1.0
25540,12880,12735,2.0
25541,13016,12735,2.0
25542,9887,14000,2.0
25543,12440,14000,1.0
25544,12723,14000,1.0
25545,12724,14000,1.0
25546,12866,14000,1.0
25547,13016,14000,1.0
25548,13151,14000,2.0
25549,13432,14000,1.0
25550,13443,14000,1.0
25551,13716,14000,2.0
25552,13856,14000,1.0
25553,13999,14000,1.0
25554,14143,14000,4.0
25555,14289,14000,1.0
25556,14423,14000,1.0
25557,14548,14000,1.0
25558,17386,14000,1.0
25559,9887,15272,1.0
25560,12434,15272,1.0
25561,12703,15272,1.0
25562,13004,15272,1.0
25563,13146,15272,1.0
25564,13845,15272,1.0
25565,14280,15272,1.0
25566,14563,15272,2.0
25567,14710,15272,2.0
25568,14994,15272,1.0
25569,14996,15272,1.0
25570,15122,15272,1.0
25571,15132,15272,2.0
25572,15134,15272,2.0
25573,15273,15272,1.0
25574,15275,15272,7.0
25575,15281,15272,1.0
25576,15416,15272,2.0
25577,15417,15272,3.0
25578,15556,15272,1.0
25579,15560,15272,1.0
25580,15701,15272,1.0
25581,15822,15272,1.0
25582,15845,15272,1.0
25583,15987,15272,2.0
25584,16131,15272,1.0
25585,16836,15272,1.0
25586,9888,10034,1.0
25587,10035,10034,1.0
25588,10040,10034,1.0
25589,10181,10034,1.0
25590,10450,10034,1.0
25591,10603,10034,1.0
25592,11168,10034,3.0
25593,11308,10034,1.0
25594,9888,10303,1.0
25595,10444,10303,2.0
25596,10445,10303,2.0
25597,10595,10303,2.0
25598,10866,10303,1.0
25599,11010,10303,1.0
25600,9888,10581,1.0
25601,10015,10581,2.0
25602,10025,10581,1.0
25603,10438,10581,1.0
25604,10440,10581,1.0
25605,10579,10581,1.0
25606,10874,10581,1.0
25607,11460,10581,2.0
25608,11574,10581,1.0
25609,9888,11430,1.0
25610,11135,11430,1.0
25611,11277,11430,1.0
25612,11282,11430,2.0
25613,11853,11430,1.0
25614,12275,11430,2.0
25615,12276,11430,1.0
25616,12286,11430,1.0
25617,14233,11430,1.0
25618,9888,12023,1.0
25619,11308,12023,2.0
25620,11459,12023,1.0
25621,11594,12023,1.0
25622,11743,12023,1.0
25623,12020,12023,2.0
25624,12021,12023,1.0
25625,12022,12023,2.0
25626,12024,12023,2.0
25627,12595,12023,1.0
25628,12723,12023,1.0
25629,13016,12023,1.0
25630,13443,12023,1.0
25631,9888,12589,1.0
25632,11457,12589,1.0
25633,11592,12589,1.0
25634,12300,12589,1.0
25635,12447,12589,2.0
25636,12449,12589,1.0
25637,12585,12589,1.0
25638,12588,12589,5.0
25639,12724,12589,2.0
25640,12731,12589,1.0
25641,13010,12589,1.0
25642,13156,12589,1.0
25643,13439,12589,1.0
25644,13855,12589,1.0
25645,14158,12589,1.0
25646,9888,12707,2.0
25647,11719,12707,1.0
25648,12421,12707,1.0
25649,12703,12707,3.0
25650,12720,12707,3.0
25651,12842,12707,1.0
25652,13007,12707,2.0
25653,14135,12707,2.0
25654,9888,13298,1.0
25655,11300,13298,1.0
25656,12282,13298,1.0
25657,12446,13298,1.0
25658,12447,13298,2.0
25659,12448,13298,1.0
25660,12703,13298,1.0
25661,12725,13298,1.0
25662,12739,13298,2.0
25663,13010,13298,1.0
25664,13014,13298,1.0
25665,13016,13298,1.0
25666,13018,13298,1.0
25667,13153,13298,1.0
25668,13156,13298,1.0
25669,13157,13298,1.0
25670,13160,13298,1.0
25671,13296,13298,1.0
25672,13302,13298,2.0
25673,13440,13298,1.0
25674,13442,13298,1.0
25675,14296,13298,3.0
25676,15711,13298,1.0
25677,15854,13298,1.0
25678,15979,13298,1.0
25679,9888,13302,1.0
25680,11880,13302,1.0
25681,12591,13302,3.0
25682,12595,13302,1.0
25683,13143,13302,1.0
25684,13156,13302,1.0
25685,13300,13302,1.0
25686,13301,13302,1.0
25687,13306,13302,2.0
25688,13878,13302,2.0
25689,14013,13302,1.0
25690,9888,15542,2.0
25691,13393,15542,1.0
25692,14413,15542,1.0
25693,15122,15542,1.0
25694,15132,15542,1.0
25695,15683,15542,1.0
25696,9888,16091,2.0
25697,10029,16091,1.0
25698,14531,16091,1.0
25699,9888,16707,1.0
25700,15995,16707,1.0
25701,16565,16707,4.0
25702,16852,16707,1.0
25703,16991,16707,4.0
25704,17396,16707,1.0
25705,17559,16707,1.0
25706,9889,10323,1.0
25707,10181,10323,3.0
25708,10324,10323,4.0
25709,10465,10323,1.0
25710,10467,10323,7.0
25711,10468,10323,2.0
25712,10469,10323,1.0
25713,10608,10323,2.0
25714,10609,10323,1.0
25715,10610,10323,1.0
25716,10611,10323,1.0
25717,10882,10323,1.0
25718,11033,10323,1.0
25719,11306,10323,1.0
25720,11314,10323,1.0
25721,9889,11998,1.0
25722,11159,11998,1.0
25723,11456,11998,1.0
25724,11594,11998,1.0
25725,11703,11998,1.0
25726,11715,11998,1.0
25727,11718,11998,1.0
25728,11862,11998,1.0
25729,12281,11998,1.0
25730,12433,11998,1.0
25731,13428,11998,1.0
25732,14986,11998,1.0
25733,9889,13146,1.0
25734,10139,13146,1.0
25735,11036,13146,3.0
25736,11171,13146,1.0
25737,11440,13146,1.0
25738,11706,13146,1.0
25739,11848,13146,1.0
25740,12012,13146,1.0
25741,12020,13146,1.0
25742,12289,13146,1.0
25743,12298,13146,1.0
25744,12720,13146,1.0
25745,12724,13146,1.0
25746,12825,13146,1.0
25747,12845,13146,1.0
25748,12862,13146,1.0
25749,13004,13146,1.0
25750,13005,13146,2.0
25751,13009,13146,1.0
25752,13012,13146,1.0
25753,13143,13146,1.0
25754,13144,13146,1.0
25755,13148,13146,3.0
25756,13152,13146,1.0
25757,13153,13146,1.0
25758,13291,13146,1.0
25759,13429,13146,1.0
25760,13434,13146,1.0
25761,13705,13146,1.0
25762,13710,13146,2.0
25763,13711,13146,1.0
25764,13712,13146,1.0
25765,13716,13146,1.0
25766,13725,13146,1.0
25767,13857,13146,2.0
25768,13988,13146,1.0
25769,13993,13146,1.0
25770,14002,13146,1.0
25771,14010,13146,1.0
25772,14128,13146,1.0
25773,15241,13146,1.0
25774,15272,13146,1.0
25775,15567,13146,1.0
25776,16547,13146,1.0
25777,9889,20871,1.0
25778,12733,20871,1.0
25779,19594,20871,1.0
25780,19716,20871,1.0
25781,19877,20871,1.0
25782,20017,20871,1.0
25783,20021,20871,1.0
25784,20299,20871,1.0
25785,20305,20871,2.0
25786,20445,20871,3.0
25787,20860,20871,2.0
25788,9890,10176,1.0
25789,10318,10176,1.0
25790,11170,10176,2.0
25791,9890,10602,1.0
25792,10859,10602,1.0
25793,10874,10602,1.0
25794,10891,10602,1.0
25795,11034,10602,1.0
25796,12723,10602,1.0
25797,9890,10883,1.0
25798,10451,10883,1.0
25799,10456,10883,2.0
25800,10606,10883,1.0
25801,10882,10883,1.0
25802,11162,10883,1.0
25803,11166,10883,1.0
25804,11309,10883,2.0
25805,14006,10883,1.0
25806,9891,10033,1.0
25807,9892,10033,3.0
25808,10010,10033,1.0
25809,10038,10033,1.0
25810,10316,10033,1.0
25811,10317,10033,2.0
25812,10321,10033,1.0
25813,10456,10033,1.0
25814,11297,10033,1.0
25815,11310,10033,1.0
25816,9893,11879,1.0
25817,11452,11879,1.0
25818,11593,11879,1.0
25819,11878,11879,7.0
25820,11880,11879,2.0
25821,12020,11879,2.0
25822,12022,11879,1.0
25823,12025,11879,1.0
25824,12027,11879,1.0
25825,12305,11879,1.0
25826,12450,11879,2.0
25827,12583,11879,1.0
25828,13017,11879,1.0
25829,13018,11879,1.0
25830,14298,11879,1.0
25831,9893,12671,1.0
25832,12810,12671,1.0
25833,13094,12671,1.0
25834,9893,12880,1.0
25835,11599,12880,1.0
25836,11888,12880,1.0
25837,12024,12880,1.0
25838,12302,12880,1.0
25839,12450,12880,2.0
25840,12593,12880,1.0
25841,12596,12880,1.0
25842,12716,12880,1.0
25843,12735,12880,1.0
25844,12737,12880,2.0
25845,12738,12880,2.0
25846,12878,12880,2.0
25847,12879,12880,1.0
25848,13023,12880,1.0
25849,13295,12880,1.0
25850,13308,12880,1.0
25851,14013,12880,1.0
25852,14439,12880,1.0
25853,20851,12880,1.0
25854,9893,14120,1.0
25855,12836,14120,1.0
25856,13968,14120,1.0
25857,14407,14120,1.0
25858,9959,14691,2.0
25859,13265,14691,2.0
25860,14266,14691,2.0
25861,14410,14691,2.0
25862,14550,14691,1.0
25863,14560,14691,1.0
25864,14690,14691,1.0
25865,14972,14691,1.0
25866,15256,14691,1.0
25867,15539,14691,2.0
25868,9993,10451,1.0
25869,10018,10451,1.0
25870,10032,10451,1.0
25871,10296,10451,1.0
25872,10305,10451,4.0
25873,10308,10451,1.0
25874,10309,10451,1.0
25875,10310,10451,1.0
25876,10450,10451,2.0
25877,10593,10451,2.0
25878,10883,10451,1.0
25879,11020,10451,1.0
25880,11025,10451,2.0
25881,11166,10451,1.0
25882,11449,10451,1.0
25883,13147,10451,1.0
25884,9993,10996,1.0
25885,10147,10996,2.0
25886,10287,10996,1.0
25887,10852,10996,3.0
25888,10880,10996,1.0
25889,10997,10996,1.0
25890,11138,10996,2.0
25891,11140,10996,5.0
25892,11282,10996,2.0
25893,11861,10996,1.0
25894,9993,11302,1.0
25895,10563,11302,1.0
25896,11003,11302,1.0
25897,11019,11302,1.0
25898,11273,11302,1.0
25899,11422,11302,1.0
25900,11443,11302,2.0
25901,9994,9846,1.0
25902,9995,9846,1.0
25903,9995,11811,1.0
25904,11517,11811,1.0
25905,12667,11811,1.0
25906,12669,11811,2.0
25907,9996,10573,1.0
25908,10009,10573,1.0
25909,10146,10573,1.0
25910,10287,10573,1.0
25911,10288,10573,2.0
25912,10429,10573,1.0
25913,10431,10573,2.0
25914,10568,10573,1.0
25915,10569,10573,2.0
25916,10584,10573,1.0
25917,10852,10573,1.0
25918,10859,10573,1.0
25919,11288,10573,1.0
25920,9996,11815,1.0
25921,11389,11815,1.0
25922,11390,11815,1.0
25923,12669,11815,1.0
25924,12810,11815,1.0
25925,12952,11815,1.0
25926,9996,12269,1.0
25927,11138,12269,3.0
25928,11431,12269,1.0
25929,12276,12269,2.0
25930,14669,12269,1.0
25931,14958,12269,2.0
25932,9997,16504,1.0
25933,9999,11002,1.0
25934,10567,11002,1.0
25935,10569,11002,1.0
25936,10579,11002,1.0
25937,10859,11002,1.0
25938,10990,11002,1.0
25939,11270,11002,1.0
25940,11285,11002,1.0
25941,12276,11002,1.0
25942,12419,11002,1.0
25943,9999,11163,1.0
25944,10029,11163,2.0
25945,10180,11163,1.0
25946,10605,11163,1.0
25947,10606,11163,1.0
25948,11021,11163,3.0
25949,11151,11163,1.0
25950,11164,11163,1.0
25951,11305,11163,4.0
25952,11448,11163,6.0
25953,11460,11163,1.0
25954,12298,11163,2.0
25955,12582,11163,3.0
25956,10000,10426,6.0
25957,10285,10426,2.0
25958,10427,10426,1.0
25959,10433,10426,1.0
25960,10567,10426,1.0
25961,10568,10426,2.0
25962,10569,10426,1.0
25963,10853,10426,1.0
25964,11135,10426,1.0
25965,11425,10426,1.0
25966,11567,10426,1.0
25967,10004,10844,1.0
25968,10005,13301,1.0
25969,11001,13301,1.0
25970,12025,13301,1.0
25971,12737,13301,1.0
25972,13153,13301,3.0
25973,13293,13301,2.0
25974,13861,13301,1.0
25975,14439,13301,2.0
25976,14440,13301,1.0
25977,14577,13301,1.0
25978,10007,11993,1.0
25979,11431,11993,1.0
25980,11853,11993,1.0
25981,11995,11993,3.0
25982,12277,11993,1.0
25983,12563,11993,1.0
25984,12705,11993,1.0
25985,13964,11993,1.0
25986,15257,11993,1.0
25987,10010,13988,1.0
25988,11446,13988,1.0
25989,12295,13988,1.0
25990,13432,13988,1.0
25991,14130,13988,1.0
25992,14568,13988,1.0
25993,15394,13988,1.0
25994,10011,10415,1.0
25995,10839,10415,1.0
25996,10012,9871,1.0
25997,10441,9871,1.0
25998,10012,10159,1.0
25999,10017,10159,3.0
26000,10018,10159,5.0
26001,10027,10159,1.0
26002,10158,10159,1.0
26003,10160,10159,3.0
26004,10305,10159,2.0
26005,10584,10159,1.0
26006,10864,10159,1.0
26007,11015,10159,1.0
26008,10012,10294,2.0
26009,10151,10294,3.0
26010,10152,10294,2.0
26011,10153,10294,1.0
26012,10154,10294,2.0
26013,10578,10294,1.0
26014,10999,10294,1.0
26015,12012,10294,1.0
26016,13016,10294,1.0
26017,10012,11720,1.0
26018,10021,11720,1.0
26019,10157,11720,1.0
26020,10449,11720,1.0
26021,11005,11720,1.0
26022,11294,11720,1.0
26023,11453,11720,1.0
26024,11568,11720,1.0
26025,11578,11720,2.0
26026,11580,11720,1.0
26027,12001,11720,2.0
26028,12291,11720,2.0
26029,12292,11720,2.0
26030,10012,14937,1.0
26031,10014,9750,1.0
26032,10158,9750,1.0
26033,10178,9750,1.0
26034,10463,9750,1.0
26035,11578,9750,1.0
26036,14167,9750,1.0
26037,10017,10014,1.0
26038,10029,10014,1.0
26039,10158,10014,1.0
26040,10017,10868,1.0
26041,10026,10868,1.0
26042,10870,10868,1.0
26043,11148,10868,1.0
26044,10018,10019,3.0
26045,10021,10019,1.0
26046,10161,10019,1.0
26047,10444,10019,1.0
26048,10020,10454,1.0
26049,10027,10454,1.0
26050,10169,10454,1.0
26051,10453,10454,1.0
26052,10455,10454,3.0
26053,10879,10454,1.0
26054,11029,10454,1.0
26055,11454,10454,2.0
26056,12298,10454,1.0
26057,13007,10454,1.0
26058,10020,10877,5.0
26059,10308,10877,1.0
26060,10310,10877,1.0
26061,10313,10877,1.0
26062,10595,10877,1.0
26063,10878,10877,1.0
26064,10891,10877,1.0
26065,11015,10877,1.0
26066,11310,10877,1.0
26067,11437,10877,1.0
26068,11444,10877,1.0
26069,11585,10877,2.0
26070,12277,10877,1.0
26071,15273,10877,1.0
26072,10022,12882,1.0
26073,10588,12882,1.0
26074,10895,12882,1.0
26075,11889,12882,1.0
26076,12451,12882,1.0
26077,12597,12882,1.0
26078,12734,12882,3.0
26079,12738,12882,2.0
26080,12739,12882,1.0
26081,12742,12882,1.0
26082,13167,12882,2.0
26083,13443,12882,1.0
26084,13737,12882,1.0
26085,13867,12882,1.0
26086,15613,12882,1.0
26087,16853,12882,1.0
26088,10023,11159,1.0
26089,10026,11159,1.0
26090,10029,11159,1.0
26091,10031,11159,1.0
26092,10162,11159,1.0
26093,10313,11159,1.0
26094,10463,11159,3.0
26095,10569,11159,1.0
26096,10590,11159,1.0
26097,10867,11159,1.0
26098,11013,11159,1.0
26099,11018,11159,1.0
26100,11163,11159,1.0
26101,11169,11159,1.0
26102,11298,11159,1.0
26103,11436,11159,1.0
26104,11720,11159,1.0
26105,12572,11159,1.0
26106,10025,11152,1.0
26107,10162,11152,1.0
26108,10168,11152,1.0
26109,10589,11152,1.0
26110,10891,11152,1.0
26111,11154,11152,1.0
26112,11157,11152,1.0
26113,11294,11152,2.0
26114,11296,11152,1.0
26115,12417,11152,1.0
26116,12570,11152,2.0
26117,12845,11152,1.0
26118,13841,11152,1.0
26119,14565,11152,1.0
26120,10027,9991,1.0
26121,11143,9991,1.0
26122,11999,9991,1.0
26123,10027,11323,1.0
26124,10181,11323,1.0
26125,10460,11323,1.0
26126,11038,11323,1.0
26127,11319,11323,2.0
26128,11884,11323,1.0
26129,12596,11323,1.0
26130,12597,11323,1.0
26131,12878,11323,1.0
26132,10028,10880,1.0
26133,10169,10880,1.0
26134,10597,10880,1.0
26135,10878,10880,1.0
26136,10996,10880,1.0
26137,11024,10880,1.0
26138,11729,10880,1.0
26139,10029,10178,1.0
26140,10463,10178,1.0
26141,10465,10178,3.0
26142,10608,10178,2.0
26143,11164,10178,2.0
26144,10029,10310,2.0
26145,10309,10310,2.0
26146,10451,10310,1.0
26147,10877,10310,2.0
26148,11454,10310,1.0
26149,10029,11304,1.0
26150,10312,11304,1.0
26151,10594,11304,1.0
26152,11020,11304,1.0
26153,11165,11304,1.0
26154,11305,11304,3.0
26155,11448,11304,1.0
26156,10029,11443,1.0
26157,10154,11443,1.0
26158,10171,11443,1.0
26159,10293,11443,1.0
26160,10453,11443,1.0
26161,10464,11443,1.0
26162,11017,11443,1.0
26163,11293,11443,1.0
26164,11301,11443,1.0
26165,11302,11443,2.0
26166,11442,11443,2.0
26167,11444,11443,1.0
26168,11583,11443,1.0
26169,11585,11443,7.0
26170,12011,11443,1.0
26171,12012,11443,1.0
26172,12289,11443,1.0
26173,12292,11443,1.0
26174,12569,11443,1.0
26175,12721,11443,1.0
26176,12723,11443,1.0
26177,15135,11443,1.0
26178,15282,11443,1.0
26179,10029,11575,1.0
26180,10171,11575,1.0
26181,10439,11575,1.0
26182,10990,11575,1.0
26183,11420,11575,1.0
26184,11436,11575,1.0
26185,11441,11575,1.0
26186,11442,11575,1.0
26187,11573,11575,1.0
26188,11576,11575,1.0
26189,11580,11575,1.0
26190,11718,11575,1.0
26191,11859,11575,1.0
26192,12001,11575,1.0
26193,12283,11575,1.0
26194,12567,11575,1.0
26195,12999,11575,1.0
26196,10029,11740,1.0
26197,10162,11740,1.0
26198,11031,11740,1.0
26199,11316,11740,1.0
26200,11451,11740,1.0
26201,11599,11740,3.0
26202,11600,11740,1.0
26203,11733,11740,1.0
26204,11742,11740,1.0
26205,11882,11740,2.0
26206,11884,11740,2.0
26207,11885,11740,1.0
26208,12022,11740,1.0
26209,12446,11740,2.0
26210,12452,11740,1.0
26211,12724,11740,1.0
26212,12740,11740,1.0
26213,13025,11740,2.0
26214,15141,11740,1.0
26215,10029,11867,2.0
26216,10165,11867,1.0
26217,11866,11867,1.0
26218,12291,11867,2.0
26219,12292,11867,2.0
26220,10029,12306,1.0
26221,10180,12306,1.0
26222,11584,12306,1.0
26223,11592,12306,1.0
26224,12020,12306,1.0
26225,12022,12306,1.0
26226,12024,12306,1.0
26227,12307,12306,1.0
26228,12308,12306,1.0
26229,12447,12306,5.0
26230,12448,12306,1.0
26231,12449,12306,1.0
26232,12457,12306,1.0
26233,12585,12306,1.0
26234,12590,12306,1.0
26235,12597,12306,1.0
26236,12601,12306,1.0
26237,12734,12306,1.0
26238,13157,12306,2.0
26239,10029,12590,1.0
26240,11322,12590,1.0
26241,11878,12590,1.0
26242,11882,12590,1.0
26243,12026,12590,5.0
26244,12303,12590,1.0
26245,12304,12590,2.0
26246,12306,12590,1.0
26247,12307,12590,1.0
26248,12442,12590,1.0
26249,12444,12590,1.0
26250,12446,12590,3.0
26251,12447,12590,1.0
26252,12448,12590,3.0
26253,12449,12590,3.0
26254,12450,12590,1.0
26255,12588,12590,2.0
26256,12589,12590,1.0
26257,12591,12590,3.0
26258,12732,12590,6.0
26259,12734,12590,4.0
26260,12735,12590,1.0
26261,12875,12590,5.0
26262,12876,12590,8.0
26263,13151,12590,1.0
26264,13167,12590,1.0
26265,13738,12590,1.0
26266,14992,12590,1.0
26267,10029,12715,1.0
26268,11028,12715,2.0
26269,11272,12715,1.0
26270,11426,12715,1.0
26271,11848,12715,1.0
26272,12011,12715,1.0
26273,12024,12715,1.0
26274,12290,12715,1.0
26275,12432,12715,1.0
26276,12572,12715,1.0
26277,12573,12715,1.0
26278,12720,12715,1.0
26279,12723,12715,1.0
26280,12857,12715,1.0
26281,12999,12715,1.0
26282,13000,12715,1.0
26283,13004,12715,2.0
26284,13145,12715,1.0
26285,15135,12715,1.0
26286,10029,13001,1.0
26287,11606,13001,1.0
26288,11865,13001,1.0
26289,12011,13001,1.0
26290,12293,13001,1.0
26291,12295,13001,1.0
26292,12724,13001,1.0
26293,12853,13001,1.0
26294,12858,13001,2.0
26295,12861,13001,1.0
26296,13000,13001,2.0
26297,13003,13001,2.0
26298,13010,13001,2.0
26299,13145,13001,1.0
26300,13432,13001,1.0
26301,13437,13001,2.0
26302,13716,13001,1.0
26303,10029,13017,1.0
26304,11303,13017,1.0
26305,11444,13017,1.0
26306,12588,13017,1.0
26307,12597,13017,1.0
26308,12876,13017,6.0
26309,12880,13017,1.0
26310,13016,13017,1.0
26311,13018,13017,1.0
26312,13157,13017,2.0
26313,13158,13017,1.0
26314,13161,13017,1.0
26315,13440,13017,2.0
26316,14010,13017,1.0
26317,14290,13017,1.0
26318,10029,13292,1.0
26319,10577,13292,1.0
26320,11446,13292,1.0
26321,12007,13292,1.0
26322,12720,13292,1.0
26323,12722,13292,1.0
26324,12724,13292,2.0
26325,12999,13292,1.0
26326,13143,13292,1.0
26327,13433,13292,1.0
26328,13434,13292,5.0
26329,13435,13292,1.0
26330,13713,13292,1.0
26331,13716,13292,1.0
26332,13717,13292,2.0
26333,13719,13292,1.0
26334,14000,13292,1.0
26335,14003,13292,1.0
26336,14998,13292,1.0
26337,15414,13292,1.0
26338,10029,13438,1.0
26339,11312,13438,1.0
26340,12310,13438,1.0
26341,12392,13438,1.0
26342,12725,13438,1.0
26343,12876,13438,1.0
26344,13007,13438,1.0
26345,13147,13438,1.0
26346,13292,13438,1.0
26347,13299,13438,1.0
26348,13434,13438,1.0
26349,13437,13438,1.0
26350,13440,13438,1.0
26351,13724,13438,1.0
26352,14012,13438,1.0
26353,14295,13438,1.0
26354,14306,13438,1.0
26355,14394,13438,1.0
26356,14704,13438,1.0
26357,15018,13438,1.0
26358,15570,13438,1.0
26359,16444,13438,1.0
26360,17854,13438,1.0
26361,10029,13716,1.0
26362,10289,13716,1.0
26363,11023,13716,1.0
26364,11159,13716,1.0
26365,11290,13716,1.0
26366,11446,13716,1.0
26367,11723,13716,1.0
26368,12445,13716,1.0
26369,12575,13716,1.0
26370,12579,13716,1.0
26371,12581,13716,2.0
26372,12587,13716,1.0
26373,12719,13716,1.0
26374,12723,13716,1.0
26375,12853,13716,1.0
26376,12869,13716,1.0
26377,13143,13716,2.0
26378,13146,13716,1.0
26379,13147,13716,1.0
26380,13151,13716,1.0
26381,13152,13716,1.0
26382,13287,13716,1.0
26383,13290,13716,2.0
26384,13431,13716,3.0
26385,13432,13716,3.0
26386,13433,13716,2.0
26387,13440,13716,1.0
26388,13714,13716,1.0
26389,13719,13716,1.0
26390,13722,13716,1.0
26391,13846,13716,1.0
26392,13855,13716,1.0
26393,13857,13716,3.0
26394,13858,13716,1.0
26395,13991,13716,1.0
26396,13998,13716,1.0
26397,14001,13716,1.0
26398,14006,13716,1.0
26399,14143,13716,1.0
26400,14278,13716,2.0
26401,14284,13716,1.0
26402,14422,13716,1.0
26403,14425,13716,1.0
26404,16690,13716,1.0
26405,10029,14012,1.0
26406,12025,14012,1.0
26407,12592,14012,1.0
26408,13157,14012,1.0
26409,13870,14012,1.0
26410,13878,14012,2.0
26411,13999,14012,1.0
26412,14009,14012,1.0
26413,14010,14012,3.0
26414,14013,14012,1.0
26415,14153,14012,1.0
26416,14154,14012,1.0
26417,14295,14012,7.0
26418,14296,14012,2.0
26419,16990,14012,1.0
26420,10029,14296,1.0
26421,11286,14296,1.0
26422,11449,14296,1.0
26423,11726,14296,1.0
26424,12591,14296,1.0
26425,12728,14296,1.0
26426,12739,14296,1.0
26427,12876,14296,1.0
26428,13158,14296,2.0
26429,13433,14296,2.0
26430,13440,14296,2.0
26431,13445,14296,1.0
26432,13456,14296,2.0
26433,13724,14296,2.0
26434,13726,14296,1.0
26435,13728,14296,1.0
26436,13864,14296,2.0
26437,13868,14296,4.0
26438,13871,14296,1.0
26439,13877,14296,1.0
26440,14009,14296,3.0
26441,14010,14296,1.0
26442,14014,14296,1.0
26443,14149,14296,2.0
26444,14150,14296,1.0
26445,14290,14296,1.0
26446,14292,14296,4.0
26447,14293,14296,1.0
26448,14295,14296,8.0
26449,14422,14296,1.0
26450,14569,14296,2.0
26451,14575,14296,2.0
26452,14738,14296,1.0
26453,15002,14296,4.0
26454,15426,14296,1.0
26455,17141,14296,2.0
26456,17318,14296,1.0
26457,17540,14296,1.0
26458,10029,14431,1.0
26459,11440,14431,1.0
26460,12599,14431,1.0
26461,13025,14431,1.0
26462,14007,14431,1.0
26463,14024,14431,1.0
26464,14150,14431,1.0
26465,14290,14431,1.0
26466,14292,14431,1.0
26467,14429,14431,1.0
26468,15001,14431,1.0
26469,15139,14431,2.0
26470,15141,14431,3.0
26471,10029,14989,1.0
26472,11444,14989,1.0
26473,14425,14989,1.0
26474,14986,14989,1.0
26475,14990,14989,1.0
26476,15131,14989,2.0
26477,15132,14989,2.0
26478,15136,14989,4.0
26479,10029,17382,2.0
26480,13419,17382,1.0
26481,15266,17382,1.0
26482,15822,17382,1.0
26483,16121,17382,1.0
26484,16688,17382,1.0
26485,16939,17382,1.0
26486,16940,17382,1.0
26487,17103,17382,1.0
26488,17240,17382,8.0
26489,17383,17382,2.0
26490,17808,17382,1.0
26491,10030,11313,1.0
26492,10459,11313,1.0
26493,11028,11313,1.0
26494,11170,11313,1.0
26495,11312,11313,1.0
26496,11315,11313,2.0
26497,11455,11313,1.0
26498,11457,11313,1.0
26499,11880,11313,1.0
26500,12022,11313,1.0
26501,10030,11869,1.0
26502,10993,11869,2.0
26503,11012,11869,1.0
26504,11303,11869,1.0
26505,11442,11869,1.0
26506,11586,11869,1.0
26507,11703,11869,1.0
26508,11717,11869,1.0
26509,11844,11869,3.0
26510,11873,11869,1.0
26511,11875,11869,1.0
26512,11883,11869,1.0
26513,12010,11869,2.0
26514,12011,11869,2.0
26515,12267,11869,1.0
26516,12298,11869,1.0
26517,12435,11869,2.0
26518,12436,11869,1.0
26519,12438,11869,1.0
26520,12445,11869,1.0
26521,12705,11869,1.0
26522,12717,11869,1.0
26523,12723,11869,1.0
26524,13998,11869,1.0
26525,10030,12582,1.0
26526,11163,12582,1.0
26527,11171,12582,1.0
26528,11445,12582,1.0
26529,11580,12582,2.0
26530,11725,12582,1.0
26531,11727,12582,1.0
26532,12008,12582,1.0
26533,12298,12582,2.0
26534,12299,12582,1.0
26535,12439,12582,4.0
26536,12440,12582,3.0
26537,12441,12582,1.0
26538,12581,12582,3.0
26539,12583,12582,1.0
26540,12721,12582,1.0
26541,12724,12582,2.0
26542,12728,12582,1.0
26543,12862,12582,1.0
26544,12866,12582,1.0
26545,13147,12582,3.0
26546,13300,12582,1.0
26547,13995,12582,1.0
26548,14404,12582,1.0
26549,14574,12582,1.0
26550,10030,13147,2.0
26551,10451,13147,3.0
26552,11861,13147,1.0
26553,12011,13147,1.0
26554,12028,13147,1.0
26555,12582,13147,1.0
26556,12869,13147,1.0
26557,13007,13147,1.0
26558,13146,13147,1.0
26559,13714,13147,1.0
26560,13720,13147,1.0
26561,10032,11025,1.0
26562,10313,11025,2.0
26563,10318,11025,1.0
26564,10451,11025,2.0
26565,10598,11025,1.0
26566,10882,11025,2.0
26567,11017,11025,1.0
26568,11023,11025,1.0
26569,11024,11025,1.0
26570,11171,11025,1.0
26571,11173,11025,1.0
26572,11446,11025,1.0
26573,11447,11025,1.0
26574,13021,11025,1.0
26575,10032,12007,1.0
26576,11028,12007,2.0
26577,11313,12007,1.0
26578,11586,12007,1.0
26579,11723,12007,1.0
26580,11725,12007,1.0
26581,11864,12007,2.0
26582,11865,12007,3.0
26583,11866,12007,1.0
26584,11868,12007,1.0
26585,11870,12007,1.0
26586,12011,12007,1.0
26587,12281,12007,1.0
26588,12285,12007,7.0
26589,12290,12007,1.0
26590,12291,12007,10.0
26591,12292,12007,2.0
26592,12293,12007,1.0
26593,12433,12007,1.0
26594,12575,12007,1.0
26595,12720,12007,1.0
26596,12728,12007,1.0
26597,12860,12007,2.0
26598,13006,12007,1.0
26599,13422,12007,1.0
26600,14426,12007,1.0
26601,17386,12007,1.0
26602,10033,10038,1.0
26603,10181,10038,2.0
26604,10603,10038,1.0
26605,11311,10038,1.0
26606,10033,10321,1.0
26607,10463,10321,7.0
26608,11159,10321,1.0
26609,11298,10321,1.0
26610,11602,10321,1.0
26611,11742,10321,1.0
26612,11887,10321,1.0
26613,12457,10321,1.0
26614,10034,11308,1.0
26615,10871,11308,1.0
26616,10889,11308,2.0
26617,11014,11308,1.0
26618,11028,11308,2.0
26619,11164,11308,2.0
26620,11170,11308,4.0
26621,11171,11308,2.0
26622,11305,11308,2.0
26623,11306,11308,1.0
26624,11309,11308,1.0
26625,11310,11308,1.0
26626,11442,11308,1.0
26627,11450,11308,3.0
26628,11452,11308,1.0
26629,11460,11308,2.0
26630,11591,11308,2.0
26631,12022,11308,1.0
26632,12028,11308,1.0
26633,12445,11308,1.0
26634,12446,11308,1.0
26635,13145,11308,1.0
26636,14426,11308,1.0
26637,10035,11744,1.0
26638,11171,11744,1.0
26639,11174,11744,1.0
26640,11177,11744,1.0
26641,11315,11744,3.0
26642,11459,11744,5.0
26643,11460,11744,1.0
26644,11580,11744,1.0
26645,11590,11744,1.0
26646,11598,11744,1.0
26647,11599,11744,2.0
26648,11600,11744,2.0
26649,11601,11744,4.0
26650,11602,11744,3.0
26651,11742,11744,1.0
26652,11743,11744,1.0
26653,11745,11744,5.0
26654,11882,11744,2.0
26655,11883,11744,1.0
26656,11884,11744,1.0
26657,11886,11744,1.0
26658,11887,11744,1.0
26659,12315,11744,4.0
26660,12447,11744,1.0
26661,14434,11744,1.0
26662,15735,11744,1.0
26663,15874,11744,1.0
26664,10036,11149,1.0
26665,10296,11149,2.0
26666,10309,11149,1.0
26667,10448,11149,2.0
26668,11011,11149,1.0
26669,11148,11149,1.0
26670,11288,11149,1.0
26671,11435,11149,1.0
26672,12001,11149,1.0
26673,12285,11149,1.0
26674,10036,11874,1.0
26675,11296,11874,4.0
26676,11446,11874,2.0
26677,11448,11874,1.0
26678,11450,11874,1.0
26679,11589,11874,1.0
26680,11590,11874,1.0
26681,11592,11874,3.0
26682,11599,11874,1.0
26683,11600,11874,1.0
26684,11732,11874,1.0
26685,11866,11874,1.0
26686,11875,11874,1.0
26687,12016,11874,1.0
26688,12017,11874,1.0
26689,12303,11874,1.0
26690,12452,11874,1.0
26691,12580,11874,1.0
26692,13156,11874,1.0
26693,14565,11874,1.0
26694,10036,21125,2.0
26695,20264,21125,1.0
26696,10037,11868,1.0
26697,11440,11868,1.0
26698,11584,11868,3.0
26699,11585,11868,1.0
26700,11590,11868,2.0
26701,11723,11868,2.0
26702,11727,11868,1.0
26703,11864,11868,1.0
26704,11865,11868,1.0
26705,11869,11868,3.0
26706,12006,11868,1.0
26707,12011,11868,1.0
26708,12014,11868,1.0
26709,12283,11868,1.0
26710,12294,11868,1.0
26711,12296,11868,1.0
26712,12575,11868,2.0
26713,12576,11868,1.0
26714,12841,11868,1.0
26715,12861,11868,1.0
26716,12989,11868,1.0
26717,12999,11868,1.0
26718,13145,11868,1.0
26719,13432,11868,1.0
26720,14267,11868,1.0
26721,14413,11868,2.0
26722,15685,11868,1.0
26723,15825,11868,1.0
26724,16091,11868,1.0
26725,10037,14561,1.0
26726,11148,14561,1.0
26727,13672,14561,1.0
26728,14118,14561,1.0
26729,14985,14561,1.0
26730,15961,14561,1.0
26731,10038,14409,1.0
26732,13689,14409,1.0
26733,13974,14409,2.0
26734,14266,14409,1.0
26735,14267,14409,2.0
26736,14408,14409,1.0
26737,14410,14409,4.0
26738,14413,14409,1.0
26739,14549,14409,2.0
26740,15116,14409,1.0
26741,10040,10182,3.0
26742,10324,10182,3.0
26743,10469,10182,2.0
26744,11461,10182,1.0
26745,11605,10182,1.0
26746,12588,10182,1.0
26747,10085,10092,1.0
26748,10137,10838,1.0
26749,10137,11278,1.0
26750,10148,11278,1.0
26751,10995,11278,1.0
26752,10999,11278,1.0
26753,11281,11278,3.0
26754,11704,11278,1.0
26755,20162,11278,1.0
26756,10137,15278,1.0
26757,12019,15278,1.0
26758,12824,15278,1.0
26759,13852,15278,1.0
26760,14286,15278,1.0
26761,14295,15278,2.0
26762,14296,15278,1.0
26763,14410,15278,3.0
26764,14426,15278,1.0
26765,14991,15278,1.0
26766,14994,15278,1.0
26767,15134,15278,2.0
26768,15136,15278,1.0
26769,15275,15278,1.0
26770,15419,15278,2.0
26771,15988,15278,1.0
26772,16981,15278,1.0
26773,10138,11035,1.0
26774,10604,11035,1.0
26775,10605,11035,3.0
26776,10892,11035,1.0
26777,10893,11035,2.0
26778,10894,11035,3.0
26779,11034,11035,4.0
26780,11036,11035,1.0
26781,11174,11035,1.0
26782,11176,11035,3.0
26783,11177,11035,2.0
26784,11178,11035,2.0
26785,11179,11035,1.0
26786,11180,11035,1.0
26787,11317,11035,1.0
26788,11320,11035,1.0
26789,11322,11035,2.0
26790,11448,11035,1.0
26791,11460,11035,1.0
26792,11462,11035,1.0
26793,11606,11035,2.0
26794,11741,11035,1.0
26795,11884,11035,1.0
26796,12028,11035,1.0
26797,12032,11035,1.0
26798,12310,11035,1.0
26799,12315,11035,2.0
26800,12597,11035,2.0
26801,12742,11035,1.0
26802,14289,11035,1.0
26803,10138,11420,1.0
26804,10853,11420,1.0
26805,11575,11420,1.0
26806,11704,11420,1.0
26807,11715,11420,1.0
26808,10138,11871,1.0
26809,11017,11871,1.0
26810,11443,11871,1.0
26811,11588,11871,1.0
26812,11861,11871,1.0
26813,11870,11871,5.0
26814,12013,11871,3.0
26815,12014,11871,1.0
26816,12016,11871,1.0
26817,12295,11871,1.0
26818,12296,11871,2.0
26819,12575,11871,1.0
26820,12720,11871,1.0
26821,12999,11871,2.0
26822,10139,9848,1.0
26823,10279,9848,1.0
26824,10568,9848,1.0
26825,10139,10988,2.0
26826,11585,10988,1.0
26827,10143,11746,1.0
26828,10467,11746,1.0
26829,11459,11746,1.0
26830,11461,11746,1.0
26831,11602,11746,1.0
26832,11604,11746,4.0
26833,11605,11746,2.0
26834,11738,11746,1.0
26835,11744,11746,1.0
26836,11747,11746,2.0
26837,11887,11746,1.0
26838,11888,11746,3.0
26839,12027,11746,2.0
26840,12028,11746,1.0
26841,12030,11746,4.0
26842,12032,11746,1.0
26843,12311,11746,1.0
26844,12314,11746,1.0
26845,12454,11746,1.0
26846,12456,11746,2.0
26847,12457,11746,2.0
26848,12576,11746,1.0
26849,12597,11746,1.0
26850,12727,11746,1.0
26851,13023,11746,1.0
26852,13024,11746,1.0
26853,13152,11746,2.0
26854,21544,11746,1.0
26855,10143,12014,1.0
26856,11455,12014,2.0
26857,11724,12014,1.0
26858,11872,12014,1.0
26859,12298,12014,5.0
26860,12440,12014,1.0
26861,12723,12014,1.0
26862,12729,12014,1.0
26863,13151,12014,2.0
26864,14993,12014,1.0
26865,15680,12014,1.0
26866,10143,13694,1.0
26867,11722,13694,1.0
26868,11853,13694,2.0
26869,11857,13694,1.0
26870,11859,13694,1.0
26871,12421,13694,1.0
26872,13407,13694,3.0
26873,13411,13694,1.0
26874,13690,13694,1.0
26875,13835,13694,5.0
26876,13845,13694,1.0
26877,13982,13694,1.0
26878,10143,15512,1.0
26879,13686,15512,1.0
26880,17083,15512,1.0
26881,10144,14531,1.0
26882,13105,14531,1.0
26883,13388,14531,1.0
26884,13393,14531,2.0
26885,13677,14531,3.0
26886,13678,14531,1.0
26887,13683,14531,1.0
26888,14105,14531,1.0
26889,14126,14531,2.0
26890,14244,14531,4.0
26891,14252,14531,1.0
26892,14267,14531,1.0
26893,14382,14531,2.0
26894,14384,14531,3.0
26895,14386,14531,4.0
26896,14392,14531,1.0
26897,14528,14531,1.0
26898,14538,14531,1.0
26899,14666,14531,1.0
26900,14671,14531,1.0
26901,14673,14531,2.0
26902,14674,14531,1.0
26903,14955,14531,1.0
26904,14959,14531,1.0
26905,15099,14531,1.0
26906,15105,14531,1.0
26907,15240,14531,1.0
26908,15241,14531,1.0
26909,15381,14531,1.0
26910,10144,15082,1.0
26911,12245,15082,6.0
26912,15084,15082,1.0
26913,10146,10434,1.0
26914,10149,10434,1.0
26915,10574,10434,1.0
26916,10575,10434,1.0
26917,10576,10434,6.0
26918,11143,10434,1.0
26919,11425,10434,2.0
26920,11567,10434,1.0
26921,11704,10434,1.0
26922,11705,10434,1.0
26923,13140,10434,1.0
26924,10146,10579,1.0
26925,10152,10579,1.0
26926,10285,10579,1.0
26927,10462,10579,2.0
26928,10578,10579,5.0
26929,10581,10579,1.0
26930,10859,10579,1.0
26931,10863,10579,1.0
26932,11002,10579,1.0
26933,11004,10579,1.0
26934,11143,10579,2.0
26935,10146,11567,1.0
26936,10434,11567,1.0
26937,10567,11567,1.0
26938,10569,11567,1.0
26939,11287,11567,2.0
26940,11290,11567,1.0
26941,11401,11567,1.0
26942,11426,11567,1.0
26943,11427,11567,2.0
26944,11562,11567,1.0
26945,11565,11567,3.0
26946,11566,11567,3.0
26947,11568,11567,1.0
26948,11704,11567,1.0
26949,11707,11567,3.0
26950,11994,11567,1.0
26951,11996,11567,2.0
26952,12273,11567,1.0
26953,12295,11567,1.0
26954,12527,11567,1.0
26955,13097,11567,1.0
26956,10146,12720,1.0
26957,10170,12720,1.0
26958,11446,12720,1.0
26959,11580,12720,1.0
26960,11875,12720,1.0
26961,11998,12720,1.0
26962,12010,12720,1.0
26963,12283,12720,1.0
26964,12288,12720,1.0
26965,12291,12720,1.0
26966,12293,12720,2.0
26967,12296,12720,3.0
26968,12434,12720,2.0
26969,12437,12720,1.0
26970,12448,12720,1.0
26971,12572,12720,1.0
26972,12575,12720,1.0
26973,12576,12720,2.0
26974,12579,12720,1.0
26975,12580,12720,1.0
26976,12707,12720,3.0
26977,12715,12720,2.0
26978,12716,12720,1.0
26979,12717,12720,2.0
26980,12719,12720,2.0
26981,12721,12720,7.0
26982,12722,12720,2.0
26983,13003,12720,2.0
26984,13142,12720,1.0
26985,13143,12720,1.0
26986,13150,12720,1.0
26987,13290,12720,1.0
26988,13424,12720,1.0
26989,13693,12720,1.0
26990,14130,12720,1.0
26991,14295,12720,1.0
26992,14559,12720,1.0
26993,15829,12720,1.0
26994,17814,12720,2.0
26995,10147,11707,1.0
26996,10170,11707,1.0
26997,10594,11707,1.0
26998,10853,11707,1.0
26999,11565,11707,3.0
27000,11566,11707,2.0
27001,11567,11707,4.0
27002,11703,11707,3.0
27003,11708,11707,1.0
27004,11839,11707,2.0
27005,12271,11707,1.0
27006,12273,11707,2.0
27007,12277,11707,2.0
27008,13419,11707,1.0
27009,10148,10276,1.0
27010,10148,12422,1.0
27011,10852,12422,1.0
27012,11580,12422,1.0
27013,11861,12422,1.0
27014,12989,12422,1.0
27015,14545,12422,1.0
27016,10148,12556,1.0
27017,10994,12556,1.0
27018,12272,12556,1.0
27019,13264,12556,2.0
27020,10148,15135,1.0
27021,10183,15135,1.0
27022,11443,15135,1.0
27023,11731,15135,1.0
27024,12447,15135,1.0
27025,12579,15135,2.0
27026,13004,15135,6.0
27027,13853,15135,1.0
27028,13979,15135,2.0
27029,13988,15135,1.0
27030,14021,15135,1.0
27031,14140,15135,3.0
27032,14280,15135,2.0
27033,14286,15135,1.0
27034,14425,15135,1.0
27035,14426,15135,4.0
27036,14427,15135,1.0
27037,14434,15135,1.0
27038,14564,15135,1.0
27039,14990,15135,1.0
27040,14992,15135,3.0
27041,14993,15135,3.0
27042,15132,15135,4.0
27043,15134,15135,5.0
27044,15139,15135,2.0
27045,15258,15135,1.0
27046,15272,15135,1.0
27047,15275,15135,4.0
27048,15277,15135,1.0
27049,15417,15135,4.0
27050,15419,15135,1.0
27051,15420,15135,2.0
27052,15545,15135,1.0
27053,15560,15135,1.0
27054,15680,15135,1.0
27055,15704,15135,1.0
27056,15845,15135,1.0
27057,15994,15135,1.0
27058,16386,15135,1.0
27059,10149,11281,1.0
27060,11135,11281,1.0
27061,11278,11281,2.0
27062,11282,11281,1.0
27063,11562,11281,2.0
27064,11566,11281,1.0
27065,12408,11281,1.0
27066,12567,11281,1.0
27067,10149,11684,1.0
27068,11117,11684,2.0
27069,11685,11684,1.0
27070,10149,12398,1.0
27071,10275,12398,1.0
27072,11994,12398,3.0
27073,13108,12398,1.0
27074,13393,12398,1.0
27075,10151,11289,1.0
27076,11005,11289,2.0
27077,11131,11289,1.0
27078,11287,11289,1.0
27079,12001,11289,1.0
27080,10151,13024,1.0
27081,11573,13024,1.0
27082,11575,13024,1.0
27083,11748,13024,1.0
27084,12028,13024,2.0
27085,12281,13024,1.0
27086,12457,13024,1.0
27087,12593,13024,2.0
27088,12733,13024,1.0
27089,12738,13024,1.0
27090,12739,13024,1.0
27091,12876,13024,2.0
27092,13011,13024,1.0
27093,13016,13024,1.0
27094,13156,13024,1.0
27095,13157,13024,1.0
27096,13169,13024,1.0
27097,13442,13024,3.0
27098,14297,13024,1.0
27099,14574,13024,1.0
27100,10152,10885,1.0
27101,10162,10885,1.0
27102,10152,12287,1.0
27103,11719,12287,1.0
27104,11722,12287,3.0
27105,11723,12287,1.0
27106,11861,12287,1.0
27107,12281,12287,1.0
27108,12286,12287,3.0
27109,12428,12287,1.0
27110,12999,12287,1.0
27111,13272,12287,1.0
27112,14977,12287,1.0
27113,15134,12287,1.0
27114,10154,11978,1.0
27115,10296,11978,1.0
27116,11835,11978,1.0
27117,11843,11978,1.0
27118,12972,11978,1.0
27119,13108,11978,1.0
27120,10154,12835,1.0
27121,11434,12835,1.0
27122,11518,12835,1.0
27123,11580,12835,1.0
27124,11702,12835,1.0
27125,12546,12835,2.0
27126,12569,12835,2.0
27127,12689,12835,1.0
27128,12692,12835,1.0
27129,12693,12835,3.0
27130,12694,12835,2.0
27131,12824,12835,6.0
27132,12826,12835,2.0
27133,12832,12835,1.0
27134,12974,12835,1.0
27135,12977,12835,1.0
27136,12978,12835,2.0
27137,12979,12835,1.0
27138,13119,12835,1.0
27139,13120,12835,3.0
27140,13123,12835,1.0
27141,13417,12835,2.0
27142,13820,12835,1.0
27143,13970,12835,1.0
27144,14252,12835,1.0
27145,14386,12835,1.0
27146,14693,12835,1.0
27147,15101,12835,1.0
27148,16964,12835,1.0
27149,17232,12835,1.0
27150,10154,13435,1.0
27151,13006,13435,1.0
27152,13152,13435,4.0
27153,13157,13435,1.0
27154,13294,13435,1.0
27155,13300,13435,1.0
27156,13434,13435,5.0
27157,13436,13435,1.0
27158,13437,13435,2.0
27159,13438,13435,1.0
27160,13440,13435,5.0
27161,13861,13435,1.0
27162,13985,13435,1.0
27163,14426,13435,3.0
27164,14429,13435,1.0
27165,14431,13435,1.0
27166,18992,13435,1.0
27167,10154,13995,2.0
27168,12582,13995,2.0
27169,13413,13995,1.0
27170,13719,13995,2.0
27171,13998,13995,2.0
27172,10154,15134,1.0
27173,12011,15134,3.0
27174,12287,15134,1.0
27175,12457,15134,1.0
27176,12458,15134,1.0
27177,12709,15134,1.0
27178,12851,15134,3.0
27179,13005,15134,1.0
27180,13298,15134,1.0
27181,13423,15134,1.0
27182,13725,15134,1.0
27183,13866,15134,1.0
27184,14280,15134,1.0
27185,14418,15134,3.0
27186,14426,15134,3.0
27187,14429,15134,2.0
27188,14443,15134,1.0
27189,14533,15134,1.0
27190,14566,15134,1.0
27191,14568,15134,1.0
27192,14701,15134,2.0
27193,14704,15134,1.0
27194,14706,15134,1.0
27195,14708,15134,5.0
27196,14709,15134,1.0
27197,14710,15134,2.0
27198,14985,15134,2.0
27199,14990,15134,3.0
27200,14992,15134,2.0
27201,14993,15134,1.0
27202,14994,15134,1.0
27203,15118,15134,4.0
27204,15131,15134,2.0
27205,15132,15134,2.0
27206,15133,15134,6.0
27207,15135,15134,8.0
27208,15136,15134,4.0
27209,15259,15134,1.0
27210,15272,15134,1.0
27211,15275,15134,2.0
27212,15276,15134,3.0
27213,15277,15134,8.0
27214,15278,15134,1.0
27215,15417,15134,3.0
27216,15418,15134,5.0
27217,15419,15134,2.0
27218,15559,15134,5.0
27219,15703,15134,1.0
27220,15979,15134,1.0
27221,16124,15134,3.0
27222,16525,15134,1.0
27223,16537,15134,1.0
27224,16542,15134,1.0
27225,16543,15134,1.0
27226,17141,15134,2.0
27227,17382,15134,1.0
27228,10154,15253,1.0
27229,14410,15253,1.0
27230,15254,15253,2.0
27231,15397,15253,1.0
27232,15680,15253,1.0
27233,10155,10439,1.0
27234,10295,10439,1.0
27235,10298,10439,1.0
27236,10578,10439,1.0
27237,10579,10439,1.0
27238,10581,10439,1.0
27239,10867,10439,1.0
27240,11146,10439,1.0
27241,11287,10439,1.0
27242,11574,10439,1.0
27243,11575,10439,1.0
27244,11719,10439,1.0
27245,11857,10439,1.0
27246,12283,10439,1.0
27247,10155,10824,1.0
27248,10540,10824,1.0
27249,10160,11431,1.0
27250,10586,11431,3.0
27251,10894,11431,1.0
27252,11293,11431,1.0
27253,11430,11431,1.0
27254,11433,11431,1.0
27255,11588,11431,1.0
27256,11715,11431,1.0
27257,12283,11431,1.0
27258,10160,11842,1.0
27259,10572,11842,1.0
27260,11414,11842,1.0
27261,11417,11842,1.0
27262,11568,11842,2.0
27263,11703,11842,2.0
27264,11839,11842,1.0
27265,11843,11842,1.0
27266,11983,11842,1.0
27267,12268,11842,2.0
27268,12400,11842,1.0
27269,12928,11842,1.0
27270,10160,15956,1.0
27271,16799,15956,2.0
27272,10161,9818,1.0
27273,10161,11884,1.0
27274,10462,11884,1.0
27275,11035,11884,1.0
27276,11320,11884,1.0
27277,11323,11884,1.0
27278,11461,11884,1.0
27279,11462,11884,2.0
27280,11740,11884,2.0
27281,11742,11884,1.0
27282,11743,11884,1.0
27283,11745,11884,2.0
27284,11883,11884,2.0
27285,11885,11884,2.0
27286,12307,11884,1.0
27287,12595,11884,1.0
27288,12879,11884,2.0
27289,13156,11884,2.0
27290,13444,11884,1.0
27291,10161,12274,1.0
27292,10569,12274,1.0
27293,11574,12274,1.0
27294,11853,12274,1.0
27295,11989,12274,1.0
27296,12271,12274,2.0
27297,12275,12274,1.0
27298,12276,12274,2.0
27299,12563,12274,2.0
27300,12701,12274,1.0
27301,13848,12274,2.0
27302,14252,12274,1.0
27303,17255,12274,1.0
27304,10162,10601,1.0
27305,10459,10601,1.0
27306,10460,10601,1.0
27307,11030,10601,1.0
27308,10162,13012,1.0
27309,11591,13012,1.0
27310,12018,13012,1.0
27311,12718,13012,1.0
27312,12723,13012,1.0
27313,12868,13012,1.0
27314,12869,13012,1.0
27315,12873,13012,1.0
27316,13011,13012,1.0
27317,13427,13012,1.0
27318,13440,13012,2.0
27319,17296,13012,1.0
27320,10163,10865,1.0
27321,10445,10865,1.0
27322,10580,10865,2.0
27323,10867,10865,3.0
27324,11147,10865,1.0
27325,10163,11441,1.0
27326,10606,11441,1.0
27327,10853,11441,1.0
27328,10872,11441,1.0
27329,11013,11441,1.0
27330,11014,11441,1.0
27331,11439,11441,1.0
27332,11451,11441,1.0
27333,11578,11441,1.0
27334,11582,11441,1.0
27335,11583,11441,2.0
27336,11584,11441,1.0
27337,12280,11441,1.0
27338,10163,13004,1.0
27339,10454,13004,1.0
27340,10455,13004,1.0
27341,11317,13004,2.0
27342,11870,13004,1.0
27343,12013,13004,1.0
27344,12292,13004,1.0
27345,12726,13004,1.0
27346,12845,13004,1.0
27347,12855,13004,1.0
27348,12862,13004,1.0
27349,12999,13004,1.0
27350,13003,13004,3.0
27351,13005,13004,1.0
27352,13009,13004,1.0
27353,13143,13004,1.0
27354,13144,13004,1.0
27355,13145,13004,1.0
27356,13146,13004,1.0
27357,13148,13004,1.0
27358,13430,13004,1.0
27359,13432,13004,1.0
27360,13707,13004,1.0
27361,13717,13004,1.0
27362,13999,13004,1.0
27363,14426,13004,1.0
27364,15135,13004,4.0
27365,15277,13004,1.0
27366,15845,13004,5.0
27367,10166,10167,3.0
27368,10168,10167,1.0
27369,10308,10167,1.0
27370,10312,10167,1.0
27371,10871,10167,1.0
27372,11299,10167,1.0
27373,11437,10167,1.0
27374,11705,10167,1.0
27375,10169,11455,1.0
27376,10304,11455,1.0
27377,10606,11455,1.0
27378,10875,11455,1.0
27379,11314,11455,1.0
27380,11317,11455,1.0
27381,11447,11455,1.0
27382,11451,11455,1.0
27383,11454,11455,2.0
27384,11456,11455,2.0
27385,11580,11455,2.0
27386,11591,11455,1.0
27387,11717,11455,1.0
27388,11878,11455,3.0
27389,12014,11455,2.0
27390,12306,11455,1.0
27391,12448,11455,2.0
27392,12737,11455,1.0
27393,10169,11726,1.0
27394,11162,11726,1.0
27395,11444,11726,3.0
27396,11584,11726,2.0
27397,12291,11726,1.0
27398,12449,11726,1.0
27399,12720,11726,1.0
27400,14014,11726,1.0
27401,10169,11887,1.0
27402,10321,11887,1.0
27403,11035,11887,1.0
27404,11174,11887,1.0
27405,11452,11887,1.0
27406,11459,11887,2.0
27407,11591,11887,1.0
27408,11600,11887,1.0
27409,11706,11887,1.0
27410,11743,11887,1.0
27411,11747,11887,1.0
27412,11883,11887,1.0
27413,11885,11887,1.0
27414,12015,11887,2.0
27415,12028,11887,1.0
27416,12029,11887,1.0
27417,12030,11887,1.0
27418,12309,11887,2.0
27419,12313,11887,1.0
27420,12448,11887,1.0
27421,12599,11887,1.0
27422,12733,11887,1.0
27423,12739,11887,1.0
27424,12841,11887,2.0
27425,10169,12316,1.0
27426,11606,12316,2.0
27427,12031,12316,1.0
27428,12315,12316,3.0
27429,12458,12316,1.0
27430,12600,12316,2.0
27431,12879,12316,1.0
27432,12885,12316,5.0
27433,10169,12435,1.0
27434,10993,12435,1.0
27435,11438,12435,1.0
27436,11588,12435,1.0
27437,11596,12435,1.0
27438,11868,12435,1.0
27439,11997,12435,1.0
27440,12009,12435,1.0
27441,12011,12435,2.0
27442,12275,12435,1.0
27443,12283,12435,1.0
27444,12434,12435,2.0
27445,12436,12435,1.0
27446,12437,12435,1.0
27447,12574,12435,1.0
27448,12576,12435,2.0
27449,12578,12435,1.0
27450,12581,12435,1.0
27451,12588,12435,1.0
27452,12694,12435,1.0
27453,12717,12435,2.0
27454,12721,12435,1.0
27455,12874,12435,1.0
27456,12999,12435,1.0
27457,13003,12435,1.0
27458,13143,12435,1.0
27459,13145,12435,1.0
27460,13422,12435,1.0
27461,14284,12435,2.0
27462,10169,12997,1.0
27463,11434,12997,1.0
27464,12288,12997,1.0
27465,12575,12997,1.0
27466,12711,12997,1.0
27467,12853,12997,1.0
27468,12991,12997,1.0
27469,12998,12997,1.0
27470,13418,12997,1.0
27471,13424,12997,4.0
27472,10169,13726,1.0
27473,11462,13726,1.0
27474,12445,13726,1.0
27475,12454,13726,1.0
27476,12456,13726,1.0
27477,12588,13726,1.0
27478,12593,13726,1.0
27479,13014,13726,2.0
27480,13442,13726,3.0
27481,13721,13726,1.0
27482,13725,13726,2.0
27483,13870,13726,1.0
27484,13871,13726,1.0
27485,14009,13726,1.0
27486,14010,13726,1.0
27487,14011,13726,2.0
27488,14012,13726,1.0
27489,14149,13726,2.0
27490,14153,13726,3.0
27491,14292,13726,2.0
27492,14297,13726,1.0
27493,14422,13726,1.0
27494,14433,13726,2.0
27495,14440,13726,3.0
27496,10170,10589,1.0
27497,10309,10589,1.0
27498,10447,10589,1.0
27499,10588,10589,2.0
27500,10590,10589,4.0
27501,10591,10589,3.0
27502,10872,10589,2.0
27503,11012,10589,2.0
27504,11014,10589,1.0
27505,11726,10589,1.0
27506,12434,10589,1.0
27507,12446,10589,1.0
27508,12718,10589,1.0
27509,12881,10589,1.0
27510,10170,11415,1.0
27511,11273,11415,2.0
27512,11274,11415,1.0
27513,11277,11415,1.0
27514,11416,11415,1.0
27515,11568,11415,1.0
27516,10170,12296,1.0
27517,11012,12296,1.0
27518,11587,12296,1.0
27519,11869,12296,1.0
27520,11871,12296,2.0
27521,12012,12296,2.0
27522,12013,12296,1.0
27523,12024,12296,1.0
27524,12290,12296,1.0
27525,12295,12296,3.0
27526,12297,12296,1.0
27527,12298,12296,1.0
27528,12438,12296,2.0
27529,12440,12296,1.0
27530,12446,12296,1.0
27531,12575,12296,1.0
27532,12579,12296,2.0
27533,12580,12296,1.0
27534,12717,12296,2.0
27535,12718,12296,3.0
27536,12719,12296,1.0
27537,12720,12296,2.0
27538,12721,12296,1.0
27539,12862,12296,1.0
27540,12863,12296,1.0
27541,12873,12296,2.0
27542,13000,12296,1.0
27543,14276,12296,1.0
27544,10170,12591,1.0
27545,10598,12591,1.0
27546,11433,12591,1.0
27547,11598,12591,1.0
27548,11732,12591,1.0
27549,11882,12591,1.0
27550,12024,12591,2.0
27551,12028,12591,1.0
27552,12296,12591,1.0
27553,12299,12591,2.0
27554,12305,12591,3.0
27555,12308,12591,1.0
27556,12446,12591,2.0
27557,12448,12591,3.0
27558,12449,12591,2.0
27559,12450,12591,2.0
27560,12451,12591,1.0
27561,12587,12591,2.0
27562,12588,12591,3.0
27563,12590,12591,6.0
27564,12723,12591,1.0
27565,12724,12591,1.0
27566,12732,12591,6.0
27567,12734,12591,2.0
27568,12736,12591,1.0
27569,12737,12591,1.0
27570,12875,12591,1.0
27571,13017,12591,1.0
27572,13021,12591,1.0
27573,13022,12591,1.0
27574,13023,12591,1.0
27575,13025,12591,1.0
27576,13157,12591,1.0
27577,13161,12591,3.0
27578,13165,12591,1.0
27579,14296,12591,2.0
27580,10170,12702,1.0
27581,12561,12702,1.0
27582,12701,12702,3.0
27583,10170,12876,1.0
27584,10879,12876,1.0
27585,11309,12876,1.0
27586,11457,12876,1.0
27587,12299,12876,2.0
27588,12448,12876,1.0
27589,12449,12876,1.0
27590,12451,12876,1.0
27591,12575,12876,3.0
27592,12590,12876,7.0
27593,12591,12876,1.0
27594,12717,12876,1.0
27595,12733,12876,1.0
27596,12734,12876,1.0
27597,12875,12876,2.0
27598,12878,12876,1.0
27599,13012,12876,1.0
27600,13014,12876,3.0
27601,13015,12876,1.0
27602,13017,12876,5.0
27603,13018,12876,2.0
27604,13024,12876,2.0
27605,13151,12876,2.0
27606,13298,12876,1.0
27607,13438,12876,1.0
27608,13855,12876,1.0
27609,13872,12876,1.0
27610,14152,12876,1.0
27611,14275,12876,2.0
27612,14296,12876,1.0
27613,15570,12876,1.0
27614,10170,13308,1.0
27615,10326,13308,1.0
27616,11028,13308,1.0
27617,12735,13308,1.0
27618,12882,13308,1.0
27619,13025,13308,1.0
27620,13458,13308,1.0
27621,13861,13308,1.0
27622,13868,13308,1.0
27623,14019,13308,1.0
27624,14290,13308,2.0
27625,14292,13308,1.0
27626,10170,13407,1.0
27627,11135,13407,1.0
27628,11285,13407,1.0
27629,12563,13407,1.0
27630,12978,13407,1.0
27631,13122,13407,2.0
27632,13264,13407,2.0
27633,13677,13407,1.0
27634,13690,13407,3.0
27635,13694,13407,1.0
27636,10171,10442,2.0
27637,10438,10442,2.0
27638,10441,10442,3.0
27639,10171,12866,1.0
27640,12011,12866,1.0
27641,12440,12866,1.0
27642,12720,12866,1.0
27643,12837,12866,1.0
27644,12859,12866,1.0
27645,13010,12866,2.0
27646,14000,12866,1.0
27647,14693,12866,1.0
27648,15277,12866,1.0
27649,15286,12866,1.0
27650,10175,11169,1.0
27651,11159,11169,1.0
27652,11168,11169,1.0
27653,10175,11314,1.0
27654,10323,11314,1.0
27655,10887,11314,1.0
27656,11022,11314,1.0
27657,11030,11314,1.0
27658,11034,11314,1.0
27659,11170,11314,1.0
27660,11172,11314,2.0
27661,11173,11314,1.0
27662,11174,11314,3.0
27663,11311,11314,1.0
27664,11313,11314,2.0
27665,11315,11314,3.0
27666,11316,11314,1.0
27667,11454,11314,1.0
27668,11455,11314,1.0
27669,11459,11314,1.0
27670,12588,11314,1.0
27671,13025,11314,1.0
27672,13871,11314,1.0
27673,10175,11973,1.0
27674,12275,11973,1.0
27675,10176,11170,2.0
27676,10180,11170,1.0
27677,10585,11170,1.0
27678,10606,11170,1.0
27679,10871,11170,1.0
27680,10894,11170,1.0
27681,11028,11170,1.0
27682,11032,11170,1.0
27683,11163,11170,1.0
27684,11171,11170,3.0
27685,11308,11170,3.0
27686,11311,11170,1.0
27687,11457,11170,1.0
27688,10179,16124,1.0
27689,12724,16124,1.0
27690,14123,16124,1.0
27691,14423,16124,1.0
27692,14986,16124,3.0
27693,15131,16124,1.0
27694,15134,16124,3.0
27695,16121,16124,1.0
27696,16547,16124,1.0
27697,16689,16124,1.0
27698,16969,16124,1.0
27699,10180,10322,1.0
27700,11029,10322,1.0
27701,11315,10322,2.0
27702,10180,12734,1.0
27703,11023,12734,1.0
27704,11312,12734,2.0
27705,11314,12734,1.0
27706,11451,12734,1.0
27707,12306,12734,1.0
27708,12590,12734,2.0
27709,12591,12734,2.0
27710,12733,12734,2.0
27711,12740,12734,3.0
27712,12871,12734,1.0
27713,12874,12734,2.0
27714,12875,12734,3.0
27715,12876,12734,2.0
27716,12952,12734,2.0
27717,13018,12734,1.0
27718,13022,12734,1.0
27719,13025,12734,1.0
27720,13155,12734,1.0
27721,13167,12734,1.0
27722,10180,13158,1.0
27723,11875,13158,1.0
27724,12028,13158,1.0
27725,13016,13158,5.0
27726,13017,13158,1.0
27727,13157,13158,1.0
27728,13298,13158,1.0
27729,13300,13158,2.0
27730,13724,13158,2.0
27731,14008,13158,1.0
27732,14274,13158,1.0
27733,14295,13158,1.0
27734,14296,13158,1.0
27735,15018,13158,1.0
27736,10180,14162,1.0
27737,11176,14162,1.0
27738,12458,14162,1.0
27739,14444,14162,1.0
27740,10252,8831,1.0
27741,10275,11544,1.0
27742,11835,11544,1.0
27743,12271,11544,1.0
27744,10282,11423,1.0
27745,11281,11423,1.0
27746,11282,11423,2.0
27747,11562,11423,6.0
27748,11565,11423,1.0
27749,11580,11423,1.0
27750,11708,11423,1.0
27751,12278,11423,1.0
27752,10282,11548,1.0
27753,10282,11994,1.0
27754,11850,11994,1.0
27755,12398,11994,3.0
27756,12419,11994,3.0
27757,10282,13237,1.0
27758,12245,13237,1.0
27759,12528,13237,2.0
27760,12667,13237,3.0
27761,12670,13237,2.0
27762,12810,13237,1.0
27763,12954,13237,1.0
27764,13665,13237,1.0
27765,10283,14119,1.0
27766,11710,14119,1.0
27767,13836,14119,1.0
27768,13967,14119,2.0
27769,14545,14119,1.0
27770,14685,14119,1.0
27771,10285,10997,1.0
27772,10427,10997,1.0
27773,10856,10997,1.0
27774,10995,10997,1.0
27775,10996,10997,1.0
27776,11138,10997,1.0
27777,11140,10997,3.0
27778,11143,10997,2.0
27779,12010,10997,1.0
27780,10285,11445,7.0
27781,11003,11445,1.0
27782,11586,11445,7.0
27783,12582,11445,1.0
27784,12859,11445,1.0
27785,10285,13392,1.0
27786,10563,13392,1.0
27787,10965,13392,1.0
27788,11956,13392,1.0
27789,12283,13392,1.0
27790,12594,13392,1.0
27791,12963,13392,2.0
27792,13108,13392,1.0
27793,13259,13392,1.0
27794,13388,13392,1.0
27795,13390,13392,2.0
27796,13393,13392,2.0
27797,13394,13392,1.0
27798,13396,13392,1.0
27799,13677,13392,2.0
27800,13687,13392,1.0
27801,14103,13392,4.0
27802,14386,13392,1.0
27803,14426,13392,1.0
27804,14534,13392,2.0
27805,14670,13392,2.0
27806,14959,13392,1.0
27807,10285,13393,1.0
27808,10856,13393,1.0
27809,10990,13393,1.0
27810,11107,13393,1.0
27811,11132,13393,1.0
27812,11544,13393,1.0
27813,12398,13393,1.0
27814,12548,13393,1.0
27815,12703,13393,1.0
27816,12952,13393,2.0
27817,12964,13393,2.0
27818,13390,13393,2.0
27819,13392,13393,1.0
27820,13401,13393,1.0
27821,13677,13393,6.0
27822,13678,13393,1.0
27823,13819,13393,2.0
27824,14116,13393,2.0
27825,14395,13393,1.0
27826,14531,13393,2.0
27827,15542,13393,2.0
27828,15683,13393,1.0
27829,15684,13393,1.0
27830,15822,13393,2.0
27831,15825,13393,1.0
27832,17255,13393,1.0
27833,17383,13393,2.0
27834,10285,13683,1.0
27835,11841,13683,1.0
27836,11844,13683,1.0
27837,12835,13683,1.0
27838,13677,13683,1.0
27839,13820,13683,2.0
27840,14252,13683,2.0
27841,14393,13683,1.0
27842,14531,13683,1.0
27843,10285,15836,1.0
27844,14268,15836,1.0
27845,15269,15836,1.0
27846,16547,15836,1.0
27847,16689,15836,2.0
27848,17255,15836,1.0
27849,10288,10428,2.0
27850,10568,10428,1.0
27851,11277,10428,2.0
27852,11566,10428,1.0
27853,11851,10428,1.0
27854,10288,15132,1.0
27855,12446,15132,1.0
27856,14276,15132,1.0
27857,14426,15132,2.0
27858,14563,15132,2.0
27859,14566,15132,1.0
27860,14710,15132,2.0
27861,14989,15132,2.0
27862,14990,15132,1.0
27863,15131,15132,4.0
27864,15134,15132,5.0
27865,15135,15132,3.0
27866,15144,15132,1.0
27867,15272,15132,2.0
27868,15419,15132,3.0
27869,15542,15132,1.0
27870,10289,10857,1.0
27871,10297,10857,2.0
27872,10853,10857,1.0
27873,11030,10857,2.0
27874,11136,10857,1.0
27875,11282,10857,2.0
27876,12542,10857,1.0
27877,10289,11995,1.0
27878,10574,11995,1.0
27879,10575,11995,1.0
27880,11576,11995,2.0
27881,11853,11995,3.0
27882,12269,11995,2.0
27883,12278,11995,1.0
27884,12291,11995,1.0
27885,12563,11995,1.0
27886,12969,11995,1.0
27887,13410,11995,3.0
27888,13689,11995,1.0
27889,10289,12827,1.0
27890,11983,12827,1.0
27891,12262,12827,1.0
27892,10290,12411,1.0
27893,13999,12411,1.0
27894,10291,14996,2.0
27895,15272,14996,1.0
27896,10294,10999,1.0
27897,10433,10999,2.0
27898,11278,10999,1.0
27899,11285,10999,1.0
27900,10294,12012,1.0
27901,10608,12012,1.0
27902,11583,12012,1.0
27903,11741,12012,1.0
27904,12004,12012,1.0
27905,12010,12012,1.0
27906,12011,12012,1.0
27907,12293,12012,1.0
27908,12296,12012,2.0
27909,12577,12012,1.0
27910,12599,12012,1.0
27911,12717,12012,3.0
27912,12720,12012,1.0
27913,12724,12012,1.0
27914,12866,12012,1.0
27915,13146,12012,1.0
27916,13147,12012,1.0
27917,10294,12567,1.0
27918,11281,12567,1.0
27919,12001,12567,1.0
27920,12433,12567,1.0
27921,12448,12567,1.0
27922,12548,12567,1.0
27923,12703,12567,1.0
27924,12987,12567,1.0
27925,14700,12567,1.0
27926,15134,12567,1.0
27927,10296,12597,1.0
27928,10424,12597,1.0
27929,11035,12597,1.0
27930,11460,12597,1.0
27931,11462,12597,2.0
27932,12025,12597,3.0
27933,12026,12597,2.0
27934,12028,12597,1.0
27935,12030,12597,1.0
27936,12306,12597,1.0
27937,12310,12597,1.0
27938,12312,12597,1.0
27939,12450,12597,1.0
27940,12454,12597,3.0
27941,12455,12597,1.0
27942,12456,12597,1.0
27943,12585,12597,1.0
27944,12591,12597,1.0
27945,12592,12597,1.0
27946,12594,12597,2.0
27947,12595,12597,1.0
27948,12596,12597,1.0
27949,12598,12597,1.0
27950,12599,12597,1.0
27951,12738,12597,1.0
27952,12739,12597,3.0
27953,12740,12597,2.0
27954,12741,12597,2.0
27955,12742,12597,1.0
27956,12875,12597,1.0
27957,12878,12597,1.0
27958,13020,12597,1.0
27959,13156,12597,1.0
27960,13167,12597,1.0
27961,14738,12597,2.0
27962,15015,12597,1.0
27963,10296,13720,3.0
27964,12861,13720,3.0
27965,13143,13720,1.0
27966,13443,13720,1.0
27967,13719,13720,3.0
27968,13721,13720,2.0
27969,16418,13720,3.0
27970,10297,14127,1.0
27971,11870,14127,1.0
27972,14280,14127,1.0
27973,10297,21013,2.0
27974,19006,21013,1.0
27975,20021,21013,1.0
27976,20305,21013,1.0
27977,20871,21013,2.0
27978,10298,10590,2.0
27979,10301,10590,1.0
27980,10449,10590,1.0
27981,10450,10590,2.0
27982,10582,10590,1.0
27983,10587,10590,1.0
27984,10588,10590,1.0
27985,10589,10590,3.0
27986,10593,10590,1.0
27987,10595,10590,1.0
27988,10872,10590,1.0
27989,10875,10590,2.0
27990,11159,10590,1.0
27991,11437,10590,3.0
27992,11983,10590,1.0
27993,12845,10590,1.0
27994,10298,12396,1.0
27995,11580,12396,1.0
27996,12276,12396,1.0
27997,10299,11584,1.0
27998,10449,11584,1.0
27999,11441,11584,1.0
28000,11442,11584,3.0
28001,11443,11584,2.0
28002,11582,11584,1.0
28003,11583,11584,1.0
28004,11585,11584,2.0
28005,11599,11584,1.0
28006,11726,11584,4.0
28007,11880,11584,1.0
28008,12011,11584,2.0
28009,12290,11584,1.0
28010,12299,11584,1.0
28011,12447,11584,1.0
28012,12730,11584,1.0
28013,12870,11584,1.0
28014,13422,11584,2.0
28015,14693,11584,1.0
28016,18409,11584,2.0
28017,10302,11452,1.0
28018,10449,11452,2.0
28019,10587,11452,1.0
28020,11167,11452,1.0
28021,11453,11452,3.0
28022,11455,11452,1.0
28023,11457,11452,1.0
28024,11595,11452,1.0
28025,11596,11452,1.0
28026,11601,11452,1.0
28027,11878,11452,3.0
28028,11879,11452,2.0
28029,11887,11452,1.0
28030,12020,11452,1.0
28031,12022,11452,1.0
28032,12024,11452,1.0
28033,12306,11452,1.0
28034,13298,11452,1.0
28035,14708,11452,1.0
28036,10302,12003,1.0
28037,10598,12003,1.0
28038,11157,12003,2.0
28039,11573,12003,1.0
28040,12277,12003,1.0
28041,12308,12003,1.0
28042,12428,12003,1.0
28043,12568,12003,1.0
28044,12720,12003,1.0
28045,12859,12003,1.0
28046,13711,12003,1.0
28047,13847,12003,1.0
28048,13861,12003,1.0
28049,14592,12003,1.0
28050,10302,12028,1.0
28051,11035,12028,1.0
28052,11586,12028,1.0
28053,11593,12028,1.0
28054,11599,12028,1.0
28055,11742,12028,2.0
28056,11744,12028,1.0
28057,11745,12028,1.0
28058,11885,12028,3.0
28059,12027,12028,2.0
28060,12309,12028,1.0
28061,12310,12028,2.0
28062,12312,12028,1.0
28063,12313,12028,2.0
28064,12314,12028,1.0
28065,12449,12028,1.0
28066,12450,12028,3.0
28067,12451,12028,2.0
28068,12454,12028,1.0
28069,12594,12028,2.0
28070,12597,12028,3.0
28071,12599,12028,3.0
28072,12732,12028,3.0
28073,13024,12028,2.0
28074,13147,12028,1.0
28075,13158,12028,1.0
28076,13167,12028,1.0
28077,13738,12028,1.0
28078,13877,12028,1.0
28079,18852,12028,1.0
28080,10304,11303,1.0
28081,10305,11303,1.0
28082,11446,11303,2.0
28083,11588,11303,2.0
28084,11869,11303,2.0
28085,10304,15113,1.0
28086,12724,15113,1.0
28087,14263,15113,1.0
28088,14689,15113,2.0
28089,14972,15113,3.0
28090,15257,15113,1.0
28091,15397,15113,1.0
28092,17108,15113,2.0
28093,10304,16803,1.0
28094,11699,16803,1.0
28095,12556,16803,1.0
28096,12872,16803,1.0
28097,16944,16803,2.0
28098,10307,10421,2.0
28099,11036,10421,1.0
28100,10307,11449,1.0
28101,10871,11449,1.0
28102,10882,11449,1.0
28103,11154,11449,1.0
28104,11164,11449,1.0
28105,11168,11449,1.0
28106,11306,11449,1.0
28107,11315,11449,1.0
28108,11591,11449,2.0
28109,11597,11449,1.0
28110,12299,11449,1.0
28111,12590,11449,1.0
28112,12724,11449,1.0
28113,14592,11449,1.0
28114,17255,11449,1.0
28115,10311,12739,1.0
28116,10467,12739,1.0
28117,11036,12739,1.0
28118,11171,12739,1.0
28119,11179,12739,2.0
28120,11320,12739,1.0
28121,11457,12739,2.0
28122,11460,12739,1.0
28123,11461,12739,2.0
28124,11588,12739,1.0
28125,11603,12739,2.0
28126,11746,12739,1.0
28127,11879,12739,1.0
28128,11884,12739,1.0
28129,11885,12739,1.0
28130,11888,12739,1.0
28131,12025,12739,3.0
28132,12032,12739,1.0
28133,12303,12739,1.0
28134,12312,12739,1.0
28135,12316,12739,4.0
28136,12443,12739,1.0
28137,12446,12739,3.0
28138,12450,12739,1.0
28139,12453,12739,1.0
28140,12458,12739,2.0
28141,12587,12739,1.0
28142,12595,12739,1.0
28143,12596,12739,1.0
28144,12597,12739,5.0
28145,12598,12739,1.0
28146,12599,12739,1.0
28147,12600,12739,1.0
28148,12727,12739,1.0
28149,12735,12739,1.0
28150,12740,12739,1.0
28151,12742,12739,1.0
28152,12879,12739,1.0
28153,13156,12739,2.0
28154,13167,12739,2.0
28155,13725,12739,1.0
28156,13729,12739,1.0
28157,13737,12739,1.0
28158,13878,12739,1.0
28159,14014,12739,1.0
28160,14429,12739,1.0
28161,15024,12739,1.0
28162,16991,12739,2.0
28163,18597,12739,2.0
28164,10311,13706,1.0
28165,11857,13706,1.0
28166,12996,13706,1.0
28167,12999,13706,1.0
28168,13000,13706,3.0
28169,13422,13706,1.0
28170,13704,13706,1.0
28171,13848,13706,1.0
28172,13987,13706,1.0
28173,14130,13706,1.0
28174,14954,13706,1.0
28175,15255,13706,1.0
28176,15269,13706,1.0
28177,15416,13706,1.0
28178,15831,13706,1.0
28179,10312,12743,1.0
28180,11036,12743,1.0
28181,11880,12743,1.0
28182,11886,12743,1.0
28183,12316,12743,1.0
28184,12457,12743,1.0
28185,12458,12743,1.0
28186,12600,12743,2.0
28187,12601,12743,1.0
28188,12741,12743,1.0
28189,12742,12743,2.0
28190,13028,12743,1.0
28191,13446,12743,1.0
28192,13737,12743,1.0
28193,10318,10611,2.0
28194,10325,10611,1.0
28195,10326,10611,1.0
28196,10467,10611,1.0
28197,10468,10611,1.0
28198,10469,10611,1.0
28199,10610,10611,2.0
28200,10894,10611,1.0
28201,11886,10611,2.0
28202,10319,10599,1.0
28203,10598,10599,4.0
28204,11594,10599,2.0
28205,13300,10599,1.0
28206,10319,13317,1.0
28207,12586,13317,1.0
28208,13392,13317,1.0
28209,14013,13317,1.0
28210,10320,10319,1.0
28211,10453,10319,1.0
28212,10461,10319,1.0
28213,10463,10319,1.0
28214,10892,10319,1.0
28215,11023,10319,1.0
28216,11024,10319,2.0
28217,11459,10319,1.0
28218,13317,10319,1.0
28219,10321,11602,1.0
28220,10325,11602,1.0
28221,10609,11602,1.0
28222,11028,11602,2.0
28223,11315,11602,1.0
28224,11316,11602,2.0
28225,11320,11602,1.0
28226,11433,11602,2.0
28227,11457,11602,3.0
28228,11458,11602,3.0
28229,11459,11602,1.0
28230,11460,11602,2.0
28231,11461,11602,1.0
28232,11599,11602,1.0
28233,11600,11602,1.0
28234,11601,11602,2.0
28235,11604,11602,2.0
28236,11742,11602,4.0
28237,11743,11602,1.0
28238,11744,11602,3.0
28239,11745,11602,3.0
28240,11746,11602,1.0
28241,11886,11602,2.0
28242,11998,11602,1.0
28243,12025,11602,1.0
28244,12457,11602,1.0
28245,12595,11602,1.0
28246,12599,11602,3.0
28247,12741,11602,1.0
28248,13014,11602,1.0
28249,13299,11602,3.0
28250,13309,11602,2.0
28251,14153,11602,2.0
28252,10321,11742,1.0
28253,11024,11742,1.0
28254,11031,11742,1.0
28255,11171,11742,1.0
28256,11174,11742,2.0
28257,11286,11742,1.0
28258,11318,11742,1.0
28259,11447,11742,1.0
28260,11450,11742,1.0
28261,11457,11742,1.0
28262,11459,11742,2.0
28263,11460,11742,1.0
28264,11462,11742,1.0
28265,11598,11742,2.0
28266,11599,11742,2.0
28267,11600,11742,3.0
28268,11601,11742,3.0
28269,11602,11742,7.0
28270,11605,11742,1.0
28271,11741,11742,2.0
28272,11743,11742,1.0
28273,11744,11742,2.0
28274,11748,11742,1.0
28275,11875,11742,1.0
28276,11883,11742,2.0
28277,11884,11742,1.0
28278,11885,11742,4.0
28279,12024,11742,1.0
28280,12028,11742,2.0
28281,12307,11742,1.0
28282,12454,11742,1.0
28283,12586,11742,1.0
28284,12596,11742,1.0
28285,12728,11742,1.0
28286,12740,11742,1.0
28287,13309,11742,1.0
28288,16830,11742,1.0
28289,10324,11180,3.0
28290,10468,11180,1.0
28291,11178,11180,1.0
28292,10324,11595,1.0
28293,11452,11595,1.0
28294,11596,11595,2.0
28295,11597,11595,5.0
28296,11876,11595,1.0
28297,11878,11595,1.0
28298,14711,11595,1.0
28299,10324,11605,1.0
28300,10610,11605,1.0
28301,11178,11605,1.0
28302,11319,11605,2.0
28303,11456,11605,1.0
28304,11457,11605,1.0
28305,11460,11605,1.0
28306,11464,11605,2.0
28307,11603,11605,1.0
28308,11604,11605,1.0
28309,11606,11605,1.0
28310,11744,11605,2.0
28311,11745,11605,4.0
28312,11746,11605,2.0
28313,11747,11605,3.0
28314,11748,11605,1.0
28315,12025,11605,1.0
28316,12277,11605,1.0
28317,12599,11605,2.0
28318,12725,11605,2.0
28319,12741,11605,2.0
28320,13456,11605,2.0
28321,10325,11317,1.0
28322,10889,11317,1.0
28323,10892,11317,1.0
28324,11035,11317,1.0
28325,11131,11317,2.0
28326,11174,11317,2.0
28327,11176,11317,1.0
28328,11315,11317,1.0
28329,11316,11317,5.0
28330,11319,11317,2.0
28331,11455,11317,1.0
28332,11743,11317,1.0
28333,11745,11317,2.0
28334,12444,11317,1.0
28335,12452,11317,2.0
28336,12596,11317,1.0
28337,10325,14724,2.0
28338,14726,14724,1.0
28339,10379,10230,1.0
28340,10383,10128,4.0
28341,10419,12729,1.0
28342,11033,12729,1.0
28343,11742,12729,1.0
28344,12020,12729,1.0
28345,12304,12729,1.0
28346,12445,12729,3.0
28347,12587,12729,2.0
28348,12727,12729,1.0
28349,12868,12729,1.0
28350,12869,12729,1.0
28351,12871,12729,1.0
28352,13298,12729,1.0
28353,13436,12729,1.0
28354,13437,12729,1.0
28355,10419,13741,1.0
28356,11599,13741,1.0
28357,12025,13741,1.0
28358,12872,13741,1.0
28359,13167,13741,2.0
28360,13312,13741,1.0
28361,13313,13741,1.0
28362,13454,13741,2.0
28363,13457,13741,1.0
28364,13740,13741,1.0
28365,13884,13741,1.0
28366,10423,11130,1.0
28367,10990,11130,1.0
28368,11273,11130,2.0
28369,11556,11130,1.0
28370,11835,11130,1.0
28371,10424,13267,1.0
28372,12982,13267,1.0
28373,10426,11425,1.0
28374,10434,11425,3.0
28375,11142,11425,1.0
28376,11872,11425,1.0
28377,12419,11425,1.0
28378,13855,11425,1.0
28379,10429,12261,1.0
28380,10430,13845,1.0
28381,11580,13845,1.0
28382,13693,13845,1.0
28383,13984,13845,1.0
28384,13985,13845,1.0
28385,14126,13845,1.0
28386,14269,13845,1.0
28387,14402,13845,1.0
28388,14412,13845,1.0
28389,14689,13845,1.0
28390,15122,13845,1.0
28391,15272,13845,2.0
28392,15396,13845,1.0
28393,10433,10577,1.0
28394,10567,10577,2.0
28395,10573,10577,2.0
28396,10576,10577,1.0
28397,10579,10577,1.0
28398,10996,10577,1.0
28399,11698,10577,1.0
28400,11700,10577,1.0
28401,11701,10577,3.0
28402,11841,10577,1.0
28403,11988,10577,1.0
28404,13292,10577,1.0
28405,10433,11272,1.0
28406,10896,11272,1.0
28407,11127,11272,1.0
28408,11128,11272,1.0
28409,11131,11272,2.0
28410,11273,11272,6.0
28411,11275,11272,2.0
28412,11277,11272,1.0
28413,11302,11272,1.0
28414,11414,11272,6.0
28415,11416,11272,1.0
28416,11543,11272,1.0
28417,11697,11272,1.0
28418,11698,11272,1.0
28419,11701,11272,1.0
28420,12410,11272,2.0
28421,13410,11272,4.0
28422,10434,13142,1.0
28423,12292,13142,1.0
28424,12720,13142,1.0
28425,12857,13142,1.0
28426,15560,13142,1.0
28427,10434,15121,1.0
28428,13290,15121,1.0
28429,14130,15121,1.0
28430,14980,15121,2.0
28431,15257,15121,1.0
28432,15547,15121,1.0
28433,15680,15121,1.0
28434,15831,15121,1.0
28435,15978,15121,1.0
28436,16688,15121,1.0
28437,10435,12437,1.0
28438,11171,12437,1.0
28439,11444,12437,1.0
28440,11446,12437,2.0
28441,12281,12437,1.0
28442,12294,12437,1.0
28443,12295,12437,2.0
28444,12305,12437,1.0
28445,12432,12437,1.0
28446,12435,12437,1.0
28447,12579,12437,5.0
28448,12581,12437,2.0
28449,14014,12437,1.0
28450,14552,12437,1.0
28451,14707,12437,2.0
28452,15123,12437,1.0
28453,15135,12437,1.0
28454,16689,12437,1.0
28455,10435,12815,1.0
28456,12569,12815,2.0
28457,12668,12815,1.0
28458,10444,11438,1.0
28459,10587,11438,1.0
28460,10867,11438,2.0
28461,10873,11438,1.0
28462,10892,11438,1.0
28463,11012,11438,1.0
28464,11015,11438,1.0
28465,11018,11438,1.0
28466,11155,11438,1.0
28467,11297,11438,4.0
28468,11585,11438,1.0
28469,11718,11438,2.0
28470,12009,11438,1.0
28471,10445,11851,1.0
28472,10572,11851,1.0
28473,11704,11851,1.0
28474,11711,11851,1.0
28475,12275,11851,1.0
28476,12276,11851,1.0
28477,12703,11851,1.0
28478,12845,11851,1.0
28479,10448,11589,1.0
28480,11022,11589,1.0
28481,11448,11589,2.0
28482,11585,11589,1.0
28483,11588,11589,7.0
28484,11590,11589,3.0
28485,11729,11589,1.0
28486,11731,11589,2.0
28487,11869,11589,1.0
28488,11880,11589,1.0
28489,12001,11589,1.0
28490,12009,11589,1.0
28491,12018,11589,1.0
28492,12281,11589,1.0
28493,12298,11589,1.0
28494,12299,11589,1.0
28495,12723,11589,4.0
28496,12725,11589,1.0
28497,12738,11589,1.0
28498,13003,11589,1.0
28499,14412,11589,1.0
28500,17974,11589,1.0
28501,10449,10179,1.0
28502,10607,10179,2.0
28503,10608,10179,1.0
28504,10889,10179,1.0
28505,10893,10179,1.0
28506,11014,10179,1.0
28507,11175,10179,1.0
28508,16124,10179,1.0
28509,10455,11594,1.0
28510,10599,11594,2.0
28511,11026,11594,1.0
28512,11312,11594,1.0
28513,11416,11594,1.0
28514,11450,11594,1.0
28515,11452,11594,1.0
28516,11457,11594,2.0
28517,11588,11594,1.0
28518,11591,11594,3.0
28519,11593,11594,1.0
28520,11596,11594,2.0
28521,11601,11594,1.0
28522,11735,11594,1.0
28523,11736,11594,1.0
28524,11876,11594,1.0
28525,11878,11594,7.0
28526,11880,11594,3.0
28527,11998,11594,1.0
28528,12016,11594,2.0
28529,12022,11594,3.0
28530,12024,11594,1.0
28531,12587,11594,1.0
28532,12589,11594,2.0
28533,13016,11594,1.0
28534,13156,11594,2.0
28535,13437,11594,1.0
28536,14296,11594,1.0
28537,14437,11594,1.0
28538,10455,13761,1.0
28539,17854,13761,1.0
28540,10455,14002,1.0
28541,11844,14002,1.0
28542,13146,14002,1.0
28543,13443,14002,1.0
28544,14427,14002,2.0
28545,10455,17271,1.0
28546,16139,17271,1.0
28547,16987,17271,1.0
28548,10460,11591,1.0
28549,10606,11591,1.0
28550,11307,11591,1.0
28551,11308,11591,1.0
28552,11449,11591,2.0
28553,11450,11591,6.0
28554,11451,11591,1.0
28555,11455,11591,1.0
28556,11592,11591,4.0
28557,11593,11591,1.0
28558,11594,11591,2.0
28559,11598,11591,2.0
28560,11730,11591,1.0
28561,11733,11591,2.0
28562,11875,11591,2.0
28563,11885,11591,1.0
28564,11887,11591,1.0
28565,12308,11591,2.0
28566,12441,11591,4.0
28567,13012,11591,1.0
28568,13014,11591,1.0
28569,10460,12599,1.0
28570,10608,12599,1.0
28571,11460,12599,2.0
28572,11462,12599,1.0
28573,11580,12599,1.0
28574,11594,12599,1.0
28575,11602,12599,2.0
28576,11718,12599,4.0
28577,11885,12599,1.0
28578,11886,12599,1.0
28579,12028,12599,3.0
28580,12031,12599,1.0
28581,12312,12599,1.0
28582,12315,12599,4.0
28583,12316,12599,1.0
28584,12455,12599,1.0
28585,12456,12599,1.0
28586,12457,12599,3.0
28587,12594,12599,2.0
28588,12598,12599,2.0
28589,12600,12599,2.0
28590,12739,12599,3.0
28591,12740,12599,2.0
28592,12741,12599,1.0
28593,12742,12599,6.0
28594,12743,12599,1.0
28595,12884,12599,4.0
28596,12885,12599,2.0
28597,13024,12599,1.0
28598,13313,12599,1.0
28599,14410,12599,1.0
28600,18029,12599,1.0
28601,10461,12884,1.0
28602,11594,12884,1.0
28603,11744,12884,1.0
28604,12031,12884,1.0
28605,12297,12884,1.0
28606,12456,12884,2.0
28607,12457,12884,1.0
28608,12458,12884,2.0
28609,12598,12884,2.0
28610,12599,12884,6.0
28611,12600,12884,2.0
28612,12601,12884,1.0
28613,12727,12884,1.0
28614,12739,12884,1.0
28615,13022,12884,1.0
28616,13027,12884,2.0
28617,10463,12452,1.0
28618,10887,12452,1.0
28619,11600,12452,1.0
28620,11727,12452,1.0
28621,11740,12452,1.0
28622,11883,12452,1.0
28623,11886,12452,1.0
28624,12025,12452,1.0
28625,12027,12452,1.0
28626,12306,12452,1.0
28627,12309,12452,2.0
28628,12310,12452,3.0
28629,12449,12452,2.0
28630,12453,12452,2.0
28631,12454,12452,2.0
28632,12735,12452,1.0
28633,12737,12452,2.0
28634,12742,12452,1.0
28635,12878,12452,3.0
28636,12879,12452,1.0
28637,13004,12452,2.0
28638,13736,12452,2.0
28639,14302,12452,1.0
28640,15023,12452,3.0
28641,15140,12452,1.0
28642,15454,12452,1.0
28643,10466,12304,1.0
28644,11322,12304,1.0
28645,11456,12304,1.0
28646,11459,12304,1.0
28647,11460,12304,1.0
28648,11591,12304,1.0
28649,11594,12304,1.0
28650,11859,12304,1.0
28651,12021,12304,1.0
28652,12023,12304,1.0
28653,12024,12304,1.0
28654,12296,12304,1.0
28655,12450,12304,3.0
28656,12739,12304,1.0
28657,13010,12304,1.0
28658,14413,12304,1.0
28659,10467,12598,1.0
28660,11024,12598,1.0
28661,11029,12598,1.0
28662,11034,12598,1.0
28663,11598,12598,1.0
28664,11604,12598,1.0
28665,11885,12598,1.0
28666,11887,12598,1.0
28667,12312,12598,3.0
28668,12315,12598,2.0
28669,12451,12598,2.0
28670,12455,12598,1.0
28671,12456,12598,1.0
28672,12458,12598,2.0
28673,12593,12598,1.0
28674,12596,12598,1.0
28675,12597,12598,1.0
28676,12735,12598,1.0
28677,12737,12598,1.0
28678,12740,12598,1.0
28679,12741,12598,2.0
28680,12878,12598,2.0
28681,12882,12598,1.0
28682,12884,12598,2.0
28683,13007,12598,1.0
28684,13020,12598,1.0
28685,13736,12598,2.0
28686,14008,12598,1.0
28687,14021,12598,1.0
28688,14292,12598,1.0
28689,14297,12598,1.0
28690,14596,12598,1.0
28691,10467,13167,2.0
28692,10889,13167,1.0
28693,11318,13167,1.0
28694,11885,13167,1.0
28695,11886,13167,1.0
28696,12028,13167,1.0
28697,12306,13167,1.0
28698,12445,13167,1.0
28699,12455,13167,1.0
28700,12595,13167,1.0
28701,12597,13167,1.0
28702,12599,13167,1.0
28703,12734,13167,1.0
28704,12738,13167,1.0
28705,12739,13167,1.0
28706,12740,13167,1.0
28707,13016,13167,1.0
28708,13018,13167,1.0
28709,13023,13167,1.0
28710,13025,13167,2.0
28711,13169,13167,1.0
28712,13312,13167,1.0
28713,13446,13167,1.0
28714,13736,13167,1.0
28715,13872,13167,1.0
28716,13877,13167,1.0
28717,13885,13167,1.0
28718,15166,13167,1.0
28719,10468,7435,1.0
28720,10853,7435,1.0
28721,12841,7435,2.0
28722,12842,7435,1.0
28723,10468,11747,1.0
28724,11035,11747,2.0
28725,11156,11747,1.0
28726,11172,11747,1.0
28727,11321,11747,1.0
28728,11322,11747,1.0
28729,11459,11747,2.0
28730,11460,11747,1.0
28731,11461,11747,2.0
28732,11462,11747,1.0
28733,11605,11747,6.0
28734,11744,11747,1.0
28735,11746,11747,3.0
28736,11748,11747,3.0
28737,11883,11747,1.0
28738,11890,11747,2.0
28739,12598,11747,1.0
28740,10468,13879,1.0
28741,10607,13879,1.0
28742,12446,13879,1.0
28743,12742,13879,2.0
28744,13021,13879,2.0
28745,13309,13879,1.0
28746,13878,13879,1.0
28747,17854,13879,1.0
28748,10540,11253,1.0
28749,10965,11253,1.0
28750,10966,11253,2.0
28751,11108,11253,1.0
28752,11251,11253,1.0
28753,10540,13095,2.0
28754,12528,13095,1.0
28755,12671,13095,1.0
28756,13828,13095,1.0
28757,10564,10849,1.0
28758,10566,10849,1.0
28759,11277,10849,1.0
28760,11287,10849,1.0
28761,11701,10849,1.0
28762,12281,10849,1.0
28763,13682,10849,2.0
28764,10564,11685,1.0
28765,11401,11685,3.0
28766,11684,11685,1.0
28767,10564,11841,2.0
28768,10577,11841,1.0
28769,11274,11841,2.0
28770,11698,11841,2.0
28771,11701,11841,1.0
28772,11842,11841,1.0
28773,11885,11841,1.0
28774,11978,11841,1.0
28775,11980,11841,1.0
28776,11983,11841,2.0
28777,11986,11841,1.0
28778,12009,11841,1.0
28779,12673,11841,1.0
28780,12836,11841,2.0
28781,13120,11841,1.0
28782,13408,11841,2.0
28783,13679,11841,1.0
28784,13846,11841,2.0
28785,13968,11841,1.0
28786,13979,11841,1.0
28787,15822,11841,1.0
28788,16688,11841,1.0
28789,16831,11841,1.0
28790,10564,14559,1.0
28791,11569,14559,1.0
28792,12587,14559,1.0
28793,12984,14559,1.0
28794,13686,14559,1.0
28795,14130,14559,1.0
28796,14265,14559,1.0
28797,14274,14559,1.0
28798,14985,14559,1.0
28799,15129,14559,1.0
28800,15559,14559,1.0
28801,15683,14559,1.0
28802,15829,14559,1.0
28803,16124,14559,1.0
28804,17240,14559,1.0
28805,10565,11710,1.0
28806,11140,11710,1.0
28807,11141,11710,1.0
28808,11701,11710,1.0
28809,12837,11710,1.0
28810,14119,11710,1.0
28811,10565,12691,1.0
28812,11701,12691,1.0
28813,12548,12691,1.0
28814,12832,12691,2.0
28815,14709,12691,2.0
28816,10567,7017,2.0
28817,10568,7017,1.0
28818,10569,7017,1.0
28819,10896,7017,1.0
28820,11131,7017,1.0
28821,11135,7017,1.0
28822,11288,7017,1.0
28823,11565,7017,2.0
28824,11582,7017,1.0
28825,11702,7017,1.0
28826,12693,7017,1.0
28827,12835,7017,1.0
28828,12972,7017,1.0
28829,10567,10436,1.0
28830,10578,10436,1.0
28831,11286,10436,1.0
28832,10567,10858,2.0
28833,11141,10858,1.0
28834,10568,9572,1.0
28835,11460,9572,1.0
28836,10568,11128,1.0
28837,10989,11128,1.0
28838,10990,11128,1.0
28839,11271,11128,4.0
28840,10569,10861,1.0
28841,11996,10861,1.0
28842,10569,11988,1.0
28843,10577,11988,1.0
28844,11285,11988,2.0
28845,11707,11988,2.0
28846,12962,11988,2.0
28847,14130,11988,1.0
28848,10569,12705,1.0
28849,11869,12705,1.0
28850,12004,12705,1.0
28851,12277,12705,1.0
28852,12288,12705,1.0
28853,12418,12705,1.0
28854,12419,12705,1.0
28855,12421,12705,1.0
28856,12560,12705,1.0
28857,12562,12705,1.0
28858,12845,12705,1.0
28859,13841,12705,1.0
28860,14410,12705,1.0
28861,14670,12705,1.0
28862,15261,12705,1.0
28863,10572,11987,1.0
28864,13431,11987,1.0
28865,13690,11987,1.0
28866,10573,12285,1.0
28867,11151,12285,1.0
28868,11159,12285,1.0
28869,11277,12285,1.0
28870,11575,12285,1.0
28871,12001,12285,1.0
28872,12007,12285,8.0
28873,12283,12285,1.0
28874,12429,12285,1.0
28875,12571,12285,1.0
28876,12846,12285,3.0
28877,13422,12285,1.0
28878,10576,8862,1.0
28879,10576,14125,1.0
28880,12563,14125,2.0
28881,13413,14125,2.0
28882,13697,14125,2.0
28883,13848,14125,1.0
28884,13855,14125,1.0
28885,13982,14125,3.0
28886,13983,14125,1.0
28887,13984,14125,1.0
28888,14126,14125,1.0
28889,10577,12579,1.0
28890,11724,12579,1.0
28891,12009,12579,1.0
28892,12011,12579,3.0
28893,12277,12579,1.0
28894,12295,12579,1.0
28895,12296,12579,1.0
28896,12297,12579,1.0
28897,12435,12579,1.0
28898,12437,12579,5.0
28899,12572,12579,1.0
28900,12574,12579,2.0
28901,12577,12579,2.0
28902,12580,12579,3.0
28903,12581,12579,1.0
28904,12582,12579,1.0
28905,12723,12579,1.0
28906,12725,12579,1.0
28907,13290,12579,1.0
28908,13309,12579,1.0
28909,13433,12579,1.0
28910,13714,12579,1.0
28911,13716,12579,1.0
28912,13859,12579,1.0
28913,14132,12579,1.0
28914,14161,12579,1.0
28915,14271,12579,2.0
28916,14280,12579,1.0
28917,14426,12579,3.0
28918,14565,12579,1.0
28919,14566,12579,1.0
28920,14568,12579,1.0
28921,14986,12579,1.0
28922,14994,12579,1.0
28923,14999,12579,1.0
28924,15130,12579,1.0
28925,15134,12579,4.0
28926,15277,12579,1.0
28927,15284,12579,1.0
28928,16131,12579,1.0
28929,17976,12579,1.0
28930,10580,12395,1.0
28931,11567,12395,2.0
28932,12277,12395,1.0
28933,12422,12395,1.0
28934,10582,11301,1.0
28935,10584,11301,1.0
28936,11012,11301,1.0
28937,11166,11301,1.0
28938,11443,11301,1.0
28939,11448,11301,1.0
28940,12446,11301,1.0
28941,13848,11301,1.0
28942,10588,12286,1.0
28943,11149,12286,2.0
28944,11430,12286,1.0
28945,11719,12286,1.0
28946,11728,12286,1.0
28947,11857,12286,1.0
28948,11864,12286,1.0
28949,12001,12286,2.0
28950,12281,12286,1.0
28951,12283,12286,1.0
28952,12287,12286,2.0
28953,12290,12286,1.0
28954,13422,12286,1.0
28955,10591,11300,1.0
28956,10873,11300,1.0
28957,11299,11300,2.0
28958,11585,11300,1.0
28959,13298,11300,1.0
28960,10593,14575,1.0
28961,10886,14575,1.0
28962,11599,14575,1.0
28963,12446,14575,1.0
28964,12575,14575,1.0
28965,13443,14575,1.0
28966,14292,14575,3.0
28967,14296,14575,3.0
28968,14297,14575,1.0
28969,14433,14575,3.0
28970,14434,14575,2.0
28971,15130,14575,1.0
28972,15284,14575,1.0
28973,15426,14575,1.0
28974,15994,14575,1.0
28975,15996,14575,1.0
28976,10594,13441,1.0
28977,13021,13441,1.0
28978,13300,13441,3.0
28979,13440,13441,5.0
28980,13722,13441,2.0
28981,14009,13441,1.0
28982,16550,13441,1.0
28983,10595,12301,1.0
28984,11594,12301,1.0
28985,11733,12301,1.0
28986,11876,12301,4.0
28987,12298,12301,2.0
28988,12303,12301,1.0
28989,12448,12301,2.0
28990,12583,12301,2.0
28991,13297,12301,1.0
28992,15116,12301,2.0
28993,10596,12587,1.0
28994,11594,12587,1.0
28995,11604,12587,1.0
28996,11871,12587,1.0
28997,12448,12587,2.0
28998,12585,12587,2.0
28999,12586,12587,2.0
29000,12588,12587,2.0
29001,12591,12587,1.0
29002,12601,12587,1.0
29003,12737,12587,1.0
29004,12872,12587,1.0
29005,13000,12587,1.0
29006,13008,12587,1.0
29007,13972,12587,1.0
29008,13979,12587,1.0
29009,14271,12587,1.0
29010,14279,12587,1.0
29011,14429,12587,1.0
29012,14568,12587,1.0
29013,15118,12587,1.0
29014,15277,12587,1.0
29015,17512,12587,1.0
29016,10596,16992,1.0
29017,11585,16992,1.0
29018,15854,16992,1.0
29019,15873,16992,1.0
29020,16423,16992,1.0
29021,16565,16992,1.0
29022,10599,13300,1.0
29023,11597,13300,1.0
29024,11599,13300,1.0
29025,11602,13300,2.0
29026,11741,13300,1.0
29027,12582,13300,1.0
29028,12583,13300,1.0
29029,12586,13300,1.0
29030,12588,13300,1.0
29031,12875,13300,1.0
29032,13014,13300,4.0
29033,13022,13300,1.0
29034,13143,13300,1.0
29035,13153,13300,1.0
29036,13156,13300,3.0
29037,13157,13300,3.0
29038,13158,13300,2.0
29039,13299,13300,4.0
29040,13302,13300,3.0
29041,13440,13300,1.0
29042,13441,13300,3.0
29043,13442,13300,1.0
29044,13443,13300,2.0
29045,13871,13300,1.0
29046,13878,13300,2.0
29047,14267,13300,1.0
29048,14295,13300,1.0
29049,10600,11027,1.0
29050,11028,11027,3.0
29051,11309,11027,1.0
29052,10602,11456,1.0
29053,10605,11456,1.0
29054,10889,11456,1.0
29055,10892,11456,2.0
29056,11006,11456,1.0
29057,11028,11456,4.0
29058,11308,11456,1.0
29059,11315,11456,2.0
29060,11319,11456,1.0
29061,11450,11456,1.0
29062,11453,11456,1.0
29063,11455,11456,2.0
29064,11458,11456,2.0
29065,11462,11456,1.0
29066,11592,11456,1.0
29067,11597,11456,1.0
29068,11598,11456,1.0
29069,11599,11456,1.0
29070,11602,11456,1.0
29071,11742,11456,1.0
29072,11883,11456,2.0
29073,12304,11456,1.0
29074,12450,11456,1.0
29075,13014,11456,1.0
29076,13016,11456,1.0
29077,14149,11456,1.0
29078,16131,11456,1.0
29079,10604,11292,1.0
29080,11020,11292,2.0
29081,11154,11292,1.0
29082,11291,11292,1.0
29083,11293,11292,3.0
29084,11295,11292,1.0
29085,11426,11292,1.0
29086,11451,11292,1.0
29087,11717,11292,1.0
29088,10605,9033,1.0
29089,10605,11032,1.0
29090,10890,11032,1.0
29091,10891,11032,1.0
29092,11013,11032,1.0
29093,11030,11032,1.0
29094,11031,11032,1.0
29095,11034,11032,1.0
29096,11164,11032,5.0
29097,11170,11032,1.0
29098,11172,11032,2.0
29099,11173,11032,1.0
29100,11174,11032,1.0
29101,11316,11032,3.0
29102,11459,11032,1.0
29103,11599,11032,2.0
29104,11738,11032,2.0
29105,13439,11032,1.0
29106,10605,11311,2.0
29107,10878,11311,2.0
29108,10886,11311,2.0
29109,11024,11311,1.0
29110,11029,11311,1.0
29111,11034,11311,1.0
29112,11036,11311,1.0
29113,11163,11311,3.0
29114,11165,11311,2.0
29115,11170,11311,1.0
29116,11172,11311,1.0
29117,11310,11311,2.0
29118,11322,11311,1.0
29119,11448,11311,1.0
29120,11453,11311,1.0
29121,13724,11311,1.0
29122,10606,11597,1.0
29123,11310,11597,1.0
29124,11450,11597,1.0
29125,11455,11597,1.0
29126,11591,11597,2.0
29127,11595,11597,4.0
29128,11738,11597,1.0
29129,11880,11597,1.0
29130,11882,11597,1.0
29131,13023,11597,1.0
29132,13167,11597,1.0
29133,13276,11597,2.0
29134,13300,11597,1.0
29135,10606,11598,2.0
29136,10889,11598,1.0
29137,11452,11598,1.0
29138,11456,11598,3.0
29139,11457,11598,1.0
29140,11459,11598,1.0
29141,11597,11598,3.0
29142,11599,11598,1.0
29143,11732,11598,3.0
29144,11741,11598,2.0
29145,11742,11598,2.0
29146,11744,11598,1.0
29147,11878,11598,5.0
29148,12028,11598,1.0
29149,12311,11598,1.0
29150,12443,11598,1.0
29151,12591,11598,1.0
29152,12593,11598,1.0
29153,12598,11598,2.0
29154,12723,11598,1.0
29155,12740,11598,1.0
29156,12999,11598,1.0
29157,13444,11598,1.0
29158,10606,14271,1.0
29159,11307,14271,2.0
29160,11729,14271,1.0
29161,12296,14271,1.0
29162,12575,14271,1.0
29163,12587,14271,1.0
29164,13690,14271,1.0
29165,13706,14271,1.0
29166,14130,14271,1.0
29167,14132,14271,1.0
29168,14270,14271,2.0
29169,14412,14271,3.0
29170,14555,14271,2.0
29171,14691,14271,1.0
29172,14700,14271,1.0
29173,15131,14271,1.0
29174,15415,14271,2.0
29175,16522,14271,1.0
29176,16800,14271,1.0
29177,17257,14271,2.0
29178,10608,11890,1.0
29179,11461,11890,1.0
29180,11601,11890,1.0
29181,11606,11890,2.0
29182,11747,11890,1.0
29183,11748,11890,1.0
29184,11875,11890,1.0
29185,11888,11890,2.0
29186,12032,11890,1.0
29187,12588,11890,1.0
29188,12723,11890,1.0
29189,14010,11890,1.0
29190,10609,11604,1.0
29191,11029,11604,1.0
29192,11179,11604,1.0
29193,11319,11604,2.0
29194,11320,11604,2.0
29195,11454,11604,1.0
29196,11461,11604,5.0
29197,11462,11604,1.0
29198,11602,11604,2.0
29199,11603,11604,2.0
29200,11605,11604,1.0
29201,11736,11604,1.0
29202,11744,11604,1.0
29203,11745,11604,1.0
29204,11746,11604,3.0
29205,11747,11604,2.0
29206,11882,11604,1.0
29207,11883,11604,1.0
29208,12030,11604,1.0
29209,12315,11604,2.0
29210,12668,11604,1.0
29211,13025,11604,1.0
29212,13433,11604,1.0
29213,13878,11604,1.0
29214,14154,11604,2.0
29215,10609,11737,1.0
29216,11450,11737,1.0
29217,11452,11737,2.0
29218,11596,11737,5.0
29219,11739,11737,1.0
29220,12283,11737,1.0
29221,12299,11737,1.0
29222,17176,11737,1.0
29223,10609,14297,2.0
29224,11174,14297,2.0
29225,12297,14297,1.0
29226,12589,14297,1.0
29227,13012,14297,1.0
29228,13024,14297,1.0
29229,13297,14297,1.0
29230,13726,14297,1.0
29231,13729,14297,1.0
29232,13730,14297,2.0
29233,13864,14297,1.0
29234,13868,14297,3.0
29235,13869,14297,1.0
29236,13870,14297,2.0
29237,14006,14297,1.0
29238,14010,14297,2.0
29239,14011,14297,1.0
29240,14012,14297,1.0
29241,14014,14297,1.0
29242,14149,14297,1.0
29243,14151,14297,2.0
29244,14152,14297,1.0
29245,14153,14297,3.0
29246,14289,14297,1.0
29247,14295,14297,3.0
29248,14296,14297,4.0
29249,14300,14297,1.0
29250,14432,14297,1.0
29251,14436,14297,1.0
29252,14581,14297,1.0
29253,14582,14297,1.0
29254,14596,14297,1.0
29255,14722,14297,1.0
29256,14723,14297,1.0
29257,15854,14297,1.0
29258,15994,14297,2.0
29259,16991,14297,1.0
29260,17990,14297,1.0
29261,10609,14568,1.0
29262,12579,14568,1.0
29263,12587,14568,1.0
29264,13869,14568,1.0
29265,14141,14568,2.0
29266,14278,14568,1.0
29267,14426,14568,1.0
29268,14427,14568,1.0
29269,14429,14568,1.0
29270,14564,14568,1.0
29271,14993,14568,1.0
29272,15002,14568,1.0
29273,15134,14568,2.0
29274,15135,14568,1.0
29275,15276,14568,1.0
29276,15417,14568,2.0
29277,15544,14568,1.0
29278,15707,14568,1.0
29279,17570,14568,1.0
29280,10610,11038,1.0
29281,10894,11038,1.0
29282,11036,11038,4.0
29283,11178,11038,2.0
29284,11323,11038,1.0
29285,11590,11038,1.0
29286,11748,11038,1.0
29287,12743,11038,1.0
29288,10610,14423,1.0
29289,13287,14423,1.0
29290,14000,14423,2.0
29291,14276,14423,1.0
29292,14286,14423,1.0
29293,14411,14423,1.0
29294,14689,14423,1.0
29295,14994,14423,2.0
29296,15035,14423,1.0
29297,16124,14423,1.0
29298,16411,14423,1.0
29299,16832,14423,1.0
29300,10835,11543,1.0
29301,10974,11543,1.0
29302,11019,11543,1.0
29303,11117,11543,1.0
29304,11401,11543,2.0
29305,11582,11543,1.0
29306,12004,11543,1.0
29307,12425,11543,1.0
29308,12528,11543,1.0
29309,12556,11543,1.0
29310,12692,11543,1.0
29311,15541,11543,1.0
29312,15822,11543,1.0
29313,15831,11543,1.0
29314,15973,11543,1.0
29315,16938,11543,1.0
29316,17083,11543,1.0
29317,17528,11543,2.0
29318,10848,11270,1.0
29319,10849,11270,1.0
29320,11002,11270,2.0
29321,11272,11270,1.0
29322,11700,11270,1.0
29323,11980,11270,1.0
29324,10849,11429,1.0
29325,10852,11429,1.0
29326,10851,10974,2.0
29327,11401,10974,1.0
29328,11543,10974,1.0
29329,10851,12838,1.0
29330,12275,12838,1.0
29331,12277,12838,1.0
29332,12541,12838,1.0
29333,12548,12838,2.0
29334,12692,12838,1.0
29335,12693,12838,2.0
29336,12824,12838,1.0
29337,12837,12838,1.0
29338,12841,12838,1.0
29339,12843,12838,1.0
29340,12972,12838,2.0
29341,12974,12838,2.0
29342,12978,12838,1.0
29343,12985,12838,4.0
29344,13122,12838,1.0
29345,13148,12838,1.0
29346,13261,12838,1.0
29347,13264,12838,1.0
29348,13404,12838,1.0
29349,13406,12838,2.0
29350,13410,12838,1.0
29351,13689,12838,1.0
29352,13975,12838,1.0
29353,14126,12838,1.0
29354,14268,12838,2.0
29355,15126,12838,1.0
29356,18402,12838,1.0
29357,10851,13406,1.0
29358,11703,13406,1.0
29359,12288,13406,1.0
29360,12555,13406,1.0
29361,12838,13406,1.0
29362,13690,13406,1.0
29363,13815,13406,1.0
29364,14954,13406,1.0
29365,14974,13406,1.0
29366,15822,13406,1.0
29367,10852,14280,1.0
29368,12593,14280,1.0
29369,13855,14280,1.0
29370,14127,14280,1.0
29371,14138,14280,4.0
29372,14422,14280,2.0
29373,14428,14280,1.0
29374,15135,14280,2.0
29375,15987,14280,1.0
29376,16525,14280,1.0
29377,10852,17460,1.0
29378,12446,17460,1.0
29379,15613,17460,1.0
29380,16751,17460,2.0
29381,17176,17460,3.0
29382,17318,17460,1.0
29383,17459,17460,2.0
29384,18029,17460,1.0
29385,19716,17460,1.0
29386,10853,11137,1.0
29387,11428,11137,1.0
29388,10853,11259,1.0
29389,10986,11259,1.0
29390,11117,11259,1.0
29391,11401,11259,1.0
29392,11543,11259,1.0
29393,10853,11271,2.0
29394,11128,11271,5.0
29395,11274,11271,1.0
29396,10854,12984,1.0
29397,12294,12984,1.0
29398,14685,12984,2.0
29399,15816,12984,1.0
29400,15958,12984,1.0
29401,10857,12542,1.0
29402,12571,12542,1.0
29403,12701,12542,1.0
29404,13130,12542,1.0
29405,10859,15019,1.0
29406,11861,15019,1.0
29407,12740,15019,1.0
29408,14439,15019,1.0
29409,14716,15019,1.0
29410,14997,15019,1.0
29411,14999,15019,2.0
29412,15000,15019,1.0
29413,15022,15019,1.0
29414,15142,15019,1.0
29415,15160,15019,1.0
29416,15167,15019,1.0
29417,15569,15019,2.0
29418,10860,11576,1.0
29419,11575,11576,1.0
29420,11580,11576,2.0
29421,11995,11576,2.0
29422,10862,12685,1.0
29423,11866,12685,1.0
29424,12007,12685,1.0
29425,12838,12685,1.0
29426,12845,12685,1.0
29427,10863,12843,1.0
29428,11282,12843,1.0
29429,11580,12843,2.0
29430,11857,12843,2.0
29431,12701,12843,1.0
29432,12705,12843,1.0
29433,12838,12843,1.0
29434,12842,12843,1.0
29435,12982,12843,1.0
29436,12985,12843,1.0
29437,12988,12843,1.0
29438,12996,12843,1.0
29439,13127,12843,5.0
29440,13128,12843,1.0
29441,10864,11003,1.0
29442,11145,11003,2.0
29443,11287,11003,1.0
29444,10866,10299,1.0
29445,11584,10299,1.0
29446,10867,15000,1.0
29447,12732,15000,1.0
29448,13149,15000,1.0
29449,13153,15000,1.0
29450,13156,15000,1.0
29451,14010,15000,1.0
29452,14150,15000,1.0
29453,14290,15000,2.0
29454,14295,15000,1.0
29455,14435,15000,1.0
29456,15001,15000,1.0
29457,15002,15000,1.0
29458,15003,15000,3.0
29459,15019,15000,1.0
29460,15139,15000,1.0
29461,15141,15000,1.0
29462,15566,15000,1.0
29463,17836,15000,1.0
29464,18572,15000,1.0
29465,18597,15000,1.0
29466,19273,15000,1.0
29467,21847,15000,1.0
29468,10874,11723,1.0
29469,11005,11723,2.0
29470,11014,11723,1.0
29471,11440,11723,1.0
29472,11578,11723,1.0
29473,11580,11723,2.0
29474,11581,11723,2.0
29475,11582,11723,1.0
29476,11720,11723,1.0
29477,11724,11723,5.0
29478,11725,11723,1.0
29479,11866,11723,4.0
29480,11868,11723,2.0
29481,11873,11723,1.0
29482,12007,11723,2.0
29483,12009,11723,2.0
29484,12013,11723,1.0
29485,12287,11723,1.0
29486,12294,11723,1.0
29487,12559,11723,1.0
29488,12719,11723,1.0
29489,13292,11723,1.0
29490,10875,13152,1.0
29491,11135,13152,1.0
29492,11746,13152,2.0
29493,12443,13152,2.0
29494,12581,13152,1.0
29495,12587,13152,1.0
29496,12722,13152,1.0
29497,12723,13152,3.0
29498,12857,13152,1.0
29499,13010,13152,3.0
29500,13014,13152,1.0
29501,13016,13152,1.0
29502,13143,13152,1.0
29503,13150,13152,1.0
29504,13151,13152,2.0
29505,13290,13152,1.0
29506,13435,13152,4.0
29507,13716,13152,1.0
29508,14000,13152,1.0
29509,14150,13152,1.0
29510,14296,13152,1.0
29511,14426,13152,1.0
29512,14715,13152,1.0
29513,14987,13152,2.0
29514,15002,13152,1.0
29515,17975,13152,1.0
29516,10876,19452,1.0
29517,15184,19452,1.0
29518,19296,19452,1.0
29519,19309,19452,3.0
29520,19451,19452,1.0
29521,19594,19452,1.0
29522,19982,19452,1.0
29523,22264,19452,1.0
29524,10877,15273,1.0
29525,12851,15273,1.0
29526,14292,15273,3.0
29527,14990,15273,2.0
29528,15131,15273,2.0
29529,15272,15273,2.0
29530,15559,15273,1.0
29531,10880,15398,1.0
29532,12446,15398,1.0
29533,14265,15398,1.0
29534,14386,15398,1.0
29535,14407,15398,1.0
29536,14410,15398,1.0
29537,14413,15398,1.0
29538,14531,15398,1.0
29539,14693,15398,1.0
29540,14700,15398,1.0
29541,14975,15398,2.0
29542,15115,15398,2.0
29543,15119,15398,1.0
29544,15256,15398,1.0
29545,15257,15398,2.0
29546,15258,15398,4.0
29547,15397,15398,2.0
29548,15399,15398,1.0
29549,15547,15398,1.0
29550,15680,15398,3.0
29551,15683,15398,2.0
29552,15684,15398,1.0
29553,15814,15398,1.0
29554,15832,15398,1.0
29555,16386,15398,2.0
29556,16544,15398,1.0
29557,16939,15398,1.0
29558,10881,12449,1.0
29559,11450,12449,1.0
29560,11461,12449,1.0
29561,11726,12449,1.0
29562,11872,12449,1.0
29563,11882,12449,1.0
29564,11884,12449,1.0
29565,12024,12449,1.0
29566,12028,12449,1.0
29567,12283,12449,1.0
29568,12298,12449,1.0
29569,12299,12449,1.0
29570,12307,12449,3.0
29571,12308,12449,2.0
29572,12441,12449,1.0
29573,12443,12449,1.0
29574,12447,12449,2.0
29575,12448,12449,3.0
29576,12450,12449,2.0
29577,12451,12449,1.0
29578,12454,12449,2.0
29579,12588,12449,5.0
29580,12590,12449,1.0
29581,12591,12449,1.0
29582,12593,12449,1.0
29583,12732,12449,1.0
29584,12875,12449,2.0
29585,12876,12449,1.0
29586,13018,12449,1.0
29587,14276,12449,1.0
29588,10883,14006,1.0
29589,11580,14006,1.0
29590,12727,14006,1.0
29591,12858,14006,1.0
29592,13012,14006,1.0
29593,13156,14006,1.0
29594,13433,14006,1.0
29595,13856,14006,1.0
29596,13878,14006,1.0
29597,14149,14006,1.0
29598,14150,14006,1.0
29599,14288,14006,1.0
29600,14292,14006,1.0
29601,14293,14006,1.0
29602,14694,14006,2.0
29603,10886,13022,1.0
29604,11601,13022,3.0
29605,11603,13022,1.0
29606,12591,13022,1.0
29607,12593,13022,1.0
29608,12595,13022,1.0
29609,12734,13022,1.0
29610,12884,13022,1.0
29611,13023,13022,2.0
29612,13737,13022,1.0
29613,10888,13018,1.0
29614,11448,13018,1.0
29615,11880,13018,1.0
29616,11886,13018,1.0
29617,12019,13018,1.0
29618,12449,13018,1.0
29619,12454,13018,1.0
29620,12598,13018,1.0
29621,12875,13018,1.0
29622,12876,13018,1.0
29623,12877,13018,1.0
29624,13011,13018,1.0
29625,13014,13018,1.0
29626,13016,13018,1.0
29627,13017,13018,1.0
29628,13156,13018,1.0
29629,13167,13018,1.0
29630,13298,13018,1.0
29631,13300,13018,2.0
29632,13443,13018,1.0
29633,15018,13018,1.0
29634,10891,12990,1.0
29635,12567,12990,1.0
29636,12991,12990,3.0
29637,10891,13009,1.0
29638,11594,13009,1.0
29639,12441,13009,6.0
29640,12443,13009,1.0
29641,12727,13009,1.0
29642,12870,13009,1.0
29643,13004,13009,1.0
29644,13005,13009,1.0
29645,13011,13009,2.0
29646,13150,13009,1.0
29647,13151,13009,1.0
29648,13294,13009,1.0
29649,13437,13009,1.0
29650,17103,13009,2.0
29651,17139,13009,1.0
29652,10891,13458,1.0
29653,11890,13458,1.0
29654,13307,13458,1.0
29655,13308,13458,1.0
29656,14309,13458,1.0
29657,10891,13870,1.0
29658,11319,13870,1.0
29659,11593,13870,1.0
29660,13014,13870,1.0
29661,13728,13870,1.0
29662,13730,13870,1.0
29663,13871,13870,5.0
29664,13872,13870,1.0
29665,13874,13870,2.0
29666,14009,13870,1.0
29667,14010,13870,1.0
29668,14012,13870,2.0
29669,14013,13870,5.0
29670,14014,13870,1.0
29671,14149,13870,2.0
29672,14296,13870,2.0
29673,14297,13870,6.0
29674,15009,13870,1.0
29675,10893,12310,1.0
29676,11035,12310,1.0
29677,11447,12310,1.0
29678,11451,12310,1.0
29679,11878,12310,1.0
29680,12021,12310,1.0
29681,12026,12310,4.0
29682,12027,12310,2.0
29683,12028,12310,3.0
29684,12309,12310,2.0
29685,12311,12310,1.0
29686,12312,12310,2.0
29687,12452,12310,4.0
29688,12453,12310,2.0
29689,12454,12310,2.0
29690,12595,12310,1.0
29691,12597,12310,2.0
29692,12600,12310,1.0
29693,12738,12310,1.0
29694,13438,12310,1.0
29695,14149,12310,1.0
29696,10893,12314,1.0
29697,11746,12314,3.0
29698,11889,12314,1.0
29699,12027,12314,1.0
29700,12032,12314,1.0
29701,12315,12314,2.0
29702,12456,12314,1.0
29703,12742,12314,2.0
29704,12884,12314,2.0
29705,13443,12314,1.0
29706,10893,12458,1.0
29707,11745,12458,3.0
29708,11889,12458,1.0
29709,12020,12458,1.0
29710,12316,12458,1.0
29711,12457,12458,3.0
29712,12599,12458,1.0
29713,12600,12458,1.0
29714,12601,12458,2.0
29715,12739,12458,2.0
29716,12742,12458,1.0
29717,12743,12458,1.0
29718,12875,12458,1.0
29719,13733,12458,1.0
29720,14162,12458,1.0
29721,15134,12458,1.0
29722,10895,11463,2.0
29723,11035,11463,1.0
29724,11316,11463,1.0
29725,11320,11463,3.0
29726,11322,11463,1.0
29727,11462,11463,5.0
29728,11745,11463,1.0
29729,12594,11463,1.0
29730,10947,13794,1.0
29731,13655,13794,1.0
29732,13792,13794,1.0
29733,13793,13794,1.0
29734,13932,13794,1.0
29735,13933,13794,1.0
29736,14275,13794,1.0
29737,10960,13388,1.0
29738,13108,13388,1.0
29739,13389,13388,1.0
29740,13392,13388,1.0
29741,13677,13388,1.0
29742,14233,13388,1.0
29743,14685,13388,1.0
29744,15103,13388,1.0
29745,15545,13388,1.0
29746,10965,12667,1.0
29747,11811,12667,1.0
29748,11956,12667,3.0
29749,12384,12667,2.0
29750,12386,12667,1.0
29751,12522,12667,1.0
29752,12529,12667,2.0
29753,12666,12667,1.0
29754,12668,12667,5.0
29755,12948,12667,4.0
29756,13234,12667,1.0
29757,13237,12667,2.0
29758,13238,12667,1.0
29759,10966,10256,3.0
29760,10967,11251,1.0
29761,11096,11251,1.0
29762,11253,11251,1.0
29763,12526,11251,1.0
29764,12528,11251,2.0
29765,10974,10258,1.0
29766,10990,11119,1.0
29767,11283,11119,1.0
29768,10990,13987,1.0
29769,13704,13987,1.0
29770,13706,13987,2.0
29771,13848,13987,1.0
29772,14555,13987,1.0
29773,15832,13987,1.0
29774,10992,11127,1.0
29775,11270,11127,2.0
29776,10994,11133,1.0
29777,11277,11133,1.0
29778,10994,14148,1.0
29779,13154,14148,1.0
29780,13857,14148,1.0
29781,10995,10847,3.0
29782,11277,10847,1.0
29783,11002,10986,1.0
29784,11704,10986,1.0
29785,11983,10986,1.0
29786,11005,12406,1.0
29787,12410,12406,2.0
29788,14541,12406,1.0
29789,14675,12406,1.0
29790,11012,11865,2.0
29791,11582,11865,4.0
29792,11719,11865,1.0
29793,11722,11865,1.0
29794,11724,11865,1.0
29795,11866,11865,2.0
29796,11869,11865,1.0
29797,12007,11865,3.0
29798,12008,11865,3.0
29799,12295,11865,1.0
29800,12572,11865,1.0
29801,12575,11865,1.0
29802,13001,11865,1.0
29803,11012,12434,1.0
29804,11401,12434,1.0
29805,11869,12434,1.0
29806,11870,12434,1.0
29807,12009,12434,1.0
29808,12288,12434,1.0
29809,12435,12434,1.0
29810,12438,12434,1.0
29811,12574,12434,1.0
29812,12576,12434,3.0
29813,12716,12434,1.0
29814,12722,12434,1.0
29815,12999,12434,1.0
29816,13004,12434,1.0
29817,13288,12434,1.0
29818,13422,12434,1.0
29819,13985,12434,1.0
29820,15281,12434,1.0
29821,15559,12434,1.0
29822,11015,14555,1.0
29823,13847,14555,2.0
29824,13987,14555,1.0
29825,14132,14555,1.0
29826,14270,14555,1.0
29827,14271,14555,2.0
29828,14411,14555,1.0
29829,14412,14555,1.0
29830,14414,14555,1.0
29831,14558,14555,1.0
29832,14699,14555,1.0
29833,14978,14555,1.0
29834,15118,14555,1.0
29835,15122,14555,1.0
29836,15266,14555,1.0
29837,11017,11724,1.0
29838,11301,11724,1.0
29839,11722,11724,1.0
29840,11723,11724,4.0
29841,11725,11724,1.0
29842,11865,11724,2.0
29843,11885,11724,1.0
29844,12012,11724,1.0
29845,12014,11724,1.0
29846,12291,11724,2.0
29847,12299,11724,1.0
29848,12575,11724,1.0
29849,12723,11724,1.0
29850,13145,11724,1.0
29851,13422,11724,1.0
29852,11019,10555,1.0
29853,11019,10839,1.0
29854,11019,15131,1.0
29855,12020,15131,1.0
29856,12281,15131,1.0
29857,12723,15131,1.0
29858,14151,15131,2.0
29859,14268,15131,1.0
29860,14404,15131,1.0
29861,14422,15131,2.0
29862,14704,15131,1.0
29863,14709,15131,1.0
29864,14710,15131,1.0
29865,14987,15131,2.0
29866,14989,15131,1.0
29867,14993,15131,1.0
29868,15128,15131,1.0
29869,15130,15131,1.0
29870,15132,15131,4.0
29871,15134,15131,2.0
29872,15277,15131,1.0
29873,15414,15131,1.0
29874,15417,15131,1.0
29875,15557,15131,2.0
29876,16830,15131,1.0
29877,11020,13290,1.0
29878,12290,13290,1.0
29879,12575,13290,1.0
29880,12579,13290,1.0
29881,12723,13290,1.0
29882,12724,13290,1.0
29883,12727,13290,2.0
29884,13004,13290,1.0
29885,13146,13290,1.0
29886,13148,13290,2.0
29887,13291,13290,1.0
29888,13433,13290,2.0
29889,13434,13290,2.0
29890,13711,13290,1.0
29891,13716,13290,2.0
29892,13845,13290,1.0
29893,13855,13290,1.0
29894,13858,13290,1.0
29895,14000,13290,1.0
29896,14720,13290,1.0
29897,15116,13290,1.0
29898,11021,13457,1.0
29899,11022,11877,1.0
29900,11168,11877,1.0
29901,11568,11877,1.0
29902,11590,11877,1.0
29903,11739,11877,1.0
29904,11878,11877,1.0
29905,12020,11877,1.0
29906,12290,11877,1.0
29907,12294,11877,2.0
29908,12303,11877,1.0
29909,12453,11877,1.0
29910,19411,11877,1.0
29911,11024,11450,1.0
29912,11165,11450,1.0
29913,11308,11450,4.0
29914,11310,11450,1.0
29915,11311,11450,1.0
29916,11451,11450,1.0
29917,11460,11450,2.0
29918,11591,11450,3.0
29919,11592,11450,2.0
29920,11593,11450,2.0
29921,11738,11450,1.0
29922,11744,11450,1.0
29923,11874,11450,1.0
29924,11875,11450,2.0
29925,11877,11450,1.0
29926,11880,11450,1.0
29927,12299,11450,3.0
29928,12304,11450,1.0
29929,12305,11450,3.0
29930,12449,11450,1.0
29931,13008,11450,1.0
29932,11025,14298,1.0
29933,11879,14298,1.0
29934,11883,14298,1.0
29935,12882,14298,1.0
29936,13010,14298,1.0
29937,13305,14298,3.0
29938,13309,14298,1.0
29939,13878,14298,2.0
29940,14011,14298,3.0
29941,14014,14298,2.0
29942,14132,14298,1.0
29943,14149,14298,2.0
29944,14190,14298,1.0
29945,14293,14298,1.0
29946,14297,14298,2.0
29947,14721,14298,1.0
29948,18574,14298,2.0
29949,11026,11733,1.0
29950,11450,11733,1.0
29951,11454,11733,1.0
29952,11588,11733,1.0
29953,11596,11733,1.0
29954,11740,11733,1.0
29955,11875,11733,1.0
29956,12301,11733,1.0
29957,12872,11733,1.0
29958,11028,13166,1.0
29959,14534,13166,1.0
29960,11028,14306,1.0
29961,12872,14306,1.0
29962,13438,14306,1.0
29963,14021,14306,1.0
29964,18303,14306,1.0
29965,11029,11739,1.0
29966,11737,11739,2.0
29967,11880,11739,1.0
29968,12022,11739,1.0
29969,12305,11739,1.0
29970,12595,11739,1.0
29971,12733,11739,1.0
29972,11029,18739,1.0
29973,18452,18739,5.0
29974,18597,18739,1.0
29975,18738,18739,2.0
29976,18879,18739,4.0
29977,18882,18739,3.0
29978,19022,18739,1.0
29979,19025,18739,2.0
29980,19735,18739,3.0
29981,19877,18739,1.0
29982,19880,18739,2.0
29983,20016,18739,1.0
29984,20021,18739,1.0
29985,20162,18739,1.0
29986,11033,12030,2.0
29987,11320,12030,1.0
29988,11460,12030,2.0
29989,11461,12030,2.0
29990,11462,12030,1.0
29991,11606,12030,2.0
29992,11746,12030,3.0
29993,11885,12030,1.0
29994,11889,12030,2.0
29995,12315,12030,3.0
29996,12316,12030,3.0
29997,12446,12030,1.0
29998,12456,12030,1.0
29999,12457,12030,1.0
30000,12597,12030,1.0
30001,12874,12030,2.0
30002,13309,12030,1.0
30003,14292,12030,2.0
30004,11033,13722,1.0
30005,11314,13722,1.0
30006,13014,13722,1.0
30007,13144,13722,1.0
30008,13151,13722,1.0
30009,13156,13722,1.0
30010,13438,13722,1.0
30011,13440,13722,2.0
30012,13441,13722,2.0
30013,13711,13722,1.0
30014,13721,13722,1.0
30015,13724,13722,2.0
30016,13729,13722,1.0
30017,14286,13722,1.0
30018,14984,13722,1.0
30019,16690,13722,1.0
30020,11034,12024,2.0
30021,11452,12024,1.0
30022,11877,12024,1.0
30023,11880,12024,3.0
30024,11890,12024,1.0
30025,12023,12024,2.0
30026,12304,12024,1.0
30027,12306,12024,1.0
30028,12307,12024,1.0
30029,12308,12024,1.0
30030,12449,12024,1.0
30031,12591,12024,1.0
30032,12592,12024,1.0
30033,12596,12024,1.0
30034,12739,12024,2.0
30035,12880,12024,1.0
30036,15019,12024,1.0
30037,11034,12456,1.0
30038,11746,12456,1.0
30039,11886,12456,1.0
30040,12312,12456,1.0
30041,12314,12456,3.0
30042,12597,12456,1.0
30043,12598,12456,1.0
30044,13009,12456,1.0
30045,13308,12456,1.0
30046,13440,12456,1.0
30047,13726,12456,1.0
30048,14434,12456,1.0
30049,11034,12596,1.0
30050,11742,12596,1.0
30051,11746,12596,1.0
30052,12026,12596,1.0
30053,12315,12596,1.0
30054,12446,12596,2.0
30055,12452,12596,1.0
30056,12454,12596,4.0
30057,12585,12596,1.0
30058,12591,12596,1.0
30059,12597,12596,1.0
30060,12738,12596,1.0
30061,12739,12596,1.0
30062,12741,12596,2.0
30063,12880,12596,1.0
30064,12881,12596,1.0
30065,13021,12596,1.0
30066,13156,12596,1.0
30067,13309,12596,1.0
30068,13724,12596,1.0
30069,13725,12596,1.0
30070,13736,12596,1.0
30071,14162,12596,1.0
30072,15166,12596,1.0
30073,15312,12596,1.0
30074,11034,12600,1.0
30075,11599,12600,1.0
30076,11718,12600,2.0
30077,11746,12600,1.0
30078,12029,12600,1.0
30079,12454,12600,1.0
30080,12458,12600,1.0
30081,12599,12600,7.0
30082,12742,12600,1.0
30083,12743,12600,2.0
30084,12884,12600,1.0
30085,11034,13885,1.0
30086,11034,14994,1.0
30087,12011,14994,1.0
30088,12446,14994,2.0
30089,12579,14994,1.0
30090,13416,14994,1.0
30091,13979,14994,1.0
30092,14281,14994,1.0
30093,14284,14994,1.0
30094,14423,14994,1.0
30095,14426,14994,2.0
30096,14428,14994,1.0
30097,14568,14994,2.0
30098,14706,14994,1.0
30099,14709,14994,2.0
30100,14710,14994,1.0
30101,15116,14994,1.0
30102,15131,14994,1.0
30103,15132,14994,1.0
30104,15139,14994,1.0
30105,15272,14994,1.0
30106,15277,14994,4.0
30107,15278,14994,1.0
30108,15419,14994,1.0
30109,17368,14994,1.0
30110,17405,14994,1.0
30111,11035,12441,1.0
30112,11305,12441,1.0
30113,11450,12441,1.0
30114,11592,12441,3.0
30115,11729,12441,2.0
30116,11730,12441,1.0
30117,11868,12441,1.0
30118,11876,12441,2.0
30119,11879,12441,1.0
30120,12294,12441,1.0
30121,12298,12441,1.0
30122,12299,12441,1.0
30123,12300,12441,1.0
30124,12301,12441,1.0
30125,12442,12441,1.0
30126,12444,12441,1.0
30127,12445,12441,1.0
30128,12451,12441,1.0
30129,12581,12441,2.0
30130,12582,12441,1.0
30131,12591,12441,1.0
30132,12723,12441,2.0
30133,12873,12441,1.0
30134,13006,12441,1.0
30135,13009,12441,6.0
30136,13010,12441,1.0
30137,15676,12441,1.0
30138,15854,12441,2.0
30139,17540,12441,1.0
30140,11035,12742,1.0
30141,11036,12742,1.0
30142,11454,12742,1.0
30143,11459,12742,1.0
30144,11460,12742,1.0
30145,12312,12742,1.0
30146,12314,12742,2.0
30147,12315,12742,1.0
30148,12452,12742,1.0
30149,12453,12742,1.0
30150,12458,12742,1.0
30151,12599,12742,6.0
30152,12600,12742,1.0
30153,12725,12742,1.0
30154,12728,12742,1.0
30155,12739,12742,1.0
30156,12743,12742,2.0
30157,12882,12742,1.0
30158,12884,12742,1.0
30159,13157,12742,2.0
30160,13444,12742,1.0
30161,13871,12742,1.0
30162,13872,12742,1.0
30163,13879,12742,2.0
30164,11036,12433,1.0
30165,11455,12433,1.0
30166,11998,12433,1.0
30167,12007,12433,1.0
30168,12291,12433,1.0
30169,12293,12433,1.0
30170,12567,12433,1.0
30171,12714,12433,1.0
30172,11036,13159,1.0
30173,11882,13159,1.0
30174,12593,13159,2.0
30175,13017,13159,1.0
30176,13301,13159,2.0
30177,13436,13159,1.0
30178,13447,13159,1.0
30179,13724,13159,1.0
30180,14417,13159,1.0
30181,11036,13856,1.0
30182,12722,13856,1.0
30183,13418,13856,1.0
30184,13428,13856,2.0
30185,13713,13856,1.0
30186,13858,13856,1.0
30187,14000,13856,1.0
30188,14006,13856,1.0
30189,14138,13856,4.0
30190,11036,14326,1.0
30191,14048,14326,2.0
30192,14190,14326,1.0
30193,14191,14326,2.0
30194,15035,14326,1.0
30195,15168,14326,2.0
30196,11036,14569,1.0
30197,12011,14569,2.0
30198,14284,14569,1.0
30199,14296,14569,2.0
30200,14422,14569,2.0
30201,14426,14569,4.0
30202,14427,14569,2.0
30203,11037,11889,1.0
30204,11461,11889,1.0
30205,11600,11889,1.0
30206,11604,11889,1.0
30207,11605,11889,2.0
30208,11746,11889,1.0
30209,12030,11889,2.0
30210,12312,11889,2.0
30211,12454,11889,1.0
30212,12455,11889,1.0
30213,12593,11889,1.0
30214,12598,11889,2.0
30215,12740,11889,1.0
30216,12882,11889,1.0
30217,13311,11889,1.0
30218,13440,11889,1.0
30219,14292,11889,1.0
30220,11037,13709,1.0
30221,11037,14708,1.0
30222,11444,14708,1.0
30223,11452,14708,1.0
30224,12295,14708,1.0
30225,13025,14708,1.0
30226,14411,14708,1.0
30227,14563,14708,1.0
30228,14709,14708,1.0
30229,14990,14708,4.0
30230,14997,14708,1.0
30231,15128,14708,1.0
30232,15134,14708,4.0
30233,11038,12878,1.0
30234,11323,12878,1.0
30235,11736,12878,1.0
30236,11873,12878,1.0
30237,11882,12878,1.0
30238,11884,12878,1.0
30239,12022,12878,1.0
30240,12025,12878,2.0
30241,12027,12878,2.0
30242,12452,12878,3.0
30243,12597,12878,1.0
30244,12598,12878,3.0
30245,12736,12878,1.0
30246,12737,12878,3.0
30247,12875,12878,1.0
30248,12879,12878,2.0
30249,12880,12878,1.0
30250,13006,12878,1.0
30251,13024,12878,1.0
30252,13162,12878,1.0
30253,14439,12878,1.0
30254,11090,11518,4.0
30255,12537,11518,1.0
30256,11094,11805,2.0
30257,11094,13935,1.0
30258,12952,13935,1.0
30259,13934,13935,2.0
30260,11096,11390,1.0
30261,11815,11390,1.0
30262,11098,11520,2.0
30263,11252,11520,1.0
30264,11519,11520,1.0
30265,11529,11520,1.0
30266,11107,12952,1.0
30267,11580,12952,2.0
30268,11700,12952,1.0
30269,11815,12952,2.0
30270,11818,12952,1.0
30271,11957,12952,1.0
30272,12386,12952,1.0
30273,12392,12952,1.0
30274,12526,12952,1.0
30275,12527,12952,2.0
30276,12668,12952,8.0
30277,12669,12952,1.0
30278,12810,12952,5.0
30279,12973,12952,2.0
30280,13067,12952,1.0
30281,13095,12952,1.0
30282,13232,12952,2.0
30283,13376,12952,1.0
30284,13378,12952,1.0
30285,13393,12952,2.0
30286,13650,12952,1.0
30287,13934,12952,1.0
30288,13935,12952,1.0
30289,14377,12952,1.0
30290,14648,12952,2.0
30291,14941,12952,1.0
30292,15347,12952,4.0
30293,11108,11110,1.0
30294,11117,11110,1.0
30295,11972,11110,1.0
30296,11110,11972,1.0
30297,11698,11972,1.0
30298,11113,12254,1.0
30299,11117,11397,2.0
30300,11250,11397,2.0
30301,11117,13792,1.0
30302,11956,13792,1.0
30303,12648,13792,1.0
30304,12810,13792,1.0
30305,13655,13792,2.0
30306,13793,13792,1.0
30307,13930,13792,1.0
30308,13933,13792,1.0
30309,13934,13792,2.0
30310,14354,13792,1.0
30311,11117,14975,3.0
30312,14284,14975,1.0
30313,14424,14975,1.0
30314,14974,14975,1.0
30315,15101,14975,2.0
30316,15398,14975,2.0
30317,11120,14421,1.0
30318,12025,14421,1.0
30319,14556,14421,1.0
30320,11130,11835,1.0
30321,11551,11835,1.0
30322,11841,11835,1.0
30323,11131,12673,1.0
30324,12528,12673,1.0
30325,11131,13410,3.0
30326,11272,13410,4.0
30327,11995,13410,3.0
30328,12838,13410,1.0
30329,12841,13410,1.0
30330,13145,13410,1.0
30331,13413,13410,1.0
30332,13690,13410,2.0
30333,13694,13410,1.0
30334,13840,13410,1.0
30335,13855,13410,1.0
30336,13933,13410,1.0
30337,11132,14130,1.0
30338,11988,14130,1.0
30339,12435,14130,1.0
30340,13419,14130,1.0
30341,13847,14130,2.0
30342,13855,14130,1.0
30343,14126,14130,1.0
30344,14132,14130,1.0
30345,14133,14130,1.0
30346,14262,14130,1.0
30347,14265,14130,2.0
30348,14269,14130,2.0
30349,14271,14130,1.0
30350,14276,14130,1.0
30351,14410,14130,1.0
30352,14541,14130,1.0
30353,14555,14130,2.0
30354,15123,14130,1.0
30355,15129,14130,1.0
30356,15257,14130,1.0
30357,15402,14130,1.0
30358,15417,14130,1.0
30359,15681,14130,1.0
30360,11138,13861,1.0
30361,12003,13861,1.0
30362,12723,13861,1.0
30363,13143,13861,1.0
30364,13308,13861,2.0
30365,13433,13861,2.0
30366,13434,13861,1.0
30367,13714,13861,1.0
30368,13719,13861,2.0
30369,14149,13861,1.0
30370,11141,10173,1.0
30371,11141,11276,1.0
30372,11701,11276,1.0
30373,11143,14261,1.0
30374,11843,14261,1.0
30375,11995,14261,1.0
30376,13974,14261,1.0
30377,11146,11284,1.0
30378,11567,11284,1.0
30379,11581,11284,1.0
30380,12572,11284,1.0
30381,11146,12967,1.0
30382,11426,12967,1.0
30383,11703,12967,2.0
30384,11841,12967,1.0
30385,12276,12967,1.0
30386,12528,12967,2.0
30387,13108,12967,1.0
30388,11149,11435,1.0
30389,11434,11435,1.0
30390,11150,11870,1.0
30391,11729,11870,1.0
30392,11866,11870,1.0
30393,11869,11870,1.0
30394,11871,11870,5.0
30395,11873,11870,1.0
30396,12011,11870,1.0
30397,12434,11870,1.0
30398,12574,11870,1.0
30399,12717,11870,2.0
30400,12723,11870,1.0
30401,13004,11870,1.0
30402,13988,11870,1.0
30403,14127,11870,1.0
30404,11151,14024,1.0
30405,12741,14024,1.0
30406,14167,14024,1.0
30407,14309,14024,1.0
30408,14431,14024,1.0
30409,14581,14024,1.0
30410,15167,14024,1.0
30411,11152,12417,1.0
30412,11565,12417,1.0
30413,11847,12417,1.0
30414,12416,12417,2.0
30415,11152,13841,1.0
30416,11853,13841,1.0
30417,12022,13841,1.0
30418,12291,13841,1.0
30419,12563,13841,1.0
30420,13151,13841,1.0
30421,13285,13841,1.0
30422,13430,13841,2.0
30423,13698,13841,1.0
30424,13710,13841,2.0
30425,13840,13841,5.0
30426,13983,13841,1.0
30427,13985,13841,2.0
30428,14126,13841,1.0
30429,11156,14955,1.0
30430,11983,14955,1.0
30431,12548,14955,1.0
30432,13828,14955,1.0
30433,14143,14955,1.0
30434,14252,14955,1.0
30435,14386,14955,2.0
30436,14529,14955,2.0
30437,14531,14955,1.0
30438,14956,14955,2.0
30439,14958,14955,1.0
30440,15240,14955,1.0
30441,15255,14955,1.0
30442,11162,14718,1.0
30443,12999,14718,1.0
30444,13152,14718,1.0
30445,13726,14718,1.0
30446,14290,14718,1.0
30447,14296,14718,2.0
30448,14432,14718,1.0
30449,15002,14718,1.0
30450,15144,14718,1.0
30451,11164,11745,1.0
30452,11176,11745,2.0
30453,11178,11745,1.0
30454,11316,11745,2.0
30455,11320,11745,1.0
30456,11458,11745,3.0
30457,11460,11745,5.0
30458,11463,11745,1.0
30459,11599,11745,1.0
30460,11600,11745,2.0
30461,11601,11745,3.0
30462,11602,11745,1.0
30463,11603,11745,5.0
30464,11604,11745,1.0
30465,11605,11745,4.0
30466,11742,11745,1.0
30467,11743,11745,3.0
30468,11746,11745,2.0
30469,11747,11745,1.0
30470,11748,11745,2.0
30471,11885,11745,1.0
30472,11886,11745,3.0
30473,12025,11745,1.0
30474,12028,11745,1.0
30475,12451,11745,1.0
30476,12725,11745,1.0
30477,12739,11745,2.0
30478,12884,11745,1.0
30479,13308,11745,1.0
30480,13879,11745,1.0
30481,19442,11745,1.0
30482,11164,12299,1.0
30483,11165,12299,2.0
30484,11307,12299,2.0
30485,11446,12299,1.0
30486,11447,12299,1.0
30487,11450,12299,2.0
30488,11591,12299,2.0
30489,11592,12299,1.0
30490,11723,12299,1.0
30491,11724,12299,1.0
30492,11727,12299,1.0
30493,11734,12299,1.0
30494,11737,12299,1.0
30495,11866,12299,1.0
30496,11873,12299,1.0
30497,11874,12299,1.0
30498,11875,12299,1.0
30499,11880,12299,1.0
30500,12011,12299,2.0
30501,12013,12299,1.0
30502,12015,12299,2.0
30503,12017,12299,2.0
30504,12441,12299,1.0
30505,12442,12299,2.0
30506,12443,12299,1.0
30507,12444,12299,1.0
30508,12449,12299,1.0
30509,12453,12299,2.0
30510,12582,12299,1.0
30511,12586,12299,2.0
30512,12591,12299,2.0
30513,12598,12299,3.0
30514,12719,12299,1.0
30515,12725,12299,2.0
30516,12733,12299,1.0
30517,12872,12299,1.0
30518,12876,12299,1.0
30519,13015,12299,1.0
30520,13143,12299,1.0
30521,13154,12299,1.0
30522,13298,12299,1.0
30523,13714,12299,1.0
30524,14267,12299,1.0
30525,11167,11442,1.0
30526,11299,11442,2.0
30527,11441,11442,1.0
30528,11443,11442,1.0
30529,11575,11442,1.0
30530,11582,11442,1.0
30531,11584,11442,4.0
30532,11585,11442,2.0
30533,11586,11442,1.0
30534,11725,11442,3.0
30535,11869,11442,1.0
30536,11880,11442,1.0
30537,12447,11442,1.0
30538,11171,14129,1.0
30539,13847,14129,1.0
30540,14114,14129,1.0
30541,14700,14129,1.0
30542,15245,14129,1.0
30543,17103,14129,1.0
30544,17808,14129,1.0
30545,11172,13447,1.0
30546,12591,13447,1.0
30547,13159,13447,1.0
30548,13292,13447,1.0
30549,13725,13447,1.0
30550,11178,13997,1.0
30551,12446,13997,1.0
30552,14000,13997,1.0
30553,14422,13997,1.0
30554,11178,15707,1.0
30555,13720,15707,3.0
30556,14133,15707,1.0
30557,14289,15707,1.0
30558,15132,15707,1.0
30559,15134,15707,1.0
30560,15432,15707,1.0
30561,15709,15707,1.0
30562,11178,15987,1.0
30563,14280,15987,1.0
30564,14710,15987,1.0
30565,15132,15987,1.0
30566,15272,15987,2.0
30567,15420,15987,1.0
30568,11222,11803,1.0
30569,11238,13650,1.0
30570,13934,13650,3.0
30571,11253,9988,2.0
30572,11270,11839,1.0
30573,11282,11839,2.0
30574,11701,11839,1.0
30575,11273,11813,2.0
30576,12243,11813,1.0
30577,12668,11813,1.0
30578,11273,14386,1.0
30579,12269,14386,1.0
30580,12435,14386,1.0
30581,12966,14386,1.0
30582,13108,14386,1.0
30583,13389,14386,1.0
30584,13678,14386,3.0
30585,13820,14386,1.0
30586,13821,14386,1.0
30587,13822,14386,1.0
30588,14100,14386,1.0
30589,14102,14386,3.0
30590,14105,14386,1.0
30591,14244,14386,3.0
30592,14384,14386,3.0
30593,14385,14386,6.0
30594,14523,14386,7.0
30595,14529,14386,2.0
30596,14531,14386,1.0
30597,14535,14386,1.0
30598,14537,14386,2.0
30599,14665,14386,1.0
30600,14669,14386,1.0
30601,14695,14386,1.0
30602,14953,14386,4.0
30603,14955,14386,2.0
30604,15094,14386,6.0
30605,15095,14386,1.0
30606,15233,14386,3.0
30607,15243,14386,3.0
30608,16832,14386,2.0
30609,11274,12408,1.0
30610,13699,12408,1.0
30611,11274,17805,1.0
30612,11543,17805,2.0
30613,15398,17805,3.0
30614,11275,11556,1.0
30615,11417,11556,1.0
30616,11560,11556,1.0
30617,11698,11556,1.0
30618,11701,11556,1.0
30619,11980,11556,1.0
30620,11277,10418,1.0
30621,11385,10418,1.0
30622,11277,20162,2.0
30623,12020,20162,1.0
30624,18455,20162,1.0
30625,18591,20162,1.0
30626,18739,20162,1.0
30627,18880,20162,1.0
30628,19022,20162,1.0
30629,19310,20162,1.0
30630,19735,20162,2.0
30631,19736,20162,1.0
30632,19737,20162,2.0
30633,19738,20162,3.0
30634,19876,20162,3.0
30635,19877,20162,1.0
30636,19879,20162,1.0
30637,20020,20162,1.0
30638,20021,20162,2.0
30639,20163,20162,5.0
30640,20304,20162,1.0
30641,20445,20162,1.0
30642,20446,20162,3.0
30643,20730,20162,3.0
30644,11281,13699,1.0
30645,11282,11424,5.0
30646,11560,11424,1.0
30647,11565,11424,1.0
30648,11566,11424,1.0
30649,14003,11424,1.0
30650,11282,11563,1.0
30651,11286,11563,1.0
30652,12275,11563,2.0
30653,11282,16964,1.0
30654,12835,16964,1.0
30655,16830,16964,1.0
30656,11284,11581,1.0
30657,11437,11581,1.0
30658,11439,11581,2.0
30659,11723,11581,2.0
30660,11863,11581,2.0
30661,16131,11581,1.0
30662,11285,6174,1.0
30663,11285,12840,1.0
30664,12701,12840,1.0
30665,14397,12840,1.0
30666,11285,12848,1.0
30667,12564,12848,1.0
30668,12847,12848,1.0
30669,12851,12848,1.0
30670,12857,12848,1.0
30671,12990,12848,1.0
30672,12995,12848,1.0
30673,13142,12848,1.0
30674,13274,12848,1.0
30675,14258,12848,2.0
30676,11286,13126,1.0
30677,11724,13126,1.0
30678,12557,13126,1.0
30679,12842,13126,1.0
30680,12845,13126,1.0
30681,11286,13408,1.0
30682,13128,13408,2.0
30683,13690,13408,1.0
30684,13724,13408,1.0
30685,13832,13408,2.0
30686,13840,13408,3.0
30687,13974,13408,1.0
30688,15116,13408,1.0
30689,16846,13408,1.0
30690,11286,13688,1.0
30691,11448,13688,2.0
30692,12275,13688,1.0
30693,12404,13688,1.0
30694,12824,13688,1.0
30695,13117,13688,1.0
30696,11287,19411,1.0
30697,20406,19411,1.0
30698,11290,12992,1.0
30699,12725,12992,1.0
30700,12999,12992,1.0
30701,13422,12992,1.0
30702,11291,12413,1.0
30703,11716,12413,1.0
30704,14408,12413,1.0
30705,11291,12565,1.0
30706,13277,12565,1.0
30707,11293,12436,1.0
30708,11578,12436,1.0
30709,11869,12436,1.0
30710,12435,12436,1.0
30711,12580,12436,1.0
30712,13289,12436,2.0
30713,11293,14377,1.0
30714,11673,14377,1.0
30715,12245,14377,1.0
30716,14233,14377,2.0
30717,11293,15101,1.0
30718,12406,15101,1.0
30719,13014,15101,1.0
30720,13419,15101,1.0
30721,13677,15101,2.0
30722,13968,15101,1.0
30723,14105,15101,1.0
30724,14386,15101,3.0
30725,14410,15101,2.0
30726,14534,15101,1.0
30727,14535,15101,1.0
30728,14538,15101,2.0
30729,14666,15101,1.0
30730,14675,15101,1.0
30731,14958,15101,2.0
30732,14959,15101,1.0
30733,14975,15101,2.0
30734,15242,15101,1.0
30735,15527,15101,1.0
30736,11294,15680,1.0
30737,11543,15680,1.0
30738,11580,15680,1.0
30739,12014,15680,1.0
30740,13265,15680,1.0
30741,13393,15680,2.0
30742,13719,15680,2.0
30743,14271,15680,1.0
30744,14281,15680,1.0
30745,14410,15680,1.0
30746,14412,15680,1.0
30747,14413,15680,1.0
30748,14537,15680,1.0
30749,14550,15680,1.0
30750,14554,15680,2.0
30751,14687,15680,1.0
30752,14689,15680,1.0
30753,14693,15680,2.0
30754,14992,15680,3.0
30755,15114,15680,2.0
30756,15115,15680,1.0
30757,15117,15680,1.0
30758,15257,15680,2.0
30759,15398,15680,5.0
30760,15679,15680,1.0
30761,15681,15680,1.0
30762,15683,15680,1.0
30763,15818,15680,1.0
30764,15822,15680,5.0
30765,15823,15680,1.0
30766,15960,15680,1.0
30767,15964,15680,4.0
30768,15966,15680,1.0
30769,15969,15680,1.0
30770,16102,15680,1.0
30771,16106,15680,1.0
30772,16386,15680,1.0
30773,16391,15680,4.0
30774,16939,15680,1.0
30775,16962,15680,1.0
30776,17372,15680,3.0
30777,17808,15680,2.0
30778,17810,15680,1.0
30779,11295,10886,1.0
30780,11311,10886,2.0
30781,12737,10886,1.0
30782,14575,10886,1.0
30783,11295,11577,1.0
30784,11312,11577,1.0
30785,11582,11577,1.0
30786,11295,12697,1.0
30787,11296,12697,1.0
30788,11580,12697,1.0
30789,11708,12697,1.0
30790,12432,12697,1.0
30791,12703,12697,1.0
30792,12835,12697,1.0
30793,13126,12697,1.0
30794,13821,12697,1.0
30795,11301,13848,1.0
30796,11459,13848,1.0
30797,11590,13848,1.0
30798,11983,13848,1.0
30799,12001,13848,1.0
30800,12274,13848,2.0
30801,12290,13848,1.0
30802,12562,13848,1.0
30803,13148,13848,1.0
30804,13424,13848,2.0
30805,13706,13848,1.0
30806,13710,13848,2.0
30807,13847,13848,1.0
30808,13850,13848,2.0
30809,14000,13848,1.0
30810,14125,13848,1.0
30811,14426,13848,1.0
30812,14558,13848,1.0
30813,15680,13848,1.0
30814,11307,11439,2.0
30815,11442,11439,1.0
30816,11581,11439,1.0
30817,11309,12869,1.0
30818,12299,12869,1.0
30819,12303,12869,1.0
30820,12444,12869,2.0
30821,12585,12869,1.0
30822,12587,12869,2.0
30823,12589,12869,1.0
30824,12723,12869,3.0
30825,12727,12869,1.0
30826,12729,12869,1.0
30827,12868,12869,2.0
30828,12874,12869,2.0
30829,13011,12869,1.0
30830,13012,12869,1.0
30831,13020,12869,2.0
30832,15434,12869,1.0
30833,11309,13157,1.0
30834,11316,13157,1.0
30835,11457,13157,1.0
30836,11880,13157,1.0
30837,12288,13157,1.0
30838,12306,13157,2.0
30839,12591,13157,1.0
30840,12592,13157,2.0
30841,12742,13157,2.0
30842,12875,13157,1.0
30843,13014,13157,5.0
30844,13016,13157,2.0
30845,13017,13157,3.0
30846,13151,13157,2.0
30847,13156,13157,1.0
30848,13158,13157,1.0
30849,13298,13157,1.0
30850,13300,13157,3.0
30851,13442,13157,3.0
30852,13727,13157,1.0
30853,13730,13157,1.0
30854,14012,13157,1.0
30855,14013,13157,1.0
30856,14270,13157,1.0
30857,14292,13157,1.0
30858,14582,13157,1.0
30859,11309,13906,1.0
30860,13452,13906,1.0
30861,15167,13906,1.0
30862,11312,11882,1.0
30863,11434,11882,1.0
30864,11597,11882,1.0
30865,11740,11882,4.0
30866,11746,11882,1.0
30867,11880,11882,1.0
30868,12020,11882,2.0
30869,12024,11882,1.0
30870,12305,11882,1.0
30871,12308,11882,1.0
30872,12312,11882,1.0
30873,12444,11882,3.0
30874,12446,11882,1.0
30875,12448,11882,2.0
30876,12450,11882,2.0
30877,12589,11882,1.0
30878,12590,11882,1.0
30879,12591,11882,1.0
30880,12732,11882,1.0
30881,13295,11882,1.0
30882,13300,11882,1.0
30883,15169,11882,1.0
30884,15281,11882,1.0
30885,11314,13871,1.0
30886,12742,13871,1.0
30887,12875,13871,1.0
30888,12878,13871,2.0
30889,13445,13871,1.0
30890,13727,13871,1.0
30891,13870,13871,5.0
30892,13872,13871,1.0
30893,14013,13871,2.0
30894,14150,13871,1.0
30895,14296,13871,1.0
30896,14436,13871,2.0
30897,18564,13871,1.0
30898,11315,12029,1.0
30899,11316,12029,1.0
30900,11320,12029,2.0
30901,11454,12029,1.0
30902,11594,12029,1.0
30903,11600,12029,1.0
30904,11887,12029,1.0
30905,12025,12029,1.0
30906,12027,12029,5.0
30907,12310,12029,1.0
30908,12597,12029,1.0
30909,12739,12029,1.0
30910,13724,12029,1.0
30911,11315,12594,3.0
30912,11446,12594,1.0
30913,11463,12594,1.0
30914,11883,12594,1.0
30915,12028,12594,2.0
30916,12310,12594,1.0
30917,12454,12594,1.0
30918,12455,12594,2.0
30919,12593,12594,1.0
30920,12596,12594,1.0
30921,12597,12594,1.0
30922,12737,12594,1.0
30923,12879,12594,1.0
30924,13021,12594,2.0
30925,15425,12594,1.0
30926,11315,13149,1.0
30927,12440,13149,1.0
30928,12873,13149,1.0
30929,13295,13149,1.0
30930,13694,13149,1.0
30931,13869,13149,1.0
30932,14999,13149,1.0
30933,11315,13150,1.0
30934,12582,13150,1.0
30935,12715,13150,1.0
30936,12723,13150,1.0
30937,12988,13150,1.0
30938,13145,13150,2.0
30939,13146,13150,1.0
30940,13152,13150,1.0
30941,13287,13150,1.0
30942,13292,13150,1.0
30943,13437,13150,1.0
30944,13999,13150,1.0
30945,14560,13150,1.0
30946,17318,13150,1.0
30947,11315,13434,1.0
30948,11446,13434,3.0
30949,12292,13434,1.0
30950,13007,13434,1.0
30951,13150,13434,1.0
30952,13290,13434,3.0
30953,13292,13434,4.0
30954,13435,13434,5.0
30955,13438,13434,1.0
30956,13716,13434,2.0
30957,13854,13434,1.0
30958,13861,13434,1.0
30959,11317,12444,1.0
30960,11873,12444,3.0
30961,11882,12444,1.0
30962,12016,12444,1.0
30963,12019,12444,1.0
30964,12299,12444,1.0
30965,12302,12444,1.0
30966,12304,12444,1.0
30967,12306,12444,1.0
30968,12441,12444,1.0
30969,12442,12444,3.0
30970,12443,12444,2.0
30971,12445,12444,1.0
30972,12446,12444,1.0
30973,12572,12444,1.0
30974,12582,12444,1.0
30975,12584,12444,5.0
30976,12585,12444,1.0
30977,12869,12444,2.0
30978,13151,12444,1.0
30979,11318,11885,1.0
30980,11458,11885,3.0
30981,11462,11885,1.0
30982,11591,11885,1.0
30983,11598,11885,1.0
30984,11599,11885,2.0
30985,11603,11885,1.0
30986,11740,11885,1.0
30987,11742,11885,6.0
30988,11743,11885,1.0
30989,11744,11885,2.0
30990,11745,11885,1.0
30991,11746,11885,1.0
30992,11841,11885,1.0
30993,11883,11885,1.0
30994,11884,11885,1.0
30995,11886,11885,2.0
30996,11887,11885,1.0
30997,12022,11885,1.0
30998,12025,11885,1.0
30999,12027,11885,2.0
31000,12028,11885,3.0
31001,12030,11885,4.0
31002,12312,11885,1.0
31003,12454,11885,2.0
31004,12580,11885,1.0
31005,12599,11885,1.0
31006,12715,11885,1.0
31007,12739,11885,1.0
31008,12879,11885,1.0
31009,12881,11885,1.0
31010,13000,11885,1.0
31011,13165,11885,1.0
31012,13317,11885,1.0
31013,13443,11885,1.0
31014,13705,11885,1.0
31015,13866,11885,2.0
31016,15565,11885,1.0
31017,11320,11321,1.0
31018,11322,11321,1.0
31019,11460,11321,1.0
31020,11462,11321,1.0
31021,12032,11321,1.0
31022,11320,14256,1.0
31023,11580,14256,1.0
31024,12856,14256,1.0
31025,12860,14256,1.0
31026,11322,14449,1.0
31027,15312,14449,1.0
31028,11377,11090,3.0
31029,11517,11090,2.0
31030,11518,11090,4.0
31031,11377,11809,1.0
31032,11517,11809,1.0
31033,11952,11809,1.0
31034,11382,12400,1.0
31035,11385,11243,1.0
31036,11385,11533,3.0
31037,11385,18112,1.0
31038,11389,11673,1.0
31039,12952,11673,1.0
31040,11393,12244,1.0
31041,12527,12244,1.0
31042,11397,11250,2.0
31043,11401,10833,1.0
31044,13933,10833,1.0
31045,11401,12692,1.0
31046,12268,12692,1.0
31047,12549,12692,1.0
31048,12697,12692,1.0
31049,12835,12692,2.0
31050,12836,12692,2.0
31051,12837,12692,1.0
31052,13261,12692,1.0
31053,13828,12692,1.0
31054,11401,13933,1.0
31055,11673,13933,1.0
31056,12548,13933,1.0
31057,13067,13933,1.0
31058,13079,13933,1.0
31059,13410,13933,1.0
31060,13793,13933,2.0
31061,13931,13933,1.0
31062,13934,13933,4.0
31063,13942,13933,1.0
31064,14075,13933,1.0
31065,14143,13933,1.0
31066,14216,13933,1.0
31067,14218,13933,2.0
31068,14924,13933,2.0
31069,15920,13933,2.0
31070,11401,14682,1.0
31071,11580,14682,1.0
31072,14102,14682,1.0
31073,14386,14682,1.0
31074,14532,14682,2.0
31075,14539,14682,1.0
31076,14685,14682,1.0
31077,14689,14682,1.0
31078,15101,14682,2.0
31079,11401,16391,1.0
31080,12446,16391,1.0
31081,12688,16391,1.0
31082,14970,16391,1.0
31083,14977,16391,3.0
31084,15119,16391,1.0
31085,15256,16391,1.0
31086,15398,16391,1.0
31087,15680,16391,6.0
31088,15681,16391,1.0
31089,15823,16391,5.0
31090,16390,16391,1.0
31091,16674,16391,5.0
31092,16830,16391,2.0
31093,11418,13686,1.0
31094,12725,13686,1.0
31095,12824,13686,1.0
31096,13392,13686,1.0
31097,13690,13686,1.0
31098,14257,13686,1.0
31099,14422,13686,1.0
31100,14559,13686,1.0
31101,15126,13686,1.0
31102,15512,13686,1.0
31103,16121,13686,1.0
31104,11419,11553,1.0
31105,11698,11553,1.0
31106,11857,11553,1.0
31107,11421,12867,1.0
31108,12725,12867,1.0
31109,12728,12867,1.0
31110,12868,12867,1.0
31111,13008,12867,1.0
31112,11423,11708,1.0
31113,11428,11708,1.0
31114,11560,11708,1.0
31115,11564,11708,1.0
31116,11565,11708,1.0
31117,11709,11708,1.0
31118,11841,11708,1.0
31119,12275,11708,1.0
31120,12281,11708,1.0
31121,11424,14003,1.0
31122,12723,14003,1.0
31123,12727,14003,2.0
31124,13292,14003,1.0
31125,14559,14003,1.0
31126,11424,15123,2.0
31127,11574,15123,1.0
31128,12437,15123,1.0
31129,13143,15123,1.0
31130,14681,15123,2.0
31131,14688,15123,1.0
31132,14982,15123,1.0
31133,15122,15123,1.0
31134,15134,15123,1.0
31135,15974,15123,2.0
31136,16386,15123,1.0
31137,16832,15123,1.0
31138,16972,15123,1.0
31139,11427,14923,1.0
31140,13655,14923,1.0
31141,13932,14923,1.0
31142,11430,14233,2.0
31143,11717,14233,1.0
31144,13388,14233,1.0
31145,13661,14233,1.0
31146,14234,14233,1.0
31147,14375,14233,2.0
31148,14377,14233,1.0
31149,14536,14233,1.0
31150,14658,14233,2.0
31151,11432,11712,1.0
31152,11568,11712,1.0
31153,12278,11712,1.0
31154,13983,11712,1.0
31155,11432,16962,1.0
31156,13265,16962,1.0
31157,15411,16962,1.0
31158,15680,16962,1.0
31159,11434,15539,1.0
31160,13977,15539,1.0
31161,14267,15539,1.0
31162,14413,15539,2.0
31163,14688,15539,1.0
31164,14689,15539,2.0
31165,14694,15539,1.0
31166,15253,15539,1.0
31167,15257,15539,2.0
31168,15396,15539,1.0
31169,15680,15539,1.0
31170,15816,15539,1.0
31171,15961,15539,2.0
31172,16800,15539,1.0
31173,11440,4902,1.0
31174,11440,12438,1.0
31175,12007,12438,1.0
31176,12010,12438,1.0
31177,12011,12438,1.0
31178,12013,12438,1.0
31179,12292,12438,2.0
31180,12295,12438,1.0
31181,12296,12438,1.0
31182,12440,12438,2.0
31183,12443,12438,1.0
31184,12580,12438,1.0
31185,12581,12438,1.0
31186,12716,12438,1.0
31187,12862,12438,1.0
31188,12873,12438,1.0
31189,13171,12438,2.0
31190,13422,12438,1.0
31191,13713,12438,2.0
31192,15139,12438,1.0
31193,11440,12860,2.0
31194,12007,12860,2.0
31195,12011,12860,1.0
31196,12577,12860,2.0
31197,12718,12860,1.0
31198,12719,12860,1.0
31199,12721,12860,3.0
31200,12859,12860,1.0
31201,13002,12860,1.0
31202,13707,12860,1.0
31203,13854,12860,1.0
31204,11440,14262,1.0
31205,14124,14262,2.0
31206,14263,14262,2.0
31207,14405,14262,2.0
31208,14410,14262,1.0
31209,14532,14262,1.0
31210,14535,14262,1.0
31211,14545,14262,3.0
31212,15113,14262,1.0
31213,15411,14262,1.0
31214,11441,11583,1.0
31215,11584,11583,1.0
31216,11587,11583,1.0
31217,11724,11583,1.0
31218,11725,11583,1.0
31219,11875,11583,1.0
31220,11442,12447,1.0
31221,11744,12447,1.0
31222,12021,12447,1.0
31223,12292,12447,1.0
31224,12306,12447,3.0
31225,12446,12447,4.0
31226,12448,12447,2.0
31227,12449,12447,2.0
31228,12451,12447,2.0
31229,12455,12447,3.0
31230,12582,12447,1.0
31231,12588,12447,1.0
31232,12589,12447,2.0
31233,12852,12447,2.0
31234,13007,12447,2.0
31235,13298,12447,2.0
31236,13440,12447,1.0
31237,14297,12447,1.0
31238,14987,12447,1.0
31239,15135,12447,1.0
31240,11443,12721,1.0
31241,11588,12721,1.0
31242,11872,12721,1.0
31243,12275,12721,1.0
31244,12292,12721,1.0
31245,12296,12721,1.0
31246,12298,12721,1.0
31247,12569,12721,1.0
31248,12578,12721,1.0
31249,12582,12721,1.0
31250,12719,12721,2.0
31251,12720,12721,10.0
31252,12722,12721,1.0
31253,12860,12721,3.0
31254,12862,12721,8.0
31255,13001,12721,1.0
31256,13004,12721,1.0
31257,13005,12721,1.0
31258,18719,12721,1.0
31259,11443,14710,1.0
31260,12295,14710,1.0
31261,13721,14710,1.0
31262,13857,14710,1.0
31263,13979,14710,1.0
31264,14010,14710,1.0
31265,14286,14710,2.0
31266,14426,14710,1.0
31267,14992,14710,1.0
31268,14993,14710,1.0
31269,14994,14710,1.0
31270,15131,14710,1.0
31271,15133,14710,1.0
31272,15134,14710,3.0
31273,15272,14710,2.0
31274,15284,14710,1.0
31275,15417,14710,1.0
31276,15419,14710,3.0
31277,15560,14710,1.0
31278,16839,14710,1.0
31279,18113,14710,1.0
31280,11444,12297,1.0
31281,11446,12297,1.0
31282,11586,12297,1.0
31283,11723,12297,1.0
31284,11725,12297,1.0
31285,12009,12297,1.0
31286,12011,12297,1.0
31287,12296,12297,2.0
31288,12298,12297,1.0
31289,12439,12297,1.0
31290,12884,12297,1.0
31291,14293,12297,1.0
31292,15964,12297,1.0
31293,17976,12297,1.0
31294,11444,12688,1.0
31295,11580,12688,1.0
31296,12546,12688,1.0
31297,12548,12688,1.0
31298,12716,12688,1.0
31299,12832,12688,1.0
31300,12856,12688,1.0
31301,12972,12688,3.0
31302,12973,12688,1.0
31303,12999,12688,2.0
31304,13114,12688,1.0
31305,13122,12688,1.0
31306,11444,14413,1.0
31307,11868,14413,2.0
31308,12291,14413,1.0
31309,12304,14413,1.0
31310,12740,14413,1.0
31311,12845,14413,2.0
31312,13265,14413,1.0
31313,13845,14413,1.0
31314,13855,14413,1.0
31315,13986,14413,1.0
31316,14268,14413,2.0
31317,14393,14413,1.0
31318,14409,14413,2.0
31319,14411,14413,5.0
31320,14412,14413,1.0
31321,14986,14413,1.0
31322,15121,14413,1.0
31323,15122,14413,1.0
31324,15135,14413,1.0
31325,15258,14413,1.0
31326,15260,14413,2.0
31327,15539,14413,2.0
31328,15542,14413,1.0
31329,15680,14413,1.0
31330,16688,14413,1.0
31331,17139,14413,1.0
31332,17236,14413,1.0
31333,17396,14413,2.0
31334,11446,11728,1.0
31335,11448,11728,1.0
31336,11586,11728,2.0
31337,11590,11728,2.0
31338,11730,11728,2.0
31339,11870,11728,1.0
31340,12286,11728,1.0
31341,12582,11728,1.0
31342,12856,11728,1.0
31343,13153,11728,1.0
31344,11446,11730,2.0
31345,11586,11730,1.0
31346,11588,11730,4.0
31347,11591,11730,1.0
31348,11593,11730,1.0
31349,11728,11730,2.0
31350,12291,11730,1.0
31351,12441,11730,2.0
31352,12443,11730,1.0
31353,12723,11730,1.0
31354,12725,11730,1.0
31355,11446,12300,2.0
31356,11448,12300,1.0
31357,12441,12300,1.0
31358,12442,12300,1.0
31359,12443,12300,1.0
31360,12727,12300,1.0
31361,12869,12300,1.0
31362,13145,12300,1.0
31363,11446,12580,1.0
31364,12435,12580,1.0
31365,12436,12580,1.0
31366,12438,12580,1.0
31367,12440,12580,1.0
31368,12579,12580,3.0
31369,12588,12580,1.0
31370,12720,12580,1.0
31371,12724,12580,1.0
31372,12731,12580,1.0
31373,12866,12580,1.0
31374,13313,12580,1.0
31375,13855,12580,1.0
31376,11446,12722,1.0
31377,12013,12722,1.0
31378,12438,12722,1.0
31379,12579,12722,1.0
31380,12580,12722,1.0
31381,12723,12722,3.0
31382,12863,12722,1.0
31383,13143,12722,1.0
31384,13148,12722,1.0
31385,13152,12722,1.0
31386,13290,12722,1.0
31387,13292,12722,3.0
31388,14529,12722,1.0
31389,11446,12871,1.0
31390,11580,12871,1.0
31391,11740,12871,1.0
31392,12445,12871,1.0
31393,12452,12871,1.0
31394,12453,12871,1.0
31395,12726,12871,1.0
31396,12729,12871,1.0
31397,12734,12871,1.0
31398,13012,12871,2.0
31399,13438,12871,1.0
31400,15164,12871,1.0
31401,19452,12871,1.0
31402,11446,13008,1.0
31403,11448,13008,1.0
31404,11450,13008,1.0
31405,12587,13008,1.0
31406,13440,13008,1.0
31407,13868,13008,1.0
31408,14408,13008,1.0
31409,16529,13008,1.0
31410,11446,13144,1.0
31411,12298,13144,1.0
31412,12432,13144,2.0
31413,12576,13144,1.0
31414,12581,13144,1.0
31415,12719,13144,1.0
31416,12861,13144,1.0
31417,12862,13144,1.0
31418,13004,13144,1.0
31419,13010,13144,1.0
31420,13143,13144,1.0
31421,13146,13144,2.0
31422,13148,13144,1.0
31423,14277,13144,1.0
31424,14437,13144,1.0
31425,11446,13433,1.0
31426,11745,13433,1.0
31427,12720,13433,1.0
31428,12825,13433,1.0
31429,12859,13433,1.0
31430,13007,13433,1.0
31431,13289,13433,1.0
31432,13291,13433,1.0
31433,13292,13433,2.0
31434,13431,13433,2.0
31435,13432,13433,1.0
31436,13434,13433,1.0
31437,13716,13433,6.0
31438,13717,13433,3.0
31439,13860,13433,2.0
31440,13998,13433,1.0
31441,14140,13433,1.0
31442,14143,13433,1.0
31443,14296,13433,2.0
31444,14426,13433,3.0
31445,14567,13433,1.0
31446,18099,13433,2.0
31447,11446,13878,1.0
31448,11460,13878,1.0
31449,11604,13878,1.0
31450,13012,13878,1.0
31451,13023,13878,1.0
31452,13296,13878,1.0
31453,13300,13878,2.0
31454,13302,13878,2.0
31455,13309,13878,2.0
31456,13312,13878,1.0
31457,13741,13878,1.0
31458,13854,13878,1.0
31459,13879,13878,1.0
31460,14006,13878,1.0
31461,14012,13878,2.0
31462,14191,13878,1.0
31463,14296,13878,1.0
31464,14298,13878,2.0
31465,14302,13878,2.0
31466,14583,13878,1.0
31467,15005,13878,1.0
31468,15160,13878,1.0
31469,18573,13878,1.0
31470,11446,13999,1.0
31471,12411,13999,1.0
31472,13004,13999,2.0
31473,13009,13999,1.0
31474,13712,13999,1.0
31475,14000,13999,1.0
31476,14012,13999,1.0
31477,15142,13999,1.0
31478,11446,15701,1.0
31479,13245,15701,1.0
31480,14292,15701,1.0
31481,15272,15701,1.0
31482,15702,15701,1.0
31483,11447,14149,2.0
31484,13144,14149,1.0
31485,13456,14149,1.0
31486,13725,14149,1.0
31487,13726,14149,1.0
31488,13868,14149,1.0
31489,13870,14149,3.0
31490,14006,14149,1.0
31491,14008,14149,2.0
31492,14009,14149,1.0
31493,14010,14149,2.0
31494,14011,14149,1.0
31495,14150,14149,1.0
31496,14151,14149,1.0
31497,14153,14149,1.0
31498,14154,14149,1.0
31499,14289,14149,1.0
31500,14292,14149,5.0
31501,14295,14149,2.0
31502,14296,14149,2.0
31503,14298,14149,2.0
31504,15000,14149,1.0
31505,15002,14149,1.0
31506,15003,14149,1.0
31507,15143,14149,1.0
31508,15974,14149,1.0
31509,17271,14149,1.0
31510,11448,11875,2.0
31511,11450,11875,1.0
31512,11588,11875,1.0
31513,11589,11875,1.0
31514,11591,11875,1.0
31515,11592,11875,2.0
31516,11733,11875,1.0
31517,11734,11875,1.0
31518,11742,11875,1.0
31519,11874,11875,1.0
31520,11878,11875,2.0
31521,11882,11875,1.0
31522,12017,11875,1.0
31523,12019,11875,1.0
31524,12020,11875,1.0
31525,12022,11875,1.0
31526,12303,11875,1.0
31527,12585,11875,1.0
31528,12593,11875,1.0
31529,12599,11875,1.0
31530,12720,11875,1.0
31531,12869,11875,1.0
31532,13158,11875,1.0
31533,13299,11875,1.0
31534,13309,11875,1.0
31535,13312,11875,1.0
31536,14289,11875,1.0
31537,14295,11875,1.0
31538,11448,12013,1.0
31539,11543,12013,1.0
31540,11871,12013,3.0
31541,11872,12013,1.0
31542,11996,12013,1.0
31543,12011,12013,1.0
31544,12296,12013,2.0
31545,12297,12013,1.0
31546,12298,12013,2.0
31547,12419,12013,1.0
31548,12435,12013,1.0
31549,12438,12013,1.0
31550,12711,12013,1.0
31551,12722,12013,1.0
31552,12724,12013,1.0
31553,13004,12013,1.0
31554,15735,12013,1.0
31555,15969,12013,1.0
31556,11448,12730,1.0
31557,11584,12730,1.0
31558,12020,12730,1.0
31559,12441,12730,1.0
31560,12443,12730,1.0
31561,12446,12730,1.0
31562,12588,12730,2.0
31563,12593,12730,2.0
31564,12872,12730,1.0
31565,13160,12730,3.0
31566,14711,12730,1.0
31567,11448,13718,1.0
31568,13432,13718,3.0
31569,13853,13718,1.0
31570,11448,15167,1.0
31571,11741,15167,1.0
31572,12028,15167,1.0
31573,13906,15167,1.0
31574,14151,15167,1.0
31575,14191,15167,2.0
31576,14553,15167,1.0
31577,14593,15167,1.0
31578,15017,15167,1.0
31579,15018,15167,1.0
31580,15019,15167,1.0
31581,15024,15167,1.0
31582,15165,15167,1.0
31583,15166,15167,1.0
31584,15168,15167,1.0
31585,15174,15167,1.0
31586,15307,15167,2.0
31587,15454,15167,1.0
31588,11448,15277,1.0
31589,12575,15277,1.0
31590,12579,15277,1.0
31591,12715,15277,1.0
31592,13004,15277,1.0
31593,13442,15277,1.0
31594,13443,15277,1.0
31595,13711,15277,1.0
31596,14538,15277,1.0
31597,14559,15277,1.0
31598,14709,15277,1.0
31599,14710,15277,1.0
31600,14994,15277,6.0
31601,15132,15277,1.0
31602,15133,15277,2.0
31603,15134,15277,6.0
31604,15135,15277,1.0
31605,15413,15277,1.0
31606,15417,15277,1.0
31607,15419,15277,1.0
31608,17422,15277,1.0
31609,11449,14592,1.0
31610,12003,14592,1.0
31611,12450,14592,1.0
31612,13157,14592,1.0
31613,11449,17255,1.0
31614,11561,17255,1.0
31615,11841,17255,1.0
31616,13006,17255,1.0
31617,14693,17255,1.0
31618,15836,17255,1.0
31619,16547,17255,1.0
31620,16688,17255,1.0
31621,16689,17255,3.0
31622,17110,17255,1.0
31623,17114,17255,2.0
31624,17116,17255,1.0
31625,17252,17255,1.0
31626,17523,17255,1.0
31627,17537,17255,1.0
31628,17538,17255,1.0
31629,17540,17255,2.0
31630,17542,17255,1.0
31631,17967,17255,2.0
31632,18099,17255,2.0
31633,18229,17255,1.0
31634,11450,12305,1.0
31635,11456,12305,2.0
31636,11739,12305,1.0
31637,11878,12305,1.0
31638,12022,12305,1.0
31639,12304,12305,1.0
31640,12307,12305,1.0
31641,12437,12305,1.0
31642,12448,12305,1.0
31643,12586,12305,1.0
31644,13300,12305,3.0
31645,11450,17013,1.0
31646,14021,17013,1.0
31647,14149,17013,1.0
31648,17154,17013,3.0
31649,17587,17013,1.0
31650,18431,17013,1.0
31651,18573,17013,1.0
31652,18852,17013,1.0
31653,20136,17013,1.0
31654,20406,17013,1.0
31655,22122,17013,1.0
31656,11451,12308,1.0
31657,11457,12308,2.0
31658,11460,12308,4.0
31659,11591,12308,2.0
31660,11593,12308,1.0
31661,12003,12308,1.0
31662,12024,12308,1.0
31663,12306,12308,1.0
31664,12307,12308,5.0
31665,12446,12308,1.0
31666,12449,12308,2.0
31667,12450,12308,2.0
31668,12454,12308,1.0
31669,12591,12308,1.0
31670,12725,12308,2.0
31671,11453,12731,1.0
31672,12446,12731,1.0
31673,12590,12731,1.0
31674,12726,12731,1.0
31675,12875,12731,1.0
31676,13156,12731,2.0
31677,11454,12309,1.0
31678,11741,12309,1.0
31679,11859,12309,1.0
31680,11887,12309,1.0
31681,12026,12309,1.0
31682,12310,12309,2.0
31683,12312,12309,1.0
31684,12443,12309,1.0
31685,12451,12309,1.0
31686,12452,12309,1.0
31687,12581,12309,1.0
31688,12732,12309,1.0
31689,12884,12309,1.0
31690,14576,12309,1.0
31691,14716,12309,1.0
31692,19273,12309,1.0
31693,11456,14722,1.0
31694,14297,14722,1.0
31695,14298,14722,1.0
31696,14701,14722,1.0
31697,11457,13169,1.0
31698,12309,13169,1.0
31699,12457,13169,1.0
31700,12593,13169,1.0
31701,12741,13169,1.0
31702,13309,13169,1.0
31703,11457,13309,2.0
31704,11742,13309,1.0
31705,11875,13309,1.0
31706,12027,13309,1.0
31707,12028,13309,1.0
31708,12030,13309,1.0
31709,12450,13309,1.0
31710,12595,13309,1.0
31711,13023,13309,1.0
31712,13167,13309,4.0
31713,13169,13309,1.0
31714,13736,13309,1.0
31715,13878,13309,3.0
31716,14014,13309,1.0
31717,15166,13309,1.0
31718,15738,13309,1.0
31719,11457,15981,1.0
31720,11543,15981,1.0
31721,13855,15981,1.0
31722,15984,15981,2.0
31723,11459,12016,1.0
31724,11871,12016,1.0
31725,11882,12016,1.0
31726,12017,12016,1.0
31727,12022,12016,1.0
31728,12299,12016,3.0
31729,12723,12016,1.0
31730,14287,12016,1.0
31731,15284,12016,1.0
31732,11459,14136,1.0
31733,12425,14136,1.0
31734,13711,14136,1.0
31735,14126,14136,1.0
31736,14135,14136,1.0
31737,14276,14136,2.0
31738,11459,14305,1.0
31739,12313,14305,1.0
31740,19024,14305,1.0
31741,11459,14440,1.0
31742,12448,14440,1.0
31743,13014,14440,1.0
31744,13301,14440,1.0
31745,13446,14440,1.0
31746,13726,14440,3.0
31747,14291,14440,1.0
31748,14297,14440,1.0
31749,14442,14440,2.0
31750,14581,14440,2.0
31751,15002,14440,1.0
31752,11460,12874,1.0
31753,11718,12874,1.0
31754,12030,12874,2.0
31755,12292,12874,1.0
31756,12435,12874,1.0
31757,12444,12874,1.0
31758,12575,12874,1.0
31759,12590,12874,1.0
31760,12725,12874,1.0
31761,12734,12874,1.0
31762,12869,12874,2.0
31763,12875,12874,1.0
31764,13011,12874,1.0
31765,13154,12874,1.0
31766,13682,12874,1.0
31767,11462,12026,1.0
31768,11590,12026,1.0
31769,11878,12026,3.0
31770,11879,12026,1.0
31771,12020,12026,1.0
31772,12022,12026,1.0
31773,12027,12026,3.0
31774,12309,12026,1.0
31775,12310,12026,3.0
31776,12312,12026,1.0
31777,12451,12026,1.0
31778,12454,12026,1.0
31779,12590,12026,5.0
31780,12596,12026,1.0
31781,12597,12026,3.0
31782,12725,12026,1.0
31783,14721,12026,1.0
31784,11462,12313,1.0
31785,11887,12313,1.0
31786,12028,12313,2.0
31787,12314,12313,1.0
31788,12588,12313,1.0
31789,12593,12313,1.0
31790,12724,12313,1.0
31791,12739,12313,1.0
31792,12875,12313,1.0
31793,13302,12313,1.0
31794,11463,15015,1.0
31795,15165,15015,2.0
31796,11517,11659,1.0
31797,11529,11659,1.0
31798,11519,11094,3.0
31799,11805,11094,2.0
31800,11519,11241,1.0
31801,11529,11241,2.0
31802,11519,14916,1.0
31803,13934,14916,1.0
31804,14633,14916,2.0
31805,14634,14916,1.0
31806,15342,14916,3.0
31807,15768,14916,2.0
31808,11522,11224,1.0
31809,11522,14523,1.0
31810,11983,14523,2.0
31811,12283,14523,1.0
31812,13678,14523,2.0
31813,14102,14523,1.0
31814,14384,14523,1.0
31815,14386,14523,4.0
31816,14410,14523,4.0
31817,14531,14523,1.0
31818,14535,14523,1.0
31819,14958,14523,1.0
31820,15398,14523,1.0
31821,11543,10835,1.0
31822,11543,11113,1.0
31823,12254,11113,1.0
31824,11543,12272,1.0
31825,11566,12272,1.0
31826,11585,12272,1.0
31827,11703,12272,1.0
31828,11852,12272,1.0
31829,11864,12272,1.0
31830,11983,12272,1.0
31831,12275,12272,3.0
31832,12276,12272,2.0
31833,11543,16938,1.0
31834,11543,17808,1.0
31835,11580,17808,2.0
31836,13009,17808,2.0
31837,13853,17808,1.0
31838,14129,17808,1.0
31839,14397,17808,1.0
31840,15256,17808,1.0
31841,15659,17808,1.0
31842,15680,17808,2.0
31843,15822,17808,3.0
31844,16939,17808,1.0
31845,17083,17808,1.0
31846,17240,17808,1.0
31847,17382,17808,3.0
31848,17386,17808,1.0
31849,17524,17808,1.0
31850,17528,17808,3.0
31851,17810,17808,1.0
31852,17950,17808,1.0
31853,11544,11551,1.0
31854,11699,11551,1.0
31855,11548,11122,1.0
31856,11703,11122,1.0
31857,11549,11697,1.0
31858,11699,11697,1.0
31859,11706,11697,1.0
31860,11840,11697,1.0
31861,11983,11697,1.0
31862,12020,11697,1.0
31863,11560,11557,2.0
31864,11562,12418,1.0
31865,11722,12418,1.0
31866,11853,12418,1.0
31867,12276,12418,1.0
31868,12277,12418,1.0
31869,12559,12418,2.0
31870,13983,12418,1.0
31871,11562,14529,1.0
31872,12722,14529,1.0
31873,14102,14529,2.0
31874,14244,14529,2.0
31875,14685,14529,2.0
31876,14955,14529,2.0
31877,15097,14529,1.0
31878,11564,13105,2.0
31879,14531,13105,1.0
31880,11565,11850,1.0
31881,11566,11850,1.0
31882,11705,11850,1.0
31883,11853,11850,1.0
31884,11994,11850,1.0
31885,11565,12019,1.0
31886,11595,12019,1.0
31887,11601,12019,1.0
31888,11875,12019,1.0
31889,11880,12019,1.0
31890,12303,12019,1.0
31891,12304,12019,1.0
31892,12443,12019,1.0
31893,12585,12019,1.0
31894,12876,12019,1.0
31895,12884,12019,1.0
31896,13015,12019,1.0
31897,13974,12019,1.0
31898,14994,12019,1.0
31899,15969,12019,1.0
31900,11565,13154,1.0
31901,12299,13154,1.0
31902,12595,13154,2.0
31903,12723,13154,1.0
31904,13011,13154,2.0
31905,13151,13154,1.0
31906,13156,13154,1.0
31907,13167,13154,1.0
31908,13297,13154,2.0
31909,13723,13154,1.0
31910,13725,13154,1.0
31911,13864,13154,2.0
31912,14148,13154,1.0
31913,11566,12712,1.0
31914,11566,14113,1.0
31915,13140,14113,1.0
31916,11568,12969,1.0
31917,11568,14693,1.0
31918,11584,14693,1.0
31919,12293,14693,1.0
31920,12560,14693,1.0
31921,12999,14693,1.0
31922,13119,14693,1.0
31923,13140,14693,1.0
31924,13419,14693,1.0
31925,13844,14693,1.0
31926,14125,14693,1.0
31927,14130,14693,1.0
31928,14255,14693,1.0
31929,14262,14693,1.0
31930,14408,14693,1.0
31931,14410,14693,3.0
31932,14412,14693,1.0
31933,14413,14693,1.0
31934,14426,14693,1.0
31935,14535,14693,1.0
31936,14553,14693,2.0
31937,14692,14693,1.0
31938,14694,14693,1.0
31939,15128,14693,1.0
31940,15131,14693,1.0
31941,15134,14693,2.0
31942,15254,14693,1.0
31943,15257,14693,1.0
31944,15258,14693,1.0
31945,15401,14693,1.0
31946,15680,14693,1.0
31947,15711,14693,1.0
31948,15832,14693,1.0
31949,16121,14693,1.0
31950,16940,14693,1.0
31951,17114,14693,1.0
31952,11573,12577,1.0
31953,11724,12577,1.0
31954,12009,12577,1.0
31955,12295,12577,1.0
31956,12296,12577,1.0
31957,12425,12577,1.0
31958,12434,12577,1.0
31959,12441,12577,1.0
31960,12575,12577,3.0
31961,12576,12577,3.0
31962,12579,12577,4.0
31963,12716,12577,1.0
31964,12718,12577,1.0
31965,12860,12577,2.0
31966,13003,12577,1.0
31967,11574,13119,1.0
31968,12405,13119,1.0
31969,12835,13119,1.0
31970,12839,13119,3.0
31971,12978,13119,1.0
31972,13260,13119,1.0
31973,11574,16830,1.0
31974,11742,16830,1.0
31975,13855,16830,1.0
31976,14269,16830,1.0
31977,14410,16830,1.0
31978,15126,16830,1.0
31979,15135,16830,1.0
31980,15978,16830,1.0
31981,16391,16830,2.0
31982,16545,16830,3.0
31983,16689,16830,2.0
31984,16690,16830,1.0
31985,16972,16830,1.0
31986,17114,16830,1.0
31987,17257,16830,1.0
31988,17391,16830,1.0
31989,11575,13127,1.0
31990,12839,13127,1.0
31991,12843,13127,5.0
31992,12844,13127,2.0
31993,12845,13127,2.0
31994,11579,13431,1.0
31995,12955,13431,1.0
31996,13007,13431,1.0
31997,13432,13431,1.0
31998,13433,13431,3.0
31999,13714,13431,1.0
32000,13716,13431,3.0
32001,11580,11421,1.0
32002,11983,11421,1.0
32003,12867,11421,1.0
32004,11580,11848,1.0
32005,11706,11848,1.0
32006,11709,11848,1.0
32007,11983,11848,1.0
32008,12275,11848,2.0
32009,12572,11848,1.0
32010,13146,11848,1.0
32011,11580,12546,1.0
32012,11704,12546,1.0
32013,12548,12546,3.0
32014,12575,12546,1.0
32015,12688,12546,2.0
32016,12974,12546,1.0
32017,11580,12694,1.0
32018,11702,12694,1.0
32019,12692,12694,2.0
32020,12835,12694,4.0
32021,13392,12694,1.0
32022,13417,12694,1.0
32023,11580,12709,1.0
32024,11585,12709,1.0
32025,11587,12709,1.0
32026,12001,12709,2.0
32027,12425,12709,3.0
32028,12851,12709,2.0
32029,13153,12709,1.0
32030,13703,12709,1.0
32031,13847,12709,1.0
32032,14126,12709,1.0
32033,14419,12709,1.0
32034,16799,12709,1.0
32035,11580,12859,1.0
32036,11586,12859,3.0
32037,12011,12859,1.0
32038,12292,12859,2.0
32039,12294,12859,1.0
32040,12435,12859,1.0
32041,12572,12859,2.0
32042,12573,12859,1.0
32043,12574,12859,1.0
32044,12576,12859,2.0
32045,12715,12859,2.0
32046,12716,12859,1.0
32047,12717,12859,2.0
32048,12718,12859,1.0
32049,12719,12859,2.0
32050,12723,12859,4.0
32051,12860,12859,1.0
32052,12862,12859,1.0
32053,12863,12859,1.0
32054,12999,12859,1.0
32055,13003,12859,1.0
32056,13011,12859,1.0
32057,13144,12859,1.0
32058,13422,12859,1.0
32059,13424,12859,1.0
32060,13717,12859,1.0
32061,14420,12859,1.0
32062,11580,12979,1.0
32063,12835,12979,3.0
32064,12978,12979,2.0
32065,13122,12979,3.0
32066,13266,12979,1.0
32067,13271,12979,1.0
32068,13675,12979,1.0
32069,11580,13155,1.0
32070,12734,13155,1.0
32071,13014,13155,1.0
32072,17155,13155,1.0
32073,19875,13155,1.0
32074,11580,13684,1.0
32075,11696,13684,1.0
32076,12563,13684,1.0
32077,13245,13684,1.0
32078,13694,13684,1.0
32079,17108,13684,1.0
32080,11580,13711,1.0
32081,12003,13711,1.0
32082,12288,13711,1.0
32083,12579,13711,1.0
32084,12703,13711,1.0
32085,12717,13711,1.0
32086,13143,13711,1.0
32087,13145,13711,1.0
32088,13290,13711,1.0
32089,13714,13711,1.0
32090,13722,13711,1.0
32091,13986,13711,1.0
32092,14132,13711,1.0
32093,14136,13711,1.0
32094,14276,13711,1.0
32095,15277,13711,1.0
32096,15999,13711,1.0
32097,11580,13972,1.0
32098,13117,13972,3.0
32099,13120,13972,2.0
32100,13261,13972,1.0
32101,13400,13972,1.0
32102,13689,13972,1.0
32103,13691,13972,2.0
32104,13974,13972,1.0
32105,14404,13972,1.0
32106,11580,14114,2.0
32107,13117,14114,1.0
32108,13690,14114,1.0
32109,13970,14114,1.0
32110,13974,14114,1.0
32111,13982,14114,1.0
32112,11580,14140,1.0
32113,13716,14140,1.0
32114,13998,14140,3.0
32115,15134,14140,1.0
32116,11580,14385,1.0
32117,13678,14385,2.0
32118,13682,14385,1.0
32119,13958,14385,4.0
32120,14100,14385,1.0
32121,14102,14385,2.0
32122,14143,14385,1.0
32123,14235,14385,1.0
32124,14386,14385,3.0
32125,14523,14385,1.0
32126,14531,14385,1.0
32127,14561,14385,1.0
32128,14665,14385,2.0
32129,14666,14385,2.0
32130,14670,14385,2.0
32131,14955,14385,1.0
32132,14958,14385,1.0
32133,15240,14385,1.0
32134,11580,14399,1.0
32135,14410,14399,1.0
32136,11580,14405,2.0
32137,12561,14405,1.0
32138,13982,14405,1.0
32139,14262,14405,3.0
32140,14546,14405,2.0
32141,14553,14405,2.0
32142,14692,14405,1.0
32143,14972,14405,1.0
32144,15257,14405,1.0
32145,15397,14405,1.0
32146,11580,14416,3.0
32147,13420,14416,1.0
32148,13982,14416,2.0
32149,14133,14416,1.0
32150,17526,14416,1.0
32151,11580,14425,2.0
32152,12719,14425,1.0
32153,13716,14425,1.0
32154,14989,14425,1.0
32155,15133,14425,1.0
32156,11580,14547,1.0
32157,14974,14547,1.0
32158,11580,14971,2.0
32159,14540,14971,1.0
32160,14545,14971,1.0
32161,14972,14971,1.0
32162,14977,14971,2.0
32163,15397,14971,1.0
32164,11580,15103,2.0
32165,11580,15133,3.0
32166,13998,15133,1.0
32167,14422,15133,1.0
32168,15134,15133,7.0
32169,15135,15133,1.0
32170,17559,15133,1.0
32171,11580,15140,1.0
32172,12452,15140,1.0
32173,12579,15140,2.0
32174,12872,15140,1.0
32175,13003,15140,1.0
32176,14151,15140,2.0
32177,14292,15140,2.0
32178,14295,15140,1.0
32179,14296,15140,1.0
32180,11580,15561,1.0
32181,12976,15561,1.0
32182,14277,15561,1.0
32183,15568,15561,1.0
32184,15981,15561,1.0
32185,11580,15683,1.0
32186,13265,15683,1.0
32187,13690,15683,1.0
32188,13710,15683,1.0
32189,14006,15683,1.0
32190,14117,15683,1.0
32191,14130,15683,1.0
32192,14697,15683,1.0
32193,14971,15683,1.0
32194,15114,15683,1.0
32195,15116,15683,1.0
32196,15257,15683,1.0
32197,15258,15683,1.0
32198,15260,15683,1.0
32199,15397,15683,1.0
32200,15398,15683,1.0
32201,15400,15683,1.0
32202,15541,15683,3.0
32203,15544,15683,1.0
32204,15680,15683,2.0
32205,15684,15683,3.0
32206,15685,15683,3.0
32207,15965,15683,1.0
32208,15969,15683,3.0
32209,16102,15683,1.0
32210,16689,15683,2.0
32211,11580,15818,2.0
32212,16111,15818,1.0
32213,16391,15818,1.0
32214,11580,16096,3.0
32215,16516,16096,2.0
32216,16941,16096,2.0
32217,11580,16800,1.0
32218,12384,16800,1.0
32219,12694,16800,1.0
32220,12826,16800,1.0
32221,14132,16800,1.0
32222,14271,16800,1.0
32223,14412,16800,1.0
32224,15806,16800,1.0
32225,15949,16800,2.0
32226,16799,16800,7.0
32227,16809,16800,4.0
32228,16940,16800,2.0
32229,17081,16800,1.0
32230,17083,16800,5.0
32231,17225,16800,2.0
32232,17373,16800,1.0
32233,17792,16800,2.0
32234,11580,17083,1.0
32235,12724,17083,1.0
32236,13677,17083,1.0
32237,14994,17083,1.0
32238,15539,17083,1.0
32239,15961,17083,2.0
32240,16516,17083,1.0
32241,16799,17083,7.0
32242,16800,17083,3.0
32243,16803,17083,1.0
32244,16808,17083,1.0
32245,16939,17083,1.0
32246,16942,17083,1.0
32247,16944,17083,1.0
32248,17081,17083,2.0
32249,17240,17083,1.0
32250,11580,17084,1.0
32251,14692,17084,1.0
32252,11580,17096,1.0
32253,16820,17096,1.0
32254,17951,17096,1.0
32255,11584,18409,1.0
32256,12870,18409,1.0
32257,11585,11844,1.0
32258,12293,11844,3.0
32259,13683,11844,1.0
32260,14002,11844,1.0
32261,11585,18105,1.0
32262,11861,18105,1.0
32263,15964,18105,1.0
32264,16547,18105,1.0
32265,17114,18105,1.0
32266,11586,11590,1.0
32267,11588,11590,1.0
32268,11589,11590,4.0
32269,11728,11590,2.0
32270,11732,11590,2.0
32271,11744,11590,1.0
32272,11868,11590,2.0
32273,11874,11590,1.0
32274,12026,11590,1.0
32275,12451,11590,1.0
32276,12866,11590,1.0
32277,12878,11590,1.0
32278,13688,11590,2.0
32279,13848,11590,1.0
32280,14564,11590,1.0
32281,11587,11729,1.0
32282,11588,11729,2.0
32283,11730,11729,2.0
32284,12291,11729,1.0
32285,12434,11729,1.0
32286,12574,11729,1.0
32287,13855,11729,1.0
32288,14305,11729,1.0
32289,14408,11729,1.0
32290,11588,11731,1.0
32291,11589,11731,3.0
32292,11599,11731,1.0
32293,12723,11731,1.0
32294,15135,11731,1.0
32295,11588,12017,4.0
32296,11591,12017,1.0
32297,11874,12017,2.0
32298,11875,12017,1.0
32299,12303,12017,1.0
32300,12443,12017,2.0
32301,12723,12017,1.0
32302,13010,12017,1.0
32303,13733,12017,1.0
32304,13855,12017,1.0
32305,11588,13153,1.0
32306,11728,13153,1.0
32307,12709,13153,1.0
32308,13011,13153,1.0
32309,13014,13153,1.0
32310,13154,13153,2.0
32311,13156,13153,2.0
32312,13159,13153,1.0
32313,13299,13153,1.0
32314,13301,13153,1.0
32315,13302,13153,1.0
32316,13435,13153,1.0
32317,13440,13153,1.0
32318,13725,13153,2.0
32319,14013,13153,1.0
32320,14999,13153,1.0
32321,22146,13153,1.0
32322,11588,14265,1.0
32323,12282,14265,1.0
32324,13265,14265,1.0
32325,13405,14265,1.0
32326,13854,14265,1.0
32327,14122,14265,1.0
32328,14130,14265,2.0
32329,14406,14265,1.0
32330,14407,14265,1.0
32331,14408,14265,2.0
32332,14410,14265,2.0
32333,14559,14265,1.0
32334,14689,14265,1.0
32335,14692,14265,2.0
32336,14981,14265,1.0
32337,15117,14265,1.0
32338,15266,14265,1.0
32339,17108,14265,1.0
32340,11588,14558,1.0
32341,11605,14558,1.0
32342,13848,14558,1.0
32343,13855,14558,1.0
32344,14134,14558,1.0
32345,14276,14558,1.0
32346,14555,14558,1.0
32347,14582,14558,1.0
32348,14697,14558,1.0
32349,15124,14558,2.0
32350,16831,14558,1.0
32351,17240,14558,1.0
32352,11588,14700,1.0
32353,11999,14700,1.0
32354,14129,14700,1.0
32355,14130,14700,1.0
32356,14271,14700,1.0
32357,14274,14700,1.0
32358,14410,14700,1.0
32359,14540,14700,1.0
32360,15126,14700,1.0
32361,17240,14700,1.0
32362,11588,19445,1.0
32363,19737,19445,2.0
32364,11589,17974,1.0
32365,11590,11732,2.0
32366,11592,11732,2.0
32367,11596,11732,1.0
32368,11598,11732,3.0
32369,11703,11732,1.0
32370,11733,11732,1.0
32371,11872,11732,1.0
32372,11874,11732,1.0
32373,13719,11732,1.0
32374,14440,11732,1.0
32375,11592,11734,2.0
32376,11594,11734,2.0
32377,11736,11734,1.0
32378,11875,11734,2.0
32379,12017,11734,1.0
32380,12020,11734,1.0
32381,12299,11734,1.0
32382,12301,11734,2.0
32383,12588,11734,1.0
32384,11593,12307,1.0
32385,11742,12307,1.0
32386,12024,12307,1.0
32387,12305,12307,1.0
32388,12306,12307,1.0
32389,12308,12307,5.0
32390,12430,12307,1.0
32391,12449,12307,2.0
32392,12450,12307,1.0
32393,12590,12307,1.0
32394,14721,12307,1.0
32395,11593,13444,1.0
32396,11600,13444,1.0
32397,11884,13444,1.0
32398,12443,13444,1.0
32399,13008,13444,1.0
32400,13151,13444,1.0
32401,13162,13444,1.0
32402,13304,13444,1.0
32403,13857,13444,1.0
32404,14295,13444,1.0
32405,11593,14191,1.0
32406,13451,14191,1.0
32407,13760,14191,2.0
32408,14048,14191,8.0
32409,14189,14191,6.0
32410,14190,14191,3.0
32411,14326,14191,2.0
32412,14329,14191,1.0
32413,14474,14191,3.0
32414,14752,14191,1.0
32415,15018,14191,1.0
32416,15176,14191,1.0
32417,15471,14191,1.0
32418,16893,14191,1.0
32419,17456,14191,3.0
32420,17459,14191,1.0
32421,18738,14191,5.0
32422,19573,14191,1.0
32423,11593,14452,1.0
32424,14716,14452,2.0
32425,11593,14595,1.0
32426,15166,14595,1.0
32427,15314,14595,1.0
32428,11593,16872,1.0
32429,15168,16872,2.0
32430,17154,16872,2.0
32431,11594,13156,1.0
32432,11874,13156,3.0
32433,11884,13156,1.0
32434,11886,13156,1.0
32435,12442,13156,1.0
32436,12454,13156,3.0
32437,12588,13156,1.0
32438,12725,13156,1.0
32439,12727,13156,1.0
32440,12731,13156,2.0
32441,12825,13156,2.0
32442,12873,13156,1.0
32443,12876,13156,1.0
32444,13013,13156,1.0
32445,13014,13156,1.0
32446,13018,13156,1.0
32447,13146,13156,1.0
32448,13154,13156,1.0
32449,13157,13156,1.0
32450,13163,13156,1.0
32451,13296,13156,1.0
32452,13299,13156,1.0
32453,13300,13156,2.0
32454,13437,13156,1.0
32455,13725,13156,2.0
32456,13729,13156,1.0
32457,13736,13156,1.0
32458,14010,13156,3.0
32459,14142,13156,1.0
32460,14716,13156,1.0
32461,17282,13156,1.0
32462,11594,13245,1.0
32463,12673,13245,1.0
32464,13251,13245,1.0
32465,13676,13245,3.0
32466,13677,13245,1.0
32467,13684,13245,1.0
32468,13818,13245,1.0
32469,11594,14303,1.0
32470,15024,14303,1.0
32471,11594,17141,1.0
32472,13025,17141,1.0
32473,14294,17141,1.0
32474,14297,17141,1.0
32475,14701,17141,2.0
32476,11595,14711,1.0
32477,12730,14711,1.0
32478,15419,14711,1.0
32479,11596,14674,1.0
32480,11861,14674,1.0
32481,12286,14674,1.0
32482,13828,14674,2.0
32483,13969,14674,1.0
32484,14252,14674,1.0
32485,14531,14674,1.0
32486,14538,14674,1.0
32487,15681,14674,1.0
32488,15815,14674,1.0
32489,11596,15258,1.0
32490,11983,15258,1.0
32491,12006,15258,1.0
32492,14262,15258,1.0
32493,14410,15258,2.0
32494,14693,15258,1.0
32495,14694,15258,1.0
32496,14983,15258,1.0
32497,15116,15258,4.0
32498,15119,15258,1.0
32499,15125,15258,2.0
32500,15129,15258,1.0
32501,15255,15258,2.0
32502,15256,15258,1.0
32503,15259,15258,1.0
32504,15398,15258,1.0
32505,15400,15258,1.0
32506,15401,15258,2.0
32507,15680,15258,3.0
32508,15683,15258,1.0
32509,11596,21571,1.0
32510,20163,21571,1.0
32511,20868,21571,2.0
32512,22565,21571,1.0
32513,11598,12311,1.0
32514,11747,12311,1.0
32515,11882,12311,1.0
32516,12022,12311,1.0
32517,12310,12311,2.0
32518,12595,12311,2.0
32519,13167,12311,1.0
32520,11598,13276,2.0
32521,13419,13276,1.0
32522,11598,15005,1.0
32523,14014,15005,1.0
32524,15002,15005,1.0
32525,15704,15005,1.0
32526,15709,15005,2.0
32527,16002,15005,1.0
32528,11599,13877,1.0
32529,12028,13877,1.0
32530,12594,13877,1.0
32531,13020,13877,1.0
32532,13165,13877,1.0
32533,13737,13877,1.0
32534,13878,13877,1.0
32535,14020,13877,2.0
32536,14162,13877,1.0
32537,15024,13877,1.0
32538,15872,13877,1.0
32539,15994,13877,1.0
32540,19309,13877,1.0
32541,11599,15017,1.0
32542,12885,15017,1.0
32543,14013,15017,1.0
32544,14733,15017,1.0
32545,19309,15017,1.0
32546,11599,15292,1.0
32547,13440,15292,2.0
32548,15001,15292,1.0
32549,15010,15292,1.0
32550,15021,15292,2.0
32551,15425,15292,2.0
32552,15565,15292,1.0
32553,11599,20846,1.0
32554,14448,20846,1.0
32555,11600,12885,1.0
32556,12030,12885,3.0
32557,12316,12885,3.0
32558,12457,12885,2.0
32559,12598,12885,1.0
32560,12599,12885,2.0
32561,12601,12885,1.0
32562,12739,12885,2.0
32563,12741,12885,3.0
32564,13023,12885,1.0
32565,15017,12885,1.0
32566,11601,15613,1.0
32567,15186,15613,2.0
32568,15614,15613,1.0
32569,15755,15613,1.0
32570,16467,15613,1.0
32571,16751,15613,1.0
32572,17319,15613,1.0
32573,11601,15735,1.0
32574,12013,15735,1.0
32575,19453,15735,1.0
32576,11602,13299,1.0
32577,11875,13299,1.0
32578,12716,13299,1.0
32579,13015,13299,2.0
32580,13153,13299,1.0
32581,13300,13299,8.0
32582,13438,13299,1.0
32583,14434,13299,1.0
32584,15019,13299,2.0
32585,11602,14153,2.0
32586,12586,14153,1.0
32587,12595,14153,2.0
32588,13160,14153,2.0
32589,13440,14153,2.0
32590,13450,14153,1.0
32591,13726,14153,2.0
32592,13730,14153,1.0
32593,13867,14153,1.0
32594,13868,14153,1.0
32595,13869,14153,4.0
32596,13870,14153,2.0
32597,13877,14153,2.0
32598,14009,14153,2.0
32599,14010,14153,1.0
32600,14012,14153,4.0
32601,14289,14153,2.0
32602,14292,14153,2.0
32603,14295,14153,2.0
32604,14558,14153,1.0
32605,14999,14153,1.0
32606,15003,14153,1.0
32607,15024,14153,3.0
32608,16993,14153,1.0
32609,11603,13314,1.0
32610,11603,15740,1.0
32611,20306,15740,1.0
32612,11604,14154,2.0
32613,11885,14154,1.0
32614,12880,14154,1.0
32615,13868,14154,2.0
32616,13872,14154,1.0
32617,14000,14154,1.0
32618,14012,14154,1.0
32619,14560,14154,1.0
32620,14722,14154,1.0
32621,11605,11464,2.0
32622,11666,11382,1.0
32623,11842,11382,1.0
32624,11666,14634,1.0
32625,14206,14634,1.0
32626,14632,14634,1.0
32627,14633,14634,1.0
32628,11697,11840,2.0
32629,11698,11840,2.0
32630,11699,12813,1.0
32631,12948,12813,1.0
32632,12957,12813,1.0
32633,11701,11838,2.0
32634,11701,12566,1.0
32635,12715,12566,1.0
32636,11701,12836,2.0
32637,11980,12836,1.0
32638,11983,12836,2.0
32639,12277,12836,1.0
32640,12692,12836,2.0
32641,12824,12836,4.0
32642,12826,12836,1.0
32643,12835,12836,1.0
32644,12837,12836,1.0
32645,12978,12836,2.0
32646,14687,12836,2.0
32647,14709,12836,1.0
32648,14956,12836,1.0
32649,11701,12928,1.0
32650,13781,12928,1.0
32651,11702,14564,1.0
32652,12290,14564,1.0
32653,13003,14564,1.0
32654,13711,14564,1.0
32655,14282,14564,1.0
32656,14426,14564,1.0
32657,14565,14564,1.0
32658,14973,14564,1.0
32659,15272,14564,1.0
32660,16121,14564,1.0
32661,16808,14564,1.0
32662,16832,14564,1.0
32663,11703,11989,1.0
32664,12277,11989,1.0
32665,12561,11989,1.0
32666,11703,12832,1.0
32667,11980,12832,3.0
32668,12688,12832,1.0
32669,12691,12832,3.0
32670,13392,12832,1.0
32671,13689,12832,1.0
32672,11703,12986,1.0
32673,12292,12986,1.0
32674,12845,12986,1.0
32675,12987,12986,1.0
32676,12988,12986,1.0
32677,13271,12986,1.0
32678,11703,16546,1.0
32679,12693,16546,1.0
32680,13007,16546,1.0
32681,15974,16546,1.0
32682,16121,16546,1.0
32683,16404,16546,1.0
32684,16545,16546,1.0
32685,16839,16546,2.0
32686,17255,16546,1.0
32687,11704,13395,1.0
32688,13396,13395,1.0
32689,13677,13395,1.0
32690,13820,13395,1.0
32691,14252,13395,1.0
32692,11704,14274,1.0
32693,12720,14274,1.0
32694,13158,14274,1.0
32695,14700,14274,1.0
32696,15396,14274,1.0
32697,11706,14997,1.0
32698,14154,14997,1.0
32699,15019,14997,1.0
32700,11709,12000,1.0
32701,11719,12000,1.0
32702,11709,14402,1.0
32703,13828,14402,1.0
32704,13845,14402,1.0
32705,14981,14402,1.0
32706,11709,15254,1.0
32707,13265,15254,1.0
32708,14407,15254,1.0
32709,15257,15254,1.0
32710,15398,15254,1.0
32711,15539,15254,2.0
32712,11710,12837,1.0
32713,12692,12837,1.0
32714,12836,12837,1.0
32715,12999,12837,1.0
32716,13151,12837,1.0
32717,13157,12837,1.0
32718,13263,12837,1.0
32719,11712,12278,2.0
32720,11853,12278,1.0
32721,11712,13840,1.0
32722,11851,13840,1.0
32723,12845,13840,1.0
32724,12985,13840,1.0
32725,13271,13840,2.0
32726,13408,13840,3.0
32727,13410,13840,2.0
32728,13411,13840,1.0
32729,13687,13840,1.0
32730,13841,13840,2.0
32731,13976,13840,1.0
32732,13977,13840,1.0
32733,13983,13840,2.0
32734,15545,13840,1.0
32735,15974,13840,1.0
32736,11715,13396,1.0
32737,13392,13396,1.0
32738,13395,13396,1.0
32739,14102,13396,1.0
32740,14244,13396,1.0
32741,11715,13419,1.0
32742,12283,13419,1.0
32743,12576,13419,1.0
32744,12845,13419,1.0
32745,12851,13419,1.0
32746,12991,13419,1.0
32747,13133,13419,3.0
32748,13145,13419,1.0
32749,13420,13419,1.0
32750,13847,13419,1.0
32751,14125,13419,1.0
32752,14134,13419,1.0
32753,14267,13419,1.0
32754,14407,13419,2.0
32755,15101,13419,1.0
32756,15822,13419,1.0
32757,17810,13419,1.0
32758,11717,12018,1.0
32759,11875,12018,1.0
32760,14014,12018,2.0
32761,11717,13140,1.0
32762,11866,13140,1.0
32763,11983,13140,1.0
32764,12293,13140,1.0
32765,12998,13140,3.0
32766,12999,13140,1.0
32767,13142,13140,1.0
32768,13964,13140,1.0
32769,14531,13140,1.0
32770,15539,13140,1.0
32771,11717,14263,1.0
32772,12703,14263,1.0
32773,13419,14263,1.0
32774,13961,14263,1.0
32775,13974,14263,1.0
32776,14262,14263,2.0
32777,14407,14263,1.0
32778,15113,14263,1.0
32779,11718,13679,1.0
32780,12267,13679,1.0
32781,12579,13679,1.0
32782,12839,13679,1.0
32783,13678,13679,1.0
32784,13962,13679,1.0
32785,14533,13679,2.0
32786,11718,16670,1.0
32787,16799,16670,1.0
32788,11719,12586,1.0
32789,12020,12586,1.0
32790,12442,12586,1.0
32791,12585,12586,3.0
32792,12587,12586,1.0
32793,12868,12586,2.0
32794,12869,12586,1.0
32795,13011,12586,2.0
32796,13300,12586,1.0
32797,15018,12586,1.0
32798,15284,12586,1.0
32799,15550,12586,1.0
32800,11719,13854,1.0
32801,12860,13854,1.0
32802,13432,13854,1.0
32803,13434,13854,1.0
32804,13716,13854,1.0
32805,13848,13854,1.0
32806,13878,13854,1.0
32807,14265,13854,1.0
32808,14545,13854,1.0
32809,15417,13854,1.0
32810,11720,12431,1.0
32811,11722,11862,2.0
32812,11727,11862,1.0
32813,12573,11862,1.0
32814,14712,11862,1.0
32815,11723,15565,1.0
32816,15425,15565,1.0
32817,11723,17386,1.0
32818,12857,17386,1.0
32819,12866,17386,1.0
32820,13712,17386,2.0
32821,14000,17386,1.0
32822,15822,17386,1.0
32823,17808,17386,1.0
32824,11725,14279,1.0
32825,12442,14279,1.0
32826,12446,14279,1.0
32827,12723,14279,1.0
32828,13245,14279,1.0
32829,11728,12856,1.0
32830,11868,12856,1.0
32831,12858,12856,1.0
32832,14256,12856,1.0
32833,11729,14408,1.0
32834,12413,14408,1.0
32835,12709,14408,1.0
32836,12858,14408,1.0
32837,13444,14408,1.0
32838,14132,14408,1.0
32839,14409,14408,1.0
32840,14422,14408,1.0
32841,14533,14408,1.0
32842,14545,14408,1.0
32843,14685,14408,1.0
32844,14686,14408,1.0
32845,14692,14408,1.0
32846,14973,14408,1.0
32847,15116,14408,2.0
32848,15256,14408,1.0
32849,15400,14408,2.0
32850,17792,14408,1.0
32851,11731,13313,1.0
32852,11874,13313,1.0
32853,12580,13313,1.0
32854,12599,13313,1.0
32855,13741,13313,1.0
32856,13884,13313,1.0
32857,14048,13313,1.0
32858,14164,13313,1.0
32859,16171,13313,1.0
32860,11732,14434,1.0
32861,12456,14434,1.0
32862,13299,14434,1.0
32863,13444,14434,1.0
32864,13725,14434,1.0
32865,14149,14434,1.0
32866,14153,14434,1.0
32867,14292,14434,8.0
32868,14293,14434,1.0
32869,14295,14434,1.0
32870,14433,14434,1.0
32871,14435,14434,2.0
32872,14436,14434,1.0
32873,14575,14434,2.0
32874,14576,14434,1.0
32875,14716,14434,1.0
32876,14720,14434,4.0
32877,14723,14434,2.0
32878,15002,14434,1.0
32879,15135,14434,1.0
32880,15139,14434,1.0
32881,15141,14434,3.0
32882,15142,14434,5.0
32883,15144,14434,2.0
32884,15712,14434,1.0
32885,15854,14434,1.0
32886,11734,12303,2.0
32887,12019,12303,2.0
32888,12024,12303,1.0
32889,12308,12303,1.0
32890,12441,12303,1.0
32891,12443,12303,1.0
32892,12448,12303,1.0
32893,12590,12303,1.0
32894,12728,12303,1.0
32895,12730,12303,1.0
32896,12869,12303,1.0
32897,13151,12303,1.0
32898,11735,15168,1.0
32899,12452,15168,1.0
32900,14324,15168,2.0
32901,14610,15168,2.0
32902,14738,15168,1.0
32903,15018,15168,3.0
32904,15022,15168,1.0
32905,15167,15168,5.0
32906,15310,15168,2.0
32907,15426,15168,1.0
32908,15454,15168,2.0
32909,15740,15168,1.0
32910,16872,15168,1.0
32911,11735,15282,1.0
32912,14295,15282,1.0
32913,14710,15282,1.0
32914,15002,15282,1.0
32915,11736,14152,1.0
32916,13011,14152,1.0
32917,13868,14152,1.0
32918,14151,14152,3.0
32919,14291,14152,1.0
32920,14292,14152,2.0
32921,14297,14152,1.0
32922,14434,14152,1.0
32923,14436,14152,2.0
32924,15685,14152,1.0
32925,11736,17131,1.0
32926,11740,12870,1.0
32927,11880,12870,2.0
32928,12725,12870,1.0
32929,13011,12870,1.0
32930,13719,12870,1.0
32931,11740,15141,1.0
32932,12869,15141,1.0
32933,13306,15141,1.0
32934,14008,15141,2.0
32935,14292,15141,2.0
32936,14295,15141,1.0
32937,14433,15141,1.0
32938,14434,15141,1.0
32939,14575,15141,2.0
32940,14707,15141,2.0
32941,14999,15141,6.0
32942,15000,15141,1.0
32943,15001,15141,1.0
32944,15002,15141,1.0
32945,15139,15141,1.0
32946,15143,15141,2.0
32947,15144,15141,1.0
32948,15426,15141,2.0
32949,15994,15141,1.0
32950,11744,14021,1.0
32951,12590,14021,1.0
32952,13452,14021,1.0
32953,13877,14021,1.0
32954,13878,14021,1.0
32955,14014,14021,1.0
32956,14297,14021,1.0
32957,14306,14021,1.0
32958,14442,14021,1.0
32959,15018,14021,1.0
32960,15314,14021,2.0
32961,17014,14021,1.0
32962,17133,14021,1.0
32963,11744,15874,1.0
32964,15303,15874,1.0
32965,15873,15874,1.0
32966,11745,19442,1.0
32967,11746,21544,1.0
32968,11797,11222,1.0
32969,11809,11952,1.0
32970,12952,11952,2.0
32971,11811,12669,2.0
32972,11815,12669,1.0
32973,12668,12669,1.0
32974,12810,12669,1.0
32975,13091,12669,3.0
32976,14426,12669,2.0
32977,11813,12243,1.0
32978,12386,12243,1.0
32979,12392,12243,1.0
32980,11813,14283,1.0
32981,11818,11817,1.0
32982,12526,11817,3.0
32983,11818,12385,1.0
32984,12392,12385,1.0
32985,11818,12666,1.0
32986,11956,12666,3.0
32987,12384,12666,3.0
32988,12522,12666,1.0
32989,12668,12666,1.0
32990,12948,12666,1.0
32991,13237,12666,1.0
32992,11841,11986,1.0
32993,11983,11986,1.0
32994,12288,11986,1.0
32995,11841,13846,1.0
32996,12548,13846,2.0
32997,12688,13846,1.0
32998,13848,13846,1.0
32999,14355,13846,1.0
33000,11841,14244,1.0
33001,11853,14244,1.0
33002,12534,14244,1.0
33003,13396,14244,1.0
33004,13677,14244,1.0
33005,13820,14244,1.0
33006,14102,14244,2.0
33007,14386,14244,4.0
33008,14666,14244,1.0
33009,14688,14244,1.0
33010,11841,14355,1.0
33011,11841,16831,1.0
33012,13423,16831,1.0
33013,13855,16831,1.0
33014,14558,16831,1.0
33015,14695,16831,1.0
33016,15527,16831,1.0
33017,16384,16831,1.0
33018,16550,16831,3.0
33019,16689,16831,1.0
33020,18247,16831,1.0
33021,11842,9532,1.0
33022,11853,12570,1.0
33023,12283,12570,1.0
33024,12430,12570,1.0
33025,12568,12570,5.0
33026,12569,12570,1.0
33027,12708,12570,2.0
33028,11853,13272,1.0
33029,12848,13272,1.0
33030,11857,13424,1.0
33031,12003,13424,2.0
33032,12578,13424,1.0
33033,12997,13424,4.0
33034,13848,13424,2.0
33035,13987,13424,1.0
33036,11857,13693,1.0
33037,12419,13693,1.0
33038,13265,13693,1.0
33039,13845,13693,1.0
33040,11859,13834,1.0
33041,13835,13834,2.0
33042,13840,13834,2.0
33043,15122,13834,1.0
33044,11859,14541,1.0
33045,12425,14541,1.0
33046,13265,14541,1.0
33047,13422,14541,1.0
33048,14398,14541,1.0
33049,14538,14541,1.0
33050,14551,14541,1.0
33051,14687,14541,1.0
33052,11861,12989,1.0
33053,12701,12989,1.0
33054,12845,12989,1.0
33055,14557,12989,1.0
33056,11861,15128,1.0
33057,13988,15128,1.0
33058,14276,15128,2.0
33059,14568,15128,2.0
33060,14693,15128,2.0
33061,14708,15128,1.0
33062,15273,15128,1.0
33063,15417,15128,4.0
33064,17113,15128,1.0
33065,11862,14712,1.0
33066,14426,14712,1.0
33067,11868,14267,1.0
33068,12736,14267,2.0
33069,13300,14267,1.0
33070,13419,14267,1.0
33071,14265,14267,1.0
33072,14269,14267,1.0
33073,14399,14267,2.0
33074,14407,14267,3.0
33075,14409,14267,1.0
33076,14410,14267,1.0
33077,14550,14267,1.0
33078,14552,14267,1.0
33079,14685,14267,1.0
33080,14693,14267,2.0
33081,14950,14267,1.0
33082,16106,14267,1.0
33083,11868,14557,1.0
33084,14699,14557,1.0
33085,11868,15257,2.0
33086,11993,15257,1.0
33087,12838,15257,2.0
33088,13265,15257,2.0
33089,13429,15257,1.0
33090,13968,15257,1.0
33091,14131,15257,1.0
33092,14265,15257,1.0
33093,14407,15257,1.0
33094,14410,15257,1.0
33095,14551,15257,1.0
33096,14552,15257,1.0
33097,14689,15257,3.0
33098,14693,15257,2.0
33099,14972,15257,1.0
33100,14974,15257,1.0
33101,14975,15257,1.0
33102,14977,15257,1.0
33103,14982,15257,1.0
33104,15113,15257,3.0
33105,15116,15257,1.0
33106,15117,15257,3.0
33107,15119,15257,1.0
33108,15121,15257,2.0
33109,15256,15257,1.0
33110,15258,15257,2.0
33111,15396,15257,1.0
33112,15397,15257,3.0
33113,15398,15257,4.0
33114,15399,15257,2.0
33115,15401,15257,1.0
33116,15539,15257,1.0
33117,15557,15257,1.0
33118,15679,15257,1.0
33119,15829,15257,1.0
33120,16547,15257,1.0
33121,16799,15257,1.0
33122,16809,15257,2.0
33123,17534,15257,2.0
33124,11869,13850,1.0
33125,12576,13850,1.0
33126,13424,13850,1.0
33127,13707,13850,2.0
33128,13847,13850,3.0
33129,13848,13850,2.0
33130,11869,14284,2.0
33131,14151,14284,1.0
33132,14282,14284,1.0
33133,14289,14284,1.0
33134,14569,14284,1.0
33135,14975,14284,1.0
33136,16941,14284,1.0
33137,11872,12879,1.0
33138,12315,12879,1.0
33139,12593,12879,1.0
33140,12594,12879,2.0
33141,12735,12879,2.0
33142,12736,12879,2.0
33143,12739,12879,1.0
33144,12878,12879,2.0
33145,12880,12879,2.0
33146,13021,12879,4.0
33147,13729,12879,1.0
33148,11873,12453,1.0
33149,11877,12453,1.0
33150,12020,12453,1.0
33151,12299,12453,2.0
33152,12443,12453,1.0
33153,12450,12453,1.0
33154,12452,12453,3.0
33155,12737,12453,1.0
33156,12739,12453,1.0
33157,12742,12453,1.0
33158,12871,12453,1.0
33159,13025,12453,1.0
33160,14010,12453,1.0
33161,16853,12453,1.0
33162,11873,14432,1.0
33163,14298,14432,1.0
33164,14427,14432,1.0
33165,14718,14432,1.0
33166,11875,14289,1.0
33167,12446,14289,1.0
33168,12588,14289,1.0
33169,12869,14289,1.0
33170,13003,14289,1.0
33171,13997,14289,1.0
33172,14000,14289,1.0
33173,14007,14289,1.0
33174,14008,14289,1.0
33175,14292,14289,1.0
33176,14297,14289,1.0
33177,14427,14289,1.0
33178,14429,14289,1.0
33179,14430,14289,2.0
33180,15289,14289,3.0
33181,15429,14289,1.0
33182,15707,14289,1.0
33183,17268,14289,1.0
33184,11875,18719,1.0
33185,12721,18719,1.0
33186,13309,18719,1.0
33187,18573,18719,2.0
33188,11878,12302,2.0
33189,12442,12302,1.0
33190,12444,12302,1.0
33191,12879,12302,1.0
33192,14296,12302,1.0
33193,11878,12585,1.0
33194,11882,12585,1.0
33195,12019,12585,1.0
33196,12299,12585,1.0
33197,12303,12585,1.0
33198,12444,12585,1.0
33199,12446,12585,1.0
33200,12583,12585,1.0
33201,12586,12585,2.0
33202,12587,12585,1.0
33203,12589,12585,1.0
33204,12596,12585,1.0
33205,12597,12585,1.0
33206,12724,12585,1.0
33207,12727,12585,1.0
33208,12869,12585,1.0
33209,13733,12585,1.0
33210,14255,12585,1.0
33211,11878,14164,1.0
33212,12588,14164,1.0
33213,13878,14164,1.0
33214,14448,14164,3.0
33215,15019,14164,1.0
33216,11880,12592,1.0
33217,12024,12592,1.0
33218,12450,12592,1.0
33219,12593,12592,1.0
33220,12597,12592,1.0
33221,12728,12592,1.0
33222,12734,12592,1.0
33223,13018,12592,1.0
33224,13157,12592,1.0
33225,14012,12592,1.0
33226,11880,13020,1.0
33227,12291,13020,2.0
33228,12455,13020,1.0
33229,12593,13020,4.0
33230,12727,13020,2.0
33231,12735,13020,1.0
33232,12738,13020,1.0
33233,12878,13020,1.0
33234,12879,13020,1.0
33235,13017,13020,1.0
33236,13714,13020,1.0
33237,13877,13020,1.0
33238,14013,13020,1.0
33239,14267,13020,2.0
33240,15424,13020,1.0
33241,11880,17176,1.0
33242,15755,17176,1.0
33243,17460,17176,4.0
33244,11882,13295,1.0
33245,12598,13295,1.0
33246,12724,13295,1.0
33247,12875,13295,3.0
33248,12880,13295,1.0
33249,13435,13295,1.0
33250,15000,13295,1.0
33251,11882,15169,1.0
33252,15311,15169,1.0
33253,15312,15169,1.0
33254,18431,15169,1.0
33255,11882,15281,2.0
33256,13736,15281,1.0
33257,13845,15281,1.0
33258,14010,15281,1.0
33259,15006,15281,1.0
33260,15284,15281,1.0
33261,15425,15281,1.0
33262,15426,15281,1.0
33263,15568,15281,1.0
33264,16432,15281,1.0
33265,11885,12881,1.0
33266,12596,12881,1.0
33267,12878,12881,1.0
33268,13143,12881,1.0
33269,13865,12881,1.0
33270,14158,12881,1.0
33271,11885,13165,1.0
33272,12880,13165,2.0
33273,13450,13165,1.0
33274,11885,13705,1.0
33275,12003,13705,1.0
33276,13137,13705,1.0
33277,13146,13705,1.0
33278,13710,13705,1.0
33279,11885,14013,2.0
33280,11886,14013,2.0
33281,12023,14013,1.0
33282,12880,14013,1.0
33283,13016,14013,1.0
33284,13020,14013,1.0
33285,13298,14013,2.0
33286,13727,14013,1.0
33287,13729,14013,1.0
33288,13870,14013,2.0
33289,13872,14013,2.0
33290,14009,14013,1.0
33291,14011,14013,2.0
33292,14149,14013,1.0
33293,14155,14013,1.0
33294,14292,14013,2.0
33295,14295,14013,1.0
33296,14296,14013,2.0
33297,14297,14013,2.0
33298,14423,14013,1.0
33299,14447,14013,1.0
33300,14992,14013,1.0
33301,15017,14013,1.0
33302,15288,14013,1.0
33303,11885,14294,2.0
33304,13156,14294,2.0
33305,14010,14294,2.0
33306,14024,14294,1.0
33307,14291,14294,1.0
33308,14296,14294,1.0
33309,14297,14294,1.0
33310,14436,14294,1.0
33311,15002,14294,1.0
33312,16689,14294,1.0
33313,11886,13446,1.0
33314,12593,13446,1.0
33315,12743,13446,1.0
33316,13016,13446,1.0
33317,13306,13446,1.0
33318,13725,13446,1.0
33319,14014,13446,1.0
33320,14020,13446,1.0
33321,15005,13446,1.0
33322,15314,13446,1.0
33323,11886,16991,2.0
33324,12583,16991,1.0
33325,12593,16991,1.0
33326,13024,16991,1.0
33327,13736,16991,1.0
33328,14010,16991,1.0
33329,14436,16991,1.0
33330,14442,16991,2.0
33331,14581,16991,1.0
33332,15711,16991,1.0
33333,16707,16991,3.0
33334,16983,16991,1.0
33335,16992,16991,1.0
33336,16994,16991,1.0
33337,17133,16991,1.0
33338,17155,16991,1.0
33339,17268,16991,1.0
33340,17421,16991,1.0
33341,17570,16991,1.0
33342,17854,16991,3.0
33343,18701,16991,1.0
33344,19273,16991,1.0
33345,11889,13311,1.0
33346,12312,13311,1.0
33347,12457,13311,1.0
33348,13171,13311,1.0
33349,14720,13311,3.0
33350,11950,11947,1.0
33351,11952,10947,2.0
33352,11956,13795,1.0
33353,11980,12824,1.0
33354,12410,12824,2.0
33355,12688,12824,1.0
33356,12689,12824,1.0
33357,12693,12824,1.0
33358,12825,12824,1.0
33359,12835,12824,4.0
33360,12836,12824,2.0
33361,12839,12824,1.0
33362,12977,12824,1.0
33363,12978,12824,2.0
33364,13271,12824,2.0
33365,13293,12824,1.0
33366,13677,12824,1.0
33367,13686,12824,1.0
33368,13688,12824,1.0
33369,14102,12824,2.0
33370,11980,13821,1.0
33371,12697,13821,1.0
33372,12838,13821,1.0
33373,13114,13821,1.0
33374,13677,13821,2.0
33375,13678,13821,3.0
33376,13686,13821,1.0
33377,13820,13821,1.0
33378,14225,13821,1.0
33379,14670,13821,1.0
33380,15411,13821,2.0
33381,11983,12268,1.0
33382,12267,12268,1.0
33383,12406,12268,2.0
33384,12851,12268,1.0
33385,11983,12549,1.0
33386,12692,12549,1.0
33387,11983,13114,1.0
33388,12689,13114,1.0
33389,12693,13114,1.0
33390,11983,13118,2.0
33391,12430,13118,1.0
33392,13260,13118,2.0
33393,13264,13118,2.0
33394,13972,13118,4.0
33395,14709,13118,1.0
33396,11983,13275,1.0
33397,11983,13394,2.0
33398,13677,13394,2.0
33399,13678,13394,1.0
33400,14410,13394,1.0
33401,11983,14397,1.0
33402,12561,14397,1.0
33403,12703,14397,2.0
33404,13690,14397,1.0
33405,13974,14397,1.0
33406,14398,14397,1.0
33407,14410,14397,2.0
33408,14538,14397,2.0
33409,14977,14397,2.0
33410,15964,14397,1.0
33411,17104,14397,2.0
33412,17949,14397,1.0
33413,11987,13975,2.0
33414,12838,13975,1.0
33415,13690,13975,1.0
33416,15550,13975,2.0
33417,11988,13259,1.0
33418,12275,13259,1.0
33419,11989,12700,1.0
33420,13128,12700,2.0
33421,11995,13689,1.0
33422,13261,13689,1.0
33423,13406,13689,1.0
33424,13683,13689,1.0
33425,13687,13689,1.0
33426,13690,13689,1.0
33427,13697,13689,1.0
33428,13972,13689,1.0
33429,14410,13689,2.0
33430,14534,13689,1.0
33431,14560,13689,1.0
33432,11996,16689,1.0
33433,12021,16689,1.0
33434,12437,16689,1.0
33435,13002,16689,2.0
33436,13686,16689,1.0
33437,13712,16689,1.0
33438,14296,16689,1.0
33439,14994,16689,1.0
33440,15123,16689,1.0
33441,15126,16689,4.0
33442,15256,16689,1.0
33443,15269,16689,1.0
33444,15547,16689,1.0
33445,15551,16689,1.0
33446,15832,16689,1.0
33447,15836,16689,2.0
33448,15974,16689,2.0
33449,15979,16689,3.0
33450,16124,16689,1.0
33451,16525,16689,2.0
33452,16545,16689,4.0
33453,16547,16689,1.0
33454,16686,16689,1.0
33455,16688,16689,3.0
33456,16830,16689,2.0
33457,16832,16689,4.0
33458,16962,16689,1.0
33459,16968,16689,1.0
33460,17102,16689,1.0
33461,17252,16689,1.0
33462,17255,16689,1.0
33463,18097,16689,1.0
33464,11998,14395,2.0
33465,13393,14395,1.0
33466,14538,14395,1.0
33467,14972,14395,1.0
33468,15248,14395,1.0
33469,11998,14986,1.0
33470,13437,14986,1.0
33471,14413,14986,1.0
33472,14548,14986,1.0
33473,14989,14986,2.0
33474,15129,14986,1.0
33475,15689,14986,2.0
33476,16124,14986,3.0
33477,16537,14986,1.0
33478,16689,14986,1.0
33479,12002,12534,1.0
33480,12810,12534,1.0
33481,14529,12534,1.0
33482,12003,12428,1.0
33483,12287,12428,1.0
33484,12430,12428,1.0
33485,12572,12428,1.0
33486,12999,12428,1.0
33487,12004,13120,1.0
33488,12548,13120,1.0
33489,12729,13120,1.0
33490,12835,13120,1.0
33491,13118,13120,1.0
33492,13263,13120,1.0
33493,13264,13120,3.0
33494,13829,13120,1.0
33495,13972,13120,1.0
33496,14392,13120,1.0
33497,14410,13120,1.0
33498,14708,13120,1.0
33499,15256,13120,1.0
33500,15258,13120,1.0
33501,12007,12728,1.0
33502,12444,12728,1.0
33503,12582,12728,1.0
33504,12583,12728,1.0
33505,12591,12728,1.0
33506,12592,12728,1.0
33507,12599,12728,1.0
33508,12723,12728,2.0
33509,12729,12728,1.0
33510,12867,12728,1.0
33511,12869,12728,2.0
33512,13011,12728,2.0
33513,13288,12728,1.0
33514,13438,12728,1.0
33515,12010,14581,1.0
33516,12011,14581,1.0
33517,14024,14581,1.0
33518,14153,14581,2.0
33519,14292,14581,1.0
33520,14300,14581,1.0
33521,14439,14581,1.0
33522,14440,14581,1.0
33523,14582,14581,2.0
33524,14721,14581,3.0
33525,15002,14581,3.0
33526,12010,15311,1.0
33527,15167,15311,1.0
33528,15169,15311,1.0
33529,12011,13002,1.0
33530,12575,13002,1.0
33531,12717,13002,1.0
33532,12718,13002,2.0
33533,12858,13002,1.0
33534,12860,13002,1.0
33535,12982,13002,1.0
33536,13143,13002,1.0
33537,13144,13002,1.0
33538,13405,13002,1.0
33539,13433,13002,1.0
33540,13714,13002,1.0
33541,13868,13002,1.0
33542,16975,13002,2.0
33543,12011,14406,1.0
33544,13265,14406,1.0
33545,13704,14406,1.0
33546,14264,14406,1.0
33547,14407,14406,2.0
33548,14408,14406,1.0
33549,14410,14406,1.0
33550,15119,14406,1.0
33551,15257,14406,1.0
33552,12011,15417,1.0
33553,13003,15417,1.0
33554,13145,15417,1.0
33555,13848,15417,1.0
33556,13855,15417,1.0
33557,14161,15417,1.0
33558,14271,15417,1.0
33559,14426,15417,3.0
33560,14710,15417,2.0
33561,14990,15417,1.0
33562,15128,15417,6.0
33563,15130,15417,1.0
33564,15131,15417,1.0
33565,15134,15417,1.0
33566,15135,15417,3.0
33567,15272,15417,4.0
33568,15275,15417,5.0
33569,15277,15417,3.0
33570,15418,15417,4.0
33571,15419,15417,1.0
33572,15562,15417,1.0
33573,12011,15560,1.0
33574,13142,15560,1.0
33575,14013,15560,1.0
33576,14145,15560,1.0
33577,14710,15560,1.0
33578,15135,15560,1.0
33579,12012,15266,1.0
33580,14265,15266,1.0
33581,14410,15266,1.0
33582,15123,15266,1.0
33583,15126,15266,1.0
33584,15832,15266,1.0
33585,17382,15266,1.0
33586,12013,12711,1.0
33587,12281,12711,1.0
33588,12573,12711,2.0
33589,12575,12711,1.0
33590,12705,12711,1.0
33591,12716,12711,2.0
33592,13423,12711,1.0
33593,12013,15969,1.0
33594,13848,15969,1.0
33595,15683,15969,1.0
33596,15686,15969,2.0
33597,15965,15969,1.0
33598,12013,15973,1.0
33599,12952,15973,1.0
33600,14631,15973,1.0
33601,15122,15973,1.0
33602,15547,15973,2.0
33603,16542,15973,2.0
33604,16544,15973,1.0
33605,12015,13737,1.0
33606,12739,13737,1.0
33607,12743,13737,1.0
33608,13022,13737,1.0
33609,13167,13737,1.0
33610,13451,13737,1.0
33611,13738,13737,2.0
33612,13877,13737,2.0
33613,12015,14427,2.0
33614,12582,14427,1.0
33615,13293,14427,1.0
33616,13859,14427,1.0
33617,14143,14427,1.0
33618,14286,14427,2.0
33619,14426,14427,1.0
33620,14428,14427,1.0
33621,14432,14427,1.0
33622,14569,14427,2.0
33623,14709,14427,2.0
33624,14710,14427,1.0
33625,12016,15284,1.0
33626,12450,15284,1.0
33627,12572,15284,1.0
33628,12586,15284,1.0
33629,14443,15284,1.0
33630,14575,15284,1.0
33631,14710,15284,1.0
33632,14994,15284,1.0
33633,15281,15284,1.0
33634,15425,15284,1.0
33635,16422,15284,1.0
33636,12017,13733,1.0
33637,12458,13733,1.0
33638,12585,13733,1.0
33639,12019,16102,1.0
33640,13264,16102,1.0
33641,15680,16102,1.0
33642,12020,13456,1.0
33643,13152,13456,1.0
33644,13446,13456,1.0
33645,13884,13456,1.0
33646,14154,13456,1.0
33647,14295,13456,2.0
33648,14296,13456,1.0
33649,15278,13456,1.0
33650,12020,14439,1.0
33651,12562,14439,1.0
33652,12878,14439,2.0
33653,13725,14439,1.0
33654,14275,14439,1.0
33655,14292,14439,1.0
33656,14293,14439,1.0
33657,14297,14439,3.0
33658,14442,14439,1.0
33659,14448,14439,1.0
33660,14581,14439,2.0
33661,14584,14439,2.0
33662,14718,14439,2.0
33663,14723,14439,1.0
33664,14999,14439,1.0
33665,15002,14439,1.0
33666,15426,14439,1.0
33667,12020,17523,1.0
33668,12410,17523,1.0
33669,15246,17523,1.0
33670,15822,17523,1.0
33671,17531,17523,2.0
33672,17808,17523,1.0
33673,12020,18737,1.0
33674,18313,18737,1.0
33675,18597,18737,3.0
33676,18738,18737,1.0
33677,18879,18737,1.0
33678,18880,18737,1.0
33679,18882,18737,1.0
33680,19452,18737,1.0
33681,19735,18737,1.0
33682,19878,18737,1.0
33683,19880,18737,2.0
33684,12021,14189,1.0
33685,13724,14189,1.0
33686,14048,14189,1.0
33687,14190,14189,3.0
33688,14191,14189,5.0
33689,14329,14189,2.0
33690,14760,14189,1.0
33691,18738,14189,1.0
33692,12021,14577,1.0
33693,14014,14577,1.0
33694,14292,14577,1.0
33695,14433,14577,1.0
33696,14434,14577,1.0
33697,16994,14577,1.0
33698,12021,19589,1.0
33699,19870,19589,1.0
33700,12022,12601,1.0
33701,12306,12601,1.0
33702,12457,12601,1.0
33703,12458,12601,2.0
33704,12743,12601,1.0
33705,12884,12601,1.0
33706,12885,12601,1.0
33707,14011,12601,1.0
33708,12022,12732,1.0
33709,12028,12732,4.0
33710,12446,12732,1.0
33711,12449,12732,1.0
33712,12450,12732,4.0
33713,12584,12732,1.0
33714,12588,12732,1.0
33715,12590,12732,6.0
33716,12591,12732,6.0
33717,12728,12732,1.0
33718,12733,12732,2.0
33719,12871,12732,1.0
33720,12875,12732,2.0
33721,13016,12732,1.0
33722,13021,12732,1.0
33723,13725,12732,1.0
33724,14013,12732,1.0
33725,14292,12732,1.0
33726,15000,12732,1.0
33727,12025,15756,1.0
33728,14013,15756,1.0
33729,14189,15756,1.0
33730,14334,15756,1.0
33731,15042,15756,1.0
33732,15184,15756,1.0
33733,15471,15756,4.0
33734,15614,15756,6.0
33735,15755,15756,1.0
33736,17318,15756,1.0
33737,17319,15756,1.0
33738,18739,15756,1.0
33739,18881,15756,4.0
33740,19844,15756,2.0
33741,19877,15756,1.0
33742,20406,15756,1.0
33743,12026,14738,2.0
33744,12597,14738,2.0
33745,14440,14738,1.0
33746,14593,14738,1.0
33747,15023,14738,1.0
33748,15024,14738,3.0
33749,15166,14738,2.0
33750,15309,14738,1.0
33751,15450,14738,1.0
33752,15568,14738,1.0
33753,15879,14738,1.0
33754,17154,14738,1.0
33755,12028,13738,1.0
33756,12447,13738,1.0
33757,13737,13738,2.0
33758,18138,13738,1.0
33759,12029,12737,1.0
33760,12310,12737,1.0
33761,12443,12737,1.0
33762,12450,12737,1.0
33763,12452,12737,1.0
33764,12455,12737,2.0
33765,12587,12737,1.0
33766,12593,12737,1.0
33767,12597,12737,2.0
33768,12599,12737,1.0
33769,12738,12737,3.0
33770,12877,12737,1.0
33771,12880,12737,2.0
33772,13016,12737,1.0
33773,13021,12737,1.0
33774,13022,12737,1.0
33775,13730,12737,1.0
33776,13879,12737,1.0
33777,12032,17133,1.0
33778,13143,17133,1.0
33779,13866,17133,1.0
33780,14021,17133,1.0
33781,15007,17133,1.0
33782,15854,17133,1.0
33783,15996,17133,2.0
33784,16566,17133,1.0
33785,16707,17133,1.0
33786,17268,17133,1.0
33787,12243,12392,1.0
33788,12385,12392,1.0
33789,12528,12392,1.0
33790,12810,12392,2.0
33791,12952,12392,1.0
33792,13232,12392,1.0
33793,13438,12392,1.0
33794,12245,14519,1.0
33795,13108,14519,1.0
33796,14538,14519,1.0
33797,12259,13125,1.0
33798,12563,13125,1.0
33799,12262,8435,1.0
33800,12262,10261,1.0
33801,12262,12689,1.0
33802,12548,12689,2.0
33803,12824,12689,1.0
33804,12836,12689,1.0
33805,13426,12689,1.0
33806,14523,12689,2.0
33807,12262,14963,1.0
33808,14252,14963,1.0
33809,14682,14963,1.0
33810,15099,14963,1.0
33811,15259,14963,1.0
33812,12262,15091,1.0
33813,13655,15091,1.0
33814,13665,15091,1.0
33815,12262,15099,1.0
33816,13682,15099,3.0
33817,14102,15099,1.0
33818,14108,15099,1.0
33819,14963,15099,1.0
33820,15240,15099,1.0
33821,12269,14958,2.0
33822,12446,14958,1.0
33823,13143,14958,1.0
33824,13392,14958,2.0
33825,14102,14958,2.0
33826,14143,14958,1.0
33827,14244,14958,1.0
33828,14386,14958,5.0
33829,14392,14958,1.0
33830,14528,14958,2.0
33831,14537,14958,1.0
33832,14670,14958,1.0
33833,14687,14958,2.0
33834,14955,14958,1.0
33835,15101,14958,2.0
33836,12271,13260,1.0
33837,12824,13260,1.0
33838,13118,13260,2.0
33839,13119,13260,1.0
33840,12274,13844,1.0
33841,12274,14252,1.0
33842,12845,14252,1.0
33843,12966,14252,1.0
33844,13265,14252,3.0
33845,13678,14252,3.0
33846,13682,14252,2.0
33847,13683,14252,3.0
33848,13690,14252,1.0
33849,13970,14252,1.0
33850,14102,14252,1.0
33851,14108,14252,3.0
33852,14392,14252,1.0
33853,14531,14252,1.0
33854,14535,14252,1.0
33855,14536,14252,1.0
33856,14955,14252,1.0
33857,14963,14252,1.0
33858,15243,14252,1.0
33859,12276,13832,1.0
33860,13677,13832,1.0
33861,13690,13832,1.0
33862,13829,13832,1.0
33863,13976,13832,1.0
33864,12277,14536,1.0
33865,13389,14536,1.0
33866,14102,14536,1.0
33867,14252,14536,1.0
33868,14531,14536,1.0
33869,14538,14536,1.0
33870,14540,14536,1.0
33871,14546,14536,2.0
33872,14977,14536,1.0
33873,15253,14536,1.0
33874,15397,14536,1.0
33875,12279,12847,1.0
33876,12848,12847,1.0
33877,12985,12847,2.0
33878,13128,12847,1.0
33879,12281,12571,1.0
33880,12291,12571,1.0
33881,12426,12571,1.0
33882,12572,12571,1.0
33883,12583,12571,1.0
33884,12716,12571,2.0
33885,12846,12571,1.0
33886,12281,12991,1.0
33887,12422,12991,1.0
33888,12851,12991,3.0
33889,12854,12991,2.0
33890,12990,12991,1.0
33891,12995,12991,3.0
33892,12997,12991,1.0
33893,13419,12991,1.0
33894,12282,12427,1.0
33895,12282,14596,1.0
33896,12598,14596,1.0
33897,14297,14596,1.0
33898,15019,14596,1.0
33899,15160,14596,2.0
33900,12283,12426,1.0
33901,12571,12426,1.0
33902,12283,12429,2.0
33903,12285,12429,1.0
33904,12283,13426,1.0
33905,12434,13426,1.0
33906,13006,13426,1.0
33907,12283,14126,2.0
33908,12709,14126,1.0
33909,12851,14126,1.0
33910,13143,14126,1.0
33911,13406,14126,1.0
33912,13423,14126,1.0
33913,13840,14126,1.0
33914,13841,14126,1.0
33915,13845,14126,1.0
33916,14125,14126,1.0
33917,14268,14126,1.0
33918,14410,14126,1.0
33919,14413,14126,1.0
33920,14428,14126,1.0
33921,14666,14126,2.0
33922,14695,14126,1.0
33923,14994,14126,1.0
33924,16681,14126,1.0
33925,12283,14134,1.0
33926,13001,14134,1.0
33927,13419,14134,1.0
33928,13706,14134,1.0
33929,14126,14134,2.0
33930,14132,14134,2.0
33931,14133,14134,1.0
33932,14700,14134,1.0
33933,17537,14134,1.0
33934,12283,15974,1.0
33935,13440,15974,1.0
33936,13840,15974,1.0
33937,14410,15974,1.0
33938,14563,15974,1.0
33939,14692,15974,1.0
33940,15123,15974,2.0
33941,15269,15974,1.0
33942,15975,15974,1.0
33943,15979,15974,1.0
33944,16121,15974,5.0
33945,16541,15974,2.0
33946,16546,15974,1.0
33947,16681,15974,1.0
33948,16688,15974,1.0
33949,16689,15974,2.0
33950,16830,15974,1.0
33951,12285,13423,1.0
33952,12575,13423,1.0
33953,12999,13423,1.0
33954,13000,13423,1.0
33955,13845,13423,1.0
33956,13847,13423,1.0
33957,13986,13423,2.0
33958,14268,13423,1.0
33959,14410,13423,1.0
33960,15261,13423,1.0
33961,15816,13423,1.0
33962,16831,13423,2.0
33963,12287,13261,1.0
33964,12693,13261,1.0
33965,13264,13261,1.0
33966,13689,13261,3.0
33967,13972,13261,1.0
33968,13974,13261,1.0
33969,12287,14976,1.0
33970,14268,14976,1.0
33971,14549,14976,1.0
33972,14689,14976,1.0
33973,14698,14976,1.0
33974,14977,14976,1.0
33975,15397,14976,1.0
33976,12290,12289,2.0
33977,12443,12289,3.0
33978,12578,12289,1.0
33979,12999,12289,1.0
33980,13436,12289,1.0
33981,12290,13725,1.0
33982,12315,13725,2.0
33983,12595,13725,1.0
33984,12596,13725,1.0
33985,12732,13725,1.0
33986,12739,13725,1.0
33987,13014,13725,1.0
33988,13146,13725,1.0
33989,13153,13725,2.0
33990,13154,13725,1.0
33991,13156,13725,2.0
33992,13289,13725,1.0
33993,13298,13725,1.0
33994,13436,13725,1.0
33995,13446,13725,1.0
33996,13447,13725,1.0
33997,13724,13725,2.0
33998,13726,13725,1.0
33999,13867,13725,2.0
34000,14016,13725,1.0
34001,14149,13725,2.0
34002,14150,13725,1.0
34003,14155,13725,1.0
34004,14434,13725,1.0
34005,14439,13725,1.0
34006,15134,13725,1.0
34007,12292,11721,1.0
34008,12292,13136,1.0
34009,13843,13136,2.0
34010,12298,14293,1.0
34011,12581,14293,1.0
34012,12875,14293,1.0
34013,13853,14293,1.0
34014,14006,14293,1.0
34015,14008,14293,3.0
34016,14021,14293,1.0
34017,14153,14293,1.0
34018,14290,14293,2.0
34019,14292,14293,4.0
34020,14295,14293,3.0
34021,14296,14293,1.0
34022,14297,14293,2.0
34023,14298,14293,2.0
34024,14439,14293,1.0
34025,14443,14293,1.0
34026,15001,14293,1.0
34027,17013,14293,2.0
34028,12298,17268,1.0
34029,13301,17268,1.0
34030,13716,17268,1.0
34031,14289,17268,1.0
34032,14560,17268,1.0
34033,15285,17268,1.0
34034,16991,17268,1.0
34035,17126,17268,1.0
34036,17133,17268,1.0
34037,12299,12846,1.0
34038,12563,12846,1.0
34039,12703,12846,1.0
34040,12705,12846,1.0
34041,12985,12846,1.0
34042,13271,12846,3.0
34043,12299,13715,1.0
34044,12743,13715,1.0
34045,13145,13715,1.0
34046,15988,13715,3.0
34047,12301,13297,1.0
34048,13153,13297,1.0
34049,14150,13297,1.0
34050,14578,13297,1.0
34051,14987,13297,1.0
34052,14999,13297,1.0
34053,12301,15116,2.0
34054,14118,15116,2.0
34055,14126,15116,1.0
34056,14267,15116,1.0
34057,14268,15116,1.0
34058,14412,15116,1.0
34059,14533,15116,2.0
34060,14536,15116,1.0
34061,14565,15116,1.0
34062,14689,15116,1.0
34063,14977,15116,1.0
34064,14994,15116,1.0
34065,15118,15116,1.0
34066,15257,15116,2.0
34067,15258,15116,2.0
34068,15538,15116,1.0
34069,15543,15116,1.0
34070,15680,15116,2.0
34071,15683,15116,1.0
34072,15684,15116,1.0
34073,12302,13714,1.0
34074,12579,13714,1.0
34075,12719,13714,1.0
34076,12733,13714,1.0
34077,13002,13714,1.0
34078,13003,13714,1.0
34079,13004,13714,1.0
34080,13008,13714,1.0
34081,13146,13714,2.0
34082,13289,13714,1.0
34083,13292,13714,1.0
34084,13419,13714,1.0
34085,13431,13714,1.0
34086,13433,13714,1.0
34087,13705,13714,1.0
34088,13711,13714,1.0
34089,13719,13714,1.0
34090,13857,13714,2.0
34091,13861,13714,1.0
34092,13995,13714,1.0
34093,15832,13714,1.0
34094,12307,14721,1.0
34095,12859,14721,1.0
34096,14295,14721,1.0
34097,14439,14721,2.0
34098,14583,14721,1.0
34099,14584,14721,1.0
34100,14722,14721,1.0
34101,15286,14721,1.0
34102,12312,12537,1.0
34103,12312,12828,1.0
34104,12312,13455,1.0
34105,13165,13455,1.0
34106,13311,13455,1.0
34107,13454,13455,3.0
34108,13739,13455,1.0
34109,12312,15411,1.0
34110,12703,15411,1.0
34111,12719,15411,1.0
34112,13714,15411,1.0
34113,13821,15411,2.0
34114,15258,15411,1.0
34115,15822,15411,1.0
34116,16839,15411,2.0
34117,12314,13443,1.0
34118,12591,13443,1.0
34119,12595,13443,1.0
34120,12734,13443,1.0
34121,12859,13443,1.0
34122,12863,13443,1.0
34123,12882,13443,1.0
34124,13165,13443,1.0
34125,13300,13443,3.0
34126,13728,13443,3.0
34127,14002,13443,1.0
34128,14153,13443,1.0
34129,14154,13443,1.0
34130,14287,13443,1.0
34131,15134,13443,1.0
34132,12384,12663,2.0
34133,12386,12501,1.0
34134,13933,12501,1.0
34135,14633,12501,2.0
34136,12386,14631,1.0
34137,12404,14669,1.0
34138,13933,14669,1.0
34139,14102,14669,1.0
34140,14386,14669,1.0
34141,14528,14669,1.0
34142,12410,16686,1.0
34143,14957,16686,1.0
34144,15127,16686,1.0
34145,16689,16686,1.0
34146,12413,11716,1.0
34147,14270,11716,1.0
34148,12416,13687,1.0
34149,12692,13687,1.0
34150,12693,13687,1.0
34151,13138,13687,1.0
34152,13261,13687,1.0
34153,13681,13687,1.0
34154,13689,13687,1.0
34155,13690,13687,2.0
34156,13970,13687,1.0
34157,14535,13687,1.0
34158,14540,13687,1.0
34159,16688,13687,1.0
34160,12418,12559,1.0
34161,12419,12559,1.0
34162,12562,12559,1.0
34163,12705,12559,1.0
34164,12842,12559,1.0
34165,12999,12559,2.0
34166,12419,5745,1.0
34167,12719,5745,1.0
34168,12419,13117,1.0
34169,13400,13117,3.0
34170,13688,13117,1.0
34171,14114,13117,1.0
34172,14709,13117,1.0
34173,12419,17240,1.0
34174,13265,17240,2.0
34175,13847,17240,1.0
34176,14559,17240,1.0
34177,14693,17240,1.0
34178,14973,17240,1.0
34179,14981,17240,1.0
34180,15659,17240,2.0
34181,15822,17240,1.0
34182,17083,17240,1.0
34183,17382,17240,5.0
34184,17524,17240,3.0
34185,17807,17240,4.0
34186,17808,17240,1.0
34187,17950,17240,2.0
34188,12421,13707,1.0
34189,12719,13707,1.0
34190,12860,13707,1.0
34191,13003,13707,1.0
34192,21695,13707,1.0
34193,12421,14673,2.0
34194,14537,14673,1.0
34195,14674,14673,2.0
34196,12425,12987,1.0
34197,12986,12987,2.0
34198,13128,12987,2.0
34199,13410,12987,2.0
34200,13413,12987,2.0
34201,12425,14952,1.0
34202,13677,14952,1.0
34203,15241,14952,1.0
34204,12425,16107,1.0
34205,15416,16107,1.0
34206,15964,16107,1.0
34207,16411,16107,1.0
34208,12430,15118,1.0
34209,13698,15118,1.0
34210,14410,15118,2.0
34211,14689,15118,3.0
34212,14692,15118,1.0
34213,14977,15118,2.0
34214,15134,15118,3.0
34215,15259,15118,4.0
34216,15260,15118,1.0
34217,15397,15118,1.0
34218,15402,15118,2.0
34219,16665,15118,1.0
34220,12434,15541,1.0
34221,12720,15541,1.0
34222,14411,15541,1.0
34223,14553,15541,1.0
34224,15680,15541,2.0
34225,15681,15541,2.0
34226,16107,15541,1.0
34227,17814,15541,1.0
34228,12436,12825,1.0
34229,12824,12825,1.0
34230,12862,12825,2.0
34231,13716,12825,1.0
34232,13853,12825,1.0
34233,13857,12825,1.0
34234,12437,14707,2.0
34235,15141,14707,2.0
34236,12438,13713,3.0
34237,12724,13713,1.0
34238,12861,13713,1.0
34239,13003,13713,1.0
34240,13292,13713,1.0
34241,14008,13713,1.0
34242,14397,13713,2.0
34243,12438,15139,1.0
34244,14431,15139,2.0
34245,14434,15139,1.0
34246,14571,15139,1.0
34247,14576,15139,1.0
34248,14994,15139,1.0
34249,14999,15139,1.0
34250,15000,15139,1.0
34251,15135,15139,1.0
34252,15141,15139,1.0
34253,15425,15139,1.0
34254,16830,15139,1.0
34255,16981,15139,1.0
34256,12440,17110,1.0
34257,15832,17110,1.0
34258,16972,17110,1.0
34259,17114,17110,1.0
34260,12441,15854,1.0
34261,12724,15854,2.0
34262,12876,15854,1.0
34263,13724,15854,1.0
34264,14297,15854,1.0
34265,14434,15854,1.0
34266,15144,15854,1.0
34267,15570,15854,2.0
34268,15994,15854,1.0
34269,16707,15854,1.0
34270,16843,15854,1.0
34271,16849,15854,1.0
34272,16990,15854,1.0
34273,17133,15854,1.0
34274,12441,17540,1.0
34275,16540,17540,3.0
34276,17249,17540,1.0
34277,17255,17540,2.0
34278,12442,13717,1.0
34279,13292,13717,1.0
34280,13432,13717,1.0
34281,13433,13717,3.0
34282,13716,13717,1.0
34283,13719,13717,1.0
34284,13860,13717,1.0
34285,13999,13717,1.0
34286,14567,13717,1.0
34287,12443,12584,2.0
34288,12444,12584,7.0
34289,12732,12584,1.0
34290,12443,13296,1.0
34291,12861,13296,1.0
34292,13010,13296,1.0
34293,13298,13296,3.0
34294,13305,13296,1.0
34295,13440,13296,1.0
34296,13864,13296,1.0
34297,14011,13296,1.0
34298,12443,13727,1.0
34299,12446,13727,1.0
34300,12872,13727,1.0
34301,13157,13727,1.0
34302,13868,13727,3.0
34303,14013,13727,2.0
34304,14152,13727,1.0
34305,14295,13727,1.0
34306,12444,14404,1.0
34307,13972,14404,1.0
34308,14971,14404,2.0
34309,15131,14404,1.0
34310,12445,13944,1.0
34311,12952,13944,2.0
34312,12445,14150,1.0
34313,13152,14150,2.0
34314,13308,14150,1.0
34315,13435,14150,1.0
34316,13725,14150,1.0
34317,13867,14150,1.0
34318,13868,14150,1.0
34319,14006,14150,1.0
34320,14008,14150,6.0
34321,14149,14150,2.0
34322,14292,14150,2.0
34323,14296,14150,1.0
34324,14431,14150,1.0
34325,14718,14150,1.0
34326,15000,14150,1.0
34327,12445,14554,1.0
34328,13120,14554,1.0
34329,14268,14554,2.0
34330,14696,14554,1.0
34331,15256,14554,1.0
34332,15680,14554,4.0
34333,16688,14554,1.0
34334,17378,14554,1.0
34335,12445,15161,1.0
34336,12445,15704,1.0
34337,12446,15704,1.0
34338,13677,15704,1.0
34339,13979,15704,1.0
34340,14292,15704,1.0
34341,14295,15704,1.0
34342,15135,15704,1.0
34343,12445,17461,1.0
34344,17318,17461,1.0
34345,17460,17461,1.0
34346,12446,12844,1.0
34347,12845,12844,1.0
34348,12985,12844,1.0
34349,13127,12844,2.0
34350,13271,12844,1.0
34351,12446,13161,1.0
34352,12594,13161,3.0
34353,13017,13161,1.0
34354,12446,14300,1.0
34355,14442,14300,1.0
34356,14581,14300,1.0
34357,14590,14300,1.0
34358,12446,14716,1.0
34359,12452,14716,1.0
34360,13442,14716,1.0
34361,14011,14716,1.0
34362,14153,14716,2.0
34363,14297,14716,1.0
34364,14434,14716,1.0
34365,14452,14716,2.0
34366,14999,14716,2.0
34367,15145,14716,1.0
34368,15426,14716,1.0
34369,12446,14954,1.0
34370,13250,14954,1.0
34371,13677,14954,1.0
34372,14102,14954,1.0
34373,14685,14954,1.0
34374,12446,14999,1.0
34375,12579,14999,1.0
34376,13149,14999,1.0
34377,13999,14999,1.0
34378,14153,14999,1.0
34379,14291,14999,2.0
34380,14292,14999,1.0
34381,14295,14999,4.0
34382,14436,14999,1.0
34383,14437,14999,1.0
34384,14439,14999,1.0
34385,14578,14999,2.0
34386,14716,14999,1.0
34387,15000,14999,2.0
34388,15001,14999,1.0
34389,15002,14999,3.0
34390,15019,14999,2.0
34391,15139,14999,1.0
34392,15141,14999,7.0
34393,15142,14999,1.0
34394,15283,14999,1.0
34395,15426,14999,1.0
34396,15428,14999,1.0
34397,15434,14999,1.0
34398,12447,12852,2.0
34399,12447,14987,1.0
34400,12714,14987,1.0
34401,13152,14987,1.0
34402,13154,14987,1.0
34403,14150,14987,1.0
34404,14559,14987,1.0
34405,15414,14987,3.0
34406,15829,14987,1.0
34407,12449,14276,1.0
34408,13126,14276,1.0
34409,13970,14276,1.0
34410,14136,14276,4.0
34411,14275,14276,1.0
34412,14417,14276,3.0
34413,14422,14276,2.0
34414,14423,14276,1.0
34415,14431,14276,1.0
34416,14558,14276,1.0
34417,14689,14276,1.0
34418,14982,14276,1.0
34419,15128,14276,3.0
34420,15273,14276,1.0
34421,15278,14276,1.0
34422,16545,14276,1.0
34423,12450,12736,2.0
34424,13014,12736,1.0
34425,13020,12736,2.0
34426,13024,12736,1.0
34427,12450,13734,1.0
34428,14048,13734,1.0
34429,12450,13872,1.0
34430,12742,13872,1.0
34431,12876,13872,1.0
34432,13167,13872,1.0
34433,13444,13872,1.0
34434,13726,13872,1.0
34435,13728,13872,1.0
34436,13730,13872,4.0
34437,13868,13872,1.0
34438,13869,13872,1.0
34439,13871,13872,1.0
34440,14149,13872,2.0
34441,15166,13872,1.0
34442,12450,15022,1.0
34443,13868,15022,1.0
34444,15019,15022,1.0
34445,15023,15022,1.0
34446,15166,15022,1.0
34447,15596,15022,1.0
34448,12450,15144,1.0
34449,13298,15144,1.0
34450,14001,15144,1.0
34451,14292,15144,2.0
34452,15002,15144,1.0
34453,15132,15144,1.0
34454,15141,15144,2.0
34455,15145,15144,1.0
34456,15281,15144,1.0
34457,15286,15144,2.0
34458,15425,15144,1.0
34459,19980,15144,1.0
34460,12450,18431,1.0
34461,17012,18431,1.0
34462,17014,18431,1.0
34463,17154,18431,1.0
34464,18573,18431,5.0
34465,12451,13160,1.0
34466,12729,13160,1.0
34467,12730,13160,3.0
34468,13298,13160,1.0
34469,14295,13160,2.0
34470,12452,15023,3.0
34471,14307,15023,1.0
34472,15168,15023,2.0
34473,12453,16853,1.0
34474,12739,16853,1.0
34475,12454,14190,1.0
34476,14189,14190,2.0
34477,14191,14190,3.0
34478,14298,14190,1.0
34479,14326,14190,1.0
34480,14327,14190,1.0
34481,14332,14190,1.0
34482,15737,14190,1.0
34483,15756,14190,1.0
34484,17318,14190,1.0
34485,18456,14190,1.0
34486,18738,14190,2.0
34487,12455,13728,1.0
34488,13443,13728,3.0
34489,13870,13728,1.0
34490,13872,13728,1.0
34491,14008,13728,1.0
34492,14296,13728,1.0
34493,12456,14290,1.0
34494,12579,14290,1.0
34495,13157,14290,1.0
34496,13440,14290,1.0
34497,13719,14290,1.0
34498,13864,14290,3.0
34499,14005,14290,2.0
34500,14150,14290,1.0
34501,14287,14290,1.0
34502,14288,14290,2.0
34503,14289,14290,1.0
34504,14293,14290,2.0
34505,14296,14290,1.0
34506,14724,14290,2.0
34507,14999,14290,1.0
34508,15000,14290,1.0
34509,15711,14290,1.0
34510,12456,19880,1.0
34511,18594,19880,2.0
34512,18597,19880,1.0
34513,18738,19880,1.0
34514,18881,19880,1.0
34515,19296,19880,1.0
34516,19309,19880,1.0
34517,19310,19880,1.0
34518,19585,19880,4.0
34519,19735,19880,4.0
34520,19737,19880,2.0
34521,19738,19880,1.0
34522,19875,19880,1.0
34523,19878,19880,3.0
34524,19879,19880,4.0
34525,20012,19880,1.0
34526,20013,19880,1.0
34527,20021,19880,1.0
34528,20158,19880,1.0
34529,20162,19880,1.0
34530,20163,19880,2.0
34531,20299,19880,1.0
34532,20304,19880,1.0
34533,20305,19880,3.0
34534,20434,19880,1.0
34535,20445,19880,1.0
34536,20871,19880,1.0
34537,22271,19880,1.0
34538,12457,13027,1.0
34539,12723,13027,1.0
34540,12884,13027,2.0
34541,12457,13884,1.0
34542,13028,13884,1.0
34543,13313,13884,1.0
34544,13456,13884,1.0
34545,18738,13884,1.0
34546,12457,15166,1.0
34547,12596,15166,1.0
34548,13309,15166,1.0
34549,13440,15166,1.0
34550,13847,15166,1.0
34551,14298,15166,1.0
34552,14738,15166,4.0
34553,15018,15166,1.0
34554,15023,15166,1.0
34555,15035,15166,1.0
34556,15309,15166,2.0
34557,15312,15166,1.0
34558,15450,15166,2.0
34559,15568,15166,2.0
34560,15995,15166,1.0
34561,12501,12217,2.0
34562,12503,12645,2.0
34563,12526,13093,1.0
34564,15231,13093,2.0
34565,12526,14941,1.0
34566,12953,14941,1.0
34567,12527,12384,1.0
34568,12663,12384,2.0
34569,12667,12384,1.0
34570,12668,12384,4.0
34571,12808,12384,1.0
34572,12810,12384,1.0
34573,16800,12384,1.0
34574,12527,12529,2.0
34575,12528,12529,2.0
34576,12667,12529,2.0
34577,12668,12529,2.0
34578,12810,12529,1.0
34579,14697,12529,1.0
34580,12528,12405,1.0
34581,13119,12405,1.0
34582,12528,12519,1.0
34583,12662,12519,1.0
34584,12528,12522,1.0
34585,12666,12522,1.0
34586,12667,12522,1.0
34587,12528,12648,1.0
34588,12952,12648,1.0
34589,13655,12648,2.0
34590,13792,12648,1.0
34591,12528,13373,1.0
34592,12528,13655,1.0
34593,12648,13655,1.0
34594,12668,13655,2.0
34595,13091,13655,1.0
34596,13234,13655,2.0
34597,13374,13655,2.0
34598,13791,13655,1.0
34599,13792,13655,2.0
34600,13793,13655,1.0
34601,13794,13655,1.0
34602,13934,13655,1.0
34603,14076,13655,1.0
34604,14361,13655,1.0
34605,14923,13655,1.0
34606,15091,13655,1.0
34607,12528,13828,1.0
34608,12533,13828,1.0
34609,12563,13828,1.0
34610,12978,13828,1.0
34611,14402,13828,1.0
34612,14535,13828,1.0
34613,14674,13828,2.0
34614,12530,12531,3.0
34615,12530,12656,1.0
34616,12658,12656,1.0
34617,12534,12002,1.0
34618,12542,13130,1.0
34619,12839,13130,2.0
34620,12985,13130,2.0
34621,12546,14115,1.0
34622,13832,14115,1.0
34623,13971,14115,1.0
34624,13974,14115,2.0
34625,14117,14115,1.0
34626,14118,14115,1.0
34627,12546,14953,1.0
34628,13677,14953,1.0
34629,14102,14953,1.0
34630,14386,14953,2.0
34631,14400,14953,2.0
34632,14537,14953,1.0
34633,14958,14953,1.0
34634,12548,12826,1.0
34635,12836,12826,1.0
34636,13123,12826,1.0
34637,13264,12826,1.0
34638,16799,12826,1.0
34639,16800,12826,2.0
34640,17081,12826,1.0
34641,12548,13930,2.0
34642,13650,13930,2.0
34643,13794,13930,1.0
34644,13932,13930,1.0
34645,12548,14709,1.0
34646,12691,14709,3.0
34647,12836,14709,1.0
34648,13117,14709,1.0
34649,13118,14709,1.0
34650,13405,14709,1.0
34651,14426,14709,1.0
34652,14427,14709,1.0
34653,14568,14709,1.0
34654,14708,14709,1.0
34655,14710,14709,1.0
34656,14994,14709,2.0
34657,15131,14709,1.0
34658,15134,14709,1.0
34659,15707,14709,2.0
34660,12550,12552,1.0
34661,13433,12552,1.0
34662,14143,12552,3.0
34663,15135,12552,2.0
34664,12557,12996,2.0
34665,12717,12996,1.0
34666,12841,12996,1.0
34667,12843,12996,1.0
34668,12857,12996,2.0
34669,12995,12996,1.0
34670,12997,12996,1.0
34671,12999,12996,2.0
34672,13706,12996,1.0
34673,13985,12996,1.0
34674,14291,12996,1.0
34675,12563,12420,1.0
34676,13847,12420,1.0
34677,15254,12420,1.0
34678,12565,13277,1.0
34679,12995,13277,1.0
34680,13150,13277,1.0
34681,12567,14428,1.0
34682,14126,14428,1.0
34683,14135,14428,1.0
34684,14280,14428,1.0
34685,14286,14428,1.0
34686,14427,14428,1.0
34687,14429,14428,1.0
34688,12569,14417,1.0
34689,12579,14417,1.0
34690,13159,14417,1.0
34691,14132,14417,2.0
34692,14134,14417,1.0
34693,14276,14417,2.0
34694,17807,14417,1.0
34695,12573,14132,1.0
34696,12974,14132,1.0
34697,13008,14132,1.0
34698,13974,14132,1.0
34699,14131,14132,1.0
34700,14134,14132,2.0
34701,14136,14132,2.0
34702,14274,14132,1.0
34703,14277,14132,1.0
34704,14408,14132,1.0
34705,14417,14132,2.0
34706,14418,14132,1.0
34707,14545,14132,1.0
34708,14560,14132,1.0
34709,14984,14132,1.0
34710,15407,14132,1.0
34711,17373,14132,1.0
34712,12575,12259,1.0
34713,13125,12259,1.0
34714,12575,13133,1.0
34715,12845,13133,2.0
34716,13001,13133,1.0
34717,13137,13133,2.0
34718,13419,13133,2.0
34719,12575,14139,1.0
34720,14000,14139,1.0
34721,12575,14984,1.0
34722,13686,14984,1.0
34723,13850,14984,3.0
34724,13851,14984,1.0
34725,13991,14984,1.0
34726,14131,14984,1.0
34727,14132,14984,1.0
34728,14267,14984,1.0
34729,14419,14984,1.0
34730,14434,14984,1.0
34731,14556,14984,1.0
34732,15829,14984,1.0
34733,15971,14984,1.0
34734,17524,14984,2.0
34735,12575,15162,1.0
34736,12575,17114,1.0
34737,14977,17114,1.0
34738,14986,17114,1.0
34739,15831,17114,2.0
34740,16688,17114,1.0
34741,16689,17114,2.0
34742,16964,17114,1.0
34743,17111,17114,1.0
34744,17252,17114,1.0
34745,17253,17114,1.0
34746,17255,17114,3.0
34747,17534,17114,3.0
34748,17967,17114,1.0
34749,18105,17114,1.0
34750,12576,15269,4.0
34751,13706,15269,1.0
34752,15836,15269,2.0
34753,15974,15269,1.0
34754,16972,15269,2.0
34755,17542,15269,1.0
34756,12576,15689,1.0
34757,14992,15689,1.0
34758,15255,15689,1.0
34759,15547,15689,1.0
34760,15832,15689,2.0
34761,17249,15689,1.0
34762,12576,16121,2.0
34763,13686,16121,1.0
34764,14301,16121,2.0
34765,14693,16121,1.0
34766,15123,16121,1.0
34767,15694,16121,1.0
34768,15974,16121,5.0
34769,15979,16121,1.0
34770,16124,16121,1.0
34771,16546,16121,2.0
34772,16688,16121,1.0
34773,16831,16121,1.0
34774,16975,16121,2.0
34775,12579,13859,1.0
34776,14426,13859,1.0
34777,14427,13859,1.0
34778,12579,14133,1.0
34779,13993,14133,1.0
34780,14130,14133,1.0
34781,14416,14133,1.0
34782,15135,14133,1.0
34783,12579,14993,1.0
34784,12587,14993,1.0
34785,12861,14993,1.0
34786,13011,14993,1.0
34787,13435,14993,1.0
34788,14008,14993,1.0
34789,14568,14993,1.0
34790,14569,14993,1.0
34791,14709,14993,2.0
34792,15002,14993,1.0
34793,15135,14993,1.0
34794,15139,14993,1.0
34795,15419,14993,2.0
34796,12579,16138,1.0
34797,14576,16138,1.0
34798,12579,17976,1.0
34799,14533,17976,1.0
34800,12581,14145,1.0
34801,12585,14255,1.0
34802,14549,14255,1.0
34803,12586,14011,1.0
34804,12601,14011,1.0
34805,12725,14011,1.0
34806,13296,14011,1.0
34807,13313,14011,1.0
34808,13721,14011,2.0
34809,13726,14011,2.0
34810,13868,14011,1.0
34811,14010,14011,1.0
34812,14013,14011,2.0
34813,14149,14011,1.0
34814,14294,14011,1.0
34815,14295,14011,1.0
34816,14298,14011,2.0
34817,14578,14011,1.0
34818,12586,15550,1.0
34819,13975,15550,2.0
34820,15551,15550,3.0
34821,12588,16397,1.0
34822,14141,16397,1.0
34823,12588,17139,1.0
34824,13009,17139,1.0
34825,14413,17139,1.0
34826,16849,17139,1.0
34827,12589,13439,1.0
34828,12730,13439,1.0
34829,12733,13439,1.0
34830,14578,13439,2.0
34831,12591,12877,1.0
34832,12738,12877,1.0
34833,12876,12877,1.0
34834,12879,12877,1.0
34835,12594,15425,1.0
34836,14292,15425,4.0
34837,14576,15425,1.0
34838,15006,15425,1.0
34839,15139,15425,1.0
34840,15142,15425,2.0
34841,15283,15425,1.0
34842,15284,15425,1.0
34843,15286,15425,1.0
34844,15426,15425,1.0
34845,12596,15312,1.0
34846,14449,15312,1.0
34847,15166,15312,1.0
34848,15169,15312,1.0
34849,17026,15312,1.0
34850,20163,15312,2.0
34851,12599,18029,1.0
34852,13155,18029,1.0
34853,17460,18029,1.0
34854,19875,18029,2.0
34855,20305,18029,4.0
34856,12645,12503,2.0
34857,12648,13791,1.0
34858,12656,12658,1.0
34859,12810,12658,1.0
34860,13934,12658,1.0
34861,12666,12948,1.0
34862,12667,12948,4.0
34863,13097,12948,1.0
34864,12668,11957,1.0
34865,12668,12240,1.0
34866,12668,12811,2.0
34867,12668,12957,1.0
34868,12668,13374,2.0
34869,12719,13374,1.0
34870,13232,13374,1.0
34871,13655,13374,2.0
34872,13793,13374,1.0
34873,12668,13378,1.0
34874,12952,13378,1.0
34875,12668,13931,1.0
34876,13787,13931,3.0
34877,13932,13931,2.0
34878,14072,13931,1.0
34879,12668,14632,1.0
34880,12785,14632,1.0
34881,12810,14632,1.0
34882,13793,14632,1.0
34883,14077,14632,1.0
34884,14350,14632,1.0
34885,14490,14632,1.0
34886,14493,14632,2.0
34887,14634,14632,1.0
34888,15206,14632,1.0
34889,16049,14632,1.0
34890,12668,14981,1.0
34891,13146,14981,1.0
34892,14265,14981,1.0
34893,14402,14981,1.0
34894,14700,14981,1.0
34895,15122,14981,2.0
34896,15125,14981,1.0
34897,12669,13233,1.0
34898,13091,13233,1.0
34899,12669,14524,2.0
34900,12671,13381,1.0
34901,13942,13381,2.0
34902,12693,15122,1.0
34903,13265,15122,1.0
34904,13835,15122,1.0
34905,13847,15122,1.0
34906,13983,15122,1.0
34907,14411,15122,1.0
34908,14414,15122,1.0
34909,14548,15122,1.0
34910,14555,15122,1.0
34911,14695,15122,1.0
34912,14978,15122,3.0
34913,14979,15122,1.0
34914,15257,15122,4.0
34915,15258,15122,2.0
34916,15272,15122,1.0
34917,15541,15122,1.0
34918,15973,15122,1.0
34919,17814,15122,1.0
34920,12694,13417,1.0
34921,12697,13417,1.0
34922,12835,13417,2.0
34923,12697,12696,2.0
34924,12703,13966,1.0
34925,14102,13966,1.0
34926,14263,13966,2.0
34927,12703,13970,1.0
34928,13013,13970,1.0
34929,13687,13970,1.0
34930,13690,13970,4.0
34931,13969,13970,2.0
34932,13974,13970,1.0
34933,14114,13970,1.0
34934,14252,13970,1.0
34935,12703,14118,1.0
34936,13408,14118,1.0
34937,13835,14118,1.0
34938,14120,14118,1.0
34939,14413,14118,1.0
34940,14685,14118,2.0
34941,14689,14118,1.0
34942,15116,14118,2.0
34943,15255,14118,1.0
34944,12703,14675,1.0
34945,14410,14675,1.0
34946,14676,14675,2.0
34947,15101,14675,1.0
34948,15240,14675,1.0
34949,12704,12966,1.0
34950,13678,12966,1.0
34951,14252,12966,1.0
34952,12709,13703,1.0
34953,12709,14419,1.0
34954,14984,14419,1.0
34955,12709,16799,1.0
34956,12826,16799,3.0
34957,14411,16799,1.0
34958,15956,16799,2.0
34959,16670,16799,1.0
34960,16800,16799,8.0
34961,16939,16799,4.0
34962,16941,16799,1.0
34963,17083,16799,4.0
34964,17225,16799,1.0
34965,12711,15261,2.0
34966,14687,15261,1.0
34967,16547,15261,1.0
34968,12714,14551,1.0
34969,14270,14551,1.0
34970,14692,14551,1.0
34971,14693,14551,1.0
34972,14694,14551,1.0
34973,15101,14551,1.0
34974,12714,15538,2.0
34975,14977,15538,1.0
34976,15116,15538,1.0
34977,12716,17587,1.0
34978,12718,14278,2.0
34979,13716,14278,2.0
34980,14426,14278,1.0
34981,15561,14278,1.0
34982,12718,15559,1.0
34983,14559,15559,1.0
34984,14724,15559,1.0
34985,14993,15559,2.0
34986,15134,15559,4.0
34987,15136,15559,2.0
34988,15414,15559,1.0
34989,16131,15559,1.0
34990,12719,16994,1.0
34991,14436,16994,1.0
34992,18572,16994,1.0
34993,12720,15684,2.0
34994,14406,15684,1.0
34995,15256,15684,1.0
34996,15397,15684,1.0
34997,15685,15684,2.0
34998,15964,15684,1.0
34999,12723,13294,1.0
35000,13009,13294,1.0
35001,13151,13294,1.0
35002,13435,13294,1.0
35003,12723,13429,1.0
35004,13146,13429,1.0
35005,13717,13429,1.0
35006,12723,13430,1.0
35007,13004,13430,1.0
35008,13428,13430,1.0
35009,13704,13430,1.0
35010,13841,13430,2.0
35011,12723,13852,1.0
35012,12857,13852,1.0
35013,13432,13852,1.0
35014,15278,13852,1.0
35015,12723,17814,2.0
35016,15122,17814,1.0
35017,15407,17814,1.0
35018,15822,17814,2.0
35019,15825,17814,1.0
35020,16819,17814,2.0
35021,17524,17814,1.0
35022,17526,17814,2.0
35023,12728,15434,1.0
35024,13711,15434,1.0
35025,15723,15434,1.0
35026,15999,15434,1.0
35027,12729,15430,1.0
35028,14426,15430,1.0
35029,15289,15430,1.0
35030,15711,15430,1.0
35031,12731,12726,1.0
35032,12871,12726,1.0
35033,13719,12726,1.0
35034,12734,13232,2.0
35035,12810,13232,2.0
35036,13932,13232,1.0
35037,14218,13232,1.0
35038,12739,14429,1.0
35039,13432,14429,1.0
35040,13437,14429,1.0
35041,14287,14429,1.0
35042,14289,14429,1.0
35043,14292,14429,1.0
35044,14428,14429,1.0
35045,14431,14429,1.0
35046,14568,14429,2.0
35047,14575,14429,1.0
35048,15134,14429,2.0
35049,15698,14429,1.0
35050,12739,15024,1.0
35051,13877,15024,1.0
35052,14153,15024,3.0
35053,14296,15024,1.0
35054,14303,15024,1.0
35055,14738,15024,3.0
35056,14739,15024,1.0
35057,14740,15024,3.0
35058,15160,15024,1.0
35059,15166,15024,1.0
35060,15167,15024,2.0
35061,15310,15024,1.0
35062,12742,13723,1.0
35063,13153,13723,1.0
35064,14008,13723,1.0
35065,12743,13028,1.0
35066,13741,13028,1.0
35067,12785,15222,1.0
35068,14633,15222,1.0
35069,12799,12657,1.0
35070,12810,12662,1.0
35071,12810,13648,1.0
35072,13934,13648,1.0
35073,12810,14493,1.0
35074,14632,14493,2.0
35075,12810,14648,2.0
35076,12815,11981,1.0
35077,12835,13123,1.0
35078,16949,13123,1.0
35079,12835,13829,1.0
35080,13120,13829,1.0
35081,13687,13829,1.0
35082,13971,13829,1.0
35083,12835,13968,1.0
35084,13405,13968,1.0
35085,13679,13968,1.0
35086,13974,13968,1.0
35087,14262,13968,1.0
35088,15114,13968,1.0
35089,15397,13968,1.0
35090,12835,16949,1.0
35091,12836,14687,2.0
35092,12984,14687,2.0
35093,13265,14687,1.0
35094,13393,14687,1.0
35095,13691,14687,1.0
35096,13967,14687,1.0
35097,14112,14687,1.0
35098,14394,14687,1.0
35099,14407,14687,1.0
35100,14410,14687,1.0
35101,14535,14687,1.0
35102,14541,14687,1.0
35103,14542,14687,1.0
35104,14545,14687,4.0
35105,14546,14687,1.0
35106,14548,14687,1.0
35107,14688,14687,2.0
35108,15257,14687,1.0
35109,15261,14687,1.0
35110,15381,14687,1.0
35111,12838,13697,1.0
35112,12853,13697,2.0
35113,13144,13697,1.0
35114,13984,13697,1.0
35115,15974,13697,1.0
35116,12838,14540,1.0
35117,13687,14540,1.0
35118,13690,14540,1.0
35119,13974,14540,1.0
35120,14398,14540,1.0
35121,14400,14540,1.0
35122,14412,14540,1.0
35123,14536,14540,1.0
35124,14685,14540,2.0
35125,14952,14540,1.0
35126,14971,14540,1.0
35127,14972,14540,1.0
35128,15255,14540,1.0
35129,12839,12541,1.0
35130,12845,12988,1.0
35131,13150,12988,1.0
35132,13271,12988,1.0
35133,12845,14393,1.0
35134,14252,14393,1.0
35135,14413,14393,1.0
35136,14685,14393,2.0
35137,12848,12564,1.0
35138,12848,14258,1.0
35139,13706,14258,1.0
35140,12851,12995,3.0
35141,12854,12995,2.0
35142,12990,12995,1.0
35143,12996,12995,3.0
35144,12999,12995,1.0
35145,13137,12995,1.0
35146,12853,12854,1.0
35147,12855,12854,2.0
35148,12990,12854,1.0
35149,12991,12854,3.0
35150,13000,12854,2.0
35151,12853,16839,1.0
35152,13848,16839,1.0
35153,13869,16839,1.0
35154,14000,16839,2.0
35155,15417,16839,1.0
35156,16546,16839,2.0
35157,12854,12855,2.0
35158,12858,12855,1.0
35159,12859,12855,1.0
35160,12995,12855,1.0
35161,12996,12855,1.0
35162,13004,12855,1.0
35163,13138,12855,1.0
35164,13281,12855,2.0
35165,12855,13138,1.0
35166,13845,13138,1.0
35167,12855,13281,2.0
35168,13424,13281,1.0
35169,13835,13281,1.0
35170,14014,13281,1.0
35171,12857,12708,2.0
35172,12857,13421,2.0
35173,13420,13421,1.0
35174,14706,13421,1.0
35175,12858,14991,1.0
35176,13866,14991,1.0
35177,15134,14991,2.0
35178,12858,15255,1.0
35179,13143,15255,1.0
35180,14118,15255,1.0
35181,14540,15255,1.0
35182,14545,15255,2.0
35183,14686,15255,1.0
35184,14970,15255,1.0
35185,14972,15255,1.0
35186,15258,15255,2.0
35187,15405,15255,3.0
35188,17240,15255,1.0
35189,12859,13712,1.0
35190,13146,13712,1.0
35191,13148,13712,1.0
35192,13432,13712,1.0
35193,13999,13712,1.0
35194,16689,13712,1.0
35195,17386,13712,3.0
35196,12861,15979,1.0
35197,13298,15979,1.0
35198,15126,15979,3.0
35199,15974,15979,1.0
35200,15978,15979,1.0
35201,16121,15979,1.0
35202,16547,15979,1.0
35203,12863,15275,1.0
35204,12999,15275,1.0
35205,13003,15275,1.0
35206,13979,15275,2.0
35207,14426,15275,1.0
35208,15134,15275,2.0
35209,15135,15275,3.0
35210,15272,15275,6.0
35211,15273,15275,1.0
35212,15417,15275,6.0
35213,12863,17542,1.0
35214,15269,17542,1.0
35215,12866,15286,1.0
35216,14583,15286,1.0
35217,15001,15286,1.0
35218,15144,15286,1.0
35219,15426,15286,1.0
35220,12870,13719,1.0
35221,13007,13719,1.0
35222,13148,13719,2.0
35223,13292,13719,2.0
35224,13301,13719,1.0
35225,13435,13719,1.0
35226,13716,13719,1.0
35227,13720,13719,3.0
35228,13721,13719,1.0
35229,13722,13719,1.0
35230,13860,13719,1.0
35231,13861,13719,2.0
35232,13999,13719,1.0
35233,14432,13719,1.0
35234,15680,13719,2.0
35235,12873,13163,1.0
35236,12873,14009,1.0
35237,13441,14009,1.0
35238,13726,14009,1.0
35239,13868,14009,2.0
35240,13870,14009,1.0
35241,14010,14009,1.0
35242,14013,14009,1.0
35243,14149,14009,2.0
35244,14151,14009,5.0
35245,14153,14009,3.0
35246,14296,14009,1.0
35247,14433,14009,1.0
35248,14434,14009,1.0
35249,14578,14009,1.0
35250,14720,14009,1.0
35251,17154,14009,1.0
35252,12876,14275,2.0
35253,13729,14275,1.0
35254,13794,14275,1.0
35255,14149,14275,1.0
35256,14276,14275,1.0
35257,14439,14275,1.0
35258,12876,17273,1.0
35259,16707,17273,1.0
35260,12880,20851,1.0
35261,15018,20851,1.0
35262,12881,13865,1.0
35263,12881,14158,1.0
35264,14303,14158,1.0
35265,12882,13867,1.0
35266,13725,13867,2.0
35267,14150,13867,1.0
35268,14298,13867,1.0
35269,12882,14580,1.0
35270,14014,14580,1.0
35271,14297,14580,1.0
35272,12952,12953,1.0
35273,14941,12953,1.0
35274,12952,12954,1.0
35275,13097,12954,1.0
35276,13237,12954,1.0
35277,12952,13067,1.0
35278,13209,13067,1.0
35279,13793,13067,1.0
35280,14917,13067,1.0
35281,12952,13091,1.0
35282,13232,13091,1.0
35283,13233,13091,2.0
35284,13655,13091,1.0
35285,12955,12670,1.0
35286,13237,12670,2.0
35287,12964,15672,1.0
35288,14684,15672,2.0
35289,15248,15672,1.0
35290,12967,12973,2.0
35291,12979,13266,1.0
35292,13407,13266,1.0
35293,12979,13675,1.0
35294,14252,13675,1.0
35295,12982,15408,1.0
35296,12984,15397,1.0
35297,13419,15397,1.0
35298,13968,15397,1.0
35299,14130,15397,1.0
35300,14410,15397,1.0
35301,14541,15397,1.0
35302,14971,15397,2.0
35303,14976,15397,1.0
35304,15116,15397,1.0
35305,15118,15397,1.0
35306,15253,15397,1.0
35307,15256,15397,6.0
35308,15257,15397,1.0
35309,15396,15397,1.0
35310,15683,15397,1.0
35311,16809,15397,1.0
35312,17810,15397,2.0
35313,12995,13274,1.0
35314,12996,13137,1.0
35315,12999,13137,1.0
35316,13133,13137,2.0
35317,13136,13137,2.0
35318,13418,13137,2.0
35319,13705,13137,1.0
35320,12998,13280,4.0
35321,12998,15418,1.0
35322,15134,15418,3.0
35323,15135,15418,2.0
35324,15417,15418,4.0
35325,12999,11830,1.0
35326,12999,13282,1.0
35327,14410,13282,1.0
35328,12999,13283,3.0
35329,16547,13283,1.0
35330,12999,13993,2.0
35331,14133,13993,1.0
35332,12999,14138,1.0
35333,13856,14138,4.0
35334,13986,14138,1.0
35335,14134,14138,1.0
35336,14280,14138,3.0
35337,14426,14138,1.0
35338,13000,13141,1.0
35339,13704,13141,1.0
35340,13002,13405,1.0
35341,13406,13405,1.0
35342,14265,13405,1.0
35343,14416,13405,1.0
35344,14695,13405,1.0
35345,14709,13405,1.0
35346,13002,13868,1.0
35347,13008,13868,1.0
35348,13014,13868,1.0
35349,13727,13868,4.0
35350,13729,13868,3.0
35351,13730,13868,1.0
35352,13869,13868,3.0
35353,13870,13868,1.0
35354,14008,13868,7.0
35355,14009,13868,1.0
35356,14010,13868,4.0
35357,14013,13868,1.0
35358,14152,13868,1.0
35359,14153,13868,1.0
35360,14154,13868,1.0
35361,14156,13868,1.0
35362,14163,13868,2.0
35363,14296,13868,3.0
35364,14297,13868,2.0
35365,14434,13868,1.0
35366,14575,13868,1.0
35367,14578,13868,3.0
35368,16990,13868,1.0
35369,18879,13868,1.0
35370,13002,14567,1.0
35371,13429,14567,1.0
35372,13003,14382,1.0
35373,14523,14382,2.0
35374,13003,17836,1.0
35375,15000,17836,1.0
35376,13004,14705,1.0
35377,14404,14705,2.0
35378,14991,14705,1.0
35379,15131,14705,1.0
35380,15135,14705,1.0
35381,15142,14705,1.0
35382,13004,15845,2.0
35383,15135,15845,4.0
35384,15272,15845,1.0
35385,15987,15845,1.0
35386,16134,15845,1.0
35387,16840,15845,1.0
35388,13004,16836,1.0
35389,13005,13857,1.0
35390,13286,13857,1.0
35391,13433,13857,1.0
35392,13714,13857,4.0
35393,13716,13857,4.0
35394,13872,13857,1.0
35395,14148,13857,1.0
35396,14426,13857,1.0
35397,13005,14137,1.0
35398,13716,14137,1.0
35399,13005,18138,1.0
35400,17569,18138,3.0
35401,17570,18138,2.0
35402,17854,18138,2.0
35403,13006,13113,1.0
35404,13006,16832,1.0
35405,13146,16832,1.0
35406,13845,16832,1.0
35407,14385,16832,2.0
35408,14564,16832,1.0
35409,14986,16832,1.0
35410,15126,16832,5.0
35411,15127,16832,1.0
35412,16117,16832,3.0
35413,16121,16832,1.0
35414,16545,16832,1.0
35415,16689,16832,3.0
35416,16942,16832,1.0
35417,16984,16832,1.0
35418,13007,15400,1.0
35419,14408,15400,2.0
35420,14410,15400,1.0
35421,15256,15400,2.0
35422,15258,15400,1.0
35423,15685,15400,1.0
35424,15825,15400,2.0
35425,15827,15400,2.0
35426,13007,17528,1.0
35427,15127,17528,1.0
35428,15822,17528,2.0
35429,17101,17528,2.0
35430,17383,17528,1.0
35431,17387,17528,2.0
35432,17808,17528,3.0
35433,13009,13307,1.0
35434,13010,13288,2.0
35435,13144,13288,1.0
35436,14281,13288,1.0
35437,13012,13427,1.0
35438,13013,16002,1.0
35439,16421,16002,1.0
35440,13014,14442,1.0
35441,14021,14442,2.0
35442,14164,14442,1.0
35443,14426,14442,1.0
35444,14439,14442,1.0
35445,14440,14442,3.0
35446,14584,14442,1.0
35447,16991,14442,1.0
35448,13014,17275,1.0
35449,14995,17275,1.0
35450,16707,17275,2.0
35451,13016,12423,1.0
35452,13016,13304,1.0
35453,14014,13304,1.0
35454,17273,13304,1.0
35455,13018,15018,1.0
35456,13452,15018,1.0
35457,13738,15018,1.0
35458,14048,15018,1.0
35459,14450,15018,2.0
35460,14590,15018,1.0
35461,14723,15018,1.0
35462,15164,15018,1.0
35463,15168,15018,2.0
35464,15450,15018,2.0
35465,16444,15018,1.0
35466,18572,15018,1.0
35467,20851,15018,1.0
35468,13020,15021,1.0
35469,15167,15021,1.0
35470,15307,15021,2.0
35471,13020,15424,1.0
35472,16423,15424,1.0
35473,13021,13162,1.0
35474,13723,13162,1.0
35475,17141,13162,1.0
35476,18574,13162,3.0
35477,13024,13442,3.0
35478,13151,13442,1.0
35479,13157,13442,3.0
35480,13298,13442,1.0
35481,13304,13442,1.0
35482,13437,13442,2.0
35483,13440,13442,1.0
35484,13725,13442,2.0
35485,13726,13442,3.0
35486,13727,13442,2.0
35487,13729,13442,7.0
35488,14014,13442,1.0
35489,14716,13442,1.0
35490,15277,13442,1.0
35491,13025,18882,2.0
35492,17886,18882,1.0
35493,18738,18882,3.0
35494,18739,18882,2.0
35495,18881,18882,1.0
35496,19025,18882,1.0
35497,19451,18882,3.0
35498,19453,18882,1.0
35499,19878,18882,1.0
35500,13067,13209,1.0
35501,13067,14917,1.0
35502,14633,14917,1.0
35503,13093,15231,2.0
35504,13095,12533,1.0
35505,13106,13390,1.0
35506,13392,13390,2.0
35507,13393,13390,2.0
35508,13677,13390,1.0
35509,13678,13390,1.0
35510,13819,13390,1.0
35511,13820,13390,1.0
35512,14670,13390,1.0
35513,13117,12404,1.0
35514,14669,12404,1.0
35515,13117,12962,1.0
35516,13392,12962,1.0
35517,13118,13400,3.0
35518,13972,13400,1.0
35519,13120,14983,1.0
35520,14411,14983,1.0
35521,14698,14983,3.0
35522,16979,14983,1.0
35523,13122,15381,1.0
35524,14531,15381,2.0
35525,14687,15381,1.0
35526,13128,13982,1.0
35527,13412,13982,1.0
35528,13697,13982,1.0
35529,13698,13982,1.0
35530,13847,13982,1.0
35531,13983,13982,1.0
35532,13984,13982,1.0
35533,14114,13982,1.0
35534,14125,13982,1.0
35535,14271,13982,2.0
35536,14394,13982,1.0
35537,14693,13982,1.0
35538,13137,13418,4.0
35539,13421,13418,1.0
35540,13690,13418,1.0
35541,13856,13418,1.0
35542,13140,14959,1.0
35543,14131,14959,1.0
35544,14410,14959,1.0
35545,14533,14959,1.0
35546,15097,14959,1.0
35547,15101,14959,1.0
35548,15242,14959,1.0
35549,15243,14959,2.0
35550,13143,7315,1.0
35551,13143,13285,1.0
35552,15132,13285,1.0
35553,13143,13991,1.0
35554,13716,13991,1.0
35555,14132,13991,1.0
35556,14134,13991,1.0
35557,14984,13991,1.0
35558,13143,17318,1.0
35559,14190,17318,1.0
35560,14296,17318,1.0
35561,15755,17318,1.0
35562,15756,17318,1.0
35563,17317,17318,2.0
35564,17459,17318,6.0
35565,17460,17318,1.0
35566,17461,17318,2.0
35567,19722,17318,1.0
35568,20015,17318,1.0
35569,13145,14448,1.0
35570,13301,14448,2.0
35571,13452,14448,2.0
35572,20846,14448,1.0
35573,13145,18992,1.0
35574,15002,18992,1.0
35575,13146,13710,1.0
35576,13841,13710,2.0
35577,13854,13710,1.0
35578,15411,13710,4.0
35579,15683,13710,1.0
35580,13146,13721,1.0
35581,13147,13721,1.0
35582,13437,13721,1.0
35583,13440,13721,1.0
35584,13720,13721,1.0
35585,13722,13721,1.0
35586,13726,13721,1.0
35587,13864,13721,3.0
35588,14011,13721,1.0
35589,13146,14007,1.0
35590,14289,14007,1.0
35591,14431,14007,1.0
35592,13146,15274,1.0
35593,13148,14142,1.0
35594,13156,14142,1.0
35595,13291,14142,2.0
35596,13148,16547,1.0
35597,13265,16547,1.0
35598,13864,16547,1.0
35599,14692,16547,1.0
35600,15126,16547,1.0
35601,15261,16547,1.0
35602,15416,16547,2.0
35603,15975,16547,1.0
35604,15979,16547,1.0
35605,16124,16547,1.0
35606,16541,16547,1.0
35607,16545,16547,1.0
35608,16686,16547,1.0
35609,16689,16547,4.0
35610,16830,16547,1.0
35611,16832,16547,1.0
35612,17114,16547,1.0
35613,17255,16547,2.0
35614,17397,16547,1.0
35615,18105,16547,1.0
35616,13149,13820,1.0
35617,13395,13820,1.0
35618,13677,13820,9.0
35619,13678,13820,8.0
35620,13683,13820,2.0
35621,13821,13820,1.0
35622,13822,13820,1.0
35623,14243,13820,1.0
35624,14386,13820,1.0
35625,13149,13869,1.0
35626,13726,13869,1.0
35627,13868,13869,2.0
35628,13872,13869,1.0
35629,14153,13869,5.0
35630,14292,13869,1.0
35631,14295,13869,1.0
35632,14298,13869,1.0
35633,14568,13869,1.0
35634,16839,13869,1.0
35635,13151,13171,2.0
35636,13454,13171,2.0
35637,14537,13171,1.0
35638,13151,13866,1.0
35639,13716,13866,1.0
35640,14008,13866,2.0
35641,14189,13866,1.0
35642,14993,13866,1.0
35643,15135,13866,1.0
35644,15278,13866,1.0
35645,16991,13866,1.0
35646,13152,14715,1.0
35647,13152,17975,1.0
35648,13154,13864,2.0
35649,13437,13864,1.0
35650,13721,13864,2.0
35651,14149,13864,1.0
35652,14286,13864,3.0
35653,14290,13864,4.0
35654,16547,13864,1.0
35655,13155,17155,1.0
35656,17985,17155,1.0
35657,13156,15712,1.0
35658,14434,15712,1.0
35659,15570,15712,2.0
35660,15710,15712,3.0
35661,15711,15712,1.0
35662,15854,15712,2.0
35663,13156,17282,1.0
35664,18701,17282,2.0
35665,13157,13730,1.0
35666,13162,13730,3.0
35667,13442,13730,2.0
35668,13736,13730,1.0
35669,13861,13730,1.0
35670,13870,13730,1.0
35671,14000,13730,1.0
35672,14014,13730,1.0
35673,14016,13730,1.0
35674,15994,13730,1.0
35675,13157,14723,1.0
35676,14295,14723,2.0
35677,14297,14723,1.0
35678,14442,14723,1.0
35679,14720,14723,2.0
35680,15002,14723,1.0
35681,15003,14723,1.0
35682,15006,14723,1.0
35683,13158,14008,1.0
35684,13295,14008,1.0
35685,13299,14008,2.0
35686,13301,14008,1.0
35687,13442,14008,1.0
35688,13456,14008,1.0
35689,13713,14008,1.0
35690,13719,14008,1.0
35691,13724,14008,4.0
35692,13868,14008,9.0
35693,14010,14008,1.0
35694,14149,14008,3.0
35695,14150,14008,1.0
35696,14151,14008,1.0
35697,14268,14008,1.0
35698,14284,14008,1.0
35699,14292,14008,2.0
35700,14293,14008,3.0
35701,14294,14008,2.0
35702,14296,14008,3.0
35703,14434,14008,2.0
35704,14993,14008,1.0
35705,15292,14008,1.0
35706,15845,14008,1.0
35707,13158,14590,1.0
35708,13877,14590,1.0
35709,15144,14590,1.0
35710,13159,15007,1.0
35711,15010,15007,1.0
35712,15426,15007,1.0
35713,15999,15007,1.0
35714,17133,15007,1.0
35715,13171,13454,2.0
35716,13455,13454,2.0
35717,13739,13454,2.0
35718,13741,13454,2.0
35719,13171,13744,1.0
35720,13311,13744,1.0
35721,13741,13744,1.0
35722,13237,12245,1.0
35723,13955,12245,2.0
35724,14519,12245,1.0
35725,14658,12245,2.0
35726,15082,12245,4.0
35727,15788,12245,2.0
35728,13237,13665,1.0
35729,15091,13665,1.0
35730,13245,15095,1.0
35731,13265,15095,3.0
35732,14244,15095,1.0
35733,14670,15095,1.0
35734,13254,13255,2.0
35735,13255,13254,2.0
35736,13263,12409,1.0
35737,13263,13412,1.0
35738,13405,13412,2.0
35739,13265,13129,1.0
35740,14556,13129,1.0
35741,13265,13262,1.0
35742,13677,13262,2.0
35743,13265,13815,1.0
35744,13265,14407,1.0
35745,13419,14407,1.0
35746,14118,14407,1.0
35747,14265,14407,2.0
35748,14267,14407,1.0
35749,14406,14407,1.0
35750,14409,14407,1.0
35751,14410,14407,3.0
35752,14537,14407,1.0
35753,14549,14407,1.0
35754,14689,14407,1.0
35755,14691,14407,1.0
35756,14958,14407,1.0
35757,14977,14407,1.0
35758,15116,14407,1.0
35759,15257,14407,1.0
35760,15417,14407,1.0
35761,15544,14407,2.0
35762,15683,14407,1.0
35763,16527,14407,1.0
35764,13265,14685,5.0
35765,13388,14685,1.0
35766,13706,14685,1.0
35767,13982,14685,1.0
35768,14118,14685,2.0
35769,14123,14685,1.0
35770,14267,14685,1.0
35771,14392,14685,1.0
35772,14393,14685,2.0
35773,14410,14685,2.0
35774,14537,14685,2.0
35775,14544,14685,1.0
35776,14546,14685,2.0
35777,14548,14685,1.0
35778,14682,14685,1.0
35779,14689,14685,1.0
35780,15117,14685,2.0
35781,15394,14685,1.0
35782,15396,14685,2.0
35783,15398,14685,1.0
35784,15680,14685,1.0
35785,13265,16939,1.0
35786,13392,16939,1.0
35787,15257,16939,1.0
35788,15680,16939,1.0
35789,15822,16939,1.0
35790,16799,16939,1.0
35791,16940,16939,2.0
35792,17081,16939,1.0
35793,17808,16939,2.0
35794,13271,13983,2.0
35795,13694,13983,2.0
35796,13840,13983,1.0
35797,13841,13983,2.0
35798,13982,13983,1.0
35799,14130,13983,1.0
35800,14268,13983,1.0
35801,14411,13983,1.0
35802,14700,13983,1.0
35803,15680,13983,1.0
35804,13271,14398,1.0
35805,13677,14398,1.0
35806,13971,14398,1.0
35807,14233,14398,1.0
35808,14397,14398,1.0
35809,14540,14398,1.0
35810,14688,14398,2.0
35811,13271,16979,1.0
35812,16689,16979,1.0
35813,13273,12850,1.0
35814,13276,13420,1.0
35815,13421,13420,1.0
35816,14416,13420,1.0
35817,13279,17807,1.0
35818,15814,17807,1.0
35819,17240,17807,4.0
35820,17523,17807,1.0
35821,13288,14281,1.0
35822,14426,14281,1.0
35823,14430,14281,1.0
35824,13292,14001,1.0
35825,14427,14001,1.0
35826,15134,14001,1.0
35827,15420,14001,1.0
35828,13296,14005,1.0
35829,14290,14005,2.0
35830,13298,15160,2.0
35831,13878,15160,1.0
35832,14164,15160,1.0
35833,14326,15160,4.0
35834,14596,15160,2.0
35835,15018,15160,1.0
35836,15024,15160,1.0
35837,15132,15160,1.0
35838,15159,15160,1.0
35839,15450,15160,2.0
35840,18573,15160,1.0
35841,13302,13306,2.0
35842,13446,13306,1.0
35843,15141,13306,1.0
35844,15167,13306,1.0
35845,13305,13445,2.0
35846,13435,13445,3.0
35847,13870,13445,1.0
35848,14010,13445,1.0
35849,13306,15879,1.0
35850,14738,15879,1.0
35851,13308,13739,1.0
35852,13454,13739,1.0
35853,13455,13739,2.0
35854,13735,13739,1.0
35855,13308,14161,1.0
35856,15417,14161,1.0
35857,13309,13312,1.0
35858,13741,13312,1.0
35859,14164,13312,1.0
35860,14442,13312,1.0
35861,18573,13312,1.0
35862,13309,13451,1.0
35863,13737,13451,1.0
35864,13309,17014,1.0
35865,15160,17014,1.0
35866,15879,17014,1.0
35867,16991,17014,1.0
35868,17154,17014,1.0
35869,18573,17014,1.0
35870,18738,17014,3.0
35871,13311,14720,3.0
35872,14576,14720,2.0
35873,14581,14720,3.0
35874,14723,14720,2.0
35875,13313,16171,1.0
35876,13381,13942,2.0
35877,13933,13942,1.0
35878,14233,13942,1.0
35879,14658,13942,4.0
35880,13388,13389,1.0
35881,13677,13389,1.0
35882,14386,13389,2.0
35883,13390,13106,1.0
35884,13390,13819,1.0
35885,13393,13819,2.0
35886,13392,14103,2.0
35887,14410,14103,2.0
35888,14958,14103,2.0
35889,13392,15233,2.0
35890,14670,15233,1.0
35891,13393,14977,1.0
35892,14126,14977,1.0
35893,14265,14977,1.0
35894,14268,14977,1.0
35895,14386,14977,1.0
35896,14410,14977,1.0
35897,14536,14977,1.0
35898,14553,14977,2.0
35899,14693,14977,2.0
35900,14694,14977,2.0
35901,14940,14977,1.0
35902,14976,14977,2.0
35903,15115,14977,1.0
35904,15124,14977,2.0
35905,15256,14977,1.0
35906,15257,14977,2.0
35907,15399,14977,1.0
35908,15402,14977,1.0
35909,15680,14977,1.0
35910,15966,14977,1.0
35911,16391,14977,2.0
35912,17114,14977,1.0
35913,13393,17383,2.0
35914,14417,17383,1.0
35915,15822,17383,1.0
35916,17382,17383,2.0
35917,17523,17383,1.0
35918,13393,17810,1.0
35919,13419,17810,1.0
35920,14410,17810,1.0
35921,15397,17810,2.0
35922,15822,17810,2.0
35923,15964,17810,1.0
35924,17382,17810,1.0
35925,17808,17810,2.0
35926,13401,13822,1.0
35927,13677,13822,2.0
35928,13678,13822,1.0
35929,13682,13822,1.0
35930,13694,13822,1.0
35931,13969,13822,2.0
35932,14392,13822,1.0
35933,16131,13822,1.0
35934,13408,16846,1.0
35935,15000,16846,1.0
35936,13410,13411,2.0
35937,13412,14699,1.0
35938,14555,14699,2.0
35939,14983,14699,1.0
35940,15005,14699,1.0
35941,13413,14956,1.0
35942,14120,14956,1.0
35943,14396,14956,1.0
35944,14672,14956,2.0
35945,14955,14956,2.0
35946,13416,14550,1.0
35947,14267,14550,1.0
35948,14410,14550,3.0
35949,14532,14550,1.0
35950,14535,14550,2.0
35951,14549,14550,1.0
35952,14693,14550,1.0
35953,14694,14550,1.0
35954,14977,14550,1.0
35955,15961,14550,1.0
35956,15962,14550,1.0
35957,17807,14550,1.0
35958,13419,12993,2.0
35959,14561,12993,1.0
35960,13422,14556,2.0
35961,14001,14556,1.0
35962,14268,14556,1.0
35963,14421,14556,1.0
35964,14555,14556,1.0
35965,14976,14556,1.0
35966,14980,14556,1.0
35967,14982,14556,1.0
35968,14984,14556,1.0
35969,15124,14556,2.0
35970,15551,14556,1.0
35971,13422,17526,1.0
35972,15682,17526,1.0
35973,15822,17526,2.0
35974,17524,17526,1.0
35975,17814,17526,2.0
35976,13423,15816,1.0
35977,15253,15816,1.0
35978,15397,15816,1.0
35979,15673,15816,3.0
35980,13423,16384,1.0
35981,13428,13286,1.0
35982,13716,13286,1.0
35983,15987,13286,1.0
35984,13433,18099,2.0
35985,17255,18099,2.0
35986,13436,14287,1.0
35987,13716,14287,1.0
35988,13720,14287,2.0
35989,13986,14287,1.0
35990,14286,14287,1.0
35991,14292,14287,1.0
35992,14426,14287,1.0
35993,15133,14287,1.0
35994,13436,14433,1.0
35995,13726,14433,2.0
35996,14009,14433,1.0
35997,14288,14433,2.0
35998,14289,14433,1.0
35999,14292,14433,1.0
36000,14436,14433,2.0
36001,14575,14433,3.0
36002,14576,14433,1.0
36003,14577,14433,2.0
36004,14999,14433,1.0
36005,15141,14433,1.0
36006,13436,14698,1.0
36007,14271,14698,2.0
36008,14556,14698,3.0
36009,14697,14698,1.0
36010,14699,14698,1.0
36011,14983,14698,2.0
36012,15101,14698,1.0
36013,15256,14698,1.0
36014,15676,14698,1.0
36015,13438,14394,1.0
36016,14268,14394,1.0
36017,14535,14394,2.0
36018,14538,14394,1.0
36019,14687,14394,1.0
36020,13438,17854,1.0
36021,13761,17854,1.0
36022,14294,17854,1.0
36023,15018,17854,1.0
36024,16707,17854,2.0
36025,17570,17854,2.0
36026,17853,17854,1.0
36027,18126,17854,1.0
36028,18138,17854,1.0
36029,13440,13303,2.0
36030,13452,13303,1.0
36031,14286,13303,1.0
36032,13440,15711,1.0
36033,14292,15711,1.0
36034,14569,15711,2.0
36035,14578,15711,1.0
36036,14999,15711,1.0
36037,15430,15711,1.0
36038,15712,15711,1.0
36039,15994,15711,1.0
36040,15999,15711,1.0
36041,16991,15711,1.0
36042,13441,16550,1.0
36043,14151,16550,3.0
36044,15131,16550,1.0
36045,16831,16550,3.0
36046,13445,15127,1.0
36047,14565,15127,2.0
36048,16535,15127,1.0
36049,16686,15127,1.0
36050,16832,15127,1.0
36051,13446,14733,1.0
36052,14474,14733,1.0
36053,15186,14733,1.0
36054,13450,15570,1.0
36055,15166,15570,1.0
36056,15711,15570,2.0
36057,15712,15570,1.0
36058,15854,15570,1.0
36059,15995,15570,1.0
36060,15996,15570,1.0
36061,15997,15570,1.0
36062,13452,18881,1.0
36063,15756,18881,4.0
36064,18455,18881,1.0
36065,18591,18881,1.0
36066,18597,18881,2.0
36067,18738,18881,2.0
36068,18739,18881,1.0
36069,18882,18881,2.0
36070,19023,18881,1.0
36071,19025,18881,3.0
36072,19451,18881,1.0
36073,19716,18881,1.0
36074,19736,18881,4.0
36075,19737,18881,2.0
36076,19879,18881,1.0
36077,19880,18881,4.0
36078,20162,18881,1.0
36079,20445,18881,1.0
36080,21136,18881,1.0
36081,22552,18881,1.0
36082,13455,13450,1.0
36083,13877,13450,1.0
36084,13458,14025,1.0
36085,13654,14350,1.0
36086,13932,14350,1.0
36087,14632,14350,1.0
36088,15221,14350,1.0
36089,13655,14092,1.0
36090,13655,14361,1.0
36091,13655,15206,1.0
36092,14632,15206,1.0
36093,13655,15347,1.0
36094,13934,15347,2.0
36095,14213,15347,2.0
36096,13676,13251,2.0
36097,13677,13250,1.0
36098,13677,13831,1.0
36099,13677,13956,1.0
36100,15098,13956,1.0
36101,13677,14100,1.0
36102,14385,14100,1.0
36103,14386,14100,1.0
36104,13677,14108,2.0
36105,14102,14108,3.0
36106,14252,14108,3.0
36107,15099,14108,1.0
36108,13677,14235,1.0
36109,13677,14384,2.0
36110,13682,14384,1.0
36111,13958,14384,2.0
36112,14385,14384,1.0
36113,14523,14384,1.0
36114,13677,14534,2.0
36115,13687,14534,1.0
36116,14268,14534,1.0
36117,14396,14534,3.0
36118,14538,14534,1.0
36119,14545,14534,3.0
36120,14549,14534,1.0
36121,14686,14534,1.0
36122,14688,14534,4.0
36123,14977,14534,1.0
36124,15101,14534,1.0
36125,15243,14534,1.0
36126,13677,14666,1.0
36127,13678,14666,1.0
36128,14102,14666,1.0
36129,14378,14666,1.0
36130,14385,14666,1.0
36131,14386,14666,1.0
36132,14531,14666,2.0
36133,15096,14666,2.0
36134,13677,15097,1.0
36135,14529,15097,1.0
36136,14959,15097,1.0
36137,13677,15240,1.0
36138,14531,15240,3.0
36139,14675,15240,1.0
36140,13677,17368,1.0
36141,14994,17368,1.0
36142,13682,13824,2.0
36143,13682,14535,1.0
36144,13687,14535,1.0
36145,13970,14535,1.0
36146,14102,14535,3.0
36147,14123,14535,2.0
36148,14130,14535,1.0
36149,14252,14535,1.0
36150,14265,14535,1.0
36151,14386,14535,1.0
36152,14394,14535,1.0
36153,14410,14535,1.0
36154,14426,14535,1.0
36155,14533,14535,2.0
36156,14545,14535,4.0
36157,14549,14535,1.0
36158,14687,14535,2.0
36159,14698,14535,1.0
36160,14956,14535,2.0
36161,14958,14535,1.0
36162,14972,14535,1.0
36163,15129,14535,1.0
36164,15255,14535,1.0
36165,15256,14535,1.0
36166,15394,14535,2.0
36167,15539,14535,1.0
36168,15822,14535,1.0
36169,13683,17232,1.0
36170,13684,11696,1.0
36171,13684,17108,1.0
36172,14265,17108,1.0
36173,14535,17108,1.0
36174,14689,17108,2.0
36175,14973,17108,1.0
36176,15113,17108,2.0
36177,15961,17108,1.0
36178,13686,14257,1.0
36179,13689,14546,1.0
36180,13967,14546,2.0
36181,14267,14546,1.0
36182,14269,14546,1.0
36183,14536,14546,2.0
36184,14545,14546,1.0
36185,14548,14546,1.0
36186,14685,14546,2.0
36187,14971,14546,1.0
36188,15256,14546,1.0
36189,13690,13404,1.0
36190,13690,13691,1.0
36191,13972,13691,2.0
36192,14687,13691,1.0
36193,13690,13969,1.0
36194,13691,13969,1.0
36195,13822,13969,2.0
36196,13828,13969,1.0
36197,13970,13969,1.0
36198,14395,13969,1.0
36199,14535,13969,1.0
36200,14674,13969,1.0
36201,13690,13976,1.0
36202,13840,13976,1.0
36203,13974,13976,1.0
36204,14124,13976,1.0
36205,13693,14538,1.0
36206,14114,14538,1.0
36207,14117,14538,1.0
36208,14130,14538,1.0
36209,14276,14538,1.0
36210,14392,14538,1.0
36211,14394,14538,1.0
36212,14395,14538,1.0
36213,14397,14538,4.0
36214,14531,14538,1.0
36215,14534,14538,1.0
36216,14539,14538,1.0
36217,14674,14538,2.0
36218,14682,14538,1.0
36219,14983,14538,1.0
36220,15101,14538,1.0
36221,15253,14538,1.0
36222,13694,13984,1.0
36223,14125,13984,1.0
36224,14268,13984,1.0
36225,14411,13984,1.0
36226,13697,14128,1.0
36227,13706,15831,1.0
36228,13714,15831,1.0
36229,15259,15831,1.0
36230,15561,15831,1.0
36231,15971,15831,1.0
36232,15974,15831,1.0
36233,16542,15831,1.0
36234,16830,15831,1.0
36235,17114,15831,2.0
36236,13707,14998,1.0
36237,14289,14998,1.0
36238,13712,14420,1.0
36239,13714,15414,1.0
36240,14271,15414,1.0
36241,14410,15414,1.0
36242,15559,15414,1.0
36243,13715,15988,3.0
36244,14993,15988,1.0
36245,14994,15988,1.0
36246,15278,15988,1.0
36247,13716,14151,1.0
36248,13724,14151,1.0
36249,14008,14151,1.0
36250,14009,14151,2.0
36251,14152,14151,4.0
36252,14292,14151,1.0
36253,14294,14151,2.0
36254,14295,14151,1.0
36255,14296,14151,4.0
36256,14297,14151,1.0
36257,15131,14151,2.0
36258,15140,14151,2.0
36259,16550,14151,3.0
36260,13722,16690,1.0
36261,13855,16690,1.0
36262,16547,16690,1.0
36263,16689,16690,1.0
36264,13724,15566,2.0
36265,15425,15566,1.0
36266,20158,15566,1.0
36267,13724,16981,1.0
36268,14576,16981,1.0
36269,15135,16981,1.0
36270,15278,16981,1.0
36271,13724,17372,1.0
36272,15397,17372,1.0
36273,16665,17372,2.0
36274,13724,18573,1.0
36275,15160,18573,1.0
36276,17013,18573,1.0
36277,18161,18573,2.0
36278,18431,18573,3.0
36279,18719,18573,3.0
36280,18864,18573,3.0
36281,19011,18573,1.0
36282,19572,18573,1.0
36283,19594,18573,1.0
36284,13725,14016,1.0
36285,19877,14016,1.0
36286,13725,14155,1.0
36287,13872,14155,1.0
36288,13735,17154,1.0
36289,14009,17154,1.0
36290,14738,17154,1.0
36291,15161,17154,1.0
36292,15168,17154,1.0
36293,15731,17154,1.0
36294,16872,17154,2.0
36295,17013,17154,2.0
36296,17296,17154,2.0
36297,18417,17154,1.0
36298,18431,17154,1.0
36299,18864,17154,3.0
36300,18865,17154,1.0
36301,19000,17154,1.0
36302,13736,16134,1.0
36303,15846,16134,1.0
36304,15985,16134,1.0
36305,13736,16565,2.0
36306,14149,16565,1.0
36307,14295,16565,1.0
36308,15996,16565,1.0
36309,16849,16565,2.0
36310,17133,16565,2.0
36311,13737,15872,1.0
36312,13739,13735,1.0
36313,17154,13735,1.0
36314,13739,19309,1.0
36315,15017,19309,1.0
36316,17603,19309,3.0
36317,18737,19309,1.0
36318,18881,19309,1.0
36319,19023,19309,2.0
36320,19310,19309,1.0
36321,19453,19309,1.0
36322,19595,19309,1.0
36323,19737,19309,2.0
36324,19880,19309,1.0
36325,20021,19309,1.0
36326,13741,13740,1.0
36327,13792,12799,1.0
36328,13792,12932,1.0
36329,13793,13086,1.0
36330,13934,13086,1.0
36331,13793,14079,1.0
36332,13793,15078,1.0
36333,13932,15078,1.0
36334,13793,15920,1.0
36335,13933,15920,2.0
36336,16644,15920,4.0
36337,13794,14924,1.0
36338,13932,14924,1.0
36339,13933,14924,1.0
36340,14218,14924,2.0
36341,13816,14970,1.0
36342,14685,14970,1.0
36343,14688,14970,1.0
36344,15255,14970,1.0
36345,15551,14970,1.0
36346,13820,14243,1.0
36347,13821,18402,1.0
36348,13829,13971,1.0
36349,14117,13971,1.0
36350,14398,13971,1.0
36351,13835,13279,1.0
36352,14269,13279,1.0
36353,13841,13698,1.0
36354,13983,13698,1.0
36355,15118,13698,1.0
36356,13845,15396,1.0
36357,14274,15396,1.0
36358,14542,15396,1.0
36359,14969,15396,2.0
36360,14974,15396,4.0
36361,15398,15396,2.0
36362,15539,15396,1.0
36363,13847,16963,1.0
36364,16115,16963,1.0
36365,13847,17111,1.0
36366,16688,17111,1.0
36367,17114,17111,2.0
36368,13853,17104,1.0
36369,14397,17104,1.0
36370,17943,17104,1.0
36371,13855,15259,1.0
36372,14708,15259,1.0
36373,15116,15259,1.0
36374,15118,15259,6.0
36375,15119,15259,2.0
36376,15121,15259,1.0
36377,15256,15259,1.0
36378,15258,15259,1.0
36379,15401,15259,2.0
36380,15402,15259,1.0
36381,13855,15285,1.0
36382,17268,15285,1.0
36383,13855,15814,1.0
36384,14268,15814,1.0
36385,14410,15814,1.0
36386,15394,15814,1.0
36387,15673,15814,2.0
36388,13866,15426,1.0
36389,14433,15426,1.0
36390,14575,15426,2.0
36391,14716,15426,1.0
36392,14999,15426,1.0
36393,15002,15426,2.0
36394,15019,15426,2.0
36395,15142,15426,1.0
36396,15144,15426,2.0
36397,15145,15426,2.0
36398,15168,15426,1.0
36399,15281,15426,1.0
36400,15425,15426,1.0
36401,13868,13305,1.0
36402,13872,13305,3.0
36403,13878,13305,1.0
36404,16547,13305,1.0
36405,13868,18879,1.0
36406,18452,18879,2.0
36407,18737,18879,1.0
36408,18739,18879,3.0
36409,13870,13874,2.0
36410,13870,15009,1.0
36411,13871,14436,2.0
36412,14152,14436,2.0
36413,14291,14436,1.0
36414,14292,14436,1.0
36415,14294,14436,1.0
36416,14297,14436,1.0
36417,14426,14436,1.0
36418,14430,14436,1.0
36419,14433,14436,2.0
36420,14434,14436,2.0
36421,15002,14436,2.0
36422,16991,14436,1.0
36423,13871,18564,1.0
36424,13872,14444,1.0
36425,14162,14444,1.0
36426,14295,14444,1.0
36427,13872,15450,1.0
36428,14610,15450,1.0
36429,14738,15450,1.0
36430,15018,15450,1.0
36431,15025,15450,1.0
36432,15160,15450,2.0
36433,15166,15450,1.0
36434,16849,15450,1.0
36435,13877,14019,2.0
36436,13878,14583,1.0
36437,14721,14583,2.0
36438,15142,14583,1.0
36439,13878,17996,1.0
36440,14295,17996,1.0
36441,16565,17996,1.0
36442,13880,15309,2.0
36443,15166,15309,1.0
36444,15168,15309,1.0
36445,13884,18598,1.0
36446,17318,18598,2.0
36447,18597,18598,1.0
36448,18740,18598,1.0
36449,19877,18598,1.0
36450,14632,16049,1.0
36451,14633,16049,1.0
36452,13931,13787,3.0
36453,13931,14072,1.0
36454,13932,14075,1.0
36455,13934,14075,1.0
36456,14350,14075,1.0
36457,13932,14213,2.0
36458,13933,13079,1.0
36459,13933,14218,2.0
36460,13934,14218,1.0
36461,14924,14218,2.0
36462,13934,14076,2.0
36463,14075,14076,2.0
36464,14077,14076,1.0
36465,15206,14076,1.0
36466,13934,14077,1.0
36467,14076,14077,1.0
36468,14632,14077,1.0
36469,13934,14354,1.0
36470,13934,14490,1.0
36471,14092,14490,1.0
36472,13934,14502,1.0
36473,13942,14658,4.0
36474,14233,14658,2.0
36475,14522,14658,1.0
36476,15082,14658,2.0
36477,13956,15098,1.0
36478,13966,13961,1.0
36479,13969,14112,2.0
36480,14685,14112,1.0
36481,13974,13681,1.0
36482,13976,14124,1.0
36483,14262,14124,2.0
36484,13979,15136,1.0
36485,14989,15136,3.0
36486,14990,15136,1.0
36487,15133,15136,1.0
36488,15134,15136,3.0
36489,15278,15136,1.0
36490,15416,15136,2.0
36491,15559,15136,1.0
36492,15845,15136,1.0
36493,17171,15136,2.0
36494,13985,14552,1.0
36495,14267,14552,1.0
36496,14268,14552,1.0
36497,14410,14552,1.0
36498,14535,14552,1.0
36499,14958,14552,1.0
36500,15245,14552,1.0
36501,15248,14552,1.0
36502,15683,14552,1.0
36503,13985,15984,2.0
36504,15131,15984,1.0
36505,13988,16960,1.0
36506,15394,16960,1.0
36507,14006,14288,1.0
36508,14290,14288,2.0
36509,14433,14288,2.0
36510,15002,14288,2.0
36511,15429,14288,4.0
36512,14008,15142,1.0
36513,14434,15142,3.0
36514,14705,15142,1.0
36515,14718,15142,1.0
36516,14999,15142,2.0
36517,15002,15142,3.0
36518,15019,15142,1.0
36519,15141,15142,2.0
36520,15143,15142,1.0
36521,15292,15142,2.0
36522,15426,15142,1.0
36523,15430,15142,1.0
36524,14009,16990,1.0
36525,14153,16990,1.0
36526,15854,16990,1.0
36527,16421,16990,1.0
36528,17268,16990,1.0
36529,14013,15035,1.0
36530,14187,15035,2.0
36531,14191,15035,2.0
36532,14324,15035,1.0
36533,14326,15035,1.0
36534,14333,15035,2.0
36535,15168,15035,3.0
36536,15313,15035,1.0
36537,15317,15035,2.0
36538,15461,15035,1.0
36539,17013,15035,1.0
36540,20020,15035,1.0
36541,14013,15165,1.0
36542,14443,15165,2.0
36543,15167,15165,1.0
36544,14014,14995,1.0
36545,17275,14995,1.0
36546,14014,15001,1.0
36547,14292,15001,2.0
36548,14578,15001,1.0
36549,14693,15001,1.0
36550,14999,15001,1.0
36551,15000,15001,1.0
36552,15002,15001,2.0
36553,15003,15001,1.0
36554,15139,15001,1.0
36555,15141,15001,1.0
36556,15142,15001,1.0
36557,15144,15001,1.0
36558,15425,15001,1.0
36559,14014,15288,1.0
36560,16981,15288,1.0
36561,14020,16849,1.0
36562,15450,16849,1.0
36563,15712,16849,1.0
36564,16565,16849,1.0
36565,16850,16849,1.0
36566,16991,16849,1.0
36567,17139,16849,1.0
36568,17854,16849,1.0
36569,14021,14450,2.0
36570,14021,15314,1.0
36571,14595,15314,2.0
36572,15018,15314,1.0
36573,14024,14309,2.0
36574,14167,14309,1.0
36575,14048,15471,3.0
36576,15613,15471,1.0
36577,15614,15471,3.0
36578,15755,15471,1.0
36579,15756,15471,2.0
36580,18738,15471,1.0
36581,14048,18738,2.0
36582,14049,18738,2.0
36583,14190,18738,2.0
36584,14191,18738,5.0
36585,15471,18738,1.0
36586,17174,18738,1.0
36587,18596,18738,1.0
36588,18598,18738,1.0
36589,18737,18738,1.0
36590,18739,18738,7.0
36591,18866,18738,1.0
36592,18868,18738,1.0
36593,18881,18738,5.0
36594,18882,18738,2.0
36595,19023,18738,1.0
36596,19024,18738,2.0
36597,19309,18738,1.0
36598,19572,18738,1.0
36599,19586,18738,2.0
36600,19595,18738,1.0
36601,19716,18738,2.0
36602,19735,18738,1.0
36603,20159,18738,2.0
36604,20162,18738,1.0
36605,20306,18738,1.0
36606,20860,18738,1.0
36607,14049,14333,1.0
36608,14191,14333,2.0
36609,14758,14333,1.0
36610,15613,14333,1.0
36611,14102,14392,2.0
36612,14118,14392,1.0
36613,14396,14392,2.0
36614,14531,14392,1.0
36615,14683,14392,1.0
36616,14685,14392,1.0
36617,14958,14392,1.0
36618,14102,14528,1.0
36619,14538,14528,1.0
36620,14953,14528,2.0
36621,14958,14528,2.0
36622,14102,14950,1.0
36623,14531,14950,1.0
36624,14102,15094,1.0
36625,14143,15094,1.0
36626,14386,15094,2.0
36627,14534,15094,1.0
36628,14958,15094,3.0
36629,14102,15403,1.0
36630,14105,14532,1.0
36631,14397,14532,2.0
36632,14405,14532,1.0
36633,14537,14532,1.0
36634,14549,14532,1.0
36635,14550,14532,1.0
36636,14554,14532,2.0
36637,14105,18864,1.0
36638,16182,18864,2.0
36639,17154,18864,4.0
36640,18573,18864,3.0
36641,14115,14117,1.0
36642,14410,14117,1.0
36643,14519,14117,1.0
36644,15683,14117,1.0
36645,14119,10283,1.0
36646,14119,13836,1.0
36647,14119,13967,2.0
36648,14535,13967,2.0
36649,14549,13967,1.0
36650,15256,13967,1.0
36651,14120,14972,1.0
36652,14395,14972,1.0
36653,14409,14972,1.0
36654,14535,14972,1.0
36655,14540,14972,1.0
36656,14688,14972,1.0
36657,14689,14972,1.0
36658,14691,14972,1.0
36659,14974,14972,2.0
36660,15113,14972,3.0
36661,15117,14972,1.0
36662,15255,14972,1.0
36663,15257,14972,1.0
36664,15399,14972,3.0
36665,14123,17404,1.0
36666,14126,14692,1.0
36667,14265,14692,2.0
36668,14410,14692,1.0
36669,14541,14692,1.0
36670,14545,14692,2.0
36671,14688,14692,2.0
36672,14689,14692,1.0
36673,15114,14692,1.0
36674,15118,14692,2.0
36675,15126,14692,1.0
36676,15258,14692,1.0
36677,15399,14692,1.0
36678,15974,14692,1.0
36679,16544,14692,2.0
36680,16547,14692,1.0
36681,17084,14692,1.0
36682,14126,16681,1.0
36683,14537,16681,1.0
36684,15974,16681,1.0
36685,14129,15245,1.0
36686,14552,15245,2.0
36687,15248,15245,1.0
36688,17808,15245,1.0
36689,14129,15964,1.0
36690,14422,15964,1.0
36691,14538,15964,1.0
36692,15112,15964,2.0
36693,15114,15964,1.0
36694,15119,15964,1.0
36695,15541,15964,1.0
36696,15683,15964,2.0
36697,15684,15964,1.0
36698,15821,15964,1.0
36699,15822,15964,1.0
36700,15832,15964,1.0
36701,15961,15964,1.0
36702,16391,15964,3.0
36703,16544,15964,1.0
36704,17808,15964,1.0
36705,18105,15964,1.0
36706,14129,17103,1.0
36707,14131,17103,1.0
36708,17808,17103,3.0
36709,14130,15129,1.0
36710,14559,15129,1.0
36711,14560,15129,1.0
36712,14986,15129,1.0
36713,15122,15129,1.0
36714,15128,15129,1.0
36715,15398,15129,2.0
36716,14130,15402,1.0
36717,14410,15402,1.0
36718,15118,15402,2.0
36719,15259,15402,2.0
36720,14130,15681,1.0
36721,14674,15681,1.0
36722,15126,15681,1.0
36723,15680,15681,1.0
36724,15683,15681,1.0
36725,15825,15681,1.0
36726,16391,15681,1.0
36727,14132,14418,1.0
36728,15134,14418,3.0
36729,14134,13990,1.0
36730,14135,14282,1.0
36731,14422,14282,2.0
36732,14423,14282,1.0
36733,14568,14282,1.0
36734,14975,14282,1.0
36735,15278,14282,1.0
36736,14135,16566,1.0
36737,17133,16566,1.0
36738,14140,16525,1.0
36739,15256,16525,1.0
36740,15683,16525,2.0
36741,14141,15410,1.0
36742,16688,15410,1.0
36743,14149,14430,2.0
36744,14429,14430,1.0
36745,14436,14430,1.0
36746,14994,14430,1.0
36747,14149,15143,1.0
36748,14718,15143,1.0
36749,15001,15143,1.0
36750,15142,15143,2.0
36751,14150,15289,1.0
36752,14292,15289,2.0
36753,14718,15289,2.0
36754,14999,15289,1.0
36755,15430,15289,1.0
36756,14152,16382,1.0
36757,14162,19572,1.0
36758,14305,19572,1.0
36759,16021,19572,2.0
36760,18574,19572,1.0
36761,18738,19572,1.0
36762,19024,19572,1.0
36763,20299,19572,1.0
36764,14187,14474,1.0
36765,14191,14474,2.0
36766,14332,14474,2.0
36767,14473,14474,1.0
36768,14733,14474,1.0
36769,14187,17456,2.0
36770,14191,17456,2.0
36771,17318,17456,2.0
36772,14188,14331,1.0
36773,14332,14331,1.0
36774,14189,14048,1.0
36775,14190,14048,1.0
36776,14191,14048,5.0
36777,14326,14048,1.0
36778,14327,14048,2.0
36779,14332,14048,1.0
36780,15014,14048,1.0
36781,15035,14048,4.0
36782,15329,14048,1.0
36783,18738,14048,2.0
36784,14189,14329,2.0
36785,14331,14329,1.0
36786,19451,14329,1.0
36787,14189,14760,1.0
36788,14190,14327,1.0
36789,14191,14327,1.0
36790,15035,14327,1.0
36791,14190,14332,1.0
36792,14191,14332,1.0
36793,14331,14332,2.0
36794,14474,14332,1.0
36795,15035,14332,1.0
36796,15184,14332,1.0
36797,19451,14332,1.0
36798,19736,14332,1.0
36799,14190,15737,1.0
36800,15167,15737,1.0
36801,15168,15737,1.0
36802,15310,15737,1.0
36803,15736,15737,3.0
36804,16423,15737,1.0
36805,14191,14187,1.0
36806,14326,14187,1.0
36807,14474,14187,1.0
36808,15035,14187,1.0
36809,15041,14187,1.0
36810,17456,14187,2.0
36811,14191,14188,1.0
36812,14191,14324,1.0
36813,15035,14324,1.0
36814,16893,14324,2.0
36815,14191,14334,1.0
36816,14191,17459,1.0
36817,16467,17459,1.0
36818,17317,17459,1.0
36819,17318,17459,3.0
36820,17319,17459,4.0
36821,17460,17459,2.0
36822,18598,17459,2.0
36823,20015,17459,1.0
36824,14252,16667,1.0
36825,15243,16667,1.0
36826,14266,14544,2.0
36827,14685,14544,1.0
36828,14268,15544,1.0
36829,14407,15544,2.0
36830,14568,15544,1.0
36831,15822,15544,1.0
36832,14268,16545,1.0
36833,14276,16545,1.0
36834,15126,16545,2.0
36835,15266,16545,1.0
36836,16546,16545,1.0
36837,16688,16545,1.0
36838,16689,16545,4.0
36839,16830,16545,3.0
36840,16832,16545,1.0
36841,14269,14701,1.0
36842,14722,14701,1.0
36843,14985,14701,1.0
36844,15134,14701,3.0
36845,15271,14701,1.0
36846,14270,14272,1.0
36847,14979,14272,1.0
36848,14270,14979,2.0
36849,14272,14979,2.0
36850,14553,14979,1.0
36851,15123,14979,1.0
36852,14271,15415,2.0
36853,14990,15415,1.0
36854,15130,15415,1.0
36855,14271,16522,1.0
36856,14276,14982,1.0
36857,14410,14982,1.0
36858,14556,14982,1.0
36859,15111,14982,1.0
36860,15122,14982,2.0
36861,15123,14982,1.0
36862,15254,14982,1.0
36863,15551,14982,1.0
36864,14276,15557,1.0
36865,15131,15557,2.0
36866,14277,15271,1.0
36867,15131,15271,1.0
36868,14284,14424,1.0
36869,14422,14424,1.0
36870,14708,14424,1.0
36871,14973,14424,1.0
36872,17111,14424,1.0
36873,14287,17559,1.0
36874,16707,17559,1.0
36875,14288,15429,4.0
36876,14289,15429,1.0
36877,15002,15429,1.0
36878,14289,14574,1.0
36879,14292,14582,1.0
36880,14297,14582,2.0
36881,14723,14582,1.0
36882,14292,15016,1.0
36883,14295,15016,1.0
36884,14292,15145,1.0
36885,14716,15145,1.0
36886,15141,15145,2.0
36887,15426,15145,1.0
36888,14292,15283,1.0
36889,14999,15283,1.0
36890,15425,15283,1.0
36891,14292,15873,1.0
36892,14292,15999,1.0
36893,15711,15999,1.0
36894,15718,15999,2.0
36895,14293,14443,2.0
36896,14426,14443,1.0
36897,14726,14443,1.0
36898,15015,14443,2.0
36899,15284,14443,1.0
36900,14293,18852,2.0
36901,20406,18852,1.0
36902,20690,18852,1.0
36903,14294,15569,2.0
36904,14295,19423,1.0
36905,14296,17990,1.0
36906,14297,14163,2.0
36907,14297,15407,1.0
36908,15119,15407,1.0
36909,15259,15407,1.0
36910,17814,15407,1.0
36911,14298,16432,1.0
36912,14298,18574,5.0
36913,14306,20445,1.0
36914,18739,20445,1.0
36915,18881,20445,1.0
36916,19025,20445,1.0
36917,19305,20445,1.0
36918,19584,20445,1.0
36919,19735,20445,1.0
36920,19737,20445,4.0
36921,19738,20445,1.0
36922,19878,20445,1.0
36923,19880,20445,3.0
36924,20013,20445,1.0
36925,20014,20445,1.0
36926,20021,20445,2.0
36927,20162,20445,3.0
36928,20163,20445,3.0
36929,20304,20445,1.0
36930,20305,20445,1.0
36931,20306,20445,1.0
36932,20446,20445,4.0
36933,20871,20445,3.0
36934,21013,20445,2.0
36935,21404,20445,1.0
36936,21565,20445,2.0
36937,21720,20445,1.0
36938,22263,20445,3.0
36939,14324,16893,1.0
36940,17460,16893,1.0
36941,18738,16893,2.0
36942,14331,19573,1.0
36943,14332,15184,1.0
36944,15613,15184,1.0
36945,15756,15184,1.0
36946,19452,15184,1.0
36947,14332,15461,1.0
36948,14332,19451,1.0
36949,15471,19451,3.0
36950,18881,19451,2.0
36951,18882,19451,1.0
36952,19309,19451,1.0
36953,19452,19451,1.0
36954,19586,19451,2.0
36955,19593,19451,1.0
36956,19735,19451,1.0
36957,19737,19451,1.0
36958,19738,19451,1.0
36959,19877,19451,1.0
36960,19879,19451,1.0
36961,14332,19736,1.0
36962,18881,19736,4.0
36963,19453,19736,1.0
36964,19594,19736,3.0
36965,19735,19736,2.0
36966,19737,19736,2.0
36967,19738,19736,3.0
36968,19875,19736,1.0
36969,19877,19736,1.0
36970,19879,19736,1.0
36971,20021,19736,1.0
36972,20157,19736,4.0
36973,20162,19736,1.0
36974,20302,19736,7.0
36975,20305,19736,2.0
36976,20446,19736,2.0
36977,14333,14049,1.0
36978,18738,14049,2.0
36979,14333,14758,1.0
36980,14333,19307,1.0
36981,19306,19307,1.0
36982,14350,13784,1.0
36983,14350,15221,1.0
36984,14375,15788,1.0
36985,14377,15788,1.0
36986,14385,14387,1.0
36987,14386,14387,1.0
36988,14385,15096,1.0
36989,14386,14225,1.0
36990,14386,14695,1.0
36991,14410,14695,1.0
36992,14412,14695,1.0
36993,14550,14695,1.0
36994,14696,14695,1.0
36995,14699,14695,1.0
36996,15256,14695,1.0
36997,14392,14396,2.0
36998,14534,14396,3.0
36999,14539,14396,1.0
37000,14956,14396,1.0
37001,14392,14683,1.0
37002,14395,15248,1.0
37003,15101,15248,2.0
37004,15672,15248,1.0
37005,14396,14539,1.0
37006,14682,14539,1.0
37007,15101,14539,1.0
37008,16809,14539,1.0
37009,14397,17949,1.0
37010,15822,17949,1.0
37011,14405,14553,2.0
37012,14410,14553,1.0
37013,14411,14553,2.0
37014,14413,14553,1.0
37015,14697,14553,1.0
37016,14977,14553,2.0
37017,14979,14553,3.0
37018,15256,14553,1.0
37019,14405,15547,1.0
37020,14561,15547,1.0
37021,15126,15547,1.0
37022,15398,15547,1.0
37023,15836,15547,1.0
37024,15973,15547,2.0
37025,16689,15547,1.0
37026,14406,14123,1.0
37027,14535,14123,1.0
37028,16124,14123,1.0
37029,17404,14123,1.0
37030,14406,14264,1.0
37031,14412,14264,1.0
37032,14406,15119,1.0
37033,15257,15119,1.0
37034,15259,15119,1.0
37035,15407,15119,2.0
37036,15825,15119,1.0
37037,15964,15119,1.0
37038,16391,15119,1.0
37039,14407,15399,1.0
37040,14410,15399,1.0
37041,14692,15399,1.0
37042,14972,15399,1.0
37043,15116,15399,1.0
37044,15257,15399,1.0
37045,15398,15399,2.0
37046,17108,15399,1.0
37047,17225,15399,1.0
37048,14408,15117,1.0
37049,14409,15117,1.0
37050,14552,15117,1.0
37051,14685,15117,2.0
37052,14689,15117,1.0
37053,14972,15117,1.0
37054,15257,15117,3.0
37055,15680,15117,1.0
37056,16800,15117,1.0
37057,14408,16665,1.0
37058,14686,16665,1.0
37059,14409,14266,1.0
37060,14685,14266,2.0
37061,14691,14266,2.0
37062,14409,14696,1.0
37063,14554,14696,1.0
37064,14693,14696,2.0
37065,15122,14696,1.0
37066,14410,12980,1.0
37067,14410,13843,2.0
37068,14410,14672,2.0
37069,14410,15130,1.0
37070,14575,15130,1.0
37071,14688,15130,1.0
37072,14990,15130,1.0
37073,14994,15130,1.0
37074,15415,15130,1.0
37075,15416,15130,1.0
37076,16411,15130,1.0
37077,18113,15130,1.0
37078,14410,15260,1.0
37079,14413,15260,2.0
37080,15118,15260,1.0
37081,15126,15260,1.0
37082,15258,15260,1.0
37083,15398,15260,2.0
37084,15683,15260,1.0
37085,14410,17116,1.0
37086,14410,17252,1.0
37087,17255,17252,2.0
37088,14411,14273,1.0
37089,14411,16106,1.0
37090,16109,16106,1.0
37091,18084,16106,1.0
37092,14411,17950,1.0
37093,15822,17950,3.0
37094,16830,17950,1.0
37095,17382,17950,1.0
37096,17524,17950,1.0
37097,17808,17950,2.0
37098,14413,15978,1.0
37099,15134,15978,1.0
37100,15832,15978,3.0
37101,15974,15978,1.0
37102,14414,15125,1.0
37103,14981,15125,3.0
37104,14416,15682,1.0
37105,15964,15682,2.0
37106,14422,15401,1.0
37107,14693,15401,1.0
37108,15129,15401,1.0
37109,15257,15401,1.0
37110,15258,15401,1.0
37111,15259,15401,2.0
37112,15260,15401,1.0
37113,16535,15401,2.0
37114,14423,16117,1.0
37115,16832,16117,2.0
37116,14429,15698,1.0
37117,14439,14584,3.0
37118,14576,14584,1.0
37119,14581,14584,1.0
37120,14441,15010,1.0
37121,15007,15010,1.0
37122,15292,15010,1.0
37123,14443,14726,1.0
37124,15010,14726,1.0
37125,15281,14726,1.0
37126,14447,14301,1.0
37127,16121,14301,2.0
37128,14473,17319,1.0
37129,17318,17319,2.0
37130,17459,17319,4.0
37131,20445,17319,1.0
37132,14490,14919,1.0
37133,14531,14239,2.0
37134,14531,15105,1.0
37135,14531,15115,1.0
37136,14977,15115,1.0
37137,15260,15115,2.0
37138,14531,15241,1.0
37139,14952,15241,1.0
37140,14531,15815,1.0
37141,14533,14659,2.0
37142,14533,14690,3.0
37143,14534,14686,1.0
37144,14535,14686,1.0
37145,14537,14686,1.0
37146,15117,14686,1.0
37147,15964,14686,2.0
37148,16529,14686,1.0
37149,14535,14122,1.0
37150,14535,17380,1.0
37151,14535,18240,1.0
37152,17397,18240,1.0
37153,14544,14969,2.0
37154,14689,14969,1.0
37155,14545,15394,1.0
37156,14550,15394,2.0
37157,15545,15394,1.0
37158,15814,15394,1.0
37159,16960,15394,1.0
37160,14550,15961,1.0
37161,14561,15961,1.0
37162,14693,15961,1.0
37163,14972,15961,1.0
37164,15242,15961,2.0
37165,15539,15961,3.0
37166,15680,15961,1.0
37167,15822,15961,1.0
37168,17083,15961,2.0
37169,14550,15962,1.0
37170,14551,14105,1.0
37171,14674,14105,1.0
37172,15101,14105,1.0
37173,18864,14105,1.0
37174,14554,15685,2.0
37175,15400,15685,1.0
37176,15682,15685,2.0
37177,15683,15685,1.0
37178,16382,15685,1.0
37179,16537,15685,1.0
37180,16678,15685,1.0
37181,14556,15124,2.0
37182,14558,15124,1.0
37183,14700,15124,1.0
37184,14977,15124,2.0
37185,14987,15124,1.0
37186,15126,15124,1.0
37187,14559,14985,1.0
37188,14701,14985,1.0
37189,14986,14985,1.0
37190,15129,14985,1.0
37191,15134,14985,2.0
37192,15984,14985,1.0
37193,14559,15829,1.0
37194,14984,15829,1.0
37195,14987,15829,1.0
37196,15257,15829,2.0
37197,16689,15829,1.0
37198,14559,17384,1.0
37199,14560,16542,1.0
37200,15134,16542,1.0
37201,15831,16542,1.0
37202,15973,16542,2.0
37203,16540,16542,1.0
37204,16979,16542,1.0
37205,14560,16680,1.0
37206,16819,16680,1.0
37207,14565,15276,1.0
37208,14568,15276,1.0
37209,15134,15276,3.0
37210,14578,14156,1.0
37211,14596,15454,1.0
37212,15168,15454,3.0
37213,22146,15454,1.0
37214,14612,19876,1.0
37215,19737,19876,1.0
37216,19878,19876,1.0
37217,20162,19876,2.0
37218,20871,19876,1.0
37219,14632,12785,1.0
37220,15222,12785,1.0
37221,14633,14066,3.0
37222,14633,15768,1.0
37223,14916,15768,1.0
37224,14658,14522,1.0
37225,14660,15655,1.0
37226,14666,14378,1.0
37227,14675,14676,2.0
37228,14685,14681,2.0
37229,14686,16529,1.0
37230,15680,16529,2.0
37231,14687,14116,1.0
37232,14977,14116,1.0
37233,14689,14542,1.0
37234,15396,14542,1.0
37235,14692,16544,1.0
37236,15257,16544,1.0
37237,15266,16544,1.0
37238,15973,16544,1.0
37239,14693,16940,1.0
37240,15949,16940,2.0
37241,16800,16940,2.0
37242,17098,16940,1.0
37243,17382,16940,1.0
37244,17512,16940,6.0
37245,14697,15676,1.0
37246,14698,15676,1.0
37247,15535,15676,1.0
37248,14697,18452,1.0
37249,18738,18452,4.0
37250,18739,18452,2.0
37251,18740,18452,1.0
37252,18879,18452,1.0
37253,14699,15014,1.0
37254,15018,15014,1.0
37255,14710,14566,1.0
37256,14973,14566,1.0
37257,15132,14566,1.0
37258,15136,14566,1.0
37259,16138,14566,1.0
37260,14710,15703,1.0
37261,15134,15703,1.0
37262,14710,18113,1.0
37263,15130,18113,1.0
37264,14716,15003,1.0
37265,14723,15003,1.0
37266,15000,15003,3.0
37267,14724,15006,1.0
37268,15022,15006,1.0
37269,15281,15006,1.0
37270,15289,15006,1.0
37271,15737,15006,1.0
37272,14726,14441,1.0
37273,14739,15020,1.0
37274,14916,14206,1.0
37275,14916,15342,3.0
37276,14958,13851,1.0
37277,14984,13851,1.0
37278,14970,13816,1.0
37279,14976,14980,1.0
37280,15121,14980,2.0
37281,14977,17534,1.0
37282,15257,17534,2.0
37283,17114,17534,2.0
37284,17538,17534,1.0
37285,14981,17512,1.0
37286,16940,17512,6.0
37287,14982,15111,1.0
37288,14984,15971,1.0
37289,15831,15971,1.0
37290,14984,16975,1.0
37291,16121,16975,1.0
37292,16542,16975,1.0
37293,16689,16975,2.0
37294,14984,17524,2.0
37295,15822,17524,1.0
37296,17096,17524,1.0
37297,17240,17524,1.0
37298,17246,17524,1.0
37299,17526,17524,1.0
37300,17808,17524,2.0
37301,17814,17524,1.0
37302,18088,17524,3.0
37303,14986,16537,1.0
37304,15123,16537,1.0
37305,15685,16537,1.0
37306,15822,16537,1.0
37307,16394,16537,2.0
37308,14990,15420,1.0
37309,15144,15420,1.0
37310,15417,15420,2.0
37311,15701,15420,1.0
37312,15845,15420,1.0
37313,16131,15420,1.0
37314,16831,15420,1.0
37315,14991,15985,1.0
37316,16134,15985,1.0
37317,14993,15432,1.0
37318,14994,13416,1.0
37319,15257,13416,1.0
37320,14999,15713,1.0
37321,15000,15995,1.0
37322,15570,15995,1.0
37323,15854,15995,2.0
37324,15000,17985,1.0
37325,17155,17985,1.0
37326,15000,18572,1.0
37327,15160,18572,1.0
37328,16991,18572,2.0
37329,15000,18597,1.0
37330,15160,18597,2.0
37331,15756,18597,1.0
37332,17177,18597,1.0
37333,18596,18597,2.0
37334,18598,18597,1.0
37335,18737,18597,2.0
37336,18739,18597,2.0
37337,19024,18597,2.0
37338,19878,18597,4.0
37339,19880,18597,1.0
37340,20015,18597,1.0
37341,20160,18597,1.0
37342,20729,18597,1.0
37343,21139,18597,1.0
37344,15001,14571,1.0
37345,15002,15428,1.0
37346,16849,15428,1.0
37347,15002,15996,1.0
37348,16707,15996,1.0
37349,17133,15996,2.0
37350,15002,21847,1.0
37351,20445,21847,1.0
37352,22122,21847,3.0
37353,22263,21847,1.0
37354,22276,21847,1.0
37355,15019,15329,1.0
37356,15755,15329,1.0
37357,15021,15307,2.0
37358,15163,15307,1.0
37359,15166,15307,1.0
37360,15167,15307,1.0
37361,15022,14307,1.0
37362,15022,15596,1.0
37363,15024,14593,2.0
37364,15024,14739,1.0
37365,15166,14739,1.0
37366,15024,14740,3.0
37367,15024,15303,2.0
37368,15873,15303,1.0
37369,15024,15310,1.0
37370,15311,15310,1.0
37371,15736,15310,2.0
37372,15737,15310,2.0
37373,15025,15316,1.0
37374,15035,15174,1.0
37375,15035,15175,1.0
37376,15313,15175,1.0
37377,15035,15317,3.0
37378,15737,15317,1.0
37379,15082,15084,1.0
37380,15095,13818,1.0
37381,15103,16095,1.0
37382,15116,16809,1.0
37383,15121,16809,1.0
37384,15256,16809,1.0
37385,15257,16809,1.0
37386,16800,16809,4.0
37387,16808,16809,1.0
37388,16952,16809,1.0
37389,15117,15563,1.0
37390,15122,14978,4.0
37391,15122,16386,1.0
37392,15135,16386,2.0
37393,15398,16386,1.0
37394,15680,16386,2.0
37395,15823,16386,1.0
37396,16677,16386,1.0
37397,15126,15975,1.0
37398,16547,15975,1.0
37399,15126,17405,1.0
37400,18241,17405,1.0
37401,15128,17113,1.0
37402,18105,17113,1.0
37403,15131,15413,1.0
37404,15134,16543,1.0
37405,15135,10183,1.0
37406,15136,17171,2.0
37407,19594,17171,2.0
37408,19879,17171,4.0
37409,15160,14610,2.0
37410,15450,14610,1.0
37411,15165,15163,1.0
37412,15166,13880,1.0
37413,15309,13880,1.0
37414,15166,15313,1.0
37415,17026,15313,1.0
37416,15167,15186,1.0
37417,15613,15186,3.0
37418,16467,15186,2.0
37419,15168,15025,1.0
37420,17026,15025,1.0
37421,15168,15164,1.0
37422,15175,17026,1.0
37423,15312,17026,1.0
37424,15316,17026,1.0
37425,15175,20020,1.0
37426,19877,20020,1.0
37427,19878,20020,1.0
37428,19880,20020,1.0
37429,20305,20020,1.0
37430,15179,21269,1.0
37431,21834,21269,1.0
37432,15186,15755,1.0
37433,15614,15755,3.0
37434,15756,15755,3.0
37435,15893,15755,1.0
37436,16182,15755,1.0
37437,18864,15755,1.0
37438,15186,16467,3.0
37439,15614,16467,7.0
37440,17459,16467,1.0
37441,15254,16527,1.0
37442,15256,17792,1.0
37443,16941,17792,4.0
37444,15257,15679,1.0
37445,15680,15679,1.0
37446,15822,15679,2.0
37447,15257,17225,1.0
37448,15399,17225,1.0
37449,16799,17225,1.0
37450,16808,17225,3.0
37451,17081,17225,1.0
37452,17373,17225,1.0
37453,15260,16678,1.0
37454,15683,16678,2.0
37455,15822,16678,1.0
37456,16109,16678,2.0
37457,16110,16678,1.0
37458,15264,18084,1.0
37459,15822,18084,1.0
37460,16106,18084,1.0
37461,15269,15405,2.0
37462,16121,15405,1.0
37463,15269,16808,1.0
37464,16809,16808,1.0
37465,17083,16808,1.0
37466,17225,16808,3.0
37467,15272,15556,1.0
37468,15274,15567,1.0
37469,15277,17422,1.0
37470,15303,16444,2.0
37471,15310,15736,1.0
37472,15311,15736,1.0
37473,15737,15736,3.0
37474,15310,15738,1.0
37475,15312,20163,2.0
37476,18738,20163,1.0
37477,18739,20163,2.0
37478,18875,20163,1.0
37479,19023,20163,1.0
37480,19595,20163,1.0
37481,19735,20163,1.0
37482,19877,20163,2.0
37483,19878,20163,4.0
37484,19879,20163,2.0
37485,20021,20163,2.0
37486,20159,20163,1.0
37487,20162,20163,9.0
37488,20293,20163,1.0
37489,20298,20163,3.0
37490,20301,20163,1.0
37491,20304,20163,1.0
37492,20305,20163,2.0
37493,20445,20163,4.0
37494,20446,20163,3.0
37495,20447,20163,2.0
37496,20729,20163,1.0
37497,15317,15176,1.0
37498,15329,15042,1.0
37499,15381,14671,1.0
37500,15397,15543,1.0
37501,15400,15827,1.0
37502,15825,15827,1.0
37503,15400,17391,1.0
37504,15831,17391,1.0
37505,15401,16535,2.0
37506,17528,16535,1.0
37507,15417,15562,1.0
37508,15434,15718,2.0
37509,15454,22146,1.0
37510,15471,15614,2.0
37511,15613,15614,2.0
37512,15755,15614,3.0
37513,15756,15614,5.0
37514,16467,15614,5.0
37515,17598,15614,1.0
37516,19557,15614,1.0
37517,20406,15614,1.0
37518,15538,15966,1.0
37519,15680,15966,1.0
37520,15683,15966,1.0
37521,16963,15966,1.0
37522,15551,15673,2.0
37523,15814,15673,2.0
37524,15816,15673,3.0
37525,15566,15997,1.0
37526,15712,15997,2.0
37527,15568,19735,1.0
37528,17456,19735,2.0
37529,18029,19735,1.0
37530,18737,19735,1.0
37531,18739,19735,1.0
37532,18879,19735,1.0
37533,18880,19735,1.0
37534,19024,19735,1.0
37535,19309,19735,2.0
37536,19310,19735,1.0
37537,19451,19735,1.0
37538,19584,19735,3.0
37539,19594,19735,2.0
37540,19595,19735,1.0
37541,19720,19735,1.0
37542,19723,19735,1.0
37543,19730,19735,1.0
37544,19736,19735,5.0
37545,19737,19735,2.0
37546,19877,19735,4.0
37547,19878,19735,4.0
37548,19879,19735,3.0
37549,20021,19735,5.0
37550,20434,19735,1.0
37551,21130,19735,1.0
37552,15614,19557,1.0
37553,20445,19557,1.0
37554,15650,7737,1.0
37555,15655,14660,1.0
37556,15672,14684,2.0
37557,15676,15535,1.0
37558,15680,15960,1.0
37559,15680,16109,1.0
37560,16678,16109,2.0
37561,15683,15686,2.0
37562,15683,16115,1.0
37563,16963,16115,1.0
37564,15683,16538,1.0
37565,15683,16677,1.0
37566,15684,16819,2.0
37567,16680,16819,1.0
37568,15691,17396,1.0
37569,16688,17396,2.0
37570,16991,17396,1.0
37571,15701,15702,1.0
37572,15707,16418,3.0
37573,15712,15710,1.0
37574,15997,15710,2.0
37575,15712,16852,1.0
37576,15731,16850,1.0
37577,15731,19025,1.0
37578,18597,19025,2.0
37579,18881,19025,1.0
37580,18882,19025,1.0
37581,19023,19025,1.0
37582,15740,20306,1.0
37583,18738,20306,1.0
37584,19308,20306,1.0
37585,20163,20306,1.0
37586,15755,16182,2.0
37587,18864,16182,1.0
37588,15756,19844,3.0
37589,20406,19844,1.0
37590,15756,19877,1.0
37591,17459,19877,1.0
37592,18739,19877,1.0
37593,19023,19877,1.0
37594,19307,19877,1.0
37595,19451,19877,1.0
37596,19588,19877,1.0
37597,19594,19877,2.0
37598,19735,19877,2.0
37599,19736,19877,2.0
37600,19738,19877,2.0
37601,19875,19877,2.0
37602,19876,19877,1.0
37603,19878,19877,2.0
37604,19880,19877,2.0
37605,20019,19877,1.0
37606,20020,19877,1.0
37607,20160,19877,1.0
37608,20162,19877,1.0
37609,20299,19877,2.0
37610,20305,19877,2.0
37611,15822,15965,1.0
37612,15825,15965,1.0
37613,17096,15965,1.0
37614,15822,16111,1.0
37615,15822,16385,1.0
37616,15822,18088,6.0
37617,17524,18088,3.0
37618,15825,15967,1.0
37619,15832,16540,1.0
37620,16542,16540,1.0
37621,17540,16540,4.0
37622,15854,16843,1.0
37623,15920,16644,4.0
37624,15961,15242,2.0
37625,15964,15112,2.0
37626,15964,17378,1.0
37627,15974,16541,2.0
37628,16547,16541,1.0
37629,15981,16516,1.0
37630,16096,16516,2.0
37631,16655,16516,1.0
37632,17083,16516,1.0
37633,16002,16421,1.0
37634,16422,16421,1.0
37635,17570,16421,1.0
37636,18138,16421,1.0
37637,16079,16080,1.0
37638,16080,16079,2.0
37639,16086,16512,1.0
37640,16096,16941,2.0
37641,16799,16941,2.0
37642,16800,16941,2.0
37643,17083,16941,1.0
37644,17792,16941,2.0
37645,16097,16944,3.0
37646,16803,16944,2.0
37647,17083,16944,1.0
37648,16124,16969,1.0
37649,16131,16422,2.0
37650,16134,15846,1.0
37651,16386,15823,2.0
37652,16391,15823,5.0
37653,16391,16390,1.0
37654,16391,16674,5.0
37655,16421,17569,1.0
37656,17853,17569,1.0
37657,17996,17569,1.0
37658,18138,17569,2.0
37659,16465,19595,2.0
37660,18738,19595,1.0
37661,18852,19595,1.0
37662,18866,19595,1.0
37663,18881,19595,1.0
37664,19273,19595,1.0
37665,19586,19595,2.0
37666,19594,19595,1.0
37667,19735,19595,1.0
37668,19737,19595,1.0
37669,19879,19595,1.0
37670,19880,19595,3.0
37671,20156,19595,1.0
37672,20298,19595,1.0
37673,20304,19595,2.0
37674,16512,16086,1.0
37675,16516,17514,1.0
37676,16537,16394,2.0
37677,16540,17249,1.0
37678,17391,17249,1.0
37679,16546,15694,1.0
37680,16546,16404,1.0
37681,16546,17538,1.0
37682,17255,17538,1.0
37683,17537,17538,2.0
37684,16547,16972,1.0
37685,17110,16972,1.0
37686,17114,16972,1.0
37687,16565,16987,1.0
37688,16565,18126,1.0
37689,16593,22127,1.0
37690,22271,22127,1.0
37691,16678,16110,1.0
37692,16686,14957,1.0
37693,16688,17397,1.0
37694,17255,17397,2.0
37695,16689,16968,1.0
37696,17405,16968,1.0
37697,16707,17421,1.0
37698,16799,15949,2.0
37699,16800,15949,1.0
37700,16941,15949,1.0
37701,16799,17081,1.0
37702,16942,17081,2.0
37703,17083,17081,6.0
37704,17225,17081,1.0
37705,16800,15806,1.0
37706,16800,17373,3.0
37707,16809,17943,3.0
37708,17104,17943,1.0
37709,16832,16942,1.0
37710,17081,16942,3.0
37711,16832,16984,1.0
37712,16939,15659,1.0
37713,17240,15659,2.0
37714,17805,15659,1.0
37715,16944,16097,3.0
37716,16990,17126,1.0
37717,16990,19980,1.0
37718,18843,19980,1.0
37719,20406,19980,1.0
37720,16991,16983,1.0
37721,16991,17296,1.0
37722,17154,17296,1.0
37723,16991,17570,1.0
37724,17569,17570,2.0
37725,17854,17570,2.0
37726,17990,17570,1.0
37727,17996,17570,1.0
37728,18138,17570,1.0
37729,19273,17570,2.0
37730,16991,18701,1.0
37731,17282,18701,2.0
37732,16992,20406,1.0
37733,18852,20406,1.0
37734,19273,20406,4.0
37735,19411,20406,1.0
37736,19595,20406,1.0
37737,19694,20406,1.0
37738,19844,20406,2.0
37739,19845,20406,2.0
37740,19983,20406,3.0
37741,20264,20406,1.0
37742,20265,20406,2.0
37743,22257,20406,3.0
37744,22263,20406,1.0
37745,17013,17012,1.0
37746,17013,18855,1.0
37747,17154,18855,1.0
37748,17013,19000,1.0
37749,17013,20021,1.0
37750,17171,20021,1.0
37751,18739,20021,1.0
37752,18880,20021,1.0
37753,19011,20021,1.0
37754,19305,20021,1.0
37755,19595,20021,2.0
37756,19735,20021,3.0
37757,19736,20021,1.0
37758,19737,20021,2.0
37759,19880,20021,3.0
37760,20162,20021,2.0
37761,20163,20021,2.0
37762,20164,20021,2.0
37763,20305,20021,4.0
37764,20445,20021,4.0
37765,20731,20021,1.0
37766,17013,20136,1.0
37767,19860,20136,2.0
37768,20147,20136,6.0
37769,21013,20136,1.0
37770,17014,15731,1.0
37771,18999,15731,1.0
37772,17032,19308,1.0
37773,18881,19308,1.0
37774,19875,19308,1.0
37775,19879,19308,1.0
37776,20306,19308,1.0
37777,17114,17253,1.0
37778,17114,17537,1.0
37779,17255,17537,2.0
37780,17538,17537,2.0
37781,17114,17967,1.0
37782,18104,17967,2.0
37783,18117,17967,4.0
37784,17136,20265,1.0
37785,19976,20265,2.0
37786,20264,20265,1.0
37787,20406,20265,2.0
37788,17171,19594,1.0
37789,17318,19594,1.0
37790,18570,19594,1.0
37791,18737,19594,1.0
37792,18882,19594,1.0
37793,19595,19594,1.0
37794,19735,19594,1.0
37795,19736,19594,1.0
37796,19875,19594,1.0
37797,19877,19594,4.0
37798,19879,19594,1.0
37799,21136,19594,1.0
37800,17171,19879,3.0
37801,18597,19879,1.0
37802,18738,19879,1.0
37803,18881,19879,1.0
37804,19451,19879,2.0
37805,19572,19879,1.0
37806,19716,19879,1.0
37807,19735,19879,2.0
37808,19737,19879,5.0
37809,19842,19879,1.0
37810,19875,19879,1.0
37811,19878,19879,2.0
37812,19880,19879,4.0
37813,20020,19879,1.0
37814,20021,19879,1.0
37815,20156,19879,1.0
37816,20157,19879,2.0
37817,20163,19879,3.0
37818,20305,19879,1.0
37819,20447,19879,1.0
37820,20729,19879,1.0
37821,20871,19879,2.0
37822,22263,19879,3.0
37823,17176,16751,2.0
37824,17460,16751,1.0
37825,17254,18229,1.0
37826,17255,18229,1.0
37827,17828,18229,1.0
37828,17255,17400,1.0
37829,17255,18104,2.0
37830,17967,18104,3.0
37831,17257,17118,1.0
37832,17257,17250,1.0
37833,17271,16139,1.0
37834,17318,19722,1.0
37835,17318,20015,1.0
37836,17459,20015,1.0
37837,17319,17317,1.0
37838,20021,17317,2.0
37839,17319,19717,1.0
37840,17382,17098,1.0
37841,17382,18247,1.0
37842,17384,15958,1.0
37843,17396,15691,1.0
37844,17400,18241,1.0
37845,17460,15893,1.0
37846,17460,19716,1.0
37847,18738,19716,3.0
37848,19735,19716,2.0
37849,17514,16655,1.0
37850,17523,15246,1.0
37851,17523,17531,2.0
37852,17528,17101,2.0
37853,17528,17387,2.0
37854,17569,17853,1.0
37855,17570,17853,1.0
37856,17597,21683,1.0
37857,20690,21683,3.0
37858,17603,20298,1.0
37859,19452,20298,1.0
37860,19595,20298,1.0
37861,20163,20298,3.0
37862,20301,20298,1.0
37863,20714,20298,1.0
37864,20730,20298,2.0
37865,20868,20298,2.0
37866,17808,17951,1.0
37867,17950,16820,1.0
37868,17950,17102,1.0
37869,17967,18117,1.0
37870,18104,18117,3.0
37871,18029,19875,3.0
37872,19451,19875,1.0
37873,19452,19875,2.0
37874,19735,19875,3.0
37875,19737,19875,2.0
37876,19878,19875,1.0
37877,20013,19875,1.0
37878,20014,19875,1.0
37879,20162,19875,1.0
37880,20163,19875,3.0
37881,20305,19875,1.0
37882,18029,20305,2.0
37883,19595,20305,1.0
37884,19736,20305,1.0
37885,19737,20305,1.0
37886,19875,20305,1.0
37887,19877,20305,1.0
37888,19878,20305,1.0
37889,19879,20305,2.0
37890,19880,20305,1.0
37891,20020,20305,1.0
37892,20021,20305,4.0
37893,20162,20305,3.0
37894,20163,20305,4.0
37895,20304,20305,1.0
37896,20445,20305,4.0
37897,20446,20305,3.0
37898,20871,20305,1.0
37899,18084,15264,1.0
37900,18088,17236,1.0
37901,18229,17254,1.0
37902,18229,17828,2.0
37903,18313,17886,1.0
37904,18313,20731,1.0
37905,20021,20731,1.0
37906,18431,19588,2.0
37907,19017,19588,1.0
37908,19877,19588,1.0
37909,18452,18740,1.0
37910,18598,18740,1.0
37911,18455,19006,1.0
37912,20871,19006,1.0
37913,18455,19021,1.0
37914,18573,18570,1.0
37915,18573,19011,1.0
37916,19582,19011,2.0
37917,20021,19011,1.0
37918,18594,19585,1.0
37919,19582,19585,1.0
37920,19880,19585,3.0
37921,18594,19870,1.0
37922,19439,19870,1.0
37923,19447,19870,1.0
37924,19726,19870,1.0
37925,19735,19870,1.0
37926,20162,19870,1.0
37927,18597,17177,1.0
37928,18597,18596,2.0
37929,18737,18596,1.0
37930,18597,19878,2.0
37931,18737,19878,1.0
37932,19023,19878,2.0
37933,19594,19878,1.0
37934,19595,19878,1.0
37935,19735,19878,2.0
37936,19737,19878,1.0
37937,19738,19878,2.0
37938,19875,19878,1.0
37939,19877,19878,1.0
37940,19879,19878,3.0
37941,19880,19878,5.0
37942,20012,19878,1.0
37943,20163,19878,2.0
37944,20445,19878,1.0
37945,20872,19878,1.0
37946,18597,20159,1.0
37947,18738,20159,2.0
37948,19736,20159,1.0
37949,20017,20159,1.0
37950,20163,20159,1.0
37951,18597,21132,1.0
37952,21139,21132,1.0
37953,18737,18313,1.0
37954,19309,18313,1.0
37955,20731,18313,1.0
37956,18737,18880,1.0
37957,18738,18880,2.0
37958,19735,18880,1.0
37959,20162,18880,1.0
37960,20163,18880,1.0
37961,18737,19310,1.0
37962,18881,19310,1.0
37963,19451,19310,1.0
37964,19879,19310,1.0
37965,20019,19310,1.0
37966,20447,19310,1.0
37967,20868,19310,1.0
37968,18738,17174,1.0
37969,18738,18591,1.0
37970,18881,18591,1.0
37971,18738,18866,1.0
37972,20163,18866,1.0
37973,18738,19023,1.0
37974,18881,19023,3.0
37975,19025,19023,1.0
37976,19309,19023,2.0
37977,19735,19023,1.0
37978,20163,19023,1.0
37979,18738,19024,1.0
37980,18881,19024,3.0
37981,19589,19024,1.0
37982,19735,19024,1.0
37983,20162,19024,1.0
37984,18738,19586,2.0
37985,19441,19586,1.0
37986,19451,19586,2.0
37987,19595,19586,2.0
37988,20010,19586,2.0
37989,20446,19586,1.0
37990,18738,20729,1.0
37991,19879,20729,1.0
37992,19880,20729,1.0
37993,20163,20729,1.0
37994,18738,20860,1.0
37995,20445,20860,2.0
37996,20446,20860,1.0
37997,20718,20860,1.0
37998,18739,19022,1.0
37999,20162,19022,1.0
38000,18739,20016,1.0
38001,19874,20016,1.0
38002,18852,20690,1.0
38003,18985,20690,1.0
38004,20122,20690,1.0
38005,20692,20690,4.0
38006,21683,20690,3.0
38007,18864,18865,1.0
38008,18880,18455,1.0
38009,19006,18455,1.0
38010,19021,18455,1.0
38011,19025,18455,1.0
38012,18881,21136,1.0
38013,19594,21136,1.0
38014,18881,22552,1.0
38015,18882,19453,1.0
38016,19309,19453,1.0
38017,19735,19453,1.0
38018,19736,19453,5.0
38019,19875,19453,1.0
38020,18985,19694,1.0
38021,18985,20122,1.0
38022,19011,19582,2.0
38023,19012,20868,1.0
38024,19310,20868,1.0
38025,20298,20868,1.0
38026,20730,20868,1.0
38027,21571,20868,2.0
38028,19273,20264,1.0
38029,19559,20264,2.0
38030,19696,20264,2.0
38031,19976,20264,1.0
38032,20265,20264,1.0
38033,20406,20264,1.0
38034,20690,20264,1.0
38035,21125,20264,1.0
38036,22263,20264,1.0
38037,19296,19449,1.0
38038,19307,20301,1.0
38039,19452,20301,1.0
38040,19453,20301,1.0
38041,20298,20301,1.0
38042,19308,17032,1.0
38043,19309,19737,2.0
38044,19445,19737,2.0
38045,19451,19737,1.0
38046,19595,19737,2.0
38047,19730,19737,1.0
38048,19735,19737,1.0
38049,19736,19737,3.0
38050,19738,19737,2.0
38051,19876,19737,1.0
38052,19878,19737,2.0
38053,19879,19737,3.0
38054,19880,19737,3.0
38055,20019,19737,1.0
38056,20021,19737,2.0
38057,20136,19737,3.0
38058,20162,19737,4.0
38059,20304,19737,3.0
38060,20305,19737,2.0
38061,20445,19737,3.0
38062,22713,19737,1.0
38063,19447,20434,1.0
38064,19870,20434,1.0
38065,20445,20434,1.0
38066,19449,19296,1.0
38067,19452,19296,1.0
38068,19879,19296,1.0
38069,19451,13760,2.0
38070,19452,19982,2.0
38071,20122,19982,1.0
38072,19452,22264,1.0
38073,20014,22264,1.0
38074,22263,22264,3.0
38075,22273,22264,1.0
38076,19453,20302,4.0
38077,19736,20302,3.0
38078,19557,19723,1.0
38079,19572,16021,2.0
38080,19572,20299,1.0
38081,19593,20299,1.0
38082,19738,20299,1.0
38083,20017,20299,1.0
38084,20156,20299,1.0
38085,20871,20299,1.0
38086,19585,20447,1.0
38087,20305,20447,1.0
38088,20444,20447,2.0
38089,20446,20447,1.0
38090,19586,19441,1.0
38091,19586,20019,2.0
38092,19735,20019,1.0
38093,19738,20019,1.0
38094,19877,20019,1.0
38095,19586,20446,3.0
38096,19735,20446,2.0
38097,19877,20446,2.0
38098,20019,20446,2.0
38099,20160,20446,2.0
38100,20163,20446,5.0
38101,20304,20446,1.0
38102,20305,20446,3.0
38103,20445,20446,1.0
38104,20447,20446,1.0
38105,20730,20446,1.0
38106,20860,20446,1.0
38107,21132,20446,1.0
38108,19588,18161,2.0
38109,19588,19017,1.0
38110,19595,16465,2.0
38111,19595,19738,1.0
38112,19735,19738,1.0
38113,19736,19738,5.0
38114,19737,19738,1.0
38115,19877,19738,1.0
38116,19878,19738,2.0
38117,19879,19738,2.0
38118,19880,19738,2.0
38119,20158,19738,1.0
38120,20162,19738,1.0
38121,20304,19738,1.0
38122,20446,19738,1.0
38123,20865,19738,1.0
38124,19595,20304,1.0
38125,19737,20304,2.0
38126,19738,20304,1.0
38127,19877,20304,2.0
38128,20021,20304,1.0
38129,20163,20304,1.0
38130,20305,20304,2.0
38131,20445,20304,3.0
38132,20446,20304,1.0
38133,19595,21404,1.0
38134,20445,21404,1.0
38135,19710,22263,3.0
38136,19738,22263,1.0
38137,19877,22263,1.0
38138,19879,22263,2.0
38139,20136,22263,5.0
38140,20147,22263,1.0
38141,20264,22263,1.0
38142,20406,22263,4.0
38143,20445,22263,3.0
38144,21565,22263,1.0
38145,21695,22263,1.0
38146,21847,22263,4.0
38147,21862,22263,1.0
38148,22122,22263,2.0
38149,22255,22263,2.0
38150,22262,22263,1.0
38151,22264,22263,2.0
38152,22273,22263,1.0
38153,22396,22263,1.0
38154,22405,22263,1.0
38155,22539,22263,2.0
38156,19717,21720,1.0
38157,19722,19012,1.0
38158,19722,21438,1.0
38159,19730,19732,1.0
38160,19732,19593,1.0
38161,20299,19593,1.0
38162,19735,19447,1.0
38163,20445,19447,1.0
38164,19735,19584,3.0
38165,20445,19584,1.0
38166,19735,21130,1.0
38167,19736,20013,1.0
38168,20148,20013,1.0
38169,20156,20013,1.0
38170,19736,20017,2.0
38171,20159,20017,1.0
38172,20299,20017,1.0
38173,19737,14612,1.0
38174,19737,19306,1.0
38175,19737,19730,2.0
38176,19875,19730,1.0
38177,19737,19860,2.0
38178,19738,20158,2.0
38179,19870,18594,2.0
38180,19880,18594,3.0
38181,19870,19439,1.0
38182,19870,19726,1.0
38183,19873,19720,1.0
38184,19875,17603,3.0
38185,20298,17603,2.0
38186,19875,19873,1.0
38187,19875,20012,1.0
38188,20156,20012,1.0
38189,20721,20012,1.0
38190,19875,20730,2.0
38191,20295,20730,1.0
38192,20298,20730,4.0
38193,20445,20730,1.0
38194,19877,20160,1.0
38195,20159,20160,1.0
38196,20162,20160,2.0
38197,22263,20160,1.0
38198,19877,20865,1.0
38199,19879,19842,1.0
38200,19879,20157,2.0
38201,19880,20157,2.0
38202,20017,20157,1.0
38203,20159,20157,1.0
38204,19880,18868,1.0
38205,19880,20014,1.0
38206,22264,20014,2.0
38207,19880,22271,1.0
38208,22127,22271,2.0
38209,19980,18843,1.0
38210,20013,20148,1.0
38211,20013,20156,1.0
38212,20299,20156,1.0
38213,20021,20164,2.0
38214,20021,22122,1.0
38215,22263,22122,7.0
38216,20136,20147,1.0
38217,22263,20147,2.0
38218,20163,18875,1.0
38219,20163,21565,1.0
38220,20445,21565,2.0
38221,22263,21565,1.0
38222,20264,18985,1.0
38223,20406,18985,1.0
38224,20690,18985,1.0
38225,20264,19559,2.0
38226,20264,19696,2.0
38227,20264,19976,1.0
38228,20265,19976,2.0
38229,20265,17136,1.0
38230,20298,20714,1.0
38231,20406,19845,2.0
38232,20406,19983,2.0
38233,20406,22539,1.0
38234,22122,22539,1.0
38235,22263,22539,1.0
38236,20445,18303,1.0
38237,20445,19305,1.0
38238,21013,19305,1.0
38239,20445,20872,1.0
38240,21438,20872,1.0
38241,20446,20010,2.0
38242,20446,21139,1.0
38243,21132,21139,1.0
38244,20447,22713,1.0
38245,20729,21862,1.0
38246,20860,20718,1.0
38247,20871,17598,1.0
38248,21269,21834,1.0
38249,21556,21695,1.0
38250,22263,21695,3.0
38251,21571,22565,2.0
38252,21683,17597,1.0
38253,21695,21556,1.0
38254,21834,15179,1.0
38255,21847,22276,1.0
38256,22263,19710,3.0
38257,22263,22255,1.0
38258,22263,22262,1.0
38259,22263,22273,1.0
38260,22264,22273,1.0
38261,22264,22405,1.0
38262,22271,16593,1.0
