id,source,target,attr
0,0,4999,0
1,0,2,0
2,0,3,0
3,0,4997,0
4,0,4,0
5,0,4996,0
6,0,5,0
7,0,4995,0
8,0,6,0
9,0,8,0
10,0,4992,0
11,0,4535,0
12,0,1387,0
13,0,1866,0
14,1,2,0
15,1,3,0
16,1,4,0
17,1,5,0
18,1,4997,0
19,1,7,0
20,1,4995,0
21,1,9,0
22,1,4993,0
23,1,3769,0
24,1,1303,0
25,1,4466,0
26,2,4,0
27,2,5,0
28,2,6,0
29,2,7,0
30,2,4996,0
31,2,9,0
32,2,4995,0
33,2,10,0
34,2,3032,0
35,2,498,0
36,2,2326,0
37,2,2843,0
38,3,4,0
39,3,6,0
40,3,7,0
41,3,4999,0
42,3,8,0
43,3,4998,0
44,3,9,0
45,3,4997,0
46,3,10,0
47,3,4996,0
48,3,11,0
49,3,4995,0
50,3,95,0
51,3,3894,0
52,3,2616,0
53,3,4915,0
54,4,5,0
55,4,6,0
56,4,7,0
57,4,8,0
58,4,4999,0
59,4,4998,0
60,4,4997,0
61,4,4996,0
62,4,4490,0
63,4,3997,0
64,4,2972,0
65,4,1287,0
66,5,6,0
67,5,7,0
68,5,9,0
69,5,10,0
70,5,4999,0
71,5,4998,0
72,5,13,0
73,5,1808,0
74,5,2189,0
75,5,1671,0
76,5,858,0
77,5,3920,0
78,6,7,0
79,6,9,0
80,6,12,0
81,6,14,0
82,6,4998,0
83,6,2535,0
84,6,2210,0
85,6,3153,0
86,6,3474,0
87,6,1779,0
88,6,4270,0
89,7,8,0
90,7,9,0
91,7,10,0
92,7,11,0
93,7,13,0
94,7,2336,0
95,7,2640,0
96,7,4185,0
97,7,3575,0
98,7,3670,0
99,8,9,0
100,8,10,0
101,8,12,0
102,8,13,0
103,8,14,0
104,8,15,0
105,8,16,0
106,8,4291,0
107,8,2931,0
108,8,500,0
109,9,10,0
110,9,11,0
111,9,13,0
112,9,15,0
113,9,16,0
114,9,17,0
115,9,540,0
116,9,180,0
117,9,3738,0
118,9,2355,0
119,9,1343,0
120,9,2037,0
121,10,11,0
122,10,14,0
123,10,15,0
124,10,2544,0
125,10,2657,0
126,10,1298,0
127,10,3621,0
128,10,1602,0
129,10,262,0
130,11,12,0
131,11,13,0
132,11,14,0
133,11,15,0
134,11,17,0
135,11,18,0
136,11,19,0
137,11,4798,0
138,11,837,0
139,12,13,0
140,12,14,0
141,12,16,0
142,12,17,0
143,12,2271,0
144,12,192,0
145,12,194,0
146,12,1529,0
147,12,3344,0
148,12,2963,0
149,12,2602,0
150,12,1027,0
151,12,3016,0
152,12,3205,0
153,13,15,0
154,13,16,0
155,13,17,0
156,13,18,0
157,13,20,0
158,13,2673,0
159,13,362,0
160,13,1047,0
161,13,4633,0
162,14,15,0
163,14,20,0
164,14,21,0
165,14,4923,0
166,14,2721,0
167,14,1513,0
168,14,1482,0
169,14,2786,0
170,14,2125,0
171,14,2196,0
172,14,3816,0
173,15,18,0
174,15,19,0
175,15,20,0
176,15,21,0
177,15,23,0
178,15,1818,0
179,15,3023,0
180,15,3860,0
181,15,3832,0
182,16,18,0
183,16,19,0
184,16,20,0
185,16,22,0
186,16,24,0
187,16,3023,0
188,16,2176,0
189,16,2892,0
190,16,4443,0
191,16,1764,0
192,17,18,0
193,17,20,0
194,17,21,0
195,17,22,0
196,17,24,0
197,17,25,0
198,17,4176,0
199,17,1782,0
200,17,240,0
201,17,1086,0
202,17,2719,0
203,17,547,0
204,17,3322,0
205,17,3742,0
206,18,19,0
207,18,20,0
208,18,23,0
209,18,24,0
210,18,26,0
211,18,481,0
212,18,3555,0
213,18,2729,0
214,18,1969,0
215,19,20,0
216,19,22,0
217,19,23,0
218,19,24,0
219,19,25,0
220,19,26,0
221,19,27,0
222,19,3978,0
223,19,100,0
224,19,4740,0
225,19,247,0
226,19,4300,0
227,20,21,0
228,20,22,0
229,20,23,0
230,20,25,0
231,20,27,0
232,20,28,0
233,20,1164,0
234,20,4960,0
235,21,22,0
236,21,23,0
237,21,25,0
238,21,26,0
239,21,27,0
240,21,28,0
241,21,29,0
242,21,3321,0
243,21,1546,0
244,21,2253,0
245,21,55,0
246,21,4459,0
247,22,23,0
248,22,25,0
249,22,26,0
250,22,27,0
251,22,28,0
252,22,29,0
253,22,30,0
254,22,1867,0
255,22,2966,0
256,22,4574,0
257,22,289,0
258,22,1183,0
259,22,203,0
260,23,24,0
261,23,25,0
262,23,27,0
263,23,29,0
264,23,31,0
265,23,4672,0
266,23,2540,0
267,23,88,0
268,23,4044,0
269,23,4320,0
270,24,25,0
271,24,27,0
272,24,28,0
273,24,29,0
274,24,30,0
275,24,32,0
276,24,2589,0
277,24,283,0
278,24,486,0
279,24,4940,0
280,25,26,0
281,25,29,0
282,25,30,0
283,25,31,0
284,25,33,0
285,25,2974,0
286,25,3542,0
287,25,4403,0
288,25,992,0
289,26,27,0
290,26,28,0
291,26,29,0
292,26,30,0
293,26,31,0
294,26,32,0
295,26,33,0
296,26,34,0
297,26,2274,0
298,26,3122,0
299,26,4131,0
300,26,4040,0
301,27,30,0
302,27,32,0
303,27,33,0
304,27,35,0
305,27,4064,0
306,27,4006,0
307,27,4011,0
308,27,3196,0
309,27,2218,0
310,27,3550,0
311,28,30,0
312,28,31,0
313,28,32,0
314,28,34,0
315,28,36,0
316,28,938,0
317,28,75,0
318,28,1003,0
319,28,3520,0
320,28,257,0
321,28,4706,0
322,29,31,0
323,29,33,0
324,29,34,0
325,29,35,0
326,29,36,0
327,29,37,0
328,29,1392,0
329,29,1048,0
330,29,3267,0
331,29,376,0
332,29,3609,0
333,29,3821,0
334,29,4699,0
335,29,1943,0
336,30,32,0
337,30,33,0
338,30,35,0
339,30,36,0
340,30,37,0
341,30,38,0
342,30,1832,0
343,30,3746,0
344,30,707,0
345,30,4157,0
346,30,1261,0
347,31,33,0
348,31,34,0
349,31,35,0
350,31,36,0
351,31,39,0
352,31,2748,0
353,31,4660,0
354,31,3862,0
355,32,33,0
356,32,34,0
357,32,35,0
358,32,37,0
359,32,38,0
360,32,39,0
361,32,40,0
362,32,108,0
363,32,4104,0
364,32,4553,0
365,32,880,0
366,33,34,0
367,33,37,0
368,33,38,0
369,33,40,0
370,33,3034,0
371,33,1079,0
372,33,1727,0
373,33,3545,0
374,33,4452,0
375,33,4354,0
376,33,4420,0
377,34,35,0
378,34,37,0
379,34,38,0
380,34,39,0
381,34,41,0
382,34,42,0
383,34,1433,0
384,34,2885,0
385,34,4926,0
386,34,1856,0
387,34,2801,0
388,35,36,0
389,35,38,0
390,35,41,0
391,35,43,0
392,35,3644,0
393,35,4853,0
394,35,199,0
395,35,1544,0
396,35,2657,0
397,35,1533,0
398,36,37,0
399,36,39,0
400,36,40,0
401,36,43,0
402,36,545,0
403,36,3798,0
404,36,4389,0
405,36,4676,0
406,36,4312,0
407,36,3123,0
408,36,198,0
409,36,3816,0
410,37,40,0
411,37,41,0
412,37,43,0
413,37,45,0
414,37,4370,0
415,37,763,0
416,37,3187,0
417,37,2603,0
418,37,4086,0
419,37,4831,0
420,38,39,0
421,38,40,0
422,38,41,0
423,38,43,0
424,38,44,0
425,38,45,0
426,38,2628,0
427,38,2678,0
428,38,3085,0
429,39,40,0
430,39,42,0
431,39,44,0
432,39,45,0
433,39,46,0
434,39,47,0
435,39,4192,0
436,39,4736,0
437,40,42,0
438,40,43,0
439,40,44,0
440,40,45,0
441,40,46,0
442,40,47,0
443,40,48,0
444,40,3361,0
445,40,1870,0
446,40,4222,0
447,41,45,0
448,41,46,0
449,41,48,0
450,41,49,0
451,41,819,0
452,41,4926,0
453,41,338,0
454,41,2439,0
455,41,4790,0
456,42,43,0
457,42,44,0
458,42,47,0
459,42,48,0
460,42,49,0
461,42,4649,0
462,42,682,0
463,42,2099,0
464,42,4418,0
465,42,312,0
466,42,2950,0
467,42,1672,0
468,43,44,0
469,43,45,0
470,43,46,0
471,43,47,0
472,43,50,0
473,43,4328,0
474,43,4508,0
475,43,3090,0
476,43,2836,0
477,43,1044,0
478,44,46,0
479,44,47,0
480,44,48,0
481,44,49,0
482,44,50,0
483,44,52,0
484,44,3855,0
485,44,1493,0
486,44,4893,0
487,44,1230,0
488,45,46,0
489,45,47,0
490,45,49,0
491,45,50,0
492,45,51,0
493,45,53,0
494,45,2504,0
495,45,3332,0
496,45,2367,0
497,45,4437,0
498,45,3499,0
499,46,47,0
500,46,50,0
501,46,1444,0
502,46,2372,0
503,46,4081,0
504,46,2023,0
505,46,1323,0
506,46,3309,0
507,46,4000,0
508,46,2408,0
509,46,170,0
510,47,48,0
511,47,51,0
512,47,52,0
513,47,53,0
514,47,54,0
515,47,55,0
516,47,428,0
517,47,871,0
518,47,2277,0
519,48,50,0
520,48,51,0
521,48,52,0
522,48,53,0
523,48,54,0
524,48,2778,0
525,48,110,0
526,48,2777,0
527,48,3091,0
528,48,4580,0
529,48,782,0
530,48,4347,0
531,48,2185,0
532,48,1283,0
533,49,50,0
534,49,51,0
535,49,52,0
536,49,53,0
537,49,57,0
538,49,2609,0
539,49,2771,0
540,49,4016,0
541,49,3946,0
542,49,856,0
543,49,3066,0
544,49,2389,0
545,49,3184,0
546,49,4186,0
547,50,51,0
548,50,53,0
549,50,57,0
550,50,58,0
551,50,1040,0
552,50,860,0
553,50,3359,0
554,50,3221,0
555,50,3707,0
556,50,3445,0
557,50,3696,0
558,50,803,0
559,51,52,0
560,51,54,0
561,51,55,0
562,51,56,0
563,51,58,0
564,51,59,0
565,51,2962,0
566,51,3815,0
567,51,3961,0
568,51,2293,0
569,51,4623,0
570,51,1146,0
571,51,1040,0
572,52,53,0
573,52,54,0
574,52,55,0
575,52,56,0
576,52,58,0
577,52,59,0
578,52,60,0
579,52,1202,0
580,53,54,0
581,53,55,0
582,53,56,0
583,53,57,0
584,53,58,0
585,53,59,0
586,53,60,0
587,53,294,0
588,53,3824,0
589,53,570,0
590,53,2013,0
591,53,146,0
592,53,3924,0
593,53,3245,0
594,53,4953,0
595,54,57,0
596,54,58,0
597,54,59,0
598,54,60,0
599,54,61,0
600,54,62,0
601,54,1644,0
602,54,1504,0
603,54,3326,0
604,54,1336,0
605,54,179,0
606,54,3641,0
607,55,57,0
608,55,58,0
609,55,62,0
610,55,63,0
611,55,2251,0
612,55,206,0
613,55,4118,0
614,55,1605,0
615,55,943,0
616,55,1012,0
617,55,2633,0
618,56,57,0
619,56,59,0
620,56,60,0
621,56,61,0
622,56,63,0
623,56,3649,0
624,56,2768,0
625,56,2774,0
626,56,4861,0
627,57,58,0
628,57,59,0
629,57,61,0
630,57,63,0
631,57,65,0
632,57,3236,0
633,57,3766,0
634,57,531,0
635,57,4137,0
636,58,60,0
637,58,62,0
638,58,63,0
639,58,64,0
640,58,66,0
641,58,4883,0
642,58,2170,0
643,58,2113,0
644,58,897,0
645,58,1067,0
646,58,2331,0
647,59,60,0
648,59,63,0
649,59,64,0
650,59,67,0
651,59,4090,0
652,59,83,0
653,59,2239,0
654,59,3705,0
655,59,3599,0
656,59,137,0
657,59,3130,0
658,60,62,0
659,60,64,0
660,60,65,0
661,60,66,0
662,60,67,0
663,60,68,0
664,60,3735,0
665,60,2506,0
666,60,4395,0
667,60,408,0
668,60,369,0
669,61,68,0
670,61,69,0
671,61,3432,0
672,61,3479,0
673,61,876,0
674,61,2091,0
675,61,2715,0
676,61,3217,0
677,62,63,0
678,62,64,0
679,62,65,0
680,62,66,0
681,62,67,0
682,62,68,0
683,62,69,0
684,62,70,0
685,62,1948,0
686,62,3362,0
687,62,3200,0
688,62,2047,0
689,63,64,0
690,63,65,0
691,63,66,0
692,63,69,0
693,63,71,0
694,63,1116,0
695,63,4671,0
696,63,1848,0
697,63,94,0
698,64,65,0
699,64,66,0
700,64,68,0
701,64,70,0
702,64,4594,0
703,64,2331,0
704,64,3168,0
705,64,3358,0
706,64,3354,0
707,65,66,0
708,65,67,0
709,65,70,0
710,65,4767,0
711,65,2214,0
712,65,361,0
713,65,3036,0
714,65,1017,0
715,65,3187,0
716,66,67,0
717,66,68,0
718,66,69,0
719,66,70,0
720,66,71,0
721,66,73,0
722,66,74,0
723,66,2278,0
724,66,107,0
725,66,3689,0
726,66,4891,0
727,67,68,0
728,67,70,0
729,67,71,0
730,67,73,0
731,67,74,0
732,67,75,0
733,67,3620,0
734,67,4736,0
735,67,3670,0
736,67,1441,0
737,67,4646,0
738,68,69,0
739,68,70,0
740,68,73,0
741,68,76,0
742,68,1085,0
743,68,2970,0
744,68,803,0
745,68,2139,0
746,68,424,0
747,68,3881,0
748,68,334,0
749,69,71,0
750,69,72,0
751,69,73,0
752,69,74,0
753,69,77,0
754,69,1492,0
755,69,3157,0
756,69,2623,0
757,70,71,0
758,70,75,0
759,70,77,0
760,70,78,0
761,70,4464,0
762,70,3629,0
763,70,3543,0
764,70,3620,0
765,70,3717,0
766,70,1891,0
767,70,3354,0
768,71,72,0
769,71,73,0
770,71,75,0
771,71,76,0
772,71,77,0
773,71,78,0
774,71,2672,0
775,71,2600,0
776,71,4542,0
777,71,2135,0
778,71,4513,0
779,71,3047,0
780,72,73,0
781,72,74,0
782,72,75,0
783,72,76,0
784,72,77,0
785,72,78,0
786,72,79,0
787,72,80,0
788,72,1220,0
789,72,3897,0
790,73,76,0
791,73,77,0
792,73,78,0
793,73,79,0
794,73,3905,0
795,73,4095,0
796,73,410,0
797,73,4060,0
798,73,4162,0
799,73,3024,0
800,73,2701,0
801,73,1288,0
802,73,4299,0
803,74,76,0
804,74,78,0
805,74,79,0
806,74,80,0
807,74,81,0
808,74,3201,0
809,74,4976,0
810,74,4109,0
811,74,1946,0
812,74,4054,0
813,75,77,0
814,75,79,0
815,75,80,0
816,75,82,0
817,75,83,0
818,75,2569,0
819,75,480,0
820,75,642,0
821,75,2578,0
822,75,3518,0
823,75,4930,0
824,76,77,0
825,76,79,0
826,76,80,0
827,76,81,0
828,76,83,0
829,76,84,0
830,76,3792,0
831,76,1787,0
832,76,2695,0
833,77,78,0
834,77,79,0
835,77,80,0
836,77,82,0
837,77,84,0
838,77,85,0
839,77,1160,0
840,77,1722,0
841,77,4444,0
842,77,3803,0
843,78,81,0
844,78,82,0
845,78,83,0
846,78,84,0
847,78,3938,0
848,78,1110,0
849,78,1566,0
850,78,4107,0
851,78,518,0
852,78,2861,0
853,78,3319,0
854,79,80,0
855,79,81,0
856,79,82,0
857,79,84,0
858,79,85,0
859,79,87,0
860,79,4897,0
861,79,347,0
862,79,3221,0
863,79,1523,0
864,79,2147,0
865,79,2382,0
866,79,1229,0
867,80,82,0
868,80,83,0
869,80,84,0
870,80,85,0
871,80,86,0
872,80,87,0
873,80,88,0
874,80,1613,0
875,80,4370,0
876,81,82,0
877,81,84,0
878,81,85,0
879,81,86,0
880,81,87,0
881,81,89,0
882,81,1920,0
883,81,436,0
884,82,83,0
885,82,84,0
886,82,85,0
887,82,89,0
888,82,90,0
889,82,1304,0
890,82,167,0
891,82,4899,0
892,82,3298,0
893,83,85,0
894,83,86,0
895,83,87,0
896,83,88,0
897,83,89,0
898,83,90,0
899,83,4497,0
900,83,93,0
901,83,2195,0
902,83,1108,0
903,84,85,0
904,84,86,0
905,84,88,0
906,84,89,0
907,84,91,0
908,84,92,0
909,84,3759,0
910,84,1048,0
911,84,1828,0
912,84,2109,0
913,84,427,0
914,84,1496,0
915,84,2732,0
916,84,1195,0
917,84,2786,0
918,85,92,0
919,85,93,0
920,85,4734,0
921,85,1669,0
922,85,2060,0
923,85,4953,0
924,85,222,0
925,85,1128,0
926,85,4774,0
927,85,631,0
928,86,87,0
929,86,91,0
930,86,94,0
931,86,3953,0
932,86,2971,0
933,86,4798,0
934,86,2800,0
935,86,668,0
936,87,88,0
937,87,90,0
938,87,91,0
939,87,92,0
940,87,93,0
941,87,94,0
942,87,685,0
943,87,3525,0
944,87,3587,0
945,87,1983,0
946,87,2366,0
947,88,89,0
948,88,90,0
949,88,92,0
950,88,94,0
951,88,96,0
952,88,493,0
953,88,775,0
954,88,2372,0
955,88,4068,0
956,88,918,0
957,88,956,0
958,88,2461,0
959,89,90,0
960,89,92,0
961,89,93,0
962,89,94,0
963,89,95,0
964,89,96,0
965,89,97,0
966,89,4665,0
967,89,3475,0
968,89,3171,0
969,89,1983,0
970,90,91,0
971,90,92,0
972,90,93,0
973,90,94,0
974,90,95,0
975,90,96,0
976,90,97,0
977,90,4552,0
978,90,2387,0
979,91,92,0
980,91,93,0
981,91,94,0
982,91,95,0
983,91,96,0
984,91,97,0
985,91,99,0
986,91,2522,0
987,91,1273,0
988,92,94,0
989,92,98,0
990,92,99,0
991,92,100,0
992,92,4029,0
993,92,3043,0
994,92,932,0
995,92,2596,0
996,92,1845,0
997,92,2850,0
998,92,3825,0
999,92,4658,0
1000,93,95,0
1001,93,96,0
1002,93,97,0
1003,93,98,0
1004,93,99,0
1005,93,100,0
1006,93,101,0
1007,93,886,0
1008,93,425,0
1009,94,99,0
1010,94,100,0
1011,94,101,0
1012,94,102,0
1013,94,179,0
1014,94,4154,0
1015,94,3428,0
1016,94,4212,0
1017,94,696,0
1018,95,97,0
1019,95,98,0
1020,95,99,0
1021,95,102,0
1022,95,4121,0
1023,95,3559,0
1024,95,4537,0
1025,95,3385,0
1026,96,98,0
1027,96,100,0
1028,96,101,0
1029,96,102,0
1030,96,103,0
1031,96,3198,0
1032,96,4962,0
1033,96,710,0
1034,96,2792,0
1035,97,98,0
1036,97,99,0
1037,97,100,0
1038,97,101,0
1039,97,104,0
1040,97,105,0
1041,97,579,0
1042,97,2028,0
1043,97,248,0
1044,97,586,0
1045,97,4798,0
1046,98,99,0
1047,98,100,0
1048,98,101,0
1049,98,102,0
1050,98,103,0
1051,98,106,0
1052,98,3130,0
1053,98,3349,0
1054,98,3346,0
1055,99,101,0
1056,99,102,0
1057,99,103,0
1058,99,105,0
1059,99,106,0
1060,99,107,0
1061,99,4243,0
1062,99,1871,0
1063,100,101,0
1064,100,103,0
1065,100,105,0
1066,100,107,0
1067,100,108,0
1068,100,1198,0
1069,100,2694,0
1070,100,2089,0
1071,100,4131,0
1072,100,255,0
1073,101,102,0
1074,101,103,0
1075,101,104,0
1076,101,105,0
1077,101,106,0
1078,101,108,0
1079,101,109,0
1080,101,3947,0
1081,101,2124,0
1082,101,3370,0
1083,101,2269,0
1084,101,4191,0
1085,102,103,0
1086,102,104,0
1087,102,106,0
1088,102,107,0
1089,102,108,0
1090,102,109,0
1091,102,4753,0
1092,102,827,0
1093,102,2689,0
1094,102,3922,0
1095,102,4981,0
1096,103,105,0
1097,103,106,0
1098,103,108,0
1099,103,109,0
1100,103,1057,0
1101,103,4878,0
1102,103,3511,0
1103,103,540,0
1104,103,4040,0
1105,104,106,0
1106,104,107,0
1107,104,108,0
1108,104,109,0
1109,104,110,0
1110,104,111,0
1111,104,518,0
1112,104,3041,0
1113,104,3360,0
1114,105,106,0
1115,105,108,0
1116,105,109,0
1117,105,111,0
1118,105,112,0
1119,105,113,0
1120,105,542,0
1121,105,1793,0
1122,105,4106,0
1123,106,107,0
1124,106,108,0
1125,106,109,0
1126,106,112,0
1127,106,113,0
1128,106,114,0
1129,106,4824,0
1130,106,1758,0
1131,106,2769,0
1132,106,2264,0
1133,106,1513,0
1134,107,108,0
1135,107,109,0
1136,107,110,0
1137,107,112,0
1138,107,113,0
1139,107,2744,0
1140,107,1065,0
1141,107,1033,0
1142,107,3903,0
1143,108,110,0
1144,108,112,0
1145,108,113,0
1146,108,114,0
1147,108,115,0
1148,108,116,0
1149,108,4787,0
1150,109,111,0
1151,109,112,0
1152,109,116,0
1153,109,117,0
1154,109,3433,0
1155,109,3016,0
1156,109,1229,0
1157,109,4965,0
1158,109,4207,0
1159,109,1246,0
1160,109,533,0
1161,109,689,0
1162,109,2114,0
1163,109,3837,0
1164,109,2138,0
1165,110,112,0
1166,110,115,0
1167,110,117,0
1168,110,4731,0
1169,110,954,0
1170,110,3685,0
1171,110,1218,0
1172,110,2794,0
1173,110,2447,0
1174,110,2641,0
1175,110,889,0
1176,110,1003,0
1177,111,112,0
1178,111,113,0
1179,111,114,0
1180,111,115,0
1181,111,117,0
1182,111,118,0
1183,111,1052,0
1184,111,3765,0
1185,111,4909,0
1186,111,1445,0
1187,112,113,0
1188,112,114,0
1189,112,117,0
1190,112,118,0
1191,112,119,0
1192,112,2617,0
1193,112,2476,0
1194,112,3588,0
1195,112,254,0
1196,112,1325,0
1197,112,1584,0
1198,112,439,0
1199,113,114,0
1200,113,117,0
1201,113,118,0
1202,113,119,0
1203,113,120,0
1204,113,121,0
1205,113,1535,0
1206,113,2051,0
1207,113,3820,0
1208,114,115,0
1209,114,117,0
1210,114,119,0
1211,114,120,0
1212,114,121,0
1213,114,1680,0
1214,114,923,0
1215,114,183,0
1216,114,1170,0
1217,114,300,0
1218,115,116,0
1219,115,117,0
1220,115,118,0
1221,115,119,0
1222,115,123,0
1223,115,2057,0
1224,115,1476,0
1225,115,340,0
1226,115,3342,0
1227,115,3625,0
1228,116,118,0
1229,116,119,0
1230,116,121,0
1231,116,122,0
1232,116,123,0
1233,116,2952,0
1234,116,782,0
1235,116,2704,0
1236,116,2492,0
1237,116,4732,0
1238,116,2426,0
1239,117,118,0
1240,117,120,0
1241,117,121,0
1242,117,123,0
1243,117,124,0
1244,117,125,0
1245,117,1892,0
1246,117,4794,0
1247,117,4511,0
1248,118,120,0
1249,118,122,0
1250,118,123,0
1251,118,124,0
1252,118,125,0
1253,118,865,0
1254,118,403,0
1255,118,1290,0
1256,118,1350,0
1257,118,3689,0
1258,119,120,0
1259,119,121,0
1260,119,122,0
1261,119,125,0
1262,119,126,0
1263,119,127,0
1264,119,3076,0
1265,119,4716,0
1266,119,1728,0
1267,120,121,0
1268,120,122,0
1269,120,123,0
1270,120,124,0
1271,120,125,0
1272,120,127,0
1273,120,128,0
1274,120,854,0
1275,120,844,0
1276,120,833,0
1277,120,3494,0
1278,120,249,0
1279,121,122,0
1280,121,123,0
1281,121,124,0
1282,121,125,0
1283,121,126,0
1284,121,127,0
1285,121,128,0
1286,121,129,0
1287,121,1815,0
1288,121,3117,0
1289,121,1611,0
1290,121,3084,0
1291,121,1803,0
1292,122,125,0
1293,122,126,0
1294,122,127,0
1295,122,128,0
1296,122,129,0
1297,122,4029,0
1298,122,2556,0
1299,122,4440,0
1300,122,2788,0
1301,122,228,0
1302,122,4009,0
1303,122,2223,0
1304,122,1015,0
1305,123,124,0
1306,123,126,0
1307,123,127,0
1308,123,128,0
1309,123,129,0
1310,123,130,0
1311,123,131,0
1312,123,661,0
1313,123,3198,0
1314,124,125,0
1315,124,126,0
1316,124,127,0
1317,124,128,0
1318,124,129,0
1319,124,131,0
1320,124,132,0
1321,124,4595,0
1322,124,3088,0
1323,124,812,0
1324,124,2325,0
1325,125,126,0
1326,125,127,0
1327,125,129,0
1328,125,131,0
1329,125,132,0
1330,125,133,0
1331,125,430,0
1332,125,4908,0
1333,126,127,0
1334,126,128,0
1335,126,129,0
1336,126,131,0
1337,126,132,0
1338,126,134,0
1339,126,1424,0
1340,126,3212,0
1341,127,132,0
1342,127,135,0
1343,127,2690,0
1344,127,4810,0
1345,127,4689,0
1346,127,703,0
1347,127,2258,0
1348,127,3082,0
1349,127,1600,0
1350,127,2160,0
1351,127,511,0
1352,128,129,0
1353,128,130,0
1354,128,132,0
1355,128,133,0
1356,128,134,0
1357,128,135,0
1358,128,2930,0
1359,128,1144,0
1360,128,3263,0
1361,128,4152,0
1362,129,130,0
1363,129,132,0
1364,129,136,0
1365,129,4404,0
1366,129,3927,0
1367,129,1330,0
1368,129,3124,0
1369,129,1034,0
1370,130,133,0
1371,130,134,0
1372,130,136,0
1373,130,138,0
1374,130,1819,0
1375,130,3376,0
1376,130,1206,0
1377,130,2547,0
1378,130,1458,0
1379,130,4454,0
1380,131,133,0
1381,131,135,0
1382,131,136,0
1383,131,137,0
1384,131,138,0
1385,131,139,0
1386,131,1783,0
1387,131,2746,0
1388,131,255,0
1389,131,987,0
1390,132,134,0
1391,132,136,0
1392,132,137,0
1393,132,138,0
1394,132,140,0
1395,132,4943,0
1396,132,2836,0
1397,132,4407,0
1398,132,3965,0
1399,132,2865,0
1400,132,412,0
1401,132,4465,0
1402,133,134,0
1403,133,136,0
1404,133,137,0
1405,133,138,0
1406,133,140,0
1407,133,141,0
1408,133,595,0
1409,133,3319,0
1410,133,1579,0
1411,134,135,0
1412,134,138,0
1413,134,139,0
1414,134,140,0
1415,134,141,0
1416,134,4056,0
1417,134,4388,0
1418,134,1671,0
1419,134,3086,0
1420,134,2007,0
1421,134,727,0
1422,135,137,0
1423,135,139,0
1424,135,140,0
1425,135,141,0
1426,135,143,0
1427,135,1006,0
1428,135,3754,0
1429,135,4314,0
1430,135,1801,0
1431,136,137,0
1432,136,138,0
1433,136,139,0
1434,136,140,0
1435,136,141,0
1436,136,142,0
1437,136,144,0
1438,136,2778,0
1439,136,2208,0
1440,136,4779,0
1441,137,138,0
1442,137,139,0
1443,137,141,0
1444,137,142,0
1445,137,143,0
1446,137,145,0
1447,137,4461,0
1448,137,3497,0
1449,137,227,0
1450,138,140,0
1451,138,141,0
1452,138,142,0
1453,138,145,0
1454,138,146,0
1455,138,1284,0
1456,138,3327,0
1457,138,4886,0
1458,138,3739,0
1459,138,1276,0
1460,138,4181,0
1461,139,140,0
1462,139,141,0
1463,139,142,0
1464,139,143,0
1465,139,144,0
1466,139,145,0
1467,139,146,0
1468,139,147,0
1469,139,1295,0
1470,139,4120,0
1471,139,3459,0
1472,139,3604,0
1473,140,141,0
1474,140,142,0
1475,140,143,0
1476,140,144,0
1477,140,145,0
1478,140,147,0
1479,140,148,0
1480,140,2302,0
1481,140,697,0
1482,140,1040,0
1483,140,3711,0
1484,140,4298,0
1485,140,790,0
1486,141,142,0
1487,141,143,0
1488,141,144,0
1489,141,146,0
1490,141,147,0
1491,141,148,0
1492,141,149,0
1493,141,1232,0
1494,142,143,0
1495,142,144,0
1496,142,148,0
1497,142,149,0
1498,142,150,0
1499,142,3965,0
1500,142,1711,0
1501,142,2821,0
1502,142,1535,0
1503,142,248,0
1504,142,4036,0
1505,142,4120,0
1506,143,144,0
1507,143,145,0
1508,143,148,0
1509,143,149,0
1510,143,151,0
1511,143,2767,0
1512,143,3679,0
1513,143,3727,0
1514,143,3110,0
1515,143,1518,0
1516,143,2263,0
1517,144,146,0
1518,144,147,0
1519,144,150,0
1520,144,152,0
1521,144,4841,0
1522,144,749,0
1523,144,1189,0
1524,144,4582,0
1525,144,1024,0
1526,144,897,0
1527,144,1779,0
1528,145,146,0
1529,145,147,0
1530,145,148,0
1531,145,149,0
1532,145,150,0
1533,145,151,0
1534,145,153,0
1535,145,272,0
1536,145,323,0
1537,145,4329,0
1538,145,4596,0
1539,146,147,0
1540,146,148,0
1541,146,149,0
1542,146,2627,0
1543,146,4501,0
1544,146,4023,0
1545,146,2218,0
1546,146,3387,0
1547,147,148,0
1548,147,149,0
1549,147,150,0
1550,147,151,0
1551,147,152,0
1552,147,153,0
1553,147,154,0
1554,147,2435,0
1555,147,3423,0
1556,148,149,0
1557,148,150,0
1558,148,151,0
1559,148,152,0
1560,148,3328,0
1561,148,2831,0
1562,148,1460,0
1563,148,2231,0
1564,148,1976,0
1565,149,151,0
1566,149,153,0
1567,149,155,0
1568,149,156,0
1569,149,157,0
1570,149,792,0
1571,149,514,0
1572,149,3856,0
1573,149,1626,0
1574,149,1303,0
1575,149,2771,0
1576,149,4046,0
1577,150,151,0
1578,150,154,0
1579,150,155,0
1580,150,156,0
1581,150,4399,0
1582,150,3654,0
1583,150,2111,0
1584,150,3294,0
1585,150,4452,0
1586,150,3159,0
1587,150,4281,0
1588,151,152,0
1589,151,153,0
1590,151,154,0
1591,151,155,0
1592,151,156,0
1593,151,159,0
1594,151,4976,0
1595,151,1577,0
1596,151,271,0
1597,151,2514,0
1598,152,153,0
1599,152,154,0
1600,152,155,0
1601,152,157,0
1602,152,158,0
1603,152,159,0
1604,152,160,0
1605,152,396,0
1606,152,401,0
1607,152,2186,0
1608,152,1632,0
1609,152,2206,0
1610,152,3742,0
1611,152,3726,0
1612,153,156,0
1613,153,157,0
1614,153,158,0
1615,153,159,0
1616,153,160,0
1617,153,161,0
1618,153,4150,0
1619,153,3063,0
1620,153,4440,0
1621,153,1463,0
1622,153,4403,0
1623,153,4657,0
1624,154,157,0
1625,154,159,0
1626,154,160,0
1627,154,161,0
1628,154,162,0
1629,154,3445,0
1630,154,2476,0
1631,154,1791,0
1632,155,157,0
1633,155,158,0
1634,155,160,0
1635,155,161,0
1636,155,162,0
1637,155,2821,0
1638,155,1978,0
1639,155,2030,0
1640,155,2067,0
1641,155,3901,0
1642,155,2418,0
1643,155,2860,0
1644,155,4736,0
1645,155,3599,0
1646,155,981,0
1647,155,4522,0
1648,156,157,0
1649,156,159,0
1650,156,164,0
1651,156,3497,0
1652,156,4661,0
1653,156,3194,0
1654,156,3142,0
1655,156,4110,0
1656,156,2488,0
1657,156,1512,0
1658,156,4703,0
1659,157,158,0
1660,157,159,0
1661,157,160,0
1662,157,161,0
1663,157,164,0
1664,157,165,0
1665,157,2796,0
1666,157,1848,0
1667,157,3249,0
1668,157,2939,0
1669,158,159,0
1670,158,160,0
1671,158,161,0
1672,158,162,0
1673,158,164,0
1674,158,165,0
1675,158,166,0
1676,158,573,0
1677,158,934,0
1678,158,3407,0
1679,158,185,0
1680,158,2521,0
1681,158,3647,0
1682,158,2287,0
1683,159,160,0
1684,159,161,0
1685,159,162,0
1686,159,163,0
1687,159,164,0
1688,159,165,0
1689,159,166,0
1690,159,1736,0
1691,159,950,0
1692,159,897,0
1693,160,161,0
1694,160,162,0
1695,160,163,0
1696,160,164,0
1697,160,165,0
1698,160,167,0
1699,160,2100,0
1700,160,1449,0
1701,160,741,0
1702,160,1417,0
1703,160,639,0
1704,160,1079,0
1705,161,163,0
1706,161,165,0
1707,161,166,0
1708,161,167,0
1709,161,169,0
1710,161,3161,0
1711,161,973,0
1712,161,1448,0
1713,161,4818,0
1714,161,4861,0
1715,161,188,0
1716,161,1167,0
1717,161,4528,0
1718,161,1850,0
1719,161,216,0
1720,162,163,0
1721,162,167,0
1722,162,169,0
1723,162,170,0
1724,162,3909,0
1725,162,725,0
1726,162,3057,0
1727,162,3843,0
1728,162,1296,0
1729,162,581,0
1730,163,164,0
1731,163,168,0
1732,163,169,0
1733,163,1560,0
1734,163,999,0
1735,163,3417,0
1736,163,4045,0
1737,163,1202,0
1738,163,1777,0
1739,163,4516,0
1740,164,165,0
1741,164,166,0
1742,164,167,0
1743,164,168,0
1744,164,169,0
1745,164,170,0
1746,164,171,0
1747,164,172,0
1748,164,584,0
1749,165,169,0
1750,165,170,0
1751,165,171,0
1752,165,172,0
1753,165,173,0
1754,165,1728,0
1755,165,4388,0
1756,165,854,0
1757,165,821,0
1758,165,2920,0
1759,166,167,0
1760,166,168,0
1761,166,169,0
1762,166,170,0
1763,166,171,0
1764,166,172,0
1765,166,173,0
1766,166,657,0
1767,166,4460,0
1768,166,3252,0
1769,167,168,0
1770,167,169,0
1771,167,170,0
1772,167,171,0
1773,167,172,0
1774,167,173,0
1775,167,174,0
1776,167,175,0
1777,167,2305,0
1778,167,477,0
1779,167,4240,0
1780,167,3650,0
1781,168,169,0
1782,168,171,0
1783,168,173,0
1784,168,174,0
1785,168,176,0
1786,168,1289,0
1787,168,488,0
1788,168,835,0
1789,168,2548,0
1790,168,3859,0
1791,169,170,0
1792,169,171,0
1793,169,172,0
1794,169,173,0
1795,169,176,0
1796,169,177,0
1797,169,1150,0
1798,169,4525,0
1799,169,2914,0
1800,169,4182,0
1801,170,171,0
1802,170,173,0
1803,170,174,0
1804,170,176,0
1805,170,177,0
1806,170,178,0
1807,170,2243,0
1808,170,269,0
1809,170,2853,0
1810,170,2035,0
1811,171,173,0
1812,171,174,0
1813,171,175,0
1814,171,176,0
1815,171,178,0
1816,171,179,0
1817,171,2215,0
1818,171,1703,0
1819,171,4836,0
1820,171,1999,0
1821,171,2038,0
1822,171,2582,0
1823,171,2743,0
1824,172,174,0
1825,172,175,0
1826,172,177,0
1827,172,178,0
1828,172,179,0
1829,172,180,0
1830,172,992,0
1831,172,2197,0
1832,172,1901,0
1833,172,2477,0
1834,172,569,0
1835,172,3366,0
1836,172,2451,0
1837,173,175,0
1838,173,176,0
1839,173,177,0
1840,173,179,0
1841,173,180,0
1842,173,181,0
1843,173,2488,0
1844,173,2090,0
1845,173,307,0
1846,174,175,0
1847,174,176,0
1848,174,177,0
1849,174,180,0
1850,174,182,0
1851,174,2766,0
1852,174,3894,0
1853,174,2476,0
1854,174,4573,0
1855,174,3050,0
1856,174,2382,0
1857,175,178,0
1858,175,179,0
1859,175,180,0
1860,175,181,0
1861,175,182,0
1862,175,4840,0
1863,175,1711,0
1864,175,3006,0
1865,175,2743,0
1866,175,3522,0
1867,175,1958,0
1868,176,177,0
1869,176,178,0
1870,176,179,0
1871,176,180,0
1872,176,182,0
1873,176,183,0
1874,176,184,0
1875,176,1325,0
1876,176,4419,0
1877,176,2671,0
1878,176,2802,0
1879,177,179,0
1880,177,182,0
1881,177,185,0
1882,177,4205,0
1883,177,4247,0
1884,177,4333,0
1885,177,3762,0
1886,177,443,0
1887,177,4431,0
1888,177,2497,0
1889,177,2727,0
1890,177,2885,0
1891,177,2968,0
1892,177,640,0
1893,177,2716,0
1894,178,181,0
1895,178,182,0
1896,178,184,0
1897,178,185,0
1898,178,186,0
1899,178,4679,0
1900,178,3348,0
1901,178,1900,0
1902,178,501,0
1903,179,180,0
1904,179,181,0
1905,179,185,0
1906,179,2335,0
1907,179,3948,0
1908,179,2448,0
1909,179,4594,0
1910,180,181,0
1911,180,182,0
1912,180,184,0
1913,180,186,0
1914,180,188,0
1915,180,250,0
1916,180,2229,0
1917,180,1995,0
1918,181,182,0
1919,181,183,0
1920,181,184,0
1921,181,185,0
1922,181,186,0
1923,181,187,0
1924,181,188,0
1925,181,189,0
1926,181,597,0
1927,181,1060,0
1928,181,1910,0
1929,182,183,0
1930,182,185,0
1931,182,186,0
1932,182,2438,0
1933,182,1750,0
1934,182,4183,0
1935,182,704,0
1936,182,2916,0
1937,182,1177,0
1938,183,185,0
1939,183,188,0
1940,183,189,0
1941,183,190,0
1942,183,4575,0
1943,183,2191,0
1944,183,2878,0
1945,183,236,0
1946,183,3868,0
1947,184,186,0
1948,184,188,0
1949,184,189,0
1950,184,190,0
1951,184,191,0
1952,184,192,0
1953,184,1177,0
1954,184,2184,0
1955,184,1961,0
1956,184,833,0
1957,185,186,0
1958,185,187,0
1959,185,190,0
1960,185,191,0
1961,185,192,0
1962,185,193,0
1963,185,1031,0
1964,185,2560,0
1965,186,188,0
1966,186,190,0
1967,186,191,0
1968,186,193,0
1969,186,4106,0
1970,186,2541,0
1971,186,213,0
1972,186,2909,0
1973,186,3966,0
1974,187,189,0
1975,187,191,0
1976,187,192,0
1977,187,193,0
1978,187,194,0
1979,187,195,0
1980,187,2311,0
1981,187,4912,0
1982,187,3606,0
1983,187,431,0
1984,187,3875,0
1985,187,379,0
1986,187,3537,0
1987,187,563,0
1988,187,1630,0
1989,188,189,0
1990,188,190,0
1991,188,191,0
1992,188,192,0
1993,188,193,0
1994,188,194,0
1995,188,196,0
1996,188,4015,0
1997,188,411,0
1998,188,1657,0
1999,188,4617,0
2000,189,190,0
2001,189,191,0
2002,189,193,0
2003,189,195,0
2004,189,196,0
2005,189,197,0
2006,189,2109,0
2007,189,2448,0
2008,189,2631,0
2009,189,1638,0
2010,189,1251,0
2011,189,1696,0
2012,189,1937,0
2013,189,4618,0
2014,190,191,0
2015,190,192,0
2016,190,193,0
2017,190,194,0
2018,190,195,0
2019,190,196,0
2020,190,197,0
2021,190,198,0
2022,190,3342,0
2023,190,2563,0
2024,190,343,0
2025,191,192,0
2026,191,193,0
2027,191,194,0
2028,191,195,0
2029,191,196,0
2030,191,197,0
2031,191,198,0
2032,191,199,0
2033,191,385,0
2034,191,1207,0
2035,192,193,0
2036,192,195,0
2037,192,196,0
2038,192,197,0
2039,192,199,0
2040,192,200,0
2041,192,2772,0
2042,192,2144,0
2043,193,194,0
2044,193,197,0
2045,193,199,0
2046,193,201,0
2047,193,4001,0
2048,193,4997,0
2049,193,1445,0
2050,193,831,0
2051,193,232,0
2052,193,2152,0
2053,193,1217,0
2054,194,195,0
2055,194,196,0
2056,194,198,0
2057,194,199,0
2058,194,200,0
2059,194,201,0
2060,194,2505,0
2061,194,1014,0
2062,194,1494,0
2063,194,3706,0
2064,195,197,0
2065,195,199,0
2066,195,200,0
2067,195,201,0
2068,195,203,0
2069,195,919,0
2070,195,3344,0
2071,195,4171,0
2072,195,4159,0
2073,196,197,0
2074,196,202,0
2075,196,203,0
2076,196,204,0
2077,196,267,0
2078,196,3289,0
2079,196,3133,0
2080,196,4926,0
2081,196,3583,0
2082,196,1200,0
2083,197,198,0
2084,197,199,0
2085,197,200,0
2086,197,201,0
2087,197,202,0
2088,197,203,0
2089,197,205,0
2090,197,1275,0
2091,197,4643,0
2092,198,199,0
2093,198,200,0
2094,198,202,0
2095,198,203,0
2096,198,204,0
2097,198,2379,0
2098,198,378,0
2099,198,294,0
2100,199,200,0
2101,199,201,0
2102,199,202,0
2103,199,203,0
2104,199,204,0
2105,199,205,0
2106,199,206,0
2107,199,1142,0
2108,199,2018,0
2109,199,3694,0
2110,200,202,0
2111,200,203,0
2112,200,204,0
2113,200,205,0
2114,200,207,0
2115,200,3962,0
2116,200,1217,0
2117,200,801,0
2118,200,1672,0
2119,201,202,0
2120,201,204,0
2121,201,205,0
2122,201,206,0
2123,201,207,0
2124,201,208,0
2125,201,1346,0
2126,201,2946,0
2127,201,3235,0
2128,201,1885,0
2129,201,1784,0
2130,202,203,0
2131,202,204,0
2132,202,206,0
2133,202,207,0
2134,202,208,0
2135,202,210,0
2136,202,3674,0
2137,202,1395,0
2138,202,444,0
2139,202,234,0
2140,203,205,0
2141,203,208,0
2142,203,4606,0
2143,203,4428,0
2144,203,2842,0
2145,203,4595,0
2146,203,3125,0
2147,203,1941,0
2148,203,289,0
2149,203,3335,0
2150,203,2499,0
2151,204,205,0
2152,204,206,0
2153,204,207,0
2154,204,211,0
2155,204,2968,0
2156,204,1059,0
2157,204,646,0
2158,204,3706,0
2159,204,1222,0
2160,204,4171,0
2161,204,987,0
2162,205,206,0
2163,205,207,0
2164,205,209,0
2165,205,210,0
2166,205,211,0
2167,205,1774,0
2168,205,4677,0
2169,205,2286,0
2170,205,1696,0
2171,206,208,0
2172,206,212,0
2173,206,213,0
2174,206,214,0
2175,206,2341,0
2176,206,338,0
2177,206,4061,0
2178,206,1802,0
2179,206,438,0
2180,206,955,0
2181,206,3320,0
2182,207,208,0
2183,207,209,0
2184,207,210,0
2185,207,212,0
2186,207,213,0
2187,207,214,0
2188,207,215,0
2189,207,966,0
2190,207,2649,0
2191,207,4216,0
2192,207,4856,0
2193,208,209,0
2194,208,211,0
2195,208,213,0
2196,208,214,0
2197,208,2699,0
2198,208,4747,0
2199,208,4054,0
2200,208,1897,0
2201,208,4441,0
2202,208,4672,0
2203,208,547,0
2204,208,3827,0
2205,208,2039,0
2206,209,210,0
2207,209,213,0
2208,209,214,0
2209,209,215,0
2210,209,216,0
2211,209,217,0
2212,209,1815,0
2213,209,2189,0
2214,209,375,0
2215,209,4511,0
2216,209,1348,0
2217,210,211,0
2218,210,213,0
2219,210,215,0
2220,210,216,0
2221,210,217,0
2222,210,218,0
2223,210,1246,0
2224,210,2363,0
2225,210,297,0
2226,210,4983,0
2227,210,3205,0
2228,210,4437,0
2229,211,213,0
2230,211,216,0
2231,211,217,0
2232,211,218,0
2233,211,4236,0
2234,211,3442,0
2235,211,603,0
2236,211,1685,0
2237,211,1676,0
2238,211,2459,0
2239,212,213,0
2240,212,214,0
2241,212,216,0
2242,212,218,0
2243,212,219,0
2244,212,1131,0
2245,212,4182,0
2246,212,3531,0
2247,212,2674,0
2248,213,215,0
2249,213,216,0
2250,213,217,0
2251,213,218,0
2252,213,219,0
2253,213,220,0
2254,213,3130,0
2255,213,641,0
2256,214,215,0
2257,214,216,0
2258,214,218,0
2259,214,219,0
2260,214,221,0
2261,214,874,0
2262,214,3160,0
2263,214,4155,0
2264,214,3413,0
2265,215,216,0
2266,215,220,0
2267,215,221,0
2268,215,4303,0
2269,215,1346,0
2270,215,864,0
2271,215,501,0
2272,215,2017,0
2273,215,1672,0
2274,215,1034,0
2275,216,219,0
2276,216,220,0
2277,216,221,0
2278,216,223,0
2279,216,1235,0
2280,216,4264,0
2281,216,2548,0
2282,217,218,0
2283,217,223,0
2284,217,224,0
2285,217,225,0
2286,217,2496,0
2287,217,1828,0
2288,217,2139,0
2289,217,4323,0
2290,218,219,0
2291,218,220,0
2292,218,221,0
2293,218,222,0
2294,218,224,0
2295,218,225,0
2296,218,226,0
2297,218,1008,0
2298,218,4847,0
2299,218,550,0
2300,218,2886,0
2301,219,221,0
2302,219,225,0
2303,219,226,0
2304,219,1399,0
2305,219,1293,0
2306,219,4241,0
2307,219,4541,0
2308,219,1413,0
2309,219,4120,0
2310,219,1065,0
2311,219,3796,0
2312,219,2903,0
2313,220,222,0
2314,220,223,0
2315,220,224,0
2316,220,225,0
2317,220,226,0
2318,220,227,0
2319,220,1762,0
2320,220,942,0
2321,221,223,0
2322,221,224,0
2323,221,225,0
2324,221,226,0
2325,221,227,0
2326,221,229,0
2327,221,3610,0
2328,221,2300,0
2329,221,2683,0
2330,221,1227,0
2331,221,4366,0
2332,221,4511,0
2333,221,1235,0
2334,221,3646,0
2335,222,223,0
2336,222,224,0
2337,222,225,0
2338,222,227,0
2339,222,228,0
2340,222,229,0
2341,222,230,0
2342,222,4025,0
2343,222,1546,0
2344,222,4483,0
2345,222,1156,0
2346,223,224,0
2347,223,226,0
2348,223,227,0
2349,223,228,0
2350,223,229,0
2351,223,230,0
2352,223,3181,0
2353,223,660,0
2354,223,1273,0
2355,223,1059,0
2356,223,4398,0
2357,223,924,0
2358,224,225,0
2359,224,226,0
2360,224,228,0
2361,224,230,0
2362,224,232,0
2363,224,862,0
2364,224,507,0
2365,224,1853,0
2366,224,2288,0
2367,225,226,0
2368,225,227,0
2369,225,228,0
2370,225,229,0
2371,225,231,0
2372,225,233,0
2373,225,465,0
2374,225,718,0
2375,225,1964,0
2376,225,1977,0
2377,225,330,0
2378,225,4604,0
2379,225,2123,0
2380,226,227,0
2381,226,228,0
2382,226,230,0
2383,226,231,0
2384,226,3644,0
2385,226,2914,0
2386,226,2719,0
2387,226,4277,0
2388,226,4856,0
2389,226,1729,0
2390,227,228,0
2391,227,229,0
2392,227,230,0
2393,227,231,0
2394,227,234,0
2395,227,235,0
2396,227,910,0
2397,227,4978,0
2398,227,2159,0
2399,228,229,0
2400,228,231,0
2401,228,233,0
2402,228,234,0
2403,228,236,0
2404,228,477,0
2405,228,735,0
2406,228,2742,0
2407,228,2379,0
2408,229,230,0
2409,229,231,0
2410,229,234,0
2411,229,236,0
2412,229,3640,0
2413,229,441,0
2414,229,2489,0
2415,229,2958,0
2416,229,4695,0
2417,229,4778,0
2418,229,4895,0
2419,230,232,0
2420,230,233,0
2421,230,234,0
2422,230,235,0
2423,230,237,0
2424,230,238,0
2425,230,3523,0
2426,230,2102,0
2427,230,4260,0
2428,230,4880,0
2429,231,232,0
2430,231,233,0
2431,231,235,0
2432,231,236,0
2433,231,237,0
2434,231,239,0
2435,231,2460,0
2436,231,951,0
2437,231,1503,0
2438,231,617,0
2439,231,1893,0
2440,231,3065,0
2441,232,233,0
2442,232,234,0
2443,232,236,0
2444,232,237,0
2445,232,238,0
2446,232,239,0
2447,232,1710,0
2448,232,3574,0
2449,232,2153,0
2450,232,771,0
2451,233,234,0
2452,233,235,0
2453,233,236,0
2454,233,238,0
2455,233,239,0
2456,233,240,0
2457,233,2011,0
2458,233,503,0
2459,233,2354,0
2460,233,1191,0
2461,233,4411,0
2462,234,235,0
2463,234,236,0
2464,234,239,0
2465,234,240,0
2466,234,242,0
2467,234,4519,0
2468,234,2520,0
2469,234,2719,0
2470,234,286,0
2471,234,2002,0
2472,235,236,0
2473,235,237,0
2474,235,238,0
2475,235,239,0
2476,235,240,0
2477,235,241,0
2478,235,242,0
2479,235,527,0
2480,235,1294,0
2481,235,1454,0
2482,235,2946,0
2483,236,237,0
2484,236,238,0
2485,236,240,0
2486,236,241,0
2487,236,243,0
2488,236,244,0
2489,236,3934,0
2490,236,3553,0
2491,237,238,0
2492,237,239,0
2493,237,240,0
2494,237,244,0
2495,237,245,0
2496,237,4490,0
2497,237,1338,0
2498,237,1586,0
2499,237,3632,0
2500,237,4107,0
2501,238,241,0
2502,238,242,0
2503,238,243,0
2504,238,245,0
2505,238,246,0
2506,238,278,0
2507,238,3539,0
2508,238,408,0
2509,238,3034,0
2510,239,240,0
2511,239,242,0
2512,239,243,0
2513,239,245,0
2514,239,246,0
2515,239,247,0
2516,239,4158,0
2517,239,4162,0
2518,239,2745,0
2519,239,3414,0
2520,239,2814,0
2521,239,4375,0
2522,240,241,0
2523,240,242,0
2524,240,244,0
2525,240,245,0
2526,240,248,0
2527,240,1056,0
2528,240,3176,0
2529,240,2062,0
2530,240,4594,0
2531,241,242,0
2532,241,244,0
2533,241,245,0
2534,241,246,0
2535,241,248,0
2536,241,249,0
2537,241,2637,0
2538,241,2888,0
2539,241,1850,0
2540,241,4807,0
2541,242,243,0
2542,242,246,0
2543,242,247,0
2544,242,248,0
2545,242,249,0
2546,242,250,0
2547,242,742,0
2548,242,2926,0
2549,242,1712,0
2550,242,4104,0
2551,242,4509,0
2552,242,3107,0
2553,243,244,0
2554,243,245,0
2555,243,247,0
2556,243,248,0
2557,243,249,0
2558,243,251,0
2559,243,2177,0
2560,243,4042,0
2561,244,247,0
2562,244,248,0
2563,244,249,0
2564,244,250,0
2565,244,252,0
2566,244,4583,0
2567,244,2435,0
2568,244,2862,0
2569,244,1996,0
2570,244,2197,0
2571,244,3129,0
2572,245,247,0
2573,245,248,0
2574,245,250,0
2575,245,251,0
2576,245,252,0
2577,245,3614,0
2578,245,3136,0
2579,245,2958,0
2580,245,4300,0
2581,245,4321,0
2582,246,249,0
2583,246,250,0
2584,246,251,0
2585,246,253,0
2586,246,254,0
2587,246,3361,0
2588,246,584,0
2589,246,988,0
2590,246,2080,0
2591,246,4128,0
2592,247,248,0
2593,247,250,0
2594,247,252,0
2595,247,1091,0
2596,247,4080,0
2597,247,314,0
2598,247,3910,0
2599,247,4852,0
2600,247,412,0
2601,247,2174,0
2602,248,249,0
2603,248,250,0
2604,248,251,0
2605,248,252,0
2606,248,254,0
2607,248,256,0
2608,248,849,0
2609,248,3836,0
2610,248,667,0
2611,248,4332,0
2612,248,4974,0
2613,248,544,0
2614,248,708,0
2615,249,250,0
2616,249,254,0
2617,249,255,0
2618,249,257,0
2619,249,3040,0
2620,249,4889,0
2621,249,753,0
2622,249,2979,0
2623,249,298,0
2624,250,251,0
2625,250,252,0
2626,250,253,0
2627,250,254,0
2628,250,257,0
2629,250,3141,0
2630,250,4485,0
2631,250,824,0
2632,250,3030,0
2633,250,2183,0
2634,251,252,0
2635,251,254,0
2636,251,255,0
2637,251,256,0
2638,251,257,0
2639,251,258,0
2640,251,259,0
2641,251,3930,0
2642,251,2281,0
2643,251,2208,0
2644,251,1785,0
2645,251,1809,0
2646,251,1304,0
2647,252,253,0
2648,252,256,0
2649,252,257,0
2650,252,260,0
2651,252,2355,0
2652,252,3504,0
2653,252,4982,0
2654,252,2565,0
2655,253,255,0
2656,253,256,0
2657,253,257,0
2658,253,258,0
2659,253,259,0
2660,253,261,0
2661,253,3214,0
2662,253,2780,0
2663,253,2008,0
2664,253,3213,0
2665,253,4709,0
2666,254,255,0
2667,254,256,0
2668,254,259,0
2669,254,260,0
2670,254,261,0
2671,254,262,0
2672,254,935,0
2673,254,789,0
2674,254,1124,0
2675,255,256,0
2676,255,257,0
2677,255,259,0
2678,255,260,0
2679,255,261,0
2680,255,1613,0
2681,255,3606,0
2682,255,3769,0
2683,256,257,0
2684,256,260,0
2685,256,261,0
2686,256,262,0
2687,256,263,0
2688,256,264,0
2689,256,2492,0
2690,256,723,0
2691,256,1318,0
2692,256,3085,0
2693,257,258,0
2694,257,259,0
2695,257,260,0
2696,257,262,0
2697,257,263,0
2698,257,264,0
2699,257,4675,0
2700,257,1105,0
2701,257,3582,0
2702,257,4870,0
2703,257,1903,0
2704,258,259,0
2705,258,260,0
2706,258,262,0
2707,258,263,0
2708,258,264,0
2709,258,265,0
2710,258,3225,0
2711,258,4627,0
2712,258,3781,0
2713,258,3875,0
2714,259,260,0
2715,259,261,0
2716,259,262,0
2717,259,263,0
2718,259,265,0
2719,259,266,0
2720,259,267,0
2721,259,1886,0
2722,259,907,0
2723,259,3089,0
2724,259,4760,0
2725,259,1900,0
2726,260,261,0
2727,260,262,0
2728,260,263,0
2729,260,264,0
2730,260,265,0
2731,260,267,0
2732,260,268,0
2733,260,2376,0
2734,260,3515,0
2735,260,4350,0
2736,260,2818,0
2737,260,1676,0
2738,261,262,0
2739,261,263,0
2740,261,265,0
2741,261,267,0
2742,261,268,0
2743,261,269,0
2744,261,4056,0
2745,261,3552,0
2746,261,4917,0
2747,261,826,0
2748,262,263,0
2749,262,264,0
2750,262,267,0
2751,262,268,0
2752,262,269,0
2753,262,3859,0
2754,262,1394,0
2755,262,1690,0
2756,262,4531,0
2757,262,781,0
2758,262,2174,0
2759,263,264,0
2760,263,267,0
2761,263,268,0
2762,263,269,0
2763,263,271,0
2764,263,955,0
2765,263,1203,0
2766,263,2324,0
2767,263,4685,0
2768,263,3950,0
2769,263,744,0
2770,264,265,0
2771,264,266,0
2772,264,267,0
2773,264,268,0
2774,264,270,0
2775,264,272,0
2776,264,301,0
2777,264,3074,0
2778,264,4059,0
2779,265,270,0
2780,265,272,0
2781,265,273,0
2782,265,4792,0
2783,265,3086,0
2784,265,869,0
2785,265,810,0
2786,265,1180,0
2787,265,4802,0
2788,265,4118,0
2789,265,4079,0
2790,265,4939,0
2791,266,267,0
2792,266,268,0
2793,266,269,0
2794,266,270,0
2795,266,274,0
2796,266,4783,0
2797,266,1453,0
2798,266,2968,0
2799,266,422,0
2800,266,3536,0
2801,266,3004,0
2802,267,268,0
2803,267,269,0
2804,267,272,0
2805,267,273,0
2806,267,274,0
2807,267,275,0
2808,267,2217,0
2809,267,2963,0
2810,267,2221,0
2811,267,4002,0
2812,267,4427,0
2813,268,269,0
2814,268,270,0
2815,268,271,0
2816,268,273,0
2817,268,274,0
2818,268,275,0
2819,268,276,0
2820,268,4393,0
2821,268,1713,0
2822,268,1521,0
2823,268,740,0
2824,268,4105,0
2825,268,1865,0
2826,269,270,0
2827,269,272,0
2828,269,273,0
2829,269,274,0
2830,269,275,0
2831,269,276,0
2832,269,277,0
2833,269,694,0
2834,269,2797,0
2835,270,271,0
2836,270,272,0
2837,270,274,0
2838,270,276,0
2839,270,278,0
2840,270,4512,0
2841,270,2489,0
2842,270,2563,0
2843,270,908,0
2844,270,2579,0
2845,271,274,0
2846,271,275,0
2847,271,277,0
2848,271,278,0
2849,271,279,0
2850,271,1879,0
2851,271,1674,0
2852,271,4039,0
2853,271,3271,0
2854,271,4793,0
2855,271,913,0
2856,271,2671,0
2857,272,274,0
2858,272,275,0
2859,272,277,0
2860,272,278,0
2861,272,3926,0
2862,272,492,0
2863,272,2327,0
2864,272,3523,0
2865,272,370,0
2866,272,817,0
2867,272,2685,0
2868,273,274,0
2869,273,275,0
2870,273,276,0
2871,273,277,0
2872,273,278,0
2873,273,279,0
2874,273,281,0
2875,273,1787,0
2876,273,4884,0
2877,273,1157,0
2878,274,275,0
2879,274,276,0
2880,274,277,0
2881,274,279,0
2882,274,281,0
2883,274,282,0
2884,274,4790,0
2885,274,438,0
2886,274,1155,0
2887,274,1056,0
2888,275,276,0
2889,275,277,0
2890,275,278,0
2891,275,279,0
2892,275,282,0
2893,275,283,0
2894,275,3379,0
2895,275,3483,0
2896,275,1306,0
2897,276,277,0
2898,276,278,0
2899,276,280,0
2900,276,281,0
2901,276,283,0
2902,276,284,0
2903,276,1564,0
2904,276,2988,0
2905,276,1080,0
2906,276,4225,0
2907,277,278,0
2908,277,279,0
2909,277,281,0
2910,277,282,0
2911,277,283,0
2912,277,284,0
2913,277,285,0
2914,277,1776,0
2915,277,4901,0
2916,277,1455,0
2917,278,279,0
2918,278,280,0
2919,278,281,0
2920,278,282,0
2921,278,283,0
2922,278,285,0
2923,278,286,0
2924,278,2263,0
2925,278,816,0
2926,278,4375,0
2927,279,280,0
2928,279,282,0
2929,279,283,0
2930,279,284,0
2931,279,287,0
2932,279,2686,0
2933,279,3676,0
2934,279,2696,0
2935,279,2190,0
2936,280,281,0
2937,280,283,0
2938,280,284,0
2939,280,285,0
2940,280,286,0
2941,280,287,0
2942,280,585,0
2943,280,2950,0
2944,280,3577,0
2945,280,1046,0
2946,280,3457,0
2947,281,282,0
2948,281,284,0
2949,281,285,0
2950,281,286,0
2951,281,287,0
2952,281,288,0
2953,281,1981,0
2954,281,2741,0
2955,281,2774,0
2956,281,3217,0
2957,281,2321,0
2958,281,652,0
2959,282,283,0
2960,282,284,0
2961,282,286,0
2962,282,289,0
2963,282,290,0
2964,282,868,0
2965,282,453,0
2966,282,1181,0
2967,282,3126,0
2968,282,1560,0
2969,282,2290,0
2970,282,1077,0
2971,283,284,0
2972,283,285,0
2973,283,287,0
2974,283,288,0
2975,283,289,0
2976,283,290,0
2977,283,607,0
2978,283,1315,0
2979,283,2715,0
2980,283,3622,0
2981,283,476,0
2982,283,4583,0
2983,284,288,0
2984,284,289,0
2985,284,291,0
2986,284,292,0
2987,284,2674,0
2988,284,3971,0
2989,284,2758,0
2990,284,1121,0
2991,284,1614,0
2992,284,472,0
2993,284,3424,0
2994,285,287,0
2995,285,290,0
2996,285,292,0
2997,285,293,0
2998,285,440,0
2999,285,821,0
3000,285,3537,0
3001,285,2721,0
3002,285,3949,0
3003,285,4946,0
3004,285,3100,0
3005,285,3575,0
3006,285,4393,0
3007,286,287,0
3008,286,288,0
3009,286,290,0
3010,286,291,0
3011,286,292,0
3012,286,293,0
3013,286,4668,0
3014,286,2652,0
3015,286,3359,0
3016,286,4545,0
3017,287,288,0
3018,287,289,0
3019,287,291,0
3020,287,293,0
3021,287,294,0
3022,287,295,0
3023,287,955,0
3024,287,4164,0
3025,287,2015,0
3026,287,2806,0
3027,287,1138,0
3028,288,290,0
3029,288,291,0
3030,288,292,0
3031,288,293,0
3032,288,294,0
3033,288,296,0
3034,288,541,0
3035,288,1785,0
3036,288,2174,0
3037,288,4428,0
3038,289,290,0
3039,289,291,0
3040,289,292,0
3041,289,293,0
3042,289,294,0
3043,289,296,0
3044,289,3483,0
3045,289,2376,0
3046,289,4362,0
3047,290,291,0
3048,290,293,0
3049,290,294,0
3050,290,295,0
3051,290,296,0
3052,290,297,0
3053,290,4129,0
3054,290,1680,0
3055,290,4778,0
3056,290,1201,0
3057,290,824,0
3058,291,294,0
3059,291,296,0
3060,291,298,0
3061,291,4643,0
3062,291,1702,0
3063,291,2354,0
3064,291,4739,0
3065,291,4943,0
3066,291,2522,0
3067,291,625,0
3068,291,1004,0
3069,292,293,0
3070,292,294,0
3071,292,295,0
3072,292,296,0
3073,292,297,0
3074,292,298,0
3075,292,300,0
3076,292,4811,0
3077,292,2587,0
3078,292,1441,0
3079,293,294,0
3080,293,295,0
3081,293,297,0
3082,293,299,0
3083,293,301,0
3084,293,718,0
3085,293,775,0
3086,293,979,0
3087,293,1904,0
3088,293,1999,0
3089,294,295,0
3090,294,298,0
3091,294,299,0
3092,294,300,0
3093,294,302,0
3094,294,4425,0
3095,294,2137,0
3096,294,4838,0
3097,294,1429,0
3098,294,4771,0
3099,294,838,0
3100,295,296,0
3101,295,297,0
3102,295,299,0
3103,295,300,0
3104,295,301,0
3105,295,303,0
3106,295,4062,0
3107,295,3023,0
3108,295,764,0
3109,295,2722,0
3110,295,1300,0
3111,296,298,0
3112,296,299,0
3113,296,300,0
3114,296,301,0
3115,296,302,0
3116,296,4670,0
3117,296,3981,0
3118,296,947,0
3119,297,298,0
3120,297,300,0
3121,297,302,0
3122,297,305,0
3123,297,4834,0
3124,297,4720,0
3125,297,2811,0
3126,297,761,0
3127,297,595,0
3128,297,4184,0
3129,297,703,0
3130,297,4915,0
3131,297,757,0
3132,298,299,0
3133,298,300,0
3134,298,301,0
3135,298,302,0
3136,298,303,0
3137,298,304,0
3138,298,305,0
3139,298,2696,0
3140,298,4459,0
3141,298,3589,0
3142,299,300,0
3143,299,301,0
3144,299,302,0
3145,299,303,0
3146,299,304,0
3147,299,305,0
3148,299,306,0
3149,299,4197,0
3150,299,2226,0
3151,299,2733,0
3152,299,1132,0
3153,300,301,0
3154,300,302,0
3155,300,303,0
3156,300,304,0
3157,300,305,0
3158,300,306,0
3159,300,308,0
3160,300,4550,0
3161,300,3934,0
3162,300,1539,0
3163,300,4933,0
3164,301,302,0
3165,301,303,0
3166,301,304,0
3167,301,305,0
3168,301,306,0
3169,301,307,0
3170,301,308,0
3171,301,309,0
3172,301,627,0
3173,301,4308,0
3174,301,2817,0
3175,302,303,0
3176,302,304,0
3177,302,305,0
3178,302,307,0
3179,302,308,0
3180,302,309,0
3181,302,310,0
3182,302,638,0
3183,302,2218,0
3184,302,3693,0
3185,302,428,0
3186,303,305,0
3187,303,306,0
3188,303,307,0
3189,303,309,0
3190,303,310,0
3191,303,311,0
3192,303,2621,0
3193,303,4027,0
3194,303,4827,0
3195,303,790,0
3196,303,526,0
3197,304,305,0
3198,304,307,0
3199,304,308,0
3200,304,311,0
3201,304,312,0
3202,304,2727,0
3203,304,643,0
3204,304,3301,0
3205,304,4794,0
3206,305,306,0
3207,305,307,0
3208,305,308,0
3209,305,309,0
3210,305,311,0
3211,305,4955,0
3212,305,4283,0
3213,305,1962,0
3214,306,307,0
3215,306,311,0
3216,306,312,0
3217,306,313,0
3218,306,3202,0
3219,306,3050,0
3220,306,1852,0
3221,306,3673,0
3222,306,1605,0
3223,306,1300,0
3224,307,310,0
3225,307,311,0
3226,307,312,0
3227,307,313,0
3228,307,314,0
3229,307,4761,0
3230,307,4862,0
3231,307,4392,0
3232,307,1012,0
3233,308,310,0
3234,308,311,0
3235,308,315,0
3236,308,4729,0
3237,308,3568,0
3238,308,4157,0
3239,308,1637,0
3240,308,3651,0
3241,308,1307,0
3242,308,488,0
3243,308,2370,0
3244,308,2834,0
3245,309,310,0
3246,309,311,0
3247,309,312,0
3248,309,313,0
3249,309,314,0
3250,309,315,0
3251,309,316,0
3252,309,317,0
3253,309,999,0
3254,310,312,0
3255,310,313,0
3256,310,314,0
3257,310,315,0
3258,310,316,0
3259,310,317,0
3260,310,318,0
3261,310,4552,0
3262,310,2987,0
3263,310,1985,0
3264,310,3283,0
3265,310,906,0
3266,311,312,0
3267,311,313,0
3268,311,316,0
3269,311,317,0
3270,311,319,0
3271,311,2534,0
3272,311,2040,0
3273,311,3718,0
3274,311,2356,0
3275,312,313,0
3276,312,314,0
3277,312,315,0
3278,312,317,0
3279,312,318,0
3280,312,319,0
3281,312,320,0
3282,312,1031,0
3283,312,2310,0
3284,313,314,0
3285,313,317,0
3286,313,319,0
3287,313,320,0
3288,313,321,0
3289,313,410,0
3290,313,1093,0
3291,313,1081,0
3292,313,1461,0
3293,313,2571,0
3294,313,2931,0
3295,314,315,0
3296,314,316,0
3297,314,317,0
3298,314,320,0
3299,314,321,0
3300,314,322,0
3301,314,1582,0
3302,314,4061,0
3303,314,2914,0
3304,315,316,0
3305,315,317,0
3306,315,318,0
3307,315,319,0
3308,315,320,0
3309,315,321,0
3310,315,322,0
3311,315,323,0
3312,315,3919,0
3313,316,317,0
3314,316,319,0
3315,316,320,0
3316,316,321,0
3317,316,322,0
3318,316,2821,0
3319,316,1543,0
3320,316,4247,0
3321,316,4083,0
3322,316,2889,0
3323,316,470,0
3324,316,4365,0
3325,317,318,0
3326,317,320,0
3327,317,321,0
3328,317,322,0
3329,317,323,0
3330,317,324,0
3331,317,325,0
3332,317,1334,0
3333,317,4525,0
3334,317,3834,0
3335,317,2054,0
3336,318,319,0
3337,318,320,0
3338,318,321,0
3339,318,322,0
3340,318,325,0
3341,318,326,0
3342,318,3120,0
3343,318,748,0
3344,318,1476,0
3345,319,320,0
3346,319,321,0
3347,319,324,0
3348,319,326,0
3349,319,327,0
3350,319,1183,0
3351,319,468,0
3352,319,1012,0
3353,319,717,0
3354,319,3192,0
3355,319,4156,0
3356,319,2416,0
3357,320,321,0
3358,320,322,0
3359,320,323,0
3360,320,324,0
3361,320,325,0
3362,320,327,0
3363,320,328,0
3364,320,404,0
3365,320,1406,0
3366,320,341,0
3367,320,1068,0
3368,321,322,0
3369,321,323,0
3370,321,324,0
3371,321,328,0
3372,321,329,0
3373,321,696,0
3374,321,4470,0
3375,321,432,0
3376,321,1419,0
3377,321,803,0
3378,321,4706,0
3379,321,2815,0
3380,322,323,0
3381,322,324,0
3382,322,326,0
3383,322,327,0
3384,322,329,0
3385,322,330,0
3386,322,948,0
3387,322,2572,0
3388,322,2002,0
3389,322,4033,0
3390,322,965,0
3391,323,324,0
3392,323,328,0
3393,323,330,0
3394,323,331,0
3395,323,3905,0
3396,323,4546,0
3397,323,2981,0
3398,323,1514,0
3399,323,2032,0
3400,323,659,0
3401,324,325,0
3402,324,326,0
3403,324,327,0
3404,324,329,0
3405,324,330,0
3406,324,331,0
3407,324,332,0
3408,324,2960,0
3409,324,4533,0
3410,324,3370,0
3411,325,326,0
3412,325,329,0
3413,325,332,0
3414,325,333,0
3415,325,3143,0
3416,325,4985,0
3417,325,3084,0
3418,325,3490,0
3419,325,1174,0
3420,326,327,0
3421,326,328,0
3422,326,333,0
3423,326,1785,0
3424,326,3944,0
3425,326,4468,0
3426,326,3959,0
3427,326,2261,0
3428,326,2780,0
3429,326,4845,0
3430,327,328,0
3431,327,329,0
3432,327,330,0
3433,327,331,0
3434,327,333,0
3435,327,334,0
3436,327,1095,0
3437,327,583,0
3438,327,3463,0
3439,327,1688,0
3440,327,523,0
3441,328,329,0
3442,328,331,0
3443,328,332,0
3444,328,333,0
3445,328,336,0
3446,328,4728,0
3447,328,2053,0
3448,328,912,0
3449,328,1693,0
3450,329,330,0
3451,329,331,0
3452,329,333,0
3453,329,334,0
3454,329,335,0
3455,329,336,0
3456,329,337,0
3457,329,3972,0
3458,329,1426,0
3459,329,539,0
3460,329,3634,0
3461,330,331,0
3462,330,332,0
3463,330,333,0
3464,330,334,0
3465,330,335,0
3466,330,337,0
3467,330,3844,0
3468,330,1434,0
3469,330,3592,0
3470,331,332,0
3471,331,333,0
3472,331,334,0
3473,331,335,0
3474,331,336,0
3475,331,337,0
3476,331,4720,0
3477,331,1356,0
3478,331,4025,0
3479,332,333,0
3480,332,336,0
3481,332,337,0
3482,332,338,0
3483,332,339,0
3484,332,3001,0
3485,332,3657,0
3486,332,3338,0
3487,332,4110,0
3488,333,334,0
3489,333,335,0
3490,333,337,0
3491,333,339,0
3492,333,340,0
3493,333,341,0
3494,333,653,0
3495,333,486,0
3496,333,3785,0
3497,333,3489,0
3498,333,2335,0
3499,333,4775,0
3500,333,3745,0
3501,334,338,0
3502,334,339,0
3503,334,342,0
3504,334,4209,0
3505,334,909,0
3506,334,4674,0
3507,334,2917,0
3508,334,3404,0
3509,334,2562,0
3510,334,3864,0
3511,334,4649,0
3512,334,1989,0
3513,334,337,0
3514,335,337,0
3515,335,339,0
3516,335,340,0
3517,335,341,0
3518,335,342,0
3519,335,343,0
3520,335,4362,0
3521,335,1027,0
3522,335,4277,0
3523,335,4601,0
3524,335,866,0
3525,336,338,0
3526,336,339,0
3527,336,341,0
3528,336,342,0
3529,336,344,0
3530,336,4507,0
3531,336,1239,0
3532,336,4320,0
3533,336,1529,0
3534,336,3300,0
3535,337,339,0
3536,337,340,0
3537,337,342,0
3538,337,344,0
3539,337,1787,0
3540,337,1131,0
3541,337,4307,0
3542,337,4607,0
3543,337,801,0
3544,337,2017,0
3545,337,3153,0
3546,338,340,0
3547,338,341,0
3548,338,342,0
3549,338,343,0
3550,338,346,0
3551,338,1975,0
3552,338,2485,0
3553,338,4034,0
3554,338,2076,0
3555,338,3286,0
3556,339,340,0
3557,339,341,0
3558,339,342,0
3559,339,343,0
3560,339,344,0
3561,339,345,0
3562,339,346,0
3563,339,347,0
3564,339,4812,0
3565,339,2888,0
3566,340,343,0
3567,340,344,0
3568,340,345,0
3569,340,346,0
3570,340,347,0
3571,340,348,0
3572,340,2226,0
3573,340,2980,0
3574,340,1025,0
3575,340,4843,0
3576,341,343,0
3577,341,344,0
3578,341,345,0
3579,341,348,0
3580,341,349,0
3581,341,394,0
3582,341,738,0
3583,341,4149,0
3584,341,2248,0
3585,341,4868,0
3586,342,343,0
3587,342,345,0
3588,342,346,0
3589,342,347,0
3590,342,348,0
3591,342,349,0
3592,342,350,0
3593,342,4532,0
3594,342,3005,0
3595,342,3332,0
3596,342,2402,0
3597,343,344,0
3598,343,346,0
3599,343,347,0
3600,343,351,0
3601,343,842,0
3602,343,3274,0
3603,343,3635,0
3604,343,4824,0
3605,344,345,0
3606,344,346,0
3607,344,347,0
3608,344,348,0
3609,344,349,0
3610,344,350,0
3611,344,351,0
3612,344,352,0
3613,344,3429,0
3614,344,4864,0
3615,345,347,0
3616,345,352,0
3617,345,353,0
3618,345,2351,0
3619,345,1113,0
3620,345,4439,0
3621,345,2408,0
3622,345,2369,0
3623,345,3915,0
3624,345,3494,0
3625,346,347,0
3626,346,348,0
3627,346,349,0
3628,346,350,0
3629,346,351,0
3630,346,353,0
3631,346,354,0
3632,346,677,0
3633,346,3913,0
3634,346,839,0
3635,346,4504,0
3636,346,2683,0
3637,347,349,0
3638,347,351,0
3639,347,353,0
3640,347,355,0
3641,347,4306,0
3642,347,1218,0
3643,347,1041,0
3644,347,2212,0
3645,347,4772,0
3646,347,2617,0
3647,348,350,0
3648,348,351,0
3649,348,354,0
3650,348,355,0
3651,348,356,0
3652,348,4238,0
3653,348,949,0
3654,348,1116,0
3655,348,647,0
3656,348,1613,0
3657,349,352,0
3658,349,354,0
3659,349,356,0
3660,349,357,0
3661,349,3467,0
3662,349,2270,0
3663,349,633,0
3664,349,1629,0
3665,349,4678,0
3666,349,4347,0
3667,349,889,0
3668,350,355,0
3669,350,356,0
3670,350,358,0
3671,350,3295,0
3672,350,622,0
3673,350,1500,0
3674,350,393,0
3675,350,2831,0
3676,350,353,0
3677,351,353,0
3678,351,354,0
3679,351,358,0
3680,351,359,0
3681,351,3678,0
3682,351,2340,0
3683,351,3447,0
3684,351,3554,0
3685,351,2970,0
3686,351,1088,0
3687,351,4587,0
3688,352,354,0
3689,352,355,0
3690,352,356,0
3691,352,357,0
3692,352,358,0
3693,352,879,0
3694,352,3929,0
3695,352,4144,0
3696,352,3437,0
3697,353,354,0
3698,353,355,0
3699,353,356,0
3700,353,358,0
3701,353,359,0
3702,353,360,0
3703,353,4294,0
3704,353,2671,0
3705,353,1319,0
3706,353,3239,0
3707,353,3163,0
3708,354,355,0
3709,354,357,0
3710,354,358,0
3711,354,359,0
3712,354,360,0
3713,354,361,0
3714,354,362,0
3715,354,3900,0
3716,354,4969,0
3717,354,877,0
3718,354,4691,0
3719,355,356,0
3720,355,357,0
3721,355,358,0
3722,355,359,0
3723,355,360,0
3724,355,361,0
3725,355,363,0
3726,355,714,0
3727,355,3923,0
3728,355,1631,0
3729,355,857,0
3730,355,3357,0
3731,356,357,0
3732,356,358,0
3733,356,360,0
3734,356,361,0
3735,356,363,0
3736,356,3609,0
3737,356,2705,0
3738,356,896,0
3739,356,1490,0
3740,356,381,0
3741,356,869,0
3742,356,2754,0
3743,357,359,0
3744,357,360,0
3745,357,361,0
3746,357,362,0
3747,357,364,0
3748,357,365,0
3749,357,4286,0
3750,357,1950,0
3751,357,2649,0
3752,357,3161,0
3753,357,2087,0
3754,357,686,0
3755,358,360,0
3756,358,362,0
3757,358,364,0
3758,358,365,0
3759,358,4008,0
3760,358,4345,0
3761,358,1329,0
3762,358,1746,0
3763,358,3669,0
3764,358,4817,0
3765,359,360,0
3766,359,361,0
3767,359,362,0
3768,359,363,0
3769,359,366,0
3770,359,367,0
3771,359,4306,0
3772,359,3552,0
3773,360,361,0
3774,360,362,0
3775,360,363,0
3776,360,365,0
3777,360,366,0
3778,360,368,0
3779,360,2704,0
3780,360,4791,0
3781,360,1219,0
3782,360,4601,0
3783,361,363,0
3784,361,364,0
3785,361,366,0
3786,361,367,0
3787,361,369,0
3788,361,2372,0
3789,361,3732,0
3790,361,1067,0
3791,361,2064,0
3792,361,2436,0
3793,361,1689,0
3794,362,363,0
3795,362,366,0
3796,362,4366,0
3797,362,4165,0
3798,362,2829,0
3799,362,1678,0
3800,362,2529,0
3801,362,4247,0
3802,362,2344,0
3803,363,365,0
3804,363,366,0
3805,363,368,0
3806,363,370,0
3807,363,371,0
3808,363,1973,0
3809,363,1412,0
3810,363,1156,0
3811,363,782,0
3812,363,1474,0
3813,363,2492,0
3814,364,367,0
3815,364,369,0
3816,364,370,0
3817,364,372,0
3818,364,3370,0
3819,364,3302,0
3820,364,3216,0
3821,364,1778,0
3822,364,4377,0
3823,364,3940,0
3824,364,381,0
3825,365,366,0
3826,365,367,0
3827,365,371,0
3828,365,372,0
3829,365,373,0
3830,365,1677,0
3831,365,2802,0
3832,365,2457,0
3833,365,3769,0
3834,365,2741,0
3835,365,4510,0
3836,366,367,0
3837,366,368,0
3838,366,370,0
3839,366,2434,0
3840,366,4482,0
3841,366,4489,0
3842,366,998,0
3843,366,4257,0
3844,366,588,0
3845,366,1868,0
3846,366,3216,0
3847,366,3048,0
3848,366,3545,0
3849,366,2002,0
3850,367,368,0
3851,367,370,0
3852,367,371,0
3853,367,372,0
3854,367,374,0
3855,367,375,0
3856,367,2864,0
3857,367,3786,0
3858,367,2245,0
3859,368,370,0
3860,368,371,0
3861,368,372,0
3862,368,373,0
3863,368,374,0
3864,368,376,0
3865,368,2907,0
3866,368,618,0
3867,368,2844,0
3868,368,632,0
3869,368,2408,0
3870,368,1501,0
3871,368,3192,0
3872,368,4300,0
3873,368,4162,0
3874,369,374,0
3875,369,375,0
3876,369,3944,0
3877,369,586,0
3878,369,4074,0
3879,369,4593,0
3880,369,1947,0
3881,369,3321,0
3882,369,4962,0
3883,369,4844,0
3884,370,371,0
3885,370,372,0
3886,370,374,0
3887,370,375,0
3888,370,376,0
3889,370,378,0
3890,370,3169,0
3891,370,4955,0
3892,370,2240,0
3893,370,2942,0
3894,371,372,0
3895,371,376,0
3896,371,377,0
3897,371,378,0
3898,371,687,0
3899,371,631,0
3900,371,4742,0
3901,371,3243,0
3902,372,373,0
3903,372,374,0
3904,372,375,0
3905,372,377,0
3906,372,378,0
3907,372,380,0
3908,372,4949,0
3909,372,3359,0
3910,372,1444,0
3911,372,3852,0
3912,373,374,0
3913,373,375,0
3914,373,377,0
3915,373,378,0
3916,373,379,0
3917,373,380,0
3918,373,381,0
3919,373,3774,0
3920,373,4631,0
3921,373,1249,0
3922,373,4660,0
3923,374,377,0
3924,374,380,0
3925,374,381,0
3926,374,382,0
3927,374,3104,0
3928,374,780,0
3929,374,1411,0
3930,374,1338,0
3931,374,616,0
3932,374,769,0
3933,374,4205,0
3934,375,376,0
3935,375,378,0
3936,375,380,0
3937,375,381,0
3938,375,382,0
3939,375,383,0
3940,375,2800,0
3941,375,3688,0
3942,376,377,0
3943,376,378,0
3944,376,380,0
3945,376,381,0
3946,376,382,0
3947,376,383,0
3948,376,384,0
3949,376,2767,0
3950,376,3714,0
3951,377,378,0
3952,377,379,0
3953,377,380,0
3954,377,381,0
3955,377,383,0
3956,377,385,0
3957,377,719,0
3958,377,1876,0
3959,377,4072,0
3960,377,1304,0
3961,378,379,0
3962,378,380,0
3963,378,381,0
3964,378,383,0
3965,378,384,0
3966,378,385,0
3967,378,386,0
3968,378,2650,0
3969,378,788,0
3970,378,3874,0
3971,378,1492,0
3972,379,381,0
3973,379,382,0
3974,379,383,0
3975,379,384,0
3976,379,385,0
3977,379,387,0
3978,379,1404,0
3979,379,421,0
3980,379,2139,0
3981,379,1739,0
3982,380,385,0
3983,380,386,0
3984,380,388,0
3985,380,4770,0
3986,380,4084,0
3987,380,1108,0
3988,380,3386,0
3989,380,4100,0
3990,380,1470,0
3991,380,2358,0
3992,380,2817,0
3993,380,4404,0
3994,381,382,0
3995,381,383,0
3996,381,384,0
3997,381,385,0
3998,381,386,0
3999,381,387,0
4000,381,388,0
4001,381,389,0
4002,381,3228,0
4003,381,2564,0
4004,382,383,0
4005,382,384,0
4006,382,385,0
4007,382,386,0
4008,382,388,0
4009,382,390,0
4010,382,4405,0
4011,382,2115,0
4012,382,2312,0
4013,382,1243,0
4014,382,1095,0
4015,383,384,0
4016,383,385,0
4017,383,386,0
4018,383,387,0
4019,383,388,0
4020,383,389,0
4021,383,391,0
4022,383,4894,0
4023,383,1551,0
4024,383,4198,0
4025,383,747,0
4026,383,2505,0
4027,384,385,0
4028,384,387,0
4029,384,388,0
4030,384,390,0
4031,384,391,0
4032,384,1502,0
4033,384,2312,0
4034,384,1841,0
4035,384,1538,0
4036,384,435,0
4037,384,2087,0
4038,385,387,0
4039,385,388,0
4040,385,389,0
4041,385,390,0
4042,385,391,0
4043,385,392,0
4044,385,393,0
4045,385,686,0
4046,385,475,0
4047,385,3960,0
4048,385,810,0
4049,386,387,0
4050,386,388,0
4051,386,389,0
4052,386,390,0
4053,386,391,0
4054,386,392,0
4055,386,393,0
4056,386,394,0
4057,386,3812,0
4058,386,4528,0
4059,387,388,0
4060,387,389,0
4061,387,390,0
4062,387,391,0
4063,387,392,0
4064,387,393,0
4065,387,395,0
4066,387,4950,0
4067,388,390,0
4068,388,392,0
4069,388,393,0
4070,388,394,0
4071,388,395,0
4072,388,396,0
4073,388,414,0
4074,388,3808,0
4075,388,692,0
4076,389,390,0
4077,389,391,0
4078,389,392,0
4079,389,394,0
4080,389,2621,0
4081,389,4548,0
4082,389,2967,0
4083,389,1195,0
4084,390,391,0
4085,390,392,0
4086,390,393,0
4087,390,396,0
4088,390,397,0
4089,390,398,0
4090,390,544,0
4091,390,4092,0
4092,390,3170,0
4093,390,1223,0
4094,390,3840,0
4095,391,392,0
4096,391,393,0
4097,391,395,0
4098,391,396,0
4099,391,397,0
4100,391,399,0
4101,391,2379,0
4102,391,1473,0
4103,391,4308,0
4104,391,3252,0
4105,392,393,0
4106,392,394,0
4107,392,395,0
4108,392,396,0
4109,392,397,0
4110,392,398,0
4111,392,399,0
4112,392,400,0
4113,392,2082,0
4114,392,4935,0
4115,393,395,0
4116,393,397,0
4117,393,398,0
4118,393,399,0
4119,393,400,0
4120,393,401,0
4121,393,3752,0
4122,393,1088,0
4123,393,1810,0
4124,393,2152,0
4125,394,395,0
4126,394,396,0
4127,394,397,0
4128,394,399,0
4129,394,400,0
4130,394,401,0
4131,394,402,0
4132,394,4226,0
4133,394,957,0
4134,395,396,0
4135,395,397,0
4136,395,398,0
4137,395,401,0
4138,395,402,0
4139,395,403,0
4140,395,1112,0
4141,395,510,0
4142,395,1470,0
4143,395,1189,0
4144,395,1900,0
4145,396,397,0
4146,396,399,0
4147,396,400,0
4148,396,402,0
4149,396,403,0
4150,396,4528,0
4151,396,4901,0
4152,396,4773,0
4153,396,3391,0
4154,396,3147,0
4155,397,398,0
4156,397,400,0
4157,397,402,0
4158,397,404,0
4159,397,405,0
4160,397,3441,0
4161,397,2061,0
4162,397,2721,0
4163,397,1469,0
4164,397,4477,0
4165,397,3570,0
4166,398,400,0
4167,398,402,0
4168,398,405,0
4169,398,406,0
4170,398,416,0
4171,398,2205,0
4172,398,438,0
4173,398,1592,0
4174,398,3662,0
4175,398,3909,0
4176,399,400,0
4177,399,402,0
4178,399,403,0
4179,399,404,0
4180,399,405,0
4181,399,406,0
4182,399,407,0
4183,399,2738,0
4184,399,3469,0
4185,399,4218,0
4186,399,3788,0
4187,399,4645,0
4188,400,401,0
4189,400,402,0
4190,400,403,0
4191,400,404,0
4192,400,405,0
4193,400,406,0
4194,400,407,0
4195,400,2836,0
4196,400,1796,0
4197,400,1880,0
4198,400,3159,0
4199,400,2024,0
4200,401,406,0
4201,401,407,0
4202,401,409,0
4203,401,3842,0
4204,401,927,0
4205,401,562,0
4206,401,1684,0
4207,401,3403,0
4208,401,2162,0
4209,401,1418,0
4210,402,403,0
4211,402,404,0
4212,402,405,0
4213,402,406,0
4214,402,407,0
4215,402,408,0
4216,402,409,0
4217,402,410,0
4218,403,408,0
4219,403,411,0
4220,403,1257,0
4221,403,1856,0
4222,403,1864,0
4223,403,1441,0
4224,403,3621,0
4225,403,1341,0
4226,403,2620,0
4227,403,2387,0
4228,404,405,0
4229,404,407,0
4230,404,409,0
4231,404,410,0
4232,404,411,0
4233,404,412,0
4234,404,3324,0
4235,404,4670,0
4236,404,3633,0
4237,405,406,0
4238,405,409,0
4239,405,412,0
4240,405,413,0
4241,405,2733,0
4242,405,3045,0
4243,405,1841,0
4244,405,4851,0
4245,405,787,0
4246,406,407,0
4247,406,409,0
4248,406,410,0
4249,406,411,0
4250,406,414,0
4251,406,1244,0
4252,406,4794,0
4253,406,2229,0
4254,406,870,0
4255,407,409,0
4256,407,410,0
4257,407,412,0
4258,407,414,0
4259,407,415,0
4260,407,999,0
4261,407,2240,0
4262,407,1352,0
4263,408,409,0
4264,408,410,0
4265,408,414,0
4266,408,416,0
4267,408,4149,0
4268,408,4057,0
4269,408,3995,0
4270,408,1988,0
4271,409,411,0
4272,409,412,0
4273,409,413,0
4274,409,415,0
4275,409,416,0
4276,409,417,0
4277,409,523,0
4278,409,1821,0
4279,409,4446,0
4280,409,4707,0
4281,410,413,0
4282,410,414,0
4283,410,415,0
4284,410,416,0
4285,410,417,0
4286,410,418,0
4287,410,3721,0
4288,410,4800,0
4289,410,1631,0
4290,411,412,0
4291,411,413,0
4292,411,415,0
4293,411,416,0
4294,411,418,0
4295,411,419,0
4296,411,2276,0
4297,411,3154,0
4298,411,4289,0
4299,411,1067,0
4300,411,4570,0
4301,411,1776,0
4302,412,413,0
4303,412,414,0
4304,412,415,0
4305,412,417,0
4306,412,418,0
4307,412,420,0
4308,412,1755,0
4309,412,805,0
4310,412,4674,0
4311,412,1979,0
4312,413,414,0
4313,413,416,0
4314,413,417,0
4315,413,418,0
4316,413,419,0
4317,413,421,0
4318,413,4638,0
4319,413,1986,0
4320,413,4464,0
4321,413,546,0
4322,414,416,0
4323,414,417,0
4324,414,418,0
4325,414,419,0
4326,414,422,0
4327,414,3602,0
4328,414,4814,0
4329,414,1968,0
4330,414,2514,0
4331,414,3089,0
4332,414,4034,0
4333,415,416,0
4334,415,418,0
4335,415,419,0
4336,415,420,0
4337,415,421,0
4338,415,422,0
4339,415,423,0
4340,415,4962,0
4341,415,771,0
4342,415,1180,0
4343,415,3265,0
4344,415,469,0
4345,415,2513,0
4346,416,417,0
4347,416,418,0
4348,416,419,0
4349,416,420,0
4350,416,421,0
4351,416,422,0
4352,416,423,0
4353,416,424,0
4354,417,418,0
4355,417,419,0
4356,417,420,0
4357,417,422,0
4358,417,423,0
4359,417,424,0
4360,417,425,0
4361,417,4163,0
4362,417,4852,0
4363,418,420,0
4364,418,421,0
4365,418,424,0
4366,418,425,0
4367,418,426,0
4368,418,2252,0
4369,418,4216,0
4370,418,650,0
4371,418,1251,0
4372,418,3112,0
4373,418,2578,0
4374,419,421,0
4375,419,422,0
4376,419,423,0
4377,419,425,0
4378,419,426,0
4379,419,427,0
4380,419,4967,0
4381,419,3445,0
4382,419,2852,0
4383,419,930,0
4384,419,4826,0
4385,420,421,0
4386,420,422,0
4387,420,423,0
4388,420,424,0
4389,420,425,0
4390,420,426,0
4391,420,427,0
4392,420,428,0
4393,421,424,0
4394,421,426,0
4395,421,428,0
4396,421,429,0
4397,421,1259,0
4398,421,3671,0
4399,421,1104,0
4400,422,423,0
4401,422,424,0
4402,422,425,0
4403,422,426,0
4404,422,427,0
4405,422,430,0
4406,422,4128,0
4407,422,4973,0
4408,423,424,0
4409,423,425,0
4410,423,427,0
4411,423,428,0
4412,423,429,0
4413,423,430,0
4414,423,431,0
4415,423,1564,0
4416,423,1403,0
4417,424,425,0
4418,424,426,0
4419,424,427,0
4420,424,428,0
4421,424,429,0
4422,424,431,0
4423,424,3796,0
4424,424,4175,0
4425,424,1616,0
4426,425,428,0
4427,425,430,0
4428,425,431,0
4429,425,433,0
4430,425,2914,0
4431,425,3744,0
4432,425,875,0
4433,425,3108,0
4434,425,2005,0
4435,426,428,0
4436,426,429,0
4437,426,430,0
4438,426,431,0
4439,426,432,0
4440,426,433,0
4441,426,434,0
4442,426,1236,0
4443,426,3955,0
4444,426,875,0
4445,427,428,0
4446,427,430,0
4447,427,431,0
4448,427,433,0
4449,427,434,0
4450,427,435,0
4451,427,2078,0
4452,427,1843,0
4453,428,431,0
4454,428,432,0
4455,428,433,0
4456,428,434,0
4457,428,1544,0
4458,428,2922,0
4459,428,664,0
4460,428,639,0
4461,428,4391,0
4462,429,430,0
4463,429,431,0
4464,429,432,0
4465,429,433,0
4466,429,434,0
4467,429,436,0
4468,429,437,0
4469,429,2246,0
4470,429,2556,0
4471,429,4438,0
4472,429,3976,0
4473,429,4786,0
4474,429,4516,0
4475,429,2924,0
4476,429,2066,0
4477,430,431,0
4478,430,433,0
4479,430,434,0
4480,430,437,0
4481,430,438,0
4482,430,3808,0
4483,430,2389,0
4484,430,3568,0
4485,430,3942,0
4486,430,3976,0
4487,430,1861,0
4488,431,432,0
4489,431,433,0
4490,431,435,0
4491,431,436,0
4492,431,437,0
4493,431,439,0
4494,431,1500,0
4495,431,4643,0
4496,432,435,0
4497,432,436,0
4498,432,437,0
4499,432,438,0
4500,432,4016,0
4501,432,3295,0
4502,432,4219,0
4503,432,3065,0
4504,432,3177,0
4505,432,4041,0
4506,433,434,0
4507,433,435,0
4508,433,436,0
4509,433,437,0
4510,433,438,0
4511,433,439,0
4512,433,441,0
4513,433,2995,0
4514,433,2406,0
4515,433,2085,0
4516,434,435,0
4517,434,436,0
4518,434,437,0
4519,434,438,0
4520,434,439,0
4521,434,440,0
4522,434,441,0
4523,434,442,0
4524,434,1475,0
4525,435,437,0
4526,435,438,0
4527,435,439,0
4528,435,441,0
4529,435,443,0
4530,435,3330,0
4531,435,804,0
4532,435,3837,0
4533,436,438,0
4534,436,439,0
4535,436,442,0
4536,436,443,0
4537,436,444,0
4538,436,1431,0
4539,436,543,0
4540,436,879,0
4541,436,4191,0
4542,436,2734,0
4543,437,440,0
4544,437,441,0
4545,437,443,0
4546,437,444,0
4547,437,4956,0
4548,437,1612,0
4549,437,3398,0
4550,437,3275,0
4551,437,1634,0
4552,437,914,0
4553,438,439,0
4554,438,440,0
4555,438,443,0
4556,438,444,0
4557,438,445,0
4558,438,446,0
4559,438,1270,0
4560,438,802,0
4561,439,440,0
4562,439,441,0
4563,439,442,0
4564,439,443,0
4565,439,444,0
4566,439,445,0
4567,439,446,0
4568,439,447,0
4569,440,441,0
4570,440,444,0
4571,440,445,0
4572,440,446,0
4573,440,447,0
4574,440,448,0
4575,440,2543,0
4576,440,1066,0
4577,440,2495,0
4578,440,580,0
4579,441,442,0
4580,441,444,0
4581,441,445,0
4582,441,446,0
4583,441,447,0
4584,441,448,0
4585,441,449,0
4586,441,1952,0
4587,441,4701,0
4588,441,2322,0
4589,441,1215,0
4590,442,443,0
4591,442,444,0
4592,442,445,0
4593,442,448,0
4594,442,449,0
4595,442,4366,0
4596,442,1995,0
4597,442,1593,0
4598,443,444,0
4599,443,445,0
4600,443,447,0
4601,443,448,0
4602,443,450,0
4603,443,451,0
4604,443,4613,0
4605,443,3141,0
4606,443,3311,0
4607,444,446,0
4608,444,450,0
4609,444,451,0
4610,444,1560,0
4611,444,1748,0
4612,444,510,0
4613,444,2909,0
4614,444,3950,0
4615,445,446,0
4616,445,447,0
4617,445,450,0
4618,445,451,0
4619,445,452,0
4620,445,453,0
4621,445,2502,0
4622,445,2737,0
4623,446,449,0
4624,446,450,0
4625,446,451,0
4626,446,452,0
4627,446,453,0
4628,446,454,0
4629,446,4688,0
4630,446,3436,0
4631,446,1553,0
4632,446,4017,0
4633,447,448,0
4634,447,449,0
4635,447,450,0
4636,447,451,0
4637,447,453,0
4638,447,454,0
4639,447,455,0
4640,447,2973,0
4641,447,1870,0
4642,448,450,0
4643,448,451,0
4644,448,453,0
4645,448,454,0
4646,448,455,0
4647,448,456,0
4648,448,1483,0
4649,448,3186,0
4650,448,4612,0
4651,448,1516,0
4652,448,4553,0
4653,449,450,0
4654,449,452,0
4655,449,453,0
4656,449,454,0
4657,449,455,0
4658,449,456,0
4659,449,457,0
4660,449,3558,0
4661,449,4031,0
4662,449,2629,0
4663,450,451,0
4664,450,452,0
4665,450,453,0
4666,450,456,0
4667,450,457,0
4668,450,458,0
4669,450,1150,0
4670,450,3822,0
4671,450,4740,0
4672,450,3851,0
4673,450,4608,0
4674,450,4678,0
4675,450,1922,0
4676,451,452,0
4677,451,453,0
4678,451,455,0
4679,451,457,0
4680,451,458,0
4681,451,1834,0
4682,451,4953,0
4683,451,4402,0
4684,451,753,0
4685,451,2912,0
4686,451,1155,0
4687,452,453,0
4688,452,454,0
4689,452,456,0
4690,452,458,0
4691,452,459,0
4692,452,460,0
4693,452,611,0
4694,452,2634,0
4695,452,1778,0
4696,453,454,0
4697,453,457,0
4698,453,458,0
4699,453,459,0
4700,453,461,0
4701,453,3265,0
4702,453,1467,0
4703,453,3369,0
4704,453,888,0
4705,454,457,0
4706,454,458,0
4707,454,459,0
4708,454,460,0
4709,454,461,0
4710,454,462,0
4711,454,737,0
4712,454,4032,0
4713,455,456,0
4714,455,457,0
4715,455,458,0
4716,455,459,0
4717,455,460,0
4718,455,461,0
4719,455,462,0
4720,455,3158,0
4721,455,2104,0
4722,455,1103,0
4723,455,3697,0
4724,455,1380,0
4725,456,457,0
4726,456,459,0
4727,456,460,0
4728,456,461,0
4729,456,462,0
4730,456,854,0
4731,456,4530,0
4732,456,2225,0
4733,456,546,0
4734,456,3697,0
4735,456,4476,0
4736,456,4346,0
4737,456,2641,0
4738,457,458,0
4739,457,459,0
4740,457,460,0
4741,457,461,0
4742,457,462,0
4743,457,464,0
4744,457,2757,0
4745,457,4831,0
4746,457,4303,0
4747,457,3485,0
4748,457,4254,0
4749,458,460,0
4750,458,461,0
4751,458,464,0
4752,458,466,0
4753,458,3105,0
4754,458,2726,0
4755,458,1841,0
4756,458,2439,0
4757,459,460,0
4758,459,461,0
4759,459,462,0
4760,459,463,0
4761,459,464,0
4762,459,465,0
4763,459,466,0
4764,459,4420,0
4765,459,1897,0
4766,460,461,0
4767,460,462,0
4768,460,463,0
4769,460,464,0
4770,460,465,0
4771,460,466,0
4772,460,467,0
4773,460,4903,0
4774,460,2732,0
4775,460,3984,0
4776,460,1406,0
4777,460,1427,0
4778,461,462,0
4779,461,463,0
4780,461,465,0
4781,461,466,0
4782,461,468,0
4783,461,469,0
4784,461,4119,0
4785,461,899,0
4786,461,674,0
4787,462,464,0
4788,462,465,0
4789,462,466,0
4790,462,468,0
4791,462,963,0
4792,462,1862,0
4793,462,1822,0
4794,462,702,0
4795,462,2237,0
4796,462,4032,0
4797,462,3882,0
4798,462,4313,0
4799,463,464,0
4800,463,465,0
4801,463,466,0
4802,463,469,0
4803,463,470,0
4804,463,471,0
4805,463,2740,0
4806,463,4104,0
4807,463,4157,0
4808,464,465,0
4809,464,466,0
4810,464,467,0
4811,464,468,0
4812,464,469,0
4813,464,470,0
4814,464,471,0
4815,464,472,0
4816,464,4991,0
4817,465,468,0
4818,465,469,0
4819,465,470,0
4820,465,472,0
4821,465,1044,0
4822,465,1350,0
4823,465,4125,0
4824,465,1942,0
4825,466,467,0
4826,466,468,0
4827,466,469,0
4828,466,470,0
4829,466,472,0
4830,466,473,0
4831,466,3671,0
4832,466,2639,0
4833,466,858,0
4834,466,3428,0
4835,466,1934,0
4836,466,2416,0
4837,467,468,0
4838,467,469,0
4839,467,470,0
4840,467,472,0
4841,467,4002,0
4842,467,4370,0
4843,467,4796,0
4844,467,2711,0
4845,467,4617,0
4846,467,3606,0
4847,467,4977,0
4848,467,3562,0
4849,468,470,0
4850,468,472,0
4851,468,474,0
4852,468,475,0
4853,468,1501,0
4854,468,4015,0
4855,468,3499,0
4856,468,4692,0
4857,469,470,0
4858,469,472,0
4859,469,474,0
4860,469,475,0
4861,469,477,0
4862,469,2507,0
4863,469,3053,0
4864,469,3664,0
4865,469,1179,0
4866,469,508,0
4867,469,3580,0
4868,470,471,0
4869,470,472,0
4870,470,474,0
4871,470,475,0
4872,470,476,0
4873,470,477,0
4874,470,478,0
4875,470,3550,0
4876,470,3606,0
4877,471,472,0
4878,471,473,0
4879,471,474,0
4880,471,475,0
4881,471,476,0
4882,471,477,0
4883,471,479,0
4884,471,4025,0
4885,471,576,0
4886,471,4922,0
4887,471,737,0
4888,472,476,0
4889,472,477,0
4890,472,478,0
4891,472,480,0
4892,472,4594,0
4893,472,4514,0
4894,472,1667,0
4895,472,2130,0
4896,472,1155,0
4897,473,474,0
4898,473,475,0
4899,473,476,0
4900,473,477,0
4901,473,479,0
4902,473,480,0
4903,473,2129,0
4904,473,1263,0
4905,473,3524,0
4906,474,476,0
4907,474,477,0
4908,474,478,0
4909,474,479,0
4910,474,1841,0
4911,474,1566,0
4912,474,850,0
4913,474,4289,0
4914,474,2384,0
4915,474,1488,0
4916,474,4697,0
4917,475,476,0
4918,475,477,0
4919,475,478,0
4920,475,480,0
4921,475,482,0
4922,475,2165,0
4923,475,1528,0
4924,475,4456,0
4925,476,477,0
4926,476,479,0
4927,476,480,0
4928,476,482,0
4929,476,483,0
4930,476,2514,0
4931,476,3936,0
4932,476,2019,0
4933,476,1169,0
4934,476,1049,0
4935,476,877,0
4936,477,479,0
4937,477,481,0
4938,477,482,0
4939,477,484,0
4940,477,485,0
4941,477,4916,0
4942,477,3752,0
4943,478,480,0
4944,478,482,0
4945,478,483,0
4946,478,484,0
4947,478,485,0
4948,478,486,0
4949,478,2409,0
4950,478,3190,0
4951,478,4004,0
4952,478,4426,0
4953,478,1307,0
4954,479,480,0
4955,479,481,0
4956,479,482,0
4957,479,483,0
4958,479,484,0
4959,479,485,0
4960,479,486,0
4961,479,487,0
4962,479,1020,0
4963,479,1276,0
4964,480,481,0
4965,480,482,0
4966,480,483,0
4967,480,486,0
4968,480,487,0
4969,480,488,0
4970,480,4239,0
4971,480,4686,0
4972,481,482,0
4973,481,484,0
4974,481,485,0
4975,481,486,0
4976,481,487,0
4977,481,488,0
4978,481,489,0
4979,481,3244,0
4980,481,4710,0
4981,481,4181,0
4982,481,4787,0
4983,481,2221,0
4984,482,484,0
4985,482,485,0
4986,482,486,0
4987,482,487,0
4988,482,489,0
4989,482,1277,0
4990,482,2552,0
4991,482,1697,0
4992,482,822,0
4993,483,484,0
4994,483,485,0
4995,483,486,0
4996,483,487,0
4997,483,488,0
4998,483,489,0
4999,483,490,0
5000,483,491,0
5001,484,486,0
5002,484,487,0
5003,484,488,0
5004,484,490,0
5005,484,491,0
5006,484,492,0
5007,484,2392,0
5008,484,856,0
5009,484,3660,0
5010,485,486,0
5011,485,487,0
5012,485,488,0
5013,485,489,0
5014,485,490,0
5015,485,491,0
5016,485,492,0
5017,485,493,0
5018,485,2354,0
5019,485,1867,0
5020,485,2707,0
5021,485,3701,0
5022,486,487,0
5023,486,488,0
5024,486,490,0
5025,486,491,0
5026,486,492,0
5027,486,493,0
5028,486,1818,0
5029,486,2202,0
5030,486,1066,0
5031,487,489,0
5032,487,490,0
5033,487,492,0
5034,487,494,0
5035,487,495,0
5036,487,2891,0
5037,487,4159,0
5038,487,4830,0
5039,487,2843,0
5040,488,489,0
5041,488,490,0
5042,488,491,0
5043,488,492,0
5044,488,493,0
5045,488,494,0
5046,488,495,0
5047,488,496,0
5048,488,2783,0
5049,488,3118,0
5050,488,2808,0
5051,489,490,0
5052,489,491,0
5053,489,492,0
5054,489,493,0
5055,489,494,0
5056,489,496,0
5057,489,497,0
5058,489,689,0
5059,489,1276,0
5060,489,3996,0
5061,490,491,0
5062,490,492,0
5063,490,496,0
5064,490,497,0
5065,490,1567,0
5066,490,2892,0
5067,490,1733,0
5068,490,4756,0
5069,490,1190,0
5070,490,1372,0
5071,490,2127,0
5072,491,492,0
5073,491,493,0
5074,491,494,0
5075,491,495,0
5076,491,497,0
5077,491,498,0
5078,491,1245,0
5079,491,3178,0
5080,491,4935,0
5081,492,493,0
5082,492,494,0
5083,492,495,0
5084,492,496,0
5085,492,499,0
5086,492,1554,0
5087,492,3684,0
5088,492,3467,0
5089,492,4198,0
5090,492,3507,0
5091,493,494,0
5092,493,496,0
5093,493,499,0
5094,493,500,0
5095,493,501,0
5096,493,706,0
5097,493,4836,0
5098,493,4738,0
5099,493,2938,0
5100,494,495,0
5101,494,496,0
5102,494,497,0
5103,494,498,0
5104,494,501,0
5105,494,502,0
5106,494,2903,0
5107,494,4904,0
5108,494,1706,0
5109,495,496,0
5110,495,498,0
5111,495,499,0
5112,495,501,0
5113,495,502,0
5114,495,503,0
5115,495,4655,0
5116,495,2716,0
5117,495,3470,0
5118,495,3680,0
5119,495,873,0
5120,496,497,0
5121,496,498,0
5122,496,499,0
5123,496,500,0
5124,496,501,0
5125,496,502,0
5126,496,503,0
5127,496,504,0
5128,496,4285,0
5129,496,1132,0
5130,496,3812,0
5131,497,498,0
5132,497,501,0
5133,497,503,0
5134,497,505,0
5135,497,3112,0
5136,497,1011,0
5137,497,3550,0
5138,497,3308,0
5139,497,4978,0
5140,497,4957,0
5141,498,500,0
5142,498,501,0
5143,498,502,0
5144,498,503,0
5145,498,504,0
5146,498,505,0
5147,498,2874,0
5148,498,2597,0
5149,498,2044,0
5150,498,1202,0
5151,498,2250,0
5152,499,501,0
5153,499,502,0
5154,499,504,0
5155,499,505,0
5156,499,507,0
5157,499,684,0
5158,499,4428,0
5159,499,1230,0
5160,499,2735,0
5161,499,4207,0
5162,499,1190,0
5163,499,4370,0
5164,500,502,0
5165,500,503,0
5166,500,505,0
5167,500,506,0
5168,500,507,0
5169,500,2335,0
5170,500,3375,0
5171,500,3267,0
5172,500,2420,0
5173,501,502,0
5174,501,503,0
5175,501,504,0
5176,501,505,0
5177,501,508,0
5178,501,509,0
5179,501,3231,0
5180,501,1362,0
5181,502,504,0
5182,502,505,0
5183,502,507,0
5184,502,508,0
5185,502,509,0
5186,502,510,0
5187,502,4243,0
5188,502,2037,0
5189,502,4560,0
5190,503,505,0
5191,503,507,0
5192,503,508,0
5193,503,509,0
5194,503,4092,0
5195,503,1041,0
5196,503,2461,0
5197,503,3224,0
5198,503,2003,0
5199,504,505,0
5200,504,506,0
5201,504,507,0
5202,504,508,0
5203,504,509,0
5204,504,510,0
5205,504,512,0
5206,504,3114,0
5207,504,3499,0
5208,505,506,0
5209,505,507,0
5210,505,508,0
5211,505,509,0
5212,505,510,0
5213,505,511,0
5214,505,512,0
5215,505,513,0
5216,505,860,0
5217,505,3438,0
5218,506,507,0
5219,506,508,0
5220,506,509,0
5221,506,510,0
5222,506,511,0
5223,506,512,0
5224,506,514,0
5225,506,1844,0
5226,506,3991,0
5227,506,4470,0
5228,506,850,0
5229,506,1561,0
5230,507,511,0
5231,507,512,0
5232,507,513,0
5233,507,514,0
5234,507,1863,0
5235,507,1635,0
5236,507,2385,0
5237,507,3671,0
5238,507,4192,0
5239,507,4205,0
5240,507,4837,0
5241,507,4884,0
5242,508,509,0
5243,508,511,0
5244,508,512,0
5245,508,516,0
5246,508,3771,0
5247,508,4928,0
5248,508,840,0
5249,508,2118,0
5250,508,2545,0
5251,509,510,0
5252,509,511,0
5253,509,512,0
5254,509,513,0
5255,509,514,0
5256,509,515,0
5257,509,517,0
5258,509,4754,0
5259,510,512,0
5260,510,514,0
5261,510,516,0
5262,510,997,0
5263,510,1584,0
5264,510,3446,0
5265,510,1343,0
5266,510,4480,0
5267,510,1375,0
5268,510,4208,0
5269,510,2690,0
5270,511,512,0
5271,511,514,0
5272,511,515,0
5273,511,517,0
5274,511,519,0
5275,511,1929,0
5276,511,2359,0
5277,511,3004,0
5278,511,3403,0
5279,511,3232,0
5280,512,513,0
5281,512,515,0
5282,512,516,0
5283,512,517,0
5284,512,518,0
5285,512,3967,0
5286,512,1545,0
5287,512,4851,0
5288,512,2898,0
5289,513,514,0
5290,513,516,0
5291,513,517,0
5292,513,518,0
5293,513,519,0
5294,513,520,0
5295,513,521,0
5296,513,1056,0
5297,513,4070,0
5298,514,515,0
5299,514,519,0
5300,514,521,0
5301,514,522,0
5302,514,4926,0
5303,514,2813,0
5304,514,2776,0
5305,514,3315,0
5306,515,516,0
5307,515,517,0
5308,515,518,0
5309,515,519,0
5310,515,521,0
5311,515,522,0
5312,515,523,0
5313,515,4672,0
5314,515,2440,0
5315,516,517,0
5316,516,518,0
5317,516,519,0
5318,516,520,0
5319,516,523,0
5320,516,524,0
5321,516,2473,0
5322,516,2268,0
5323,516,4562,0
5324,516,4217,0
5325,517,519,0
5326,517,520,0
5327,517,522,0
5328,517,523,0
5329,517,524,0
5330,517,525,0
5331,517,1911,0
5332,517,4720,0
5333,517,2369,0
5334,517,4186,0
5335,517,2206,0
5336,518,519,0
5337,518,520,0
5338,518,521,0
5339,518,522,0
5340,518,523,0
5341,518,524,0
5342,518,526,0
5343,518,4010,0
5344,519,521,0
5345,519,522,0
5346,519,523,0
5347,519,524,0
5348,519,525,0
5349,519,526,0
5350,519,527,0
5351,519,1908,0
5352,519,1094,0
5353,520,521,0
5354,520,524,0
5355,520,525,0
5356,520,527,0
5357,520,528,0
5358,520,1230,0
5359,520,4832,0
5360,520,1899,0
5361,520,3195,0
5362,520,4748,0
5363,520,566,0
5364,521,522,0
5365,521,523,0
5366,521,525,0
5367,521,526,0
5368,521,527,0
5369,521,528,0
5370,521,3026,0
5371,521,3349,0
5372,521,3472,0
5373,522,523,0
5374,522,524,0
5375,522,525,0
5376,522,526,0
5377,522,528,0
5378,522,530,0
5379,522,1891,0
5380,522,3407,0
5381,522,1390,0
5382,522,2368,0
5383,523,524,0
5384,523,525,0
5385,523,526,0
5386,523,528,0
5387,523,529,0
5388,523,531,0
5389,523,568,0
5390,523,1547,0
5391,523,4142,0
5392,524,525,0
5393,524,527,0
5394,524,528,0
5395,524,529,0
5396,524,530,0
5397,524,531,0
5398,524,532,0
5399,524,4368,0
5400,524,3787,0
5401,524,847,0
5402,524,3070,0
5403,524,3911,0
5404,524,3674,0
5405,524,4348,0
5406,525,526,0
5407,525,528,0
5408,525,530,0
5409,525,531,0
5410,525,532,0
5411,525,533,0
5412,525,4026,0
5413,525,4494,0
5414,525,3965,0
5415,525,1588,0
5416,526,529,0
5417,526,530,0
5418,526,532,0
5419,526,533,0
5420,526,1415,0
5421,526,3294,0
5422,526,4305,0
5423,526,3021,0
5424,526,2869,0
5425,526,3342,0
5426,527,528,0
5427,527,532,0
5428,527,533,0
5429,527,534,0
5430,527,535,0
5431,527,2565,0
5432,527,2532,0
5433,527,1154,0
5434,528,529,0
5435,528,530,0
5436,528,531,0
5437,528,534,0
5438,528,535,0
5439,528,4801,0
5440,528,2799,0
5441,528,3985,0
5442,528,1635,0
5443,529,530,0
5444,529,532,0
5445,529,534,0
5446,529,535,0
5447,529,536,0
5448,529,537,0
5449,529,4273,0
5450,529,1702,0
5451,530,531,0
5452,530,533,0
5453,530,534,0
5454,530,535,0
5455,530,536,0
5456,530,4788,0
5457,530,4950,0
5458,530,3000,0
5459,530,2848,0
5460,530,3822,0
5461,530,1944,0
5462,531,533,0
5463,531,534,0
5464,531,535,0
5465,531,537,0
5466,531,538,0
5467,531,2484,0
5468,531,4831,0
5469,532,533,0
5470,532,536,0
5471,532,537,0
5472,532,538,0
5473,532,4056,0
5474,532,607,0
5475,532,2500,0
5476,532,3371,0
5477,532,3723,0
5478,532,1627,0
5479,532,1782,0
5480,533,534,0
5481,533,535,0
5482,533,536,0
5483,533,537,0
5484,533,539,0
5485,533,541,0
5486,533,1564,0
5487,533,3084,0
5488,533,3651,0
5489,534,536,0
5490,534,537,0
5491,534,538,0
5492,534,539,0
5493,534,540,0
5494,534,541,0
5495,534,542,0
5496,534,570,0
5497,534,930,0
5498,534,3098,0
5499,534,4233,0
5500,534,3119,0
5501,534,3985,0
5502,535,537,0
5503,535,538,0
5504,535,539,0
5505,535,541,0
5506,535,542,0
5507,535,543,0
5508,535,3796,0
5509,535,2930,0
5510,535,3809,0
5511,535,1427,0
5512,535,2295,0
5513,536,537,0
5514,536,538,0
5515,536,539,0
5516,536,540,0
5517,536,541,0
5518,536,543,0
5519,536,544,0
5520,536,1768,0
5521,536,3749,0
5522,537,538,0
5523,537,540,0
5524,537,541,0
5525,537,542,0
5526,537,543,0
5527,537,544,0
5528,537,545,0
5529,537,4732,0
5530,537,786,0
5531,538,539,0
5532,538,540,0
5533,538,541,0
5534,538,542,0
5535,538,543,0
5536,538,544,0
5537,538,545,0
5538,538,546,0
5539,538,4465,0
5540,538,4543,0
5541,538,894,0
5542,538,4147,0
5543,539,540,0
5544,539,542,0
5545,539,543,0
5546,539,544,0
5547,539,545,0
5548,539,4362,0
5549,539,2629,0
5550,539,4286,0
5551,540,541,0
5552,540,542,0
5553,540,543,0
5554,540,544,0
5555,540,545,0
5556,540,546,0
5557,540,547,0
5558,540,548,0
5559,540,2181,0
5560,540,2664,0
5561,541,542,0
5562,541,543,0
5563,541,544,0
5564,541,545,0
5565,541,546,0
5566,541,547,0
5567,541,548,0
5568,541,980,0
5569,542,544,0
5570,542,545,0
5571,542,547,0
5572,542,548,0
5573,542,550,0
5574,542,4568,0
5575,542,2426,0
5576,543,544,0
5577,543,545,0
5578,543,547,0
5579,543,548,0
5580,543,551,0
5581,543,1117,0
5582,543,4116,0
5583,543,4837,0
5584,543,1208,0
5585,543,2159,0
5586,543,4112,0
5587,544,547,0
5588,544,549,0
5589,544,2385,0
5590,544,1135,0
5591,544,944,0
5592,544,4442,0
5593,544,2933,0
5594,545,546,0
5595,545,547,0
5596,545,549,0
5597,545,550,0
5598,545,551,0
5599,545,552,0
5600,545,553,0
5601,545,1099,0
5602,545,3365,0
5603,546,548,0
5604,546,549,0
5605,546,551,0
5606,546,552,0
5607,546,553,0
5608,546,554,0
5609,546,4259,0
5610,546,866,0
5611,547,548,0
5612,547,550,0
5613,547,4315,0
5614,547,4254,0
5615,547,2991,0
5616,547,3523,0
5617,547,1424,0
5618,548,550,0
5619,548,552,0
5620,548,555,0
5621,548,556,0
5622,548,4399,0
5623,548,1999,0
5624,548,4684,0
5625,548,4549,0
5626,548,951,0
5627,548,4974,0
5628,549,550,0
5629,549,551,0
5630,549,552,0
5631,549,553,0
5632,549,554,0
5633,549,556,0
5634,549,3889,0
5635,549,672,0
5636,549,2136,0
5637,550,551,0
5638,550,552,0
5639,550,553,0
5640,550,554,0
5641,550,556,0
5642,550,557,0
5643,550,2700,0
5644,551,553,0
5645,551,557,0
5646,551,558,0
5647,551,559,0
5648,551,4830,0
5649,551,4876,0
5650,551,3862,0
5651,551,983,0
5652,551,3266,0
5653,551,4345,0
5654,551,2680,0
5655,552,553,0
5656,552,554,0
5657,552,555,0
5658,552,558,0
5659,552,559,0
5660,552,3288,0
5661,552,715,0
5662,552,4137,0
5663,552,1644,0
5664,552,1319,0
5665,552,3363,0
5666,552,2337,0
5667,552,4814,0
5668,553,554,0
5669,553,555,0
5670,553,556,0
5671,553,558,0
5672,553,559,0
5673,553,561,0
5674,553,4653,0
5675,553,817,0
5676,553,4473,0
5677,553,4082,0
5678,554,556,0
5679,554,557,0
5680,554,558,0
5681,554,559,0
5682,554,561,0
5683,554,4628,0
5684,554,4730,0
5685,554,3642,0
5686,554,1807,0
5687,554,3819,0
5688,554,4285,0
5689,555,557,0
5690,555,558,0
5691,555,560,0
5692,555,561,0
5693,555,562,0
5694,555,563,0
5695,555,4120,0
5696,555,2635,0
5697,556,557,0
5698,556,558,0
5699,556,559,0
5700,556,561,0
5701,556,562,0
5702,556,1009,0
5703,556,875,0
5704,556,2183,0
5705,556,1105,0
5706,557,561,0
5707,557,562,0
5708,557,563,0
5709,557,564,0
5710,557,565,0
5711,557,3015,0
5712,557,2784,0
5713,557,1642,0
5714,557,2197,0
5715,557,1515,0
5716,558,559,0
5717,558,560,0
5718,558,561,0
5719,558,562,0
5720,558,563,0
5721,558,565,0
5722,558,897,0
5723,558,4874,0
5724,558,2999,0
5725,559,561,0
5726,559,562,0
5727,559,566,0
5728,559,567,0
5729,559,3484,0
5730,559,4198,0
5731,559,2438,0
5732,559,4095,0
5733,559,2909,0
5734,559,3069,0
5735,559,2758,0
5736,560,561,0
5737,560,562,0
5738,560,563,0
5739,560,565,0
5740,560,566,0
5741,560,567,0
5742,560,568,0
5743,560,639,0
5744,560,573,0
5745,560,3153,0
5746,560,1746,0
5747,560,3694,0
5748,561,562,0
5749,561,564,0
5750,561,565,0
5751,561,567,0
5752,561,568,0
5753,561,569,0
5754,561,3063,0
5755,561,2763,0
5756,561,3342,0
5757,561,1549,0
5758,562,563,0
5759,562,564,0
5760,562,566,0
5761,562,567,0
5762,562,568,0
5763,562,569,0
5764,562,570,0
5765,562,3215,0
5766,562,4948,0
5767,563,564,0
5768,563,565,0
5769,563,566,0
5770,563,570,0
5771,563,4284,0
5772,563,2523,0
5773,563,2838,0
5774,563,1433,0
5775,563,4273,0
5776,564,567,0
5777,564,568,0
5778,564,569,0
5779,564,570,0
5780,564,3824,0
5781,564,1454,0
5782,564,3776,0
5783,564,2146,0
5784,565,568,0
5785,565,569,0
5786,565,572,0
5787,565,573,0
5788,565,4276,0
5789,565,4169,0
5790,565,2388,0
5791,565,709,0
5792,565,3319,0
5793,565,1781,0
5794,566,567,0
5795,566,568,0
5796,566,569,0
5797,566,570,0
5798,566,571,0
5799,566,572,0
5800,566,2646,0
5801,566,3768,0
5802,566,4381,0
5803,567,568,0
5804,567,570,0
5805,567,571,0
5806,567,572,0
5807,567,573,0
5808,567,575,0
5809,567,2715,0
5810,567,1925,0
5811,567,1332,0
5812,568,569,0
5813,568,570,0
5814,568,572,0
5815,568,573,0
5816,568,574,0
5817,568,575,0
5818,568,2525,0
5819,568,2583,0
5820,569,570,0
5821,569,571,0
5822,569,572,0
5823,569,573,0
5824,569,575,0
5825,569,576,0
5826,569,4145,0
5827,569,1173,0
5828,570,571,0
5829,570,572,0
5830,570,573,0
5831,570,1788,0
5832,570,4153,0
5833,570,4796,0
5834,570,793,0
5835,571,572,0
5836,571,573,0
5837,571,575,0
5838,571,576,0
5839,571,577,0
5840,571,578,0
5841,571,579,0
5842,571,742,0
5843,571,2389,0
5844,571,949,0
5845,571,3819,0
5846,571,1273,0
5847,571,4484,0
5848,572,573,0
5849,572,574,0
5850,572,579,0
5851,572,580,0
5852,572,698,0
5853,572,1658,0
5854,572,4873,0
5855,572,4917,0
5856,572,3294,0
5857,572,889,0
5858,572,4200,0
5859,572,920,0
5860,573,577,0
5861,573,578,0
5862,573,579,0
5863,573,580,0
5864,573,581,0
5865,573,4788,0
5866,573,754,0
5867,573,1156,0
5868,574,575,0
5869,574,576,0
5870,574,577,0
5871,574,578,0
5872,574,579,0
5873,574,580,0
5874,574,581,0
5875,574,582,0
5876,574,1006,0
5877,575,576,0
5878,575,577,0
5879,575,578,0
5880,575,580,0
5881,575,582,0
5882,575,583,0
5883,575,3010,0
5884,575,1873,0
5885,575,997,0
5886,575,2977,0
5887,575,3302,0
5888,576,577,0
5889,576,578,0
5890,576,581,0
5891,576,583,0
5892,576,584,0
5893,576,2145,0
5894,576,993,0
5895,577,578,0
5896,577,580,0
5897,577,581,0
5898,577,582,0
5899,577,583,0
5900,577,753,0
5901,577,4477,0
5902,577,2388,0
5903,577,3149,0
5904,578,579,0
5905,578,580,0
5906,578,583,0
5907,578,585,0
5908,578,2283,0
5909,578,2865,0
5910,578,4814,0
5911,578,3265,0
5912,578,1859,0
5913,578,2010,0
5914,578,3239,0
5915,579,582,0
5916,579,584,0
5917,579,585,0
5918,579,586,0
5919,579,587,0
5920,579,1602,0
5921,579,4507,0
5922,580,581,0
5923,580,583,0
5924,580,584,0
5925,580,586,0
5926,580,587,0
5927,580,3007,0
5928,580,3900,0
5929,580,3602,0
5930,580,4311,0
5931,581,582,0
5932,581,583,0
5933,581,584,0
5934,581,585,0
5935,581,586,0
5936,581,588,0
5937,581,589,0
5938,581,4317,0
5939,581,2882,0
5940,581,985,0
5941,581,3254,0
5942,581,1305,0
5943,582,583,0
5944,582,584,0
5945,582,585,0
5946,582,587,0
5947,582,588,0
5948,582,589,0
5949,582,2369,0
5950,582,2152,0
5951,582,1744,0
5952,582,3213,0
5953,582,4642,0
5954,582,1385,0
5955,583,584,0
5956,583,585,0
5957,583,586,0
5958,583,587,0
5959,583,588,0
5960,583,590,0
5961,583,591,0
5962,583,4037,0
5963,583,4498,0
5964,583,3651,0
5965,583,1646,0
5966,584,585,0
5967,584,587,0
5968,584,589,0
5969,584,590,0
5970,584,591,0
5971,584,3052,0
5972,584,2772,0
5973,584,3887,0
5974,584,2674,0
5975,585,587,0
5976,585,588,0
5977,585,589,0
5978,585,590,0
5979,585,592,0
5980,585,1793,0
5981,585,4696,0
5982,585,4174,0
5983,585,4475,0
5984,586,587,0
5985,586,588,0
5986,586,589,0
5987,586,590,0
5988,586,592,0
5989,586,593,0
5990,586,594,0
5991,586,2658,0
5992,586,4837,0
5993,586,1870,0
5994,587,588,0
5995,587,589,0
5996,587,590,0
5997,587,594,0
5998,587,595,0
5999,587,2148,0
6000,587,2888,0
6001,587,3044,0
6002,587,2902,0
6003,588,590,0
6004,588,591,0
6005,588,592,0
6006,588,596,0
6007,588,2566,0
6008,588,2131,0
6009,588,4739,0
6010,588,2238,0
6011,589,590,0
6012,589,592,0
6013,589,593,0
6014,589,594,0
6015,589,595,0
6016,589,597,0
6017,589,743,0
6018,589,651,0
6019,589,1073,0
6020,589,3178,0
6021,590,592,0
6022,590,593,0
6023,590,594,0
6024,590,3632,0
6025,590,1762,0
6026,590,2826,0
6027,590,2655,0
6028,590,2824,0
6029,590,1095,0
6030,590,1557,0
6031,590,3568,0
6032,590,1441,0
6033,590,4462,0
6034,591,592,0
6035,591,593,0
6036,591,594,0
6037,591,595,0
6038,591,597,0
6039,591,598,0
6040,591,599,0
6041,591,4652,0
6042,591,3661,0
6043,591,4297,0
6044,592,594,0
6045,592,595,0
6046,592,597,0
6047,592,599,0
6048,592,600,0
6049,592,3836,0
6050,592,939,0
6051,592,1145,0
6052,592,4827,0
6053,592,4494,0
6054,592,1396,0
6055,592,2288,0
6056,592,2480,0
6057,593,595,0
6058,593,596,0
6059,593,597,0
6060,593,598,0
6061,593,599,0
6062,593,600,0
6063,593,601,0
6064,593,4105,0
6065,593,2436,0
6066,593,2312,0
6067,593,2831,0
6068,594,595,0
6069,594,597,0
6070,594,598,0
6071,594,600,0
6072,594,601,0
6073,594,602,0
6074,594,1814,0
6075,594,4619,0
6076,594,1464,0
6077,594,3122,0
6078,595,596,0
6079,595,597,0
6080,595,598,0
6081,595,600,0
6082,595,601,0
6083,595,602,0
6084,595,3859,0
6085,595,3515,0
6086,595,4070,0
6087,596,597,0
6088,596,598,0
6089,596,600,0
6090,596,601,0
6091,596,602,0
6092,596,604,0
6093,596,1238,0
6094,596,3782,0
6095,596,2883,0
6096,596,4649,0
6097,596,3075,0
6098,596,3188,0
6099,597,600,0
6100,597,601,0
6101,597,602,0
6102,597,603,0
6103,597,604,0
6104,597,605,0
6105,597,1194,0
6106,597,3258,0
6107,598,600,0
6108,598,601,0
6109,598,602,0
6110,598,603,0
6111,598,604,0
6112,598,606,0
6113,598,4052,0
6114,598,3927,0
6115,598,822,0
6116,598,3095,0
6117,599,601,0
6118,599,602,0
6119,599,604,0
6120,599,605,0
6121,599,606,0
6122,599,607,0
6123,599,1006,0
6124,599,2448,0
6125,599,3378,0
6126,599,881,0
6127,599,2383,0
6128,599,687,0
6129,600,601,0
6130,600,602,0
6131,600,605,0
6132,600,606,0
6133,600,607,0
6134,600,608,0
6135,600,2195,0
6136,600,3224,0
6137,600,3738,0
6138,600,4558,0
6139,600,1898,0
6140,600,4920,0
6141,601,602,0
6142,601,604,0
6143,601,605,0
6144,601,607,0
6145,601,609,0
6146,601,1022,0
6147,601,4914,0
6148,601,724,0
6149,601,1853,0
6150,601,3429,0
6151,601,4942,0
6152,601,1927,0
6153,601,2945,0
6154,602,603,0
6155,602,605,0
6156,602,607,0
6157,602,608,0
6158,602,609,0
6159,602,610,0
6160,602,3503,0
6161,602,4292,0
6162,602,4069,0
6163,602,1914,0
6164,603,604,0
6165,603,605,0
6166,603,607,0
6167,603,608,0
6168,603,609,0
6169,603,610,0
6170,603,611,0
6171,603,4537,0
6172,603,1560,0
6173,604,606,0
6174,604,607,0
6175,604,608,0
6176,604,610,0
6177,604,611,0
6178,604,612,0
6179,604,840,0
6180,604,2595,0
6181,604,2390,0
6182,604,4787,0
6183,605,608,0
6184,605,611,0
6185,605,612,0
6186,605,613,0
6187,605,4272,0
6188,605,2485,0
6189,605,1718,0
6190,605,4774,0
6191,605,4459,0
6192,605,3482,0
6193,605,1321,0
6194,606,607,0
6195,606,608,0
6196,606,611,0
6197,606,612,0
6198,606,613,0
6199,606,614,0
6200,606,4671,0
6201,606,2816,0
6202,606,2186,0
6203,606,2316,0
6204,607,611,0
6205,607,612,0
6206,607,614,0
6207,607,1086,0
6208,607,2100,0
6209,607,1658,0
6210,607,2399,0
6211,608,610,0
6212,608,613,0
6213,608,615,0
6214,608,616,0
6215,608,688,0
6216,608,4759,0
6217,608,3446,0
6218,608,3690,0
6219,608,1810,0
6220,608,639,0
6221,608,3087,0
6222,609,610,0
6223,609,611,0
6224,609,613,0
6225,609,616,0
6226,609,617,0
6227,609,1031,0
6228,609,773,0
6229,609,4485,0
6230,609,947,0
6231,609,899,0
6232,609,4149,0
6233,610,611,0
6234,610,612,0
6235,610,613,0
6236,610,615,0
6237,610,616,0
6238,610,618,0
6239,610,3248,0
6240,610,3143,0
6241,610,1082,0
6242,610,3568,0
6243,611,612,0
6244,611,613,0
6245,611,615,0
6246,611,616,0
6247,611,617,0
6248,611,4762,0
6249,611,1310,0
6250,611,2433,0
6251,611,1127,0
6252,611,2060,0
6253,611,3062,0
6254,611,4696,0
6255,612,614,0
6256,612,615,0
6257,612,616,0
6258,612,617,0
6259,612,618,0
6260,612,619,0
6261,612,620,0
6262,612,3851,0
6263,613,614,0
6264,613,616,0
6265,613,617,0
6266,613,618,0
6267,613,619,0
6268,613,621,0
6269,613,4097,0
6270,613,635,0
6271,614,616,0
6272,614,618,0
6273,614,619,0
6274,614,620,0
6275,614,621,0
6276,614,622,0
6277,614,2608,0
6278,614,4863,0
6279,615,616,0
6280,615,617,0
6281,615,618,0
6282,615,619,0
6283,615,620,0
6284,615,622,0
6285,615,623,0
6286,615,1712,0
6287,615,4068,0
6288,615,3225,0
6289,615,4506,0
6290,615,4781,0
6291,615,4114,0
6292,615,3568,0
6293,616,618,0
6294,616,619,0
6295,616,620,0
6296,616,621,0
6297,616,622,0
6298,616,624,0
6299,616,1950,0
6300,616,2962,0
6301,616,3894,0
6302,616,3779,0
6303,617,619,0
6304,617,620,0
6305,617,621,0
6306,617,623,0
6307,617,624,0
6308,617,3521,0
6309,617,2056,0
6310,617,2047,0
6311,618,620,0
6312,618,623,0
6313,618,625,0
6314,618,626,0
6315,618,4571,0
6316,618,1894,0
6317,618,1647,0
6318,618,1568,0
6319,618,3460,0
6320,618,4769,0
6321,619,620,0
6322,619,621,0
6323,619,623,0
6324,619,624,0
6325,619,626,0
6326,619,1547,0
6327,619,1607,0
6328,619,3901,0
6329,620,623,0
6330,620,625,0
6331,620,628,0
6332,620,4623,0
6333,620,2837,0
6334,620,2257,0
6335,620,4043,0
6336,620,1256,0
6337,620,3180,0
6338,621,622,0
6339,621,624,0
6340,621,626,0
6341,621,627,0
6342,621,628,0
6343,621,4302,0
6344,621,4155,0
6345,621,1034,0
6346,621,1910,0
6347,621,2643,0
6348,622,623,0
6349,622,624,0
6350,622,626,0
6351,622,627,0
6352,622,629,0
6353,622,1038,0
6354,622,2457,0
6355,622,2856,0
6356,623,624,0
6357,623,625,0
6358,623,626,0
6359,623,627,0
6360,623,628,0
6361,623,630,0
6362,623,631,0
6363,623,2497,0
6364,623,2039,0
6365,623,3349,0
6366,624,625,0
6367,624,629,0
6368,624,630,0
6369,624,631,0
6370,624,632,0
6371,624,1758,0
6372,624,904,0
6373,624,1899,0
6374,624,1529,0
6375,624,1569,0
6376,625,628,0
6377,625,629,0
6378,625,631,0
6379,625,632,0
6380,625,633,0
6381,625,1564,0
6382,625,4923,0
6383,625,3824,0
6384,625,4777,0
6385,626,629,0
6386,626,631,0
6387,626,633,0
6388,626,634,0
6389,626,3698,0
6390,626,2679,0
6391,626,960,0
6392,626,1308,0
6393,626,2872,0
6394,627,630,0
6395,627,631,0
6396,627,633,0
6397,627,634,0
6398,627,4047,0
6399,627,3882,0
6400,627,1272,0
6401,628,630,0
6402,628,633,0
6403,628,634,0
6404,628,635,0
6405,628,636,0
6406,628,785,0
6407,628,4526,0
6408,628,3156,0
6409,628,1264,0
6410,628,1767,0
6411,629,630,0
6412,629,632,0
6413,629,635,0
6414,629,636,0
6415,629,3708,0
6416,629,1430,0
6417,629,4852,0
6418,629,4970,0
6419,629,4450,0
6420,629,4028,0
6421,630,631,0
6422,630,632,0
6423,630,633,0
6424,630,634,0
6425,630,635,0
6426,630,636,0
6427,630,637,0
6428,630,638,0
6429,630,904,0
6430,630,2935,0
6431,630,4286,0
6432,630,3343,0
6433,630,809,0
6434,630,2645,0
6435,630,2449,0
6436,630,1903,0
6437,631,632,0
6438,631,633,0
6439,631,634,0
6440,631,636,0
6441,631,637,0
6442,631,638,0
6443,631,639,0
6444,631,3936,0
6445,631,4315,0
6446,631,4944,0
6447,631,4748,0
6448,631,991,0
6449,631,1599,0
6450,632,633,0
6451,632,635,0
6452,632,636,0
6453,632,637,0
6454,632,638,0
6455,632,639,0
6456,632,640,0
6457,632,4774,0
6458,633,635,0
6459,633,637,0
6460,633,638,0
6461,633,639,0
6462,633,641,0
6463,633,4971,0
6464,633,812,0
6465,633,2708,0
6466,633,3505,0
6467,633,4443,0
6468,634,635,0
6469,634,638,0
6470,634,639,0
6471,634,641,0
6472,634,1105,0
6473,634,1443,0
6474,634,2859,0
6475,634,1510,0
6476,634,2756,0
6477,634,2816,0
6478,634,2667,0
6479,634,2837,0
6480,635,638,0
6481,635,639,0
6482,635,640,0
6483,635,641,0
6484,635,642,0
6485,635,2308,0
6486,635,3007,0
6487,635,4971,0
6488,635,4761,0
6489,635,3590,0
6490,636,638,0
6491,636,639,0
6492,636,640,0
6493,636,641,0
6494,636,643,0
6495,636,644,0
6496,636,2351,0
6497,636,3014,0
6498,636,2051,0
6499,637,638,0
6500,637,639,0
6501,637,640,0
6502,637,641,0
6503,637,642,0
6504,637,643,0
6505,637,644,0
6506,637,645,0
6507,637,2690,0
6508,637,1622,0
6509,637,4929,0
6510,638,639,0
6511,638,640,0
6512,638,642,0
6513,638,644,0
6514,638,645,0
6515,638,646,0
6516,638,1012,0
6517,638,2060,0
6518,639,641,0
6519,639,643,0
6520,639,647,0
6521,639,1509,0
6522,639,4654,0
6523,639,4834,0
6524,640,642,0
6525,640,643,0
6526,640,644,0
6527,640,645,0
6528,640,646,0
6529,640,648,0
6530,640,2085,0
6531,640,2850,0
6532,640,1532,0
6533,640,3726,0
6534,640,2723,0
6535,640,4658,0
6536,641,642,0
6537,641,643,0
6538,641,644,0
6539,641,646,0
6540,641,647,0
6541,641,648,0
6542,641,649,0
6543,641,4454,0
6544,641,756,0
6545,642,643,0
6546,642,644,0
6547,642,645,0
6548,642,649,0
6549,642,650,0
6550,642,4219,0
6551,642,3818,0
6552,642,3073,0
6553,642,4369,0
6554,643,644,0
6555,643,646,0
6556,643,648,0
6557,643,649,0
6558,643,651,0
6559,643,2483,0
6560,643,3063,0
6561,643,4160,0
6562,643,4493,0
6563,644,647,0
6564,644,649,0
6565,644,651,0
6566,644,652,0
6567,644,3446,0
6568,644,3493,0
6569,644,4838,0
6570,644,1183,0
6571,644,3602,0
6572,645,646,0
6573,645,648,0
6574,645,649,0
6575,645,650,0
6576,645,651,0
6577,645,2768,0
6578,645,2262,0
6579,645,1822,0
6580,646,647,0
6581,646,648,0
6582,646,649,0
6583,646,652,0
6584,646,653,0
6585,646,1612,0
6586,646,3557,0
6587,647,648,0
6588,647,649,0
6589,647,650,0
6590,647,652,0
6591,647,654,0
6592,647,655,0
6593,647,3026,0
6594,647,1154,0
6595,647,3202,0
6596,647,2212,0
6597,648,649,0
6598,648,651,0
6599,648,652,0
6600,648,653,0
6601,648,654,0
6602,648,655,0
6603,648,656,0
6604,648,942,0
6605,648,4648,0
6606,649,650,0
6607,649,651,0
6608,649,652,0
6609,649,653,0
6610,649,654,0
6611,649,656,0
6612,649,3655,0
6613,649,4190,0
6614,649,2105,0
6615,649,3509,0
6616,650,652,0
6617,650,653,0
6618,650,654,0
6619,650,655,0
6620,650,656,0
6621,650,657,0
6622,650,658,0
6623,650,4831,0
6624,651,652,0
6625,651,654,0
6626,651,655,0
6627,651,656,0
6628,651,2846,0
6629,651,4350,0
6630,651,1042,0
6631,651,3124,0
6632,651,3402,0
6633,652,653,0
6634,652,654,0
6635,652,655,0
6636,652,656,0
6637,652,657,0
6638,652,659,0
6639,652,4357,0
6640,652,3871,0
6641,652,3518,0
6642,652,1248,0
6643,653,654,0
6644,653,655,0
6645,653,656,0
6646,653,657,0
6647,653,658,0
6648,653,659,0
6649,653,660,0
6650,653,661,0
6651,653,3435,0
6652,654,655,0
6653,654,656,0
6654,654,658,0
6655,654,661,0
6656,654,662,0
6657,654,927,0
6658,654,4283,0
6659,654,671,0
6660,654,1250,0
6661,654,1678,0
6662,654,1930,0
6663,655,656,0
6664,655,657,0
6665,655,658,0
6666,655,659,0
6667,655,660,0
6668,655,661,0
6669,655,662,0
6670,655,663,0
6671,655,2287,0
6672,656,657,0
6673,656,658,0
6674,656,661,0
6675,656,662,0
6676,656,663,0
6677,656,982,0
6678,656,4228,0
6679,656,1159,0
6680,657,659,0
6681,657,660,0
6682,657,661,0
6683,657,662,0
6684,657,663,0
6685,657,3758,0
6686,657,3095,0
6687,657,2049,0
6688,657,2955,0
6689,657,3959,0
6690,657,3808,0
6691,658,659,0
6692,658,660,0
6693,658,661,0
6694,658,664,0
6695,658,665,0
6696,658,666,0
6697,658,1762,0
6698,658,2898,0
6699,658,4847,0
6700,658,829,0
6701,659,660,0
6702,659,661,0
6703,659,662,0
6704,659,663,0
6705,659,664,0
6706,659,666,0
6707,659,667,0
6708,659,935,0
6709,659,1850,0
6710,659,3247,0
6711,659,2787,0
6712,659,4336,0
6713,659,1281,0
6714,659,2313,0
6715,660,664,0
6716,660,665,0
6717,660,667,0
6718,660,668,0
6719,660,1106,0
6720,660,2989,0
6721,660,1833,0
6722,660,1318,0
6723,660,2639,0
6724,660,3197,0
6725,661,662,0
6726,661,663,0
6727,661,665,0
6728,661,667,0
6729,661,668,0
6730,661,4650,0
6731,661,1258,0
6732,661,4507,0
6733,661,2204,0
6734,661,1737,0
6735,661,1922,0
6736,662,667,0
6737,662,669,0
6738,662,3328,0
6739,662,1669,0
6740,662,3423,0
6741,662,2489,0
6742,662,4204,0
6743,662,2364,0
6744,662,2219,0
6745,663,664,0
6746,663,665,0
6747,663,668,0
6748,663,669,0
6749,663,670,0
6750,663,671,0
6751,663,2431,0
6752,663,2416,0
6753,663,3629,0
6754,663,1259,0
6755,663,2732,0
6756,664,667,0
6757,664,668,0
6758,664,669,0
6759,664,670,0
6760,664,671,0
6761,664,672,0
6762,664,2888,0
6763,664,1935,0
6764,664,4511,0
6765,664,2811,0
6766,665,666,0
6767,665,669,0
6768,665,670,0
6769,665,672,0
6770,665,673,0
6771,665,3397,0
6772,665,1028,0
6773,665,1466,0
6774,666,667,0
6775,666,668,0
6776,666,669,0
6777,666,670,0
6778,666,671,0
6779,666,1339,0
6780,666,1091,0
6781,666,4655,0
6782,666,3523,0
6783,667,668,0
6784,667,670,0
6785,667,671,0
6786,667,674,0
6787,667,675,0
6788,667,3612,0
6789,667,2585,0
6790,667,3413,0
6791,668,669,0
6792,668,670,0
6793,668,674,0
6794,668,675,0
6795,668,676,0
6796,668,3712,0
6797,668,1037,0
6798,668,1395,0
6799,668,4879,0
6800,668,1989,0
6801,669,670,0
6802,669,671,0
6803,669,672,0
6804,669,673,0
6805,669,676,0
6806,669,1292,0
6807,669,3391,0
6808,669,3519,0
6809,669,3196,0
6810,669,3412,0
6811,670,672,0
6812,670,674,0
6813,670,675,0
6814,670,677,0
6815,670,678,0
6816,670,3118,0
6817,670,2796,0
6818,670,2531,0
6819,670,4610,0
6820,670,3905,0
6821,671,672,0
6822,671,674,0
6823,671,675,0
6824,671,676,0
6825,671,677,0
6826,671,1452,0
6827,671,3114,0
6828,671,4573,0
6829,671,4365,0
6830,671,3382,0
6831,672,673,0
6832,672,676,0
6833,672,677,0
6834,672,678,0
6835,672,679,0
6836,672,680,0
6837,672,713,0
6838,672,3207,0
6839,672,3474,0
6840,672,3211,0
6841,673,675,0
6842,673,676,0
6843,673,677,0
6844,673,678,0
6845,673,679,0
6846,673,680,0
6847,673,3822,0
6848,673,2948,0
6849,673,4472,0
6850,673,2821,0
6851,674,677,0
6852,674,679,0
6853,674,680,0
6854,674,3210,0
6855,674,3982,0
6856,674,1031,0
6857,674,4795,0
6858,674,1316,0
6859,675,677,0
6860,675,678,0
6861,675,680,0
6862,675,681,0
6863,675,682,0
6864,675,683,0
6865,675,3481,0
6866,675,772,0
6867,675,1853,0
6868,675,2245,0
6869,676,677,0
6870,676,680,0
6871,676,681,0
6872,676,682,0
6873,676,684,0
6874,676,2953,0
6875,676,2331,0
6876,676,1039,0
6877,676,1244,0
6878,676,2317,0
6879,677,679,0
6880,677,680,0
6881,677,681,0
6882,677,682,0
6883,677,683,0
6884,677,684,0
6885,677,685,0
6886,677,3972,0
6887,678,680,0
6888,678,681,0
6889,678,683,0
6890,678,684,0
6891,678,685,0
6892,678,686,0
6893,678,2481,0
6894,678,3117,0
6895,678,4128,0
6896,678,4349,0
6897,679,681,0
6898,679,682,0
6899,679,683,0
6900,679,4198,0
6901,679,898,0
6902,679,2975,0
6903,679,1091,0
6904,679,1285,0
6905,680,685,0
6906,680,687,0
6907,680,688,0
6908,680,4465,0
6909,680,3360,0
6910,680,1025,0
6911,680,4972,0
6912,680,1676,0
6913,680,1908,0
6914,680,4884,0
6915,681,682,0
6916,681,683,0
6917,681,684,0
6918,681,685,0
6919,681,686,0
6920,681,687,0
6921,681,688,0
6922,681,689,0
6923,681,1733,0
6924,681,3356,0
6925,682,683,0
6926,682,684,0
6927,682,685,0
6928,682,686,0
6929,682,687,0
6930,682,688,0
6931,682,689,0
6932,682,3509,0
6933,682,3611,0
6934,682,3918,0
6935,683,685,0
6936,683,686,0
6937,683,689,0
6938,683,691,0
6939,683,4179,0
6940,683,1779,0
6941,683,2079,0
6942,683,2708,0
6943,683,1981,0
6944,683,2620,0
6945,683,3568,0
6946,684,685,0
6947,684,686,0
6948,684,687,0
6949,684,688,0
6950,684,690,0
6951,684,692,0
6952,684,4109,0
6953,684,3285,0
6954,684,2944,0
6955,684,1477,0
6956,685,689,0
6957,685,690,0
6958,685,691,0
6959,685,692,0
6960,685,693,0
6961,685,1376,0
6962,685,2764,0
6963,685,1048,0
6964,685,3791,0
6965,685,3761,0
6966,685,1008,0
6967,686,687,0
6968,686,689,0
6969,686,690,0
6970,686,691,0
6971,686,693,0
6972,686,694,0
6973,686,4782,0
6974,686,2230,0
6975,686,2672,0
6976,686,3652,0
6977,686,1898,0
6978,686,1439,0
6979,686,4076,0
6980,687,689,0
6981,687,691,0
6982,687,692,0
6983,687,695,0
6984,687,1586,0
6985,687,3225,0
6986,687,2513,0
6987,687,4044,0
6988,688,689,0
6989,688,690,0
6990,688,691,0
6991,688,692,0
6992,688,694,0
6993,688,695,0
6994,688,696,0
6995,688,4591,0
6996,688,1297,0
6997,688,1563,0
6998,688,3650,0
6999,689,691,0
7000,689,692,0
7001,689,695,0
7002,689,697,0
7003,689,4692,0
7004,689,3428,0
7005,689,823,0
7006,689,4792,0
7007,689,1853,0
7008,689,925,0
7009,689,1048,0
7010,690,696,0
7011,690,698,0
7012,690,2861,0
7013,690,3476,0
7014,690,2469,0
7015,690,4252,0
7016,690,741,0
7017,690,3525,0
7018,691,693,0
7019,691,695,0
7020,691,696,0
7021,691,697,0
7022,691,698,0
7023,691,1330,0
7024,691,1663,0
7025,691,3779,0
7026,691,2496,0
7027,691,3199,0
7028,691,4764,0
7029,691,3563,0
7030,692,693,0
7031,692,694,0
7032,692,695,0
7033,692,698,0
7034,692,699,0
7035,692,2371,0
7036,692,4491,0
7037,692,1749,0
7038,692,2817,0
7039,693,694,0
7040,693,695,0
7041,693,696,0
7042,693,699,0
7043,693,701,0
7044,693,3262,0
7045,693,4718,0
7046,693,1980,0
7047,693,4150,0
7048,693,1825,0
7049,693,2512,0
7050,694,695,0
7051,694,696,0
7052,694,697,0
7053,694,698,0
7054,694,700,0
7055,694,701,0
7056,694,3600,0
7057,694,853,0
7058,694,1192,0
7059,694,3735,0
7060,694,3502,0
7061,695,696,0
7062,695,697,0
7063,695,698,0
7064,695,702,0
7065,695,703,0
7066,695,1719,0
7067,695,4780,0
7068,695,857,0
7069,695,1295,0
7070,695,2318,0
7071,696,700,0
7072,696,702,0
7073,696,703,0
7074,696,3800,0
7075,696,3140,0
7076,696,2396,0
7077,696,1104,0
7078,696,4604,0
7079,696,4009,0
7080,697,698,0
7081,697,699,0
7082,697,703,0
7083,697,704,0
7084,697,866,0
7085,697,4372,0
7086,697,4296,0
7087,698,701,0
7088,698,703,0
7089,698,704,0
7090,698,705,0
7091,698,706,0
7092,698,2065,0
7093,698,2515,0
7094,698,4254,0
7095,698,4192,0
7096,698,4690,0
7097,698,1179,0
7098,698,3784,0
7099,699,700,0
7100,699,701,0
7101,699,702,0
7102,699,703,0
7103,699,704,0
7104,699,705,0
7105,699,706,0
7106,699,707,0
7107,699,3943,0
7108,699,2930,0
7109,699,2101,0
7110,699,4099,0
7111,700,702,0
7112,700,703,0
7113,700,704,0
7114,700,705,0
7115,700,706,0
7116,700,707,0
7117,700,1169,0
7118,700,1340,0
7119,700,2694,0
7120,701,702,0
7121,701,703,0
7122,701,704,0
7123,701,705,0
7124,701,706,0
7125,701,707,0
7126,701,708,0
7127,701,709,0
7128,701,2847,0
7129,701,3853,0
7130,701,1486,0
7131,701,1772,0
7132,701,1226,0
7133,701,1988,0
7134,702,703,0
7135,702,704,0
7136,702,705,0
7137,702,706,0
7138,702,708,0
7139,702,710,0
7140,702,4560,0
7141,702,1574,0
7142,702,1533,0
7143,703,704,0
7144,703,705,0
7145,703,706,0
7146,703,707,0
7147,703,708,0
7148,703,710,0
7149,703,711,0
7150,703,744,0
7151,704,705,0
7152,704,706,0
7153,704,709,0
7154,704,710,0
7155,704,711,0
7156,704,712,0
7157,704,3974,0
7158,704,2239,0
7159,704,2944,0
7160,704,4734,0
7161,704,2829,0
7162,704,3340,0
7163,705,707,0
7164,705,708,0
7165,705,709,0
7166,705,711,0
7167,705,712,0
7168,705,2211,0
7169,705,2249,0
7170,705,3320,0
7171,705,1261,0
7172,705,2873,0
7173,705,1974,0
7174,705,4649,0
7175,705,1867,0
7176,705,4188,0
7177,706,707,0
7178,706,708,0
7179,706,710,0
7180,706,711,0
7181,706,712,0
7182,706,713,0
7183,706,714,0
7184,706,1263,0
7185,706,3592,0
7186,707,708,0
7187,707,709,0
7188,707,710,0
7189,707,711,0
7190,707,712,0
7191,707,714,0
7192,707,715,0
7193,707,3298,0
7194,708,709,0
7195,708,710,0
7196,708,711,0
7197,708,712,0
7198,708,713,0
7199,708,714,0
7200,708,715,0
7201,708,1318,0
7202,708,3091,0
7203,708,1522,0
7204,709,710,0
7205,709,711,0
7206,709,712,0
7207,709,714,0
7208,709,715,0
7209,709,716,0
7210,709,717,0
7211,709,1638,0
7212,709,1432,0
7213,710,711,0
7214,710,712,0
7215,710,713,0
7216,710,716,0
7217,710,717,0
7218,710,718,0
7219,710,4902,0
7220,710,2611,0
7221,711,712,0
7222,711,713,0
7223,711,714,0
7224,711,715,0
7225,711,716,0
7226,711,717,0
7227,711,718,0
7228,711,719,0
7229,711,1157,0
7230,711,2450,0
7231,712,713,0
7232,712,714,0
7233,712,717,0
7234,712,718,0
7235,712,1502,0
7236,712,3115,0
7237,712,2699,0
7238,712,4984,0
7239,713,716,0
7240,713,718,0
7241,713,719,0
7242,713,720,0
7243,713,721,0
7244,713,1829,0
7245,713,4283,0
7246,714,717,0
7247,714,718,0
7248,714,719,0
7249,714,720,0
7250,714,722,0
7251,714,1439,0
7252,714,2838,0
7253,714,3929,0
7254,714,1657,0
7255,714,2558,0
7256,714,2675,0
7257,715,716,0
7258,715,717,0
7259,715,718,0
7260,715,719,0
7261,715,720,0
7262,715,721,0
7263,715,722,0
7264,715,723,0
7265,715,1592,0
7266,715,2553,0
7267,715,2110,0
7268,715,2226,0
7269,715,4955,0
7270,716,717,0
7271,716,718,0
7272,716,721,0
7273,716,722,0
7274,716,723,0
7275,716,724,0
7276,716,1144,0
7277,716,3634,0
7278,716,2187,0
7279,716,4763,0
7280,716,3383,0
7281,717,719,0
7282,717,722,0
7283,717,723,0
7284,717,724,0
7285,717,933,0
7286,717,851,0
7287,717,1648,0
7288,717,2388,0
7289,717,2375,0
7290,717,827,0
7291,718,719,0
7292,718,721,0
7293,718,723,0
7294,718,724,0
7295,718,726,0
7296,718,1087,0
7297,718,4867,0
7298,718,2964,0
7299,718,2402,0
7300,718,1233,0
7301,719,720,0
7302,719,721,0
7303,719,722,0
7304,719,724,0
7305,719,725,0
7306,719,727,0
7307,719,3343,0
7308,719,3365,0
7309,719,3899,0
7310,719,1847,0
7311,719,3677,0
7312,720,721,0
7313,720,722,0
7314,720,724,0
7315,720,726,0
7316,720,4565,0
7317,720,4747,0
7318,720,4993,0
7319,720,4964,0
7320,720,2406,0
7321,720,2549,0
7322,720,1520,0
7323,720,3029,0
7324,720,1929,0
7325,721,723,0
7326,721,724,0
7327,721,725,0
7328,721,726,0
7329,721,727,0
7330,721,729,0
7331,721,3135,0
7332,721,2914,0
7333,721,2060,0
7334,721,1003,0
7335,722,726,0
7336,722,728,0
7337,722,729,0
7338,722,730,0
7339,722,1951,0
7340,722,3697,0
7341,722,3655,0
7342,722,4177,0
7343,722,1931,0
7344,722,1063,0
7345,723,724,0
7346,723,727,0
7347,723,728,0
7348,723,730,0
7349,723,731,0
7350,723,2004,0
7351,723,1948,0
7352,723,2981,0
7353,723,3013,0
7354,724,725,0
7355,724,726,0
7356,724,727,0
7357,724,728,0
7358,724,729,0
7359,724,731,0
7360,724,732,0
7361,724,3059,0
7362,724,3203,0
7363,724,3734,0
7364,725,726,0
7365,725,727,0
7366,725,728,0
7367,725,729,0
7368,725,730,0
7369,725,731,0
7370,725,2545,0
7371,725,3981,0
7372,726,727,0
7373,726,728,0
7374,726,730,0
7375,726,732,0
7376,726,733,0
7377,726,3851,0
7378,726,4185,0
7379,726,1558,0
7380,727,729,0
7381,727,730,0
7382,727,4593,0
7383,727,4388,0
7384,727,3196,0
7385,727,3090,0
7386,727,951,0
7387,728,729,0
7388,728,730,0
7389,728,731,0
7390,728,732,0
7391,728,734,0
7392,728,735,0
7393,728,736,0
7394,728,2329,0
7395,728,4918,0
7396,728,4820,0
7397,728,1652,0
7398,729,730,0
7399,729,731,0
7400,729,733,0
7401,729,735,0
7402,729,737,0
7403,729,1759,0
7404,729,895,0
7405,729,2943,0
7406,729,1146,0
7407,729,2774,0
7408,729,4725,0
7409,730,732,0
7410,730,733,0
7411,730,734,0
7412,730,735,0
7413,730,737,0
7414,730,738,0
7415,730,4219,0
7416,730,953,0
7417,730,1432,0
7418,730,2767,0
7419,731,734,0
7420,731,738,0
7421,731,739,0
7422,731,3087,0
7423,731,797,0
7424,731,3452,0
7425,731,3313,0
7426,731,1198,0
7427,731,3510,0
7428,731,4164,0
7429,731,4435,0
7430,732,733,0
7431,732,734,0
7432,732,736,0
7433,732,737,0
7434,732,738,0
7435,732,739,0
7436,732,2585,0
7437,732,4112,0
7438,732,2983,0
7439,732,3532,0
7440,732,2659,0
7441,732,2276,0
7442,732,4712,0
7443,733,734,0
7444,733,735,0
7445,733,736,0
7446,733,737,0
7447,733,738,0
7448,733,739,0
7449,733,740,0
7450,733,741,0
7451,733,4436,0
7452,734,736,0
7453,734,737,0
7454,734,739,0
7455,734,740,0
7456,734,3712,0
7457,734,1959,0
7458,734,4589,0
7459,734,834,0
7460,734,1935,0
7461,734,2153,0
7462,734,4026,0
7463,734,1398,0
7464,734,3720,0
7465,735,737,0
7466,735,738,0
7467,735,739,0
7468,735,740,0
7469,735,741,0
7470,735,743,0
7471,735,2150,0
7472,735,3200,0
7473,735,4144,0
7474,736,737,0
7475,736,738,0
7476,736,741,0
7477,736,742,0
7478,736,744,0
7479,736,2461,0
7480,736,2099,0
7481,736,1827,0
7482,736,2288,0
7483,737,738,0
7484,737,739,0
7485,737,740,0
7486,737,741,0
7487,737,742,0
7488,737,744,0
7489,737,745,0
7490,737,914,0
7491,737,3309,0
7492,737,4427,0
7493,737,4595,0
7494,738,742,0
7495,738,745,0
7496,738,746,0
7497,738,2362,0
7498,738,4951,0
7499,738,2376,0
7500,738,3540,0
7501,738,1372,0
7502,738,4328,0
7503,738,1500,0
7504,739,740,0
7505,739,741,0
7506,739,742,0
7507,739,743,0
7508,739,745,0
7509,739,746,0
7510,739,747,0
7511,739,2743,0
7512,739,3881,0
7513,739,2821,0
7514,739,1901,0
7515,740,742,0
7516,740,745,0
7517,740,748,0
7518,740,4159,0
7519,740,3680,0
7520,740,4254,0
7521,740,4419,0
7522,740,2120,0
7523,741,742,0
7524,741,743,0
7525,741,744,0
7526,741,745,0
7527,741,746,0
7528,741,748,0
7529,741,749,0
7530,741,4632,0
7531,742,744,0
7532,742,745,0
7533,742,747,0
7534,742,748,0
7535,742,749,0
7536,742,750,0
7537,742,2345,0
7538,742,2553,0
7539,742,3361,0
7540,742,1763,0
7541,743,745,0
7542,743,746,0
7543,743,747,0
7544,743,748,0
7545,743,750,0
7546,743,751,0
7547,743,961,0
7548,743,1144,0
7549,743,1623,0
7550,743,1986,0
7551,743,1547,0
7552,744,749,0
7553,744,750,0
7554,744,751,0
7555,744,752,0
7556,744,1383,0
7557,744,3946,0
7558,744,3213,0
7559,745,747,0
7560,745,748,0
7561,745,750,0
7562,745,752,0
7563,745,753,0
7564,745,1158,0
7565,745,3496,0
7566,745,1703,0
7567,745,2976,0
7568,746,747,0
7569,746,752,0
7570,746,3257,0
7571,746,4098,0
7572,746,3021,0
7573,746,3475,0
7574,746,2019,0
7575,746,1917,0
7576,746,2059,0
7577,747,748,0
7578,747,750,0
7579,747,751,0
7580,747,752,0
7581,747,753,0
7582,747,754,0
7583,747,755,0
7584,747,2027,0
7585,747,4172,0
7586,748,749,0
7587,748,750,0
7588,748,751,0
7589,748,752,0
7590,748,753,0
7591,748,756,0
7592,748,2155,0
7593,748,2431,0
7594,748,2777,0
7595,748,1577,0
7596,749,750,0
7597,749,752,0
7598,749,754,0
7599,749,755,0
7600,749,756,0
7601,749,757,0
7602,749,806,0
7603,749,1931,0
7604,750,751,0
7605,750,752,0
7606,750,754,0
7607,750,755,0
7608,750,757,0
7609,750,758,0
7610,750,1207,0
7611,750,4620,0
7612,750,4034,0
7613,750,1439,0
7614,750,3607,0
7615,750,3783,0
7616,751,752,0
7617,751,753,0
7618,751,754,0
7619,751,756,0
7620,751,757,0
7621,751,758,0
7622,751,759,0
7623,751,1485,0
7624,751,4117,0
7625,751,3467,0
7626,752,753,0
7627,752,754,0
7628,752,755,0
7629,752,756,0
7630,752,758,0
7631,752,759,0
7632,752,2949,0
7633,752,1921,0
7634,752,1699,0
7635,752,4028,0
7636,753,755,0
7637,753,758,0
7638,753,760,0
7639,753,761,0
7640,753,4147,0
7641,753,3089,0
7642,753,1277,0
7643,753,3998,0
7644,754,759,0
7645,754,761,0
7646,754,2566,0
7647,754,837,0
7648,754,2526,0
7649,754,4834,0
7650,754,2630,0
7651,754,4808,0
7652,754,854,0
7653,754,3411,0
7654,754,1006,0
7655,755,756,0
7656,755,757,0
7657,755,759,0
7658,755,761,0
7659,755,762,0
7660,755,763,0
7661,755,3031,0
7662,755,3665,0
7663,755,4782,0
7664,755,2050,0
7665,756,757,0
7666,756,758,0
7667,756,759,0
7668,756,761,0
7669,756,762,0
7670,756,3401,0
7671,756,769,0
7672,756,4468,0
7673,756,1295,0
7674,757,759,0
7675,757,760,0
7676,757,762,0
7677,757,763,0
7678,757,1168,0
7679,757,2023,0
7680,757,4869,0
7681,757,4076,0
7682,758,759,0
7683,758,760,0
7684,758,761,0
7685,758,764,0
7686,758,765,0
7687,758,766,0
7688,758,2589,0
7689,758,3949,0
7690,759,760,0
7691,759,761,0
7692,759,762,0
7693,759,763,0
7694,759,764,0
7695,759,765,0
7696,759,766,0
7697,759,767,0
7698,760,762,0
7699,760,763,0
7700,760,764,0
7701,760,765,0
7702,760,766,0
7703,760,768,0
7704,760,1498,0
7705,760,2072,0
7706,761,762,0
7707,761,763,0
7708,761,765,0
7709,761,766,0
7710,761,767,0
7711,761,768,0
7712,761,769,0
7713,761,2932,0
7714,761,1194,0
7715,761,2562,0
7716,762,763,0
7717,762,764,0
7718,762,766,0
7719,762,767,0
7720,762,770,0
7721,762,1338,0
7722,762,2160,0
7723,762,4032,0
7724,762,2138,0
7725,763,764,0
7726,763,766,0
7727,763,767,0
7728,763,768,0
7729,763,769,0
7730,763,770,0
7731,763,771,0
7732,763,1322,0
7733,763,1666,0
7734,763,4238,0
7735,764,765,0
7736,764,766,0
7737,764,767,0
7738,764,770,0
7739,764,771,0
7740,764,772,0
7741,764,4036,0
7742,764,4106,0
7743,764,1834,0
7744,764,2149,0
7745,765,767,0
7746,765,768,0
7747,765,769,0
7748,765,770,0
7749,765,771,0
7750,765,772,0
7751,765,773,0
7752,765,2572,0
7753,766,768,0
7754,766,769,0
7755,766,770,0
7756,766,771,0
7757,766,773,0
7758,766,774,0
7759,766,819,0
7760,766,4084,0
7761,766,2115,0
7762,766,1077,0
7763,766,3520,0
7764,767,769,0
7765,767,773,0
7766,767,774,0
7767,767,775,0
7768,767,4925,0
7769,767,2994,0
7770,767,3643,0
7771,767,841,0
7772,768,769,0
7773,768,770,0
7774,768,771,0
7775,768,772,0
7776,768,773,0
7777,768,774,0
7778,768,775,0
7779,768,776,0
7780,768,1746,0
7781,769,770,0
7782,769,771,0
7783,769,772,0
7784,769,773,0
7785,769,774,0
7786,769,775,0
7787,769,776,0
7788,769,1660,0
7789,769,1432,0
7790,770,771,0
7791,770,772,0
7792,770,774,0
7793,770,775,0
7794,770,777,0
7795,770,778,0
7796,770,2966,0
7797,770,2974,0
7798,771,772,0
7799,771,775,0
7800,771,776,0
7801,771,777,0
7802,771,778,0
7803,771,779,0
7804,771,3223,0
7805,771,3141,0
7806,772,776,0
7807,772,778,0
7808,772,779,0
7809,772,780,0
7810,772,1354,0
7811,772,1721,0
7812,772,2484,0
7813,772,2508,0
7814,772,2863,0
7815,773,774,0
7816,773,775,0
7817,773,776,0
7818,773,777,0
7819,773,778,0
7820,773,779,0
7821,773,780,0
7822,773,781,0
7823,773,4919,0
7824,774,776,0
7825,774,778,0
7826,774,781,0
7827,774,782,0
7828,774,4171,0
7829,774,4997,0
7830,774,4342,0
7831,774,4890,0
7832,775,776,0
7833,775,777,0
7834,775,778,0
7835,775,779,0
7836,775,781,0
7837,775,782,0
7838,775,783,0
7839,775,2421,0
7840,775,4936,0
7841,775,1544,0
7842,775,3842,0
7843,775,1869,0
7844,776,777,0
7845,776,778,0
7846,776,779,0
7847,776,781,0
7848,776,782,0
7849,776,783,0
7850,776,2101,0
7851,776,922,0
7852,776,2664,0
7853,776,2800,0
7854,776,1997,0
7855,776,4500,0
7856,776,4296,0
7857,776,3687,0
7858,777,780,0
7859,777,781,0
7860,777,782,0
7861,777,784,0
7862,777,785,0
7863,777,2587,0
7864,777,1563,0
7865,777,2725,0
7866,777,1595,0
7867,777,4047,0
7868,777,4248,0
7869,778,779,0
7870,778,781,0
7871,778,782,0
7872,778,783,0
7873,778,784,0
7874,778,785,0
7875,778,4751,0
7876,778,1801,0
7877,778,3495,0
7878,778,3909,0
7879,778,2094,0
7880,779,780,0
7881,779,782,0
7882,779,783,0
7883,779,784,0
7884,779,786,0
7885,779,787,0
7886,779,3986,0
7887,779,1545,0
7888,779,2497,0
7889,779,2538,0
7890,780,781,0
7891,780,783,0
7892,780,784,0
7893,780,785,0
7894,780,787,0
7895,780,788,0
7896,780,2142,0
7897,780,2888,0
7898,780,4263,0
7899,780,976,0
7900,781,785,0
7901,781,786,0
7902,781,3547,0
7903,781,4052,0
7904,781,1842,0
7905,781,1156,0
7906,781,3662,0
7907,781,3180,0
7908,781,4897,0
7909,782,784,0
7910,782,785,0
7911,782,786,0
7912,782,788,0
7913,782,789,0
7914,782,790,0
7915,783,784,0
7916,783,785,0
7917,783,786,0
7918,783,787,0
7919,783,788,0
7920,783,789,0
7921,783,790,0
7922,783,791,0
7923,783,4396,0
7924,783,3627,0
7925,783,1381,0
7926,784,785,0
7927,784,787,0
7928,784,788,0
7929,784,789,0
7930,784,791,0
7931,784,792,0
7932,784,1117,0
7933,784,818,0
7934,784,4604,0
7935,784,3874,0
7936,785,786,0
7937,785,787,0
7938,785,789,0
7939,785,792,0
7940,785,793,0
7941,785,4030,0
7942,785,2080,0
7943,785,4723,0
7944,785,3555,0
7945,786,789,0
7946,786,791,0
7947,786,3797,0
7948,786,1084,0
7949,786,1481,0
7950,786,2203,0
7951,786,4045,0
7952,787,790,0
7953,787,791,0
7954,787,792,0
7955,787,793,0
7956,787,3862,0
7957,787,1628,0
7958,787,3410,0
7959,787,2597,0
7960,787,2173,0
7961,787,4089,0
7962,788,789,0
7963,788,790,0
7964,788,791,0
7965,788,792,0
7966,788,794,0
7967,788,795,0
7968,788,2158,0
7969,788,1998,0
7970,788,1504,0
7971,788,3250,0
7972,788,2721,0
7973,788,1040,0
7974,788,1904,0
7975,789,791,0
7976,789,792,0
7977,789,794,0
7978,789,795,0
7979,789,796,0
7980,789,797,0
7981,789,3708,0
7982,789,4731,0
7983,789,4293,0
7984,789,1415,0
7985,789,3977,0
7986,790,791,0
7987,790,792,0
7988,790,793,0
7989,790,794,0
7990,790,4140,0
7991,790,4784,0
7992,790,2852,0
7993,790,3079,0
7994,790,1282,0
7995,790,821,0
7996,791,792,0
7997,791,793,0
7998,791,794,0
7999,791,797,0
8000,791,798,0
8001,791,3818,0
8002,791,4649,0
8003,791,3722,0
8004,791,2702,0
8005,791,4008,0
8006,791,3678,0
8007,792,794,0
8008,792,796,0
8009,792,797,0
8010,792,798,0
8011,792,799,0
8012,792,4031,0
8013,792,1613,0
8014,792,2847,0
8015,792,3298,0
8016,792,974,0
8017,792,3178,0
8018,793,794,0
8019,793,796,0
8020,793,797,0
8021,793,798,0
8022,793,799,0
8023,793,800,0
8024,793,4592,0
8025,793,2444,0
8026,793,2879,0
8027,793,1134,0
8028,794,796,0
8029,794,797,0
8030,794,798,0
8031,794,799,0
8032,794,800,0
8033,794,801,0
8034,794,2554,0
8035,794,3809,0
8036,794,4082,0
8037,794,1374,0
8038,795,796,0
8039,795,797,0
8040,795,798,0
8041,795,801,0
8042,795,803,0
8043,795,4495,0
8044,795,3558,0
8045,795,4360,0
8046,795,3718,0
8047,796,798,0
8048,796,799,0
8049,796,800,0
8050,796,801,0
8051,796,803,0
8052,796,804,0
8053,796,950,0
8054,796,4689,0
8055,796,3506,0
8056,797,798,0
8057,797,800,0
8058,797,801,0
8059,797,802,0
8060,797,803,0
8061,797,805,0
8062,797,1883,0
8063,797,4978,0
8064,797,4270,0
8065,797,932,0
8066,797,2864,0
8067,798,799,0
8068,798,800,0
8069,798,803,0
8070,798,805,0
8071,798,806,0
8072,798,3356,0
8073,798,3178,0
8074,798,2483,0
8075,799,800,0
8076,799,801,0
8077,799,802,0
8078,799,803,0
8079,799,804,0
8080,799,807,0
8081,799,3134,0
8082,799,3279,0
8083,799,2394,0
8084,799,2935,0
8085,799,3963,0
8086,800,801,0
8087,800,802,0
8088,800,804,0
8089,800,806,0
8090,800,807,0
8091,800,808,0
8092,800,3768,0
8093,800,1878,0
8094,800,3937,0
8095,800,3221,0
8096,800,2710,0
8097,801,803,0
8098,801,805,0
8099,801,806,0
8100,801,807,0
8101,801,808,0
8102,801,809,0
8103,801,2016,0
8104,801,3165,0
8105,801,1731,0
8106,802,803,0
8107,802,805,0
8108,802,807,0
8109,802,808,0
8110,802,809,0
8111,802,810,0
8112,802,3373,0
8113,802,4941,0
8114,803,804,0
8115,803,805,0
8116,803,806,0
8117,803,808,0
8118,803,809,0
8119,803,811,0
8120,803,3234,0
8121,803,1977,0
8122,803,3992,0
8123,804,805,0
8124,804,806,0
8125,804,807,0
8126,804,808,0
8127,804,809,0
8128,804,810,0
8129,804,811,0
8130,804,1960,0
8131,804,1480,0
8132,804,1876,0
8133,804,4096,0
8134,804,3508,0
8135,805,807,0
8136,805,808,0
8137,805,810,0
8138,805,2440,0
8139,805,3201,0
8140,805,4945,0
8141,805,2511,0
8142,805,1343,0
8143,805,1891,0
8144,805,3755,0
8145,805,2679,0
8146,805,4454,0
8147,806,808,0
8148,806,809,0
8149,806,810,0
8150,806,812,0
8151,806,813,0
8152,806,814,0
8153,806,2032,0
8154,806,1709,0
8155,806,1753,0
8156,806,4096,0
8157,806,1540,0
8158,806,4303,0
8159,807,808,0
8160,807,810,0
8161,807,811,0
8162,807,812,0
8163,807,813,0
8164,807,4470,0
8165,807,4693,0
8166,807,3213,0
8167,808,809,0
8168,808,810,0
8169,808,811,0
8170,808,812,0
8171,808,814,0
8172,808,815,0
8173,808,816,0
8174,808,3685,0
8175,808,2878,0
8176,809,810,0
8177,809,811,0
8178,809,812,0
8179,809,813,0
8180,809,817,0
8181,809,2702,0
8182,809,2059,0
8183,809,1351,0
8184,810,811,0
8185,810,812,0
8186,810,813,0
8187,810,815,0
8188,810,816,0
8189,810,817,0
8190,810,1628,0
8191,810,1591,0
8192,810,3549,0
8193,810,834,0
8194,811,812,0
8195,811,813,0
8196,811,814,0
8197,811,815,0
8198,811,816,0
8199,811,817,0
8200,811,818,0
8201,811,819,0
8202,811,1659,0
8203,812,814,0
8204,812,815,0
8205,812,817,0
8206,812,818,0
8207,812,819,0
8208,812,3665,0
8209,812,1466,0
8210,812,3488,0
8211,812,1064,0
8212,813,814,0
8213,813,815,0
8214,813,817,0
8215,813,818,0
8216,813,819,0
8217,813,820,0
8218,813,2652,0
8219,813,4591,0
8220,814,816,0
8221,814,819,0
8222,814,820,0
8223,814,821,0
8224,814,822,0
8225,814,2790,0
8226,814,2710,0
8227,814,1476,0
8228,814,4627,0
8229,814,2029,0
8230,815,816,0
8231,815,818,0
8232,815,819,0
8233,815,821,0
8234,815,822,0
8235,815,823,0
8236,815,857,0
8237,815,1067,0
8238,815,4106,0
8239,815,4051,0
8240,815,870,0
8241,816,817,0
8242,816,818,0
8243,816,819,0
8244,816,821,0
8245,816,1607,0
8246,816,3012,0
8247,816,2329,0
8248,816,4303,0
8249,816,1026,0
8250,816,3583,0
8251,817,818,0
8252,817,820,0
8253,817,821,0
8254,817,824,0
8255,817,825,0
8256,817,4255,0
8257,817,4023,0
8258,817,4912,0
8259,817,2304,0
8260,817,3718,0
8261,818,820,0
8262,818,821,0
8263,818,822,0
8264,818,825,0
8265,818,826,0
8266,818,1829,0
8267,818,1166,0
8268,818,3481,0
8269,818,2459,0
8270,819,820,0
8271,819,821,0
8272,819,822,0
8273,819,825,0
8274,819,826,0
8275,819,827,0
8276,819,1140,0
8277,819,3703,0
8278,820,821,0
8279,820,822,0
8280,820,824,0
8281,820,825,0
8282,820,826,0
8283,820,827,0
8284,820,828,0
8285,820,3127,0
8286,820,2581,0
8287,820,1079,0
8288,820,2873,0
8289,821,823,0
8290,821,825,0
8291,821,827,0
8292,821,2390,0
8293,821,3408,0
8294,822,823,0
8295,822,824,0
8296,822,826,0
8297,822,828,0
8298,822,4880,0
8299,822,1207,0
8300,822,3988,0
8301,823,824,0
8302,823,825,0
8303,823,826,0
8304,823,827,0
8305,823,828,0
8306,823,829,0
8307,823,830,0
8308,823,831,0
8309,823,4680,0
8310,823,2761,0
8311,824,827,0
8312,824,828,0
8313,824,831,0
8314,824,1255,0
8315,824,3983,0
8316,824,4621,0
8317,824,1037,0
8318,824,1016,0
8319,824,4042,0
8320,824,2667,0
8321,824,3395,0
8322,825,827,0
8323,825,829,0
8324,825,830,0
8325,825,832,0
8326,825,833,0
8327,825,1102,0
8328,825,1988,0
8329,825,4254,0
8330,825,4355,0
8331,825,1495,0
8332,825,1848,0
8333,825,3127,0
8334,826,827,0
8335,826,828,0
8336,826,829,0
8337,826,830,0
8338,826,831,0
8339,826,832,0
8340,826,3253,0
8341,826,2003,0
8342,826,1862,0
8343,827,828,0
8344,827,831,0
8345,827,832,0
8346,827,834,0
8347,827,835,0
8348,827,4406,0
8349,827,4940,0
8350,827,4890,0
8351,827,3183,0
8352,827,2047,0
8353,827,4863,0
8354,828,831,0
8355,828,833,0
8356,828,836,0
8357,828,1140,0
8358,828,3887,0
8359,828,1050,0
8360,828,3933,0
8361,828,2664,0
8362,828,4677,0
8363,828,2979,0
8364,828,4164,0
8365,828,1866,0
8366,828,3670,0
8367,829,831,0
8368,829,832,0
8369,829,835,0
8370,829,836,0
8371,829,837,0
8372,829,4633,0
8373,829,3769,0
8374,829,3900,0
8375,829,1934,0
8376,829,2490,0
8377,830,831,0
8378,830,832,0
8379,830,833,0
8380,830,835,0
8381,830,836,0
8382,830,837,0
8383,830,2523,0
8384,830,2089,0
8385,830,3715,0
8386,830,4037,0
8387,830,3812,0
8388,831,834,0
8389,831,835,0
8390,831,836,0
8391,831,839,0
8392,831,2833,0
8393,831,2339,0
8394,831,4607,0
8395,831,1977,0
8396,831,4138,0
8397,832,834,0
8398,832,835,0
8399,832,836,0
8400,832,838,0
8401,832,839,0
8402,832,840,0
8403,832,4389,0
8404,832,4462,0
8405,832,1801,0
8406,832,2054,0
8407,832,2974,0
8408,832,4169,0
8409,833,834,0
8410,833,835,0
8411,833,836,0
8412,833,837,0
8413,833,841,0
8414,833,3159,0
8415,834,836,0
8416,834,837,0
8417,834,840,0
8418,834,842,0
8419,834,2135,0
8420,834,4343,0
8421,834,991,0
8422,834,918,0
8423,834,3092,0
8424,835,837,0
8425,835,839,0
8426,835,840,0
8427,835,841,0
8428,835,843,0
8429,835,1492,0
8430,835,1475,0
8431,835,2050,0
8432,836,837,0
8433,836,838,0
8434,836,839,0
8435,836,840,0
8436,836,842,0
8437,836,3280,0
8438,836,2427,0
8439,836,4194,0
8440,836,968,0
8441,837,838,0
8442,837,840,0
8443,837,842,0
8444,837,843,0
8445,837,845,0
8446,837,989,0
8447,837,3960,0
8448,837,4126,0
8449,838,841,0
8450,838,844,0
8451,838,845,0
8452,838,846,0
8453,838,2646,0
8454,838,3561,0
8455,838,1011,0
8456,838,3958,0
8457,838,2584,0
8458,838,2742,0
8459,839,840,0
8460,839,842,0
8461,839,844,0
8462,839,846,0
8463,839,847,0
8464,839,1519,0
8465,839,3772,0
8466,839,3018,0
8467,839,848,0
8468,839,2445,0
8469,839,4075,0
8470,840,845,0
8471,840,847,0
8472,840,848,0
8473,840,3139,0
8474,840,2946,0
8475,840,3087,0
8476,840,2421,0
8477,840,2824,0
8478,841,844,0
8479,841,845,0
8480,841,846,0
8481,841,847,0
8482,841,4484,0
8483,841,1685,0
8484,841,1373,0
8485,841,970,0
8486,841,2864,0
8487,841,2978,0
8488,841,2002,0
8489,842,843,0
8490,842,844,0
8491,842,845,0
8492,842,846,0
8493,842,847,0
8494,842,848,0
8495,842,849,0
8496,842,850,0
8497,842,3459,0
8498,842,896,0
8499,842,4575,0
8500,843,844,0
8501,843,845,0
8502,843,846,0
8503,843,848,0
8504,843,849,0
8505,843,850,0
8506,843,851,0
8507,843,1070,0
8508,843,3070,0
8509,843,2105,0
8510,843,3632,0
8511,844,845,0
8512,844,846,0
8513,844,847,0
8514,844,849,0
8515,844,850,0
8516,844,851,0
8517,844,852,0
8518,845,847,0
8519,845,848,0
8520,845,851,0
8521,845,852,0
8522,845,853,0
8523,845,1786,0
8524,845,4394,0
8525,845,865,0
8526,846,847,0
8527,846,849,0
8528,846,850,0
8529,846,851,0
8530,846,852,0
8531,846,853,0
8532,846,854,0
8533,846,3917,0
8534,846,1543,0
8535,846,2515,0
8536,847,848,0
8537,847,849,0
8538,847,851,0
8539,847,852,0
8540,847,853,0
8541,847,854,0
8542,847,855,0
8543,847,3368,0
8544,848,849,0
8545,848,850,0
8546,848,852,0
8547,848,853,0
8548,848,4642,0
8549,848,1642,0
8550,848,2907,0
8551,848,3057,0
8552,848,1990,0
8553,848,4161,0
8554,849,850,0
8555,849,852,0
8556,849,854,0
8557,849,855,0
8558,849,856,0
8559,849,857,0
8560,849,2816,0
8561,849,3262,0
8562,849,1344,0
8563,850,851,0
8564,850,852,0
8565,850,854,0
8566,850,855,0
8567,850,856,0
8568,850,857,0
8569,850,858,0
8570,850,3081,0
8571,850,3390,0
8572,850,2095,0
8573,851,852,0
8574,851,854,0
8575,851,855,0
8576,851,856,0
8577,851,857,0
8578,851,1343,0
8579,851,2809,0
8580,851,2917,0
8581,851,2759,0
8582,851,1034,0
8583,851,995,0
8584,851,1709,0
8585,851,1940,0
8586,852,853,0
8587,852,854,0
8588,852,855,0
8589,852,856,0
8590,852,858,0
8591,852,860,0
8592,852,2885,0
8593,852,2687,0
8594,852,2333,0
8595,852,4807,0
8596,852,2104,0
8597,853,855,0
8598,853,856,0
8599,853,860,0
8600,853,2933,0
8601,853,3906,0
8602,853,4208,0
8603,853,4880,0
8604,853,4950,0
8605,853,2309,0
8606,853,2649,0
8607,853,1822,0
8608,854,858,0
8609,854,859,0
8610,854,861,0
8611,854,862,0
8612,854,4346,0
8613,854,3600,0
8614,854,1378,0
8615,854,1965,0
8616,854,4871,0
8617,855,856,0
8618,855,858,0
8619,855,859,0
8620,855,860,0
8621,855,861,0
8622,855,862,0
8623,855,863,0
8624,855,1469,0
8625,855,2527,0
8626,856,857,0
8627,856,858,0
8628,856,859,0
8629,856,860,0
8630,856,862,0
8631,856,864,0
8632,856,2602,0
8633,856,2929,0
8634,856,3402,0
8635,857,860,0
8636,857,861,0
8637,857,862,0
8638,857,864,0
8639,857,865,0
8640,857,4119,0
8641,857,3050,0
8642,857,4440,0
8643,857,2071,0
8644,857,1024,0
8645,857,1762,0
8646,858,859,0
8647,858,860,0
8648,858,861,0
8649,858,862,0
8650,858,863,0
8651,858,865,0
8652,858,866,0
8653,859,861,0
8654,859,862,0
8655,859,863,0
8656,859,864,0
8657,859,865,0
8658,859,866,0
8659,859,867,0
8660,859,4092,0
8661,859,1751,0
8662,859,2167,0
8663,859,2335,0
8664,859,2386,0
8665,860,862,0
8666,860,864,0
8667,860,865,0
8668,860,866,0
8669,860,2417,0
8670,860,3669,0
8671,860,4879,0
8672,860,3174,0
8673,861,864,0
8674,861,865,0
8675,861,867,0
8676,861,868,0
8677,861,869,0
8678,861,4183,0
8679,861,1033,0
8680,861,4461,0
8681,861,1578,0
8682,861,2015,0
8683,861,2197,0
8684,862,864,0
8685,862,865,0
8686,862,866,0
8687,862,867,0
8688,862,868,0
8689,862,870,0
8690,862,4727,0
8691,862,2348,0
8692,863,864,0
8693,863,865,0
8694,863,867,0
8695,863,868,0
8696,863,869,0
8697,863,871,0
8698,863,3680,0
8699,863,4795,0
8700,863,1183,0
8701,864,865,0
8702,864,867,0
8703,864,868,0
8704,864,870,0
8705,864,871,0
8706,864,872,0
8707,864,3515,0
8708,864,4266,0
8709,865,867,0
8710,865,868,0
8711,865,869,0
8712,865,871,0
8713,865,872,0
8714,865,2007,0
8715,865,4236,0
8716,865,4389,0
8717,865,1803,0
8718,865,4809,0
8719,865,2084,0
8720,865,4184,0
8721,866,867,0
8722,866,869,0
8723,866,871,0
8724,866,872,0
8725,866,873,0
8726,866,874,0
8727,866,3905,0
8728,867,869,0
8729,867,870,0
8730,867,872,0
8731,867,873,0
8732,867,874,0
8733,867,3315,0
8734,867,1540,0
8735,867,1329,0
8736,867,3590,0
8737,868,869,0
8738,868,872,0
8739,868,873,0
8740,868,874,0
8741,868,875,0
8742,868,876,0
8743,868,1207,0
8744,868,1914,0
8745,868,2008,0
8746,868,986,0
8747,868,3780,0
8748,868,2789,0
8749,869,870,0
8750,869,871,0
8751,869,872,0
8752,869,873,0
8753,869,874,0
8754,869,875,0
8755,869,3142,0
8756,869,4233,0
8757,870,871,0
8758,870,872,0
8759,870,873,0
8760,870,874,0
8761,870,875,0
8762,870,877,0
8763,870,4285,0
8764,870,2048,0
8765,871,873,0
8766,871,874,0
8767,871,875,0
8768,871,876,0
8769,871,879,0
8770,871,3144,0
8771,871,2347,0
8772,871,3313,0
8773,871,971,0
8774,872,873,0
8775,872,875,0
8776,872,879,0
8777,872,880,0
8778,872,3610,0
8779,872,1875,0
8780,872,2346,0
8781,872,1981,0
8782,872,1350,0
8783,873,874,0
8784,873,875,0
8785,873,877,0
8786,873,878,0
8787,873,879,0
8788,873,880,0
8789,873,2554,0
8790,873,2437,0
8791,873,1964,0
8792,874,877,0
8793,874,878,0
8794,874,879,0
8795,874,880,0
8796,874,881,0
8797,874,882,0
8798,874,3489,0
8799,874,4843,0
8800,875,876,0
8801,875,877,0
8802,875,878,0
8803,875,879,0
8804,875,882,0
8805,875,883,0
8806,876,877,0
8807,876,878,0
8808,876,879,0
8809,876,880,0
8810,876,883,0
8811,876,884,0
8812,876,4744,0
8813,876,2868,0
8814,876,4845,0
8815,877,880,0
8816,877,881,0
8817,877,882,0
8818,877,883,0
8819,877,884,0
8820,877,3908,0
8821,877,4949,0
8822,877,2190,0
8823,878,880,0
8824,878,881,0
8825,878,882,0
8826,878,883,0
8827,878,884,0
8828,878,885,0
8829,878,886,0
8830,878,4170,0
8831,878,1293,0
8832,878,1768,0
8833,878,2899,0
8834,878,4645,0
8835,879,881,0
8836,879,885,0
8837,879,886,0
8838,879,1099,0
8839,879,1239,0
8840,879,3046,0
8841,879,2031,0
8842,879,4423,0
8843,880,881,0
8844,880,882,0
8845,880,884,0
8846,880,885,0
8847,880,887,0
8848,880,888,0
8849,880,3035,0
8850,880,4410,0
8851,880,1830,0
8852,880,2511,0
8853,881,887,0
8854,881,888,0
8855,881,889,0
8856,881,1036,0
8857,881,1516,0
8858,881,2908,0
8859,881,1245,0
8860,881,1867,0
8861,881,1370,0
8862,882,885,0
8863,882,886,0
8864,882,887,0
8865,882,888,0
8866,882,890,0
8867,882,4868,0
8868,882,1509,0
8869,882,2045,0
8870,883,884,0
8871,883,885,0
8872,883,886,0
8873,883,887,0
8874,883,888,0
8875,883,889,0
8876,883,1097,0
8877,883,1925,0
8878,883,1451,0
8879,883,1394,0
8880,883,2915,0
8881,883,2650,0
8882,884,885,0
8883,884,886,0
8884,884,887,0
8885,884,888,0
8886,884,889,0
8887,884,891,0
8888,884,1473,0
8889,884,4462,0
8890,884,1061,0
8891,885,886,0
8892,885,887,0
8893,885,889,0
8894,885,891,0
8895,885,892,0
8896,885,893,0
8897,885,2405,0
8898,885,3724,0
8899,885,3528,0
8900,885,3367,0
8901,885,4625,0
8902,885,4111,0
8903,885,3254,0
8904,886,887,0
8905,886,889,0
8906,886,891,0
8907,886,892,0
8908,886,893,0
8909,886,894,0
8910,886,1173,0
8911,886,2050,0
8912,887,888,0
8913,887,889,0
8914,887,890,0
8915,887,892,0
8916,887,893,0
8917,887,895,0
8918,887,2345,0
8919,887,2193,0
8920,888,890,0
8921,888,891,0
8922,888,892,0
8923,888,894,0
8924,888,895,0
8925,888,896,0
8926,888,1377,0
8927,888,1615,0
8928,888,1127,0
8929,889,891,0
8930,889,892,0
8931,889,893,0
8932,889,894,0
8933,889,895,0
8934,889,2294,0
8935,889,3969,0
8936,889,3959,0
8937,890,891,0
8938,890,892,0
8939,890,893,0
8940,890,898,0
8941,890,3382,0
8942,890,2527,0
8943,890,1593,0
8944,890,4875,0
8945,890,1707,0
8946,891,892,0
8947,891,895,0
8948,891,896,0
8949,891,897,0
8950,891,899,0
8951,891,4505,0
8952,891,3826,0
8953,891,3838,0
8954,891,3525,0
8955,891,2400,0
8956,891,3272,0
8957,891,1545,0
8958,891,2294,0
8959,892,893,0
8960,892,894,0
8961,892,895,0
8962,892,896,0
8963,892,897,0
8964,892,899,0
8965,892,3266,0
8966,892,4198,0
8967,892,2137,0
8968,892,4509,0
8969,893,894,0
8970,893,895,0
8971,893,896,0
8972,893,897,0
8973,893,898,0
8974,893,899,0
8975,893,900,0
8976,893,901,0
8977,893,3498,0
8978,893,4929,0
8979,894,896,0
8980,894,897,0
8981,894,898,0
8982,894,899,0
8983,894,900,0
8984,894,902,0
8985,894,3593,0
8986,894,4639,0
8987,895,896,0
8988,895,897,0
8989,895,899,0
8990,895,900,0
8991,895,901,0
8992,895,902,0
8993,895,903,0
8994,895,4421,0
8995,896,897,0
8996,896,898,0
8997,896,904,0
8998,896,3919,0
8999,896,3338,0
9000,896,2388,0
9001,896,2698,0
9002,896,3696,0
9003,897,898,0
9004,897,899,0
9005,897,900,0
9006,897,905,0
9007,897,2080,0
9008,898,899,0
9009,898,901,0
9010,898,903,0
9011,898,904,0
9012,898,905,0
9013,898,906,0
9014,898,1546,0
9015,898,1911,0
9016,898,4768,0
9017,899,901,0
9018,899,902,0
9019,899,903,0
9020,899,904,0
9021,899,907,0
9022,899,3200,0
9023,899,3287,0
9024,899,1588,0
9025,900,901,0
9026,900,902,0
9027,900,904,0
9028,900,905,0
9029,900,906,0
9030,900,908,0
9031,900,3198,0
9032,900,1831,0
9033,901,902,0
9034,901,903,0
9035,901,905,0
9036,901,906,0
9037,901,907,0
9038,901,908,0
9039,901,909,0
9040,901,1313,0
9041,902,903,0
9042,902,904,0
9043,902,907,0
9044,902,909,0
9045,902,910,0
9046,902,1405,0
9047,902,3868,0
9048,902,3320,0
9049,902,1814,0
9050,902,3329,0
9051,903,904,0
9052,903,905,0
9053,903,907,0
9054,903,908,0
9055,903,910,0
9056,903,911,0
9057,903,3244,0
9058,903,4042,0
9059,904,907,0
9060,904,908,0
9061,904,909,0
9062,904,910,0
9063,904,911,0
9064,904,912,0
9065,904,1198,0
9066,904,2823,0
9067,905,907,0
9068,905,908,0
9069,905,909,0
9070,905,910,0
9071,905,911,0
9072,905,912,0
9073,905,913,0
9074,905,1400,0
9075,905,2894,0
9076,905,2156,0
9077,905,2232,0
9078,906,907,0
9079,906,909,0
9080,906,910,0
9081,906,913,0
9082,906,914,0
9083,906,4359,0
9084,906,1403,0
9085,906,2568,0
9086,906,2816,0
9087,907,910,0
9088,907,912,0
9089,907,913,0
9090,907,914,0
9091,907,915,0
9092,907,2370,0
9093,907,2203,0
9094,907,4331,0
9095,907,4300,0
9096,908,909,0
9097,908,910,0
9098,908,911,0
9099,908,913,0
9100,908,914,0
9101,908,915,0
9102,908,916,0
9103,908,4957,0
9104,908,2720,0
9105,908,3471,0
9106,908,2602,0
9107,909,911,0
9108,909,912,0
9109,909,913,0
9110,909,914,0
9111,909,915,0
9112,909,916,0
9113,909,4768,0
9114,909,4661,0
9115,910,911,0
9116,910,912,0
9117,910,914,0
9118,910,915,0
9119,910,916,0
9120,910,918,0
9121,910,3422,0
9122,910,3370,0
9123,910,4619,0
9124,910,2657,0
9125,911,912,0
9126,911,917,0
9127,911,918,0
9128,911,4069,0
9129,911,2768,0
9130,911,4538,0
9131,911,993,0
9132,911,4422,0
9133,911,2560,0
9134,912,913,0
9135,912,914,0
9136,912,915,0
9137,912,916,0
9138,912,917,0
9139,912,918,0
9140,912,919,0
9141,912,920,0
9142,912,2144,0
9143,913,915,0
9144,913,917,0
9145,913,918,0
9146,913,919,0
9147,913,921,0
9148,913,4246,0
9149,913,970,0
9150,913,4208,0
9151,914,915,0
9152,914,916,0
9153,914,917,0
9154,914,918,0
9155,914,920,0
9156,914,922,0
9157,914,4844,0
9158,914,2902,0
9159,914,3434,0
9160,914,1479,0
9161,914,2627,0
9162,915,917,0
9163,915,918,0
9164,915,919,0
9165,915,920,0
9166,915,921,0
9167,915,4794,0
9168,915,1235,0
9169,915,3289,0
9170,915,3456,0
9171,915,4115,0
9172,915,2402,0
9173,916,920,0
9174,916,924,0
9175,916,4215,0
9176,916,3520,0
9177,916,4399,0
9178,916,1085,0
9179,916,1868,0
9180,916,3204,0
9181,916,2338,0
9182,916,3577,0
9183,916,3273,0
9184,916,3493,0
9185,917,918,0
9186,917,920,0
9187,917,921,0
9188,917,923,0
9189,917,924,0
9190,917,925,0
9191,917,2579,0
9192,917,2424,0
9193,917,3908,0
9194,918,919,0
9195,918,921,0
9196,918,922,0
9197,918,924,0
9198,918,925,0
9199,918,926,0
9200,918,3471,0
9201,919,922,0
9202,919,924,0
9203,919,925,0
9204,919,4836,0
9205,919,2149,0
9206,919,1026,0
9207,919,2915,0
9208,919,4135,0
9209,919,1194,0
9210,919,3938,0
9211,920,922,0
9212,920,923,0
9213,920,924,0
9214,920,925,0
9215,920,926,0
9216,920,2766,0
9217,920,4539,0
9218,920,4784,0
9219,921,922,0
9220,921,923,0
9221,921,924,0
9222,921,925,0
9223,921,926,0
9224,921,927,0
9225,921,928,0
9226,921,3642,0
9227,921,2424,0
9228,922,926,0
9229,922,928,0
9230,922,930,0
9231,922,3566,0
9232,922,2357,0
9233,922,2985,0
9234,922,4116,0
9235,923,924,0
9236,923,926,0
9237,923,928,0
9238,923,929,0
9239,923,930,0
9240,923,931,0
9241,923,3610,0
9242,923,3884,0
9243,923,4855,0
9244,924,925,0
9245,924,926,0
9246,924,927,0
9247,924,928,0
9248,924,930,0
9249,924,931,0
9250,924,2243,0
9251,924,4245,0
9252,925,928,0
9253,925,929,0
9254,925,930,0
9255,925,931,0
9256,925,932,0
9257,925,3770,0
9258,925,4698,0
9259,925,3118,0
9260,925,1166,0
9261,925,1414,0
9262,926,927,0
9263,926,928,0
9264,926,930,0
9265,926,931,0
9266,926,932,0
9267,926,933,0
9268,926,3074,0
9269,926,4605,0
9270,927,928,0
9271,927,929,0
9272,927,930,0
9273,927,931,0
9274,927,933,0
9275,927,1190,0
9276,927,4516,0
9277,927,2933,0
9278,928,929,0
9279,928,930,0
9280,928,931,0
9281,928,932,0
9282,928,936,0
9283,928,1699,0
9284,928,2894,0
9285,928,1566,0
9286,928,1600,0
9287,929,930,0
9288,929,931,0
9289,929,932,0
9290,929,933,0
9291,929,935,0
9292,929,3297,0
9293,929,1959,0
9294,929,3276,0
9295,929,1173,0
9296,930,932,0
9297,930,933,0
9298,930,934,0
9299,930,936,0
9300,930,937,0
9301,930,938,0
9302,930,3501,0
9303,930,4974,0
9304,931,932,0
9305,931,934,0
9306,931,935,0
9307,931,937,0
9308,931,939,0
9309,931,3391,0
9310,931,3545,0
9311,931,2767,0
9312,931,1536,0
9313,932,933,0
9314,932,936,0
9315,932,938,0
9316,932,939,0
9317,932,2251,0
9318,932,4683,0
9319,932,4274,0
9320,932,1296,0
9321,933,936,0
9322,933,938,0
9323,933,939,0
9324,933,941,0
9325,933,3006,0
9326,933,2758,0
9327,933,3371,0
9328,933,2136,0
9329,933,2188,0
9330,934,936,0
9331,934,937,0
9332,934,938,0
9333,934,939,0
9334,934,940,0
9335,934,1290,0
9336,934,4966,0
9337,934,1528,0
9338,934,4408,0
9339,935,937,0
9340,935,940,0
9341,935,941,0
9342,935,942,0
9343,935,2367,0
9344,935,2435,0
9345,935,1531,0
9346,935,3012,0
9347,935,4701,0
9348,935,3761,0
9349,935,2625,0
9350,936,938,0
9351,936,939,0
9352,936,940,0
9353,936,942,0
9354,936,943,0
9355,936,944,0
9356,936,2773,0
9357,936,2760,0
9358,936,4794,0
9359,937,939,0
9360,937,942,0
9361,937,943,0
9362,937,944,0
9363,937,945,0
9364,937,3778,0
9365,937,1480,0
9366,937,3295,0
9367,937,950,0
9368,938,940,0
9369,938,941,0
9370,938,943,0
9371,938,944,0
9372,938,945,0
9373,938,946,0
9374,938,2281,0
9375,938,4623,0
9376,938,1266,0
9377,938,3624,0
9378,939,941,0
9379,939,942,0
9380,939,943,0
9381,939,945,0
9382,939,946,0
9383,939,947,0
9384,939,1085,0
9385,939,4229,0
9386,939,1145,0
9387,939,986,0
9388,939,4479,0
9389,940,941,0
9390,940,942,0
9391,940,943,0
9392,940,944,0
9393,940,945,0
9394,940,947,0
9395,940,4097,0
9396,940,1874,0
9397,941,942,0
9398,941,943,0
9399,941,944,0
9400,941,946,0
9401,941,947,0
9402,941,948,0
9403,941,949,0
9404,941,2303,0
9405,941,3847,0
9406,941,2319,0
9407,941,4735,0
9408,942,944,0
9409,942,945,0
9410,942,946,0
9411,942,947,0
9412,942,948,0
9413,942,949,0
9414,942,950,0
9415,942,1829,0
9416,942,4626,0
9417,943,944,0
9418,943,945,0
9419,943,946,0
9420,943,948,0
9421,943,949,0
9422,943,951,0
9423,943,1066,0
9424,943,1863,0
9425,943,3073,0
9426,944,945,0
9427,944,946,0
9428,944,947,0
9429,944,948,0
9430,944,949,0
9431,944,952,0
9432,944,2534,0
9433,944,2124,0
9434,944,3016,0
9435,944,1607,0
9436,944,3830,0
9437,944,4018,0
9438,945,949,0
9439,945,951,0
9440,945,953,0
9441,945,2423,0
9442,945,4455,0
9443,945,3555,0
9444,945,2739,0
9445,945,4748,0
9446,945,4433,0
9447,945,2682,0
9448,945,4473,0
9449,946,947,0
9450,946,950,0
9451,946,953,0
9452,946,2871,0
9453,946,1854,0
9454,946,3244,0
9455,946,4635,0
9456,946,3071,0
9457,946,1106,0
9458,947,948,0
9459,947,952,0
9460,947,955,0
9461,947,2062,0
9462,947,2593,0
9463,947,1140,0
9464,947,2241,0
9465,947,3057,0
9466,947,4851,0
9467,947,1941,0
9468,947,1243,0
9469,947,3009,0
9470,947,4522,0
9471,948,949,0
9472,948,954,0
9473,948,956,0
9474,948,1632,0
9475,948,2216,0
9476,948,2861,0
9477,948,1507,0
9478,948,3365,0
9479,948,3914,0
9480,949,950,0
9481,949,951,0
9482,949,952,0
9483,949,953,0
9484,949,954,0
9485,949,956,0
9486,949,3413,0
9487,949,2929,0
9488,949,1855,0
9489,950,951,0
9490,950,952,0
9491,950,957,0
9492,950,958,0
9493,950,2609,0
9494,950,2395,0
9495,950,3566,0
9496,950,3846,0
9497,950,3818,0
9498,951,952,0
9499,951,955,0
9500,951,956,0
9501,951,957,0
9502,951,2456,0
9503,951,4221,0
9504,951,3677,0
9505,951,4629,0
9506,951,1274,0
9507,951,1258,0
9508,951,4170,0
9509,951,3816,0
9510,951,3638,0
9511,952,953,0
9512,952,957,0
9513,952,958,0
9514,952,959,0
9515,952,960,0
9516,952,1941,0
9517,952,3005,0
9518,952,3807,0
9519,952,2803,0
9520,952,3994,0
9521,953,954,0
9522,953,955,0
9523,953,956,0
9524,953,957,0
9525,953,959,0
9526,953,960,0
9527,953,961,0
9528,953,4551,0
9529,953,3037,0
9530,954,956,0
9531,954,957,0
9532,954,958,0
9533,954,960,0
9534,954,961,0
9535,954,1035,0
9536,954,4109,0
9537,954,1531,0
9538,955,957,0
9539,955,958,0
9540,955,961,0
9541,955,963,0
9542,955,2787,0
9543,955,2955,0
9544,955,3501,0
9545,955,1806,0
9546,955,2154,0
9547,956,960,0
9548,956,963,0
9549,956,2072,0
9550,956,1647,0
9551,956,3207,0
9552,956,2406,0
9553,956,3404,0
9554,956,3434,0
9555,956,1305,0
9556,956,3728,0
9557,957,958,0
9558,957,959,0
9559,957,960,0
9560,957,961,0
9561,957,962,0
9562,957,963,0
9563,957,965,0
9564,957,1588,0
9565,957,2304,0
9566,958,959,0
9567,958,960,0
9568,958,961,0
9569,958,962,0
9570,958,1159,0
9571,958,4033,0
9572,958,4167,0
9573,958,3040,0
9574,958,3964,0
9575,959,960,0
9576,959,961,0
9577,959,962,0
9578,959,963,0
9579,959,964,0
9580,959,965,0
9581,959,966,0
9582,959,1022,0
9583,959,1960,0
9584,959,1284,0
9585,959,3042,0
9586,960,961,0
9587,960,962,0
9588,960,963,0
9589,960,964,0
9590,960,965,0
9591,960,966,0
9592,960,967,0
9593,960,968,0
9594,960,2313,0
9595,960,4553,0
9596,961,962,0
9597,961,963,0
9598,961,964,0
9599,961,965,0
9600,961,966,0
9601,961,967,0
9602,961,969,0
9603,961,1200,0
9604,962,964,0
9605,962,965,0
9606,962,966,0
9607,962,967,0
9608,962,969,0
9609,962,3389,0
9610,962,4350,0
9611,962,1407,0
9612,962,4011,0
9613,962,2735,0
9614,962,1160,0
9615,963,964,0
9616,963,967,0
9617,963,968,0
9618,963,969,0
9619,963,970,0
9620,963,971,0
9621,963,2620,0
9622,963,990,0
9623,964,965,0
9624,964,966,0
9625,964,968,0
9626,964,969,0
9627,964,971,0
9628,964,2399,0
9629,964,3898,0
9630,964,3121,0
9631,964,3434,0
9632,965,966,0
9633,965,967,0
9634,965,968,0
9635,965,970,0
9636,965,971,0
9637,965,973,0
9638,965,985,0
9639,965,4362,0
9640,965,2870,0
9641,966,967,0
9642,966,969,0
9643,966,970,0
9644,966,971,0
9645,966,973,0
9646,966,974,0
9647,966,2612,0
9648,966,4605,0
9649,967,968,0
9650,967,969,0
9651,967,970,0
9652,967,971,0
9653,967,974,0
9654,967,2467,0
9655,967,2261,0
9656,967,4221,0
9657,967,1662,0
9658,967,2772,0
9659,968,971,0
9660,968,973,0
9661,968,975,0
9662,968,976,0
9663,968,4562,0
9664,968,2528,0
9665,968,4593,0
9666,968,4734,0
9667,968,1989,0
9668,969,970,0
9669,969,974,0
9670,969,975,0
9671,969,977,0
9672,969,3233,0
9673,969,4632,0
9674,969,4525,0
9675,969,2389,0
9676,969,4025,0
9677,970,971,0
9678,970,973,0
9679,970,976,0
9680,970,977,0
9681,970,978,0
9682,970,1937,0
9683,970,4343,0
9684,970,1947,0
9685,970,4960,0
9686,970,1606,0
9687,970,4464,0
9688,970,4526,0
9689,971,975,0
9690,971,976,0
9691,971,977,0
9692,971,3151,0
9693,971,1686,0
9694,971,2574,0
9695,971,3752,0
9696,971,1632,0
9697,971,3480,0
9698,971,3037,0
9699,971,1674,0
9700,972,973,0
9701,972,974,0
9702,972,977,0
9703,972,979,0
9704,972,980,0
9705,972,2832,0
9706,972,1814,0
9707,972,1844,0
9708,972,2067,0
9709,972,2303,0
9710,972,3342,0
9711,972,3278,0
9712,973,975,0
9713,973,977,0
9714,973,979,0
9715,973,980,0
9716,973,981,0
9717,973,4090,0
9718,973,4406,0
9719,973,3259,0
9720,974,975,0
9721,974,976,0
9722,974,977,0
9723,974,978,0
9724,974,980,0
9725,974,982,0
9726,974,3531,0
9727,974,2803,0
9728,975,977,0
9729,975,978,0
9730,975,979,0
9731,975,980,0
9732,975,981,0
9733,975,983,0
9734,975,1572,0
9735,975,2671,0
9736,975,4454,0
9737,975,4690,0
9738,976,977,0
9739,976,978,0
9740,976,981,0
9741,976,984,0
9742,976,4592,0
9743,976,1128,0
9744,976,4597,0
9745,977,978,0
9746,977,979,0
9747,977,980,0
9748,977,981,0
9749,977,982,0
9750,977,983,0
9751,977,984,0
9752,977,985,0
9753,977,3286,0
9754,977,3677,0
9755,978,979,0
9756,978,980,0
9757,978,981,0
9758,978,983,0
9759,978,984,0
9760,978,985,0
9761,978,986,0
9762,978,1383,0
9763,978,1648,0
9764,979,980,0
9765,979,981,0
9766,979,983,0
9767,979,984,0
9768,979,985,0
9769,979,987,0
9770,979,4485,0
9771,979,2892,0
9772,979,2715,0
9773,980,982,0
9774,980,983,0
9775,980,985,0
9776,980,986,0
9777,980,987,0
9778,980,2891,0
9779,980,3421,0
9780,980,1439,0
9781,980,2245,0
9782,980,1847,0
9783,981,982,0
9784,981,984,0
9785,981,985,0
9786,981,986,0
9787,981,987,0
9788,981,988,0
9789,981,989,0
9790,981,1627,0
9791,981,4520,0
9792,982,983,0
9793,982,984,0
9794,982,985,0
9795,982,988,0
9796,982,989,0
9797,982,990,0
9798,982,1107,0
9799,982,2575,0
9800,982,4485,0
9801,983,984,0
9802,983,986,0
9803,983,987,0
9804,983,989,0
9805,983,990,0
9806,983,991,0
9807,983,3465,0
9808,983,2646,0
9809,983,2798,0
9810,983,2587,0
9811,983,1005,0
9812,984,986,0
9813,984,987,0
9814,984,990,0
9815,984,991,0
9816,984,992,0
9817,984,4645,0
9818,984,4157,0
9819,984,4465,0
9820,984,3511,0
9821,985,986,0
9822,985,987,0
9823,985,989,0
9824,985,990,0
9825,985,992,0
9826,985,993,0
9827,985,2067,0
9828,985,3653,0
9829,985,3028,0
9830,985,3637,0
9831,985,2479,0
9832,985,2274,0
9833,986,987,0
9834,986,989,0
9835,986,990,0
9836,986,991,0
9837,986,3931,0
9838,986,4844,0
9839,986,1385,0
9840,986,2317,0
9841,986,3737,0
9842,987,988,0
9843,987,989,0
9844,987,990,0
9845,987,993,0
9846,987,995,0
9847,987,3709,0
9848,987,1112,0
9849,988,989,0
9850,988,990,0
9851,988,991,0
9852,988,993,0
9853,988,995,0
9854,988,3689,0
9855,988,3273,0
9856,988,2675,0
9857,989,991,0
9858,989,992,0
9859,989,993,0
9860,989,994,0
9861,989,995,0
9862,989,996,0
9863,989,997,0
9864,989,1908,0
9865,989,3226,0
9866,990,994,0
9867,990,995,0
9868,990,996,0
9869,990,998,0
9870,990,3981,0
9871,990,1145,0
9872,990,1186,0
9873,990,3014,0
9874,990,1058,0
9875,991,992,0
9876,991,993,0
9877,991,994,0
9878,991,996,0
9879,991,997,0
9880,991,4684,0
9881,991,3846,0
9882,991,4663,0
9883,992,994,0
9884,992,995,0
9885,992,997,0
9886,992,998,0
9887,992,1000,0
9888,992,3853,0
9889,992,1979,0
9890,992,1945,0
9891,992,2571,0
9892,992,1050,0
9893,993,996,0
9894,993,998,0
9895,993,999,0
9896,993,1000,0
9897,993,2200,0
9898,993,4503,0
9899,993,1767,0
9900,993,4263,0
9901,993,2312,0
9902,994,995,0
9903,994,997,0
9904,994,998,0
9905,994,999,0
9906,994,1000,0
9907,994,1002,0
9908,994,1315,0
9909,994,3906,0
9910,995,996,0
9911,995,997,0
9912,995,998,0
9913,995,999,0
9914,995,1000,0
9915,995,1002,0
9916,995,1003,0
9917,995,2240,0
9918,995,2006,0
9919,996,997,0
9920,996,998,0
9921,996,999,0
9922,996,1001,0
9923,996,1002,0
9924,996,1003,0
9925,996,1004,0
9926,996,1995,0
9927,996,2253,0
9928,997,998,0
9929,997,999,0
9930,997,1000,0
9931,997,1003,0
9932,997,1004,0
9933,997,3748,0
9934,997,2548,0
9935,997,2842,0
9936,997,2680,0
9937,997,1758,0
9938,997,2211,0
9939,997,4743,0
9940,998,999,0
9941,998,1001,0
9942,998,1004,0
9943,998,1006,0
9944,998,3967,0
9945,998,3150,0
9946,998,2175,0
9947,998,1258,0
9948,998,4020,0
9949,999,1000,0
9950,999,1002,0
9951,999,1003,0
9952,999,1005,0
9953,999,1006,0
9954,999,2502,0
9955,999,2986,0
9956,999,4928,0
9957,999,2039,0
9958,999,4422,0
9959,999,1202,0
9960,999,3177,0
9961,1000,1002,0
9962,1000,1003,0
9963,1000,1005,0
9964,1000,1006,0
9965,1000,1007,0
9966,1000,1008,0
9967,1000,3704,0
9968,1000,3822,0
9969,1000,4358,0
9970,1001,1002,0
9971,1001,1003,0
9972,1001,1004,0
9973,1001,1005,0
9974,1001,1006,0
9975,1001,1007,0
9976,1001,1008,0
9977,1001,1009,0
9978,1001,3331,0
9979,1001,2705,0
9980,1001,4668,0
9981,1001,1921,0
9982,1001,3083,0
9983,1001,3344,0
9984,1001,3866,0
9985,1002,1003,0
9986,1002,1004,0
9987,1002,1005,0
9988,1002,1007,0
9989,1002,1008,0
9990,1002,1009,0
9991,1002,1010,0
9992,1002,3586,0
9993,1002,2383,0
9994,1002,4735,0
9995,1002,4799,0
9996,1002,1331,0
9997,1002,4860,0
9998,1003,1004,0
9999,1003,1006,0
10000,1003,1007,0
10001,1003,1008,0
10002,1003,1009,0
10003,1003,4537,0
10004,1004,1006,0
10005,1004,1009,0
10006,1004,1010,0
10007,1004,1011,0
10008,1004,2641,0
10009,1004,4922,0
10010,1004,4334,0
10011,1004,1734,0
10012,1004,3152,0
10013,1005,1006,0
10014,1005,1007,0
10015,1005,1011,0
10016,1005,1013,0
10017,1005,1081,0
10018,1005,1042,0
10019,1005,3762,0
10020,1005,3113,0
10021,1005,3617,0
10022,1005,3214,0
10023,1006,1007,0
10024,1006,1008,0
10025,1006,1009,0
10026,1006,1010,0
10027,1006,1011,0
10028,1006,1012,0
10029,1006,2132,0
10030,1006,2328,0
10031,1006,1533,0
10032,1006,3580,0
10033,1007,1008,0
10034,1007,1009,0
10035,1007,1010,0
10036,1007,1011,0
10037,1007,1012,0
10038,1007,1013,0
10039,1007,1014,0
10040,1007,1015,0
10041,1007,4142,0
10042,1007,4173,0
10043,1007,4920,0
10044,1008,1009,0
10045,1008,1012,0
10046,1008,1016,0
10047,1008,2107,0
10048,1008,3513,0
10049,1008,3063,0
10050,1008,2416,0
10051,1008,1944,0
10052,1008,2113,0
10053,1009,1010,0
10054,1009,1012,0
10055,1009,1013,0
10056,1009,1015,0
10057,1009,1016,0
10058,1009,1017,0
10059,1009,4601,0
10060,1009,3484,0
10061,1010,1011,0
10062,1010,1012,0
10063,1010,1013,0
10064,1010,1015,0
10065,1010,1016,0
10066,1010,1017,0
10067,1010,1018,0
10068,1010,4431,0
10069,1010,1251,0
10070,1010,2729,0
10071,1010,4851,0
10072,1011,1012,0
10073,1011,1013,0
10074,1011,1014,0
10075,1011,1019,0
10076,1011,2941,0
10077,1011,1790,0
10078,1011,4608,0
10079,1011,2521,0
10080,1012,1014,0
10081,1012,1016,0
10082,1012,1017,0
10083,1012,1020,0
10084,1012,1800,0
10085,1012,2299,0
10086,1012,1160,0
10087,1012,3828,0
10088,1012,3407,0
10089,1013,1014,0
10090,1013,1015,0
10091,1013,1016,0
10092,1013,1017,0
10093,1013,1018,0
10094,1013,1019,0
10095,1013,1021,0
10096,1013,4823,0
10097,1014,1016,0
10098,1014,1017,0
10099,1014,1018,0
10100,1014,1019,0
10101,1014,3402,0
10102,1014,1996,0
10103,1014,4121,0
10104,1014,1676,0
10105,1014,4743,0
10106,1015,1016,0
10107,1015,1017,0
10108,1015,1021,0
10109,1015,1022,0
10110,1015,4532,0
10111,1015,1402,0
10112,1015,3939,0
10113,1016,1017,0
10114,1016,1018,0
10115,1016,1020,0
10116,1016,1022,0
10117,1016,1145,0
10118,1016,2694,0
10119,1016,4432,0
10120,1016,4943,0
10121,1016,4928,0
10122,1016,2128,0
10123,1017,1018,0
10124,1017,1019,0
10125,1017,1020,0
10126,1017,1022,0
10127,1017,1023,0
10128,1017,1024,0
10129,1017,1760,0
10130,1017,2024,0
10131,1017,1098,0
10132,1017,3564,0
10133,1017,3973,0
10134,1017,1720,0
10135,1017,3939,0
10136,1018,1019,0
10137,1018,1021,0
10138,1018,1022,0
10139,1018,1023,0
10140,1018,1024,0
10141,1018,1025,0
10142,1018,1026,0
10143,1018,1954,0
10144,1018,2034,0
10145,1018,2076,0
10146,1018,3216,0
10147,1019,1021,0
10148,1019,1022,0
10149,1019,1023,0
10150,1019,1024,0
10151,1019,1025,0
10152,1019,1026,0
10153,1019,1027,0
10154,1019,4382,0
10155,1020,1021,0
10156,1020,1026,0
10157,1020,1027,0
10158,1020,1766,0
10159,1020,1749,0
10160,1020,2076,0
10161,1020,3209,0
10162,1020,2040,0
10163,1021,1022,0
10164,1021,1023,0
10165,1021,1024,0
10166,1021,1025,0
10167,1021,1026,0
10168,1021,1027,0
10169,1021,1028,0
10170,1021,1029,0
10171,1021,1360,0
10172,1021,1457,0
10173,1021,4868,0
10174,1022,1027,0
10175,1022,1028,0
10176,1022,1029,0
10177,1022,1030,0
10178,1022,3750,0
10179,1022,2319,0
10180,1022,2305,0
10181,1023,1024,0
10182,1023,1025,0
10183,1023,1026,0
10184,1023,1028,0
10185,1023,1029,0
10186,1023,1031,0
10187,1023,4759,0
10188,1023,4643,0
10189,1023,4680,0
10190,1023,2864,0
10191,1024,1025,0
10192,1024,1028,0
10193,1024,1029,0
10194,1024,1030,0
10195,1024,1032,0
10196,1024,4788,0
10197,1024,4232,0
10198,1024,2222,0
10199,1024,2946,0
10200,1024,3071,0
10201,1024,1803,0
10202,1024,2634,0
10203,1025,1026,0
10204,1025,1027,0
10205,1025,1028,0
10206,1025,1031,0
10207,1025,1032,0
10208,1025,1033,0
10209,1025,1319,0
10210,1025,1354,0
10211,1025,3846,0
10212,1025,2439,0
10213,1025,1307,0
10214,1026,1027,0
10215,1026,1029,0
10216,1026,1030,0
10217,1026,1031,0
10218,1026,1032,0
10219,1026,1033,0
10220,1026,1557,0
10221,1026,4148,0
10222,1026,4084,0
10223,1026,1715,0
10224,1027,1029,0
10225,1027,1030,0
10226,1027,1031,0
10227,1027,1032,0
10228,1027,1033,0
10229,1027,1035,0
10230,1027,2880,0
10231,1027,3935,0
10232,1027,3963,0
10233,1027,2345,0
10234,1027,2109,0
10235,1027,2245,0
10236,1028,1029,0
10237,1028,1030,0
10238,1028,1031,0
10239,1028,1032,0
10240,1028,1035,0
10241,1028,3692,0
10242,1028,4751,0
10243,1028,3983,0
10244,1028,3664,0
10245,1028,4839,0
10246,1029,1030,0
10247,1029,1032,0
10248,1029,1033,0
10249,1029,1036,0
10250,1029,1037,0
10251,1029,4936,0
10252,1029,2608,0
10253,1029,4695,0
10254,1029,3075,0
10255,1029,3827,0
10256,1030,1031,0
10257,1030,1032,0
10258,1030,1033,0
10259,1030,1034,0
10260,1030,1035,0
10261,1030,1036,0
10262,1030,1037,0
10263,1030,1038,0
10264,1030,1065,0
10265,1030,4711,0
10266,1031,1034,0
10267,1031,1038,0
10268,1031,3290,0
10269,1031,2897,0
10270,1031,1563,0
10271,1031,1463,0
10272,1031,3928,0
10273,1031,3244,0
10274,1031,4645,0
10275,1032,1033,0
10276,1032,1034,0
10277,1032,1035,0
10278,1032,1036,0
10279,1032,1037,0
10280,1032,1038,0
10281,1032,1040,0
10282,1032,4694,0
10283,1032,4486,0
10284,1033,1035,0
10285,1033,1036,0
10286,1033,1037,0
10287,1033,1038,0
10288,1033,1041,0
10289,1033,4558,0
10290,1033,2264,0
10291,1034,1035,0
10292,1034,1037,0
10293,1034,1038,0
10294,1034,1041,0
10295,1034,4918,0
10296,1034,1695,0
10297,1034,3646,0
10298,1034,4785,0
10299,1034,2766,0
10300,1035,1037,0
10301,1035,1038,0
10302,1035,1039,0
10303,1035,1040,0
10304,1035,1042,0
10305,1035,1043,0
10306,1035,1101,0
10307,1035,2437,0
10308,1035,3501,0
10309,1036,1037,0
10310,1036,1038,0
10311,1036,1040,0
10312,1036,1041,0
10313,1036,1042,0
10314,1036,1044,0
10315,1036,4248,0
10316,1036,4313,0
10317,1036,4749,0
10318,1036,3997,0
10319,1036,3971,0
10320,1037,1038,0
10321,1037,1039,0
10322,1037,1045,0
10323,1037,4326,0
10324,1037,4485,0
10325,1037,3263,0
10326,1037,4892,0
10327,1037,3949,0
10328,1037,3579,0
10329,1038,1039,0
10330,1038,1042,0
10331,1038,1043,0
10332,1038,1044,0
10333,1038,1045,0
10334,1038,2018,0
10335,1038,4913,0
10336,1038,4356,0
10337,1039,1040,0
10338,1039,1041,0
10339,1039,1044,0
10340,1039,1045,0
10341,1039,1046,0
10342,1039,2290,0
10343,1039,4120,0
10344,1039,3018,0
10345,1039,3066,0
10346,1040,1041,0
10347,1040,1043,0
10348,1040,1045,0
10349,1040,1046,0
10350,1040,4219,0
10351,1040,3968,0
10352,1040,1268,0
10353,1041,1044,0
10354,1041,1046,0
10355,1041,1047,0
10356,1041,1048,0
10357,1041,1049,0
10358,1041,3053,0
10359,1041,4492,0
10360,1042,1043,0
10361,1042,1044,0
10362,1042,1045,0
10363,1042,1046,0
10364,1042,1047,0
10365,1042,1049,0
10366,1042,1050,0
10367,1042,2130,0
10368,1042,2277,0
10369,1042,4525,0
10370,1043,1044,0
10371,1043,1045,0
10372,1043,1046,0
10373,1043,1048,0
10374,1043,1049,0
10375,1043,1050,0
10376,1043,1051,0
10377,1043,4168,0
10378,1043,2626,0
10379,1043,4809,0
10380,1044,1045,0
10381,1044,1046,0
10382,1044,1047,0
10383,1044,1048,0
10384,1044,1049,0
10385,1044,1051,0
10386,1044,1052,0
10387,1044,1732,0
10388,1044,3809,0
10389,1044,3025,0
10390,1044,1948,0
10391,1045,1046,0
10392,1045,1047,0
10393,1045,1048,0
10394,1045,1049,0
10395,1045,1050,0
10396,1045,1052,0
10397,1045,1053,0
10398,1045,3061,0
10399,1045,2094,0
10400,1045,2030,0
10401,1046,1049,0
10402,1046,1050,0
10403,1046,1051,0
10404,1046,1052,0
10405,1046,1053,0
10406,1046,1054,0
10407,1046,1316,0
10408,1046,4050,0
10409,1046,1493,0
10410,1046,1709,0
10411,1046,1202,0
10412,1046,2082,0
10413,1047,1048,0
10414,1047,1049,0
10415,1047,1050,0
10416,1047,1051,0
10417,1047,1052,0
10418,1047,1053,0
10419,1047,1055,0
10420,1047,3904,0
10421,1047,1482,0
10422,1047,1683,0
10423,1047,2155,0
10424,1048,1053,0
10425,1048,1054,0
10426,1048,1055,0
10427,1048,3424,0
10428,1048,2444,0
10429,1049,1050,0
10430,1049,1051,0
10431,1049,1053,0
10432,1049,1054,0
10433,1049,1056,0
10434,1049,1057,0
10435,1049,2294,0
10436,1049,3136,0
10437,1049,3155,0
10438,1050,1056,0
10439,1050,1057,0
10440,1050,4125,0
10441,1050,1177,0
10442,1050,2386,0
10443,1050,3945,0
10444,1050,1766,0
10445,1050,1542,0
10446,1051,1052,0
10447,1051,1053,0
10448,1051,1054,0
10449,1051,1055,0
10450,1051,1056,0
10451,1051,1057,0
10452,1051,1058,0
10453,1051,1059,0
10454,1051,3186,0
10455,1052,1053,0
10456,1052,1054,0
10457,1052,1055,0
10458,1052,1056,0
10459,1052,1059,0
10460,1052,1060,0
10461,1052,4883,0
10462,1052,1178,0
10463,1052,4142,0
10464,1053,1054,0
10465,1053,1055,0
10466,1053,1057,0
10467,1053,1058,0
10468,1053,1059,0
10469,1053,1060,0
10470,1053,1061,0
10471,1053,3974,0
10472,1054,1055,0
10473,1054,1056,0
10474,1054,1057,0
10475,1054,1058,0
10476,1054,1059,0
10477,1054,1061,0
10478,1054,1062,0
10479,1054,4635,0
10480,1054,2225,0
10481,1055,1057,0
10482,1055,1058,0
10483,1055,1059,0
10484,1055,1060,0
10485,1055,1061,0
10486,1055,1063,0
10487,1055,4791,0
10488,1055,1750,0
10489,1055,3542,0
10490,1055,3522,0
10491,1056,1058,0
10492,1056,1059,0
10493,1056,1060,0
10494,1056,1061,0
10495,1056,1062,0
10496,1056,1064,0
10497,1056,1090,0
10498,1056,3906,0
10499,1056,4444,0
10500,1056,4831,0
10501,1057,1058,0
10502,1057,1059,0
10503,1057,1061,0
10504,1057,1062,0
10505,1057,1063,0
10506,1057,1064,0
10507,1057,1065,0
10508,1057,3449,0
10509,1057,3526,0
10510,1058,1060,0
10511,1058,1061,0
10512,1058,1062,0
10513,1058,1063,0
10514,1058,1064,0
10515,1058,1066,0
10516,1058,2897,0
10517,1058,2260,0
10518,1058,1125,0
10519,1058,1311,0
10520,1058,2353,0
10521,1059,1060,0
10522,1059,1061,0
10523,1059,1062,0
10524,1059,1063,0
10525,1059,1064,0
10526,1059,1065,0
10527,1059,1400,0
10528,1059,1679,0
10529,1059,4356,0
10530,1060,1064,0
10531,1060,1065,0
10532,1060,1066,0
10533,1060,1068,0
10534,1060,2860,0
10535,1060,2770,0
10536,1060,4480,0
10537,1060,4252,0
10538,1060,4509,0
10539,1061,1062,0
10540,1061,1064,0
10541,1061,1065,0
10542,1061,1066,0
10543,1061,1067,0
10544,1061,1069,0
10545,1061,1392,0
10546,1061,3887,0
10547,1061,1610,0
10548,1061,1998,0
10549,1061,3429,0
10550,1061,4024,0
10551,1061,1338,0
10552,1061,1659,0
10553,1061,4132,0
10554,1061,1670,0
10555,1062,1063,0
10556,1062,1064,0
10557,1062,1065,0
10558,1062,1066,0
10559,1062,1067,0
10560,1062,1068,0
10561,1062,1070,0
10562,1062,4847,0
10563,1063,1064,0
10564,1063,1065,0
10565,1063,1066,0
10566,1063,1067,0
10567,1063,1068,0
10568,1063,1069,0
10569,1063,1070,0
10570,1064,1065,0
10571,1064,1066,0
10572,1064,1067,0
10573,1064,1068,0
10574,1064,1069,0
10575,1064,1070,0
10576,1064,3601,0
10577,1064,2871,0
10578,1064,4432,0
10579,1065,1066,0
10580,1065,1067,0
10581,1065,1069,0
10582,1065,1071,0
10583,1065,2823,0
10584,1066,1067,0
10585,1066,1068,0
10586,1066,1069,0
10587,1066,1071,0
10588,1066,1072,0
10589,1066,1073,0
10590,1066,1074,0
10591,1066,4049,0
10592,1066,2212,0
10593,1066,2802,0
10594,1066,4810,0
10595,1067,1068,0
10596,1067,1069,0
10597,1067,1070,0
10598,1067,1071,0
10599,1067,1075,0
10600,1067,3401,0
10601,1067,2342,0
10602,1067,3477,0
10603,1067,1098,0
10604,1067,2781,0
10605,1068,1069,0
10606,1068,1070,0
10607,1068,1071,0
10608,1068,1072,0
10609,1068,1076,0
10610,1068,1557,0
10611,1068,3315,0
10612,1068,3352,0
10613,1068,3633,0
10614,1068,4284,0
10615,1069,1070,0
10616,1069,1072,0
10617,1069,1073,0
10618,1069,1074,0
10619,1069,1076,0
10620,1069,1077,0
10621,1069,2248,0
10622,1069,1513,0
10623,1069,1647,0
10624,1069,4446,0
10625,1069,2218,0
10626,1070,1071,0
10627,1070,1073,0
10628,1070,1074,0
10629,1070,1075,0
10630,1070,1077,0
10631,1070,1078,0
10632,1070,2459,0
10633,1070,4310,0
10634,1070,4114,0
10635,1070,4351,0
10636,1070,1585,0
10637,1070,3861,0
10638,1071,1072,0
10639,1071,1073,0
10640,1071,1076,0
10641,1071,1077,0
10642,1071,1252,0
10643,1071,4700,0
10644,1071,3766,0
10645,1071,2140,0
10646,1071,3714,0
10647,1071,2951,0
10648,1072,1075,0
10649,1072,1076,0
10650,1072,1077,0
10651,1072,1078,0
10652,1072,1079,0
10653,1072,1859,0
10654,1072,2851,0
10655,1072,4036,0
10656,1072,2098,0
10657,1072,3789,0
10658,1072,3920,0
10659,1072,1693,0
10660,1072,2286,0
10661,1072,1611,0
10662,1073,1074,0
10663,1073,1076,0
10664,1073,1077,0
10665,1073,1078,0
10666,1073,1080,0
10667,1073,1081,0
10668,1073,1954,0
10669,1073,2542,0
10670,1073,4233,0
10671,1073,1827,0
10672,1074,1075,0
10673,1074,1078,0
10674,1074,1079,0
10675,1074,1081,0
10676,1074,1082,0
10677,1074,2600,0
10678,1074,2648,0
10679,1074,2428,0
10680,1074,3273,0
10681,1075,1076,0
10682,1075,1078,0
10683,1075,1080,0
10684,1075,1081,0
10685,1075,1082,0
10686,1075,1083,0
10687,1075,4674,0
10688,1075,2308,0
10689,1075,2745,0
10690,1076,1077,0
10691,1076,1078,0
10692,1076,1079,0
10693,1076,1080,0
10694,1076,1081,0
10695,1076,1082,0
10696,1076,1083,0
10697,1076,1084,0
10698,1076,2688,0
10699,1076,3981,0
10700,1077,1078,0
10701,1077,1079,0
10702,1077,1081,0
10703,1077,1082,0
10704,1077,1084,0
10705,1077,1945,0
10706,1077,3691,0
10707,1077,3571,0
10708,1077,4234,0
10709,1078,1079,0
10710,1078,1080,0
10711,1078,1082,0
10712,1078,1086,0
10713,1078,3387,0
10714,1078,4944,0
10715,1078,4959,0
10716,1078,3233,0
10717,1078,3545,0
10718,1079,1080,0
10719,1079,1081,0
10720,1079,1083,0
10721,1079,1084,0
10722,1079,1085,0
10723,1079,2000,0
10724,1079,1277,0
10725,1079,1798,0
10726,1079,2501,0
10727,1080,1081,0
10728,1080,1082,0
10729,1080,1083,0
10730,1080,1084,0
10731,1080,1085,0
10732,1080,1086,0
10733,1080,1087,0
10734,1080,1088,0
10735,1080,3027,0
10736,1080,2224,0
10737,1080,4214,0
10738,1081,1082,0
10739,1081,1084,0
10740,1081,1085,0
10741,1081,1086,0
10742,1081,1087,0
10743,1081,3872,0
10744,1081,4911,0
10745,1081,2682,0
10746,1081,4100,0
10747,1082,1083,0
10748,1082,1084,0
10749,1082,1085,0
10750,1082,1086,0
10751,1082,1089,0
10752,1082,1090,0
10753,1082,4248,0
10754,1082,4025,0
10755,1083,1084,0
10756,1083,1085,0
10757,1083,1086,0
10758,1083,1087,0
10759,1083,1088,0
10760,1083,1089,0
10761,1083,1090,0
10762,1083,1091,0
10763,1083,3768,0
10764,1083,4209,0
10765,1083,1987,0
10766,1084,1085,0
10767,1084,1086,0
10768,1084,1087,0
10769,1084,1088,0
10770,1084,1089,0
10771,1084,1091,0
10772,1084,2010,0
10773,1084,3591,0
10774,1084,1291,0
10775,1084,2608,0
10776,1084,2956,0
10777,1084,4565,0
10778,1085,1087,0
10779,1085,1088,0
10780,1085,1089,0
10781,1085,1090,0
10782,1085,1091,0
10783,1085,1093,0
10784,1085,1635,0
10785,1085,4953,0
10786,1086,1087,0
10787,1086,1088,0
10788,1086,1090,0
10789,1086,1091,0
10790,1086,1092,0
10791,1086,1093,0
10792,1086,1094,0
10793,1086,4542,0
10794,1086,1119,0
10795,1087,1089,0
10796,1087,1091,0
10797,1087,1092,0
10798,1087,1093,0
10799,1087,1094,0
10800,1087,1095,0
10801,1087,3363,0
10802,1087,3413,0
10803,1087,4213,0
10804,1087,4138,0
10805,1088,1089,0
10806,1088,1092,0
10807,1088,1093,0
10808,1088,1095,0
10809,1088,1096,0
10810,1088,2089,0
10811,1088,3652,0
10812,1088,2455,0
10813,1088,3124,0
10814,1088,3811,0
10815,1088,4622,0
10816,1089,1091,0
10817,1089,1092,0
10818,1089,1096,0
10819,1089,1097,0
10820,1089,3916,0
10821,1089,4147,0
10822,1089,3964,0
10823,1089,1393,0
10824,1089,1722,0
10825,1089,3631,0
10826,1090,1091,0
10827,1090,1093,0
10828,1090,1094,0
10829,1090,1095,0
10830,1090,1097,0
10831,1090,1098,0
10832,1090,1177,0
10833,1090,1633,0
10834,1091,1092,0
10835,1091,1093,0
10836,1091,1094,0
10837,1091,1095,0
10838,1091,1096,0
10839,1091,1097,0
10840,1091,1098,0
10841,1091,1099,0
10842,1092,1093,0
10843,1092,1097,0
10844,1092,4275,0
10845,1092,4583,0
10846,1092,2267,0
10847,1092,2327,0
10848,1092,2186,0
10849,1092,1202,0
10850,1092,1411,0
10851,1093,1094,0
10852,1093,1096,0
10853,1093,1097,0
10854,1093,1098,0
10855,1093,1100,0
10856,1093,1101,0
10857,1093,1627,0
10858,1093,4863,0
10859,1093,2694,0
10860,1093,2758,0
10861,1093,2142,0
10862,1093,3455,0
10863,1094,1097,0
10864,1094,1100,0
10865,1094,1101,0
10866,1094,4205,0
10867,1094,4348,0
10868,1094,3985,0
10869,1094,4717,0
10870,1095,1098,0
10871,1095,1099,0
10872,1095,1103,0
10873,1095,3555,0
10874,1095,4997,0
10875,1095,3509,0
10876,1095,3489,0
10877,1096,1097,0
10878,1096,1098,0
10879,1096,1100,0
10880,1096,1101,0
10881,1096,1102,0
10882,1096,1104,0
10883,1096,2966,0
10884,1096,4627,0
10885,1096,4410,0
10886,1097,1098,0
10887,1097,1100,0
10888,1097,1101,0
10889,1097,1102,0
10890,1097,1104,0
10891,1097,1105,0
10892,1097,2933,0
10893,1098,1100,0
10894,1098,1101,0
10895,1098,1102,0
10896,1098,1105,0
10897,1098,1106,0
10898,1098,4344,0
10899,1098,1650,0
10900,1098,4560,0
10901,1098,1502,0
10902,1098,2526,0
10903,1099,1101,0
10904,1099,1102,0
10905,1099,1103,0
10906,1099,1104,0
10907,1099,1106,0
10908,1099,3097,0
10909,1099,1513,0
10910,1100,1101,0
10911,1100,1102,0
10912,1100,1103,0
10913,1100,1104,0
10914,1100,1105,0
10915,1100,1106,0
10916,1100,1107,0
10917,1100,1108,0
10918,1100,1580,0
10919,1100,3228,0
10920,1100,4110,0
10921,1101,1102,0
10922,1101,1103,0
10923,1101,1104,0
10924,1101,1106,0
10925,1101,1107,0
10926,1101,4726,0
10927,1101,1323,0
10928,1101,2028,0
10929,1101,1265,0
10930,1101,4172,0
10931,1102,1103,0
10932,1102,1105,0
10933,1102,1106,0
10934,1102,1107,0
10935,1102,1108,0
10936,1102,1109,0
10937,1102,1110,0
10938,1102,3975,0
10939,1102,4535,0
10940,1102,2270,0
10941,1103,1104,0
10942,1103,1105,0
10943,1103,1106,0
10944,1103,1107,0
10945,1103,1108,0
10946,1103,1110,0
10947,1103,1111,0
10948,1103,1665,0
10949,1104,1105,0
10950,1104,1106,0
10951,1104,1107,0
10952,1104,1108,0
10953,1104,1110,0
10954,1104,1111,0
10955,1104,2211,0
10956,1104,2212,0
10957,1104,2969,0
10958,1104,1404,0
10959,1104,1806,0
10960,1104,4000,0
10961,1105,1107,0
10962,1105,1108,0
10963,1105,1109,0
10964,1105,1110,0
10965,1105,1111,0
10966,1105,1112,0
10967,1105,1113,0
10968,1105,1756,0
10969,1106,1107,0
10970,1106,1108,0
10971,1106,1109,0
10972,1106,1111,0
10973,1106,1113,0
10974,1106,1385,0
10975,1106,1474,0
10976,1106,2036,0
10977,1106,2230,0
10978,1106,4734,0
10979,1106,4620,0
10980,1107,1108,0
10981,1107,1109,0
10982,1107,1110,0
10983,1107,1111,0
10984,1107,1112,0
10985,1107,1113,0
10986,1107,2118,0
10987,1107,3467,0
10988,1108,1112,0
10989,1108,1113,0
10990,1108,1115,0
10991,1108,1116,0
10992,1108,1383,0
10993,1108,2281,0
10994,1108,2972,0
10995,1108,3664,0
10996,1108,2716,0
10997,1109,1113,0
10998,1109,1114,0
10999,1109,1115,0
11000,1109,1116,0
11001,1109,1117,0
11002,1109,2533,0
11003,1109,1568,0
11004,1109,1264,0
11005,1109,2526,0
11006,1109,2781,0
11007,1109,3993,0
11008,1110,1112,0
11009,1110,1113,0
11010,1110,1116,0
11011,1110,1117,0
11012,1110,3087,0
11013,1110,4557,0
11014,1110,3199,0
11015,1110,3018,0
11016,1110,3626,0
11017,1111,1112,0
11018,1111,1113,0
11019,1111,1114,0
11020,1111,1115,0
11021,1111,1117,0
11022,1111,1118,0
11023,1111,1119,0
11024,1111,3850,0
11025,1112,1113,0
11026,1112,1114,0
11027,1112,1116,0
11028,1112,1118,0
11029,1112,1119,0
11030,1112,1120,0
11031,1112,4813,0
11032,1113,1114,0
11033,1113,1116,0
11034,1113,1117,0
11035,1113,1118,0
11036,1113,1119,0
11037,1113,1120,0
11038,1113,1121,0
11039,1113,4645,0
11040,1114,1115,0
11041,1114,1116,0
11042,1114,1118,0
11043,1114,1119,0
11044,1114,1122,0
11045,1114,1519,0
11046,1114,1475,0
11047,1114,2906,0
11048,1114,2802,0
11049,1115,1116,0
11050,1115,1117,0
11051,1115,1118,0
11052,1115,1119,0
11053,1115,1121,0
11054,1115,1122,0
11055,1115,3526,0
11056,1115,1996,0
11057,1116,1117,0
11058,1116,1118,0
11059,1116,1122,0
11060,1116,1123,0
11061,1116,1124,0
11062,1116,3861,0
11063,1116,2705,0
11064,1117,1120,0
11065,1117,1121,0
11066,1117,1123,0
11067,1117,1124,0
11068,1117,1125,0
11069,1117,1353,0
11070,1117,4164,0
11071,1117,3085,0
11072,1117,2011,0
11073,1118,1119,0
11074,1118,1120,0
11075,1118,1121,0
11076,1118,1122,0
11077,1118,1124,0
11078,1118,1125,0
11079,1118,1778,0
11080,1118,2464,0
11081,1118,3698,0
11082,1118,2548,0
11083,1119,1120,0
11084,1119,1122,0
11085,1119,1123,0
11086,1119,1124,0
11087,1119,1125,0
11088,1119,1126,0
11089,1119,1962,0
11090,1119,3667,0
11091,1120,1125,0
11092,1120,1126,0
11093,1120,1127,0
11094,1120,3026,0
11095,1120,2997,0
11096,1120,4876,0
11097,1120,1827,0
11098,1120,2226,0
11099,1121,1122,0
11100,1121,1123,0
11101,1121,1124,0
11102,1121,1125,0
11103,1121,1126,0
11104,1121,1127,0
11105,1121,1128,0
11106,1121,2172,0
11107,1121,3080,0
11108,1121,4648,0
11109,1122,1123,0
11110,1122,1125,0
11111,1122,1127,0
11112,1122,1128,0
11113,1122,1129,0
11114,1122,1130,0
11115,1122,1419,0
11116,1122,4534,0
11117,1122,1896,0
11118,1122,2934,0
11119,1122,1702,0
11120,1123,1126,0
11121,1123,1128,0
11122,1123,1131,0
11123,1123,1316,0
11124,1123,3986,0
11125,1123,4228,0
11126,1123,4748,0
11127,1123,2447,0
11128,1123,2044,0
11129,1123,3216,0
11130,1123,2609,0
11131,1124,1125,0
11132,1124,1127,0
11133,1124,1129,0
11134,1124,1131,0
11135,1124,4295,0
11136,1124,3142,0
11137,1124,4258,0
11138,1124,2928,0
11139,1124,4785,0
11140,1124,1418,0
11141,1125,1126,0
11142,1125,1127,0
11143,1125,1128,0
11144,1125,1130,0
11145,1125,1132,0
11146,1125,1133,0
11147,1125,1699,0
11148,1125,3171,0
11149,1126,1128,0
11150,1126,1130,0
11151,1126,1131,0
11152,1126,1133,0
11153,1126,1134,0
11154,1126,4868,0
11155,1126,1952,0
11156,1126,2266,0
11157,1126,4332,0
11158,1126,4188,0
11159,1127,1129,0
11160,1127,1131,0
11161,1127,1133,0
11162,1127,1134,0
11163,1127,3219,0
11164,1127,4909,0
11165,1127,2857,0
11166,1127,2458,0
11167,1128,1129,0
11168,1128,1130,0
11169,1128,1132,0
11170,1128,1134,0
11171,1128,1135,0
11172,1128,1136,0
11173,1128,3681,0
11174,1128,2099,0
11175,1128,2321,0
11176,1129,1132,0
11177,1129,1133,0
11178,1129,1134,0
11179,1129,1135,0
11180,1129,1136,0
11181,1129,1137,0
11182,1129,4436,0
11183,1129,1952,0
11184,1129,2353,0
11185,1129,3099,0
11186,1130,1131,0
11187,1130,1132,0
11188,1130,1135,0
11189,1130,1136,0
11190,1130,1137,0
11191,1130,1138,0
11192,1130,3436,0
11193,1130,4913,0
11194,1130,4278,0
11195,1130,3737,0
11196,1130,4010,0
11197,1130,2386,0
11198,1131,1132,0
11199,1131,1133,0
11200,1131,1136,0
11201,1131,1138,0
11202,1131,1139,0
11203,1131,3034,0
11204,1131,3775,0
11205,1132,1136,0
11206,1132,1137,0
11207,1132,1140,0
11208,1132,3858,0
11209,1132,3647,0
11210,1132,3348,0
11211,1132,1575,0
11212,1132,2160,0
11213,1133,1134,0
11214,1133,1135,0
11215,1133,1137,0
11216,1133,1140,0
11217,1133,1141,0
11218,1133,1399,0
11219,1133,2936,0
11220,1133,1362,0
11221,1133,4702,0
11222,1134,1135,0
11223,1134,1136,0
11224,1134,1137,0
11225,1134,1138,0
11226,1134,1139,0
11227,1134,1140,0
11228,1134,1141,0
11229,1134,1142,0
11230,1134,3198,0
11231,1134,4685,0
11232,1134,1440,0
11233,1135,1136,0
11234,1135,1140,0
11235,1135,1141,0
11236,1135,3187,0
11237,1135,2483,0
11238,1135,2770,0
11239,1135,2663,0
11240,1135,4000,0
11241,1135,1177,0
11242,1135,4330,0
11243,1135,2467,0
11244,1135,3446,0
11245,1135,4951,0
11246,1136,1138,0
11247,1136,1139,0
11248,1136,1141,0
11249,1136,1142,0
11250,1136,1143,0
11251,1136,1144,0
11252,1136,1507,0
11253,1136,3857,0
11254,1136,2307,0
11255,1137,1139,0
11256,1137,1140,0
11257,1137,1141,0
11258,1137,1143,0
11259,1137,1144,0
11260,1137,1145,0
11261,1137,4287,0
11262,1137,1694,0
11263,1137,2974,0
11264,1138,1139,0
11265,1138,1140,0
11266,1138,1141,0
11267,1138,1142,0
11268,1138,1144,0
11269,1138,1146,0
11270,1138,3985,0
11271,1138,4849,0
11272,1139,1140,0
11273,1139,1141,0
11274,1139,1142,0
11275,1139,1143,0
11276,1139,1144,0
11277,1139,1145,0
11278,1139,1146,0
11279,1139,1147,0
11280,1140,1141,0
11281,1140,1143,0
11282,1140,1144,0
11283,1140,1146,0
11284,1140,1147,0
11285,1140,1324,0
11286,1140,3039,0
11287,1140,3019,0
11288,1140,1862,0
11289,1140,1844,0
11290,1140,3531,0
11291,1140,4044,0
11292,1141,1142,0
11293,1141,1143,0
11294,1141,1144,0
11295,1141,1145,0
11296,1141,1146,0
11297,1141,1147,0
11298,1141,1148,0
11299,1141,1149,0
11300,1142,1143,0
11301,1142,1144,0
11302,1142,1145,0
11303,1142,1147,0
11304,1142,1148,0
11305,1142,1149,0
11306,1142,1150,0
11307,1143,1144,0
11308,1143,1146,0
11309,1143,1147,0
11310,1143,1148,0
11311,1143,1149,0
11312,1143,1151,0
11313,1143,1859,0
11314,1143,4393,0
11315,1143,2660,0
11316,1143,3390,0
11317,1143,2760,0
11318,1144,1148,0
11319,1144,1149,0
11320,1144,1150,0
11321,1144,1151,0
11322,1144,1152,0
11323,1144,2096,0
11324,1144,2606,0
11325,1144,4295,0
11326,1145,1149,0
11327,1145,1150,0
11328,1145,1151,0
11329,1145,1152,0
11330,1145,1153,0
11331,1145,1826,0
11332,1145,1747,0
11333,1146,1149,0
11334,1146,1150,0
11335,1146,1154,0
11336,1146,4825,0
11337,1146,4194,0
11338,1146,1685,0
11339,1146,4724,0
11340,1146,1418,0
11341,1147,1148,0
11342,1147,1149,0
11343,1147,1151,0
11344,1147,1152,0
11345,1147,1154,0
11346,1147,1155,0
11347,1147,3986,0
11348,1147,2257,0
11349,1147,4652,0
11350,1147,4201,0
11351,1148,1149,0
11352,1148,1151,0
11353,1148,1152,0
11354,1148,1153,0
11355,1148,1154,0
11356,1148,1155,0
11357,1148,1156,0
11358,1148,1430,0
11359,1148,3279,0
11360,1148,4832,0
11361,1149,1150,0
11362,1149,1152,0
11363,1149,1153,0
11364,1149,1154,0
11365,1149,1155,0
11366,1149,1157,0
11367,1149,3856,0
11368,1149,1414,0
11369,1149,1948,0
11370,1150,1152,0
11371,1150,1154,0
11372,1150,1155,0
11373,1150,1156,0
11374,1150,1157,0
11375,1150,1158,0
11376,1150,4345,0
11377,1150,4198,0
11378,1150,4818,0
11379,1150,1376,0
11380,1151,1153,0
11381,1151,1155,0
11382,1151,1156,0
11383,1151,1157,0
11384,1151,1158,0
11385,1151,1159,0
11386,1151,1432,0
11387,1151,1837,0
11388,1151,3332,0
11389,1151,1873,0
11390,1152,1154,0
11391,1152,1155,0
11392,1152,1157,0
11393,1152,1160,0
11394,1152,3185,0
11395,1152,1936,0
11396,1152,1216,0
11397,1152,2824,0
11398,1153,1154,0
11399,1153,1155,0
11400,1153,1156,0
11401,1153,1158,0
11402,1153,1159,0
11403,1153,2128,0
11404,1153,3388,0
11405,1153,3247,0
11406,1153,4415,0
11407,1153,2254,0
11408,1154,1157,0
11409,1154,1158,0
11410,1154,1159,0
11411,1154,1160,0
11412,1154,1162,0
11413,1154,1537,0
11414,1154,1684,0
11415,1154,4357,0
11416,1154,1761,0
11417,1154,2050,0
11418,1155,1156,0
11419,1155,1157,0
11420,1155,1158,0
11421,1155,1160,0
11422,1155,1161,0
11423,1155,2587,0
11424,1156,1157,0
11425,1156,1158,0
11426,1156,1162,0
11427,1156,1163,0
11428,1156,3104,0
11429,1156,2323,0
11430,1156,3070,0
11431,1157,1158,0
11432,1157,1160,0
11433,1157,1162,0
11434,1157,1163,0
11435,1157,3914,0
11436,1157,2391,0
11437,1157,1497,0
11438,1157,4919,0
11439,1157,3212,0
11440,1157,3498,0
11441,1158,1159,0
11442,1158,1161,0
11443,1158,1162,0
11444,1158,1163,0
11445,1158,1164,0
11446,1158,1165,0
11447,1158,1166,0
11448,1158,4969,0
11449,1159,1160,0
11450,1159,1161,0
11451,1159,1162,0
11452,1159,1163,0
11453,1159,1165,0
11454,1159,1166,0
11455,1159,1167,0
11456,1159,1409,0
11457,1159,3584,0
11458,1159,3335,0
11459,1160,1161,0
11460,1160,1163,0
11461,1160,1164,0
11462,1160,1165,0
11463,1160,1166,0
11464,1160,1167,0
11465,1160,1168,0
11466,1160,2623,0
11467,1160,4986,0
11468,1161,1162,0
11469,1161,1163,0
11470,1161,1165,0
11471,1161,1166,0
11472,1161,1167,0
11473,1161,1168,0
11474,1161,2491,0
11475,1161,3850,0
11476,1162,1163,0
11477,1162,1164,0
11478,1162,1165,0
11479,1162,1166,0
11480,1162,1167,0
11481,1162,1168,0
11482,1162,1169,0
11483,1162,1170,0
11484,1163,1164,0
11485,1163,1165,0
11486,1163,1166,0
11487,1163,1167,0
11488,1163,1168,0
11489,1163,1170,0
11490,1163,1171,0
11491,1163,3541,0
11492,1163,1586,0
11493,1164,1165,0
11494,1164,1167,0
11495,1164,1168,0
11496,1164,1169,0
11497,1164,1170,0
11498,1164,1171,0
11499,1164,1172,0
11500,1164,2142,0
11501,1165,1167,0
11502,1165,1169,0
11503,1165,1172,0
11504,1165,1524,0
11505,1165,2115,0
11506,1165,1665,0
11507,1165,2926,0
11508,1165,2354,0
11509,1165,3310,0
11510,1165,1483,0
11511,1166,1167,0
11512,1166,1169,0
11513,1166,1170,0
11514,1166,1171,0
11515,1166,1172,0
11516,1166,1173,0
11517,1166,1174,0
11518,1166,2901,0
11519,1166,4721,0
11520,1166,4448,0
11521,1166,2803,0
11522,1167,1168,0
11523,1167,1169,0
11524,1167,1171,0
11525,1167,1173,0
11526,1167,1174,0
11527,1167,3714,0
11528,1167,4644,0
11529,1167,4532,0
11530,1168,1169,0
11531,1168,1170,0
11532,1168,1171,0
11533,1168,1172,0
11534,1168,1173,0
11535,1168,1174,0
11536,1168,1175,0
11537,1168,1451,0
11538,1168,3769,0
11539,1169,1170,0
11540,1169,1172,0
11541,1169,1173,0
11542,1169,1174,0
11543,1169,1175,0
11544,1169,1176,0
11545,1169,1177,0
11546,1169,1434,0
11547,1169,3528,0
11548,1169,4861,0
11549,1170,1171,0
11550,1170,1172,0
11551,1170,1173,0
11552,1170,1178,0
11553,1170,2788,0
11554,1170,4568,0
11555,1170,2399,0
11556,1170,4215,0
11557,1171,1172,0
11558,1171,1173,0
11559,1171,1174,0
11560,1171,1175,0
11561,1171,1176,0
11562,1171,1177,0
11563,1171,1178,0
11564,1171,1179,0
11565,1172,1174,0
11566,1172,1178,0
11567,1172,1179,0
11568,1172,1683,0
11569,1172,4357,0
11570,1172,3750,0
11571,1172,4389,0
11572,1172,4208,0
11573,1172,3802,0
11574,1173,1175,0
11575,1173,1176,0
11576,1173,1177,0
11577,1173,1178,0
11578,1173,1179,0
11579,1173,1180,0
11580,1173,1181,0
11581,1173,1899,0
11582,1173,4245,0
11583,1173,3741,0
11584,1174,1175,0
11585,1174,1176,0
11586,1174,1178,0
11587,1174,1179,0
11588,1174,1180,0
11589,1174,1182,0
11590,1174,4024,0
11591,1175,1176,0
11592,1175,1178,0
11593,1175,1179,0
11594,1175,1180,0
11595,1175,1181,0
11596,1175,1182,0
11597,1175,1183,0
11598,1175,2447,0
11599,1175,3576,0
11600,1175,4586,0
11601,1176,1177,0
11602,1176,1178,0
11603,1176,1179,0
11604,1176,1181,0
11605,1176,1182,0
11606,1176,1183,0
11607,1176,1184,0
11608,1176,4913,0
11609,1176,4346,0
11610,1177,1178,0
11611,1177,1179,0
11612,1177,1180,0
11613,1177,1182,0
11614,1177,1183,0
11615,1177,1184,0
11616,1177,1185,0
11617,1177,2855,0
11618,1178,1179,0
11619,1178,1182,0
11620,1178,1184,0
11621,1178,1186,0
11622,1178,1323,0
11623,1178,1233,0
11624,1178,4214,0
11625,1178,3256,0
11626,1178,2981,0
11627,1178,3629,0
11628,1178,1405,0
11629,1178,2344,0
11630,1178,4796,0
11631,1179,1180,0
11632,1179,1181,0
11633,1179,1182,0
11634,1179,1185,0
11635,1179,1186,0
11636,1179,1187,0
11637,1179,4149,0
11638,1179,1701,0
11639,1180,1182,0
11640,1180,1184,0
11641,1180,1187,0
11642,1180,1188,0
11643,1180,2317,0
11644,1180,1800,0
11645,1180,3536,0
11646,1180,2493,0
11647,1180,2787,0
11648,1180,3242,0
11649,1180,4002,0
11650,1181,1182,0
11651,1181,1184,0
11652,1181,1186,0
11653,1181,1187,0
11654,1181,1188,0
11655,1181,1189,0
11656,1181,2395,0
11657,1182,1183,0
11658,1182,1185,0
11659,1182,1186,0
11660,1182,1187,0
11661,1182,1188,0
11662,1182,2256,0
11663,1182,2304,0
11664,1182,4739,0
11665,1182,1795,0
11666,1182,4567,0
11667,1182,3080,0
11668,1183,1185,0
11669,1183,1186,0
11670,1183,1188,0
11671,1183,1190,0
11672,1183,1752,0
11673,1183,3664,0
11674,1183,4207,0
11675,1183,2628,0
11676,1184,1185,0
11677,1184,1186,0
11678,1184,1187,0
11679,1184,1188,0
11680,1184,1189,0
11681,1184,1191,0
11682,1184,1192,0
11683,1184,2891,0
11684,1184,3026,0
11685,1185,1186,0
11686,1185,1187,0
11687,1185,1188,0
11688,1185,1189,0
11689,1185,1190,0
11690,1185,1193,0
11691,1185,3979,0
11692,1185,4682,0
11693,1185,2770,0
11694,1186,1188,0
11695,1186,1189,0
11696,1186,1191,0
11697,1186,1192,0
11698,1186,1194,0
11699,1186,3769,0
11700,1186,3223,0
11701,1186,1491,0
11702,1186,4045,0
11703,1186,4686,0
11704,1187,1188,0
11705,1187,1189,0
11706,1187,1190,0
11707,1187,1192,0
11708,1187,1194,0
11709,1187,1195,0
11710,1187,3121,0
11711,1187,2961,0
11712,1187,4706,0
11713,1187,2211,0
11714,1187,2873,0
11715,1188,1189,0
11716,1188,1190,0
11717,1188,1191,0
11718,1188,1192,0
11719,1188,1193,0
11720,1188,1194,0
11721,1188,1196,0
11722,1188,4829,0
11723,1188,3943,0
11724,1189,1190,0
11725,1189,1193,0
11726,1189,1195,0
11727,1189,1196,0
11728,1189,1197,0
11729,1189,4237,0
11730,1189,1226,0
11731,1189,1455,0
11732,1190,1192,0
11733,1190,1193,0
11734,1190,1194,0
11735,1190,1195,0
11736,1190,1197,0
11737,1190,1198,0
11738,1190,2376,0
11739,1190,2194,0
11740,1190,4667,0
11741,1190,1894,0
11742,1191,1192,0
11743,1191,1194,0
11744,1191,1195,0
11745,1191,1198,0
11746,1191,1199,0
11747,1191,3070,0
11748,1191,3082,0
11749,1191,4116,0
11750,1191,1681,0
11751,1192,1193,0
11752,1192,1195,0
11753,1192,1197,0
11754,1192,1198,0
11755,1192,1199,0
11756,1192,1200,0
11757,1192,1362,0
11758,1192,4720,0
11759,1193,1194,0
11760,1193,1195,0
11761,1193,1198,0
11762,1193,1199,0
11763,1193,1201,0
11764,1193,4791,0
11765,1193,4862,0
11766,1193,3757,0
11767,1193,1452,0
11768,1194,1195,0
11769,1194,1196,0
11770,1194,1197,0
11771,1194,1198,0
11772,1194,1199,0
11773,1194,1200,0
11774,1194,1201,0
11775,1194,2645,0
11776,1195,1197,0
11777,1195,1198,0
11778,1195,1199,0
11779,1195,1200,0
11780,1195,1202,0
11781,1195,1203,0
11782,1195,3476,0
11783,1195,4460,0
11784,1195,3572,0
11785,1195,2989,0
11786,1196,1197,0
11787,1196,1200,0
11788,1196,1202,0
11789,1196,1203,0
11790,1196,1204,0
11791,1196,3571,0
11792,1196,3636,0
11793,1196,1823,0
11794,1196,4290,0
11795,1196,2585,0
11796,1197,1198,0
11797,1197,1199,0
11798,1197,1200,0
11799,1197,1201,0
11800,1197,1202,0
11801,1197,1204,0
11802,1197,2061,0
11803,1197,4457,0
11804,1197,3392,0
11805,1197,3799,0
11806,1198,1199,0
11807,1198,1201,0
11808,1198,1202,0
11809,1198,1203,0
11810,1198,1204,0
11811,1198,1205,0
11812,1198,1206,0
11813,1198,1434,0
11814,1198,4419,0
11815,1198,3109,0
11816,1199,1200,0
11817,1199,1201,0
11818,1199,1202,0
11819,1199,1203,0
11820,1199,1204,0
11821,1199,1205,0
11822,1199,1206,0
11823,1199,1207,0
11824,1199,4411,0
11825,1199,2100,0
11826,1199,2106,0
11827,1200,1202,0
11828,1200,1204,0
11829,1200,1205,0
11830,1200,1206,0
11831,1200,1207,0
11832,1200,1998,0
11833,1200,2606,0
11834,1200,1290,0
11835,1200,2463,0
11836,1200,3574,0
11837,1201,1202,0
11838,1201,1203,0
11839,1201,1205,0
11840,1201,1206,0
11841,1201,1207,0
11842,1201,1208,0
11843,1201,2523,0
11844,1201,4248,0
11845,1201,4529,0
11846,1202,1203,0
11847,1202,1204,0
11848,1202,1205,0
11849,1202,1207,0
11850,1202,3682,0
11851,1202,4726,0
11852,1202,2387,0
11853,1202,2553,0
11854,1202,3371,0
11855,1202,4265,0
11856,1202,3735,0
11857,1203,1204,0
11858,1203,1206,0
11859,1203,1208,0
11860,1203,1209,0
11861,1203,1210,0
11862,1203,2622,0
11863,1203,3349,0
11864,1203,3865,0
11865,1203,2833,0
11866,1203,4713,0
11867,1203,2077,0
11868,1204,1205,0
11869,1204,1206,0
11870,1204,1207,0
11871,1204,1208,0
11872,1204,1209,0
11873,1204,1210,0
11874,1204,1211,0
11875,1204,1212,0
11876,1204,4599,0
11877,1204,4147,0
11878,1204,3899,0
11879,1204,3469,0
11880,1205,1208,0
11881,1205,1210,0
11882,1205,1211,0
11883,1205,1212,0
11884,1205,1213,0
11885,1205,3994,0
11886,1205,1662,0
11887,1205,3891,0
11888,1205,2198,0
11889,1206,1207,0
11890,1206,1211,0
11891,1206,1212,0
11892,1206,1214,0
11893,1206,4478,0
11894,1206,3562,0
11895,1206,3681,0
11896,1206,3998,0
11897,1207,1208,0
11898,1207,1213,0
11899,1207,1214,0
11900,1207,1215,0
11901,1207,2739,0
11902,1207,3851,0
11903,1207,4062,0
11904,1208,1209,0
11905,1208,1211,0
11906,1208,1212,0
11907,1208,1213,0
11908,1208,1215,0
11909,1208,1216,0
11910,1208,3313,0
11911,1208,2039,0
11912,1209,1210,0
11913,1209,1211,0
11914,1209,1212,0
11915,1209,1213,0
11916,1209,1214,0
11917,1209,1215,0
11918,1209,1216,0
11919,1209,1217,0
11920,1209,3929,0
11921,1210,1211,0
11922,1210,1212,0
11923,1210,1213,0
11924,1210,1214,0
11925,1210,1215,0
11926,1210,1216,0
11927,1210,1217,0
11928,1210,1218,0
11929,1210,3124,0
11930,1210,2668,0
11931,1210,2245,0
11932,1210,3679,0
11933,1210,3835,0
11934,1211,1212,0
11935,1211,1213,0
11936,1211,1214,0
11937,1211,1215,0
11938,1211,1218,0
11939,1211,2721,0
11940,1211,1689,0
11941,1211,3653,0
11942,1211,3441,0
11943,1211,4673,0
11944,1211,2729,0
11945,1211,4962,0
11946,1212,1213,0
11947,1212,1214,0
11948,1212,1217,0
11949,1212,1218,0
11950,1212,1219,0
11951,1212,1220,0
11952,1212,1553,0
11953,1212,2991,0
11954,1212,4551,0
11955,1212,4250,0
11956,1213,1214,0
11957,1213,1215,0
11958,1213,1216,0
11959,1213,1217,0
11960,1213,1218,0
11961,1213,1219,0
11962,1213,4236,0
11963,1213,3956,0
11964,1213,4620,0
11965,1213,4400,0
11966,1214,1215,0
11967,1214,1216,0
11968,1214,1217,0
11969,1214,1218,0
11970,1214,1219,0
11971,1214,1220,0
11972,1214,1221,0
11973,1214,1222,0
11974,1214,2827,0
11975,1214,2349,0
11976,1214,2577,0
11977,1215,1216,0
11978,1215,1219,0
11979,1215,1220,0
11980,1215,1222,0
11981,1215,1223,0
11982,1215,3107,0
11983,1215,4867,0
11984,1215,4857,0
11985,1215,2769,0
11986,1215,4251,0
11987,1216,1217,0
11988,1216,1218,0
11989,1216,1219,0
11990,1216,1220,0
11991,1216,1221,0
11992,1216,1222,0
11993,1216,1224,0
11994,1216,2035,0
11995,1216,4219,0
11996,1216,2533,0
11997,1216,2741,0
11998,1217,1218,0
11999,1217,1220,0
12000,1217,1221,1
12001,1217,1223,1
12002,1217,1225,1
12003,1217,3845,1
12004,1217,3633,1
12005,1217,3297,1
12006,1218,1221,1
12007,1218,1222,1
12008,1218,1223,1
12009,1218,1431,1
12010,1218,1627,1
12011,1218,1626,1
12012,1219,1221,1
12013,1219,1223,1
12014,1219,1224,1
12015,1219,1226,1
12016,1219,2135,1
12017,1219,1307,1
12018,1219,1412,1
12019,1219,4254,1
12020,1219,1406,1
12021,1219,1360,1
12022,1220,1222,1
12023,1220,1223,1
12024,1220,1225,1
12025,1220,1227,1
12026,1220,1228,1
12027,1220,1340,1
12028,1220,1908,1
12029,1220,3678,1
12030,1220,3109,1
12031,1221,1222,1
12032,1221,1223,1
12033,1221,1224,1
12034,1221,1226,1
12035,1221,1227,1
12036,1221,1228,1
12037,1221,3711,1
12038,1221,1810,1
12039,1221,4829,1
12040,1221,4870,1
12041,1221,4150,1
12042,1222,1223,1
12043,1222,1224,1
12044,1222,1225,1
12045,1222,1226,1
12046,1222,1227,1
12047,1222,1228,1
12048,1222,2582,1
12049,1222,1235,1
12050,1223,1225,1
12051,1223,1226,1
12052,1223,1227,1
12053,1223,1228,1
12054,1223,1230,1
12055,1223,1231,1
12056,1223,2888,1
12057,1223,4587,1
12058,1223,4985,1
12059,1224,1225,1
12060,1224,1226,1
12061,1224,1227,1
12062,1224,1228,1
12063,1224,1229,1
12064,1224,1230,1
12065,1224,1653,1
12066,1224,3459,1
12067,1224,4472,1
12068,1225,1226,1
12069,1225,1227,1
12070,1225,1228,1
12071,1225,1229,1
12072,1225,1232,1
12073,1225,1233,1
12074,1225,4210,1
12075,1225,1377,1
12076,1225,2774,1
12077,1225,3153,1
12078,1225,2003,1
12079,1225,2999,1
12080,1226,1231,1
12081,1226,1234,1
12082,1226,4905,1
12083,1226,1284,1
12084,1226,4831,1
12085,1226,3569,1
12086,1226,2661,1
12087,1226,4432,1
12088,1226,1550,1
12089,1227,1228,1
12090,1227,1229,1
12091,1227,1230,1
12092,1227,1233,1
12093,1227,1234,1
12094,1227,1235,1
12095,1227,4273,1
12096,1227,4741,1
12097,1228,1229,1
12098,1228,1230,1
12099,1228,1232,1
12100,1228,1233,1
12101,1228,1234,1
12102,1228,1235,1
12103,1228,1236,1
12104,1228,1523,1
12105,1228,2682,1
12106,1228,3708,1
12107,1228,1950,1
12108,1229,1230,1
12109,1229,1231,1
12110,1229,1233,1
12111,1229,1234,1
12112,1229,1236,1
12113,1229,1237,1
12114,1229,2826,1
12115,1229,2092,1
12116,1230,1231,1
12117,1230,1232,1
12118,1230,1234,1
12119,1230,1235,1
12120,1230,1236,1
12121,1230,1237,1
12122,1230,1238,1
12123,1230,3258,1
12124,1230,4972,1
12125,1230,2125,1
12126,1230,4867,1
12127,1231,1232,1
12128,1231,1233,1
12129,1231,1235,1
12130,1231,1237,1
12131,1231,1238,1
12132,1231,1239,1
12133,1231,3224,1
12134,1231,4974,1
12135,1231,2774,1
12136,1231,2771,1
12137,1232,1234,1
12138,1232,1238,1
12139,1232,1239,1
12140,1232,1240,1
12141,1232,4317,1
12142,1232,4889,1
12143,1232,4873,1
12144,1232,2536,1
12145,1232,4897,1
12146,1233,1234,1
12147,1233,1235,1
12148,1233,1236,1
12149,1233,1237,1
12150,1233,1240,1
12151,1233,3194,1
12152,1233,1607,1
12153,1233,1982,1
12154,1233,3723,1
12155,1233,4111,1
12156,1234,1237,1
12157,1234,1239,1
12158,1234,1240,1
12159,1234,1242,1
12160,1234,3796,1
12161,1234,4382,1
12162,1234,2106,1
12163,1234,4987,1
12164,1235,1237,1
12165,1235,1238,1
12166,1235,1239,1
12167,1235,1241,1
12168,1235,3682,1
12169,1235,3121,1
12170,1235,4606,1
12171,1235,2305,1
12172,1236,1238,1
12173,1236,1239,1
12174,1236,1240,1
12175,1236,1241,1
12176,1236,2791,1
12177,1236,2045,1
12178,1236,4216,1
12179,1236,1787,1
12180,1236,4955,1
12181,1236,3985,1
12182,1236,2327,1
12183,1236,2319,1
12184,1237,1238,1
12185,1237,1240,1
12186,1237,1241,1
12187,1237,1242,1
12188,1237,1245,1
12189,1237,2959,1
12190,1237,2995,1
12191,1237,4295,1
12192,1237,2002,1
12193,1238,1241,1
12194,1238,1242,1
12195,1238,1244,1
12196,1238,1245,1
12197,1238,1246,1
12198,1238,3093,1
12199,1238,3379,1
12200,1238,3795,1
12201,1239,1240,1
12202,1239,1242,1
12203,1239,1243,1
12204,1239,1244,1
12205,1239,1246,1
12206,1239,1247,1
12207,1239,4472,1
12208,1239,2837,1
12209,1239,4618,1
12210,1240,1241,1
12211,1240,1242,1
12212,1240,1244,1
12213,1240,1245,1
12214,1240,1246,1
12215,1240,1247,1
12216,1240,1248,1
12217,1240,3819,1
12218,1240,2231,1
12219,1241,1242,1
12220,1241,1244,1
12221,1241,1245,1
12222,1241,1246,1
12223,1241,1247,1
12224,1241,1248,1
12225,1241,1249,1
12226,1241,4842,1
12227,1241,3096,1
12228,1242,1243,1
12229,1242,1244,1
12230,1242,1246,1
12231,1242,1247,1
12232,1242,1249,1
12233,1242,1898,1
12234,1242,3845,1
12235,1242,4683,1
12236,1242,3658,1
12237,1242,1515,1
12238,1243,1244,1
12239,1243,1247,1
12240,1243,1248,1
12241,1243,1249,1
12242,1243,1250,1
12243,1243,1251,1
12244,1243,4178,1
12245,1243,2300,1
12246,1244,1245,1
12247,1244,1246,1
12248,1244,1247,1
12249,1244,1249,1
12250,1244,1252,1
12251,1244,1789,1
12252,1244,1456,1
12253,1244,2784,1
12254,1244,2401,1
12255,1244,3448,1
12256,1245,1247,1
12257,1245,1249,1
12258,1245,1250,1
12259,1245,1251,1
12260,1245,1252,1
12261,1245,1253,1
12262,1245,4991,1
12263,1245,1759,1
12264,1245,2625,1
12265,1246,1248,1
12266,1246,1250,1
12267,1246,1252,1
12268,1246,1254,1
12269,1246,3602,1
12270,1246,3145,1
12271,1246,2451,1
12272,1247,1248,1
12273,1247,1249,1
12274,1247,1250,1
12275,1247,1252,1
12276,1247,1253,1
12277,1247,1255,1
12278,1247,2170,1
12279,1247,1562,1
12280,1247,3795,1
12281,1247,1782,1
12282,1248,1249,1
12283,1248,1250,1
12284,1248,1251,1
12285,1248,1252,1
12286,1248,1253,1
12287,1248,1254,1
12288,1248,4434,1
12289,1248,3749,1
12290,1248,3035,1
12291,1249,1250,1
12292,1249,1252,1
12293,1249,1253,1
12294,1249,1254,1
12295,1249,1255,1
12296,1249,3085,1
12297,1249,1274,1
12298,1249,4558,1
12299,1250,1252,1
12300,1250,1255,1
12301,1250,1257,1
12302,1250,2538,1
12303,1250,1452,1
12304,1250,2310,1
12305,1250,4393,1
12306,1250,1478,1
12307,1250,2274,1
12308,1251,1253,1
12309,1251,1254,1
12310,1251,1256,1
12311,1251,1257,1
12312,1251,1259,1
12313,1251,2485,1
12314,1251,3044,1
12315,1251,3513,1
12316,1251,3199,1
12317,1251,3487,1
12318,1252,1253,1
12319,1252,1255,1
12320,1252,1257,1
12321,1252,1259,1
12322,1252,1260,1
12323,1252,2985,1
12324,1252,2785,1
12325,1252,4558,1
12326,1252,1824,1
12327,1252,3388,1
12328,1253,1256,1
12329,1253,1257,1
12330,1253,1258,1
12331,1253,1259,1
12332,1253,1260,1
12333,1253,3821,1
12334,1253,4297,1
12335,1253,1772,1
12336,1253,3784,1
12337,1253,2389,1
12338,1254,1256,1
12339,1254,1259,1
12340,1254,1260,1
12341,1254,1261,1
12342,1254,1262,1
12343,1254,2108,1
12344,1254,4059,1
12345,1254,3005,1
12346,1254,2481,1
12347,1254,3900,1
12348,1254,2088,1
12349,1255,1256,1
12350,1255,1257,1
12351,1255,1260,1
12352,1255,1261,1
12353,1255,1263,1
12354,1255,2206,1
12355,1255,2947,1
12356,1255,4212,1
12357,1255,3548,1
12358,1255,4214,1
12359,1255,2742,1
12360,1256,1257,1
12361,1256,1258,1
12362,1256,1259,1
12363,1256,1260,1
12364,1256,1261,1
12365,1256,1262,1
12366,1256,1263,1
12367,1256,1264,1
12368,1256,1348,1
12369,1256,3171,1
12370,1257,1259,1
12371,1257,1260,1
12372,1257,1262,1
12373,1257,1264,1
12374,1257,1265,1
12375,1257,4974,1
12376,1257,4431,1
12377,1257,1579,1
12378,1258,1259,1
12379,1258,1260,1
12380,1258,1261,1
12381,1258,1262,1
12382,1258,1263,1
12383,1258,1266,1
12384,1258,3907,1
12385,1258,1315,1
12386,1258,3549,1
12387,1259,1260,1
12388,1259,1261,1
12389,1259,1262,1
12390,1259,1263,1
12391,1259,1264,1
12392,1259,1265,1
12393,1259,1266,1
12394,1259,2752,1
12395,1260,1261,1
12396,1260,1262,1
12397,1260,1263,1
12398,1260,1264,1
12399,1260,1265,1
12400,1260,1266,1
12401,1260,1267,1
12402,1260,1268,1
12403,1260,2074,1
12404,1260,4196,1
12405,1260,4940,1
12406,1261,1262,1
12407,1261,1264,1
12408,1261,1265,1
12409,1261,1267,1
12410,1261,1268,1
12411,1261,2536,1
12412,1261,2481,1
12413,1262,1263,1
12414,1262,1264,1
12415,1262,1265,1
12416,1262,1266,1
12417,1262,1267,1
12418,1262,1268,1
12419,1262,1269,1
12420,1262,1270,1
12421,1262,3245,1
12422,1262,4611,1
12423,1262,1534,1
12424,1263,1265,1
12425,1263,1266,1
12426,1263,1267,1
12427,1263,1268,1
12428,1263,1269,1
12429,1263,1270,1
12430,1263,1271,1
12431,1263,4296,1
12432,1264,1265,1
12433,1264,1266,1
12434,1264,1267,1
12435,1264,1269,1
12436,1264,1270,1
12437,1264,1271,1
12438,1264,1272,1
12439,1264,2598,1
12440,1265,1266,1
12441,1265,1267,1
12442,1265,1268,1
12443,1265,1269,1
12444,1265,1273,1
12445,1265,4414,1
12446,1265,4974,1
12447,1265,3318,1
12448,1265,1376,1
12449,1265,2236,1
12450,1265,4999,1
12451,1266,1267,1
12452,1266,1268,1
12453,1266,1270,1
12454,1266,1272,1
12455,1266,1273,1
12456,1266,1274,1
12457,1266,3669,1
12458,1266,4493,1
12459,1266,1663,1
12460,1267,1269,1
12461,1267,1271,1
12462,1267,1272,1
12463,1267,1273,1
12464,1267,1274,1
12465,1267,3564,1
12466,1267,3128,1
12467,1267,1932,1
12468,1267,4142,1
12469,1267,4271,1
12470,1267,1449,1
12471,1268,1274,1
12472,1268,1275,1
12473,1268,1276,1
12474,1268,2993,1
12475,1268,4628,1
12476,1268,1519,1
12477,1268,3793,1
12478,1268,2770,1
12479,1268,2048,1
12480,1268,4662,1
12481,1269,1271,1
12482,1269,1272,1
12483,1269,1273,1
12484,1269,1274,1
12485,1269,1275,1
12486,1269,1276,1
12487,1269,1277,1
12488,1269,4138,1
12489,1269,2627,1
12490,1270,1271,1
12491,1270,1274,1
12492,1270,1276,1
12493,1270,1277,1
12494,1270,1278,1
12495,1270,2227,1
12496,1270,4899,1
12497,1270,4874,1
12498,1270,1544,1
12499,1270,2822,1
12500,1270,1294,1
12501,1271,1272,1
12502,1271,1274,1
12503,1271,1276,1
12504,1271,1277,1
12505,1271,1279,1
12506,1271,1903,1
12507,1271,2460,1
12508,1271,1460,1
12509,1271,3402,1
12510,1271,4448,1
12511,1272,1274,1
12512,1272,1275,1
12513,1272,1276,1
12514,1272,1277,1
12515,1272,1278,1
12516,1272,1280,1
12517,1272,1912,1
12518,1272,4214,1
12519,1273,1274,1
12520,1273,1275,1
12521,1273,1279,1
12522,1273,1281,1
12523,1273,1427,1
12524,1273,4726,1
12525,1274,1275,1
12526,1274,1276,1
12527,1274,1278,1
12528,1274,1280,1
12529,1274,1281,1
12530,1274,1282,1
12531,1274,3749,1
12532,1274,3974,1
12533,1274,2846,1
12534,1275,1276,1
12535,1275,1277,1
12536,1275,1278,1
12537,1275,1279,1
12538,1275,1281,1
12539,1275,1282,1
12540,1275,1283,1
12541,1275,2471,1
12542,1275,2749,1
12543,1275,4904,1
12544,1275,4042,1
12545,1275,4628,1
12546,1276,1277,1
12547,1276,1278,1
12548,1276,1279,1
12549,1276,1282,1
12550,1276,1283,1
12551,1276,2868,1
12552,1277,1278,1
12553,1277,1279,1
12554,1277,1281,1
12555,1277,1282,1
12556,1277,1283,1
12557,1277,1284,1
12558,1277,1285,1
12559,1277,3747,1
12560,1277,1533,1
12561,1277,3317,1
12562,1278,1279,1
12563,1278,1281,1
12564,1278,1282,1
12565,1278,1283,1
12566,1278,1285,1
12567,1278,3832,1
12568,1278,4780,1
12569,1278,1590,1
12570,1278,2012,1
12571,1279,1280,1
12572,1279,1282,1
12573,1279,1283,1
12574,1279,1284,1
12575,1279,1285,1
12576,1279,1287,1
12577,1279,4753,1
12578,1279,4813,1
12579,1279,3192,1
12580,1279,4324,1
12581,1280,1281,1
12582,1280,1282,1
12583,1280,1283,1
12584,1280,1285,1
12585,1280,1286,1
12586,1280,1288,1
12587,1280,4824,1
12588,1280,1777,1
12589,1281,1282,1
12590,1281,1283,1
12591,1281,1284,1
12592,1281,1287,1
12593,1281,1289,1
12594,1281,2966,1
12595,1281,4841,1
12596,1281,4357,1
12597,1281,3146,1
12598,1282,1284,1
12599,1282,1285,1
12600,1282,1286,1
12601,1282,1287,1
12602,1282,1288,1
12603,1282,1289,1
12604,1282,1290,1
12605,1282,2247,1
12606,1282,4360,1
12607,1282,4085,1
12608,1283,1284,1
12609,1283,1285,1
12610,1283,1288,1
12611,1283,1289,1
12612,1283,1290,1
12613,1283,1291,1
12614,1283,4973,1
12615,1283,3666,1
12616,1283,3531,1
12617,1283,4401,1
12618,1284,1286,1
12619,1284,1287,1
12620,1284,1288,1
12621,1284,1289,1
12622,1284,1290,1
12623,1284,1291,1
12624,1284,1292,1
12625,1284,4112,1
12626,1284,3549,1
12627,1285,1286,1
12628,1285,1287,1
12629,1285,1288,1
12630,1285,1290,1
12631,1285,1291,1
12632,1285,1292,1
12633,1285,4883,1
12634,1285,2674,1
12635,1286,1287,1
12636,1286,1289,1
12637,1286,1290,1
12638,1286,1292,1
12639,1286,1293,1
12640,1286,4732,1
12641,1286,2069,1
12642,1286,1646,1
12643,1286,3309,1
12644,1286,3656,1
12645,1287,1288,1
12646,1287,1289,1
12647,1287,1290,1
12648,1287,1291,1
12649,1287,1292,1
12650,1287,1294,1
12651,1287,2748,1
12652,1287,2099,1
12653,1287,2196,1
12654,1287,4131,1
12655,1287,4757,1
12656,1288,1289,1
12657,1288,1290,1
12658,1288,1292,1
12659,1288,1293,1
12660,1288,1295,1
12661,1288,1296,1
12662,1288,1433,1
12663,1288,4738,1
12664,1288,4908,1
12665,1288,4559,1
12666,1289,1291,1
12667,1289,1292,1
12668,1289,1294,1
12669,1289,1295,1
12670,1289,1296,1
12671,1289,1297,1
12672,1289,4593,1
12673,1289,3712,1
12674,1289,1535,1
12675,1290,1291,1
12676,1290,1292,1
12677,1290,1293,1
12678,1290,1295,1
12679,1290,1296,1
12680,1290,1298,1
12681,1290,2822,1
12682,1290,2507,1
12683,1291,1292,1
12684,1291,1293,1
12685,1291,1294,1
12686,1291,1295,1
12687,1291,1298,1
12688,1291,1299,1
12689,1291,3348,1
12690,1291,2834,1
12691,1291,1598,1
12692,1292,1294,1
12693,1292,1295,1
12694,1292,1296,1
12695,1292,1297,1
12696,1292,1298,1
12697,1292,1299,1
12698,1292,1300,1
12699,1292,3814,1
12700,1292,3627,1
12701,1293,1295,1
12702,1293,1297,1
12703,1293,1298,1
12704,1293,1299,1
12705,1293,1300,1
12706,1293,1301,1
12707,1293,4685,1
12708,1293,1857,1
12709,1294,1295,1
12710,1294,1296,1
12711,1294,1297,1
12712,1294,1298,1
12713,1294,1301,1
12714,1294,1870,1
12715,1294,2420,1
12716,1294,3461,1
12717,1294,3421,1
12718,1295,1296,1
12719,1295,1298,1
12720,1295,1299,1
12721,1295,1303,1
12722,1295,2630,1
12723,1295,1424,1
12724,1295,2220,1
12725,1295,3827,1
12726,1296,1297,1
12727,1296,1298,1
12728,1296,1299,1
12729,1296,1301,1
12730,1296,1302,1
12731,1296,1304,1
12732,1296,2457,1
12733,1296,2967,1
12734,1296,1753,1
12735,1296,3284,1
12736,1297,1298,1
12737,1297,1299,1
12738,1297,1300,1
12739,1297,1301,1
12740,1297,1303,1
12741,1297,1305,1
12742,1297,1313,1
12743,1297,2485,1
12744,1298,1300,1
12745,1298,1301,1
12746,1298,1302,1
12747,1298,1304,1
12748,1298,3286,1
12749,1298,4864,1
12750,1298,3034,1
12751,1298,2582,1
12752,1298,4414,1
12753,1299,1300,1
12754,1299,1301,1
12755,1299,1302,1
12756,1299,1303,1
12757,1299,1304,1
12758,1299,1305,1
12759,1299,1306,1
12760,1299,1307,1
12761,1299,3575,1
12762,1299,1384,1
12763,1300,1301,1
12764,1300,1302,1
12765,1300,1304,1
12766,1300,1305,1
12767,1300,1306,1
12768,1300,1307,1
12769,1300,1308,1
12770,1300,2644,1
12771,1300,4844,1
12772,1300,1821,1
12773,1300,1865,1
12774,1300,4969,1
12775,1301,1302,1
12776,1301,1303,1
12777,1301,1305,1
12778,1301,1307,1
12779,1301,1308,1
12780,1301,4406,1
12781,1301,1942,1
12782,1301,1478,1
12783,1302,1308,1
12784,1302,1309,1
12785,1302,1310,1
12786,1302,3587,1
12787,1302,2755,1
12788,1302,1628,1
12789,1302,4788,1
12790,1302,4311,1
12791,1302,1661,1
12792,1302,3027,1
12793,1302,4770,1
12794,1302,1466,1
12795,1303,1305,1
12796,1303,1307,1
12797,1303,1308,1
12798,1303,1309,1
12799,1303,1310,1
12800,1303,1464,1
12801,1303,3345,1
12802,1304,1306,1
12803,1304,1307,1
12804,1304,1308,1
12805,1304,1310,1
12806,1304,1746,1
12807,1304,3911,1
12808,1304,2724,1
12809,1304,2515,1
12810,1305,1306,1
12811,1305,1307,1
12812,1305,1308,1
12813,1305,1309,1
12814,1305,1310,1
12815,1305,1311,1
12816,1305,2242,1
12817,1306,1307,1
12818,1306,1309,1
12819,1306,1311,1
12820,1306,1313,1
12821,1306,3456,1
12822,1306,2023,1
12823,1306,2794,1
12824,1306,3368,1
12825,1306,2328,1
12826,1306,3254,1
12827,1306,3269,1
12828,1307,1308,1
12829,1307,1311,1
12830,1307,1313,1
12831,1307,1314,1
12832,1307,1386,1
12833,1307,3123,1
12834,1307,4623,1
12835,1308,1309,1
12836,1308,1311,1
12837,1308,1312,1
12838,1308,1314,1
12839,1308,1315,1
12840,1308,1316,1
12841,1308,1981,1
12842,1308,3933,1
12843,1308,4505,1
12844,1309,1310,1
12845,1309,1311,1
12846,1309,1312,1
12847,1309,1313,1
12848,1309,1314,1
12849,1309,1315,1
12850,1309,1316,1
12851,1309,1317,1
12852,1309,1897,1
12853,1310,1311,1
12854,1310,1312,1
12855,1310,1313,1
12856,1310,1315,1
12857,1310,1317,1
12858,1310,1318,1
12859,1310,1505,1
12860,1310,3891,1
12861,1310,2617,1
12862,1311,1313,1
12863,1311,1316,1
12864,1311,1319,1
12865,1311,3786,1
12866,1311,2202,1
12867,1311,2690,1
12868,1311,3487,1
12869,1311,4089,1
12870,1311,4665,1
12871,1311,3297,1
12872,1311,4170,1
12873,1311,1824,1
12874,1312,1313,1
12875,1312,1314,1
12876,1312,1315,1
12877,1312,1316,1
12878,1312,1317,1
12879,1312,1318,1
12880,1312,1319,1
12881,1312,1320,1
12882,1312,1963,1
12883,1313,1314,1
12884,1313,1315,1
12885,1313,1317,1
12886,1313,1318,1
12887,1313,1319,1
12888,1313,1320,1
12889,1313,1321,1
12890,1313,4818,1
12891,1313,3927,1
12892,1313,2857,1
12893,1314,1315,1
12894,1314,1317,1
12895,1314,1319,1
12896,1314,1320,1
12897,1314,1321,1
12898,1314,1322,1
12899,1314,4809,1
12900,1314,3290,1
12901,1314,3947,1
12902,1315,1316,1
12903,1315,1317,1
12904,1315,1319,1
12905,1315,1323,1
12906,1315,2796,1
12907,1315,2905,1
12908,1315,2863,1
12909,1315,3753,1
12910,1316,1318,1
12911,1316,1319,1
12912,1316,1321,1
12913,1316,1322,1
12914,1316,1323,1
12915,1316,1324,1
12916,1316,2410,1
12917,1316,2645,1
12918,1316,2336,1
12919,1317,1319,1
12920,1317,1320,1
12921,1317,1321,1
12922,1317,1322,1
12923,1317,1323,1
12924,1317,1324,1
12925,1317,1325,1
12926,1317,2745,1
12927,1318,1324,1
12928,1318,1325,1
12929,1318,1326,1
12930,1318,3148,1
12931,1318,2631,1
12932,1318,4876,1
12933,1319,1322,1
12934,1319,1323,1
12935,1319,1324,1
12936,1319,2400,1
12937,1319,2769,1
12938,1319,3963,1
12939,1319,3667,1
12940,1320,1321,1
12941,1320,1322,1
12942,1320,1323,1
12943,1320,1324,1
12944,1320,1325,1
12945,1320,1326,1
12946,1320,1328,1
12947,1320,3385,1
12948,1320,1677,1
12949,1321,1323,1
12950,1321,1324,1
12951,1321,1325,1
12952,1321,1326,1
12953,1321,1327,1
12954,1321,1328,1
12955,1321,1329,1
12956,1321,4907,1
12957,1321,4199,1
12958,1322,1324,1
12959,1322,1325,1
12960,1322,1326,1
12961,1322,1327,1
12962,1322,1328,1
12963,1322,1329,1
12964,1322,1330,1
12965,1322,4387,1
12966,1323,1324,1
12967,1323,1325,1
12968,1323,1326,1
12969,1323,1327,1
12970,1323,3079,1
12971,1323,3630,1
12972,1323,3262,1
12973,1324,1325,1
12974,1324,1326,1
12975,1324,1327,1
12976,1324,1328,1
12977,1324,1329,1
12978,1324,1330,1
12979,1324,1331,1
12980,1324,1332,1
12981,1325,1328,1
12982,1325,1329,1
12983,1325,1330,1
12984,1325,1332,1
12985,1325,1333,1
12986,1325,4294,1
12987,1325,4482,1
12988,1325,4766,1
12989,1325,4402,1
12990,1326,1327,1
12991,1326,1328,1
12992,1326,1329,1
12993,1326,1330,1
12994,1326,1331,1
12995,1326,3276,1
12996,1326,1720,1
12997,1326,1644,1
12998,1326,2379,1
12999,1326,4866,1
13000,1327,1330,1
13001,1327,1331,1
13002,1327,1332,1
13003,1327,1333,1
13004,1327,1334,1
13005,1327,1335,1
13006,1327,2016,1
13007,1327,4611,1
13008,1327,1429,1
13009,1328,1329,1
13010,1328,1330,1
13011,1328,1331,1
13012,1328,1332,1
13013,1328,1333,1
13014,1328,1334,1
13015,1328,1335,1
13016,1328,1336,1
13017,1328,4407,1
13018,1328,4662,1
13019,1328,4840,1
13020,1329,1331,1
13021,1329,1333,1
13022,1329,1334,1
13023,1329,1337,1
13024,1329,2601,1
13025,1329,2288,1
13026,1329,2819,1
13027,1329,3939,1
13028,1329,1344,1
13029,1329,3959,1
13030,1330,1331,1
13031,1330,1332,1
13032,1330,1333,1
13033,1330,1334,1
13034,1330,1335,1
13035,1330,3728,1
13036,1330,4565,1
13037,1330,3832,1
13038,1330,1681,1
13039,1330,3113,1
13040,1331,1333,1
13041,1331,1335,1
13042,1331,1336,1
13043,1331,1339,1
13044,1331,1964,1
13045,1331,1963,1
13046,1331,4344,1
13047,1331,2219,1
13048,1332,1333,1
13049,1332,1334,1
13050,1332,1335,1
13051,1332,1336,1
13052,1332,1337,1
13053,1332,1338,1
13054,1332,1340,1
13055,1332,2254,1
13056,1332,3300,1
13057,1332,1530,1
13058,1333,1334,1
13059,1333,1335,1
13060,1333,1336,1
13061,1333,1337,1
13062,1333,1339,1
13063,1333,1340,1
13064,1333,1341,1
13065,1333,1381,1
13066,1333,4184,1
13067,1333,3578,1
13068,1334,1335,1
13069,1334,1336,1
13070,1334,1337,1
13071,1334,1339,1
13072,1334,1340,1
13073,1334,3092,1
13074,1334,2334,1
13075,1334,3888,1
13076,1334,3866,1
13077,1334,2081,1
13078,1334,2984,1
13079,1335,1336,1
13080,1335,1337,1
13081,1335,1338,1
13082,1335,1339,1
13083,1335,1340,1
13084,1335,1342,1
13085,1335,1343,1
13086,1335,2640,1
13087,1335,1585,1
13088,1335,3261,1
13089,1335,4797,1
13090,1336,1337,1
13091,1336,1338,1
13092,1336,1339,1
13093,1336,1340,1
13094,1336,1341,1
13095,1336,1343,1
13096,1336,1344,1
13097,1337,1339,1
13098,1337,1343,1
13099,1337,1344,1
13100,1337,3825,1
13101,1337,3494,1
13102,1337,3836,1
13103,1337,3018,1
13104,1337,4396,1
13105,1337,2430,1
13106,1338,1339,1
13107,1338,1340,1
13108,1338,1344,1
13109,1338,1345,1
13110,1338,1346,1
13111,1338,4086,1
13112,1338,2883,1
13113,1338,1397,1
13114,1338,4331,1
13115,1339,1340,1
13116,1339,1341,1
13117,1339,1342,1
13118,1339,1344,1
13119,1339,1345,1
13120,1339,1347,1
13121,1339,3407,1
13122,1339,4231,1
13123,1339,4418,1
13124,1339,3154,1
13125,1340,1346,1
13126,1340,1348,1
13127,1340,3252,1
13128,1340,4966,1
13129,1340,1443,1
13130,1340,3697,1
13131,1340,3112,1
13132,1340,1424,1
13133,1340,4016,1
13134,1341,1342,1
13135,1341,1343,1
13136,1341,1344,1
13137,1341,1346,1
13138,1341,1347,1
13139,1341,1348,1
13140,1341,1349,1
13141,1341,1835,1
13142,1341,4744,1
13143,1342,1343,1
13144,1342,1347,1
13145,1342,1348,1
13146,1342,1349,1
13147,1342,1350,1
13148,1342,1621,1
13149,1342,3886,1
13150,1342,2805,1
13151,1342,2168,1
13152,1342,4634,1
13153,1343,1345,1
13154,1343,1346,1
13155,1343,1347,1
13156,1343,1348,1
13157,1343,1349,1
13158,1343,2724,1
13159,1343,2383,1
13160,1344,1345,1
13161,1344,1346,1
13162,1344,3535,1
13163,1344,1487,1
13164,1344,2793,1
13165,1344,2478,1
13166,1344,1609,1
13167,1344,2695,1
13168,1344,4499,1
13169,1345,1347,1
13170,1345,1348,1
13171,1345,1349,1
13172,1345,1351,1
13173,1345,1352,1
13174,1345,1353,1
13175,1345,4672,1
13176,1345,4585,1
13177,1345,1986,1
13178,1345,4749,1
13179,1345,3050,1
13180,1346,1348,1
13181,1346,1349,1
13182,1346,1352,1
13183,1346,1353,1
13184,1346,1953,1
13185,1346,1674,1
13186,1346,2577,1
13187,1346,2357,1
13188,1346,3778,1
13189,1346,1532,1
13190,1346,1539,1
13191,1347,1348,1
13192,1347,1349,1
13193,1347,1350,1
13194,1347,1351,1
13195,1347,1352,1
13196,1347,1353,1
13197,1347,1354,1
13198,1347,1355,1
13199,1347,1598,1
13200,1347,4765,1
13201,1347,1528,1
13202,1348,1350,1
13203,1348,1351,1
13204,1348,1352,1
13205,1348,1354,1
13206,1348,1355,1
13207,1348,1356,1
13208,1348,4879,1
13209,1349,1350,1
13210,1349,1353,1
13211,1349,1354,1
13212,1349,1355,1
13213,1349,1356,1
13214,1349,1357,1
13215,1349,3357,1
13216,1349,1866,1
13217,1349,3403,1
13218,1349,4034,1
13219,1350,1351,1
13220,1350,1352,1
13221,1350,1355,1
13222,1350,1356,1
13223,1350,1357,1
13224,1350,1358,1
13225,1351,1354,1
13226,1351,1355,1
13227,1351,1356,1
13228,1351,1357,1
13229,1351,1358,1
13230,1351,4801,1
13231,1351,2905,1
13232,1351,1783,1
13233,1351,4588,1
13234,1351,2929,1
13235,1352,1353,1
13236,1352,1354,1
13237,1352,1355,1
13238,1352,1356,1
13239,1352,1357,1
13240,1352,1358,1
13241,1352,1360,1
13242,1352,1821,1
13243,1352,2271,1
13244,1353,1355,1
13245,1353,1356,1
13246,1353,1357,1
13247,1353,1358,1
13248,1353,1359,1
13249,1353,1360,1
13250,1353,1361,1
13251,1353,2163,1
13252,1353,1824,1
13253,1354,1355,1
13254,1354,1357,1
13255,1354,1360,1
13256,1354,1361,1
13257,1354,1362,1
13258,1354,1899,1
13259,1354,1701,1
13260,1354,4193,1
13261,1355,1358,1
13262,1355,1360,1
13263,1355,1361,1
13264,1355,1362,1
13265,1355,4974,1
13266,1355,4612,1
13267,1355,1762,1
13268,1355,1778,1
13269,1355,2790,1
13270,1355,4160,1
13271,1356,1357,1
13272,1356,1358,1
13273,1356,1359,1
13274,1356,1361,1
13275,1356,1362,1
13276,1356,1363,1
13277,1356,1364,1
13278,1356,1551,1
13279,1356,3513,1
13280,1356,3326,1
13281,1356,4783,1
13282,1357,1361,1
13283,1357,1362,1
13284,1357,1365,1
13285,1357,3546,1
13286,1357,2554,1
13287,1357,4085,1
13288,1357,2794,1
13289,1357,2869,1
13290,1357,3778,1
13291,1358,1359,1
13292,1358,1361,1
13293,1358,1362,1
13294,1358,1363,1
13295,1358,1364,1
13296,1358,1365,1
13297,1358,1366,1
13298,1358,3675,1
13299,1358,1926,1
13300,1358,4655,1
13301,1359,1360,1
13302,1359,1361,1
13303,1359,1363,1
13304,1359,1364,1
13305,1359,1367,1
13306,1359,1419,1
13307,1359,4413,1
13308,1359,1790,1
13309,1359,2800,1
13310,1360,1361,1
13311,1360,1363,1
13312,1360,1364,1
13313,1360,1366,1
13314,1360,1368,1
13315,1360,2891,1
13316,1360,1409,1
13317,1360,1649,1
13318,1361,1362,1
13319,1361,1363,1
13320,1361,1367,1
13321,1361,1369,1
13322,1361,2546,1
13323,1361,3466,1
13324,1361,2506,1
13325,1361,2906,1
13326,1361,3835,1
13327,1362,1364,1
13328,1362,1365,1
13329,1362,1366,1
13330,1362,1367,1
13331,1362,3792,1
13332,1362,3906,1
13333,1362,4113,1
13334,1362,4356,1
13335,1362,4844,1
13336,1362,1876,1
13337,1362,3012,1
13338,1362,2119,1
13339,1363,1364,1
13340,1363,1365,1
13341,1363,1366,1
13342,1363,1367,1
13343,1363,1368,1
13344,1363,1369,1
13345,1363,1371,1
13346,1363,4940,1
13347,1363,1689,1
13348,1363,3040,1
13349,1364,1365,1
13350,1364,1366,1
13351,1364,1367,1
13352,1364,1368,1
13353,1364,1370,1
13354,1364,1371,1
13355,1364,1372,1
13356,1364,4359,1
13357,1364,2638,1
13358,1365,1366,1
13359,1365,1367,1
13360,1365,1368,1
13361,1365,1369,1
13362,1365,1370,1
13363,1365,1373,1
13364,1365,4686,1
13365,1365,4634,1
13366,1365,4081,1
13367,1366,1367,1
13368,1366,1369,1
13369,1366,1370,1
13370,1366,1373,1
13371,1366,1869,1
13372,1366,3866,1
13373,1366,3253,1
13374,1366,4029,1
13375,1366,3563,1
13376,1367,1368,1
13377,1367,1369,1
13378,1367,1371,1
13379,1367,1372,1
13380,1367,1373,1
13381,1367,1374,1
13382,1367,4972,1
13383,1367,1971,1
13384,1367,4654,1
13385,1368,1369,1
13386,1368,1370,1
13387,1368,1371,1
13388,1368,1372,1
13389,1368,1373,1
13390,1368,1375,1
13391,1368,1376,1
13392,1368,2378,1
13393,1368,3420,1
13394,1368,3617,1
13395,1368,3486,1
13396,1369,1371,1
13397,1369,1372,1
13398,1369,1373,1
13399,1369,1374,1
13400,1369,1375,1
13401,1369,1376,1
13402,1369,1377,1
13403,1369,3752,1
13404,1369,4399,1
13405,1369,4780,1
13406,1370,1371,1
13407,1370,1375,1
13408,1370,1377,1
13409,1370,3235,1
13410,1370,3797,1
13411,1370,1874,1
13412,1370,3059,1
13413,1370,3706,1
13414,1370,4023,1
13415,1370,3642,1
13416,1370,1827,1
13417,1370,2654,1
13418,1371,1372,1
13419,1371,1373,1
13420,1371,1374,1
13421,1371,1375,1
13422,1371,1377,1
13423,1371,1378,1
13424,1371,1379,1
13425,1371,4983,1
13426,1371,4512,1
13427,1371,3405,1
13428,1372,1373,1
13429,1372,1374,1
13430,1372,1375,1
13431,1372,1376,1
13432,1372,1377,1
13433,1372,1378,1
13434,1372,1379,1
13435,1372,3851,1
13436,1373,1374,1
13437,1373,1375,1
13438,1373,1376,1
13439,1373,1378,1
13440,1373,1379,1
13441,1373,1485,1
13442,1373,3302,1
13443,1374,1378,1
13444,1374,1380,1
13445,1374,1382,1
13446,1374,3947,1
13447,1374,2822,1
13448,1374,1439,1
13449,1374,3233,1
13450,1374,4296,1
13451,1375,1376,1
13452,1375,1377,1
13453,1375,1378,1
13454,1375,1382,1
13455,1375,3286,1
13456,1375,2972,1
13457,1375,1624,1
13458,1375,2276,1
13459,1375,4086,1
13460,1376,1377,1
13461,1376,1378,1
13462,1376,1379,1
13463,1376,1380,1
13464,1376,1383,1
13465,1376,1384,1
13466,1376,3047,1
13467,1376,2124,1
13468,1377,1378,1
13469,1377,1379,1
13470,1377,1380,1
13471,1377,1382,1
13472,1377,1383,1
13473,1377,1384,1
13474,1377,1385,1
13475,1378,1379,1
13476,1378,1380,1
13477,1378,1381,1
13478,1378,1382,1
13479,1378,1384,1
13480,1378,1385,1
13481,1378,3542,1
13482,1379,1380,1
13483,1379,1381,1
13484,1379,1382,1
13485,1379,1383,1
13486,1379,1384,1
13487,1379,1386,1
13488,1379,1387,1
13489,1379,3340,1
13490,1379,4174,1
13491,1379,1708,1
13492,1380,1381,1
13493,1380,1382,1
13494,1380,1383,1
13495,1380,1384,1
13496,1380,1385,1
13497,1380,1386,1
13498,1380,1387,1
13499,1380,4164,1
13500,1380,3530,1
13501,1380,4400,1
13502,1381,1384,1
13503,1381,1385,1
13504,1381,1386,1
13505,1381,1388,1
13506,1381,1389,1
13507,1381,3574,1
13508,1381,3551,1
13509,1382,1383,1
13510,1382,1384,1
13511,1382,1385,1
13512,1382,1386,1
13513,1382,1387,1
13514,1382,1388,1
13515,1382,4798,1
13516,1382,3947,1
13517,1382,2936,1
13518,1382,4042,1
13519,1382,2707,1
13520,1383,1384,1
13521,1383,1385,1
13522,1383,1387,1
13523,1383,1388,1
13524,1383,1390,1
13525,1383,1540,1
13526,1383,2171,1
13527,1383,2043,1
13528,1383,2013,1
13529,1384,1385,1
13530,1384,1386,1
13531,1384,1387,1
13532,1384,1388,1
13533,1384,1390,1
13534,1384,1391,1
13535,1384,4310,1
13536,1384,1673,1
13537,1384,3474,1
13538,1385,1387,1
13539,1385,1388,1
13540,1385,1391,1
13541,1385,1392,1
13542,1385,3458,1
13543,1386,1388,1
13544,1386,1390,1
13545,1386,1391,1
13546,1386,1392,1
13547,1386,1394,1
13548,1386,4048,1
13549,1386,1889,1
13550,1386,2141,1
13551,1387,1388,1
13552,1387,1389,1
13553,1387,1390,1
13554,1387,1391,1
13555,1387,1394,1
13556,1387,1395,1
13557,1387,2692,1
13558,1387,4504,1
13559,1387,1991,1
13560,1387,2453,1
13561,1388,1389,1
13562,1388,1390,1
13563,1388,1392,1
13564,1388,1393,1
13565,1388,1394,1
13566,1388,1395,1
13567,1388,1396,1
13568,1388,2742,1
13569,1388,4786,1
13570,1389,1392,1
13571,1389,1393,1
13572,1389,1395,1
13573,1389,1396,1
13574,1389,2077,1
13575,1389,4710,1
13576,1389,3644,1
13577,1389,2661,1
13578,1390,1391,1
13579,1390,1393,1
13580,1390,1394,1
13581,1390,1395,1
13582,1390,1397,1
13583,1390,1398,1
13584,1390,2279,1
13585,1390,2952,1
13586,1390,4336,1
13587,1390,2058,1
13588,1390,3183,1
13589,1390,1662,1
13590,1391,1392,1
13591,1391,1393,1
13592,1391,1394,1
13593,1391,1395,1
13594,1391,1396,1
13595,1391,1397,1
13596,1391,1398,1
13597,1391,2308,1
13598,1391,4904,1
13599,1392,1394,1
13600,1392,1396,1
13601,1392,1397,1
13602,1392,1398,1
13603,1392,1399,1
13604,1392,1400,1
13605,1392,4810,1
13606,1392,3330,1
13607,1392,1893,1
13608,1393,1394,1
13609,1393,1395,1
13610,1393,1396,1
13611,1393,1398,1
13612,1393,1399,1
13613,1393,1401,1
13614,1393,1422,1
13615,1393,2342,1
13616,1394,1395,1
13617,1394,1396,1
13618,1394,1397,1
13619,1394,1398,1
13620,1394,1399,1
13621,1394,1400,1
13622,1394,1401,1
13623,1394,1402,1
13624,1394,4167,1
13625,1394,4164,1
13626,1395,1396,1
13627,1395,1398,1
13628,1395,1399,1
13629,1395,1401,1
13630,1395,1402,1
13631,1395,1403,1
13632,1395,3107,1
13633,1396,1398,1
13634,1396,1399,1
13635,1396,1401,1
13636,1396,1402,1
13637,1396,1403,1
13638,1396,1404,1
13639,1396,2770,1
13640,1396,2212,1
13641,1396,3970,1
13642,1397,1398,1
13643,1397,1400,1
13644,1397,1401,1
13645,1397,1404,1
13646,1397,3068,1
13647,1397,1873,1
13648,1397,4890,1
13649,1397,4649,1
13650,1398,1400,1
13651,1398,1401,1
13652,1398,1402,1
13653,1398,1403,1
13654,1398,1404,1
13655,1398,1406,1
13656,1398,3113,1
13657,1398,4035,1
13658,1398,3325,1
13659,1399,1400,1
13660,1399,1401,1
13661,1399,1402,1
13662,1399,1403,1
13663,1399,1404,1
13664,1399,1405,1
13665,1399,1406,1
13666,1399,1407,1
13667,1399,1911,1
13668,1400,1401,1
13669,1400,1403,1
13670,1400,1404,1
13671,1400,1406,1
13672,1400,1407,1
13673,1400,1408,1
13674,1400,4182,1
13675,1400,4209,1
13676,1400,2537,1
13677,1400,3384,1
13678,1400,1997,1
13679,1400,2992,1
13680,1401,1403,1
13681,1401,1404,1
13682,1401,1405,1
13683,1401,1407,1
13684,1401,1408,1
13685,1401,3122,1
13686,1401,2275,1
13687,1401,2594,1
13688,1401,2870,1
13689,1401,2734,1
13690,1401,2585,1
13691,1402,1403,1
13692,1402,1404,1
13693,1402,1405,1
13694,1402,1406,1
13695,1402,1408,1
13696,1402,2657,1
13697,1402,2748,1
13698,1402,3850,1
13699,1402,4976,1
13700,1402,1476,1
13701,1402,4542,1
13702,1402,2487,1
13703,1402,1892,1
13704,1403,1404,1
13705,1403,1405,1
13706,1403,1406,1
13707,1403,1407,1
13708,1403,1408,1
13709,1403,1409,1
13710,1403,1410,1
13711,1403,1411,1
13712,1403,4443,1
13713,1403,2131,1
13714,1403,4633,1
13715,1404,1406,1
13716,1404,1407,1
13717,1404,1409,1
13718,1404,1410,1
13719,1404,1411,1
13720,1404,1412,1
13721,1404,1678,1
13722,1404,3962,1
13723,1404,4221,1
13724,1405,1406,1
13725,1405,1407,1
13726,1405,1408,1
13727,1405,1409,1
13728,1405,1411,1
13729,1405,1412,1
13730,1405,2090,1
13731,1405,4512,1
13732,1405,2512,1
13733,1405,3131,1
13734,1406,1407,1
13735,1406,1408,1
13736,1406,1409,1
13737,1406,1410,1
13738,1406,1413,1
13739,1406,1414,1
13740,1406,2445,1
13741,1406,2792,1
13742,1406,4969,1
13743,1407,1408,1
13744,1407,1409,1
13745,1407,1411,1
13746,1407,1413,1
13747,1407,1414,1
13748,1407,1415,1
13749,1407,1739,1
13750,1407,4259,1
13751,1407,4498,1
13752,1408,1409,1
13753,1408,1410,1
13754,1408,1411,1
13755,1408,1413,1
13756,1408,1414,1
13757,1408,1415,1
13758,1408,2544,1
13759,1408,4722,1
13760,1408,3948,1
13761,1409,1412,1
13762,1409,1413,1
13763,1409,1414,1
13764,1409,1415,1
13765,1409,1417,1
13766,1409,1430,1
13767,1409,2517,1
13768,1409,4819,1
13769,1410,1412,1
13770,1410,1413,1
13771,1410,1414,1
13772,1410,1415,1
13773,1410,1417,1
13774,1410,1418,1
13775,1410,1457,1
13776,1410,2538,1
13777,1410,2105,1
13778,1410,3652,1
13779,1410,3357,1
13780,1411,1412,1
13781,1411,1413,1
13782,1411,1416,1
13783,1411,1417,1
13784,1411,1418,1
13785,1411,1419,1
13786,1411,4106,1
13787,1411,1771,1
13788,1411,3751,1
13789,1412,1414,1
13790,1412,1416,1
13791,1412,1418,1
13792,1412,1419,1
13793,1412,2499,1
13794,1412,2141,1
13795,1412,2407,1
13796,1412,3656,1
13797,1412,3057,1
13798,1413,1415,1
13799,1413,1416,1
13800,1413,1418,1
13801,1413,1421,1
13802,1413,2448,1
13803,1413,3588,1
13804,1413,3381,1
13805,1413,3432,1
13806,1414,1415,1
13807,1414,1416,1
13808,1414,1418,1
13809,1414,1420,1
13810,1414,1421,1
13811,1414,1422,1
13812,1414,4500,1
13813,1414,4457,1
13814,1414,3608,1
13815,1415,1416,1
13816,1415,1417,1
13817,1415,1418,1
13818,1415,1419,1
13819,1415,1420,1
13820,1415,1421,1
13821,1415,1422,1
13822,1415,2590,1
13823,1415,2063,1
13824,1415,3321,1
13825,1416,1417,1
13826,1416,1419,1
13827,1416,1420,1
13828,1416,1421,1
13829,1416,1422,1
13830,1416,1423,1
13831,1416,2023,1
13832,1416,2604,1
13833,1416,3767,1
13834,1417,1418,1
13835,1417,1419,1
13836,1417,1420,1
13837,1417,1421,1
13838,1417,1422,1
13839,1417,1425,1
13840,1417,4800,1
13841,1418,1419,1
13842,1418,1423,1
13843,1418,1424,1
13844,1418,1425,1
13845,1418,1426,1
13846,1418,3129,1
13847,1418,1698,1
13848,1418,2950,1
13849,1419,1421,1
13850,1419,1422,1
13851,1419,1424,1
13852,1419,1426,1
13853,1419,1427,1
13854,1419,4095,1
13855,1419,4174,1
13856,1420,1423,1
13857,1420,1424,1
13858,1420,1425,1
13859,1420,1426,1
13860,1420,1428,1
13861,1420,3550,1
13862,1420,3830,1
13863,1420,3529,1
13864,1420,2349,1
13865,1421,1422,1
13866,1421,1423,1
13867,1421,1426,1
13868,1421,1428,1
13869,1421,1429,1
13870,1421,1698,1
13871,1421,2020,1
13872,1421,4706,1
13873,1422,1424,1
13874,1422,1425,1
13875,1422,1426,1
13876,1422,1427,1
13877,1422,1428,1
13878,1422,1429,1
13879,1422,4999,1
13880,1422,2437,1
13881,1422,4353,1
13882,1422,2655,1
13883,1423,1424,1
13884,1423,1428,1
13885,1423,1429,1
13886,1423,1430,1
13887,1423,1431,1
13888,1423,2743,1
13889,1423,3746,1
13890,1423,4358,1
13891,1424,1425,1
13892,1424,1426,1
13893,1424,1428,1
13894,1424,1429,1
13895,1424,1431,1
13896,1424,1432,1
13897,1424,3274,1
13898,1424,2351,1
13899,1424,3709,1
13900,1424,2337,1
13901,1425,1426,1
13902,1425,1428,1
13903,1425,1430,1
13904,1425,1431,1
13905,1425,1432,1
13906,1425,1433,1
13907,1425,2081,1
13908,1425,4433,1
13909,1425,4340,1
13910,1425,2228,1
13911,1425,3396,1
13912,1426,1428,1
13913,1426,1429,1
13914,1426,1431,1
13915,1426,1432,1
13916,1426,1434,1
13917,1426,2636,1
13918,1426,4852,1
13919,1426,3110,1
13920,1426,2375,1
13921,1426,1580,1
13922,1427,1428,1
13923,1427,1429,1
13924,1427,1430,1
13925,1427,1431,1
13926,1427,1432,1
13927,1427,1435,1
13928,1427,2499,1
13929,1427,3505,1
13930,1427,2974,1
13931,1427,1868,1
13932,1427,1458,1
13933,1428,1429,1
13934,1428,1430,1
13935,1428,1431,1
13936,1428,1432,1
13937,1428,1433,1
13938,1428,1436,1
13939,1428,3944,1
13940,1428,2511,1
13941,1429,1430,1
13942,1429,1431,1
13943,1429,1435,1
13944,1429,1436,1
13945,1429,1857,1
13946,1429,1830,1
13947,1429,4041,1
13948,1429,4380,1
13949,1429,4669,1
13950,1430,1431,1
13951,1430,1434,1
13952,1430,1435,1
13953,1430,1438,1
13954,1430,3863,1
13955,1430,1894,1
13956,1430,3036,1
13957,1430,3906,1
13958,1431,1432,1
13959,1431,1434,1
13960,1431,1435,1
13961,1431,1438,1
13962,1431,1439,1
13963,1431,3041,1
13964,1431,1679,1
13965,1431,2463,1
13966,1431,3094,1
13967,1432,1433,1
13968,1432,1434,1
13969,1432,1435,1
13970,1432,1438,1
13971,1432,3818,1
13972,1432,4336,1
13973,1432,2824,1
13974,1433,1435,1
13975,1433,1436,1
13976,1433,1437,1
13977,1433,1438,1
13978,1433,1439,1
13979,1433,1440,1
13980,1433,1441,1
13981,1433,3163,1
13982,1433,4459,1
13983,1434,1436,1
13984,1434,1437,1
13985,1434,1438,1
13986,1434,1439,1
13987,1434,1441,1
13988,1434,1442,1
13989,1434,4262,1
13990,1434,4219,1
13991,1435,1436,1
13992,1435,1437,1
13993,1435,1438,1
13994,1435,1439,1
13995,1435,1440,1
13996,1435,1441,1
13997,1435,1824,1
13998,1435,1535,1
13999,1435,3342,1
14000,1436,1438,1
14001,1436,1439,1
14002,1436,1442,1
14003,1436,3976,1
14004,1436,3394,1
14005,1436,4601,1
14006,1436,2964,1
14007,1436,3692,1
14008,1436,4049,1
14009,1436,4265,1
14010,1437,1439,1
14011,1437,1441,1
14012,1437,1442,1
14013,1437,1443,1
14014,1437,1444,1
14015,1437,1445,1
14016,1437,3257,1
14017,1437,4685,1
14018,1437,1960,1
14019,1437,4557,1
14020,1437,4939,1
14021,1438,1439,1
14022,1438,1441,1
14023,1438,1442,1
14024,1438,1443,1
14025,1438,1444,1
14026,1438,1445,1
14027,1438,1446,1
14028,1438,3900,1
14029,1438,2555,1
14030,1439,1440,1
14031,1439,1441,1
14032,1439,1443,1
14033,1439,1446,1
14034,1439,1447,1
14035,1439,2090,1
14036,1440,1441,1
14037,1440,1442,1
14038,1440,1447,1
14039,1440,1448,1
14040,1440,1752,1
14041,1440,1869,1
14042,1440,3216,1
14043,1440,2388,1
14044,1440,3814,1
14045,1441,1442,1
14046,1441,1443,1
14047,1441,1444,1
14048,1441,1446,1
14049,1441,1449,1
14050,1441,2269,1
14051,1441,4761,1
14052,1441,1505,1
14053,1441,4453,1
14054,1442,1443,1
14055,1442,1444,1
14056,1442,1446,1
14057,1442,1447,1
14058,1442,1448,1
14059,1442,1449,1
14060,1442,1450,1
14061,1442,4922,1
14062,1443,1447,1
14063,1443,1448,1
14064,1443,1449,1
14065,1443,1450,1
14066,1443,3708,1
14067,1443,2532,1
14068,1443,3654,1
14069,1444,1445,1
14070,1444,1446,1
14071,1444,1447,1
14072,1444,1448,1
14073,1444,1449,1
14074,1444,1451,1
14075,1444,1452,1
14076,1444,4201,1
14077,1444,2242,1
14078,1445,1447,1
14079,1445,1448,1
14080,1445,1449,1
14081,1445,1450,1
14082,1445,1451,1
14083,1445,1452,1
14084,1445,4658,1
14085,1445,2847,1
14086,1446,1449,1
14087,1446,1450,1
14088,1446,1451,1
14089,1446,1453,1
14090,1446,1454,1
14091,1446,3373,1
14092,1446,3508,1
14093,1446,3351,1
14094,1446,2011,1
14095,1446,1523,1
14096,1447,1448,1
14097,1447,1450,1
14098,1447,1451,1
14099,1447,1452,1
14100,1447,1453,1
14101,1447,1454,1
14102,1447,3718,1
14103,1447,2181,1
14104,1447,1494,1
14105,1448,1452,1
14106,1448,1454,1
14107,1448,1455,1
14108,1448,1456,1
14109,1448,4577,1
14110,1448,4639,1
14111,1448,4081,1
14112,1448,3725,1
14113,1449,1450,1
14114,1449,1451,1
14115,1449,1452,1
14116,1449,1453,1
14117,1449,1455,1
14118,1449,1456,1
14119,1449,4246,1
14120,1450,1451,1
14121,1450,1453,1
14122,1450,1454,1
14123,1450,1455,1
14124,1450,1456,1
14125,1450,1457,1
14126,1450,1458,1
14127,1450,2943,1
14128,1450,2235,1
14129,1450,3323,1
14130,1450,3676,1
14131,1451,1452,1
14132,1451,1453,1
14133,1451,1456,1
14134,1451,1458,1
14135,1451,1651,1
14136,1451,3043,1
14137,1451,4113,1
14138,1452,1453,1
14139,1452,1454,1
14140,1452,1456,1
14141,1452,1457,1
14142,1452,1458,1
14143,1452,1459,1
14144,1452,1460,1
14145,1452,3084,1
14146,1452,3960,1
14147,1452,2105,1
14148,1452,3552,1
14149,1452,4822,1
14150,1453,1454,1
14151,1453,1455,1
14152,1453,1456,1
14153,1453,1457,1
14154,1453,1459,1
14155,1453,1460,1
14156,1453,1461,1
14157,1454,1455,1
14158,1454,1457,1
14159,1454,1459,1
14160,1454,1461,1
14161,1454,2664,1
14162,1454,3475,1
14163,1454,3647,1
14164,1454,4816,1
14165,1455,1456,1
14166,1455,1457,1
14167,1455,1458,1
14168,1455,1459,1
14169,1455,1460,1
14170,1455,1462,1
14171,1455,1798,1
14172,1456,1457,1
14173,1456,1458,1
14174,1456,1459,1
14175,1456,1460,1
14176,1456,1461,1
14177,1456,1462,1
14178,1456,1464,1
14179,1456,3421,1
14180,1456,2294,1
14181,1456,4742,1
14182,1456,4343,1
14183,1456,4615,1
14184,1457,1458,1
14185,1457,1459,1
14186,1457,1460,1
14187,1457,1462,1
14188,1457,1464,1
14189,1457,1465,1
14190,1457,2688,1
14191,1457,1725,1
14192,1457,2692,1
14193,1458,1459,1
14194,1458,1460,1
14195,1458,1461,1
14196,1458,1462,1
14197,1458,1463,1
14198,1458,1464,1
14199,1458,1465,1
14200,1458,4478,1
14201,1459,1460,1
14202,1459,1461,1
14203,1459,1462,1
14204,1459,1463,1
14205,1459,1465,1
14206,1459,1466,1
14207,1459,1467,1
14208,1459,1872,1
14209,1459,2386,1
14210,1460,1461,1
14211,1460,1462,1
14212,1460,1464,1
14213,1460,1465,1
14214,1460,1466,1
14215,1460,1467,1
14216,1460,1468,1
14217,1460,2361,1
14218,1460,4667,1
14219,1461,1463,1
14220,1461,1464,1
14221,1461,1466,1
14222,1461,1468,1
14223,1461,1469,1
14224,1461,4837,1
14225,1461,2557,1
14226,1461,3547,1
14227,1461,4190,1
14228,1462,1463,1
14229,1462,1464,1
14230,1462,1465,1
14231,1462,1466,1
14232,1462,1467,1
14233,1462,1468,1
14234,1462,1469,1
14235,1462,3397,1
14236,1463,1464,1
14237,1463,1467,1
14238,1463,1470,1
14239,1463,1471,1
14240,1463,2872,1
14241,1463,4951,1
14242,1463,4859,1
14243,1463,3492,1
14244,1463,2398,1
14245,1464,1465,1
14246,1464,1467,1
14247,1464,1470,1
14248,1464,1471,1
14249,1464,3838,1
14250,1464,1640,1
14251,1464,4574,1
14252,1464,4625,1
14253,1465,1467,1
14254,1465,1469,1
14255,1465,1470,1
14256,1465,1471,1
14257,1465,1472,1
14258,1465,1473,1
14259,1465,4094,1
14260,1465,2300,1
14261,1465,4488,1
14262,1465,4779,1
14263,1465,2408,1
14264,1466,1468,1
14265,1466,1469,1
14266,1466,1472,1
14267,1466,1474,1
14268,1466,1803,1
14269,1466,4487,1
14270,1466,3353,1
14271,1466,4246,1
14272,1466,4683,1
14273,1466,2855,1
14274,1467,1468,1
14275,1467,1470,1
14276,1467,1471,1
14277,1467,1472,1
14278,1467,1473,1
14279,1467,1474,1
14280,1467,1475,1
14281,1467,3490,1
14282,1468,1469,1
14283,1468,1470,1
14284,1468,1471,1
14285,1468,1472,1
14286,1468,1473,1
14287,1468,1474,1
14288,1468,1475,1
14289,1468,1476,1
14290,1468,2068,1
14291,1468,2289,1
14292,1468,3637,1
14293,1468,2985,1
14294,1468,3378,1
14295,1469,1470,1
14296,1469,1471,1
14297,1469,1472,1
14298,1469,1473,1
14299,1469,1474,1
14300,1469,1475,1
14301,1469,1477,1
14302,1469,3374,1
14303,1469,2518,1
14304,1469,4565,1
14305,1469,4956,1
14306,1470,1471,1
14307,1470,1473,1
14308,1470,1474,1
14309,1470,1476,1
14310,1470,1477,1
14311,1470,1478,1
14312,1470,2408,1
14313,1470,3183,1
14314,1470,3783,1
14315,1471,1472,1
14316,1471,1475,1
14317,1471,1476,1
14318,1471,1477,1
14319,1471,1478,1
14320,1471,1479,1
14321,1471,1722,1
14322,1471,2560,1
14323,1472,1473,1
14324,1472,1474,1
14325,1472,1475,1
14326,1472,1476,1
14327,1472,1477,1
14328,1472,1478,1
14329,1472,1479,1
14330,1472,1480,1
14331,1472,3300,1
14332,1472,1985,1
14333,1472,4445,1
14334,1473,1474,1
14335,1473,1475,1
14336,1473,1476,1
14337,1473,1477,1
14338,1473,1478,1
14339,1473,1480,1
14340,1473,1481,1
14341,1473,3713,1
14342,1473,4791,1
14343,1474,1477,1
14344,1474,1478,1
14345,1474,1480,1
14346,1474,1481,1
14347,1474,1692,1
14348,1474,3019,1
14349,1474,3239,1
14350,1474,1528,1
14351,1474,4696,1
14352,1474,4931,1
14353,1474,3042,1
14354,1475,1476,1
14355,1475,1477,1
14356,1475,1479,1
14357,1475,1480,1
14358,1475,1481,1
14359,1475,1482,1
14360,1475,4828,1
14361,1475,2447,1
14362,1475,2872,1
14363,1475,2795,1
14364,1476,1477,1
14365,1476,1478,1
14366,1476,1479,1
14367,1476,1480,1
14368,1476,1482,1
14369,1476,1484,1
14370,1476,3847,1
14371,1477,1478,1
14372,1477,1479,1
14373,1477,1480,1
14374,1477,1481,1
14375,1477,1482,1
14376,1477,1484,1
14377,1477,1530,1
14378,1477,4275,1
14379,1478,1479,1
14380,1478,1481,1
14381,1478,1483,1
14382,1478,1484,1
14383,1478,1486,1
14384,1478,2703,1
14385,1478,4342,1
14386,1478,4527,1
14387,1478,4302,1
14388,1479,1481,1
14389,1479,1482,1
14390,1479,1483,1
14391,1479,1484,1
14392,1479,1486,1
14393,1479,4877,1
14394,1479,3442,1
14395,1479,1832,1
14396,1479,4263,1
14397,1480,1482,1
14398,1480,1485,1
14399,1480,1486,1
14400,1480,1487,1
14401,1480,1488,1
14402,1480,1790,1
14403,1480,3330,1
14404,1480,2387,1
14405,1481,1483,1
14406,1481,1484,1
14407,1481,1485,1
14408,1481,1486,1
14409,1481,1487,1
14410,1481,1488,1
14411,1481,1489,1
14412,1481,3089,1
14413,1481,4779,1
14414,1481,3140,1
14415,1482,1485,1
14416,1482,1486,1
14417,1482,1487,1
14418,1482,1488,1
14419,1482,3961,1
14420,1482,4873,1
14421,1482,4089,1
14422,1482,3812,1
14423,1483,1484,1
14424,1483,1485,1
14425,1483,1486,1
14426,1483,1487,1
14427,1483,1488,1
14428,1483,1489,1
14429,1483,1490,1
14430,1483,4967,1
14431,1484,1485,1
14432,1484,1488,1
14433,1484,1489,1
14434,1484,1490,1
14435,1484,1491,1
14436,1484,1492,1
14437,1484,2475,1
14438,1484,4877,1
14439,1484,3590,1
14440,1484,4931,1
14441,1485,1486,1
14442,1485,1487,1
14443,1485,1489,1
14444,1485,1490,1
14445,1485,1493,1
14446,1485,1665,1
14447,1485,2392,1
14448,1485,3569,1
14449,1485,3797,1
14450,1486,1487,1
14451,1486,1488,1
14452,1486,1489,1
14453,1486,1491,1
14454,1486,1492,1
14455,1486,1494,1
14456,1486,1528,1
14457,1486,4714,1
14458,1486,2731,1
14459,1486,4122,1
14460,1486,4919,1
14461,1487,1488,1
14462,1487,1489,1
14463,1487,1491,1
14464,1487,1492,1
14465,1487,1494,1
14466,1487,1495,1
14467,1487,2501,1
14468,1487,2677,1
14469,1487,4882,1
14470,1488,1489,1
14471,1488,1490,1
14472,1488,1493,1
14473,1488,4765,1
14474,1488,4590,1
14475,1488,3268,1
14476,1488,2763,1
14477,1488,3065,1
14478,1488,2434,1
14479,1488,2777,1
14480,1488,3652,1
14481,1489,1490,1
14482,1489,1491,1
14483,1489,1492,1
14484,1489,1493,1
14485,1489,1494,1
14486,1489,1495,1
14487,1489,1496,1
14488,1489,1497,1
14489,1489,3108,1
14490,1490,1491,1
14491,1490,1492,1
14492,1490,1494,1
14493,1490,1498,1
14494,1490,1515,1
14495,1490,4956,1
14496,1490,3197,1
14497,1490,3491,1
14498,1490,3572,1
14499,1490,3280,1
14500,1490,4966,1
14501,1490,1655,1
14502,1491,1492,1
14503,1491,1494,1
14504,1491,1495,1
14505,1491,1496,1
14506,1491,1498,1
14507,1491,1499,1
14508,1491,3176,1
14509,1491,4978,1
14510,1491,2618,1
14511,1491,3596,1
14512,1492,1493,1
14513,1492,1494,1
14514,1492,1497,1
14515,1492,1499,1
14516,1492,1500,1
14517,1492,2620,1
14518,1492,3786,1
14519,1492,1533,1
14520,1492,4489,1
14521,1492,1781,1
14522,1492,2206,1
14523,1493,1494,1
14524,1493,1495,1
14525,1493,1497,1
14526,1493,1498,1
14527,1493,1501,1
14528,1493,4483,1
14529,1493,2912,1
14530,1493,2589,1
14531,1494,1497,1
14532,1494,1498,1
14533,1494,1499,1
14534,1494,1502,1
14535,1494,3653,1
14536,1494,3781,1
14537,1494,1836,1
14538,1494,4573,1
14539,1494,3982,1
14540,1494,3593,1
14541,1495,1496,1
14542,1495,1497,1
14543,1495,1499,1
14544,1495,1500,1
14545,1495,1501,1
14546,1495,2081,1
14547,1495,2095,1
14548,1495,2440,1
14549,1496,1499,1
14550,1496,1502,1
14551,1496,1503,1
14552,1496,1504,1
14553,1496,2367,1
14554,1496,4142,1
14555,1496,3261,1
14556,1496,2619,1
14557,1496,2632,1
14558,1497,1498,1
14559,1497,1499,1
14560,1497,1500,1
14561,1497,1501,1
14562,1497,1503,1
14563,1497,1504,1
14564,1497,1505,1
14565,1497,2936,1
14566,1498,1499,1
14567,1498,1500,1
14568,1498,1501,1
14569,1498,1502,1
14570,1498,1503,1
14571,1498,1504,1
14572,1498,1505,1
14573,1498,2027,1
14574,1498,4578,1
14575,1498,2214,1
14576,1499,1500,1
14577,1499,1502,1
14578,1499,1503,1
14579,1499,1504,1
14580,1499,1505,1
14581,1499,1506,1
14582,1499,1507,1
14583,1499,4276,1
14584,1499,1827,1
14585,1499,2435,1
14586,1499,2348,1
14587,1499,4510,1
14588,1499,1740,1
14589,1499,1985,1
14590,1499,3990,1
14591,1500,1501,1
14592,1500,1505,1
14593,1500,1506,1
14594,1500,1507,1
14595,1500,2425,1
14596,1500,1960,1
14597,1500,3971,1
14598,1500,1951,1
14599,1501,1503,1
14600,1501,1504,1
14601,1501,1505,1
14602,1501,1506,1
14603,1501,1508,1
14604,1501,2231,1
14605,1501,2740,1
14606,1501,3939,1
14607,1501,4222,1
14608,1501,2474,1
14609,1502,1503,1
14610,1502,1505,1
14611,1502,1507,1
14612,1502,1509,1
14613,1502,1510,1
14614,1502,3288,1
14615,1502,3229,1
14616,1503,1504,1
14617,1503,1505,1
14618,1503,1506,1
14619,1503,1509,1
14620,1503,1510,1
14621,1503,1511,1
14622,1503,2406,1
14623,1503,3913,1
14624,1503,2320,1
14625,1503,4625,1
14626,1504,1505,1
14627,1504,1506,1
14628,1504,1508,1
14629,1504,1509,1
14630,1504,1510,1
14631,1504,1512,1
14632,1504,3563,1
14633,1505,1508,1
14634,1505,1509,1
14635,1505,1510,1
14636,1505,1513,1
14637,1505,4413,1
14638,1505,4526,1
14639,1505,4452,1
14640,1505,2575,1
14641,1506,1507,1
14642,1506,1511,1
14643,1506,1512,1
14644,1506,1513,1
14645,1506,1514,1
14646,1506,3581,1
14647,1506,2617,1
14648,1506,3802,1
14649,1506,3917,1
14650,1507,1509,1
14651,1507,1510,1
14652,1507,1511,1
14653,1507,1513,1
14654,1507,1514,1
14655,1507,1515,1
14656,1507,2767,1
14657,1507,3108,1
14658,1507,2226,1
14659,1507,2484,1
14660,1507,3825,1
14661,1508,1509,1
14662,1508,1510,1
14663,1508,1511,1
14664,1508,1512,1
14665,1508,1513,1
14666,1508,1514,1
14667,1508,1515,1
14668,1508,1516,1
14669,1508,4744,1
14670,1508,3104,1
14671,1509,1511,1
14672,1509,1514,1
14673,1509,1515,1
14674,1509,1516,1
14675,1509,1517,1
14676,1509,3293,1
14677,1509,1835,1
14678,1509,2137,1
14679,1509,4105,1
14680,1509,1600,1
14681,1509,3181,1
14682,1509,2021,1
14683,1510,1511,1
14684,1510,1512,1
14685,1510,1513,1
14686,1510,1514,1
14687,1510,1515,1
14688,1510,1516,1
14689,1510,1517,1
14690,1510,4288,1
14691,1510,4003,1
14692,1510,2941,1
14693,1510,4801,1
14694,1511,1512,1
14695,1511,1513,1
14696,1511,1514,1
14697,1511,1515,1
14698,1511,1516,1
14699,1511,1517,1
14700,1511,4159,1
14701,1511,3229,1
14702,1512,1514,1
14703,1512,1516,1
14704,1512,1517,1
14705,1512,1518,1
14706,1512,1519,1
14707,1512,4513,1
14708,1512,2219,1
14709,1512,3254,1
14710,1512,4325,1
14711,1512,3202,1
14712,1512,3875,1
14713,1513,1514,1
14714,1513,1515,1
14715,1513,1517,1
14716,1513,1520,1
14717,1513,1521,1
14718,1513,1618,1
14719,1514,1515,1
14720,1514,1516,1
14721,1514,1517,1
14722,1514,1519,1
14723,1514,1520,1
14724,1514,1522,1
14725,1514,3770,1
14726,1514,4097,1
14727,1514,2598,1
14728,1515,1516,1
14729,1515,1519,1
14730,1515,1520,1
14731,1515,1521,1
14732,1515,1522,1
14733,1515,3823,1
14734,1516,1517,1
14735,1516,1518,1
14736,1516,1519,1
14737,1516,1524,1
14738,1516,2713,1
14739,1516,2667,1
14740,1516,3595,1
14741,1516,4569,1
14742,1517,1518,1
14743,1517,1519,1
14744,1517,1520,1
14745,1517,1521,1
14746,1517,1522,1
14747,1517,1523,1
14748,1517,1524,1
14749,1517,1525,1
14750,1518,1519,1
14751,1518,1520,1
14752,1518,1521,1
14753,1518,1523,1
14754,1518,1526,1
14755,1518,3528,1
14756,1518,3136,1
14757,1518,3249,1
14758,1518,2132,1
14759,1518,2393,1
14760,1519,1522,1
14761,1519,1523,1
14762,1519,1524,1
14763,1519,1526,1
14764,1519,1527,1
14765,1519,2667,1
14766,1519,3437,1
14767,1519,2247,1
14768,1519,1657,1
14769,1520,1521,1
14770,1520,1522,1
14771,1520,1523,1
14772,1520,1524,1
14773,1520,1525,1
14774,1520,1526,1
14775,1520,1528,1
14776,1520,2791,1
14777,1521,1522,1
14778,1521,1523,1
14779,1521,1524,1
14780,1521,1525,1
14781,1521,1526,1
14782,1521,1527,1
14783,1521,1529,1
14784,1521,3367,1
14785,1521,2405,1
14786,1521,2169,1
14787,1522,1523,1
14788,1522,1525,1
14789,1522,1526,1
14790,1522,1527,1
14791,1522,1528,1
14792,1522,1529,1
14793,1522,1897,1
14794,1522,4685,1
14795,1523,1524,1
14796,1523,1526,1
14797,1523,1527,1
14798,1523,1530,1
14799,1523,1531,1
14800,1523,1640,1
14801,1523,1675,1
14802,1524,1526,1
14803,1524,1527,1
14804,1524,1528,1
14805,1524,1529,1
14806,1524,1530,1
14807,1524,1532,1
14808,1524,1758,1
14809,1524,2974,1
14810,1524,2201,1
14811,1525,1526,1
14812,1525,1527,1
14813,1525,1528,1
14814,1525,1529,1
14815,1525,1530,1
14816,1525,1532,1
14817,1525,3395,1
14818,1525,1767,1
14819,1525,3346,1
14820,1525,1933,1
14821,1526,1527,1
14822,1526,1529,1
14823,1526,1531,1
14824,1526,1532,1
14825,1526,1534,1
14826,1526,1783,1
14827,1526,2875,1
14828,1526,2433,1
14829,1526,3886,1
14830,1526,4658,1
14831,1526,4543,1
14832,1526,4338,1
14833,1527,1528,1
14834,1527,1529,1
14835,1527,1530,1
14836,1527,1532,1
14837,1527,1533,1
14838,1527,3818,1
14839,1527,4573,1
14840,1527,2900,1
14841,1527,1593,1
14842,1527,3394,1
14843,1527,4197,1
14844,1527,3968,1
14845,1528,1530,1
14846,1528,1531,1
14847,1528,1535,1
14848,1528,2689,1
14849,1529,1530,1
14850,1529,1531,1
14851,1529,1534,1
14852,1529,1535,1
14853,1529,1536,1
14854,1529,1537,1
14855,1530,1532,1
14856,1530,1533,1
14857,1530,1534,1
14858,1530,1535,1
14859,1530,1536,1
14860,1530,1537,1
14861,1530,1538,1
14862,1530,4718,1
14863,1530,3384,1
14864,1530,3906,1
14865,1530,4957,1
14866,1531,1532,1
14867,1531,1533,1
14868,1531,1535,1
14869,1531,1536,1
14870,1531,1537,1
14871,1531,1538,1
14872,1531,1539,1
14873,1532,1535,1
14874,1532,1536,1
14875,1532,1537,1
14876,1532,1538,1
14877,1532,1540,1
14878,1532,1711,1
14879,1532,3268,1
14880,1532,2494,1
14881,1532,2067,1
14882,1532,3575,1
14883,1533,1534,1
14884,1533,1535,1
14885,1533,1537,1
14886,1533,1538,1
14887,1533,1539,1
14888,1533,2182,1
14889,1533,2125,1
14890,1533,1960,1
14891,1534,1535,1
14892,1534,1536,1
14893,1534,1537,1
14894,1534,1539,1
14895,1534,1541,1
14896,1534,2905,1
14897,1534,1647,1
14898,1534,4521,1
14899,1535,1538,1
14900,1535,1540,1
14901,1535,1541,1
14902,1535,1542,1
14903,1535,3608,1
14904,1535,3902,1
14905,1535,4377,1
14906,1535,1993,1
14907,1536,1537,1
14908,1536,1538,1
14909,1536,1539,1
14910,1536,1540,1
14911,1536,1544,1
14912,1536,1768,1
14913,1536,3503,1
14914,1536,4114,1
14915,1537,1538,1
14916,1537,1539,1
14917,1537,1540,1
14918,1537,1541,1
14919,1537,1542,1
14920,1537,2034,1
14921,1537,4215,1
14922,1537,3063,1
14923,1538,1540,1
14924,1538,1541,1
14925,1538,1542,1
14926,1538,1543,1
14927,1538,1544,1
14928,1538,1546,1
14929,1538,2006,1
14930,1538,1997,1
14931,1538,2204,1
14932,1539,1540,1
14933,1539,1541,1
14934,1539,1542,1
14935,1539,1543,1
14936,1539,1544,1
14937,1539,1545,1
14938,1539,1547,1
14939,1539,3394,1
14940,1539,4771,1
14941,1539,2077,1
14942,1539,2970,1
14943,1540,1544,1
14944,1540,1546,1
14945,1540,1547,1
14946,1540,1548,1
14947,1540,2939,1
14948,1540,2818,1
14949,1540,3556,1
14950,1541,1542,1
14951,1541,1543,1
14952,1541,1544,1
14953,1541,1545,1
14954,1541,1546,1
14955,1541,1547,1
14956,1541,1548,1
14957,1541,1549,1
14958,1541,3946,1
14959,1541,1578,1
14960,1541,4174,1
14961,1542,1543,1
14962,1542,1544,1
14963,1542,1545,1
14964,1542,1547,1
14965,1542,1549,1
14966,1542,1550,1
14967,1542,4837,1
14968,1542,4026,1
14969,1542,1817,1
14970,1542,2158,1
14971,1542,2827,1
14972,1543,1544,1
14973,1543,1547,1
14974,1543,1548,1
14975,1543,1549,1
14976,1543,1550,1
14977,1543,1551,1
14978,1543,4803,1
14979,1543,4086,1
14980,1544,1546,1
14981,1544,1548,1
14982,1544,1551,1
14983,1544,1552,1
14984,1544,4652,1
14985,1544,2559,1
14986,1544,2327,1
14987,1545,1548,1
14988,1545,1551,1
14989,1545,1552,1
14990,1545,1553,1
14991,1545,2335,1
14992,1545,1887,1
14993,1545,4307,1
14994,1545,2298,1
14995,1545,3277,1
14996,1546,1547,1
14997,1546,1548,1
14998,1546,1549,1
14999,1546,1550,1
15000,1546,1551,1
15001,1546,1552,1
15002,1546,1553,1
15003,1546,1554,1
15004,1547,1548,1
15005,1547,1551,1
15006,1547,1552,1
15007,1547,1555,1
15008,1547,1621,1
15009,1547,3612,1
15010,1547,4665,1
15011,1547,3735,1
15012,1548,1550,1
15013,1548,1551,1
15014,1548,1552,1
15015,1548,1553,1
15016,1548,1554,1
15017,1548,1556,1
15018,1548,3265,1
15019,1548,1798,1
15020,1549,1550,1
15021,1549,1551,1
15022,1549,1552,1
15023,1549,1554,1
15024,1549,1557,1
15025,1549,4108,1
15026,1549,2730,1
15027,1550,1551,1
15028,1550,1552,1
15029,1550,1553,1
15030,1550,1554,1
15031,1550,1556,1
15032,1550,1557,1
15033,1550,1558,1
15034,1550,3345,1
15035,1550,3184,1
15036,1551,1552,1
15037,1551,1553,1
15038,1551,1556,1
15039,1551,1558,1
15040,1551,1559,1
15041,1551,4241,1
15042,1551,4529,1
15043,1551,2526,1
15044,1551,4196,1
15045,1552,1553,1
15046,1552,1555,1
15047,1552,1556,1
15048,1552,1557,1
15049,1552,1558,1
15050,1552,1560,1
15051,1552,4326,1
15052,1552,3573,1
15053,1553,1554,1
15054,1553,1555,1
15055,1553,1557,1
15056,1553,1558,1
15057,1553,1559,1
15058,1553,1560,1
15059,1553,2939,1
15060,1553,2752,1
15061,1554,1558,1
15062,1554,1559,1
15063,1554,1561,1
15064,1554,4296,1
15065,1554,4659,1
15066,1554,4651,1
15067,1554,3718,1
15068,1555,1557,1
15069,1555,1558,1
15070,1555,1559,1
15071,1555,1560,1
15072,1555,1562,1
15073,1555,1563,1
15074,1555,4825,1
15075,1555,3212,1
15076,1555,4165,1
15077,1556,1557,1
15078,1556,1561,1
15079,1556,1562,1
15080,1556,1563,1
15081,1556,3461,1
15082,1556,1590,1
15083,1556,2557,1
15084,1556,2477,1
15085,1556,3837,1
15086,1556,4628,1
15087,1557,1560,1
15088,1557,1561,1
15089,1557,1562,1
15090,1557,1563,1
15091,1557,1564,1
15092,1557,2568,1
15093,1557,2314,1
15094,1557,4887,1
15095,1557,4492,1
15096,1558,1559,1
15097,1558,1560,1
15098,1558,1561,1
15099,1558,1562,1
15100,1558,1563,1
15101,1558,1565,1
15102,1558,1566,1
15103,1558,3131,1
15104,1558,1714,1
15105,1558,1844,1
15106,1558,4290,1
15107,1559,1560,1
15108,1559,1561,1
15109,1559,1563,1
15110,1559,1564,1
15111,1559,1565,1
15112,1559,2005,1
15113,1559,4473,1
15114,1559,2695,1
15115,1559,1823,1
15116,1559,4200,1
15117,1560,1562,1
15118,1560,1564,1
15119,1560,1565,1
15120,1560,1566,1
15121,1560,1568,1
15122,1560,4479,1
15123,1560,2152,1
15124,1560,2841,1
15125,1560,3954,1
15126,1561,1562,1
15127,1561,1563,1
15128,1561,1564,1
15129,1561,1565,1
15130,1561,1566,1
15131,1561,1569,1
15132,1561,4747,1
15133,1561,2486,1
15134,1562,1563,1
15135,1562,1564,1
15136,1562,1565,1
15137,1562,1567,1
15138,1562,1568,1
15139,1562,1569,1
15140,1562,1570,1
15141,1563,1564,1
15142,1563,1565,1
15143,1563,1566,1
15144,1563,1567,1
15145,1563,1569,1
15146,1563,1570,1
15147,1563,1571,1
15148,1563,3828,1
15149,1563,3431,1
15150,1564,1567,1
15151,1564,1568,1
15152,1564,1570,1
15153,1564,1571,1
15154,1564,1572,1
15155,1564,4465,1
15156,1564,3340,1
15157,1565,1566,1
15158,1565,1568,1
15159,1565,1569,1
15160,1565,1570,1
15161,1565,1571,1
15162,1565,1573,1
15163,1565,4850,1
15164,1565,1976,1
15165,1565,2031,1
15166,1565,4557,1
15167,1565,1638,1
15168,1566,1569,1
15169,1566,1571,1
15170,1566,1572,1
15171,1566,1573,1
15172,1566,1574,1
15173,1566,4720,1
15174,1566,4827,1
15175,1566,4537,1
15176,1566,1652,1
15177,1567,1568,1
15178,1567,1570,1
15179,1567,1571,1
15180,1567,1573,1
15181,1567,1574,1
15182,1567,1575,1
15183,1567,4656,1
15184,1567,4208,1
15185,1567,1884,1
15186,1568,1570,1
15187,1568,1571,1
15188,1568,1572,1
15189,1568,1574,1
15190,1568,1575,1
15191,1568,1576,1
15192,1569,1570,1
15193,1569,1571,1
15194,1569,1572,1
15195,1569,1574,1
15196,1569,1576,1
15197,1569,1577,1
15198,1569,3386,1
15199,1569,2430,1
15200,1569,2589,1
15201,1570,1571,1
15202,1570,1573,1
15203,1570,1574,1
15204,1570,1576,1
15205,1570,1577,1
15206,1570,1578,1
15207,1570,4187,1
15208,1570,1640,1
15209,1571,1572,1
15210,1571,1573,1
15211,1571,1575,1
15212,1571,1576,1
15213,1571,1577,1
15214,1571,1578,1
15215,1571,1579,1
15216,1571,4216,1
15217,1571,2063,1
15218,1572,1575,1
15219,1572,1576,1
15220,1572,1577,1
15221,1572,1579,1
15222,1572,2683,1
15223,1572,4105,1
15224,1572,2005,1
15225,1572,2876,1
15226,1572,2374,1
15227,1572,3642,1
15228,1572,4359,1
15229,1572,2469,1
15230,1573,1574,1
15231,1573,1576,1
15232,1573,1577,1
15233,1573,1579,1
15234,1573,1580,1
15235,1573,1581,1
15236,1573,3472,1
15237,1573,4789,1
15238,1573,2096,1
15239,1574,1576,1
15240,1574,1577,1
15241,1574,1579,1
15242,1574,1580,1
15243,1574,1581,1
15244,1574,1582,1
15245,1574,4417,1
15246,1574,2675,1
15247,1574,4657,1
15248,1574,4614,1
15249,1575,1576,1
15250,1575,1577,1
15251,1575,1578,1
15252,1575,1579,1
15253,1575,1580,1
15254,1575,1581,1
15255,1575,1582,1
15256,1575,1583,1
15257,1575,2054,1
15258,1576,1577,1
15259,1576,1578,1
15260,1576,1579,1
15261,1576,1580,1
15262,1576,1582,1
15263,1576,1583,1
15264,1576,1584,1
15265,1576,3546,1
15266,1576,3359,1
15267,1577,1578,1
15268,1577,1581,1
15269,1577,1582,1
15270,1577,1585,1
15271,1577,4316,1
15272,1577,2079,1
15273,1577,2630,1
15274,1577,3756,1
15275,1577,1854,1
15276,1577,3235,1
15277,1578,1583,1
15278,1578,1585,1
15279,1578,1586,1
15280,1578,2462,1
15281,1578,3398,1
15282,1578,4781,1
15283,1578,3996,1
15284,1578,2469,1
15285,1579,1580,1
15286,1579,1581,1
15287,1579,1583,1
15288,1579,1584,1
15289,1579,4769,1
15290,1579,1848,1
15291,1579,4828,1
15292,1579,1969,1
15293,1580,1585,1
15294,1580,1586,1
15295,1580,1587,1
15296,1580,1588,1
15297,1580,4583,1
15298,1580,2443,1
15299,1580,3745,1
15300,1581,1582,1
15301,1581,1583,1
15302,1581,1584,1
15303,1581,1586,1
15304,1581,1588,1
15305,1581,2862,1
15306,1581,3318,1
15307,1581,1972,1
15308,1581,1733,1
15309,1581,2863,1
15310,1581,4014,1
15311,1582,1585,1
15312,1582,1586,1
15313,1582,1587,1
15314,1582,1589,1
15315,1582,1590,1
15316,1582,4719,1
15317,1582,3916,1
15318,1582,2986,1
15319,1583,1584,1
15320,1583,1585,1
15321,1583,1586,1
15322,1583,1587,1
15323,1583,1588,1
15324,1583,1589,1
15325,1583,1590,1
15326,1583,1591,1
15327,1583,3581,1
15328,1584,1585,1
15329,1584,1586,1
15330,1584,1589,1
15331,1584,1590,1
15332,1584,3246,1
15333,1584,4095,1
15334,1584,1732,1
15335,1585,1586,1
15336,1585,1589,1
15337,1585,1591,1
15338,1585,1592,1
15339,1585,1593,1
15340,1585,2331,1
15341,1585,4993,1
15342,1585,3429,1
15343,1585,3094,1
15344,1585,2396,1
15345,1585,3260,1
15346,1586,1588,1
15347,1586,1589,1
15348,1586,1590,1
15349,1586,1591,1
15350,1586,1594,1
15351,1586,4457,1
15352,1586,3986,1
15353,1586,3397,1
15354,1586,1765,1
15355,1587,1588,1
15356,1587,1589,1
15357,1587,1592,1
15358,1587,1593,1
15359,1587,1594,1
15360,1587,1595,1
15361,1587,2403,1
15362,1587,1946,1
15363,1587,2817,1
15364,1587,3903,1
15365,1588,1589,1
15366,1588,1590,1
15367,1588,1592,1
15368,1588,1593,1
15369,1588,1596,1
15370,1588,2600,1
15371,1588,2543,1
15372,1588,2873,1
15373,1588,4262,1
15374,1589,1591,1
15375,1589,1592,1
15376,1589,1593,1
15377,1589,1595,1
15378,1589,1596,1
15379,1589,4865,1
15380,1589,1768,1
15381,1589,4663,1
15382,1589,4197,1
15383,1589,4405,1
15384,1589,4502,1
15385,1590,1591,1
15386,1590,1592,1
15387,1590,1593,1
15388,1590,1594,1
15389,1590,1595,1
15390,1590,1596,1
15391,1590,1597,1
15392,1590,1598,1
15393,1591,1592,1
15394,1591,1593,1
15395,1591,1594,1
15396,1591,1595,1
15397,1591,1597,1
15398,1591,1598,1
15399,1591,1599,1
15400,1591,3772,1
15401,1592,1593,1
15402,1592,1594,1
15403,1592,1596,1
15404,1592,1597,1
15405,1592,1598,1
15406,1592,1600,1
15407,1592,3856,1
15408,1592,1806,1
15409,1593,1594,1
15410,1593,1595,1
15411,1593,1598,1
15412,1593,1599,1
15413,1593,2232,1
15414,1593,2288,1
15415,1593,1638,1
15416,1593,3276,1
15417,1593,4266,1
15418,1594,1595,1
15419,1594,1596,1
15420,1594,1597,1
15421,1594,1598,1
15422,1594,1599,1
15423,1594,1601,1
15424,1594,4166,1
15425,1594,3915,1
15426,1594,4603,1
15427,1595,1596,1
15428,1595,1597,1
15429,1595,1598,1
15430,1595,1600,1
15431,1595,1601,1
15432,1595,1602,1
15433,1595,1603,1
15434,1595,4598,1
15435,1595,1917,1
15436,1595,3718,1
15437,1595,1683,1
15438,1596,1598,1
15439,1596,1599,1
15440,1596,1600,1
15441,1596,1601,1
15442,1596,1602,1
15443,1596,1603,1
15444,1596,3920,1
15445,1596,4300,1
15446,1596,4459,1
15447,1596,3520,1
15448,1596,2221,1
15449,1596,4243,1
15450,1597,1598,1
15451,1597,1599,1
15452,1597,1600,1
15453,1597,1601,1
15454,1597,1602,1
15455,1597,1604,1
15456,1597,1605,1
15457,1597,2345,1
15458,1598,1600,1
15459,1598,1601,1
15460,1598,1604,1
15461,1598,1606,1
15462,1598,4832,1
15463,1598,4437,1
15464,1598,4032,1
15465,1598,3518,1
15466,1598,3146,1
15467,1599,1600,1
15468,1599,1601,1
15469,1599,1603,1
15470,1599,1604,1
15471,1599,1605,1
15472,1599,1606,1
15473,1599,1649,1
15474,1599,2044,1
15475,1599,1855,1
15476,1599,2141,1
15477,1600,1602,1
15478,1600,1605,1
15479,1600,1606,1
15480,1600,1607,1
15481,1600,1608,1
15482,1600,2934,1
15483,1600,3703,1
15484,1600,1695,1
15485,1600,4900,1
15486,1601,1602,1
15487,1601,1603,1
15488,1601,1604,1
15489,1601,1606,1
15490,1601,1607,1
15491,1601,1608,1
15492,1601,4781,1
15493,1601,2450,1
15494,1602,1603,1
15495,1602,1604,1
15496,1602,1606,1
15497,1602,1608,1
15498,1602,1609,1
15499,1602,1610,1
15500,1602,2612,1
15501,1602,1621,1
15502,1602,3799,1
15503,1602,3026,1
15504,1603,1605,1
15505,1603,1606,1
15506,1603,1607,1
15507,1603,1608,1
15508,1603,1610,1
15509,1603,1611,1
15510,1603,1943,1
15511,1603,2749,1
15512,1603,4294,1
15513,1603,4968,1
15514,1603,3099,1
15515,1604,1606,1
15516,1604,1607,1
15517,1604,1608,1
15518,1604,1609,1
15519,1604,1610,1
15520,1604,2202,1
15521,1604,3081,1
15522,1604,3047,1
15523,1604,4428,1
15524,1604,2687,1
15525,1605,1606,1
15526,1605,1608,1
15527,1605,1611,1
15528,1605,1612,1
15529,1605,1613,1
15530,1605,4601,1
15531,1605,4408,1
15532,1605,2389,1
15533,1605,4918,1
15534,1606,1607,1
15535,1606,1609,1
15536,1606,1610,1
15537,1606,1611,1
15538,1606,1613,1
15539,1606,1614,1
15540,1606,3990,1
15541,1606,4505,1
15542,1607,1608,1
15543,1607,1609,1
15544,1607,1612,1
15545,1607,1614,1
15546,1607,1615,1
15547,1607,4343,1
15548,1608,1611,1
15549,1608,1612,1
15550,1608,1614,1
15551,1608,1615,1
15552,1608,2408,1
15553,1608,2794,1
15554,1608,1978,1
15555,1608,2179,1
15556,1608,2342,1
15557,1608,3293,1
15558,1609,1611,1
15559,1609,1612,1
15560,1609,1613,1
15561,1609,1614,1
15562,1609,1615,1
15563,1609,1616,1
15564,1609,1617,1
15565,1609,2022,1
15566,1609,2336,1
15567,1610,1611,1
15568,1610,1613,1
15569,1610,1614,1
15570,1610,1615,1
15571,1610,1617,1
15572,1610,1618,1
15573,1610,3505,1
15574,1610,1751,1
15575,1610,2279,1
15576,1611,1612,1
15577,1611,1613,1
15578,1611,1614,1
15579,1611,1615,1
15580,1611,1616,1
15581,1611,1619,1
15582,1611,2800,1
15583,1611,2548,1
15584,1611,2349,1
15585,1611,4672,1
15586,1611,4363,1
15587,1612,1615,1
15588,1612,1616,1
15589,1612,1617,1
15590,1612,1619,1
15591,1612,1620,1
15592,1612,4327,1
15593,1612,3033,1
15594,1612,2114,1
15595,1612,2134,1
15596,1612,1654,1
15597,1613,1616,1
15598,1613,1617,1
15599,1613,1620,1
15600,1613,1621,1
15601,1613,1674,1
15602,1613,2501,1
15603,1614,1615,1
15604,1614,1616,1
15605,1614,1617,1
15606,1614,1620,1
15607,1614,1621,1
15608,1614,1622,1
15609,1614,4538,1
15610,1614,1840,1
15611,1614,4463,1
15612,1615,1617,1
15613,1615,1618,1
15614,1615,1619,1
15615,1615,1620,1
15616,1615,1621,1
15617,1615,1622,1
15618,1615,1623,1
15619,1615,4664,1
15620,1616,1617,1
15621,1616,1618,1
15622,1616,1620,1
15623,1616,1621,1
15624,1616,1622,1
15625,1616,1623,1
15626,1616,1624,1
15627,1616,3027,1
15628,1616,4316,1
15629,1616,2823,1
15630,1616,1628,1
15631,1617,1618,1
15632,1617,1619,1
15633,1617,1620,1
15634,1617,1621,1
15635,1617,1622,1
15636,1617,1624,1
15637,1617,2254,1
15638,1617,3683,1
15639,1617,4678,1
15640,1618,1619,1
15641,1618,1620,1
15642,1618,1621,1
15643,1618,1622,1
15644,1618,1624,1
15645,1618,1625,1
15646,1618,1626,1
15647,1618,3905,1
15648,1618,4967,1
15649,1619,1620,1
15650,1619,1622,1
15651,1619,1623,1
15652,1619,1624,1
15653,1619,1625,1
15654,1619,1627,1
15655,1619,4764,1
15656,1619,2135,1
15657,1619,2652,1
15658,1619,4723,1
15659,1619,2790,1
15660,1620,1622,1
15661,1620,1624,1
15662,1620,1625,1
15663,1620,1627,1
15664,1620,2709,1
15665,1620,4433,1
15666,1620,1684,1
15667,1620,2856,1
15668,1621,1622,1
15669,1621,1623,1
15670,1621,1626,1
15671,1621,1628,1
15672,1621,1629,1
15673,1621,2159,1
15674,1621,3182,1
15675,1621,3127,1
15676,1621,4088,1
15677,1622,1623,1
15678,1622,1624,1
15679,1622,1627,1
15680,1622,1628,1
15681,1622,1630,1
15682,1622,2631,1
15683,1622,3282,1
15684,1622,2603,1
15685,1623,1625,1
15686,1623,1628,1
15687,1623,1629,1
15688,1623,1630,1
15689,1623,1631,1
15690,1623,3344,1
15691,1623,3291,1
15692,1623,3119,1
15693,1623,2075,1
15694,1623,4831,1
15695,1624,1625,1
15696,1624,1626,1
15697,1624,1628,1
15698,1624,1629,1
15699,1624,1630,1
15700,1624,1631,1
15701,1624,1632,1
15702,1624,1668,1
15703,1625,1626,1
15704,1625,1627,1
15705,1625,1628,1
15706,1625,1629,1
15707,1625,1630,1
15708,1625,1631,1
15709,1625,1632,1
15710,1625,1633,1
15711,1625,2110,1
15712,1625,3856,1
15713,1626,1629,1
15714,1626,1630,1
15715,1626,1633,1
15716,1626,1634,1
15717,1626,2132,1
15718,1626,4891,1
15719,1626,1668,1
15720,1626,3749,1
15721,1627,1628,1
15722,1627,1629,1
15723,1627,1630,1
15724,1627,1631,1
15725,1627,1632,1
15726,1627,1633,1
15727,1627,2698,1
15728,1627,4355,1
15729,1627,4733,1
15730,1627,3800,1
15731,1627,3042,1
15732,1627,1898,1
15733,1627,4561,1
15734,1628,1630,1
15735,1628,1632,1
15736,1628,1633,1
15737,1628,1634,1
15738,1628,2798,1
15739,1628,3640,1
15740,1628,4359,1
15741,1628,4392,1
15742,1629,1630,1
15743,1629,1631,1
15744,1629,1632,1
15745,1629,1634,1
15746,1629,1635,1
15747,1629,1636,1
15748,1629,1637,1
15749,1629,4651,1
15750,1629,4767,1
15751,1629,2052,1
15752,1629,4583,1
15753,1629,2259,1
15754,1630,1632,1
15755,1630,1633,1
15756,1630,1634,1
15757,1630,1637,1
15758,1630,3194,1
15759,1630,4376,1
15760,1630,3958,1
15761,1630,3163,1
15762,1630,3411,1
15763,1630,2763,1
15764,1630,4567,1
15765,1631,1633,1
15766,1631,1634,1
15767,1631,1636,1
15768,1631,1638,1
15769,1631,1639,1
15770,1631,4295,1
15771,1632,1633,1
15772,1632,1634,1
15773,1632,1635,1
15774,1632,1637,1
15775,1632,1639,1
15776,1632,1640,1
15777,1632,3299,1
15778,1632,3880,1
15779,1633,1634,1
15780,1633,1637,1
15781,1633,1639,1
15782,1633,1641,1
15783,1633,3844,1
15784,1633,2388,1
15785,1633,3501,1
15786,1633,3111,1
15787,1633,4747,1
15788,1634,1635,1
15789,1634,1636,1
15790,1634,1637,1
15791,1634,1638,1
15792,1634,1640,1
15793,1634,4158,1
15794,1634,3040,1
15795,1634,4177,1
15796,1635,1639,1
15797,1635,1640,1
15798,1635,1641,1
15799,1635,1642,1
15800,1635,3426,1
15801,1635,3219,1
15802,1636,1637,1
15803,1636,1638,1
15804,1636,1639,1
15805,1636,1640,1
15806,1636,1641,1
15807,1636,1642,1
15808,1636,1643,1
15809,1636,1701,1
15810,1636,3771,1
15811,1637,1638,1
15812,1637,1639,1
15813,1637,1640,1
15814,1637,1641,1
15815,1637,1643,1
15816,1637,1644,1
15817,1637,4421,1
15818,1637,4700,1
15819,1637,1864,1
15820,1638,1640,1
15821,1638,1641,1
15822,1638,1643,1
15823,1638,1645,1
15824,1638,1646,1
15825,1638,2974,1
15826,1638,1994,1
15827,1638,1675,1
15828,1638,3779,1
15829,1639,1642,1
15830,1639,1645,1
15831,1639,1646,1
15832,1639,1647,1
15833,1639,2615,1
15834,1639,2027,1
15835,1639,4823,1
15836,1639,3248,1
15837,1639,4370,1
15838,1640,1642,1
15839,1640,1644,1
15840,1640,1645,1
15841,1640,1646,1
15842,1640,1647,1
15843,1640,2598,1
15844,1640,3365,1
15845,1640,4269,1
15846,1640,4764,1
15847,1640,3474,1
15848,1640,3212,1
15849,1640,2271,1
15850,1641,1642,1
15851,1641,1643,1
15852,1641,1644,1
15853,1641,1645,1
15854,1641,1646,1
15855,1641,1647,1
15856,1641,1648,1
15857,1641,1649,1
15858,1641,2274,1
15859,1641,2612,1
15860,1642,1643,1
15861,1642,1647,1
15862,1642,1649,1
15863,1642,1650,1
15864,1642,2446,1
15865,1642,2047,1
15866,1642,4549,1
15867,1642,3992,1
15868,1642,2519,1
15869,1643,1644,1
15870,1643,1646,1
15871,1643,1647,1
15872,1643,1648,1
15873,1643,1650,1
15874,1643,1651,1
15875,1643,1920,1
15876,1643,3376,1
15877,1643,3798,1
15878,1643,4011,1
15879,1644,1645,1
15880,1644,1646,1
15881,1644,1647,1
15882,1644,1648,1
15883,1644,1650,1
15884,1644,1651,1
15885,1644,1652,1
15886,1644,2432,1
15887,1645,1646,1
15888,1645,1647,1
15889,1645,1648,1
15890,1645,1649,1
15891,1645,1650,1
15892,1645,1651,1
15893,1645,1652,1
15894,1645,1653,1
15895,1645,3998,1
15896,1645,1660,1
15897,1646,1647,1
15898,1646,1649,1
15899,1646,1650,1
15900,1646,1653,1
15901,1646,1728,1
15902,1646,4730,1
15903,1646,4461,1
15904,1646,4784,1
15905,1647,1650,1
15906,1647,1651,1
15907,1647,1654,1
15908,1647,1655,1
15909,1647,4384,1
15910,1647,4365,1
15911,1647,2532,1
15912,1647,3744,1
15913,1647,2863,1
15914,1648,1649,1
15915,1648,1651,1
15916,1648,1653,1
15917,1648,1655,1
15918,1648,1656,1
15919,1648,4085,1
15920,1648,1720,1
15921,1648,4088,1
15922,1648,1693,1
15923,1649,1651,1
15924,1649,1652,1
15925,1649,1653,1
15926,1649,1654,1
15927,1649,1655,1
15928,1649,1656,1
15929,1649,1657,1
15930,1649,4777,1
15931,1650,1651,1
15932,1650,1652,1
15933,1650,1653,1
15934,1650,1654,1
15935,1650,1656,1
15936,1650,1657,1
15937,1650,1658,1
15938,1650,2401,1
15939,1650,4681,1
15940,1650,4657,1
15941,1651,1653,1
15942,1651,1655,1
15943,1651,1656,1
15944,1651,1658,1
15945,1651,1659,1
15946,1651,3002,1
15947,1651,3003,1
15948,1651,1719,1
15949,1652,1653,1
15950,1652,1655,1
15951,1652,1657,1
15952,1652,1659,1
15953,1652,1660,1
15954,1652,3032,1
15955,1653,1657,1
15956,1653,1660,1
15957,1653,1661,1
15958,1653,2328,1
15959,1653,4319,1
15960,1653,2518,1
15961,1653,2408,1
15962,1654,1655,1
15963,1654,1656,1
15964,1654,1657,1
15965,1654,1659,1
15966,1654,1660,1
15967,1654,1661,1
15968,1654,1662,1
15969,1654,4815,1
15970,1654,4556,1
15971,1655,1656,1
15972,1655,1657,1
15973,1655,1658,1
15974,1655,1663,1
15975,1655,3810,1
15976,1655,3479,1
15977,1655,3510,1
15978,1655,2141,1
15979,1655,4978,1
15980,1656,1657,1
15981,1656,1658,1
15982,1656,1659,1
15983,1656,1660,1
15984,1656,1661,1
15985,1656,1662,1
15986,1656,1663,1
15987,1656,1664,1
15988,1657,1663,1
15989,1657,1665,1
15990,1657,4328,1
15991,1657,2202,1
15992,1657,3221,1
15993,1657,3649,1
15994,1657,4951,1
15995,1657,4507,1
15996,1658,1659,1
15997,1658,1660,1
15998,1658,1661,1
15999,1658,1663,1
16000,1658,1664,1
16001,1658,1666,1
16002,1658,1669,1
16003,1658,2433,1
16004,1658,3856,1
16005,1658,2537,1
16006,1659,1661,1
16007,1659,1662,1
16008,1659,1663,1
16009,1659,1666,1
16010,1659,4403,1
16011,1659,3906,1
16012,1659,4207,1
16013,1660,1661,1
16014,1660,1662,1
16015,1660,1665,1
16016,1660,1666,1
16017,1660,1667,1
16018,1660,1668,1
16019,1660,3929,1
16020,1660,2050,1
16021,1661,1663,1
16022,1661,1664,1
16023,1661,1668,1
16024,1661,1669,1
16025,1661,2580,1
16026,1661,1858,1
16027,1661,1974,1
16028,1661,4404,1
16029,1661,4361,1
16030,1662,1664,1
16031,1662,1665,1
16032,1662,1666,1
16033,1662,1668,1
16034,1662,1941,1
16035,1662,4852,1
16036,1662,3061,1
16037,1662,4546,1
16038,1663,1665,1
16039,1663,1666,1
16040,1663,1667,1
16041,1663,1668,1
16042,1663,1669,1
16043,1663,1671,1
16044,1663,4280,1
16045,1663,2280,1
16046,1664,1666,1
16047,1664,1667,1
16048,1664,1668,1
16049,1664,1669,1
16050,1664,1670,1
16051,1664,1672,1
16052,1664,3592,1
16053,1664,4338,1
16054,1664,4220,1
16055,1664,3188,1
16056,1665,1667,1
16057,1665,1669,1
16058,1665,1673,1
16059,1665,1782,1
16060,1665,2674,1
16061,1665,2389,1
16062,1665,4192,1
16063,1665,2330,1
16064,1665,3843,1
16065,1666,1667,1
16066,1666,1669,1
16067,1666,1670,1
16068,1666,1672,1
16069,1666,1674,1
16070,1666,1988,1
16071,1666,4253,1
16072,1666,2791,1
16073,1666,4349,1
16074,1667,1669,1
16075,1667,1670,1
16076,1667,1671,1
16077,1667,1672,1
16078,1667,1673,1
16079,1667,1674,1
16080,1667,1675,1
16081,1667,2795,1
16082,1668,1669,1
16083,1668,1671,1
16084,1668,1672,1
16085,1668,1673,1
16086,1668,1674,1
16087,1668,1675,1
16088,1668,2792,1
16089,1668,4554,1
16090,1668,4681,1
16091,1669,1670,1
16092,1669,1672,1
16093,1669,1673,1
16094,1669,1674,1
16095,1669,1675,1
16096,1669,1677,1
16097,1669,2682,1
16098,1669,4029,1
16099,1670,1672,1
16100,1670,1673,1
16101,1670,1675,1
16102,1670,1676,1
16103,1670,1678,1
16104,1670,4355,1
16105,1670,2506,1
16106,1670,3962,1
16107,1670,4484,1
16108,1671,1673,1
16109,1671,1676,1
16110,1671,1677,1
16111,1671,1678,1
16112,1671,1679,1
16113,1671,4481,1
16114,1671,4819,1
16115,1671,3358,1
16116,1671,3539,1
16117,1671,4005,1
16118,1672,1674,1
16119,1672,1676,1
16120,1672,1678,1
16121,1672,1679,1
16122,1672,2809,1
16123,1672,2459,1
16124,1672,4422,1
16125,1672,2047,1
16126,1672,4426,1
16127,1672,2679,1
16128,1673,1674,1
16129,1673,1675,1
16130,1673,1676,1
16131,1673,1677,1
16132,1673,1680,1
16133,1673,3082,1
16134,1673,3728,1
16135,1674,1679,1
16136,1674,1680,1
16137,1674,1681,1
16138,1674,3344,1
16139,1674,3194,1
16140,1674,2424,1
16141,1674,2637,1
16142,1674,2808,1
16143,1675,1676,1
16144,1675,1677,1
16145,1675,1678,1
16146,1675,1679,1
16147,1675,1680,1
16148,1675,1681,1
16149,1675,1682,1
16150,1675,1683,1
16151,1675,2123,1
16152,1675,2091,1
16153,1675,3265,1
16154,1675,2397,1
16155,1676,1677,1
16156,1676,1678,1
16157,1676,1679,1
16158,1676,1681,1
16159,1676,1684,1
16160,1676,3598,1
16161,1676,4529,1
16162,1677,1678,1
16163,1677,1679,1
16164,1677,1680,1
16165,1677,1681,1
16166,1677,1683,1
16167,1677,2152,1
16168,1677,3052,1
16169,1677,3616,1
16170,1677,4019,1
16171,1678,1679,1
16172,1678,1680,1
16173,1678,1682,1
16174,1678,1683,1
16175,1678,1684,1
16176,1678,1686,1
16177,1678,3335,1
16178,1678,3256,1
16179,1678,3880,1
16180,1678,2275,1
16181,1679,1680,1
16182,1679,1681,1
16183,1679,1684,1
16184,1679,1685,1
16185,1679,1686,1
16186,1679,1687,1
16187,1679,2916,1
16188,1679,4222,1
16189,1679,3331,1
16190,1679,3805,1
16191,1680,1681,1
16192,1680,1683,1
16193,1680,1684,1
16194,1680,1685,1
16195,1680,1686,1
16196,1680,1687,1
16197,1680,1688,1
16198,1680,3304,1
16199,1681,1682,1
16200,1681,1683,1
16201,1681,1684,1
16202,1681,1685,1
16203,1681,1686,1
16204,1681,1687,1
16205,1681,1689,1
16206,1681,2044,1
16207,1681,3611,1
16208,1681,2510,1
16209,1682,1684,1
16210,1682,1685,1
16211,1682,1686,1
16212,1682,1687,1
16213,1682,1689,1
16214,1682,1690,1
16215,1682,3193,1
16216,1682,2884,1
16217,1683,1684,1
16218,1683,1686,1
16219,1683,1687,1
16220,1683,1691,1
16221,1683,3546,1
16222,1683,3858,1
16223,1684,1685,1
16224,1684,1686,1
16225,1684,1688,1
16226,1684,1689,1
16227,1684,1690,1
16228,1684,1691,1
16229,1684,3346,1
16230,1684,2892,1
16231,1684,4173,1
16232,1684,3939,1
16233,1685,1688,1
16234,1685,1689,1
16235,1685,1693,1
16236,1685,4602,1
16237,1685,4283,1
16238,1685,2068,1
16239,1685,3010,1
16240,1685,4180,1
16241,1685,3205,1
16242,1685,4747,1
16243,1686,1688,1
16244,1686,1689,1
16245,1686,1691,1
16246,1686,1692,1
16247,1686,1693,1
16248,1686,1694,1
16249,1686,4702,1
16250,1686,3425,1
16251,1686,3869,1
16252,1687,1688,1
16253,1687,1689,1
16254,1687,1690,1
16255,1687,1691,1
16256,1687,1692,1
16257,1687,1694,1
16258,1687,1695,1
16259,1687,3508,1
16260,1688,1690,1
16261,1688,1691,1
16262,1688,1693,1
16263,1688,1694,1
16264,1688,1696,1
16265,1688,2582,1
16266,1688,3586,1
16267,1688,2663,1
16268,1689,1690,1
16269,1689,1693,1
16270,1689,1694,1
16271,1689,3692,1
16272,1689,2946,1
16273,1689,3320,1
16274,1689,4804,1
16275,1690,1694,1
16276,1690,1695,1
16277,1690,1696,1
16278,1690,1697,1
16279,1690,1698,1
16280,1690,2464,1
16281,1690,3068,1
16282,1690,3044,1
16283,1690,2365,1
16284,1691,1693,1
16285,1691,1694,1
16286,1691,1695,1
16287,1691,1697,1
16288,1691,1698,1
16289,1691,1699,1
16290,1691,1955,1
16291,1691,4965,1
16292,1691,2441,1
16293,1692,1694,1
16294,1692,1696,1
16295,1692,1697,1
16296,1692,1698,1
16297,1692,1699,1
16298,1692,1700,1
16299,1692,4830,1
16300,1692,2172,1
16301,1692,3156,1
16302,1692,1732,1
16303,1692,4288,1
16304,1692,3310,1
16305,1693,1695,1
16306,1693,1696,1
16307,1693,1697,1
16308,1693,3961,1
16309,1693,2296,1
16310,1693,2844,1
16311,1694,1695,1
16312,1694,1696,1
16313,1694,1697,1
16314,1694,1699,1
16315,1694,1700,1
16316,1694,1702,1
16317,1694,1752,1
16318,1694,3047,1
16319,1695,1696,1
16320,1695,1697,1
16321,1695,1698,1
16322,1695,1700,1
16323,1695,1702,1
16324,1695,1703,1
16325,1695,2036,1
16326,1695,3564,1
16327,1696,1697,1
16328,1696,1698,1
16329,1696,1699,1
16330,1696,1700,1
16331,1696,1701,1
16332,1696,1702,1
16333,1696,3179,1
16334,1696,3071,1
16335,1696,3817,1
16336,1697,1698,1
16337,1697,1699,1
16338,1697,1701,1
16339,1697,1702,1
16340,1697,1703,1
16341,1697,1704,1
16342,1697,1705,1
16343,1697,2167,1
16344,1697,4319,1
16345,1697,2543,1
16346,1698,1699,1
16347,1698,1700,1
16348,1698,1701,1
16349,1698,1702,1
16350,1698,1703,1
16351,1698,1705,1
16352,1698,1706,1
16353,1698,4112,1
16354,1698,2588,1
16355,1699,1701,1
16356,1699,1703,1
16357,1699,1707,1
16358,1699,4427,1
16359,1699,2550,1
16360,1699,4419,1
16361,1699,2495,1
16362,1699,3783,1
16363,1699,1895,1
16364,1700,1701,1
16365,1700,1704,1
16366,1700,1705,1
16367,1700,1706,1
16368,1700,1707,1
16369,1700,3550,1
16370,1700,4129,1
16371,1700,2221,1
16372,1700,4067,1
16373,1701,1703,1
16374,1701,1704,1
16375,1701,1707,1
16376,1701,1708,1
16377,1701,1709,1
16378,1701,4556,1
16379,1701,2110,1
16380,1701,3447,1
16381,1702,1703,1
16382,1702,1704,1
16383,1702,1705,1
16384,1702,1706,1
16385,1702,1707,1
16386,1702,1709,1
16387,1702,4974,1
16388,1703,1704,1
16389,1703,1707,1
16390,1703,1708,1
16391,1703,1709,1
16392,1703,1711,1
16393,1703,3098,1
16394,1703,1761,1
16395,1703,4335,1
16396,1704,1705,1
16397,1704,1706,1
16398,1704,1707,1
16399,1704,1708,1
16400,1704,1710,1
16401,1704,1711,1
16402,1704,1712,1
16403,1704,3139,1
16404,1704,4737,1
16405,1704,2635,1
16406,1704,2932,1
16407,1705,1707,1
16408,1705,1709,1
16409,1705,1710,1
16410,1705,1711,1
16411,1705,1935,1
16412,1705,2420,1
16413,1705,4174,1
16414,1705,3618,1
16415,1706,1707,1
16416,1706,1708,1
16417,1706,1709,1
16418,1706,1710,1
16419,1706,1711,1
16420,1706,1713,1
16421,1706,2013,1
16422,1706,2588,1
16423,1707,1708,1
16424,1707,1710,1
16425,1707,1713,1
16426,1707,1714,1
16427,1707,1715,1
16428,1707,4399,1
16429,1707,4295,1
16430,1707,2702,1
16431,1708,1709,1
16432,1708,1710,1
16433,1708,1711,1
16434,1708,1712,1
16435,1708,1713,1
16436,1708,1714,1
16437,1708,1715,1
16438,1708,1871,1
16439,1708,3201,1
16440,1709,1712,1
16441,1709,1715,1
16442,1709,1716,1
16443,1709,3834,1
16444,1709,2678,1
16445,1709,3780,1
16446,1710,1711,1
16447,1710,1712,1
16448,1710,1713,1
16449,1710,1715,1
16450,1710,1716,1
16451,1710,1717,1
16452,1710,1718,1
16453,1710,2462,1
16454,1710,3584,1
16455,1710,3195,1
16456,1711,1713,1
16457,1711,1714,1
16458,1711,1715,1
16459,1711,1716,1
16460,1711,1717,1
16461,1711,1718,1
16462,1711,1719,1
16463,1712,1714,1
16464,1712,1717,1
16465,1712,1718,1
16466,1712,1719,1
16467,1712,1720,1
16468,1712,3776,1
16469,1712,2126,1
16470,1712,3167,1
16471,1713,1718,1
16472,1713,1719,1
16473,1713,1720,1
16474,1713,1721,1
16475,1713,3673,1
16476,1713,4075,1
16477,1713,4256,1
16478,1713,2461,1
16479,1713,4904,1
16480,1714,1715,1
16481,1714,1716,1
16482,1714,1717,1
16483,1714,1719,1
16484,1714,1721,1
16485,1714,1722,1
16486,1714,2392,1
16487,1714,2136,1
16488,1714,4602,1
16489,1714,4051,1
16490,1714,4591,1
16491,1715,1716,1
16492,1715,1717,1
16493,1715,1718,1
16494,1715,1720,1
16495,1715,1721,1
16496,1715,1722,1
16497,1715,4150,1
16498,1716,1717,1
16499,1716,1718,1
16500,1716,1720,1
16501,1716,1721,1
16502,1716,1722,1
16503,1716,1724,1
16504,1716,4413,1
16505,1716,2791,1
16506,1716,2689,1
16507,1716,2166,1
16508,1716,4362,1
16509,1717,1719,1
16510,1717,1721,1
16511,1717,1722,1
16512,1717,1723,1
16513,1717,1724,1
16514,1717,4542,1
16515,1717,3639,1
16516,1717,3545,1
16517,1717,3830,1
16518,1718,1720,1
16519,1718,1723,1
16520,1718,3611,1
16521,1718,2300,1
16522,1718,3132,1
16523,1718,1765,1
16524,1718,2323,1
16525,1718,4296,1
16526,1718,4818,1
16527,1719,1721,1
16528,1719,1724,1
16529,1719,1726,1
16530,1719,1727,1
16531,1719,4223,1
16532,1719,4336,1
16533,1719,2031,1
16534,1719,4560,1
16535,1719,2137,1
16536,1720,1721,1
16537,1720,1722,1
16538,1720,1724,1
16539,1720,1727,1
16540,1720,1728,1
16541,1720,4710,1
16542,1721,1722,1
16543,1721,1723,1
16544,1721,1725,1
16545,1721,1726,1
16546,1721,1727,1
16547,1721,1728,1
16548,1721,1729,1
16549,1721,2069,1
16550,1721,3860,1
16551,1721,4821,1
16552,1722,1723,1
16553,1722,1724,1
16554,1722,1726,1
16555,1722,1728,1
16556,1722,1729,1
16557,1722,3627,1
16558,1722,3169,1
16559,1722,2871,1
16560,1722,3051,1
16561,1723,1724,1
16562,1723,1725,1
16563,1723,1726,1
16564,1723,1727,1
16565,1723,1730,1
16566,1723,1731,1
16567,1723,4325,1
16568,1723,2377,1
16569,1724,1725,1
16570,1724,1726,1
16571,1724,1727,1
16572,1724,1728,1
16573,1724,1729,1
16574,1724,1730,1
16575,1724,2050,1
16576,1724,3435,1
16577,1724,4505,1
16578,1725,1726,1
16579,1725,1727,1
16580,1725,1728,1
16581,1725,1729,1
16582,1725,1730,1
16583,1725,1731,1
16584,1725,1732,1
16585,1725,1733,1
16586,1726,1727,1
16587,1726,1728,1
16588,1726,1730,1
16589,1726,1732,1
16590,1726,1734,1
16591,1726,1995,1
16592,1726,1872,1
16593,1726,3273,1
16594,1726,2626,1
16595,1727,1728,1
16596,1727,1729,1
16597,1727,1730,1
16598,1727,1732,1
16599,1727,1734,1
16600,1727,1735,1
16601,1727,1922,1
16602,1728,1730,1
16603,1728,1731,1
16604,1728,1732,1
16605,1728,1733,1
16606,1728,1734,1
16607,1728,1736,1
16608,1728,2975,1
16609,1728,3790,1
16610,1729,1730,1
16611,1729,1731,1
16612,1729,1732,1
16613,1729,1733,1
16614,1729,1734,1
16615,1729,1735,1
16616,1729,1736,1
16617,1729,4453,1
16618,1729,2015,1
16619,1729,2820,1
16620,1730,1731,1
16621,1730,1733,1
16622,1730,1735,1
16623,1730,1736,1
16624,1730,1737,1
16625,1730,1738,1
16626,1730,4975,1
16627,1730,2868,1
16628,1730,3985,1
16629,1730,3413,1
16630,1730,4149,1
16631,1731,1732,1
16632,1731,1733,1
16633,1731,1734,1
16634,1731,1735,1
16635,1731,1736,1
16636,1731,1737,1
16637,1731,1738,1
16638,1731,1739,1
16639,1731,4039,1
16640,1731,2833,1
16641,1732,1733,1
16642,1732,1736,1
16643,1732,1737,1
16644,1732,1739,1
16645,1732,2601,1
16646,1732,2249,1
16647,1732,3662,1
16648,1732,3963,1
16649,1732,4605,1
16650,1733,1734,1
16651,1733,1736,1
16652,1733,1741,1
16653,1733,4412,1
16654,1733,1848,1
16655,1733,2227,1
16656,1733,1965,1
16657,1734,1735,1
16658,1734,1736,1
16659,1734,1738,1
16660,1734,1740,1
16661,1734,2110,1
16662,1734,4733,1
16663,1734,3515,1
16664,1734,3191,1
16665,1735,1736,1
16666,1735,1738,1
16667,1735,1739,1
16668,1735,1740,1
16669,1735,1742,1
16670,1735,1743,1
16671,1735,4107,1
16672,1735,1934,1
16673,1735,2908,1
16674,1736,1737,1
16675,1736,1738,1
16676,1736,1740,1
16677,1736,1741,1
16678,1736,1742,1
16679,1736,1743,1
16680,1736,1744,1
16681,1736,1788,1
16682,1736,4664,1
16683,1737,1738,1
16684,1737,1739,1
16685,1737,1740,1
16686,1737,1741,1
16687,1737,1743,1
16688,1737,1744,1
16689,1737,1745,1
16690,1737,1959,1
16691,1737,1854,1
16692,1738,1739,1
16693,1738,1741,1
16694,1738,1743,1
16695,1738,1744,1
16696,1738,1745,1
16697,1738,1746,1
16698,1738,4485,1
16699,1738,4580,1
16700,1738,2859,1
16701,1738,4610,1
16702,1738,2018,1
16703,1738,2940,1
16704,1738,4073,1
16705,1739,1744,1
16706,1739,1745,1
16707,1739,1747,1
16708,1739,2120,1
16709,1739,4981,1
16710,1739,2483,1
16711,1739,4553,1
16712,1739,2791,1
16713,1740,1741,1
16714,1740,1742,1
16715,1740,1743,1
16716,1740,1744,1
16717,1740,1745,1
16718,1740,1747,1
16719,1740,4267,1
16720,1741,1743,1
16721,1741,1744,1
16722,1741,1746,1
16723,1741,1748,1
16724,1741,3542,1
16725,1741,2171,1
16726,1741,2360,1
16727,1741,4221,1
16728,1741,4259,1
16729,1742,1743,1
16730,1742,1744,1
16731,1742,1746,1
16732,1742,1748,1
16733,1742,1749,1
16734,1742,1750,1
16735,1742,2884,1
16736,1742,2546,1
16737,1742,3315,1
16738,1743,1744,1
16739,1743,1745,1
16740,1743,1746,1
16741,1743,1747,1
16742,1743,1748,1
16743,1743,1751,1
16744,1743,4326,1
16745,1743,2554,1
16746,1743,3896,1
16747,1743,3521,1
16748,1744,1745,1
16749,1744,1747,1
16750,1744,1748,1
16751,1744,1749,1
16752,1744,1752,1
16753,1744,4281,1
16754,1744,2604,1
16755,1745,1746,1
16756,1745,1748,1
16757,1745,1749,1
16758,1745,1750,1
16759,1745,1751,1
16760,1745,1753,1
16761,1745,4600,1
16762,1745,2751,1
16763,1745,3348,1
16764,1745,3271,1
16765,1746,1747,1
16766,1746,1748,1
16767,1746,1750,1
16768,1746,1752,1
16769,1746,1754,1
16770,1747,1748,1
16771,1747,1749,1
16772,1747,1750,1
16773,1747,1751,1
16774,1747,1753,1
16775,1747,1754,1
16776,1747,1755,1
16777,1747,4670,1
16778,1748,1749,1
16779,1748,1750,1
16780,1748,1751,1
16781,1748,1752,1
16782,1748,1753,1
16783,1748,1755,1
16784,1748,1756,1
16785,1748,2778,1
16786,1748,3911,1
16787,1748,4203,1
16788,1749,1750,1
16789,1749,1751,1
16790,1749,1754,1
16791,1749,1756,1
16792,1749,1757,1
16793,1749,4765,1
16794,1749,2973,1
16795,1749,2912,1
16796,1749,4818,1
16797,1750,1753,1
16798,1750,1754,1
16799,1750,1755,1
16800,1750,1756,1
16801,1750,1757,1
16802,1750,1758,1
16803,1750,3650,1
16804,1750,4754,1
16805,1750,2064,1
16806,1751,1752,1
16807,1751,1754,1
16808,1751,1755,1
16809,1751,1756,1
16810,1751,1757,1
16811,1751,1758,1
16812,1751,1759,1
16813,1751,3382,1
16814,1752,1755,1
16815,1752,1756,1
16816,1752,1760,1
16817,1752,2985,1
16818,1752,3725,1
16819,1752,3410,1
16820,1752,2123,1
16821,1753,1755,1
16822,1753,1756,1
16823,1753,1757,1
16824,1753,1758,1
16825,1753,1761,1
16826,1753,4680,1
16827,1753,3876,1
16828,1754,1755,1
16829,1754,1756,1
16830,1754,1757,1
16831,1754,1759,1
16832,1754,1760,1
16833,1754,1761,1
16834,1754,1762,1
16835,1754,4440,1
16836,1755,1756,1
16837,1755,1760,1
16838,1755,1761,1
16839,1755,1763,1
16840,1755,3679,1
16841,1755,4798,1
16842,1755,2963,1
16843,1755,3291,1
16844,1756,1757,1
16845,1756,1759,1
16846,1756,1760,1
16847,1756,1761,1
16848,1756,1763,1
16849,1756,1764,1
16850,1756,2093,1
16851,1756,4875,1
16852,1757,1759,1
16853,1757,1760,1
16854,1757,1762,1
16855,1757,1763,1
16856,1757,1764,1
16857,1757,1765,1
16858,1757,4038,1
16859,1757,3758,1
16860,1757,2174,1
16861,1757,4135,1
16862,1758,1760,1
16863,1758,1762,1
16864,1758,1763,1
16865,1758,1764,1
16866,1758,2681,1
16867,1758,4382,1
16868,1759,1760,1
16869,1759,1762,1
16870,1759,1763,1
16871,1759,1766,1
16872,1759,1767,1
16873,1759,3059,1
16874,1759,3554,1
16875,1759,3058,1
16876,1759,3954,1
16877,1759,3113,1
16878,1759,4415,1
16879,1760,1762,1
16880,1760,1763,1
16881,1760,1764,1
16882,1760,1765,1
16883,1760,1766,1
16884,1760,1767,1
16885,1760,1768,1
16886,1760,4458,1
16887,1761,1762,1
16888,1761,1764,1
16889,1761,1765,1
16890,1761,1767,1
16891,1761,1768,1
16892,1761,1769,1
16893,1761,4859,1
16894,1761,4367,1
16895,1762,1764,1
16896,1762,1767,1
16897,1762,1768,1
16898,1762,3078,1
16899,1762,4613,1
16900,1762,4654,1
16901,1763,1766,1
16902,1763,1768,1
16903,1763,1769,1
16904,1763,1770,1
16905,1763,2773,1
16906,1763,3011,1
16907,1763,3693,1
16908,1764,1765,1
16909,1764,1767,1
16910,1764,1768,1
16911,1764,1769,1
16912,1764,1770,1
16913,1764,1771,1
16914,1764,2966,1
16915,1764,2678,1
16916,1764,2928,1
16917,1764,3249,1
16918,1764,4777,1
16919,1764,4597,1
16920,1765,1766,1
16921,1765,1769,1
16922,1765,1772,1
16923,1765,1773,1
16924,1765,2421,1
16925,1765,4671,1
16926,1765,3015,1
16927,1765,3174,1
16928,1765,1893,1
16929,1766,1768,1
16930,1766,1769,1
16931,1766,1770,1
16932,1766,1771,1
16933,1766,1772,1
16934,1766,1774,1
16935,1766,3255,1
16936,1766,1811,1
16937,1766,2015,1
16938,1766,3040,1
16939,1767,1768,1
16940,1767,1769,1
16941,1767,1772,1
16942,1767,1773,1
16943,1767,1774,1
16944,1767,1775,1
16945,1767,2348,1
16946,1767,3974,1
16947,1768,1770,1
16948,1768,1771,1
16949,1768,1773,1
16950,1768,1774,1
16951,1768,1775,1
16952,1768,1776,1
16953,1768,2522,1
16954,1768,2515,1
16955,1769,1770,1
16956,1769,1771,1
16957,1769,1772,1
16958,1769,1773,1
16959,1769,1774,1
16960,1769,1776,1
16961,1769,1777,1
16962,1769,2922,1
16963,1770,1771,1
16964,1770,1772,1
16965,1770,1773,1
16966,1770,1774,1
16967,1770,1776,1
16968,1770,1777,1
16969,1770,1778,1
16970,1770,3632,1
16971,1770,4003,1
16972,1770,1952,1
16973,1771,1775,1
16974,1771,1776,1
16975,1771,1777,1
16976,1771,1778,1
16977,1771,1779,1
16978,1771,3910,1
16979,1771,1928,1
16980,1771,2661,1
16981,1771,2546,1
16982,1771,4157,1
16983,1772,1773,1
16984,1772,1776,1
16985,1772,4712,1
16986,1772,3658,1
16987,1772,3834,1
16988,1772,3201,1
16989,1772,1946,1
16990,1772,3233,1
16991,1772,2240,1
16992,1772,3839,1
16993,1773,1774,1
16994,1773,1775,1
16995,1773,1776,1
16996,1773,1777,1
16997,1773,1778,1
16998,1773,1779,1
16999,1773,1781,1
17000,1773,1894,1
17001,1774,1775,1
17002,1774,1776,1
17003,1774,1777,1
17004,1774,1778,1
17005,1774,1779,1
17006,1774,1780,1
17007,1774,1781,1
17008,1774,1782,1
17009,1775,1776,1
17010,1775,1778,1
17011,1775,1779,1
17012,1775,1782,1
17013,1775,1783,1
17014,1775,4878,1
17015,1775,4770,1
17016,1775,2831,1
17017,1775,3120,1
17018,1776,1777,1
17019,1776,1778,1
17020,1776,1779,1
17021,1776,1783,1
17022,1776,3904,1
17023,1776,4112,1
17024,1776,4874,1
17025,1776,2354,1
17026,1777,1779,1
17027,1777,1780,1
17028,1777,1782,1
17029,1777,1783,1
17030,1777,1785,1
17031,1777,3402,1
17032,1777,4956,1
17033,1777,4544,1
17034,1777,3087,1
17035,1778,1779,1
17036,1778,1783,1
17037,1778,3600,1
17038,1778,1970,1
17039,1778,4990,1
17040,1778,4778,1
17041,1779,1781,1
17042,1779,1784,1
17043,1779,1785,1
17044,1779,1786,1
17045,1779,4412,1
17046,1779,3346,1
17047,1779,3180,1
17048,1779,3416,1
17049,1779,2719,1
17050,1779,2768,1
17051,1780,1781,1
17052,1780,1782,1
17053,1780,1783,1
17054,1780,1784,1
17055,1780,1785,1
17056,1780,1786,1
17057,1780,1787,1
17058,1780,1788,1
17059,1780,4087,1
17060,1781,1782,1
17061,1781,1783,1
17062,1781,1784,1
17063,1781,1785,1
17064,1781,1787,1
17065,1781,1788,1
17066,1781,3216,1
17067,1781,3685,1
17068,1782,1784,1
17069,1782,1785,1
17070,1782,1787,1
17071,1782,1789,1
17072,1782,1790,1
17073,1782,3388,1
17074,1782,2722,1
17075,1782,3540,1
17076,1783,1786,1
17077,1783,1787,1
17078,1783,1788,1
17079,1783,1789,1
17080,1783,1791,1
17081,1783,2709,1
17082,1784,1785,1
17083,1784,1786,1
17084,1784,1787,1
17085,1784,1789,1
17086,1784,1790,1
17087,1784,1792,1
17088,1784,4182,1
17089,1784,3357,1
17090,1784,4510,1
17091,1785,1786,1
17092,1785,1788,1
17093,1785,1790,1
17094,1785,1792,1
17095,1785,1793,1
17096,1785,3382,1
17097,1786,1787,1
17098,1786,1788,1
17099,1786,1789,1
17100,1786,1793,1
17101,1786,1794,1
17102,1786,2837,1
17103,1786,3189,1
17104,1786,4832,1
17105,1787,1789,1
17106,1787,1790,1
17107,1787,1791,1
17108,1787,1792,1
17109,1787,1794,1
17110,1787,4951,1
17111,1787,2387,1
17112,1787,3724,1
17113,1787,1947,1
17114,1787,3242,1
17115,1788,1790,1
17116,1788,1793,1
17117,1788,1794,1
17118,1788,1795,1
17119,1788,1796,1
17120,1788,4484,1
17121,1788,3474,1
17122,1788,4727,1
17123,1789,1791,1
17124,1789,1792,1
17125,1789,1793,1
17126,1789,1794,1
17127,1789,1795,1
17128,1789,1796,1
17129,1789,1797,1
17130,1789,3468,1
17131,1789,2997,1
17132,1789,2188,1
17133,1789,3730,1
17134,1790,1791,1
17135,1790,1792,1
17136,1790,1793,1
17137,1790,1794,1
17138,1790,1795,1
17139,1790,1798,1
17140,1790,4823,1
17141,1790,2502,1
17142,1790,2800,1
17143,1790,4095,1
17144,1791,1792,1
17145,1791,1793,1
17146,1791,1794,1
17147,1791,1796,1
17148,1791,1797,1
17149,1791,1798,1
17150,1791,1799,1
17151,1791,3883,1
17152,1791,3807,1
17153,1792,1794,1
17154,1792,1796,1
17155,1792,1797,1
17156,1792,1798,1
17157,1792,1799,1
17158,1792,1800,1
17159,1792,3357,1
17160,1792,4121,1
17161,1792,4149,1
17162,1792,1810,1
17163,1792,2180,1
17164,1793,1795,1
17165,1793,1796,1
17166,1793,1797,1
17167,1793,1798,1
17168,1793,1799,1
17169,1793,1800,1
17170,1793,1801,1
17171,1793,2404,1
17172,1793,4266,1
17173,1794,1795,1
17174,1794,1796,1
17175,1794,1797,1
17176,1794,1800,1
17177,1794,1801,1
17178,1794,1802,1
17179,1794,4185,1
17180,1794,2674,1
17181,1795,1796,1
17182,1795,1800,1
17183,1795,1801,1
17184,1795,1802,1
17185,1795,1803,1
17186,1795,1869,1
17187,1795,4211,1
17188,1795,2874,1
17189,1795,2675,1
17190,1796,1797,1
17191,1796,1798,1
17192,1796,1799,1
17193,1796,1800,1
17194,1796,1802,1
17195,1796,1803,1
17196,1796,1804,1
17197,1796,2026,1
17198,1797,1798,1
17199,1797,1799,1
17200,1797,1800,1
17201,1797,1801,1
17202,1797,1802,1
17203,1797,1803,1
17204,1797,1804,1
17205,1797,4094,1
17206,1797,3724,1
17207,1798,1800,1
17208,1798,1801,1
17209,1798,1803,1
17210,1798,1805,1
17211,1798,2249,1
17212,1798,3654,1
17213,1798,3193,1
17214,1799,1800,1
17215,1799,1802,1
17216,1799,1805,1
17217,1799,1806,1
17218,1799,1807,1
17219,1799,4019,1
17220,1799,4038,1
17221,1799,2991,1
17222,1799,3514,1
17223,1800,1801,1
17224,1800,1804,1
17225,1800,1806,1
17226,1800,1808,1
17227,1800,4778,1
17228,1800,3898,1
17229,1800,2174,1
17230,1800,4391,1
17231,1800,4784,1
17232,1800,2245,1
17233,1800,3462,1
17234,1801,1802,1
17235,1801,1806,1
17236,1801,1808,1
17237,1801,2587,1
17238,1801,4947,1
17239,1801,3794,1
17240,1801,4110,1
17241,1801,1938,1
17242,1801,2675,1
17243,1802,1803,1
17244,1802,1804,1
17245,1802,1806,1
17246,1802,1807,1
17247,1802,1808,1
17248,1802,1809,1
17249,1802,4368,1
17250,1802,3760,1
17251,1803,1805,1
17252,1803,1806,1
17253,1803,1808,1
17254,1803,1809,1
17255,1803,4951,1
17256,1803,4184,1
17257,1804,1805,1
17258,1804,1806,1
17259,1804,1807,1
17260,1804,1808,1
17261,1804,1812,1
17262,1804,2203,1
17263,1804,4213,1
17264,1804,2116,1
17265,1805,1806,1
17266,1805,1807,1
17267,1805,1808,1
17268,1805,1809,1
17269,1805,1810,1
17270,1805,1812,1
17271,1805,1813,1
17272,1805,3409,1
17273,1805,3639,1
17274,1806,1809,1
17275,1806,1810,1
17276,1806,1814,1
17277,1806,2101,1
17278,1806,3032,1
17279,1806,2786,1
17280,1806,4337,1
17281,1806,2087,1
17282,1806,2575,1
17283,1807,1808,1
17284,1807,1809,1
17285,1807,1810,1
17286,1807,1811,1
17287,1807,1814,1
17288,1807,2691,1
17289,1807,2309,1
17290,1807,4494,1
17291,1808,1810,1
17292,1808,1811,1
17293,1808,1812,1
17294,1808,1813,1
17295,1808,1815,1
17296,1808,2317,1
17297,1808,4526,1
17298,1809,1810,1
17299,1809,1811,1
17300,1809,1812,1
17301,1809,1813,1
17302,1809,1816,1
17303,1809,1817,1
17304,1809,2654,1
17305,1810,1811,1
17306,1810,1814,1
17307,1810,1816,1
17308,1810,1818,1
17309,1810,2899,1
17310,1811,1812,1
17311,1811,1813,1
17312,1811,1814,1
17313,1811,1815,1
17314,1811,1816,1
17315,1811,1818,1
17316,1811,3773,1
17317,1811,4146,1
17318,1811,4548,1
17319,1811,1905,1
17320,1811,2122,1
17321,1812,1813,1
17322,1812,1814,1
17323,1812,1817,1
17324,1812,1818,1
17325,1812,1820,1
17326,1812,1893,1
17327,1812,1934,1
17328,1812,3498,1
17329,1813,1814,1
17330,1813,1815,1
17331,1813,1817,1
17332,1813,1818,1
17333,1813,1819,1
17334,1813,1820,1
17335,1813,1821,1
17336,1813,4752,1
17337,1813,2997,1
17338,1814,1816,1
17339,1814,1818,1
17340,1814,1819,1
17341,1814,1821,1
17342,1814,1822,1
17343,1814,2202,1
17344,1814,3736,1
17345,1814,3590,1
17346,1814,2990,1
17347,1815,1817,1
17348,1815,1818,1
17349,1815,1819,1
17350,1815,4165,1
17351,1815,2510,1
17352,1815,2899,1
17353,1815,2015,1
17354,1816,1818,1
17355,1816,1819,1
17356,1816,1820,1
17357,1816,1821,1
17358,1816,1822,1
17359,1816,1823,1
17360,1816,1824,1
17361,1816,4432,1
17362,1816,4282,1
17363,1816,4577,1
17364,1817,1818,1
17365,1817,1820,1
17366,1817,1824,1
17367,1817,2392,1
17368,1817,2205,1
17369,1817,1894,1
17370,1817,2298,1
17371,1818,1819,1
17372,1818,1820,1
17373,1818,1823,1
17374,1818,1824,1
17375,1818,1826,1
17376,1818,2979,1
17377,1818,2567,1
17378,1819,1821,1
17379,1819,1822,1
17380,1819,1823,1
17381,1819,1825,1
17382,1819,1826,1
17383,1819,2967,1
17384,1819,3080,1
17385,1819,4816,1
17386,1819,3686,1
17387,1820,1821,1
17388,1820,1822,1
17389,1820,1823,1
17390,1820,1824,1
17391,1820,1825,1
17392,1820,2814,1
17393,1820,1978,1
17394,1820,4345,1
17395,1821,1823,1
17396,1821,1826,1
17397,1821,1827,1
17398,1821,1828,1
17399,1821,1829,1
17400,1821,4181,1
17401,1821,4970,1
17402,1821,2207,1
17403,1822,1824,1
17404,1822,1825,1
17405,1822,1826,1
17406,1822,1827,1
17407,1822,1828,1
17408,1822,1829,1
17409,1822,4964,1
17410,1822,2798,1
17411,1822,2089,1
17412,1823,1824,1
17413,1823,1826,1
17414,1823,1827,1
17415,1823,1828,1
17416,1823,1829,1
17417,1823,1831,1
17418,1823,3643,1
17419,1823,1860,1
17420,1823,1915,1
17421,1823,4900,1
17422,1824,1826,1
17423,1824,1827,1
17424,1824,1828,1
17425,1824,1829,1
17426,1824,1830,1
17427,1824,3855,1
17428,1825,1828,1
17429,1825,1829,1
17430,1825,1830,1
17431,1825,1832,1
17432,1825,1833,1
17433,1825,3462,1
17434,1825,3632,1
17435,1825,1929,1
17436,1826,1827,1
17437,1826,1828,1
17438,1826,1829,1
17439,1826,1830,1
17440,1826,1832,1
17441,1826,1833,1
17442,1826,4710,1
17443,1826,3174,1
17444,1827,1828,1
17445,1827,1829,1
17446,1827,1830,1
17447,1827,1832,1
17448,1827,1834,1
17449,1827,1835,1
17450,1827,3665,1
17451,1827,4048,1
17452,1827,2626,1
17453,1827,2367,1
17454,1828,1829,1
17455,1828,1831,1
17456,1828,1832,1
17457,1828,1833,1
17458,1828,1834,1
17459,1828,1835,1
17460,1828,1836,1
17461,1828,4389,1
17462,1829,1830,1
17463,1829,1831,1
17464,1829,1832,1
17465,1829,4510,1
17466,1829,3280,1
17467,1829,3577,1
17468,1829,2537,1
17469,1829,4657,1
17470,1829,2827,1
17471,1830,1831,1
17472,1830,1833,1
17473,1830,1834,1
17474,1830,1835,1
17475,1830,1836,1
17476,1830,1837,1
17477,1830,4768,1
17478,1830,4401,1
17479,1831,1832,1
17480,1831,1833,1
17481,1831,1834,1
17482,1831,1835,1
17483,1831,1836,1
17484,1831,1838,1
17485,1831,1839,1
17486,1831,3646,1
17487,1831,4869,1
17488,1831,4902,1
17489,1831,3320,1
17490,1832,1834,1
17491,1832,1835,1
17492,1832,1836,1
17493,1832,1838,1
17494,1832,1839,1
17495,1832,1840,1
17496,1832,3073,1
17497,1832,2715,1
17498,1833,1834,1
17499,1833,1835,1
17500,1833,1837,1
17501,1833,1839,1
17502,1833,1840,1
17503,1833,1841,1
17504,1833,3991,1
17505,1833,3984,1
17506,1834,1836,1
17507,1834,1837,1
17508,1834,1838,1
17509,1834,1839,1
17510,1834,1840,1
17511,1834,1841,1
17512,1834,1842,1
17513,1834,4788,1
17514,1834,2255,1
17515,1834,2514,1
17516,1835,1836,1
17517,1835,1838,1
17518,1835,1839,1
17519,1835,1840,1
17520,1835,1841,1
17521,1835,1842,1
17522,1835,4257,1
17523,1835,3406,1
17524,1835,3360,1
17525,1835,3171,1
17526,1836,1837,1
17527,1836,1839,1
17528,1836,1840,1
17529,1836,1842,1
17530,1836,1843,1
17531,1836,1844,1
17532,1836,3738,1
17533,1836,4853,1
17534,1836,4246,1
17535,1837,1838,1
17536,1837,1840,1
17537,1837,1842,1
17538,1837,1843,1
17539,1837,1844,1
17540,1837,1845,1
17541,1837,4176,1
17542,1837,4741,1
17543,1837,3375,1
17544,1838,1839,1
17545,1838,1840,1
17546,1838,1841,1
17547,1838,1842,1
17548,1838,1843,1
17549,1838,1844,1
17550,1838,1845,1
17551,1838,1846,1
17552,1838,2653,1
17553,1838,4295,1
17554,1838,3854,1
17555,1839,1840,1
17556,1839,1841,1
17557,1839,1843,1
17558,1839,1844,1
17559,1839,1845,1
17560,1839,1847,1
17561,1839,3574,1
17562,1839,4137,1
17563,1840,1841,1
17564,1840,1842,1
17565,1840,1843,1
17566,1840,1844,1
17567,1840,1845,1
17568,1840,1846,1
17569,1840,1847,1
17570,1840,1848,1
17571,1841,1843,1
17572,1841,1845,1
17573,1841,1847,1
17574,1841,1848,1
17575,1841,1849,1
17576,1841,4806,1
17577,1841,4758,1
17578,1841,4073,1
17579,1841,4432,1
17580,1842,1843,1
17581,1842,1844,1
17582,1842,1845,1
17583,1842,1847,1
17584,1842,1848,1
17585,1842,1849,1
17586,1842,1850,1
17587,1842,2275,1
17588,1842,3613,1
17589,1843,1844,1
17590,1843,1847,1
17591,1843,1848,1
17592,1843,1849,1
17593,1843,1850,1
17594,1843,1851,1
17595,1843,4933,1
17596,1843,4889,1
17597,1844,1848,1
17598,1844,1849,1
17599,1844,1850,1
17600,1844,2943,1
17601,1844,3456,1
17602,1844,2418,1
17603,1845,1846,1
17604,1845,1847,1
17605,1845,1848,1
17606,1845,1849,1
17607,1845,1850,1
17608,1845,1851,1
17609,1845,1852,1
17610,1845,1853,1
17611,1845,2316,1
17612,1846,1848,1
17613,1846,1849,1
17614,1846,1850,1
17615,1846,1851,1
17616,1846,1852,1
17617,1846,1853,1
17618,1846,1854,1
17619,1846,3637,1
17620,1846,3667,1
17621,1846,3253,1
17622,1847,1848,1
17623,1847,1852,1
17624,1847,1854,1
17625,1847,1855,1
17626,1847,3020,1
17627,1847,2720,1
17628,1847,1956,1
17629,1848,1849,1
17630,1848,1852,1
17631,1848,1853,1
17632,1848,1854,1
17633,1848,1856,1
17634,1848,3885,1
17635,1848,3383,1
17636,1849,1850,1
17637,1849,1851,1
17638,1849,1852,1
17639,1849,1853,1
17640,1849,1854,1
17641,1849,1855,1
17642,1849,1856,1
17643,1849,1857,1
17644,1850,1852,1
17645,1850,1853,1
17646,1850,1854,1
17647,1850,1856,1
17648,1850,1858,1
17649,1850,3119,1
17650,1851,1852,1
17651,1851,1853,1
17652,1851,1855,1
17653,1851,1856,1
17654,1851,1857,1
17655,1851,2006,1
17656,1851,3532,1
17657,1851,2329,1
17658,1851,4472,1
17659,1852,1853,1
17660,1852,1854,1
17661,1852,1856,1
17662,1852,1857,1
17663,1852,1858,1
17664,1852,1859,1
17665,1852,2922,1
17666,1852,4939,1
17667,1852,2220,1
17668,1853,1854,1
17669,1853,1857,1
17670,1853,1859,1
17671,1853,1860,1
17672,1853,4380,1
17673,1853,1946,1
17674,1853,3509,1
17675,1854,1855,1
17676,1854,1856,1
17677,1854,1857,1
17678,1854,1858,1
17679,1854,1861,1
17680,1854,1862,1
17681,1854,2775,1
17682,1855,1856,1
17683,1855,1857,1
17684,1855,1858,1
17685,1855,1860,1
17686,1855,1861,1
17687,1855,1862,1
17688,1855,1863,1
17689,1855,2051,1
17690,1856,1857,1
17691,1856,1858,1
17692,1856,1859,1
17693,1856,1860,1
17694,1856,1863,1
17695,1856,1864,1
17696,1856,2787,1
17697,1856,4977,1
17698,1856,3405,1
17699,1857,1858,1
17700,1857,1860,1
17701,1857,1862,1
17702,1857,1863,1
17703,1857,1864,1
17704,1857,1865,1
17705,1858,1859,1
17706,1858,1860,1
17707,1858,1862,1
17708,1858,1863,1
17709,1858,1864,1
17710,1858,1865,1
17711,1858,1866,1
17712,1858,2489,1
17713,1859,1861,1
17714,1859,1862,1
17715,1859,1863,1
17716,1859,1866,1
17717,1859,3254,1
17718,1859,1884,1
17719,1860,1862,1
17720,1860,1864,1
17721,1860,1865,1
17722,1860,1866,1
17723,1860,1867,1
17724,1860,1868,1
17725,1860,2874,1
17726,1860,2335,1
17727,1860,3378,1
17728,1861,1862,1
17729,1861,1863,1
17730,1861,1864,1
17731,1861,1865,1
17732,1861,1866,1
17733,1861,1869,1
17734,1861,4271,1
17735,1861,4308,1
17736,1862,1863,1
17737,1862,1865,1
17738,1862,1866,1
17739,1862,1867,1
17740,1862,1868,1
17741,1862,1870,1
17742,1863,1864,1
17743,1863,1865,1
17744,1863,1867,1
17745,1863,1869,1
17746,1863,1871,1
17747,1863,4103,1
17748,1863,4455,1
17749,1864,1865,1
17750,1864,1866,1
17751,1864,1867,1
17752,1864,1868,1
17753,1864,1869,1
17754,1864,1870,1
17755,1864,1871,1
17756,1864,1872,1
17757,1864,2859,1
17758,1865,1866,1
17759,1865,1868,1
17760,1865,1871,1
17761,1865,1872,1
17762,1865,3397,1
17763,1865,3896,1
17764,1865,1926,1
17765,1866,1868,1
17766,1866,1869,1
17767,1866,1870,1
17768,1866,1871,1
17769,1866,1874,1
17770,1866,4839,1
17771,1866,3209,1
17772,1866,3000,1
17773,1866,3357,1
17774,1866,3308,1
17775,1867,1868,1
17776,1867,1870,1
17777,1867,1871,1
17778,1867,1873,1
17779,1867,1874,1
17780,1867,2204,1
17781,1867,2416,1
17782,1867,2867,1
17783,1867,2036,1
17784,1867,2604,1
17785,1868,1869,1
17786,1868,1870,1
17787,1868,1871,1
17788,1868,1873,1
17789,1868,1874,1
17790,1868,1876,1
17791,1868,2867,1
17792,1869,1870,1
17793,1869,1871,1
17794,1869,1873,1
17795,1869,1875,1
17796,1869,1876,1
17797,1869,4724,1
17798,1870,1872,1
17799,1870,1874,1
17800,1870,1875,1
17801,1870,1877,1
17802,1871,1873,1
17803,1871,1875,1
17804,1871,1876,1
17805,1871,1877,1
17806,1871,1878,1
17807,1871,1879,1
17808,1871,3757,1
17809,1871,1990,1
17810,1871,2793,1
17811,1871,2489,1
17812,1872,1874,1
17813,1872,1876,1
17814,1872,1877,1
17815,1872,1879,1
17816,1872,1880,1
17817,1872,3360,1
17818,1872,3781,1
17819,1873,1874,1
17820,1873,1875,1
17821,1873,1879,1
17822,1873,1881,1
17823,1873,4008,1
17824,1873,3110,1
17825,1874,1875,1
17826,1874,1877,1
17827,1874,1880,1
17828,1874,1881,1
17829,1874,1882,1
17830,1874,2050,1
17831,1874,2444,1
17832,1875,1876,1
17833,1875,1878,1
17834,1875,1879,1
17835,1875,1880,1
17836,1875,1881,1
17837,1875,2405,1
17838,1875,3238,1
17839,1875,3465,1
17840,1875,3724,1
17841,1875,2444,1
17842,1875,4336,1
17843,1876,1877,1
17844,1876,1878,1
17845,1876,1882,1
17846,1876,1884,1
17847,1876,2871,1
17848,1876,2165,1
17849,1876,4860,1
17850,1877,1878,1
17851,1877,1879,1
17852,1877,1880,1
17853,1877,1881,1
17854,1877,1882,1
17855,1877,1884,1
17856,1877,1885,1
17857,1877,3528,1
17858,1877,3534,1
17859,1878,1879,1
17860,1878,1880,1
17861,1878,1882,1
17862,1878,1883,1
17863,1878,1884,1
17864,1878,1885,1
17865,1878,1886,1
17866,1878,4518,1
17867,1879,1880,1
17868,1879,1881,1
17869,1879,1882,1
17870,1879,1884,1
17871,1879,1885,1
17872,1879,1886,1
17873,1879,1887,1
17874,1879,2640,1
17875,1880,1882,1
17876,1880,1883,1
17877,1880,1885,1
17878,1880,1887,1
17879,1880,1888,1
17880,1880,2983,1
17881,1880,3727,1
17882,1880,4554,1
17883,1880,2524,1
17884,1881,1882,1
17885,1881,1884,1
17886,1881,1885,1
17887,1881,1886,1
17888,1881,1887,1
17889,1881,1888,1
17890,1881,1889,1
17891,1881,2702,1
17892,1882,1883,1
17893,1882,1884,1
17894,1882,1885,1
17895,1882,1886,1
17896,1882,1887,1
17897,1882,1889,1
17898,1882,1890,1
17899,1882,2560,1
17900,1882,2377,1
17901,1882,1919,1
17902,1883,1884,1
17903,1883,1885,1
17904,1883,1886,1
17905,1883,1888,1
17906,1883,1890,1
17907,1883,1891,1
17908,1883,2330,1
17909,1883,4618,1
17910,1883,4021,1
17911,1884,1885,1
17912,1884,1886,1
17913,1884,1887,1
17914,1884,1888,1
17915,1884,1889,1
17916,1884,1890,1
17917,1884,1892,1
17918,1884,3537,1
17919,1885,1886,1
17920,1885,1887,1
17921,1885,1888,1
17922,1885,1889,1
17923,1885,1890,1
17924,1885,1891,1
17925,1885,2857,1
17926,1885,2511,1
17927,1886,1888,1
17928,1886,1890,1
17929,1886,1891,1
17930,1886,1892,1
17931,1886,1893,1
17932,1886,3278,1
17933,1886,3657,1
17934,1886,3750,1
17935,1886,2441,1
17936,1886,4486,1
17937,1886,2052,1
17938,1887,1889,1
17939,1887,1890,1
17940,1887,1891,1
17941,1887,1892,1
17942,1887,1893,1
17943,1887,1894,1
17944,1887,1895,1
17945,1888,1889,1
17946,1888,1891,1
17947,1888,1892,1
17948,1888,1893,1
17949,1888,1894,1
17950,1888,1895,1
17951,1888,4576,1
17952,1888,4231,1
17953,1888,2748,1
17954,1889,1890,1
17955,1889,1891,1
17956,1889,1892,1
17957,1889,1895,1
17958,1889,1896,1
17959,1889,1897,1
17960,1889,4652,1
17961,1889,3239,1
17962,1890,1893,1
17963,1890,1896,1
17964,1890,1897,1
17965,1890,4460,1
17966,1890,3409,1
17967,1890,3614,1
17968,1890,2721,1
17969,1890,2955,1
17970,1890,2884,1
17971,1890,3916,1
17972,1891,1893,1
17973,1891,1895,1
17974,1891,1898,1
17975,1891,1899,1
17976,1891,3334,1
17977,1891,2096,1
17978,1891,3569,1
17979,1891,2544,1
17980,1892,1895,1
17981,1892,1896,1
17982,1892,1897,1
17983,1892,1898,1
17984,1892,1899,1
17985,1892,2638,1
17986,1892,2115,1
17987,1892,3248,1
17988,1892,2795,1
17989,1893,1894,1
17990,1893,1896,1
17991,1893,1897,1
17992,1893,1900,1
17993,1893,4641,1
17994,1893,3537,1
17995,1894,1895,1
17996,1894,1896,1
17997,1894,1898,1
17998,1894,1899,1
17999,1894,1901,1
18000,1894,1902,1
18001,1894,4568,1
18002,1895,1896,1
18003,1895,1897,1
18004,1895,1898,1
18005,1895,1899,1
18006,1895,1900,1
18007,1895,1901,1
18008,1895,1903,1
18009,1895,1938,1
18010,1895,2048,1
18011,1896,1897,1
18012,1896,1898,1
18013,1896,1900,1
18014,1896,1901,1
18015,1896,1902,1
18016,1896,1904,1
18017,1896,4425,1
18018,1896,3098,1
18019,1897,1899,1
18020,1897,1905,1
18021,1897,2481,1
18022,1897,4383,1
18023,1897,2549,1
18024,1897,1963,1
18025,1897,3655,1
18026,1897,4807,1
18027,1897,1962,1
18028,1898,1899,1
18029,1898,1900,1
18030,1898,1901,1
18031,1898,1904,1
18032,1898,1905,1
18033,1898,1906,1
18034,1898,1983,1
18035,1899,1901,1
18036,1899,1903,1
18037,1899,1904,1
18038,1899,1905,1
18039,1899,1906,1
18040,1899,1907,1
18041,1899,2252,1
18042,1899,3715,1
18043,1899,2706,1
18044,1900,1901,1
18045,1900,1902,1
18046,1900,1905,1
18047,1900,1907,1
18048,1900,1908,1
18049,1900,2636,1
18050,1900,3998,1
18051,1900,4637,1
18052,1900,4776,1
18053,1901,1902,1
18054,1901,1903,1
18055,1901,1904,1
18056,1901,1905,1
18057,1901,1906,1
18058,1901,1909,1
18059,1901,4505,1
18060,1901,2038,1
18061,1901,1989,1
18062,1902,1903,1
18063,1902,1905,1
18064,1902,1906,1
18065,1902,1907,1
18066,1902,1908,1
18067,1902,1909,1
18068,1902,1910,1
18069,1902,2361,1
18070,1903,1904,1
18071,1903,1905,1
18072,1903,1906,1
18073,1903,1907,1
18074,1903,1909,1
18075,1903,4420,1
18076,1903,4272,1
18077,1903,3198,1
18078,1904,1905,1
18079,1904,1906,1
18080,1904,1908,1
18081,1904,1909,1
18082,1904,3095,1
18083,1904,3085,1
18084,1904,3258,1
18085,1905,1906,1
18086,1905,1907,1
18087,1905,1908,1
18088,1905,1909,1
18089,1905,1910,1
18090,1905,1911,1
18091,1905,4236,1
18092,1905,4738,1
18093,1906,1907,1
18094,1906,1909,1
18095,1906,1911,1
18096,1906,1912,1
18097,1906,1914,1
18098,1906,4833,1
18099,1906,3367,1
18100,1906,2746,1
18101,1906,4759,1
18102,1906,4630,1
18103,1906,3571,1
18104,1907,1908,1
18105,1907,1909,1
18106,1907,1910,1
18107,1907,1913,1
18108,1907,1914,1
18109,1907,1915,1
18110,1907,4259,1
18111,1907,4361,1
18112,1907,2731,1
18113,1907,4766,1
18114,1908,1909,1
18115,1908,1911,1
18116,1908,1913,1
18117,1908,1914,1
18118,1908,1915,1
18119,1908,1916,1
18120,1909,1911,1
18121,1909,1912,1
18122,1909,1913,1
18123,1909,1914,1
18124,1909,1917,1
18125,1909,2204,1
18126,1909,3637,1
18127,1909,2108,1
18128,1909,3787,1
18129,1909,4476,1
18130,1910,1911,1
18131,1910,1912,1
18132,1910,1913,1
18133,1910,1915,1
18134,1910,1918,1
18135,1910,2252,1
18136,1910,4382,1
18137,1911,1912,1
18138,1911,1914,1
18139,1911,1915,1
18140,1911,1916,1
18141,1911,1917,1
18142,1911,1918,1
18143,1911,1919,1
18144,1911,2540,1
18145,1912,1913,1
18146,1912,1914,1
18147,1912,1915,1
18148,1912,1916,1
18149,1912,1917,1
18150,1912,1918,1
18151,1912,1919,1
18152,1912,1920,1
18153,1912,3421,1
18154,1913,1914,1
18155,1913,1915,1
18156,1913,1916,1
18157,1913,1917,1
18158,1913,1918,1
18159,1913,1919,1
18160,1913,1920,1
18161,1913,1921,1
18162,1914,1915,1
18163,1914,1917,1
18164,1914,1918,1
18165,1914,1919,1
18166,1914,1920,1
18167,1914,1921,1
18168,1915,1917,1
18169,1915,1919,1
18170,1915,1921,1
18171,1915,1922,1
18172,1915,1923,1
18173,1915,4767,1
18174,1915,2624,1
18175,1916,1917,1
18176,1916,1919,1
18177,1916,1920,1
18178,1916,1922,1
18179,1916,1923,1
18180,1916,1924,1
18181,1916,2973,1
18182,1916,2910,1
18183,1916,4012,1
18184,1916,4181,1
18185,1916,3846,1
18186,1917,1919,1
18187,1917,1920,1
18188,1917,1922,1
18189,1917,1923,1
18190,1917,1924,1
18191,1917,1925,1
18192,1917,2979,1
18193,1917,4862,1
18194,1917,4583,1
18195,1917,4774,1
18196,1918,1919,1
18197,1918,1920,1
18198,1918,1921,1
18199,1918,1924,1
18200,1918,1925,1
18201,1918,1926,1
18202,1918,2531,1
18203,1918,2660,1
18204,1918,3507,1
18205,1918,3752,1
18206,1919,1920,1
18207,1919,1922,1
18208,1919,1923,1
18209,1919,1924,1
18210,1919,1925,1
18211,1919,1926,1
18212,1919,1927,1
18213,1919,3722,1
18214,1919,2260,1
18215,1920,1921,1
18216,1920,1922,1
18217,1920,1923,1
18218,1920,1924,1
18219,1920,1925,1
18220,1920,1926,1
18221,1920,1927,1
18222,1920,1928,1
18223,1920,3308,1
18224,1920,2853,1
18225,1920,2211,1
18226,1920,3554,1
18227,1921,1922,1
18228,1921,1923,1
18229,1921,1924,1
18230,1921,1925,1
18231,1921,1927,1
18232,1921,1928,1
18233,1921,3945,1
18234,1922,1923,1
18235,1922,1924,1
18236,1922,1925,1
18237,1922,1926,1
18238,1922,1927,1
18239,1922,1928,1
18240,1922,4180,1
18241,1923,1924,1
18242,1923,1925,1
18243,1923,1926,1
18244,1923,1928,1
18245,1923,1929,1
18246,1923,1930,1
18247,1923,1931,1
18248,1923,4987,1
18249,1924,1925,1
18250,1924,1926,1
18251,1924,1927,1
18252,1924,1928,1
18253,1924,1929,1
18254,1924,1932,1
18255,1924,4696,1
18256,1924,2533,1
18257,1924,3908,1
18258,1924,4627,1
18259,1925,1929,1
18260,1925,1930,1
18261,1925,1933,1
18262,1925,2749,1
18263,1925,4682,1
18264,1925,2770,1
18265,1925,2540,1
18266,1926,1927,1
18267,1926,1928,1
18268,1926,1929,1
18269,1926,1930,1
18270,1926,1931,1
18271,1926,1932,1
18272,1926,1933,1
18273,1926,1934,1
18274,1926,2315,1
18275,1926,4869,1
18276,1926,3380,1
18277,1927,1930,1
18278,1927,1931,1
18279,1927,1933,1
18280,1927,1934,1
18281,1927,3208,1
18282,1927,4000,1
18283,1927,4491,1
18284,1927,3212,1
18285,1927,1947,1
18286,1927,4171,1
18287,1928,1929,1
18288,1928,1931,1
18289,1928,1932,1
18290,1928,1933,1
18291,1928,1934,1
18292,1928,1935,1
18293,1928,4631,1
18294,1928,2915,1
18295,1928,4507,1
18296,1928,3325,1
18297,1929,1931,1
18298,1929,1932,1
18299,1929,1933,1
18300,1929,1934,1
18301,1929,1935,1
18302,1929,1936,1
18303,1929,1937,1
18304,1929,3444,1
18305,1929,3308,1
18306,1930,1931,1
18307,1930,1932,1
18308,1930,1935,1
18309,1930,1936,1
18310,1930,1938,1
18311,1930,3563,1
18312,1930,4792,1
18313,1931,1932,1
18314,1931,1934,1
18315,1931,1935,1
18316,1931,1936,1
18317,1931,1937,1
18318,1931,1938,1
18319,1931,2055,1
18320,1931,4015,1
18321,1932,1934,1
18322,1932,1935,1
18323,1932,1936,1
18324,1932,1937,1
18325,1932,1938,1
18326,1932,1939,1
18327,1932,1940,1
18328,1932,4735,1
18329,1933,1935,1
18330,1933,1936,1
18331,1933,1937,1
18332,1933,1939,1
18333,1933,1940,1
18334,1933,2410,1
18335,1933,3665,1
18336,1933,3070,1
18337,1933,2579,1
18338,1934,1939,1
18339,1934,1940,1
18340,1934,1941,1
18341,1934,1942,1
18342,1934,4644,1
18343,1934,3058,1
18344,1934,2421,1
18345,1934,3425,1
18346,1934,3143,1
18347,1934,2409,1
18348,1935,1936,1
18349,1935,1938,1
18350,1935,1941,1
18351,1935,1942,1
18352,1935,1943,1
18353,1935,2836,1
18354,1936,1937,1
18355,1936,1938,1
18356,1936,1939,1
18357,1936,1941,1
18358,1936,1942,1
18359,1936,1943,1
18360,1936,1944,1
18361,1936,2291,1
18362,1937,1939,1
18363,1937,1940,1
18364,1937,1943,1
18365,1937,1944,1
18366,1937,3088,1
18367,1937,4549,1
18368,1937,4798,1
18369,1937,2065,1
18370,1938,1939,1
18371,1938,1943,1
18372,1938,1944,1
18373,1938,1945,1
18374,1938,3271,1
18375,1938,3487,1
18376,1938,4468,1
18377,1938,2478,1
18378,1939,1940,1
18379,1939,1941,1
18380,1939,1942,1
18381,1939,1943,1
18382,1939,1944,1
18383,1939,1945,1
18384,1939,1946,1
18385,1939,1947,1
18386,1939,2071,1
18387,1939,3062,1
18388,1940,1941,1
18389,1940,1942,1
18390,1940,1943,1
18391,1940,1944,1
18392,1940,1946,1
18393,1940,1947,1
18394,1940,2620,1
18395,1940,2951,1
18396,1940,3093,1
18397,1940,2454,1
18398,1940,4592,1
18399,1940,4928,1
18400,1941,1942,1
18401,1941,1944,1
18402,1941,1946,1
18403,1941,1947,1
18404,1941,1948,1
18405,1941,1949,1
18406,1941,4332,1
18407,1941,2640,1
18408,1941,3165,1
18409,1941,4366,1
18410,1942,1943,1
18411,1942,1945,1
18412,1942,1946,1
18413,1942,1948,1
18414,1942,1949,1
18415,1942,3625,1
18416,1942,2158,1
18417,1942,3411,1
18418,1943,1944,1
18419,1943,1945,1
18420,1943,1946,1
18421,1943,1947,1
18422,1943,1948,1
18423,1943,1950,1
18424,1943,1951,1
18425,1943,2696,1
18426,1943,4768,1
18427,1944,1945,1
18428,1944,1946,1
18429,1944,1947,1
18430,1944,1948,1
18431,1944,1950,1
18432,1944,1951,1
18433,1944,1952,1
18434,1944,3877,1
18435,1945,1947,1
18436,1945,1948,1
18437,1945,1949,1
18438,1945,1953,1
18439,1945,4163,1
18440,1945,4166,1
18441,1945,4678,1
18442,1945,3663,1
18443,1945,3720,1
18444,1945,4881,1
18445,1946,1947,1
18446,1946,1948,1
18447,1946,1950,1
18448,1946,1952,1
18449,1946,1954,1
18450,1946,4862,1
18451,1946,4926,1
18452,1947,1948,1
18453,1947,1949,1
18454,1947,1950,1
18455,1947,1952,1
18456,1947,1953,1
18457,1947,1954,1
18458,1947,1955,1
18459,1947,1967,1
18460,1948,1952,1
18461,1948,1953,1
18462,1948,1956,1
18463,1948,4862,1
18464,1948,3759,1
18465,1948,2920,1
18466,1948,3411,1
18467,1949,1950,1
18468,1949,1951,1
18469,1949,1952,1
18470,1949,1953,1
18471,1949,1954,1
18472,1949,1955,1
18473,1949,1956,1
18474,1949,1957,1
18475,1950,1951,1
18476,1950,1953,1
18477,1950,1955,1
18478,1950,1956,1
18479,1950,1957,1
18480,1950,4272,1
18481,1950,4340,1
18482,1951,1952,1
18483,1951,1953,1
18484,1951,1955,1
18485,1951,1956,1
18486,1951,1957,1
18487,1951,1958,1
18488,1951,1959,1
18489,1951,4014,1
18490,1951,4000,1
18491,1952,1953,1
18492,1952,1955,1
18493,1952,1956,1
18494,1952,1957,1
18495,1952,1958,1
18496,1952,1959,1
18497,1952,1960,1
18498,1952,4307,1
18499,1952,3339,1
18500,1952,2364,1
18501,1953,1954,1
18502,1953,1955,1
18503,1953,1957,1
18504,1953,1958,1
18505,1953,1959,1
18506,1953,1960,1
18507,1953,2582,1
18508,1953,3805,1
18509,1953,2711,1
18510,1953,2698,1
18511,1954,1955,1
18512,1954,1957,1
18513,1954,1958,1
18514,1954,1960,1
18515,1954,1961,1
18516,1954,2711,1
18517,1954,2239,1
18518,1954,2872,1
18519,1955,1956,1
18520,1955,1958,1
18521,1955,1959,1
18522,1955,1960,1
18523,1955,1961,1
18524,1955,1962,1
18525,1955,1963,1
18526,1955,4385,1
18527,1955,2386,1
18528,1955,3006,1
18529,1956,1957,1
18530,1956,1958,1
18531,1956,1959,1
18532,1956,1960,1
18533,1956,1961,1
18534,1956,1962,1
18535,1956,1963,1
18536,1956,1964,1
18537,1956,4195,1
18538,1957,1959,1
18539,1957,1960,1
18540,1957,1962,1
18541,1957,1963,1
18542,1957,1964,1
18543,1957,2440,1
18544,1957,2982,1
18545,1957,4524,1
18546,1957,3671,1
18547,1957,2854,1
18548,1958,1959,1
18549,1958,1960,1
18550,1958,1961,1
18551,1958,1962,1
18552,1958,1964,1
18553,1958,1966,1
18554,1958,4634,1
18555,1958,4046,1
18556,1958,4717,1
18557,1959,1960,1
18558,1959,1962,1
18559,1959,1964,1
18560,1959,1965,1
18561,1959,1966,1
18562,1959,1967,1
18563,1959,4384,1
18564,1960,1961,1
18565,1960,1962,1
18566,1960,1964,1
18567,1960,1966,1
18568,1961,1963,1
18569,1961,1964,1
18570,1961,1965,1
18571,1961,1968,1
18572,1961,1969,1
18573,1961,3526,1
18574,1961,2914,1
18575,1961,3763,1
18576,1961,4118,1
18577,1961,3686,1
18578,1962,1963,1
18579,1962,1964,1
18580,1962,1965,1
18581,1962,1966,1
18582,1962,1967,1
18583,1962,1968,1
18584,1962,1969,1
18585,1962,1970,1
18586,1962,3434,1
18587,1962,3343,1
18588,1962,4194,1
18589,1962,2856,1
18590,1963,1964,1
18591,1963,1966,1
18592,1963,1967,1
18593,1963,1968,1
18594,1963,1969,1
18595,1963,1971,1
18596,1963,4479,1
18597,1963,4243,1
18598,1963,2397,1
18599,1964,1965,1
18600,1964,1967,1
18601,1964,1968,1
18602,1964,1969,1
18603,1964,1970,1
18604,1964,1971,1
18605,1964,1972,1
18606,1964,2993,1
18607,1964,2530,1
18608,1964,2862,1
18609,1964,4437,1
18610,1965,1966,1
18611,1965,1967,1
18612,1965,1968,1
18613,1965,1969,1
18614,1965,1971,1
18615,1965,1972,1
18616,1965,1973,1
18617,1965,3863,1
18618,1966,1967,1
18619,1966,1968,1
18620,1966,1969,1
18621,1966,1970,1
18622,1966,1971,1
18623,1966,1972,1
18624,1966,4817,1
18625,1966,2265,1
18626,1966,4006,1
18627,1966,2868,1
18628,1967,1969,1
18629,1967,1970,1
18630,1967,1971,1
18631,1967,1972,1
18632,1967,1973,1
18633,1967,1974,1
18634,1967,4911,1
18635,1967,3421,1
18636,1968,1969,1
18637,1968,1970,1
18638,1968,1971,1
18639,1968,1973,1
18640,1968,1974,1
18641,1968,1975,1
18642,1968,1976,1
18643,1968,3808,1
18644,1968,2906,1
18645,1968,3172,1
18646,1969,1971,1
18647,1969,1972,1
18648,1969,1973,1
18649,1969,1974,1
18650,1969,1975,1
18651,1969,1977,1
18652,1969,4894,1
18653,1969,2562,1
18654,1970,1972,1
18655,1970,1973,1
18656,1970,1975,1
18657,1970,1976,1
18658,1970,1977,1
18659,1970,4669,1
18660,1970,2515,1
18661,1970,2526,1
18662,1971,1972,1
18663,1971,1973,1
18664,1971,1974,1
18665,1971,1975,1
18666,1971,1976,1
18667,1971,1977,1
18668,1971,1978,1
18669,1971,1979,1
18670,1971,4738,1
18671,1972,1973,1
18672,1972,1974,1
18673,1972,1975,1
18674,1972,1976,1
18675,1972,1977,1
18676,1972,1978,1
18677,1972,1979,1
18678,1972,1980,1
18679,1972,2244,1
18680,1972,4466,1
18681,1973,1974,1
18682,1973,1977,1
18683,1973,1979,1
18684,1973,1981,1
18685,1973,3916,1
18686,1973,3196,1
18687,1973,3709,1
18688,1973,4854,1
18689,1973,2276,1
18690,1973,2062,1
18691,1974,1975,1
18692,1974,1976,1
18693,1974,1977,1
18694,1974,1978,1
18695,1974,1982,1
18696,1974,2609,1
18697,1974,4862,1
18698,1974,2403,1
18699,1974,2277,1
18700,1975,1977,1
18701,1975,1979,1
18702,1975,1980,1
18703,1975,1981,1
18704,1975,1982,1
18705,1975,4122,1
18706,1975,2103,1
18707,1975,2474,1
18708,1976,1977,1
18709,1976,1979,1
18710,1976,1980,1
18711,1976,1981,1
18712,1976,1982,1
18713,1976,4412,1
18714,1977,1978,1
18715,1977,1979,1
18716,1977,1980,1
18717,1977,1981,1
18718,1977,1984,1
18719,1977,1985,1
18720,1977,3028,1
18721,1977,3298,1
18722,1978,1981,1
18723,1978,1982,1
18724,1978,1983,1
18725,1978,1985,1
18726,1978,1986,1
18727,1978,3583,1
18728,1978,4180,1
18729,1978,2993,1
18730,1978,2610,1
18731,1979,1983,1
18732,1979,1984,1
18733,1979,1985,1
18734,1979,1986,1
18735,1979,4100,1
18736,1979,3547,1
18737,1979,3036,1
18738,1979,3154,1
18739,1980,1981,1
18740,1980,1982,1
18741,1980,1983,1
18742,1980,1985,1
18743,1980,1986,1
18744,1980,1988,1
18745,1980,2776,1
18746,1980,2907,1
18747,1980,4358,1
18748,1980,4556,1
18749,1981,1983,1
18750,1981,1984,1
18751,1981,1985,1
18752,1981,1986,1
18753,1981,1988,1
18754,1981,1989,1
18755,1981,3593,1
18756,1981,3375,1
18757,1981,4311,1
18758,1982,1983,1
18759,1982,1984,1
18760,1982,1985,1
18761,1982,1986,1
18762,1982,1989,1
18763,1982,1990,1
18764,1982,3687,1
18765,1982,4032,1
18766,1982,3025,1
18767,1982,4606,1
18768,1982,3932,1
18769,1983,1984,1
18770,1983,1985,1
18771,1983,1986,1
18772,1983,1988,1
18773,1983,1990,1
18774,1983,4070,1
18775,1984,1985,1
18776,1984,1986,1
18777,1984,1987,1
18778,1984,1988,1
18779,1984,1989,1
18780,1984,1990,1
18781,1984,1991,1
18782,1984,1992,1
18783,1984,2014,1
18784,1985,1986,1
18785,1985,1990,1
18786,1985,1993,1
18787,1985,3102,1
18788,1985,3987,1
18789,1985,2299,1
18790,1986,1987,1
18791,1986,1991,1
18792,1986,1993,1
18793,1986,1994,1
18794,1986,3357,1
18795,1986,4762,1
18796,1986,4757,1
18797,1987,1988,1
18798,1987,1989,1
18799,1987,1991,1
18800,1987,1992,1
18801,1987,1993,1
18802,1987,1994,1
18803,1987,4535,1
18804,1987,3317,1
18805,1987,4937,1
18806,1988,1990,1
18807,1988,1991,1
18808,1988,1992,1
18809,1988,1995,1
18810,1988,1996,1
18811,1988,2772,1
18812,1988,4673,1
18813,1988,2315,1
18814,1989,1991,1
18815,1989,1993,1
18816,1989,1995,1
18817,1989,1997,1
18818,1989,2106,1
18819,1989,2131,1
18820,1989,2825,1
18821,1989,4511,1
18822,1990,1991,1
18823,1990,1994,1
18824,1990,1995,1
18825,1990,1997,1
18826,1990,1998,1
18827,1990,3067,1
18828,1990,3661,1
18829,1991,1994,1
18830,1991,1996,1
18831,1991,1997,1
18832,1991,1998,1
18833,1991,1999,1
18834,1991,4775,1
18835,1991,3159,1
18836,1991,2725,1
18837,1991,2615,1
18838,1991,2253,1
18839,1992,1994,1
18840,1992,1995,1
18841,1992,1996,1
18842,1992,1997,1
18843,1992,1998,1
18844,1992,1999,1
18845,1992,4147,1
18846,1992,2742,1
18847,1992,3186,1
18848,1992,4013,1
18849,1992,2067,1
18850,1993,1994,1
18851,1993,1995,1
18852,1993,1996,1
18853,1993,1998,1
18854,1993,2000,1
18855,1993,2001,1
18856,1993,2120,1
18857,1993,4502,1
18858,1993,2968,1
18859,1993,3468,1
18860,1994,1997,1
18861,1994,1998,1
18862,1994,1999,1
18863,1994,2000,1
18864,1994,2001,1
18865,1994,2002,1
18866,1994,4151,1
18867,1995,1999,1
18868,1995,2000,1
18869,1995,2001,1
18870,1995,2003,1
18871,1995,4587,1
18872,1995,2636,1
18873,1995,3393,1
18874,1995,4197,1
18875,1996,1997,1
18876,1996,2000,1
18877,1996,2003,1
18878,1996,2004,1
18879,1996,2523,1
18880,1996,4690,1
18881,1996,4869,1
18882,1996,2112,1
18883,1996,2524,1
18884,1997,1999,1
18885,1997,2000,1
18886,1997,2001,1
18887,1997,2004,1
18888,1997,4216,1
18889,1998,1999,1
18890,1998,2002,1
18891,1998,2003,1
18892,1998,2004,1
18893,1998,2005,1
18894,1998,2006,1
18895,1998,3602,1
18896,1998,3403,1
18897,1999,2000,1
18898,1999,2001,1
18899,1999,2002,1
18900,1999,2003,1
18901,1999,2006,1
18902,1999,2634,1
18903,2000,2001,1
18904,2000,2003,1
18905,2000,2004,1
18906,2000,2005,1
18907,2000,2006,1
18908,2000,2007,1
18909,2000,4824,1
18910,2000,4177,1
18911,2001,2002,1
18912,2001,2003,1
18913,2001,2004,1
18914,2001,2005,1
18915,2001,2007,1
18916,2001,2009,1
18917,2001,3948,1
18918,2001,2246,1
18919,2001,4719,1
18920,2001,2312,1
18921,2002,2003,1
18922,2002,2004,1
18923,2002,2005,1
18924,2002,2007,1
18925,2002,2008,1
18926,2002,2469,1
18927,2002,2436,1
18928,2003,2004,1
18929,2003,2005,1
18930,2003,2008,1
18931,2003,2009,1
18932,2003,2011,1
18933,2003,4394,1
18934,2003,4386,1
18935,2003,3021,1
18936,2004,2005,1
18937,2004,2008,1
18938,2004,2009,1
18939,2004,2011,1
18940,2004,2012,1
18941,2004,4219,1
18942,2004,4287,1
18943,2004,2656,1
18944,2005,2007,1
18945,2005,2008,1
18946,2005,2009,1
18947,2005,2011,1
18948,2005,2012,1
18949,2005,2013,1
18950,2005,4471,1
18951,2005,2368,1
18952,2006,2007,1
18953,2006,2008,1
18954,2006,2009,1
18955,2006,2010,1
18956,2006,2011,1
18957,2006,2012,1
18958,2006,2013,1
18959,2006,2014,1
18960,2006,4987,1
18961,2007,2008,1
18962,2007,2009,1
18963,2007,2010,1
18964,2007,2011,1
18965,2007,2012,1
18966,2007,2014,1
18967,2007,2015,1
18968,2007,3643,1
18969,2007,3121,1
18970,2008,2011,1
18971,2008,2012,1
18972,2008,2014,1
18973,2008,2016,1
18974,2008,4939,1
18975,2008,3454,1
18976,2008,3526,1
18977,2008,4581,1
18978,2008,4166,1
18979,2009,2010,1
18980,2009,2011,1
18981,2009,2012,1
18982,2009,2013,1
18983,2009,2014,1
18984,2009,2016,1
18985,2009,2017,1
18986,2009,3055,1
18987,2009,4944,1
18988,2010,2011,1
18989,2010,2014,1
18990,2010,2015,1
18991,2010,2018,1
18992,2010,2985,1
18993,2010,4523,1
18994,2010,3867,1
18995,2010,4345,1
18996,2011,2012,1
18997,2011,2015,1
18998,2011,2016,1
18999,2011,2018,1
19000,2011,4886,1
19001,2011,2753,1
19002,2011,4156,1
19003,2012,2014,1
19004,2012,2015,1
19005,2012,2016,1
19006,2012,2017,1
19007,2012,2018,1
19008,2012,2019,1
19009,2012,2020,1
19010,2012,4267,1
19011,2012,3830,1
19012,2013,2014,1
19013,2013,2018,1
19014,2013,2021,1
19015,2013,4120,1
19016,2013,2679,1
19017,2013,2734,1
19018,2013,4906,1
19019,2013,3839,1
19020,2014,2015,1
19021,2014,2016,1
19022,2014,2017,1
19023,2014,2019,1
19024,2014,2020,1
19025,2014,2021,1
19026,2014,2022,1
19027,2014,3610,1
19028,2015,2016,1
19029,2015,2017,1
19030,2015,2019,1
19031,2015,2020,1
19032,2015,2022,1
19033,2015,2023,1
19034,2015,3648,1
19035,2015,3204,1
19036,2015,4733,1
19037,2016,2017,1
19038,2016,2018,1
19039,2016,2019,1
19040,2016,2020,1
19041,2016,2021,1
19042,2016,2022,1
19043,2016,2023,1
19044,2016,2024,1
19045,2016,3950,1
19046,2016,3808,1
19047,2016,4579,1
19048,2017,2018,1
19049,2017,2019,1
19050,2017,2020,1
19051,2017,2021,1
19052,2017,2022,1
19053,2017,2024,1
19054,2017,2025,1
19055,2017,3289,1
19056,2017,4668,1
19057,2017,3951,1
19058,2018,2019,1
19059,2018,2020,1
19060,2018,2021,1
19061,2018,2023,1
19062,2018,2024,1
19063,2018,2025,1
19064,2018,2314,1
19065,2018,3256,1
19066,2018,2947,1
19067,2019,2020,1
19068,2019,2022,1
19069,2019,2026,1
19070,2019,2027,1
19071,2019,2395,1
19072,2019,3820,1
19073,2019,3381,1
19074,2019,4484,1
19075,2019,2133,1
19076,2019,3778,1
19077,2019,4392,1
19078,2020,2021,1
19079,2020,2022,1
19080,2020,2023,1
19081,2020,2024,1
19082,2020,2025,1
19083,2020,2026,1
19084,2020,2027,1
19085,2020,2028,1
19086,2021,2022,1
19087,2021,2024,1
19088,2021,2027,1
19089,2021,2028,1
19090,2021,3875,1
19091,2021,2286,1
19092,2021,4010,1
19093,2022,2023,1
19094,2022,2024,1
19095,2022,2025,1
19096,2022,2026,1
19097,2022,2027,1
19098,2022,2028,1
19099,2022,2029,1
19100,2022,2030,1
19101,2022,3516,1
19102,2022,4082,1
19103,2022,2572,1
19104,2023,2024,1
19105,2023,2027,1
19106,2023,2028,1
19107,2023,2030,1
19108,2023,2031,1
19109,2023,4013,1
19110,2023,4658,1
19111,2023,3216,1
19112,2023,4371,1
19113,2023,2532,1
19114,2023,3858,1
19115,2024,2027,1
19116,2024,2028,1
19117,2024,2029,1
19118,2024,2030,1
19119,2024,2031,1
19120,2024,2953,1
19121,2024,2779,1
19122,2024,3928,1
19123,2024,3682,1
19124,2025,2026,1
19125,2025,2027,1
19126,2025,2028,1
19127,2025,2029,1
19128,2025,2030,1
19129,2025,2031,1
19130,2025,2032,1
19131,2025,2033,1
19132,2025,4261,1
19133,2025,4555,1
19134,2025,3630,1
19135,2025,4163,1
19136,2026,2027,1
19137,2026,2028,1
19138,2026,2030,1
19139,2026,2031,1
19140,2026,2032,1
19141,2026,2033,1
19142,2026,3875,1
19143,2026,4892,1
19144,2026,4490,1
19145,2026,2811,1
19146,2027,2029,1
19147,2027,2030,1
19148,2027,2033,1
19149,2027,2034,1
19150,2027,4390,1
19151,2027,4671,1
19152,2027,3130,1
19153,2027,4701,1
19154,2028,2030,1
19155,2028,2031,1
19156,2028,2032,1
19157,2028,2034,1
19158,2028,2035,1
19159,2028,2036,1
19160,2028,2525,1
19161,2028,2534,1
19162,2028,2483,1
19163,2029,2030,1
19164,2029,2031,1
19165,2029,2032,1
19166,2029,2033,1
19167,2029,2034,1
19168,2029,2035,1
19169,2029,2036,1
19170,2029,2680,1
19171,2029,3113,1
19172,2029,4658,1
19173,2030,2031,1
19174,2030,2033,1
19175,2030,2034,1
19176,2030,2035,1
19177,2030,2036,1
19178,2030,2038,1
19179,2030,2724,1
19180,2031,2032,1
19181,2031,2033,1
19182,2031,2038,1
19183,2031,2039,1
19184,2031,2544,1
19185,2031,2088,1
19186,2031,3394,1
19187,2031,4332,1
19188,2032,2034,1
19189,2032,2035,1
19190,2032,2036,1
19191,2032,2037,1
19192,2032,2038,1
19193,2032,2039,1
19194,2032,2040,1
19195,2032,3911,1
19196,2033,2034,1
19197,2033,2035,1
19198,2033,2036,1
19199,2033,2037,1
19200,2033,2038,1
19201,2033,2039,1
19202,2033,2041,1
19203,2033,3071,1
19204,2033,4851,1
19205,2033,3703,1
19206,2034,2035,1
19207,2034,2037,1
19208,2034,2038,1
19209,2034,2041,1
19210,2034,2042,1
19211,2034,2297,1
19212,2034,2269,1
19213,2034,3113,1
19214,2034,4409,1
19215,2035,2036,1
19216,2035,2037,1
19217,2035,2039,1
19218,2035,2040,1
19219,2035,2041,1
19220,2035,2042,1
19221,2035,2043,1
19222,2036,2040,1
19223,2036,2042,1
19224,2036,2043,1
19225,2036,3826,1
19226,2036,4594,1
19227,2036,4680,1
19228,2036,2379,1
19229,2036,4145,1
19230,2036,3092,1
19231,2037,2038,1
19232,2037,2041,1
19233,2037,2042,1
19234,2037,2043,1
19235,2037,4574,1
19236,2037,2292,1
19237,2037,2061,1
19238,2038,2039,1
19239,2038,2040,1
19240,2038,2041,1
19241,2038,2042,1
19242,2038,2044,1
19243,2038,2045,1
19244,2038,2046,1
19245,2038,3766,1
19246,2038,3002,1
19247,2039,2040,1
19248,2039,2041,1
19249,2039,2043,1
19250,2039,2045,1
19251,2039,4473,1
19252,2039,3721,1
19253,2039,2530,1
19254,2040,2041,1
19255,2040,2042,1
19256,2040,2044,1
19257,2040,2045,1
19258,2040,2046,1
19259,2040,2047,1
19260,2040,4691,1
19261,2040,3917,1
19262,2041,2042,1
19263,2041,2043,1
19264,2041,2044,1
19265,2041,2046,1
19266,2041,2048,1
19267,2041,4249,1
19268,2041,4989,1
19269,2041,2968,1
19270,2041,2579,1
19271,2042,2043,1
19272,2042,2044,1
19273,2042,2045,1
19274,2042,2046,1
19275,2042,2047,1
19276,2042,2048,1
19277,2042,2050,1
19278,2042,4119,1
19279,2042,4400,1
19280,2043,2045,1
19281,2043,2046,1
19282,2043,2047,1
19283,2043,2049,1
19284,2043,2050,1
19285,2043,2051,1
19286,2043,3746,1
19287,2043,3969,1
19288,2043,3158,1
19289,2044,2045,1
19290,2044,2046,1
19291,2044,2048,1
19292,2044,2049,1
19293,2044,2051,1
19294,2044,2052,1
19295,2044,4047,1
19296,2045,2046,1
19297,2045,2047,1
19298,2045,2048,1
19299,2045,2050,1
19300,2045,2053,1
19301,2045,4122,1
19302,2045,3337,1
19303,2045,3187,1
19304,2045,3453,1
19305,2046,2047,1
19306,2046,2048,1
19307,2046,2050,1
19308,2046,2051,1
19309,2046,2052,1
19310,2046,2053,1
19311,2046,3286,1
19312,2046,3072,1
19313,2046,4539,1
19314,2047,2048,1
19315,2047,2050,1
19316,2047,2051,1
19317,2047,2053,1
19318,2047,3317,1
19319,2047,4199,1
19320,2047,4944,1
19321,2047,3497,1
19322,2048,2049,1
19323,2048,2051,1
19324,2048,2055,1
19325,2048,2056,1
19326,2048,4136,1
19327,2048,4116,1
19328,2048,3454,1
19329,2048,4876,1
19330,2048,2955,1
19331,2048,2521,1
19332,2049,2050,1
19333,2049,2051,1
19334,2049,2052,1
19335,2049,2054,1
19336,2049,2055,1
19337,2049,2056,1
19338,2049,2057,1
19339,2049,4150,1
19340,2050,2051,1
19341,2050,2054,1
19342,2050,2055,1
19343,2050,2056,1
19344,2050,2354,1
19345,2051,2052,1
19346,2051,2053,1
19347,2051,2056,1
19348,2051,2057,1
19349,2051,2058,1
19350,2051,2059,1
19351,2051,2496,1
19352,2052,2053,1
19353,2052,2054,1
19354,2052,2056,1
19355,2052,2058,1
19356,2052,2059,1
19357,2052,4413,1
19358,2052,3341,1
19359,2053,2055,1
19360,2053,2056,1
19361,2053,2057,1
19362,2053,2060,1
19363,2053,2650,1
19364,2053,4542,1
19365,2053,4352,1
19366,2054,2055,1
19367,2054,2056,1
19368,2054,2058,1
19369,2054,2059,1
19370,2054,2061,1
19371,2054,2062,1
19372,2054,3386,1
19373,2054,2601,1
19374,2055,2056,1
19375,2055,2057,1
19376,2055,2058,1
19377,2055,2059,1
19378,2055,2060,1
19379,2055,2061,1
19380,2055,2062,1
19381,2055,4310,1
19382,2055,2986,1
19383,2055,2509,1
19384,2055,2795,1
19385,2055,4284,1
19386,2055,2363,1
19387,2056,2057,1
19388,2056,2060,1
19389,2056,2061,1
19390,2056,2062,1
19391,2056,2063,1
19392,2056,2064,1
19393,2056,2107,1
19394,2056,2419,1
19395,2056,4058,1
19396,2056,3503,1
19397,2057,2058,1
19398,2057,2062,1
19399,2057,2063,1
19400,2057,2064,1
19401,2057,2065,1
19402,2057,3800,1
19403,2057,3480,1
19404,2058,2059,1
19405,2058,2061,1
19406,2058,2062,1
19407,2058,2063,1
19408,2058,2065,1
19409,2058,2066,1
19410,2058,4708,1
19411,2058,2070,1
19412,2059,2061,1
19413,2059,2062,1
19414,2059,2063,1
19415,2059,2064,1
19416,2059,2065,1
19417,2059,2066,1
19418,2059,4350,1
19419,2059,2501,1
19420,2059,4286,1
19421,2060,2062,1
19422,2060,2063,1
19423,2060,2064,1
19424,2060,2065,1
19425,2060,2066,1
19426,2060,2067,1
19427,2060,2068,1
19428,2060,3748,1
19429,2060,3616,1
19430,2060,3594,1
19431,2061,2063,1
19432,2061,2064,1
19433,2061,3779,1
19434,2061,4366,1
19435,2061,4522,1
19436,2061,4756,1
19437,2061,3710,1
19438,2061,4287,1
19439,2061,2521,1
19440,2061,3923,1
19441,2061,2309,1
19442,2062,2064,1
19443,2062,2066,1
19444,2062,2069,1
19445,2062,2070,1
19446,2062,4393,1
19447,2062,4721,1
19448,2063,2064,1
19449,2063,2065,1
19450,2063,2066,1
19451,2063,2069,1
19452,2063,2070,1
19453,2063,2071,1
19454,2063,4635,1
19455,2064,2065,1
19456,2064,2067,1
19457,2064,2068,1
19458,2064,2069,1
19459,2064,2586,1
19460,2064,2799,1
19461,2064,3992,1
19462,2064,2390,1
19463,2065,2067,1
19464,2065,2070,1
19465,2065,2071,1
19466,2065,3625,1
19467,2065,3205,1
19468,2065,3768,1
19469,2065,4140,1
19470,2066,2067,1
19471,2066,2069,1
19472,2066,2070,1
19473,2066,2071,1
19474,2066,2073,1
19475,2066,2074,1
19476,2066,3323,1
19477,2066,4975,1
19478,2066,4707,1
19479,2066,2103,1
19480,2066,3210,1
19481,2067,2070,1
19482,2067,2071,1
19483,2067,2073,1
19484,2067,2075,1
19485,2067,2189,1
19486,2067,4502,1
19487,2067,2643,1
19488,2068,2069,1
19489,2068,2071,1
19490,2068,2072,1
19491,2068,2073,1
19492,2068,2074,1
19493,2068,2075,1
19494,2068,2076,1
19495,2069,2071,1
19496,2069,2072,1
19497,2069,2073,1
19498,2069,2074,1
19499,2069,2075,1
19500,2069,2076,1
19501,2069,2077,1
19502,2069,4311,1
19503,2069,4475,1
19504,2070,2071,1
19505,2070,2073,1
19506,2070,2074,1
19507,2070,2075,1
19508,2070,2076,1
19509,2070,4339,1
19510,2070,3107,1
19511,2071,2074,1
19512,2071,2075,1
19513,2071,2076,1
19514,2071,2078,1
19515,2071,2079,1
19516,2071,2732,1
19517,2072,2073,1
19518,2072,2074,1
19519,2072,2075,1
19520,2072,2076,1
19521,2072,2077,1
19522,2072,2078,1
19523,2072,2079,1
19524,2072,2080,1
19525,2072,2190,1
19526,2072,3910,1
19527,2073,2074,1
19528,2073,2075,1
19529,2073,2077,1
19530,2073,2078,1
19531,2073,2080,1
19532,2073,2081,1
19533,2073,3718,1
19534,2073,2253,1
19535,2073,2952,1
19536,2074,2075,1
19537,2074,2076,1
19538,2074,2078,1
19539,2074,2079,1
19540,2074,2080,1
19541,2074,2081,1
19542,2074,2082,1
19543,2074,3983,1
19544,2075,2076,1
19545,2075,2077,1
19546,2075,2078,1
19547,2075,2079,1
19548,2075,2080,1
19549,2075,2083,1
19550,2075,3505,1
19551,2075,3012,1
19552,2075,4346,1
19553,2076,2078,1
19554,2076,2080,1
19555,2076,2083,1
19556,2076,2084,1
19557,2076,4669,1
19558,2076,2723,1
19559,2076,4119,1
19560,2076,2937,1
19561,2076,4090,1
19562,2076,2907,1
19563,2077,2078,1
19564,2077,2079,1
19565,2077,2080,1
19566,2077,2081,1
19567,2077,2083,1
19568,2077,2084,1
19569,2077,2085,1
19570,2077,3773,1
19571,2078,2079,1
19572,2078,2080,1
19573,2078,2081,1
19574,2078,2082,1
19575,2078,2083,1
19576,2078,2084,1
19577,2078,2085,1
19578,2078,4473,1
19579,2078,2784,1
19580,2078,3321,1
19581,2078,2890,1
19582,2078,4913,1
19583,2079,2080,1
19584,2079,2082,1
19585,2079,2083,1
19586,2079,2084,1
19587,2079,2085,1
19588,2079,2086,1
19589,2079,2087,1
19590,2080,2081,1
19591,2080,2082,1
19592,2080,2083,1
19593,2080,2084,1
19594,2080,2087,1
19595,2080,2088,1
19596,2080,4513,1
19597,2080,2556,1
19598,2080,3955,1
19599,2081,2083,1
19600,2081,2084,1
19601,2081,2085,1
19602,2081,2086,1
19603,2081,2087,1
19604,2081,2089,1
19605,2081,2942,1
19606,2081,2886,1
19607,2082,2083,1
19608,2082,2084,1
19609,2082,2088,1
19610,2082,2089,1
19611,2082,2515,1
19612,2082,2639,1
19613,2082,2895,1
19614,2082,4660,1
19615,2082,2834,1
19616,2082,3233,1
19617,2083,2085,1
19618,2083,2087,1
19619,2083,2088,1
19620,2083,2090,1
19621,2083,3231,1
19622,2083,4265,1
19623,2083,4777,1
19624,2083,3302,1
19625,2084,2086,1
19626,2084,2088,1
19627,2084,2089,1
19628,2084,2091,1
19629,2084,2092,1
19630,2084,4539,1
19631,2084,3317,1
19632,2084,4458,1
19633,2084,4960,1
19634,2085,2086,1
19635,2085,2087,1
19636,2085,2088,1
19637,2085,2089,1
19638,2085,2090,1
19639,2085,2092,1
19640,2085,2093,1
19641,2085,3103,1
19642,2085,3902,1
19643,2086,2087,1
19644,2086,2088,1
19645,2086,2089,1
19646,2086,2090,1
19647,2086,2091,1
19648,2086,2092,1
19649,2086,2093,1
19650,2086,2094,1
19651,2087,2088,1
19652,2087,2089,1
19653,2087,2090,1
19654,2087,2091,1
19655,2087,2092,1
19656,2087,2093,1
19657,2087,2094,1
19658,2087,4577,1
19659,2087,4508,1
19660,2088,2089,1
19661,2088,2091,1
19662,2088,2093,1
19663,2088,2094,1
19664,2088,2095,1
19665,2088,3322,1
19666,2089,2091,1
19667,2089,2092,1
19668,2089,2093,1
19669,2089,2094,1
19670,2089,2096,1
19671,2089,4960,1
19672,2089,2720,1
19673,2090,2092,1
19674,2090,2093,1
19675,2090,2095,1
19676,2090,2096,1
19677,2090,2097,1
19678,2090,2098,1
19679,2090,4076,1
19680,2090,4722,1
19681,2090,4092,1
19682,2091,2092,1
19683,2091,2093,1
19684,2091,2094,1
19685,2091,2096,1
19686,2091,2097,1
19687,2091,2098,1
19688,2091,3201,1
19689,2091,2683,1
19690,2092,2093,1
19691,2092,2094,1
19692,2092,2095,1
19693,2092,2096,1
19694,2092,2097,1
19695,2092,2098,1
19696,2092,2099,1
19697,2092,2100,1
19698,2092,2627,1
19699,2092,2585,1
19700,2093,2094,1
19701,2093,2095,1
19702,2093,2096,1
19703,2093,2098,1
19704,2093,2099,1
19705,2093,2101,1
19706,2093,3537,1
19707,2093,4439,1
19708,2093,4342,1
19709,2094,2095,1
19710,2094,2097,1
19711,2094,2098,1
19712,2094,2100,1
19713,2094,2101,1
19714,2094,2102,1
19715,2094,4260,1
19716,2095,2096,1
19717,2095,2098,1
19718,2095,2099,1
19719,2095,2100,1
19720,2095,2103,1
19721,2095,3029,1
19722,2095,3235,1
19723,2095,2400,1
19724,2095,2559,1
19725,2096,2097,1
19726,2096,2098,1
19727,2096,2100,1
19728,2096,2101,1
19729,2096,2102,1
19730,2096,2103,1
19731,2096,2104,1
19732,2096,2356,1
19733,2097,2098,1
19734,2097,2099,1
19735,2097,2101,1
19736,2097,2102,1
19737,2097,2103,1
19738,2097,2104,1
19739,2097,2105,1
19740,2097,2495,1
19741,2097,4254,1
19742,2097,4334,1
19743,2097,3177,1
19744,2097,2351,1
19745,2098,2099,1
19746,2098,2100,1
19747,2098,2101,1
19748,2098,2102,1
19749,2098,2105,1
19750,2098,2106,1
19751,2098,4498,1
19752,2099,2100,1
19753,2099,2103,1
19754,2099,2106,1
19755,2099,2107,1
19756,2099,4092,1
19757,2099,4872,1
19758,2100,2101,1
19759,2100,2102,1
19760,2100,2104,1
19761,2100,2106,1
19762,2100,2107,1
19763,2100,4532,1
19764,2100,3052,1
19765,2100,4494,1
19766,2100,2529,1
19767,2101,2102,1
19768,2101,2105,1
19769,2101,2106,1
19770,2101,2108,1
19771,2101,2109,1
19772,2101,3439,1
19773,2101,2609,1
19774,2101,4934,1
19775,2102,2103,1
19776,2102,2104,1
19777,2102,2106,1
19778,2102,2107,1
19779,2102,2109,1
19780,2102,2110,1
19781,2102,4875,1
19782,2102,3099,1
19783,2102,4573,1
19784,2103,2104,1
19785,2103,2106,1
19786,2103,2108,1
19787,2103,2109,1
19788,2103,2111,1
19789,2103,4658,1
19790,2103,4978,1
19791,2104,2105,1
19792,2104,2107,1
19793,2104,2110,1
19794,2104,2111,1
19795,2104,2878,1
19796,2104,2332,1
19797,2104,2131,1
19798,2104,3561,1
19799,2105,2106,1
19800,2105,2107,1
19801,2105,2110,1
19802,2105,2111,1
19803,2105,2113,1
19804,2105,4797,1
19805,2105,2669,1
19806,2106,2107,1
19807,2106,2108,1
19808,2106,2109,1
19809,2106,2110,1
19810,2106,2112,1
19811,2106,2113,1
19812,2106,2114,1
19813,2106,3475,1
19814,2106,3314,1
19815,2107,2110,1
19816,2107,2111,1
19817,2107,2112,1
19818,2107,3629,1
19819,2107,3467,1
19820,2107,4249,1
19821,2107,4992,1
19822,2107,4633,1
19823,2108,2109,1
19824,2108,2110,1
19825,2108,2111,1
19826,2108,2112,1
19827,2108,2114,1
19828,2108,4934,1
19829,2108,4345,1
19830,2108,3816,1
19831,2108,3426,1
19832,2108,4858,1
19833,2109,2110,1
19834,2109,2112,1
19835,2109,2115,1
19836,2109,2116,1
19837,2109,4264,1
19838,2109,4721,1
19839,2109,4416,1
19840,2109,2413,1
19841,2110,2111,1
19842,2110,2114,1
19843,2110,2115,1
19844,2110,2116,1
19845,2110,4028,1
19846,2110,4426,1
19847,2111,2112,1
19848,2111,2113,1
19849,2111,2114,1
19850,2111,2116,1
19851,2111,2117,1
19852,2111,2118,1
19853,2111,2119,1
19854,2111,3142,1
19855,2111,4921,1
19856,2112,2113,1
19857,2112,2114,1
19858,2112,2115,1
19859,2112,2117,1
19860,2112,2118,1
19861,2112,2120,1
19862,2112,3156,1
19863,2113,2114,1
19864,2113,2116,1
19865,2113,2117,1
19866,2113,2118,1
19867,2113,2119,1
19868,2113,2120,1
19869,2113,2121,1
19870,2113,3350,1
19871,2113,4831,1
19872,2113,3338,1
19873,2114,2115,1
19874,2114,2117,1
19875,2114,2120,1
19876,2114,2121,1
19877,2114,2122,1
19878,2114,2978,1
19879,2114,2980,1
19880,2115,2118,1
19881,2115,2119,1
19882,2115,2122,1
19883,2115,2123,1
19884,2115,2273,1
19885,2116,2117,1
19886,2116,2118,1
19887,2116,2119,1
19888,2116,2121,1
19889,2116,2122,1
19890,2116,2123,1
19891,2116,2124,1
19892,2116,2213,1
19893,2116,4145,1
19894,2116,3759,1
19895,2117,2118,1
19896,2117,2120,1
19897,2117,2122,1
19898,2117,2123,1
19899,2117,2124,1
19900,2117,2842,1
19901,2117,4918,1
19902,2117,4429,1
19903,2118,2119,1
19904,2118,2120,1
19905,2118,2121,1
19906,2118,2124,1
19907,2118,2126,1
19908,2118,2343,1
19909,2118,4384,1
19910,2118,2471,1
19911,2119,2120,1
19912,2119,2121,1
19913,2119,2122,1
19914,2119,2123,1
19915,2119,2124,1
19916,2119,2125,1
19917,2119,2126,1
19918,2119,2127,1
19919,2119,2900,1
19920,2120,2121,1
19921,2120,2123,1
19922,2120,2126,1
19923,2120,2127,1
19924,2120,3267,1
19925,2120,3488,1
19926,2120,4479,1
19927,2120,4192,1
19928,2121,2122,1
19929,2121,2123,1
19930,2121,2124,1
19931,2121,2127,1
19932,2121,2128,1
19933,2121,2129,1
19934,2121,4661,1
19935,2121,2347,1
19936,2121,2491,1
19937,2122,2124,1
19938,2122,2125,1
19939,2122,2126,1
19940,2122,2127,1
19941,2122,2129,1
19942,2122,4219,1
19943,2122,2137,1
19944,2122,4679,1
19945,2123,2124,1
19946,2123,2126,1
19947,2123,2127,1
19948,2123,2129,1
19949,2123,3878,1
19950,2123,4528,1
19951,2123,3638,1
19952,2123,3736,1
19953,2124,2125,1
19954,2124,2127,1
19955,2124,2129,1
19956,2124,2131,1
19957,2124,2132,1
19958,2124,3652,1
19959,2125,2127,1
19960,2125,2128,1
19961,2125,2129,1
19962,2125,2130,1
19963,2125,3445,1
19964,2125,2777,1
19965,2126,2127,1
19966,2126,2129,1
19967,2126,2130,1
19968,2126,2131,1
19969,2126,2132,1
19970,2126,2133,1
19971,2126,3749,1
19972,2126,2882,1
19973,2127,2128,1
19974,2127,2129,1
19975,2127,2130,1
19976,2127,2131,1
19977,2127,2133,1
19978,2127,3833,1
19979,2127,3182,1
19980,2128,2131,1
19981,2128,2132,1
19982,2128,2133,1
19983,2128,2134,1
19984,2128,2135,1
19985,2128,4096,1
19986,2128,3044,1
19987,2129,2130,1
19988,2129,2134,1
19989,2129,2135,1
19990,2129,2136,1
19991,2129,2137,1
19992,2129,2550,1
19993,2129,4775,1
19994,2130,2132,1
19995,2130,2133,1
19996,2130,2135,1
19997,2130,2136,1
19998,2130,2137,1
19999,2130,2217,1
20000,2130,2236,1
20001,2130,3916,1
20002,2131,2132,1
20003,2131,2133,1
20004,2131,2134,1
20005,2131,2135,1
20006,2131,2136,1
20007,2131,2139,1
20008,2132,2134,1
20009,2132,2135,1
20010,2132,2138,1
20011,2132,2140,1
20012,2132,4850,1
20013,2132,3125,1
20014,2132,4574,1
20015,2132,2679,1
20016,2132,4946,1
20017,2132,3583,1
20018,2132,3080,1
20019,2133,2134,1
20020,2133,2135,1
20021,2133,2136,1
20022,2133,2138,1
20023,2133,2139,1
20024,2133,2140,1
20025,2133,3010,1
20026,2133,4927,1
20027,2134,2135,1
20028,2134,2137,1
20029,2134,2139,1
20030,2134,2140,1
20031,2134,2141,1
20032,2134,2142,1
20033,2134,2700,1
20034,2134,2214,1
20035,2135,2137,1
20036,2135,2138,1
20037,2135,2140,1
20038,2135,2141,1
20039,2135,2143,1
20040,2135,4997,1
20041,2135,4312,1
20042,2135,4152,1
20043,2136,2138,1
20044,2136,2141,1
20045,2136,2142,1
20046,2136,2144,1
20047,2136,3721,1
20048,2136,3902,1
20049,2136,4649,1
20050,2136,3922,1
20051,2136,2783,1
20052,2137,2138,1
20053,2137,2139,1
20054,2137,2142,1
20055,2137,2145,1
20056,2137,4354,1
20057,2137,4372,1
20058,2138,2140,1
20059,2138,2141,1
20060,2138,2142,1
20061,2138,2143,1
20062,2138,3830,1
20063,2138,2523,1
20064,2138,2639,1
20065,2138,3598,1
20066,2139,2142,1
20067,2139,2143,1
20068,2139,3646,1
20069,2139,3390,1
20070,2139,3732,1
20071,2139,3555,1
20072,2139,3838,1
20073,2139,2471,1
20074,2139,4985,1
20075,2139,3412,1
20076,2139,2225,1
20077,2140,2141,1
20078,2140,2142,1
20079,2140,2143,1
20080,2140,2144,1
20081,2140,2145,1
20082,2140,2146,1
20083,2140,2939,1
20084,2140,3222,1
20085,2140,2564,1
20086,2140,4942,1
20087,2141,2142,1
20088,2141,2143,1
20089,2141,2144,1
20090,2141,2145,1
20091,2141,2146,1
20092,2141,2148,1
20093,2141,2971,1
20094,2141,3536,1
20095,2142,2144,1
20096,2142,2145,1
20097,2142,2146,1
20098,2142,2148,1
20099,2142,4217,1
20100,2142,3269,1
20101,2142,3600,1
20102,2142,4126,1
20103,2143,2146,1
20104,2143,2147,1
20105,2143,2148,1
20106,2143,2150,1
20107,2143,2151,1
20108,2143,2856,1
20109,2143,3667,1
20110,2143,3737,1
20111,2143,3140,1
20112,2144,2145,1
20113,2144,2146,1
20114,2144,2148,1
20115,2144,2149,1
20116,2144,2150,1
20117,2144,2152,1
20118,2144,3319,1
20119,2144,3964,1
20120,2144,4451,1
20121,2145,2147,1
20122,2145,2149,1
20123,2145,2151,1
20124,2145,2152,1
20125,2145,2153,1
20126,2145,3727,1
20127,2145,3178,1
20128,2145,2932,1
20129,2145,4388,1
20130,2145,2231,1
20131,2146,2149,1
20132,2146,2150,1
20133,2146,2151,1
20134,2146,2152,1
20135,2146,2153,1
20136,2146,2154,1
20137,2146,4208,1
20138,2146,2207,1
20139,2147,2148,1
20140,2147,2149,1
20141,2147,2150,1
20142,2147,2152,1
20143,2147,2154,1
20144,2147,2155,1
20145,2147,4725,1
20146,2147,4979,1
20147,2148,2149,1
20148,2148,2150,1
20149,2148,2152,1
20150,2148,2153,1
20151,2148,2154,1
20152,2148,2155,1
20153,2148,2156,1
20154,2148,2688,1
20155,2148,3889,1
20156,2149,2151,1
20157,2149,2152,1
20158,2149,2153,1
20159,2149,2154,1
20160,2149,2155,1
20161,2149,2156,1
20162,2149,2285,1
20163,2149,4632,1
20164,2149,4451,1
20165,2149,3158,1
20166,2150,2151,1
20167,2150,2152,1
20168,2150,2154,1
20169,2150,2155,1
20170,2150,2157,1
20171,2150,2333,1
20172,2150,2350,1
20173,2150,4821,1
20174,2150,2498,1
20175,2150,4266,1
20176,2151,2152,1
20177,2151,2154,1
20178,2151,2155,1
20179,2151,2156,1
20180,2151,2157,1
20181,2151,2158,1
20182,2151,2159,1
20183,2151,3774,1
20184,2151,4059,1
20185,2152,2153,1
20186,2152,2155,1
20187,2152,2157,1
20188,2152,2159,1
20189,2152,2639,1
20190,2153,2154,1
20191,2153,2155,1
20192,2153,2156,1
20193,2153,2158,1
20194,2153,2159,1
20195,2153,2961,1
20196,2153,3465,1
20197,2154,2155,1
20198,2154,2156,1
20199,2154,2157,1
20200,2154,2158,1
20201,2154,2160,1
20202,2154,2161,1
20203,2154,2162,1
20204,2154,2728,1
20205,2154,4514,1
20206,2154,4294,1
20207,2155,2157,1
20208,2155,2158,1
20209,2155,2159,1
20210,2155,2160,1
20211,2155,2161,1
20212,2155,2162,1
20213,2155,2555,1
20214,2156,2157,1
20215,2156,2158,1
20216,2156,2159,1
20217,2156,2160,1
20218,2156,2161,1
20219,2156,2162,1
20220,2156,2163,1
20221,2156,4863,1
20222,2157,2158,1
20223,2157,2159,1
20224,2157,2161,1
20225,2157,2162,1
20226,2157,2163,1
20227,2157,2164,1
20228,2157,3626,1
20229,2157,2564,1
20230,2158,2159,1
20231,2158,2161,1
20232,2158,2163,1
20233,2158,2165,1
20234,2158,4099,1
20235,2158,4961,1
20236,2158,3744,1
20237,2158,2519,1
20238,2158,4176,1
20239,2159,2160,1
20240,2159,2162,1
20241,2159,2163,1
20242,2159,2165,1
20243,2159,2167,1
20244,2159,3510,1
20245,2159,4529,1
20246,2159,2349,1
20247,2159,4531,1
20248,2160,2161,1
20249,2160,2162,1
20250,2160,2163,1
20251,2160,2164,1
20252,2160,2166,1
20253,2160,2167,1
20254,2160,2168,1
20255,2161,2162,1
20256,2161,2163,1
20257,2161,2164,1
20258,2161,2165,1
20259,2161,2166,1
20260,2161,2167,1
20261,2161,2878,1
20262,2161,4458,1
20263,2161,3277,1
20264,2161,2346,1
20265,2162,2163,1
20266,2162,2164,1
20267,2162,2165,1
20268,2162,2169,1
20269,2162,2170,1
20270,2162,4626,1
20271,2162,4588,1
20272,2162,2378,1
20273,2163,2164,1
20274,2163,2167,1
20275,2163,2168,1
20276,2163,2170,1
20277,2163,2171,1
20278,2163,2172,1
20279,2163,4615,1
20280,2163,2262,1
20281,2164,2165,1
20282,2164,2166,1
20283,2164,2167,1
20284,2164,2168,1
20285,2164,2169,1
20286,2164,2170,1
20287,2164,2171,1
20288,2164,2172,1
20289,2164,4019,1
20290,2165,2167,1
20291,2165,2169,1
20292,2165,2170,1
20293,2165,2171,1
20294,2165,2172,1
20295,2165,2173,1
20296,2165,4526,1
20297,2166,2167,1
20298,2166,2168,1
20299,2166,2171,1
20300,2166,2172,1
20301,2166,2173,1
20302,2166,2174,1
20303,2166,3492,1
20304,2166,2664,1
20305,2167,2170,1
20306,2167,2171,1
20307,2167,2172,1
20308,2167,3224,1
20309,2167,4558,1
20310,2167,3874,1
20311,2167,4742,1
20312,2167,2472,1
20313,2167,2893,1
20314,2168,2169,1
20315,2168,2170,1
20316,2168,2171,1
20317,2168,2173,1
20318,2168,2174,1
20319,2168,4244,1
20320,2168,4774,1
20321,2168,3211,1
20322,2169,2170,1
20323,2169,2171,1
20324,2169,2172,1
20325,2169,2173,1
20326,2169,2175,1
20327,2169,2177,1
20328,2169,2786,1
20329,2169,4468,1
20330,2169,3372,1
20331,2170,2171,1
20332,2170,2173,1
20333,2170,2174,1
20334,2170,2175,1
20335,2170,2176,1
20336,2170,2178,1
20337,2170,3969,1
20338,2171,2173,1
20339,2171,2174,1
20340,2171,2175,1
20341,2171,2176,1
20342,2171,2177,1
20343,2171,2178,1
20344,2171,2179,1
20345,2171,2839,1
20346,2171,2911,1
20347,2172,2174,1
20348,2172,2177,1
20349,2172,2178,1
20350,2172,2179,1
20351,2172,2180,1
20352,2172,3128,1
20353,2172,4223,1
20354,2173,2174,1
20355,2173,2175,1
20356,2173,2176,1
20357,2173,2177,1
20358,2173,2178,1
20359,2173,2179,1
20360,2173,2181,1
20361,2173,2373,1
20362,2174,2176,1
20363,2174,2177,1
20364,2174,2178,1
20365,2174,2182,1
20366,2174,3045,1
20367,2174,4557,1
20368,2174,4481,1
20369,2174,4259,1
20370,2175,2176,1
20371,2175,2179,1
20372,2175,2180,1
20373,2175,2181,1
20374,2175,2182,1
20375,2175,4200,1
20376,2175,2717,1
20377,2175,3463,1
20378,2175,4701,1
20379,2176,2177,1
20380,2176,2180,1
20381,2176,2181,1
20382,2176,2183,1
20383,2176,2184,1
20384,2176,2682,1
20385,2176,3893,1
20386,2177,2178,1
20387,2177,2179,1
20388,2177,2183,1
20389,2177,2184,1
20390,2177,2185,1
20391,2177,3184,1
20392,2177,2659,1
20393,2177,4098,1
20394,2177,3873,1
20395,2178,2179,1
20396,2178,2180,1
20397,2178,2181,1
20398,2178,2182,1
20399,2178,2185,1
20400,2178,2186,1
20401,2178,4144,1
20402,2178,4310,1
20403,2178,3393,1
20404,2178,4531,1
20405,2179,2180,1
20406,2179,2181,1
20407,2179,2182,1
20408,2179,2183,1
20409,2179,2184,1
20410,2179,2185,1
20411,2179,2186,1
20412,2179,2187,1
20413,2179,2891,1
20414,2180,2181,1
20415,2180,2182,1
20416,2180,2183,1
20417,2180,2184,1
20418,2180,2186,1
20419,2180,2480,1
20420,2180,4017,1
20421,2180,3999,1
20422,2180,3336,1
20423,2181,2183,1
20424,2181,2184,1
20425,2181,2187,1
20426,2181,2189,1
20427,2181,3914,1
20428,2181,3295,1
20429,2181,2674,1
20430,2182,2184,1
20431,2182,2186,1
20432,2182,2187,1
20433,2182,2188,1
20434,2182,2190,1
20435,2182,2512,1
20436,2182,3992,1
20437,2182,2792,1
20438,2183,2184,1
20439,2183,2185,1
20440,2183,2186,1
20441,2183,2188,1
20442,2183,2191,1
20443,2183,2357,1
20444,2183,4725,1
20445,2183,4251,1
20446,2183,4875,1
20447,2184,2185,1
20448,2184,2186,1
20449,2184,2188,1
20450,2184,2190,1
20451,2184,2191,1
20452,2184,2192,1
20453,2184,2661,1
20454,2184,3810,1
20455,2185,2186,1
20456,2185,2187,1
20457,2185,2189,1
20458,2185,2191,1
20459,2185,3134,1
20460,2185,2511,1
20461,2185,4100,1
20462,2185,4952,1
20463,2185,2647,1
20464,2186,2189,1
20465,2186,2190,1
20466,2186,2191,1
20467,2186,2192,1
20468,2186,2193,1
20469,2186,2194,1
20470,2186,3974,1
20471,2186,4179,1
20472,2186,3912,1
20473,2187,2188,1
20474,2187,2189,1
20475,2187,2190,1
20476,2187,2191,1
20477,2187,2192,1
20478,2187,2193,1
20479,2187,2194,1
20480,2187,2195,1
20481,2187,3844,1
20482,2187,2908,1
20483,2187,3513,1
20484,2188,2189,1
20485,2188,2190,1
20486,2188,2192,1
20487,2188,2193,1
20488,2188,2194,1
20489,2188,2195,1
20490,2188,4724,1
20491,2188,2767,1
20492,2188,4932,1
20493,2189,2191,1
20494,2189,2195,1
20495,2189,2196,1
20496,2189,2197,1
20497,2189,4274,1
20498,2189,4524,1
20499,2189,4547,1
20500,2189,4745,1
20501,2190,2191,1
20502,2190,2193,1
20503,2190,2194,1
20504,2190,2195,1
20505,2190,2196,1
20506,2190,2197,1
20507,2190,2198,1
20508,2190,2754,1
20509,2190,3792,1
20510,2190,3886,1
20511,2190,4439,1
20512,2191,2192,1
20513,2191,2194,1
20514,2191,2195,1
20515,2191,2196,1
20516,2191,2197,1
20517,2191,2198,1
20518,2191,2199,1
20519,2191,4343,1
20520,2191,2509,1
20521,2191,4497,1
20522,2191,3261,1
20523,2192,2193,1
20524,2192,2194,1
20525,2192,2195,1
20526,2192,2196,1
20527,2192,2197,1
20528,2192,2198,1
20529,2192,2200,1
20530,2192,3414,1
20531,2192,3957,1
20532,2192,4756,1
20533,2193,2194,1
20534,2193,2195,1
20535,2193,2196,1
20536,2193,2197,1
20537,2193,2198,1
20538,2193,2199,1
20539,2193,2200,1
20540,2193,2201,1
20541,2194,2196,1
20542,2194,2197,1
20543,2194,2198,1
20544,2194,2199,1
20545,2194,2200,1
20546,2194,2201,1
20547,2194,2202,1
20548,2194,2409,1
20549,2194,4411,1
20550,2195,2197,1
20551,2195,2198,1
20552,2195,2200,1
20553,2195,2201,1
20554,2195,2202,1
20555,2195,2203,1
20556,2195,4903,1
20557,2195,2297,1
20558,2195,3794,1
20559,2196,2197,1
20560,2196,2198,1
20561,2196,2200,1
20562,2196,2201,1
20563,2196,2204,1
20564,2196,2282,1
20565,2196,4914,1
20566,2197,2198,1
20567,2197,2199,1
20568,2197,2202,1
20569,2197,2204,1
20570,2197,2705,1
20571,2198,2200,1
20572,2198,2201,1
20573,2198,2203,1
20574,2198,2204,1
20575,2198,4088,1
20576,2198,4894,1
20577,2198,3842,1
20578,2198,3499,1
20579,2198,4324,1
20580,2199,2200,1
20581,2199,2201,1
20582,2199,2202,1
20583,2199,2203,1
20584,2199,2204,1
20585,2199,2205,1
20586,2199,2207,1
20587,2199,2938,1
20588,2199,4578,1
20589,2200,2201,1
20590,2200,2202,1
20591,2200,2203,1
20592,2200,2204,1
20593,2200,2205,1
20594,2200,2206,1
20595,2200,2207,1
20596,2200,2208,1
20597,2200,4576,1
20598,2201,2202,1
20599,2201,2203,1
20600,2201,2205,1
20601,2201,2206,1
20602,2201,2207,1
20603,2201,2208,1
20604,2201,2209,1
20605,2201,4008,1
20606,2201,3252,1
20607,2201,2340,1
20608,2202,2204,1
20609,2202,2206,1
20610,2202,2207,1
20611,2202,2210,1
20612,2202,3058,1
20613,2202,4259,1
20614,2203,2205,1
20615,2203,2206,1
20616,2203,2208,1
20617,2203,2210,1
20618,2203,2211,1
20619,2203,3138,1
20620,2203,4094,1
20621,2203,2837,1
20622,2204,2207,1
20623,2204,2209,1
20624,2204,2211,1
20625,2204,3600,1
20626,2204,3788,1
20627,2204,2760,1
20628,2205,2207,1
20629,2205,2208,1
20630,2205,2209,1
20631,2205,2210,1
20632,2205,2211,1
20633,2205,2212,1
20634,2205,2213,1
20635,2206,2207,1
20636,2206,2209,1
20637,2206,2211,1
20638,2206,4484,1
20639,2206,2932,1
20640,2206,3548,1
20641,2206,3172,1
20642,2207,2208,1
20643,2207,2209,1
20644,2207,2211,1
20645,2207,2212,1
20646,2207,2213,1
20647,2207,3342,1
20648,2207,2340,1
20649,2207,2848,1
20650,2208,2209,1
20651,2208,2210,1
20652,2208,2215,1
20653,2208,4709,1
20654,2208,4628,1
20655,2208,3977,1
20656,2209,2210,1
20657,2209,2211,1
20658,2209,2214,1
20659,2209,2216,1
20660,2209,2217,1
20661,2209,4375,1
20662,2209,2758,1
20663,2209,4896,1
20664,2209,2717,1
20665,2209,3136,1
20666,2210,2211,1
20667,2210,2212,1
20668,2210,2214,1
20669,2210,2215,1
20670,2210,2216,1
20671,2210,2217,1
20672,2210,3959,1
20673,2210,4479,1
20674,2210,4521,1
20675,2210,4421,1
20676,2211,2214,1
20677,2211,2215,1
20678,2211,2217,1
20679,2211,3453,1
20680,2211,2628,1
20681,2212,2213,1
20682,2212,2217,1
20683,2212,2403,1
20684,2212,4083,1
20685,2212,3684,1
20686,2212,4251,1
20687,2212,2915,1
20688,2213,2214,1
20689,2213,2219,1
20690,2213,2220,1
20691,2213,2559,1
20692,2213,4011,1
20693,2213,2684,1
20694,2213,3642,1
20695,2213,2752,1
20696,2214,2215,1
20697,2214,2216,1
20698,2214,2219,1
20699,2214,2221,1
20700,2214,2222,1
20701,2214,4592,1
20702,2214,4882,1
20703,2214,3937,1
20704,2214,2251,1
20705,2214,3874,1
20706,2215,2217,1
20707,2215,2218,1
20708,2215,2219,1
20709,2215,2221,1
20710,2215,2222,1
20711,2215,2223,1
20712,2215,4547,1
20713,2215,4458,1
20714,2215,3927,1
20715,2216,2217,1
20716,2216,2218,1
20717,2216,2219,1
20718,2216,2220,1
20719,2216,2221,1
20720,2216,2222,1
20721,2216,2223,1
20722,2216,2224,1
20723,2216,2344,1
20724,2217,2218,1
20725,2217,2220,1
20726,2217,2221,1
20727,2217,2222,1
20728,2217,2223,1
20729,2217,2224,1
20730,2217,2225,1
20731,2217,3051,1
20732,2217,4710,1
20733,2217,3033,1
20734,2218,2219,1
20735,2218,2220,1
20736,2218,2221,1
20737,2218,2223,1
20738,2218,2224,1
20739,2218,2311,1
20740,2219,2220,1
20741,2219,2223,1
20742,2219,2224,1
20743,2219,2225,1
20744,2219,2227,1
20745,2219,4105,1
20746,2219,2882,1
20747,2219,2530,1
20748,2219,4709,1
20749,2220,2221,1
20750,2220,2222,1
20751,2220,2223,1
20752,2220,2225,1
20753,2220,2226,1
20754,2220,2227,1
20755,2220,2706,1
20756,2220,4308,1
20757,2221,2222,1
20758,2221,2223,1
20759,2221,2225,1
20760,2221,2229,1
20761,2221,2478,1
20762,2222,2223,1
20763,2222,2224,1
20764,2222,2225,1
20765,2222,2226,1
20766,2222,2228,1
20767,2222,4772,1
20768,2222,3447,1
20769,2223,2225,1
20770,2223,2228,1
20771,2223,2231,1
20772,2223,4584,1
20773,2223,3512,1
20774,2223,2639,1
20775,2223,2573,1
20776,2223,3665,1
20777,2223,3686,1
20778,2224,2225,1
20779,2224,2226,1
20780,2224,2228,1
20781,2224,2230,1
20782,2224,2231,1
20783,2224,2232,1
20784,2224,4912,1
20785,2224,4742,1
20786,2225,2226,1
20787,2225,2228,1
20788,2225,2229,1
20789,2225,2230,1
20790,2225,2231,1
20791,2225,2232,1
20792,2225,2233,1
20793,2225,2613,1
20794,2226,2227,1
20795,2226,2229,1
20796,2226,2230,1
20797,2226,2231,1
20798,2226,4797,1
20799,2226,3745,1
20800,2226,3422,1
20801,2226,4017,1
20802,2226,2404,1
20803,2226,3048,1
20804,2226,2324,1
20805,2227,2228,1
20806,2227,2229,1
20807,2227,2230,1
20808,2227,2232,1
20809,2227,2233,1
20810,2227,2234,1
20811,2227,2235,1
20812,2227,3600,1
20813,2228,2229,1
20814,2228,2230,1
20815,2228,2231,1
20816,2228,2233,1
20817,2228,2235,1
20818,2228,2236,1
20819,2228,3036,1
20820,2228,4092,1
20821,2229,2230,1
20822,2229,2231,1
20823,2229,2232,1
20824,2229,2233,1
20825,2229,2234,1
20826,2229,2235,1
20827,2229,2236,1
20828,2229,2237,1
20829,2229,3064,1
20830,2230,2231,1
20831,2230,2232,1
20832,2230,2233,1
20833,2230,2235,1
20834,2230,2236,1
20835,2230,2237,1
20836,2230,2238,1
20837,2230,2808,1
20838,2231,2232,1
20839,2231,2233,1
20840,2231,2235,1
20841,2231,2236,1
20842,2231,2237,1
20843,2231,2238,1
20844,2231,2239,1
20845,2231,2950,1
20846,2232,2233,1
20847,2232,2234,1
20848,2232,2235,1
20849,2232,2236,1
20850,2232,2237,1
20851,2232,2238,1
20852,2232,2239,1
20853,2233,2234,1
20854,2233,2235,1
20855,2233,2236,1
20856,2233,2239,1
20857,2233,2240,1
20858,2233,2241,1
20859,2233,3001,1
20860,2233,2397,1
20861,2233,2928,1
20862,2234,2235,1
20863,2234,2236,1
20864,2234,2237,1
20865,2234,2238,1
20866,2234,2241,1
20867,2234,2242,1
20868,2234,4271,1
20869,2234,3235,1
20870,2234,2501,1
20871,2234,2888,1
20872,2235,2236,1
20873,2235,2237,1
20874,2235,2238,1
20875,2235,2240,1
20876,2235,2241,1
20877,2235,2242,1
20878,2235,2243,1
20879,2235,3426,1
20880,2235,4512,1
20881,2236,2237,1
20882,2236,2238,1
20883,2236,2239,1
20884,2236,2240,1
20885,2236,2241,1
20886,2236,2242,1
20887,2236,2243,1
20888,2236,4611,1
20889,2237,2238,1
20890,2237,2239,1
20891,2237,2240,1
20892,2237,2241,1
20893,2237,2244,1
20894,2237,2245,1
20895,2237,3478,1
20896,2237,3359,1
20897,2237,3157,1
20898,2238,2239,1
20899,2238,2240,1
20900,2238,2241,1
20901,2238,2242,1
20902,2238,2243,1
20903,2238,2244,1
20904,2238,2245,1
20905,2239,2243,1
20906,2239,2245,1
20907,2239,2246,1
20908,2239,3921,1
20909,2239,3881,1
20910,2239,3744,1
20911,2239,4892,1
20912,2239,2756,1
20913,2239,4776,1
20914,2240,2242,1
20915,2240,2244,1
20916,2240,2246,1
20917,2240,2247,1
20918,2240,2248,1
20919,2240,3250,1
20920,2240,2453,1
20921,2240,3395,1
20922,2240,2446,1
20923,2241,2242,1
20924,2241,2244,1
20925,2241,2248,1
20926,2241,2249,1
20927,2241,2595,1
20928,2241,3208,1
20929,2241,2497,1
20930,2241,4084,1
20931,2242,2243,1
20932,2242,2244,1
20933,2242,2245,1
20934,2242,2246,1
20935,2242,2248,1
20936,2242,2249,1
20937,2242,4629,1
20938,2242,3596,1
20939,2242,3986,1
20940,2242,4151,1
20941,2242,4519,1
20942,2243,2245,1
20943,2243,2246,1
20944,2243,2247,1
20945,2243,2248,1
20946,2243,2249,1
20947,2243,2250,1
20948,2243,2251,1
20949,2243,4672,1
20950,2244,2247,1
20951,2244,2248,1
20952,2244,2249,1
20953,2244,2250,1
20954,2244,2251,1
20955,2244,4721,1
20956,2244,4108,1
20957,2244,2483,1
20958,2244,3078,1
20959,2244,2259,1
20960,2244,2875,1
20961,2244,3955,1
20962,2245,2246,1
20963,2245,2247,1
20964,2245,2248,1
20965,2245,2252,1
20966,2245,4893,1
20967,2246,2247,1
20968,2246,2249,1
20969,2246,2250,1
20970,2246,2252,1
20971,2246,2253,1
20972,2246,3898,1
20973,2246,2341,1
20974,2246,3935,1
20975,2247,2248,1
20976,2247,2249,1
20977,2247,2252,1
20978,2247,2253,1
20979,2247,2254,1
20980,2247,2255,1
20981,2247,4147,1
20982,2247,4919,1
20983,2247,3688,1
20984,2248,2249,1
20985,2248,2250,1
20986,2248,2251,1
20987,2248,2253,1
20988,2248,2254,1
20989,2248,2255,1
20990,2248,2256,1
20991,2248,4103,1
20992,2249,2250,1
20993,2249,2252,1
20994,2249,2253,1
20995,2249,2255,1
20996,2249,2256,1
20997,2249,2257,1
20998,2249,2653,1
20999,2249,2810,1
21000,2250,2252,1
21001,2250,2253,1
21002,2250,2254,1
21003,2250,2255,1
21004,2250,2256,1
21005,2250,2257,1
21006,2250,4963,1
21007,2250,4221,1
21008,2251,2252,1
21009,2251,2255,1
21010,2251,2256,1
21011,2251,2257,1
21012,2251,2258,1
21013,2251,2726,1
21014,2251,3122,1
21015,2252,2253,1
21016,2252,2254,1
21017,2252,2256,1
21018,2252,2257,1
21019,2252,2259,1
21020,2252,2260,1
21021,2252,2880,1
21022,2252,3206,1
21023,2253,2254,1
21024,2253,2255,1
21025,2253,2257,1
21026,2253,2258,1
21027,2253,2260,1
21028,2253,2477,1
21029,2254,2255,1
21030,2254,2257,1
21031,2254,2259,1
21032,2254,2260,1
21033,2254,2261,1
21034,2254,2262,1
21035,2255,2256,1
21036,2255,2258,1
21037,2255,2259,1
21038,2255,2262,1
21039,2255,2263,1
21040,2255,2317,1
21041,2255,4921,1
21042,2255,2565,1
21043,2256,2258,1
21044,2256,2259,1
21045,2256,2261,1
21046,2256,2262,1
21047,2256,2264,1
21048,2256,2933,1
21049,2256,4783,1
21050,2256,4809,1
21051,2256,4146,1
21052,2256,4336,1
21053,2256,4375,1
21054,2257,2258,1
21055,2257,2259,1
21056,2257,2262,1
21057,2257,2263,1
21058,2257,2264,1
21059,2257,2265,1
21060,2257,3047,1
21061,2257,4023,1
21062,2257,3031,1
21063,2258,2259,1
21064,2258,2260,1
21065,2258,2262,1
21066,2258,2264,1
21067,2258,2265,1
21068,2258,2266,1
21069,2258,4426,1
21070,2258,2700,1
21071,2258,4726,1
21072,2259,2260,1
21073,2259,2261,1
21074,2259,2262,1
21075,2259,2263,1
21076,2259,2265,1
21077,2259,2636,1
21078,2259,3836,1
21079,2259,3504,1
21080,2260,2263,1
21081,2260,2266,1
21082,2260,2267,1
21083,2260,3299,1
21084,2260,2697,1
21085,2260,3624,1
21086,2260,4886,1
21087,2260,3715,1
21088,2261,2262,1
21089,2261,2263,1
21090,2261,2264,1
21091,2261,2267,1
21092,2261,2268,1
21093,2261,4950,1
21094,2261,4484,1
21095,2261,4604,1
21096,2262,2263,1
21097,2262,2264,1
21098,2262,2267,1
21099,2262,2269,1
21100,2262,2940,1
21101,2262,4531,1
21102,2262,4240,1
21103,2262,3552,1
21104,2263,2264,1
21105,2263,2266,1
21106,2263,2267,1
21107,2263,2269,1
21108,2263,2270,1
21109,2263,3325,1
21110,2263,4891,1
21111,2263,3135,1
21112,2264,2265,1
21113,2264,2266,1
21114,2264,2268,1
21115,2264,2269,1
21116,2264,2270,1
21117,2264,2272,1
21118,2264,3206,1
21119,2264,4434,1
21120,2264,3049,1
21121,2264,3602,1
21122,2264,4809,1
21123,2265,2266,1
21124,2265,2267,1
21125,2265,2269,1
21126,2265,2270,1
21127,2265,3034,1
21128,2265,3287,1
21129,2265,3021,1
21130,2265,4041,1
21131,2266,2267,1
21132,2266,2268,1
21133,2266,2269,1
21134,2266,2270,1
21135,2266,2271,1
21136,2266,2273,1
21137,2266,2274,1
21138,2266,3179,1
21139,2266,3656,1
21140,2267,2268,1
21141,2267,2269,1
21142,2267,2270,1
21143,2267,2271,1
21144,2267,2272,1
21145,2267,2273,1
21146,2267,2274,1
21147,2267,2275,1
21148,2267,2739,1
21149,2268,2269,1
21150,2268,2270,1
21151,2268,2271,1
21152,2268,2272,1
21153,2268,2273,1
21154,2268,2274,1
21155,2268,2276,1
21156,2268,3482,1
21157,2269,2270,1
21158,2269,2273,1
21159,2269,2274,1
21160,2269,2275,1
21161,2269,4185,1
21162,2269,2850,1
21163,2270,2271,1
21164,2270,2273,1
21165,2270,2274,1
21166,2270,2276,1
21167,2270,2277,1
21168,2270,2718,1
21169,2270,3748,1
21170,2270,2521,1
21171,2271,2273,1
21172,2271,2274,1
21173,2271,2275,1
21174,2271,2276,1
21175,2271,2277,1
21176,2271,2278,1
21177,2271,2279,1
21178,2271,2324,1
21179,2271,4557,1
21180,2272,2273,1
21181,2272,2274,1
21182,2272,2275,1
21183,2272,2276,1
21184,2272,2277,1
21185,2272,2278,1
21186,2272,2279,1
21187,2272,2280,1
21188,2272,4009,1
21189,2272,3458,1
21190,2273,2274,1
21191,2273,2275,1
21192,2273,2277,1
21193,2273,2279,1
21194,2273,2280,1
21195,2273,2834,1
21196,2273,3001,1
21197,2273,3654,1
21198,2273,2969,1
21199,2274,2277,1
21200,2274,2278,1
21201,2274,4334,1
21202,2274,4672,1
21203,2274,4774,1
21204,2274,2374,1
21205,2274,3160,1
21206,2275,2276,1
21207,2275,2277,1
21208,2275,2280,1
21209,2275,2281,1
21210,2275,2283,1
21211,2275,2295,1
21212,2275,4165,1
21213,2275,4455,1
21214,2275,2841,1
21215,2275,3683,1
21216,2276,2278,1
21217,2276,2279,1
21218,2276,2280,1
21219,2276,2281,1
21220,2276,2282,1
21221,2276,2283,1
21222,2277,2278,1
21223,2277,2279,1
21224,2277,2280,1
21225,2277,2283,1
21226,2277,2284,1
21227,2277,2285,1
21228,2277,4197,1
21229,2278,2279,1
21230,2278,2281,1
21231,2278,2282,1
21232,2278,2283,1
21233,2278,2284,1
21234,2278,2285,1
21235,2278,3201,1
21236,2278,3500,1
21237,2279,2281,1
21238,2279,2282,1
21239,2279,2283,1
21240,2279,2284,1
21241,2279,2286,1
21242,2279,3003,1
21243,2279,3435,1
21244,2279,2639,1
21245,2279,4574,1
21246,2280,2281,1
21247,2280,2284,1
21248,2280,2285,1
21249,2280,2286,1
21250,2280,2287,1
21251,2280,4854,1
21252,2280,3870,1
21253,2280,3149,1
21254,2280,4130,1
21255,2280,4705,1
21256,2281,2282,1
21257,2281,2283,1
21258,2281,2284,1
21259,2281,2287,1
21260,2281,2289,1
21261,2281,3144,1
21262,2281,4064,1
21263,2281,2478,1
21264,2282,2283,1
21265,2282,2286,1
21266,2282,2287,1
21267,2282,2288,1
21268,2282,2289,1
21269,2282,4473,1
21270,2282,4546,1
21271,2282,2959,1
21272,2283,2285,1
21273,2283,2286,1
21274,2283,2288,1
21275,2283,2289,1
21276,2283,2291,1
21277,2283,2509,1
21278,2283,4090,1
21279,2283,2555,1
21280,2283,2665,1
21281,2283,4792,1
21282,2284,2285,1
21283,2284,2287,1
21284,2284,2288,1
21285,2284,2289,1
21286,2284,2290,1
21287,2284,2291,1
21288,2284,2292,1
21289,2284,3248,1
21290,2284,4686,1
21291,2285,2286,1
21292,2285,2287,1
21293,2285,2288,1
21294,2285,2289,1
21295,2285,2291,1
21296,2285,2292,1
21297,2285,2293,1
21298,2285,4669,1
21299,2285,2938,1
21300,2286,2287,1
21301,2286,2288,1
21302,2286,2289,1
21303,2286,2290,1
21304,2286,2291,1
21305,2286,2292,1
21306,2286,2294,1
21307,2286,3181,1
21308,2286,2301,1
21309,2287,2288,1
21310,2287,2290,1
21311,2287,2293,1
21312,2287,2294,1
21313,2287,3192,1
21314,2287,2524,1
21315,2287,4330,1
21316,2288,2291,1
21317,2288,2292,1
21318,2288,2293,1
21319,2288,2295,1
21320,2288,2296,1
21321,2288,3121,1
21322,2288,3465,1
21323,2289,2290,1
21324,2289,2292,1
21325,2289,2293,1
21326,2289,2295,1
21327,2289,2296,1
21328,2289,4104,1
21329,2289,3826,1
21330,2289,2734,1
21331,2290,2292,1
21332,2290,2293,1
21333,2290,2295,1
21334,2290,2296,1
21335,2290,2297,1
21336,2290,2298,1
21337,2290,4989,1
21338,2290,3654,1
21339,2291,2292,1
21340,2291,2293,1
21341,2291,2294,1
21342,2291,2295,1
21343,2291,2296,1
21344,2291,2297,1
21345,2291,2298,1
21346,2291,2299,1
21347,2291,4125,1
21348,2292,2293,1
21349,2292,2294,1
21350,2292,2296,1
21351,2292,2297,1
21352,2292,2298,1
21353,2292,2300,1
21354,2292,4081,1
21355,2292,2432,1
21356,2292,2712,1
21357,2293,2295,1
21358,2293,2296,1
21359,2293,2298,1
21360,2293,2299,1
21361,2293,2300,1
21362,2293,2301,1
21363,2293,3752,1
21364,2293,3186,1
21365,2293,4422,1
21366,2293,2648,1
21367,2294,2295,1
21368,2294,2297,1
21369,2294,2298,1
21370,2294,2299,1
21371,2294,2300,1
21372,2294,2302,1
21373,2294,2356,1
21374,2294,3160,1
21375,2295,2297,1
21376,2295,2298,1
21377,2295,2299,1
21378,2295,2300,1
21379,2295,2301,1
21380,2295,2303,1
21381,2295,2369,1
21382,2295,2617,1
21383,2295,3656,1
21384,2296,2298,1
21385,2296,2299,1
21386,2296,2300,1
21387,2296,2301,1
21388,2296,2302,1
21389,2296,2303,1
21390,2296,2304,1
21391,2296,4851,1
21392,2296,3343,1
21393,2297,2298,1
21394,2297,2299,1
21395,2297,2300,1
21396,2297,2301,1
21397,2297,2302,1
21398,2297,2303,1
21399,2297,2305,1
21400,2297,3983,1
21401,2298,2300,1
21402,2298,2301,1
21403,2298,2302,1
21404,2298,2303,1
21405,2298,2304,1
21406,2298,2305,1
21407,2298,2715,1
21408,2299,2300,1
21409,2299,2302,1
21410,2299,2304,1
21411,2299,2305,1
21412,2299,3953,1
21413,2299,4510,1
21414,2299,4459,1
21415,2300,2301,1
21416,2300,2302,1
21417,2300,2303,1
21418,2300,2305,1
21419,2300,2308,1
21420,2300,3523,1
21421,2300,4309,1
21422,2300,2494,1
21423,2301,2303,1
21424,2301,2304,1
21425,2301,2305,1
21426,2301,2306,1
21427,2301,2308,1
21428,2301,2309,1
21429,2301,3767,1
21430,2301,4972,1
21431,2301,3150,1
21432,2302,2304,1
21433,2302,2305,1
21434,2302,2306,1
21435,2302,2307,1
21436,2302,2309,1
21437,2302,2310,1
21438,2302,4961,1
21439,2302,3356,1
21440,2302,3106,1
21441,2302,4654,1
21442,2303,2304,1
21443,2303,2306,1
21444,2303,2309,1
21445,2303,2310,1
21446,2303,2311,1
21447,2303,3179,1
21448,2303,2786,1
21449,2303,3649,1
21450,2303,2338,1
21451,2304,2305,1
21452,2304,2306,1
21453,2304,2308,1
21454,2304,2311,1
21455,2304,2431,1
21456,2304,3480,1
21457,2304,2710,1
21458,2304,2666,1
21459,2305,2307,1
21460,2305,2310,1
21461,2305,2311,1
21462,2305,2312,1
21463,2305,2313,1
21464,2305,2669,1
21465,2306,2307,1
21466,2306,2308,1
21467,2306,2310,1
21468,2306,2311,1
21469,2306,2312,1
21470,2306,2314,1
21471,2306,2935,1
21472,2306,2970,1
21473,2307,2308,1
21474,2307,2309,1
21475,2307,2310,1
21476,2307,2311,1
21477,2307,2312,1
21478,2307,2313,1
21479,2307,2314,1
21480,2307,2315,1
21481,2307,4899,1
21482,2307,3043,1
21483,2308,2311,1
21484,2308,2312,1
21485,2308,2313,1
21486,2308,2315,1
21487,2308,2316,1
21488,2308,2435,1
21489,2308,2340,1
21490,2309,2310,1
21491,2309,2311,1
21492,2309,2312,1
21493,2309,2313,1
21494,2309,2314,1
21495,2309,2315,1
21496,2309,2316,1
21497,2309,3566,1
21498,2310,2311,1
21499,2310,2312,1
21500,2310,2314,1
21501,2310,2315,1
21502,2310,2316,1
21503,2310,2317,1
21504,2310,4000,1
21505,2310,4653,1
21506,2310,2368,1
21507,2311,2312,1
21508,2311,2313,1
21509,2311,2314,1
21510,2311,2315,1
21511,2311,2317,1
21512,2311,2319,1
21513,2311,4514,1
21514,2311,4686,1
21515,2311,4790,1
21516,2311,4994,1
21517,2312,2314,1
21518,2312,2315,1
21519,2312,2317,1
21520,2312,2318,1
21521,2312,2320,1
21522,2312,3298,1
21523,2312,4615,1
21524,2313,2314,1
21525,2313,2316,1
21526,2313,2318,1
21527,2313,2319,1
21528,2313,4667,1
21529,2313,4090,1
21530,2313,2516,1
21531,2313,4063,1
21532,2314,2315,1
21533,2314,2316,1
21534,2314,2318,1
21535,2314,2319,1
21536,2314,2321,1
21537,2314,2322,1
21538,2314,4404,1
21539,2315,2318,1
21540,2315,2319,1
21541,2315,2320,1
21542,2315,2321,1
21543,2315,2322,1
21544,2315,2542,1
21545,2315,4955,1
21546,2316,2317,1
21547,2316,2318,1
21548,2316,2319,1
21549,2316,2320,1
21550,2316,2322,1
21551,2316,4207,1
21552,2316,2924,1
21553,2317,2318,1
21554,2317,2320,1
21555,2317,2321,1
21556,2317,2322,1
21557,2317,2323,1
21558,2317,2325,1
21559,2317,3933,1
21560,2317,3496,1
21561,2317,3107,1
21562,2318,2319,1
21563,2318,2320,1
21564,2318,2321,1
21565,2318,2322,1
21566,2318,2323,1
21567,2318,2324,1
21568,2318,3951,1
21569,2318,3871,1
21570,2318,2488,1
21571,2319,2320,1
21572,2319,2321,1
21573,2319,2322,1
21574,2319,2323,1
21575,2319,2325,1
21576,2319,2326,1
21577,2319,2327,1
21578,2319,3796,1
21579,2319,4426,1
21580,2320,2321,1
21581,2320,2322,1
21582,2320,2323,1
21583,2320,2324,1
21584,2320,2326,1
21585,2320,2327,1
21586,2320,2328,1
21587,2321,2322,1
21588,2321,2323,1
21589,2321,2329,1
21590,2321,2379,1
21591,2321,2656,1
21592,2321,3968,1
21593,2321,2393,1
21594,2321,3481,1
21595,2322,2324,1
21596,2322,2325,1
21597,2322,2327,1
21598,2322,2328,1
21599,2322,2330,1
21600,2322,2431,1
21601,2322,4256,1
21602,2322,2782,1
21603,2322,3308,1
21604,2322,4042,1
21605,2323,2324,1
21606,2323,2326,1
21607,2323,2327,1
21608,2323,2328,1
21609,2323,2329,1
21610,2323,2330,1
21611,2323,4189,1
21612,2323,4611,1
21613,2323,3623,1
21614,2323,2854,1
21615,2324,2325,1
21616,2324,2327,1
21617,2324,2328,1
21618,2324,2329,1
21619,2324,2332,1
21620,2324,2823,1
21621,2324,4224,1
21622,2324,4991,1
21623,2325,2327,1
21624,2325,2328,1
21625,2325,2329,1
21626,2325,2330,1
21627,2325,2331,1
21628,2325,4943,1
21629,2325,3425,1
21630,2326,2327,1
21631,2326,2329,1
21632,2326,2330,1
21633,2326,2332,1
21634,2326,2333,1
21635,2326,2334,1
21636,2326,3455,1
21637,2326,2674,1
21638,2326,4133,1
21639,2327,2328,1
21640,2327,2329,1
21641,2327,2332,1
21642,2327,2335,1
21643,2327,3377,1
21644,2328,2329,1
21645,2328,2331,1
21646,2328,2332,1
21647,2328,2334,1
21648,2328,2335,1
21649,2328,2336,1
21650,2328,4774,1
21651,2328,4346,1
21652,2329,2331,1
21653,2329,2333,1
21654,2329,2336,1
21655,2329,2337,1
21656,2329,2625,1
21657,2329,3080,1
21658,2329,4918,1
21659,2329,4479,1
21660,2329,2844,1
21661,2330,2331,1
21662,2330,2332,1
21663,2330,2334,1
21664,2330,2336,1
21665,2330,2337,1
21666,2330,2338,1
21667,2330,2914,1
21668,2330,4100,1
21669,2331,2332,1
21670,2331,2333,1
21671,2331,2334,1
21672,2331,2335,1
21673,2331,2336,1
21674,2331,2337,1
21675,2331,2338,1
21676,2331,2515,1
21677,2331,4885,1
21678,2332,2333,1
21679,2332,2334,1
21680,2332,2335,1
21681,2332,2336,1
21682,2332,2338,1
21683,2332,2339,1
21684,2332,2340,1
21685,2332,3094,1
21686,2332,4524,1
21687,2332,4663,1
21688,2333,2338,1
21689,2333,2339,1
21690,2333,2340,1
21691,2333,2850,1
21692,2333,3881,1
21693,2333,2596,1
21694,2333,4277,1
21695,2333,3928,1
21696,2334,2335,1
21697,2334,2336,1
21698,2334,2337,1
21699,2334,2338,1
21700,2334,2339,1
21701,2334,2340,1
21702,2334,2341,1
21703,2334,2342,1
21704,2334,2776,1
21705,2335,2337,1
21706,2335,2338,1
21707,2335,2341,1
21708,2335,2342,1
21709,2335,2343,1
21710,2336,2338,1
21711,2336,2339,1
21712,2336,2341,1
21713,2336,2344,1
21714,2336,2826,1
21715,2337,2338,1
21716,2337,2339,1
21717,2337,2341,1
21718,2337,2342,1
21719,2337,2343,1
21720,2337,2344,1
21721,2337,4161,1
21722,2337,4346,1
21723,2338,2341,1
21724,2338,2342,1
21725,2338,2344,1
21726,2338,2345,1
21727,2338,4145,1
21728,2338,3684,1
21729,2339,2340,1
21730,2339,2341,1
21731,2339,2343,1
21732,2339,2344,1
21733,2339,2345,1
21734,2339,2346,1
21735,2339,2347,1
21736,2339,2848,1
21737,2339,4994,1
21738,2340,2342,1
21739,2340,2344,1
21740,2340,2348,1
21741,2340,4078,1
21742,2340,3045,1
21743,2340,3002,1
21744,2341,2342,1
21745,2341,2343,1
21746,2341,2344,1
21747,2341,2345,1
21748,2341,2347,1
21749,2341,2349,1
21750,2341,4335,1
21751,2342,2343,1
21752,2342,2346,1
21753,2342,2347,1
21754,2342,2348,1
21755,2342,2350,1
21756,2342,4747,1
21757,2343,2344,1
21758,2343,2345,1
21759,2343,2346,1
21760,2343,2347,1
21761,2343,2348,1
21762,2343,2349,1
21763,2343,2350,1
21764,2343,4554,1
21765,2343,3619,1
21766,2344,2345,1
21767,2344,2346,1
21768,2344,2347,1
21769,2344,2349,1
21770,2344,3496,1
21771,2344,3332,1
21772,2344,4372,1
21773,2345,2346,1
21774,2345,2347,1
21775,2345,2350,1
21776,2345,2351,1
21777,2345,2352,1
21778,2345,2353,1
21779,2345,2363,1
21780,2345,2519,1
21781,2345,3897,1
21782,2346,2347,1
21783,2346,2348,1
21784,2346,2349,1
21785,2346,2350,1
21786,2346,2351,1
21787,2346,2352,1
21788,2346,2353,1
21789,2346,4038,1
21790,2347,2349,1
21791,2347,2350,1
21792,2347,2352,1
21793,2347,2355,1
21794,2347,4968,1
21795,2347,3718,1
21796,2347,4420,1
21797,2347,3052,1
21798,2347,2765,1
21799,2348,2350,1
21800,2348,2352,1
21801,2348,2354,1
21802,2348,2355,1
21803,2348,2356,1
21804,2348,4937,1
21805,2349,2350,1
21806,2349,2353,1
21807,2349,2356,1
21808,2349,2357,1
21809,2349,4348,1
21810,2349,4789,1
21811,2350,2351,1
21812,2350,2352,1
21813,2350,2353,1
21814,2350,2354,1
21815,2350,2356,1
21816,2350,2357,1
21817,2350,2358,1
21818,2350,3900,1
21819,2351,2352,1
21820,2351,2354,1
21821,2351,2355,1
21822,2351,2359,1
21823,2351,4267,1
21824,2351,3541,1
21825,2351,2575,1
21826,2352,2353,1
21827,2352,2354,1
21828,2352,2355,1
21829,2352,2357,1
21830,2352,2358,1
21831,2352,2359,1
21832,2352,3082,1
21833,2352,3280,1
21834,2353,2354,1
21835,2353,2355,1
21836,2353,2356,1
21837,2353,2358,1
21838,2353,2359,1
21839,2353,2360,1
21840,2353,2361,1
21841,2353,3243,1
21842,2354,2356,1
21843,2354,2359,1
21844,2354,2360,1
21845,2354,2361,1
21846,2354,2362,1
21847,2354,2792,1
21848,2354,3199,1
21849,2355,2356,1
21850,2355,2357,1
21851,2355,2358,1
21852,2355,2360,1
21853,2355,2362,1
21854,2355,4486,1
21855,2355,3628,1
21856,2355,3207,1
21857,2355,3880,1
21858,2356,2357,1
21859,2356,2358,1
21860,2356,2359,1
21861,2356,2360,1
21862,2356,2363,1
21863,2356,2364,1
21864,2357,2359,1
21865,2357,2360,1
21866,2357,2363,1
21867,2357,2364,1
21868,2357,2365,1
21869,2357,3085,1
21870,2358,2359,1
21871,2358,2362,1
21872,2358,2363,1
21873,2358,2365,1
21874,2358,2366,1
21875,2358,2936,1
21876,2358,4819,1
21877,2358,4424,1
21878,2358,2796,1
21879,2359,2360,1
21880,2359,2362,1
21881,2359,2363,1
21882,2359,2364,1
21883,2359,2366,1
21884,2359,4665,1
21885,2359,2591,1
21886,2359,3665,1
21887,2359,4839,1
21888,2360,2361,1
21889,2360,2362,1
21890,2360,2363,1
21891,2360,2364,1
21892,2360,2365,1
21893,2360,2366,1
21894,2360,2367,1
21895,2360,2368,1
21896,2361,2362,1
21897,2361,2364,1
21898,2361,2365,1
21899,2361,2366,1
21900,2361,2367,1
21901,2361,2368,1
21902,2361,2369,1
21903,2362,2363,1
21904,2362,2364,1
21905,2362,2365,1
21906,2362,2366,1
21907,2362,2367,1
21908,2362,2368,1
21909,2362,2369,1
21910,2362,2370,1
21911,2362,4322,1
21912,2363,2364,1
21913,2363,2366,1
21914,2363,2367,1
21915,2363,2368,1
21916,2363,2369,1
21917,2363,2370,1
21918,2363,2371,1
21919,2363,2396,1
21920,2364,2365,1
21921,2364,2366,1
21922,2364,2367,1
21923,2364,2368,1
21924,2364,2371,1
21925,2364,4960,1
21926,2364,2782,1
21927,2364,3383,1
21928,2365,2367,1
21929,2365,2369,1
21930,2365,2370,1
21931,2365,2371,1
21932,2365,2372,1
21933,2365,4405,1
21934,2365,2552,1
21935,2365,4857,1
21936,2365,3321,1
21937,2366,2367,1
21938,2366,2369,1
21939,2366,2370,1
21940,2366,2371,1
21941,2366,2372,1
21942,2366,4781,1
21943,2366,3301,1
21944,2366,4996,1
21945,2366,4293,1
21946,2366,3816,1
21947,2366,4537,1
21948,2366,3055,1
21949,2367,2368,1
21950,2367,2370,1
21951,2367,2371,1
21952,2367,2373,1
21953,2367,2375,1
21954,2368,2369,1
21955,2368,2370,1
21956,2368,2371,1
21957,2368,2372,1
21958,2368,2373,1
21959,2368,2375,1
21960,2368,2789,1
21961,2368,4998,1
21962,2368,2958,1
21963,2368,3946,1
21964,2369,2370,1
21965,2369,2371,1
21966,2369,2375,1
21967,2369,2376,1
21968,2369,4985,1
21969,2369,4227,1
21970,2369,2803,1
21971,2370,2371,1
21972,2370,2372,1
21973,2370,2373,1
21974,2370,2376,1
21975,2370,2377,1
21976,2370,3615,1
21977,2370,4086,1
21978,2371,2372,1
21979,2371,2373,1
21980,2371,2375,1
21981,2371,2376,1
21982,2371,2377,1
21983,2371,2378,1
21984,2371,2906,1
21985,2371,2589,1
21986,2371,4144,1
21987,2371,2659,1
21988,2372,2373,1
21989,2372,2375,1
21990,2372,2377,1
21991,2372,2378,1
21992,2372,2379,1
21993,2372,4302,1
21994,2372,3163,1
21995,2372,2583,1
21996,2372,4988,1
21997,2373,2374,1
21998,2373,2375,1
21999,2373,2376,1
22000,2373,2377,1
22001,2373,2378,1
22002,2373,2381,1
22003,2373,4990,1
22004,2373,4940,1
22005,2374,2375,1
22006,2374,2376,1
22007,2374,2377,1
22008,2374,2379,1
22009,2374,2381,1
22010,2374,2382,1
22011,2374,4594,1
22012,2375,2377,1
22013,2375,2378,1
22014,2375,2379,1
22015,2375,2380,1
22016,2375,2383,1
22017,2375,2565,1
22018,2375,3218,1
22019,2375,2851,1
22020,2376,2377,1
22021,2376,2380,1
22022,2376,2381,1
22023,2376,2426,1
22024,2376,4192,1
22025,2376,4956,1
22026,2376,3684,1
22027,2376,3085,1
22028,2376,4144,1
22029,2376,2668,1
22030,2377,2378,1
22031,2377,2379,1
22032,2377,2380,1
22033,2377,2381,1
22034,2377,2383,1
22035,2377,2384,1
22036,2377,2385,1
22037,2378,2379,1
22038,2378,2380,1
22039,2378,2381,1
22040,2378,2383,1
22041,2378,2384,1
22042,2378,2385,1
22043,2378,2386,1
22044,2378,4833,1
22045,2378,4612,1
22046,2379,2383,1
22047,2379,2384,1
22048,2379,2385,1
22049,2379,2387,1
22050,2380,2381,1
22051,2380,2382,1
22052,2380,2383,1
22053,2380,2384,1
22054,2380,2385,1
22055,2380,2386,1
22056,2380,2387,1
22057,2380,2388,1
22058,2380,3401,1
22059,2380,2940,1
22060,2380,3712,1
22061,2381,2382,1
22062,2381,2384,1
22063,2381,2388,1
22064,2381,2389,1
22065,2381,4422,1
22066,2381,3189,1
22067,2381,3690,1
22068,2381,4225,1
22069,2381,2793,1
22070,2382,2384,1
22071,2382,2385,1
22072,2382,2386,1
22073,2382,2388,1
22074,2382,2389,1
22075,2382,2390,1
22076,2382,2843,1
22077,2382,3367,1
22078,2383,2384,1
22079,2383,2385,1
22080,2383,2390,1
22081,2383,2391,1
22082,2383,3282,1
22083,2383,4495,1
22084,2383,3301,1
22085,2383,2778,1
22086,2384,2385,1
22087,2384,2386,1
22088,2384,2387,1
22089,2384,2388,1
22090,2384,2389,1
22091,2384,2391,1
22092,2384,2392,1
22093,2384,2513,1
22094,2385,2386,1
22095,2385,2387,1
22096,2385,2389,1
22097,2385,2391,1
22098,2385,2392,1
22099,2385,2393,1
22100,2385,2752,1
22101,2385,4623,1
22102,2385,3142,1
22103,2386,2387,1
22104,2386,2388,1
22105,2386,2389,1
22106,2386,2392,1
22107,2386,2393,1
22108,2386,4397,1
22109,2387,2388,1
22110,2387,2389,1
22111,2387,2391,1
22112,2387,2393,1
22113,2387,2395,1
22114,2387,3579,1
22115,2388,2389,1
22116,2388,2390,1
22117,2388,2393,1
22118,2388,2395,1
22119,2388,2565,1
22120,2388,3020,1
22121,2388,3742,1
22122,2389,2390,1
22123,2389,2394,1
22124,2389,2395,1
22125,2389,2396,1
22126,2389,4448,1
22127,2389,4942,1
22128,2389,3328,1
22129,2389,4826,1
22130,2390,2392,1
22131,2390,2393,1
22132,2390,2394,1
22133,2390,2396,1
22134,2390,2397,1
22135,2390,3697,1
22136,2390,2700,1
22137,2390,2520,1
22138,2391,2392,1
22139,2391,2393,1
22140,2391,2394,1
22141,2391,2395,1
22142,2391,2397,1
22143,2391,2399,1
22144,2391,4291,1
22145,2391,3882,1
22146,2391,4669,1
22147,2391,4945,1
22148,2392,2393,1
22149,2392,2394,1
22150,2392,2396,1
22151,2392,2397,1
22152,2392,2398,1
22153,2392,2400,1
22154,2392,2948,1
22155,2392,3874,1
22156,2392,3395,1
22157,2393,2394,1
22158,2393,2395,1
22159,2393,2397,1
22160,2393,2398,1
22161,2393,2399,1
22162,2393,2401,1
22163,2393,4448,1
22164,2393,3546,1
22165,2394,2395,1
22166,2394,2397,1
22167,2394,2398,1
22168,2394,2399,1
22169,2394,2400,1
22170,2394,2401,1
22171,2394,2402,1
22172,2394,4277,1
22173,2394,2433,1
22174,2394,3261,1
22175,2395,2396,1
22176,2395,2397,1
22177,2395,2399,1
22178,2395,2400,1
22179,2395,2401,1
22180,2395,2402,1
22181,2395,2403,1
22182,2395,4571,1
22183,2395,3132,1
22184,2395,4306,1
22185,2396,2397,1
22186,2396,2399,1
22187,2396,2400,1
22188,2396,2401,1
22189,2396,2402,1
22190,2396,2936,1
22191,2396,4290,1
22192,2397,2399,1
22193,2397,2400,1
22194,2397,2403,1
22195,2397,2404,1
22196,2397,3912,1
22197,2397,2727,1
22198,2397,3243,1
22199,2397,3443,1
22200,2397,3495,1
22201,2397,4804,1
22202,2397,4750,1
22203,2398,2400,1
22204,2398,2401,1
22205,2398,2402,1
22206,2398,2403,1
22207,2398,2405,1
22208,2398,2406,1
22209,2398,3953,1
22210,2398,3023,1
22211,2399,2400,1
22212,2399,2401,1
22213,2399,2402,1
22214,2399,2407,1
22215,2399,2965,1
22216,2399,3007,1
22217,2399,3974,1
22218,2399,4185,1
22219,2399,4800,1
22220,2399,4066,1
22221,2400,2402,1
22222,2400,2403,1
22223,2400,2404,1
22224,2400,2405,1
22225,2400,2407,1
22226,2400,3672,1
22227,2400,2809,1
22228,2401,2404,1
22229,2401,2408,1
22230,2401,2409,1
22231,2401,4549,1
22232,2401,4392,1
22233,2401,2720,1
22234,2401,4545,1
22235,2401,4470,1
22236,2401,4622,1
22237,2402,2403,1
22238,2402,2404,1
22239,2402,2406,1
22240,2402,2408,1
22241,2402,2409,1
22242,2402,2410,1
22243,2402,2555,1
22244,2403,2404,1
22245,2403,2407,1
22246,2403,2410,1
22247,2403,2411,1
22248,2403,4706,1
22249,2403,4098,1
22250,2403,4009,1
22251,2403,2890,1
22252,2404,2405,1
22253,2404,2407,1
22254,2404,2409,1
22255,2404,2410,1
22256,2404,2412,1
22257,2404,3170,1
22258,2404,4376,1
22259,2404,2618,1
22260,2404,4201,1
22261,2404,4056,1
22262,2405,2408,1
22263,2405,2409,1
22264,2405,2410,1
22265,2405,2411,1
22266,2405,2413,1
22267,2405,4937,1
22268,2405,4395,1
22269,2405,4922,1
22270,2406,2408,1
22271,2406,2409,1
22272,2406,2410,1
22273,2406,2413,1
22274,2406,2414,1
22275,2406,4444,1
22276,2406,2898,1
22277,2407,2410,1
22278,2407,2411,1
22279,2407,2413,1
22280,2407,2414,1
22281,2407,2415,1
22282,2407,3897,1
22283,2407,3265,1
22284,2408,2409,1
22285,2408,2411,1
22286,2408,2412,1
22287,2408,2413,1
22288,2408,2414,1
22289,2408,2882,1
22290,2408,4242,1
22291,2409,2410,1
22292,2409,2411,1
22293,2409,2413,1
22294,2409,2415,1
22295,2409,2416,1
22296,2409,2417,1
22297,2409,3705,1
22298,2409,2490,1
22299,2410,2411,1
22300,2410,2412,1
22301,2410,2414,1
22302,2410,2415,1
22303,2410,2416,1
22304,2410,2417,1
22305,2410,4987,1
22306,2410,3294,1
22307,2410,3517,1
22308,2410,4464,1
22309,2410,3721,1
22310,2411,2412,1
22311,2411,2413,1
22312,2411,2414,1
22313,2411,2415,1
22314,2411,2417,1
22315,2411,2418,1
22316,2411,2419,1
22317,2411,4120,1
22318,2412,2413,1
22319,2412,2414,1
22320,2412,2415,1
22321,2412,2416,1
22322,2412,2417,1
22323,2412,2418,1
22324,2412,2419,1
22325,2412,2420,1
22326,2412,2699,1
22327,2413,2414,1
22328,2413,2415,1
22329,2413,2418,1
22330,2413,2419,1
22331,2413,2421,1
22332,2413,4576,1
22333,2413,3816,1
22334,2413,2573,1
22335,2414,2415,1
22336,2414,2416,1
22337,2414,2417,1
22338,2414,2418,1
22339,2414,2419,1
22340,2414,2420,1
22341,2414,2421,1
22342,2414,3296,1
22343,2415,2416,1
22344,2415,2417,1
22345,2415,2418,1
22346,2415,2419,1
22347,2415,2420,1
22348,2415,2421,1
22349,2415,2422,1
22350,2415,2423,1
22351,2415,2557,1
22352,2415,3750,1
22353,2415,4636,1
22354,2416,2417,1
22355,2416,2418,1
22356,2416,2419,1
22357,2416,2420,1
22358,2416,2422,1
22359,2416,2423,1
22360,2416,3632,1
22361,2416,2621,1
22362,2417,2418,1
22363,2417,2420,1
22364,2417,2421,1
22365,2417,2422,1
22366,2417,2423,1
22367,2417,2424,1
22368,2417,2425,1
22369,2418,2419,1
22370,2418,2420,1
22371,2418,2421,1
22372,2418,2422,1
22373,2418,2423,1
22374,2418,2425,1
22375,2418,3634,1
22376,2418,4895,1
22377,2418,4956,1
22378,2418,4006,1
22379,2418,4709,1
22380,2419,2420,1
22381,2419,2421,1
22382,2419,2423,1
22383,2419,2424,1
22384,2419,2425,1
22385,2419,2426,1
22386,2419,2427,1
22387,2419,3891,1
22388,2420,2421,1
22389,2420,2422,1
22390,2420,2423,1
22391,2420,2424,1
22392,2420,2426,1
22393,2420,2427,1
22394,2420,4973,1
22395,2420,4354,1
22396,2420,3294,1
22397,2421,2422,1
22398,2421,2425,1
22399,2421,2426,1
22400,2421,2427,1
22401,2421,4331,1
22402,2421,4017,1
22403,2421,3311,1
22404,2421,2660,1
22405,2422,2423,1
22406,2422,2424,1
22407,2422,2426,1
22408,2422,2428,1
22409,2422,2429,1
22410,2422,2430,1
22411,2422,2778,1
22412,2422,2896,1
22413,2423,2424,1
22414,2423,2427,1
22415,2423,2428,1
22416,2423,2429,1
22417,2423,2430,1
22418,2423,2431,1
22419,2423,3779,1
22420,2423,3515,1
22421,2423,2782,1
22422,2424,2425,1
22423,2424,2426,1
22424,2424,2428,1
22425,2424,2429,1
22426,2424,2430,1
22427,2424,2431,1
22428,2424,2432,1
22429,2425,2427,1
22430,2425,2428,1
22431,2425,2429,1
22432,2425,2431,1
22433,2425,2432,1
22434,2425,2433,1
22435,2425,3222,1
22436,2425,2544,1
22437,2425,2546,1
22438,2426,2428,1
22439,2426,2429,1
22440,2426,2430,1
22441,2426,2431,1
22442,2426,2432,1
22443,2426,2433,1
22444,2426,2434,1
22445,2426,2532,1
22446,2427,2428,1
22447,2427,2429,1
22448,2427,2430,1
22449,2427,2431,1
22450,2427,2434,1
22451,2427,2435,1
22452,2427,2560,1
22453,2427,3694,1
22454,2428,2429,1
22455,2428,2430,1
22456,2428,2431,1
22457,2428,2434,1
22458,2428,2435,1
22459,2428,2436,1
22460,2428,4551,1
22461,2428,2449,1
22462,2429,2431,1
22463,2429,2432,1
22464,2429,2433,1
22465,2429,2434,1
22466,2429,2435,1
22467,2429,2436,1
22468,2429,2437,1
22469,2429,3428,1
22470,2429,4594,1
22471,2429,4746,1
22472,2430,2431,1
22473,2430,2432,1
22474,2430,2433,1
22475,2430,2434,1
22476,2430,2435,1
22477,2430,2437,1
22478,2430,2438,1
22479,2431,2432,1
22480,2431,2433,1
22481,2431,2434,1
22482,2431,2435,1
22483,2431,2436,1
22484,2431,2437,1
22485,2431,2439,1
22486,2431,2512,1
22487,2432,2437,1
22488,2432,2438,1
22489,2432,2440,1
22490,2432,3093,1
22491,2432,4123,1
22492,2432,3159,1
22493,2432,2796,1
22494,2432,2843,1
22495,2432,2589,1
22496,2432,2950,1
22497,2432,2626,1
22498,2433,2434,1
22499,2433,2435,1
22500,2433,2438,1
22501,2433,2439,1
22502,2433,2440,1
22503,2433,2441,1
22504,2433,2654,1
22505,2433,4626,1
22506,2434,2435,1
22507,2434,2437,1
22508,2434,2438,1
22509,2434,2439,1
22510,2434,2440,1
22511,2434,2441,1
22512,2434,2442,1
22513,2434,3645,1
22514,2434,3184,1
22515,2435,2437,1
22516,2435,2439,1
22517,2435,2440,1
22518,2435,2442,1
22519,2435,2443,1
22520,2435,4847,1
22521,2435,2741,1
22522,2435,4362,1
22523,2435,4560,1
22524,2436,2437,1
22525,2436,2440,1
22526,2436,2441,1
22527,2436,2443,1
22528,2436,2444,1
22529,2436,4888,1
22530,2436,3488,1
22531,2436,4998,1
22532,2436,4416,1
22533,2437,2438,1
22534,2437,2439,1
22535,2437,3281,1
22536,2437,3602,1
22537,2437,3972,1
22538,2437,2674,1
22539,2437,4566,1
22540,2438,2440,1
22541,2438,2441,1
22542,2438,2442,1
22543,2438,2443,1
22544,2438,2444,1
22545,2438,2445,1
22546,2438,2446,1
22547,2438,2987,1
22548,2438,2861,1
22549,2438,4360,1
22550,2439,2440,1
22551,2439,2441,1
22552,2439,2442,1
22553,2439,2444,1
22554,2439,2445,1
22555,2439,2446,1
22556,2439,2447,1
22557,2440,2441,1
22558,2440,2442,1
22559,2440,2443,1
22560,2440,2444,1
22561,2440,2445,1
22562,2440,2446,1
22563,2440,2447,1
22564,2440,4460,1
22565,2440,3729,1
22566,2440,3634,1
22567,2441,2442,1
22568,2441,2443,1
22569,2441,2444,1
22570,2441,2445,1
22571,2441,2446,1
22572,2441,2449,1
22573,2441,2519,1
22574,2442,2443,1
22575,2442,2444,1
22576,2442,2445,1
22577,2442,2446,1
22578,2442,2448,1
22579,2442,2449,1
22580,2442,2450,1
22581,2442,4780,1
22582,2443,2445,1
22583,2443,2448,1
22584,2443,2449,1
22585,2443,2450,1
22586,2443,2451,1
22587,2443,2617,1
22588,2443,3237,1
22589,2443,2522,1
22590,2443,2484,1
22591,2444,2445,1
22592,2444,2447,1
22593,2444,2448,1
22594,2444,2449,1
22595,2444,2450,1
22596,2444,2451,1
22597,2444,2452,1
22598,2444,3189,1
22599,2444,4236,1
22600,2445,2446,1
22601,2445,2448,1
22602,2445,2449,1
22603,2445,2450,1
22604,2445,2452,1
22605,2445,3231,1
22606,2446,2448,1
22607,2446,2449,1
22608,2446,2450,1
22609,2446,2452,1
22610,2446,2453,1
22611,2446,4801,1
22612,2447,2449,1
22613,2447,2450,1
22614,2447,2452,1
22615,2447,4144,1
22616,2447,4445,1
22617,2447,2621,1
22618,2447,4162,1
22619,2447,4851,1
22620,2447,3900,1
22621,2448,2449,1
22622,2448,2453,1
22623,2448,2454,1
22624,2448,2455,1
22625,2448,2456,1
22626,2448,3720,1
22627,2449,2450,1
22628,2449,2451,1
22629,2449,2452,1
22630,2449,2453,1
22631,2449,2456,1
22632,2449,2457,1
22633,2449,3177,1
22634,2449,4234,1
22635,2449,3341,1
22636,2450,2451,1
22637,2450,2452,1
22638,2450,2453,1
22639,2450,2454,1
22640,2450,2455,1
22641,2450,2456,1
22642,2450,2457,1
22643,2451,2453,1
22644,2451,2454,1
22645,2451,2457,1
22646,2451,2459,1
22647,2451,2853,1
22648,2451,2779,1
22649,2451,4116,1
22650,2451,4337,1
22651,2452,2453,1
22652,2452,2454,1
22653,2452,2455,1
22654,2452,2456,1
22655,2452,2457,1
22656,2452,2458,1
22657,2452,2459,1
22658,2452,2460,1
22659,2452,2930,1
22660,2453,2454,1
22661,2453,2455,1
22662,2453,2456,1
22663,2453,2457,1
22664,2453,2458,1
22665,2453,2461,1
22666,2453,4503,1
22667,2453,4435,1
22668,2453,3511,1
22669,2453,3373,1
22670,2454,2456,1
22671,2454,2457,1
22672,2454,2458,1
22673,2454,2459,1
22674,2454,2461,1
22675,2454,2462,1
22676,2454,2828,1
22677,2454,4876,1
22678,2455,2456,1
22679,2455,2457,1
22680,2455,2458,1
22681,2455,2460,1
22682,2455,2461,1
22683,2455,2462,1
22684,2455,2463,1
22685,2456,2459,1
22686,2456,2460,1
22687,2456,2462,1
22688,2456,2463,1
22689,2456,2464,1
22690,2456,2714,1
22691,2456,3486,1
22692,2456,3011,1
22693,2456,4995,1
22694,2457,2459,1
22695,2457,2460,1
22696,2457,2462,1
22697,2457,2463,1
22698,2457,2464,1
22699,2457,4540,1
22700,2457,4430,1
22701,2457,4138,1
22702,2458,2459,1
22703,2458,2460,1
22704,2458,2462,1
22705,2458,2463,1
22706,2458,2464,1
22707,2458,2466,1
22708,2458,3821,1
22709,2458,2594,1
22710,2459,2464,1
22711,2459,2466,1
22712,2459,2467,1
22713,2459,2707,1
22714,2459,3226,1
22715,2460,2461,1
22716,2460,2463,1
22717,2460,2465,1
22718,2460,2466,1
22719,2460,2467,1
22720,2460,2468,1
22721,2460,3338,1
22722,2460,4819,1
22723,2461,2462,1
22724,2461,2464,1
22725,2461,2466,1
22726,2461,2467,1
22727,2461,2468,1
22728,2461,2469,1
22729,2461,2500,1
22730,2461,2735,1
22731,2461,4310,1
22732,2462,2465,1
22733,2462,2466,1
22734,2462,2467,1
22735,2462,2468,1
22736,2462,2469,1
22737,2462,4635,1
22738,2462,4696,1
22739,2462,4744,1
22740,2462,2527,1
22741,2462,3891,1
22742,2462,4344,1
22743,2463,2464,1
22744,2463,2465,1
22745,2463,2466,1
22746,2463,2469,1
22747,2463,2471,1
22748,2463,4605,1
22749,2463,4916,1
22750,2464,2465,1
22751,2464,2467,1
22752,2464,2468,1
22753,2464,2469,1
22754,2464,2470,1
22755,2464,2471,1
22756,2464,4162,1
22757,2464,3927,1
22758,2464,2994,1
22759,2465,2467,1
22760,2465,2468,1
22761,2465,2470,1
22762,2465,2471,1
22763,2465,2472,1
22764,2465,2473,1
22765,2465,4251,1
22766,2465,4746,1
22767,2465,3875,1
22768,2466,2467,1
22769,2466,2471,1
22770,2466,2473,1
22771,2466,2474,1
22772,2466,3305,1
22773,2466,4107,1
22774,2466,4773,1
22775,2466,4333,1
22776,2467,2471,1
22777,2467,2475,1
22778,2467,4344,1
22779,2467,4406,1
22780,2467,4129,1
22781,2467,4571,1
22782,2467,4391,1
22783,2467,3510,1
22784,2467,4786,1
22785,2468,2469,1
22786,2468,2470,1
22787,2468,2471,1
22788,2468,2472,1
22789,2468,2473,1
22790,2468,2474,1
22791,2468,2475,1
22792,2468,2476,1
22793,2469,2470,1
22794,2469,2471,1
22795,2469,2472,1
22796,2469,2473,1
22797,2469,2475,1
22798,2469,3547,1
22799,2469,3029,1
22800,2470,2471,1
22801,2470,2473,1
22802,2470,2474,1
22803,2470,2475,1
22804,2470,2476,1
22805,2470,2477,1
22806,2470,2478,1
22807,2470,2978,1
22808,2470,4669,1
22809,2470,2531,1
22810,2470,4156,1
22811,2471,2473,1
22812,2471,2474,1
22813,2471,2476,1
22814,2471,2478,1
22815,2471,2479,1
22816,2471,3985,1
22817,2471,4258,1
22818,2472,2474,1
22819,2472,2475,1
22820,2472,2478,1
22821,2472,2479,1
22822,2472,2480,1
22823,2472,4835,1
22824,2472,4688,1
22825,2472,3695,1
22826,2473,2475,1
22827,2473,2476,1
22828,2473,2477,1
22829,2473,2478,1
22830,2473,2479,1
22831,2473,2481,1
22832,2473,3073,1
22833,2473,2965,1
22834,2474,2475,1
22835,2474,2476,1
22836,2474,2477,1
22837,2474,2478,1
22838,2474,2479,1
22839,2474,2480,1
22840,2474,2481,1
22841,2475,2476,1
22842,2475,2477,1
22843,2475,2478,1
22844,2475,2479,1
22845,2475,2480,1
22846,2475,2481,1
22847,2475,2482,1
22848,2475,2483,1
22849,2475,3704,1
22850,2475,4751,1
22851,2476,2477,1
22852,2476,2478,1
22853,2476,2479,1
22854,2476,2480,1
22855,2476,2481,1
22856,2476,2482,1
22857,2476,2483,1
22858,2476,2484,1
22859,2476,4548,1
22860,2477,2479,1
22861,2477,2480,1
22862,2477,2482,1
22863,2477,2484,1
22864,2477,2485,1
22865,2477,3682,1
22866,2477,2929,1
22867,2477,3832,1
22868,2478,2479,1
22869,2478,2480,1
22870,2478,2481,1
22871,2478,2482,1
22872,2478,2486,1
22873,2478,4243,1
22874,2478,3386,1
22875,2479,2480,1
22876,2479,2481,1
22877,2479,2482,1
22878,2479,2483,1
22879,2479,2484,1
22880,2479,2485,1
22881,2479,2487,1
22882,2480,2482,1
22883,2480,2483,1
22884,2480,2484,1
22885,2480,2486,1
22886,2480,2488,1
22887,2480,2798,1
22888,2480,2580,1
22889,2481,2482,1
22890,2481,2484,1
22891,2481,2486,1
22892,2481,2487,1
22893,2481,2488,1
22894,2481,2489,1
22895,2481,4130,1
22896,2481,2840,1
22897,2482,2484,1
22898,2482,2486,1
22899,2482,2487,1
22900,2482,2488,1
22901,2482,2489,1
22902,2482,2490,1
22903,2482,3214,1
22904,2482,3466,1
22905,2483,2485,1
22906,2483,2488,1
22907,2483,2489,1
22908,2483,2490,1
22909,2483,4874,1
22910,2483,3693,1
22911,2484,2488,1
22912,2484,2490,1
22913,2484,2491,1
22914,2484,4072,1
22915,2484,3726,1
22916,2484,3288,1
22917,2484,3004,1
22918,2485,2486,1
22919,2485,2487,1
22920,2485,2488,1
22921,2485,2490,1
22922,2485,2491,1
22923,2485,2492,1
22924,2485,2493,1
22925,2485,2910,1
22926,2485,4441,1
22927,2486,2487,1
22928,2486,2488,1
22929,2486,2489,1
22930,2486,2490,1
22931,2486,2491,1
22932,2486,2493,1
22933,2486,2494,1
22934,2486,3639,1
22935,2486,4309,1
22936,2486,4657,1
22937,2486,4400,1
22938,2487,2488,1
22939,2487,2489,1
22940,2487,2490,1
22941,2487,2491,1
22942,2487,2492,1
22943,2487,2495,1
22944,2487,2896,1
22945,2488,2489,1
22946,2488,2490,1
22947,2488,2493,1
22948,2488,2494,1
22949,2488,2495,1
22950,2488,2496,1
22951,2488,3236,1
22952,2488,2922,1
22953,2488,3504,1
22954,2489,2490,1
22955,2489,2491,1
22956,2489,2492,1
22957,2489,2493,1
22958,2489,2496,1
22959,2489,2507,1
22960,2489,4596,1
22961,2490,2491,1
22962,2490,2492,1
22963,2490,2493,1
22964,2490,2495,1
22965,2490,2497,1
22966,2490,4788,1
22967,2490,4184,1
22968,2491,2493,1
22969,2491,2496,1
22970,2491,2499,1
22971,2491,2792,1
22972,2491,3214,1
22973,2491,4770,1
22974,2491,3444,1
22975,2491,4737,1
22976,2491,4830,1
22977,2492,2493,1
22978,2492,2495,1
22979,2492,2496,1
22980,2492,3728,1
22981,2492,4392,1
22982,2492,3991,1
22983,2492,3130,1
22984,2493,2495,1
22985,2493,2496,1
22986,2493,2497,1
22987,2493,2498,1
22988,2493,2499,1
22989,2493,2500,1
22990,2493,2501,1
22991,2493,4723,1
22992,2493,3616,1
22993,2494,2495,1
22994,2494,2496,1
22995,2494,2497,1
22996,2494,2498,1
22997,2494,2499,1
22998,2494,2501,1
22999,2494,2502,1
23000,2495,2496,1
23001,2495,2498,1
23002,2495,2501,1
23003,2495,2502,1
23004,2495,2670,1
23005,2495,3209,1
23006,2495,4914,1
23007,2496,2498,1
23008,2496,2499,1
23009,2496,2500,1
23010,2496,2501,1
23011,2496,2502,1
23012,2496,2503,1
23013,2496,2504,1
23014,2496,3742,1
23015,2497,2499,1
23016,2497,2500,1
23017,2497,2503,1
23018,2497,2505,1
23019,2497,3676,1
23020,2497,3270,1
23021,2498,2499,1
23022,2498,2500,1
23023,2498,2503,1
23024,2498,2504,1
23025,2498,2506,1
23026,2498,4637,1
23027,2498,3805,1
23028,2498,2535,1
23029,2499,2500,1
23030,2499,2504,1
23031,2499,2505,1
23032,2499,2506,1
23033,2499,4129,1
23034,2499,3029,1
23035,2499,3198,1
23036,2500,2501,1
23037,2500,2504,1
23038,2500,2505,1
23039,2500,2507,1
23040,2500,4049,1
23041,2500,4618,1
23042,2500,3189,1
23043,2501,2503,1
23044,2501,2504,1
23045,2501,2505,1
23046,2501,2506,1
23047,2501,2507,1
23048,2501,2509,1
23049,2501,3855,1
23050,2502,2503,1
23051,2502,2504,1
23052,2502,2507,1
23053,2502,2510,1
23054,2502,2659,1
23055,2502,4956,1
23056,2502,3674,1
23057,2502,2845,1
23058,2503,2504,1
23059,2503,2505,1
23060,2503,2506,1
23061,2503,2508,1
23062,2503,2509,1
23063,2503,2511,1
23064,2503,4945,1
23065,2503,3713,1
23066,2503,3494,1
23067,2503,3681,1
23068,2504,2505,1
23069,2504,2507,1
23070,2504,2508,1
23071,2504,2509,1
23072,2504,2510,1
23073,2504,2511,1
23074,2504,2512,1
23075,2504,4823,1
23076,2505,2506,1
23077,2505,2507,1
23078,2505,2509,1
23079,2505,2510,1
23080,2505,2511,1
23081,2505,4339,1
23082,2505,3240,1
23083,2506,2508,1
23084,2506,2509,1
23085,2506,2511,1
23086,2506,2512,1
23087,2506,2513,1
23088,2506,2514,1
23089,2507,2508,1
23090,2507,2510,1
23091,2507,2511,1
23092,2507,2512,1
23093,2507,2513,1
23094,2507,2514,1
23095,2507,2515,1
23096,2507,4342,1
23097,2508,2509,1
23098,2508,2510,1
23099,2508,2511,1
23100,2508,2512,1
23101,2508,2513,1
23102,2508,2514,1
23103,2508,2516,1
23104,2508,3825,1
23105,2508,3177,1
23106,2508,4947,1
23107,2509,2510,1
23108,2509,2511,1
23109,2509,2512,1
23110,2509,2513,1
23111,2509,2515,1
23112,2509,2725,1
23113,2509,4148,1
23114,2510,2511,1
23115,2510,2513,1
23116,2510,2514,1
23117,2510,2515,1
23118,2510,2516,1
23119,2510,2517,1
23120,2510,2846,1
23121,2510,3207,1
23122,2511,2512,1
23123,2511,2513,1
23124,2511,2516,1
23125,2511,2517,1
23126,2511,2519,1
23127,2511,3457,1
23128,2512,2513,1
23129,2512,2515,1
23130,2512,2519,1
23131,2512,2968,1
23132,2512,4923,1
23133,2512,3668,1
23134,2512,4241,1
23135,2512,4662,1
23136,2512,3662,1
23137,2513,2516,1
23138,2513,2518,1
23139,2513,2520,1
23140,2513,2521,1
23141,2513,4130,1
23142,2513,3905,1
23143,2513,3041,1
23144,2514,2515,1
23145,2514,2516,1
23146,2514,2518,1
23147,2514,2519,1
23148,2514,2520,1
23149,2514,4146,1
23150,2514,3133,1
23151,2514,4658,1
23152,2515,2519,1
23153,2515,2520,1
23154,2515,2521,1
23155,2515,4123,1
23156,2515,4725,1
23157,2516,2517,1
23158,2516,2518,1
23159,2516,2519,1
23160,2516,2520,1
23161,2516,2521,1
23162,2516,2522,1
23163,2516,2523,1
23164,2516,3521,1
23165,2516,4197,1
23166,2516,3265,1
23167,2517,2519,1
23168,2517,2520,1
23169,2517,2521,1
23170,2517,2522,1
23171,2517,2523,1
23172,2517,2524,1
23173,2517,2525,1
23174,2517,4102,1
23175,2518,2519,1
23176,2518,2520,1
23177,2518,2522,1
23178,2518,2523,1
23179,2518,2524,1
23180,2518,2525,1
23181,2518,2526,1
23182,2518,3319,1
23183,2519,2523,1
23184,2519,2524,1
23185,2519,2526,1
23186,2519,2527,1
23187,2519,3660,1
23188,2519,4222,1
23189,2519,3131,1
23190,2520,2521,1
23191,2520,2522,1
23192,2520,2526,1
23193,2520,2528,1
23194,2520,3535,1
23195,2520,4554,1
23196,2521,2522,1
23197,2521,2523,1
23198,2521,2524,1
23199,2521,2526,1
23200,2521,2527,1
23201,2521,2528,1
23202,2522,2523,1
23203,2522,2524,1
23204,2522,2526,1
23205,2522,2529,1
23206,2522,2530,1
23207,2522,4571,1
23208,2523,2528,1
23209,2523,2529,1
23210,2523,2530,1
23211,2523,2531,1
23212,2523,3263,1
23213,2523,4933,1
23214,2524,2525,1
23215,2524,2526,1
23216,2524,2527,1
23217,2524,2528,1
23218,2524,2530,1
23219,2524,2532,1
23220,2524,4660,1
23221,2524,2948,1
23222,2525,2526,1
23223,2525,2527,1
23224,2525,2529,1
23225,2525,2530,1
23226,2525,2531,1
23227,2525,2533,1
23228,2525,4053,1
23229,2525,3727,1
23230,2526,2527,1
23231,2526,2529,1
23232,2526,2530,1
23233,2526,2531,1
23234,2526,2534,1
23235,2526,2717,1
23236,2526,4228,1
23237,2526,3408,1
23238,2526,2638,1
23239,2527,2528,1
23240,2527,2531,1
23241,2527,2532,1
23242,2527,2533,1
23243,2527,2535,1
23244,2527,2912,1
23245,2527,3108,1
23246,2528,2529,1
23247,2528,2530,1
23248,2528,2531,1
23249,2528,2532,1
23250,2528,2533,1
23251,2528,2534,1
23252,2528,2535,1
23253,2528,2536,1
23254,2528,3826,1
23255,2529,2530,1
23256,2529,2531,1
23257,2529,2532,1
23258,2529,2534,1
23259,2529,2535,1
23260,2529,2536,1
23261,2529,2877,1
23262,2529,4210,1
23263,2529,4264,1
23264,2530,2532,1
23265,2530,2534,1
23266,2530,2535,1
23267,2530,2537,1
23268,2530,4308,1
23269,2530,3442,1
23270,2531,2533,1
23271,2531,2536,1
23272,2531,2538,1
23273,2531,2539,1
23274,2531,3408,1
23275,2531,4752,1
23276,2531,4088,1
23277,2531,3304,1
23278,2532,2533,1
23279,2532,2535,1
23280,2532,2536,1
23281,2532,2537,1
23282,2532,2539,1
23283,2532,2540,1
23284,2533,2534,1
23285,2533,2535,1
23286,2533,2536,1
23287,2533,2537,1
23288,2533,2539,1
23289,2533,2540,1
23290,2533,2541,1
23291,2533,4824,1
23292,2534,2536,1
23293,2534,2538,1
23294,2534,2540,1
23295,2534,2541,1
23296,2534,2542,1
23297,2534,4853,1
23298,2534,2997,1
23299,2535,2536,1
23300,2535,2537,1
23301,2535,2539,1
23302,2535,2541,1
23303,2535,2542,1
23304,2535,2543,1
23305,2535,2799,1
23306,2535,4648,1
23307,2535,3664,1
23308,2535,2687,1
23309,2536,2537,1
23310,2536,2538,1
23311,2536,2539,1
23312,2536,2540,1
23313,2536,2541,1
23314,2536,2542,1
23315,2536,2543,1
23316,2536,3660,1
23317,2537,2538,1
23318,2537,2539,1
23319,2537,2540,1
23320,2537,2543,1
23321,2537,2544,1
23322,2537,2545,1
23323,2537,2896,1
23324,2537,2954,1
23325,2537,3328,1
23326,2538,2540,1
23327,2538,2541,1
23328,2538,2543,1
23329,2538,2544,1
23330,2538,2546,1
23331,2538,3389,1
23332,2538,3888,1
23333,2539,2540,1
23334,2539,2541,1
23335,2539,2542,1
23336,2539,2546,1
23337,2539,2547,1
23338,2539,4667,1
23339,2539,3046,1
23340,2539,3528,1
23341,2540,2542,1
23342,2540,2544,1
23343,2540,2545,1
23344,2540,2547,1
23345,2540,2548,1
23346,2540,3164,1
23347,2540,2815,1
23348,2541,2543,1
23349,2541,2544,1
23350,2541,2545,1
23351,2541,2546,1
23352,2541,2547,1
23353,2541,2548,1
23354,2541,2549,1
23355,2541,4779,1
23356,2541,3768,1
23357,2542,2543,1
23358,2542,2545,1
23359,2542,2546,1
23360,2542,2548,1
23361,2542,2549,1
23362,2542,2550,1
23363,2542,2653,1
23364,2542,4551,1
23365,2543,2545,1
23366,2543,2547,1
23367,2543,2548,1
23368,2543,2549,1
23369,2543,2551,1
23370,2543,4761,1
23371,2544,2547,1
23372,2544,2548,1
23373,2544,2549,1
23374,2544,2550,1
23375,2544,2551,1
23376,2544,2552,1
23377,2544,4970,1
23378,2544,2652,1
23379,2545,2546,1
23380,2545,2547,1
23381,2545,2549,1
23382,2545,2550,1
23383,2545,2551,1
23384,2545,2552,1
23385,2545,2553,1
23386,2545,3083,1
23387,2546,2548,1
23388,2546,2549,1
23389,2546,2550,1
23390,2546,2551,1
23391,2546,2553,1
23392,2546,4044,1
23393,2546,2817,1
23394,2546,2752,1
23395,2547,2548,1
23396,2547,2549,1
23397,2547,2551,1
23398,2547,2552,1
23399,2547,2553,1
23400,2547,2554,1
23401,2547,2555,1
23402,2547,3572,1
23403,2547,3653,1
23404,2548,2549,1
23405,2548,2550,1
23406,2548,2552,1
23407,2548,2553,1
23408,2548,2554,1
23409,2548,2555,1
23410,2548,2913,1
23411,2549,2550,1
23412,2549,2551,1
23413,2549,2553,1
23414,2549,2556,1
23415,2549,2557,1
23416,2549,3991,1
23417,2549,4941,1
23418,2550,2551,1
23419,2550,2552,1
23420,2550,2554,1
23421,2550,2555,1
23422,2550,2556,1
23423,2550,2557,1
23424,2550,2558,1
23425,2550,4174,1
23426,2550,4206,1
23427,2551,2552,1
23428,2551,2553,1
23429,2551,2554,1
23430,2551,2555,1
23431,2551,2556,1
23432,2551,2557,1
23433,2551,2558,1
23434,2551,2559,1
23435,2551,2898,1
23436,2552,2554,1
23437,2552,2555,1
23438,2552,2559,1
23439,2552,2560,1
23440,2552,3333,1
23441,2552,4318,1
23442,2553,2554,1
23443,2553,2555,1
23444,2553,2560,1
23445,2553,2561,1
23446,2553,2969,1
23447,2553,2745,1
23448,2553,2771,1
23449,2553,3315,1
23450,2554,2555,1
23451,2554,2556,1
23452,2554,2557,1
23453,2554,2559,1
23454,2554,2560,1
23455,2554,2561,1
23456,2554,2562,1
23457,2554,4980,1
23458,2554,4885,1
23459,2555,2556,1
23460,2555,2559,1
23461,2555,2561,1
23462,2555,2562,1
23463,2555,4366,1
23464,2555,4498,1
23465,2555,4190,1
23466,2556,2557,1
23467,2556,2558,1
23468,2556,2560,1
23469,2556,2563,1
23470,2556,2564,1
23471,2556,4645,1
23472,2557,2558,1
23473,2557,2559,1
23474,2557,2560,1
23475,2557,2562,1
23476,2557,2564,1
23477,2557,2565,1
23478,2557,3055,1
23479,2557,3776,1
23480,2557,3222,1
23481,2557,4800,1
23482,2557,4815,1
23483,2558,2560,1
23484,2558,2561,1
23485,2558,2562,1
23486,2558,2564,1
23487,2558,2565,1
23488,2558,2566,1
23489,2558,4805,1
23490,2558,3838,1
23491,2559,2560,1
23492,2559,2561,1
23493,2559,2562,1
23494,2559,2563,1
23495,2559,2564,1
23496,2559,2565,1
23497,2559,2567,1
23498,2559,4751,1
23499,2559,4722,1
23500,2559,2839,1
23501,2560,2561,1
23502,2560,2562,1
23503,2560,2563,1
23504,2560,2566,1
23505,2560,2567,1
23506,2561,2563,1
23507,2561,2566,1
23508,2561,2567,1
23509,2561,2568,1
23510,2561,2569,1
23511,2561,3645,1
23512,2561,4509,1
23513,2561,4144,1
23514,2562,2563,1
23515,2562,2564,1
23516,2562,2567,1
23517,2562,2569,1
23518,2562,2570,1
23519,2562,3042,1
23520,2562,3315,1
23521,2563,2565,1
23522,2563,2568,1
23523,2563,2569,1
23524,2563,2570,1
23525,2563,3147,1
23526,2563,4620,1
23527,2564,2565,1
23528,2564,2566,1
23529,2564,2567,1
23530,2564,2569,1
23531,2564,2571,1
23532,2564,2572,1
23533,2564,4147,1
23534,2564,3001,1
23535,2565,2566,1
23536,2565,2567,1
23537,2565,2568,1
23538,2565,2569,1
23539,2565,2570,1
23540,2565,2571,1
23541,2565,2572,1
23542,2565,3042,1
23543,2566,2567,1
23544,2566,2568,1
23545,2566,2569,1
23546,2566,2570,1
23547,2566,2571,1
23548,2566,2572,1
23549,2566,2573,1
23550,2566,2574,1
23551,2566,3305,1
23552,2566,3474,1
23553,2567,2568,1
23554,2567,2569,1
23555,2567,2570,1
23556,2567,2571,1
23557,2567,2572,1
23558,2567,2573,1
23559,2567,2574,1
23560,2567,2575,1
23561,2567,2991,1
23562,2568,2570,1
23563,2568,2572,1
23564,2568,2573,1
23565,2568,2574,1
23566,2568,2576,1
23567,2568,3701,1
23568,2569,2570,1
23569,2569,2571,1
23570,2569,2572,1
23571,2569,2573,1
23572,2569,2574,1
23573,2569,2575,1
23574,2569,2576,1
23575,2569,2577,1
23576,2569,3658,1
23577,2570,2571,1
23578,2570,2573,1
23579,2570,2574,1
23580,2570,2575,1
23581,2570,2576,1
23582,2570,2578,1
23583,2570,3833,1
23584,2570,3561,1
23585,2571,2572,1
23586,2571,2575,1
23587,2571,2576,1
23588,2571,2577,1
23589,2571,3354,1
23590,2571,4411,1
23591,2572,2574,1
23592,2572,2575,1
23593,2572,2576,1
23594,2572,2577,1
23595,2572,2580,1
23596,2572,2760,1
23597,2572,4070,1
23598,2572,3204,1
23599,2573,2574,1
23600,2573,2575,1
23601,2573,2578,1
23602,2573,2580,1
23603,2573,2581,1
23604,2573,3770,1
23605,2573,3094,1
23606,2574,2575,1
23607,2574,2576,1
23608,2574,2577,1
23609,2574,2579,1
23610,2574,2580,1
23611,2574,2581,1
23612,2574,2582,1
23613,2574,2702,1
23614,2574,3026,1
23615,2575,2577,1
23616,2575,2580,1
23617,2575,2581,1
23618,2575,3376,1
23619,2575,4486,1
23620,2575,3699,1
23621,2575,3100,1
23622,2576,2578,1
23623,2576,2580,1
23624,2576,2581,1
23625,2576,2582,1
23626,2576,2583,1
23627,2576,4494,1
23628,2576,2684,1
23629,2576,4012,1
23630,2576,3477,1
23631,2576,4923,1
23632,2576,3530,1
23633,2577,2578,1
23634,2577,2580,1
23635,2577,2581,1
23636,2577,2585,1
23637,2577,4127,1
23638,2577,3502,1
23639,2577,3952,1
23640,2578,2579,1
23641,2578,2580,1
23642,2578,2581,1
23643,2578,2583,1
23644,2578,2584,1
23645,2578,2585,1
23646,2578,3389,1
23647,2578,4792,1
23648,2579,2580,1
23649,2579,2581,1
23650,2579,2582,1
23651,2579,2583,1
23652,2579,2584,1
23653,2579,2585,1
23654,2579,2586,1
23655,2579,3109,1
23656,2579,3553,1
23657,2580,2581,1
23658,2580,2582,1
23659,2580,2584,1
23660,2580,2585,1
23661,2580,2586,1
23662,2580,2587,1
23663,2580,2588,1
23664,2580,3913,1
23665,2580,2996,1
23666,2580,4654,1
23667,2581,2582,1
23668,2581,2583,1
23669,2581,2584,1
23670,2581,2585,1
23671,2581,2586,1
23672,2581,2588,1
23673,2581,2589,1
23674,2581,3856,1
23675,2581,2787,1
23676,2581,4599,1
23677,2581,4347,1
23678,2582,2584,1
23679,2582,2585,1
23680,2582,2587,1
23681,2582,2588,1
23682,2582,2590,1
23683,2583,2584,1
23684,2583,2585,1
23685,2583,2586,1
23686,2583,2587,1
23687,2583,2588,1
23688,2583,2589,1
23689,2583,2590,1
23690,2583,2591,1
23691,2584,2586,1
23692,2584,2587,1
23693,2584,2589,1
23694,2584,2590,1
23695,2584,2592,1
23696,2584,4755,1
23697,2584,3763,1
23698,2584,3637,1
23699,2585,2589,1
23700,2585,2590,1
23701,2585,2593,1
23702,2585,4206,1
23703,2586,2587,1
23704,2586,2588,1
23705,2586,2589,1
23706,2586,2590,1
23707,2586,2591,1
23708,2586,2593,1
23709,2586,2594,1
23710,2586,2699,1
23711,2586,3956,1
23712,2587,2589,1
23713,2587,2590,1
23714,2587,2591,1
23715,2587,2594,1
23716,2587,2595,1
23717,2587,3759,1
23718,2587,2772,1
23719,2587,4010,1
23720,2587,4474,1
23721,2588,2589,1
23722,2588,2590,1
23723,2588,2591,1
23724,2588,2592,1
23725,2588,2593,1
23726,2588,2595,1
23727,2588,4791,1
23728,2589,2590,1
23729,2589,2591,1
23730,2589,2593,1
23731,2589,4218,1
23732,2589,4196,1
23733,2589,3531,1
23734,2589,4587,1
23735,2590,2591,1
23736,2590,2593,1
23737,2590,2595,1
23738,2590,2596,1
23739,2590,2597,1
23740,2590,2598,1
23741,2590,4213,1
23742,2591,2593,1
23743,2591,2594,1
23744,2591,2596,1
23745,2591,2598,1
23746,2591,2599,1
23747,2591,4438,1
23748,2591,4773,1
23749,2591,3825,1
23750,2592,2593,1
23751,2592,2594,1
23752,2592,2595,1
23753,2592,2596,1
23754,2592,2597,1
23755,2592,2600,1
23756,2592,3508,1
23757,2592,3159,1
23758,2593,2595,1
23759,2593,2596,1
23760,2593,2597,1
23761,2593,2599,1
23762,2593,2600,1
23763,2593,2601,1
23764,2593,3246,1
23765,2593,2824,1
23766,2593,4145,1
23767,2593,3550,1
23768,2593,4750,1
23769,2594,2595,1
23770,2594,2596,1
23771,2594,2598,1
23772,2594,2599,1
23773,2594,2600,1
23774,2594,2601,1
23775,2594,2602,1
23776,2594,3699,1
23777,2594,4679,1
23778,2594,2943,1
23779,2595,2596,1
23780,2595,2598,1
23781,2595,2599,1
23782,2595,2601,1
23783,2595,2602,1
23784,2595,2603,1
23785,2595,3616,1
23786,2595,4845,1
23787,2595,3832,1
23788,2595,3170,1
23789,2596,2597,1
23790,2596,2600,1
23791,2596,2601,1
23792,2596,2602,1
23793,2596,2603,1
23794,2596,3258,1
23795,2596,4224,1
23796,2596,4598,1
23797,2596,4875,1
23798,2597,2598,1
23799,2597,2599,1
23800,2597,2600,1
23801,2597,2604,1
23802,2597,2605,1
23803,2597,4878,1
23804,2597,3970,1
23805,2597,4496,1
23806,2598,2601,1
23807,2598,2603,1
23808,2598,2604,1
23809,2598,2605,1
23810,2598,2606,1
23811,2598,4700,1
23812,2598,2925,1
23813,2599,2600,1
23814,2599,2602,1
23815,2599,2603,1
23816,2599,2604,1
23817,2599,2606,1
23818,2599,3085,1
23819,2599,4920,1
23820,2599,2943,1
23821,2599,4786,1
23822,2600,2601,1
23823,2600,2602,1
23824,2600,2603,1
23825,2600,2604,1
23826,2600,2606,1
23827,2600,2608,1
23828,2600,2785,1
23829,2600,3517,1
23830,2600,3363,1
23831,2601,2602,1
23832,2601,2604,1
23833,2601,2605,1
23834,2601,2606,1
23835,2601,2607,1
23836,2601,2608,1
23837,2601,3716,1
23838,2602,2603,1
23839,2602,2604,1
23840,2602,2606,1
23841,2602,2609,1
23842,2602,3107,1
23843,2602,4448,1
23844,2602,3756,1
23845,2602,3968,1
23846,2603,2604,1
23847,2603,2605,1
23848,2603,2606,1
23849,2603,2607,1
23850,2603,2608,1
23851,2603,2609,1
23852,2603,2610,1
23853,2603,2611,1
23854,2604,2605,1
23855,2604,2607,1
23856,2604,2608,1
23857,2604,2609,1
23858,2604,2610,1
23859,2604,3781,1
23860,2604,3549,1
23861,2604,4616,1
23862,2604,3857,1
23863,2605,2606,1
23864,2605,2607,1
23865,2605,2608,1
23866,2605,2609,1
23867,2605,2610,1
23868,2605,2611,1
23869,2605,2612,1
23870,2605,2613,1
23871,2605,4416,1
23872,2606,2609,1
23873,2606,2610,1
23874,2606,2611,1
23875,2606,2612,1
23876,2606,2613,1
23877,2606,2614,1
23878,2606,3326,1
23879,2606,4990,1
23880,2607,2608,1
23881,2607,2609,1
23882,2607,2610,1
23883,2607,2611,1
23884,2607,2612,1
23885,2607,2613,1
23886,2607,2614,1
23887,2607,2615,1
23888,2608,2609,1
23889,2608,2610,1
23890,2608,2612,1
23891,2608,2613,1
23892,2608,2614,1
23893,2608,2616,1
23894,2608,3419,1
23895,2609,2610,1
23896,2609,2614,1
23897,2609,2615,1
23898,2609,2740,1
23899,2609,3858,1
23900,2609,3866,1
23901,2610,2611,1
23902,2610,2612,1
23903,2610,2613,1
23904,2610,2614,1
23905,2610,2615,1
23906,2610,2618,1
23907,2610,4367,1
23908,2610,2712,1
23909,2611,2612,1
23910,2611,2613,1
23911,2611,2614,1
23912,2611,2615,1
23913,2611,2616,1
23914,2611,2617,1
23915,2611,2619,1
23916,2611,3525,1
23917,2612,2613,1
23918,2612,2614,1
23919,2612,2615,1
23920,2612,2616,1
23921,2612,2617,1
23922,2612,2619,1
23923,2612,2620,1
23924,2612,2712,1
23925,2613,2614,1
23926,2613,2615,1
23927,2613,2616,1
23928,2613,2618,1
23929,2613,2619,1
23930,2613,2621,1
23931,2613,2844,1
23932,2614,2615,1
23933,2614,2616,1
23934,2614,2617,1
23935,2614,2618,1
23936,2614,2619,1
23937,2614,2620,1
23938,2614,2621,1
23939,2614,2622,1
23940,2615,2616,1
23941,2615,2617,1
23942,2615,2619,1
23943,2615,2620,1
23944,2615,2621,1
23945,2615,2622,1
23946,2615,2623,1
23947,2616,2618,1
23948,2616,2619,1
23949,2616,2621,1
23950,2616,2622,1
23951,2616,2623,1
23952,2616,2624,1
23953,2616,2998,1
23954,2616,3383,1
23955,2617,2618,1
23956,2617,2620,1
23957,2617,2623,1
23958,2617,2625,1
23959,2617,2638,1
23960,2618,2619,1
23961,2618,2621,1
23962,2618,2622,1
23963,2618,2624,1
23964,2618,2625,1
23965,2618,2894,1
23966,2618,4101,1
23967,2618,4790,1
23968,2619,2620,1
23969,2619,2622,1
23970,2619,2623,1
23971,2619,2624,1
23972,2619,2625,1
23973,2619,2626,1
23974,2619,2627,1
23975,2619,3388,1
23976,2619,4457,1
23977,2619,4911,1
23978,2620,2624,1
23979,2620,2626,1
23980,2620,2627,1
23981,2620,2628,1
23982,2620,3373,1
23983,2620,4828,1
23984,2620,2704,1
23985,2621,2623,1
23986,2621,2624,1
23987,2621,2625,1
23988,2621,2626,1
23989,2621,2628,1
23990,2621,3479,1
23991,2621,3941,1
23992,2621,3168,1
23993,2622,2624,1
23994,2622,2625,1
23995,2622,2626,1
23996,2622,2627,1
23997,2622,2628,1
23998,2622,2630,1
23999,2622,3922,1
24000,2622,4276,1
24001,2622,2932,1
24002,2623,2625,1
24003,2623,2626,1
24004,2623,2629,1
24005,2623,4996,1
24006,2623,4147,1
24007,2623,3581,1
24008,2623,4838,1
24009,2623,2876,1
24010,2624,2626,1
24011,2624,2627,1
24012,2624,2629,1
24013,2624,2630,1
24014,2624,2631,1
24015,2624,2632,1
24016,2624,3350,1
24017,2624,3200,1
24018,2625,2627,1
24019,2625,2628,1
24020,2625,2629,1
24021,2625,2630,1
24022,2625,2631,1
24023,2625,3543,1
24024,2625,3569,1
24025,2625,3340,1
24026,2626,2627,1
24027,2626,2628,1
24028,2626,2629,1
24029,2626,2631,1
24030,2626,2633,1
24031,2626,3962,1
24032,2626,3848,1
24033,2626,4040,1
24034,2627,2632,1
24035,2627,2633,1
24036,2627,3229,1
24037,2627,2782,1
24038,2627,4722,1
24039,2627,4240,1
24040,2627,3638,1
24041,2628,2629,1
24042,2628,2630,1
24043,2628,2634,1
24044,2628,2635,1
24045,2628,2636,1
24046,2628,2885,1
24047,2629,2630,1
24048,2629,2632,1
24049,2629,2633,1
24050,2629,2635,1
24051,2629,2637,1
24052,2629,3620,1
24053,2629,3692,1
24054,2630,2631,1
24055,2630,2634,1
24056,2630,2636,1
24057,2630,2638,1
24058,2630,4493,1
24059,2630,2788,1
24060,2631,2632,1
24061,2631,2634,1
24062,2631,2635,1
24063,2631,2637,1
24064,2631,2638,1
24065,2631,2639,1
24066,2631,2777,1
24067,2631,3799,1
24068,2632,2633,1
24069,2632,2635,1
24070,2632,2638,1
24071,2632,2639,1
24072,2632,2640,1
24073,2632,2983,1
24074,2632,2820,1
24075,2632,3649,1
24076,2633,2634,1
24077,2633,2635,1
24078,2633,2638,1
24079,2633,2641,1
24080,2633,2778,1
24081,2633,3324,1
24082,2633,4744,1
24083,2633,2788,1
24084,2634,2635,1
24085,2634,2636,1
24086,2634,2637,1
24087,2634,2638,1
24088,2634,2639,1
24089,2634,2640,1
24090,2634,2641,1
24091,2634,2936,1
24092,2634,4377,1
24093,2635,2636,1
24094,2635,2637,1
24095,2635,2638,1
24096,2635,2639,1
24097,2635,2640,1
24098,2635,2642,1
24099,2635,2643,1
24100,2635,3178,1
24101,2635,2877,1
24102,2635,2950,1
24103,2636,2637,1
24104,2636,2639,1
24105,2636,2642,1
24106,2636,2643,1
24107,2636,2644,1
24108,2636,4149,1
24109,2636,3389,1
24110,2636,3975,1
24111,2637,2641,1
24112,2637,2642,1
24113,2637,2643,1
24114,2637,2644,1
24115,2637,2645,1
24116,2637,4195,1
24117,2637,2653,1
24118,2637,4848,1
24119,2637,3289,1
24120,2638,2639,1
24121,2638,2640,1
24122,2638,2641,1
24123,2638,2642,1
24124,2638,2643,1
24125,2638,2644,1
24126,2638,4635,1
24127,2638,4043,1
24128,2639,2640,1
24129,2639,2641,1
24130,2639,2643,1
24131,2639,2644,1
24132,2639,2645,1
24133,2639,2646,1
24134,2639,4381,1
24135,2640,2641,1
24136,2640,2643,1
24137,2640,2646,1
24138,2640,2647,1
24139,2640,2648,1
24140,2640,3237,1
24141,2640,4405,1
24142,2641,2642,1
24143,2641,2644,1
24144,2641,2645,1
24145,2641,2646,1
24146,2641,2648,1
24147,2641,2649,1
24148,2641,4277,1
24149,2641,3516,1
24150,2641,3665,1
24151,2641,3601,1
24152,2641,2994,1
24153,2641,2651,1
24154,2642,2643,1
24155,2642,2644,1
24156,2642,2647,1
24157,2642,2648,1
24158,2642,2649,1
24159,2642,4789,1
24160,2642,2993,1
24161,2642,3629,1
24162,2642,4686,1
24163,2643,2645,1
24164,2643,2646,1
24165,2643,2647,1
24166,2643,2648,1
24167,2643,2649,1
24168,2643,2650,1
24169,2643,2840,1
24170,2643,3356,1
24171,2643,3613,1
24172,2644,2646,1
24173,2644,2647,1
24174,2644,2648,1
24175,2644,2650,1
24176,2644,2652,1
24177,2644,3601,1
24178,2644,4641,1
24179,2644,3875,1
24180,2645,2646,1
24181,2645,2647,1
24182,2645,2648,1
24183,2645,2649,1
24184,2645,2651,1
24185,2645,2652,1
24186,2645,2653,1
24187,2645,3527,1
24188,2646,2647,1
24189,2646,2648,1
24190,2646,2649,1
24191,2646,2651,1
24192,2646,2652,1
24193,2646,2653,1
24194,2646,2654,1
24195,2646,4213,1
24196,2646,2905,1
24197,2646,4406,1
24198,2646,3717,1
24199,2647,2649,1
24200,2647,2650,1
24201,2647,2651,1
24202,2647,2652,1
24203,2647,2653,1
24204,2647,2654,1
24205,2647,2765,1
24206,2648,2649,1
24207,2648,2650,1
24208,2648,2651,1
24209,2648,2652,1
24210,2648,2654,1
24211,2648,2655,1
24212,2648,4239,1
24213,2648,4613,1
24214,2649,2650,1
24215,2649,2651,1
24216,2649,2652,1
24217,2649,2653,1
24218,2649,2655,1
24219,2649,2657,1
24220,2649,3268,1
24221,2649,2771,1
24222,2649,4452,1
24223,2650,2651,1
24224,2650,2652,1
24225,2650,2654,1
24226,2650,2655,1
24227,2650,2657,1
24228,2650,2658,1
24229,2650,3940,1
24230,2651,2652,1
24231,2651,2654,1
24232,2651,2655,1
24233,2651,2656,1
24234,2651,2658,1
24235,2651,3018,1
24236,2651,4048,1
24237,2651,3320,1
24238,2652,2653,1
24239,2652,2654,1
24240,2652,2655,1
24241,2652,2658,1
24242,2652,2659,1
24243,2652,2660,1
24244,2652,4982,1
24245,2653,2657,1
24246,2653,2659,1
24247,2653,2660,1
24248,2653,2661,1
24249,2653,3149,1
24250,2653,4203,1
24251,2654,2655,1
24252,2654,2656,1
24253,2654,2657,1
24254,2654,2658,1
24255,2654,2659,1
24256,2654,2661,1
24257,2654,2662,1
24258,2655,2656,1
24259,2655,2657,1
24260,2655,2658,1
24261,2655,2660,1
24262,2655,2661,1
24263,2655,2662,1
24264,2655,2663,1
24265,2655,3144,1
24266,2656,2657,1
24267,2656,2658,1
24268,2656,2660,1
24269,2656,2661,1
24270,2656,2662,1
24271,2656,2663,1
24272,2656,2664,1
24273,2656,4728,1
24274,2657,2658,1
24275,2657,2659,1
24276,2657,2661,1
24277,2657,2663,1
24278,2657,2664,1
24279,2657,3196,1
24280,2657,3753,1
24281,2657,3540,1
24282,2658,2659,1
24283,2658,2661,1
24284,2658,2662,1
24285,2658,2664,1
24286,2658,2665,1
24287,2658,2666,1
24288,2658,3433,1
24289,2659,2660,1
24290,2659,2661,1
24291,2659,2662,1
24292,2659,2663,1
24293,2659,2665,1
24294,2659,2666,1
24295,2659,2667,1
24296,2659,3695,1
24297,2659,3282,1
24298,2660,2661,1
24299,2660,2662,1
24300,2660,2663,1
24301,2660,2666,1
24302,2660,2667,1
24303,2660,2668,1
24304,2660,4842,1
24305,2661,2662,1
24306,2661,2665,1
24307,2661,2667,1
24308,2661,2668,1
24309,2661,2669,1
24310,2661,2855,1
24311,2661,3938,1
24312,2662,2664,1
24313,2662,2665,1
24314,2662,2667,1
24315,2662,2668,1
24316,2662,2669,1
24317,2662,2670,1
24318,2662,4015,1
24319,2662,4110,1
24320,2662,3035,1
24321,2663,2664,1
24322,2663,2666,1
24323,2663,2667,1
24324,2663,2669,1
24325,2663,2670,1
24326,2663,2671,1
24327,2663,3809,1
24328,2663,3711,1
24329,2664,2666,1
24330,2664,2667,1
24331,2664,2669,1
24332,2664,2670,1
24333,2664,3954,1
24334,2664,4126,1
24335,2664,3344,1
24336,2664,3445,1
24337,2664,4276,1
24338,2665,2666,1
24339,2665,2667,1
24340,2665,2668,1
24341,2665,2669,1
24342,2665,2670,1
24343,2665,2672,1
24344,2665,2673,1
24345,2665,3211,1
24346,2665,3940,1
24347,2666,2667,1
24348,2666,2669,1
24349,2666,2671,1
24350,2666,2673,1
24351,2666,2815,1
24352,2666,4095,1
24353,2666,4806,1
24354,2666,4800,1
24355,2666,2701,1
24356,2667,2669,1
24357,2667,2670,1
24358,2667,2671,1
24359,2667,2672,1
24360,2667,2674,1
24361,2667,2675,1
24362,2668,2669,1
24363,2668,2670,1
24364,2668,2672,1
24365,2668,2673,1
24366,2668,2916,1
24367,2668,3556,1
24368,2668,4303,1
24369,2668,4709,1
24370,2668,4522,1
24371,2669,2670,1
24372,2669,2671,1
24373,2669,2672,1
24374,2669,2673,1
24375,2669,2674,1
24376,2669,2675,1
24377,2669,2676,1
24378,2669,2677,1
24379,2669,3869,1
24380,2670,2671,1
24381,2670,2676,1
24382,2670,2678,1
24383,2670,3693,1
24384,2670,2710,1
24385,2670,4003,1
24386,2670,3747,1
24387,2671,2672,1
24388,2671,2673,1
24389,2671,2675,1
24390,2671,2676,1
24391,2671,2678,1
24392,2671,2679,1
24393,2671,3879,1
24394,2671,4601,1
24395,2672,2674,1
24396,2672,2675,1
24397,2672,2677,1
24398,2672,2679,1
24399,2672,2680,1
24400,2672,3923,1
24401,2672,4082,1
24402,2672,3561,1
24403,2672,2970,1
24404,2673,2675,1
24405,2673,2678,1
24406,2673,2679,1
24407,2673,2680,1
24408,2673,2681,1
24409,2673,4626,1
24410,2673,4292,1
24411,2673,4586,1
24412,2673,4665,1
24413,2673,4755,1
24414,2673,3661,1
24415,2674,2676,1
24416,2674,2678,1
24417,2674,2681,1
24418,2674,2682,1
24419,2674,3439,1
24420,2674,3100,1
24421,2675,2679,1
24422,2675,2681,1
24423,2675,2682,1
24424,2675,4024,1
24425,2675,3295,1
24426,2675,4926,1
24427,2676,2677,1
24428,2676,2678,1
24429,2676,2679,1
24430,2676,2681,1
24431,2676,2682,1
24432,2676,2683,1
24433,2676,2684,1
24434,2676,3990,1
24435,2676,3062,1
24436,2676,2746,1
24437,2677,2678,1
24438,2677,2679,1
24439,2677,2681,1
24440,2677,2682,1
24441,2677,2683,1
24442,2677,2684,1
24443,2677,2685,1
24444,2677,2880,1
24445,2678,2680,1
24446,2678,2682,1
24447,2678,2684,1
24448,2678,2685,1
24449,2678,2686,1
24450,2678,3177,1
24451,2678,2719,1
24452,2678,3460,1
24453,2678,4890,1
24454,2678,2770,1
24455,2679,2680,1
24456,2679,2681,1
24457,2679,2682,1
24458,2679,2683,1
24459,2679,2684,1
24460,2679,2685,1
24461,2679,2686,1
24462,2679,4964,1
24463,2680,2682,1
24464,2680,2683,1
24465,2680,2684,1
24466,2680,2685,1
24467,2680,2686,1
24468,2680,2687,1
24469,2680,3562,1
24470,2681,2683,1
24471,2681,2684,1
24472,2681,2685,1
24473,2681,2686,1
24474,2681,2687,1
24475,2681,2688,1
24476,2681,2689,1
24477,2681,4690,1
24478,2681,3393,1
24479,2681,4330,1
24480,2682,2683,1
24481,2682,2684,1
24482,2682,2686,1
24483,2682,2689,1
24484,2682,2690,1
24485,2682,4593,1
24486,2682,3564,1
24487,2683,2685,1
24488,2683,2686,1
24489,2683,2688,1
24490,2683,2690,1
24491,2683,3315,1
24492,2684,2687,1
24493,2684,2688,1
24494,2684,2689,1
24495,2684,2690,1
24496,2684,2692,1
24497,2684,3013,1
24498,2684,2858,1
24499,2684,3242,1
24500,2685,2686,1
24501,2685,2687,1
24502,2685,2688,1
24503,2685,2689,1
24504,2685,2691,1
24505,2685,2692,1
24506,2685,3037,1
24507,2685,4532,1
24508,2686,2687,1
24509,2686,2688,1
24510,2686,2689,1
24511,2686,2690,1
24512,2686,2691,1
24513,2686,2692,1
24514,2686,2694,1
24515,2686,3860,1
24516,2686,2828,1
24517,2687,2688,1
24518,2687,2690,1
24519,2687,2692,1
24520,2687,2695,1
24521,2687,4068,1
24522,2687,3053,1
24523,2687,4668,1
24524,2687,3374,1
24525,2688,2691,1
24526,2688,2692,1
24527,2688,2694,1
24528,2688,2695,1
24529,2688,2696,1
24530,2688,3162,1
24531,2688,3302,1
24532,2688,2910,1
24533,2689,2690,1
24534,2689,2691,1
24535,2689,2692,1
24536,2689,2696,1
24537,2689,2697,1
24538,2689,4053,1
24539,2690,2692,1
24540,2690,2693,1
24541,2690,2695,1
24542,2690,2696,1
24543,2690,2697,1
24544,2690,3849,1
24545,2690,3709,1
24546,2691,2692,1
24547,2691,2693,1
24548,2691,2695,1
24549,2691,2696,1
24550,2691,2697,1
24551,2691,2698,1
24552,2691,2699,1
24553,2691,4665,1
24554,2691,3547,1
24555,2692,2694,1
24556,2692,2695,1
24557,2692,2696,1
24558,2692,2699,1
24559,2692,2700,1
24560,2692,3752,1
24561,2692,4282,1
24562,2693,2694,1
24563,2693,2695,1
24564,2693,2696,1
24565,2693,2697,1
24566,2693,2698,1
24567,2693,2699,1
24568,2693,2700,1
24569,2693,2701,1
24570,2693,3330,1
24571,2694,2696,1
24572,2694,2697,1
24573,2694,2699,1
24574,2694,2700,1
24575,2694,2701,1
24576,2694,3717,1
24577,2695,2696,1
24578,2695,2697,1
24579,2695,2698,1
24580,2695,2700,1
24581,2695,2701,1
24582,2695,4332,1
24583,2695,2810,1
24584,2695,4508,1
24585,2695,4279,1
24586,2696,2698,1
24587,2696,2700,1
24588,2696,2701,1
24589,2696,2704,1
24590,2696,3905,1
24591,2696,2799,1
24592,2696,4792,1
24593,2696,4184,1
24594,2697,2698,1
24595,2697,2699,1
24596,2697,2700,1
24597,2697,2701,1
24598,2697,2702,1
24599,2697,2703,1
24600,2697,2704,1
24601,2697,2705,1
24602,2697,3161,1
24603,2698,2700,1
24604,2698,2701,1
24605,2698,2702,1
24606,2698,2703,1
24607,2698,2704,1
24608,2698,2706,1
24609,2698,4085,1
24610,2699,2704,1
24611,2699,2706,1
24612,2699,2838,1
24613,2699,3826,1
24614,2699,4566,1
24615,2699,4549,1
24616,2699,3356,1
24617,2699,4424,1
24618,2700,2701,1
24619,2700,2702,1
24620,2700,2703,1
24621,2700,2704,1
24622,2700,2706,1
24623,2700,2707,1
24624,2700,2708,1
24625,2700,4485,1
24626,2700,3698,1
24627,2701,2702,1
24628,2701,2703,1
24629,2701,2705,1
24630,2701,2706,1
24631,2701,2708,1
24632,2701,2709,1
24633,2701,3374,1
24634,2701,4536,1
24635,2702,2703,1
24636,2702,2704,1
24637,2702,2705,1
24638,2702,2706,1
24639,2702,2707,1
24640,2702,2708,1
24641,2702,3222,1
24642,2702,4115,1
24643,2703,2705,1
24644,2703,2706,1
24645,2703,2707,1
24646,2703,2709,1
24647,2703,2710,1
24648,2703,2711,1
24649,2703,3890,1
24650,2704,2708,1
24651,2704,2709,1
24652,2704,2712,1
24653,2704,4913,1
24654,2704,2750,1
24655,2704,4248,1
24656,2704,2978,1
24657,2704,3094,1
24658,2705,2706,1
24659,2705,2709,1
24660,2705,2710,1
24661,2705,2711,1
24662,2705,2712,1
24663,2705,2713,1
24664,2705,4341,1
24665,2705,3269,1
24666,2705,3338,1
24667,2706,2707,1
24668,2706,2708,1
24669,2706,2709,1
24670,2706,2710,1
24671,2706,2711,1
24672,2706,2714,1
24673,2706,4244,1
24674,2707,2708,1
24675,2707,2709,1
24676,2707,2710,1
24677,2707,2712,1
24678,2707,2714,1
24679,2707,4454,1
24680,2707,4062,1
24681,2707,4895,1
24682,2707,4065,1
24683,2708,2709,1
24684,2708,2710,1
24685,2708,2711,1
24686,2708,2713,1
24687,2708,2714,1
24688,2708,2715,1
24689,2708,2716,1
24690,2708,3618,1
24691,2709,2710,1
24692,2709,2711,1
24693,2709,2712,1
24694,2709,2714,1
24695,2709,2715,1
24696,2709,2716,1
24697,2709,2717,1
24698,2709,4461,1
24699,2709,3586,1
24700,2710,2711,1
24701,2710,2713,1
24702,2710,2714,1
24703,2710,2715,1
24704,2710,2717,1
24705,2710,4673,1
24706,2710,4115,1
24707,2710,4598,1
24708,2711,2713,1
24709,2711,2714,1
24710,2711,2715,1
24711,2711,2716,1
24712,2711,2719,1
24713,2711,3083,1
24714,2711,4645,1
24715,2711,3860,1
24716,2711,2875,1
24717,2711,3347,1
24718,2712,2714,1
24719,2712,2715,1
24720,2712,2716,1
24721,2712,2717,1
24722,2712,2720,1
24723,2712,2903,1
24724,2712,4569,1
24725,2712,3511,1
24726,2713,2714,1
24727,2713,2715,1
24728,2713,2716,1
24729,2713,2717,1
24730,2713,2718,1
24731,2713,2719,1
24732,2713,2721,1
24733,2713,4927,1
24734,2714,2716,1
24735,2714,2717,1
24736,2714,2719,1
24737,2714,2720,1
24738,2714,2721,1
24739,2714,2722,1
24740,2714,2766,1
24741,2714,4684,1
24742,2715,2716,1
24743,2715,2717,1
24744,2715,2719,1
24745,2715,2720,1
24746,2715,2721,1
24747,2715,2723,1
24748,2715,3606,1
24749,2716,2719,1
24750,2716,2721,1
24751,2716,2722,1
24752,2716,4463,1
24753,2716,4603,1
24754,2716,3952,1
24755,2717,2719,1
24756,2717,2720,1
24757,2717,2721,1
24758,2717,2723,1
24759,2717,2724,1
24760,2717,2725,1
24761,2717,3360,1
24762,2718,2719,1
24763,2718,2720,1
24764,2718,2721,1
24765,2718,2723,1
24766,2718,2724,1
24767,2718,2726,1
24768,2718,3576,1
24769,2719,2721,1
24770,2719,2724,1
24771,2719,2727,1
24772,2719,3886,1
24773,2720,2721,1
24774,2720,2722,1
24775,2720,2724,1
24776,2720,2727,1
24777,2720,3561,1
24778,2720,3826,1
24779,2721,2723,1
24780,2721,2725,1
24781,2721,2726,1
24782,2721,2728,1
24783,2721,2729,1
24784,2721,3773,1
24785,2722,2723,1
24786,2722,2725,1
24787,2722,2726,1
24788,2722,2727,1
24789,2722,2729,1
24790,2722,2730,1
24791,2722,4616,1
24792,2722,3034,1
24793,2723,2726,1
24794,2723,2727,1
24795,2723,2728,1
24796,2723,2731,1
24797,2723,4339,1
24798,2723,4489,1
24799,2723,3618,1
24800,2724,2725,1
24801,2724,2727,1
24802,2724,2728,1
24803,2724,2729,1
24804,2724,2730,1
24805,2724,2732,1
24806,2724,3328,1
24807,2724,3164,1
24808,2725,2726,1
24809,2725,2728,1
24810,2725,2730,1
24811,2725,2731,1
24812,2725,2733,1
24813,2725,4884,1
24814,2725,3352,1
24815,2726,2727,1
24816,2726,2728,1
24817,2726,2729,1
24818,2726,2730,1
24819,2726,2731,1
24820,2726,2732,1
24821,2726,2733,1
24822,2726,2734,1
24823,2726,3533,1
24824,2727,2729,1
24825,2727,2730,1
24826,2727,2731,1
24827,2727,2733,1
24828,2727,2735,1
24829,2727,4361,1
24830,2728,2733,1
24831,2728,2734,1
24832,2728,2735,1
24833,2728,2736,1
24834,2728,3469,1
24835,2728,3589,1
24836,2728,4904,1
24837,2729,2730,1
24838,2729,2731,1
24839,2729,2732,1
24840,2729,2734,1
24841,2729,2737,1
24842,2729,3767,1
24843,2730,2731,1
24844,2730,2733,1
24845,2730,2734,1
24846,2730,2735,1
24847,2730,2736,1
24848,2730,2737,1
24849,2730,2738,1
24850,2730,3248,1
24851,2730,3956,1
24852,2730,3901,1
24853,2731,2733,1
24854,2731,2734,1
24855,2731,2735,1
24856,2731,2737,1
24857,2731,2738,1
24858,2731,2739,1
24859,2731,3868,1
24860,2731,4221,1
24861,2732,2733,1
24862,2732,2734,1
24863,2732,2736,1
24864,2732,2737,1
24865,2732,2738,1
24866,2732,2874,1
24867,2733,2734,1
24868,2733,2735,1
24869,2733,2736,1
24870,2733,2737,1
24871,2733,2739,1
24872,2733,2740,1
24873,2733,2741,1
24874,2734,2735,1
24875,2734,2736,1
24876,2734,2737,1
24877,2734,2742,1
24878,2734,3103,1
24879,2734,3976,1
24880,2734,3087,1
24881,2735,2736,1
24882,2735,2737,1
24883,2735,2740,1
24884,2735,2741,1
24885,2735,2742,1
24886,2735,2743,1
24887,2735,2809,1
24888,2735,4667,1
24889,2736,2737,1
24890,2736,2738,1
24891,2736,2739,1
24892,2736,2740,1
24893,2736,2741,1
24894,2736,2743,1
24895,2736,2744,1
24896,2736,3480,1
24897,2737,2738,1
24898,2737,2740,1
24899,2737,2743,1
24900,2737,2744,1
24901,2737,2745,1
24902,2737,4203,1
24903,2737,4093,1
24904,2737,3477,1
24905,2738,2740,1
24906,2738,2741,1
24907,2738,2742,1
24908,2738,2743,1
24909,2738,2744,1
24910,2738,2745,1
24911,2738,2746,1
24912,2738,4104,1
24913,2739,2740,1
24914,2739,2741,1
24915,2739,2744,1
24916,2739,2745,1
24917,2739,2746,1
24918,2739,2747,1
24919,2739,4148,1
24920,2739,2772,1
24921,2739,4802,1
24922,2740,2741,1
24923,2740,2742,1
24924,2740,2744,1
24925,2740,2745,1
24926,2740,2746,1
24927,2740,2748,1
24928,2740,3713,1
24929,2740,2968,1
24930,2740,3030,1
24931,2741,2743,1
24932,2741,2749,1
24933,2741,3471,1
24934,2741,3850,1
24935,2741,2904,1
24936,2741,3205,1
24937,2741,4624,1
24938,2741,3211,1
24939,2741,4236,1
24940,2742,2743,1
24941,2742,2746,1
24942,2742,2748,1
24943,2742,2750,1
24944,2742,3415,1
24945,2743,2745,1
24946,2743,2747,1
24947,2743,2748,1
24948,2743,2749,1
24949,2743,2751,1
24950,2743,3767,1
24951,2743,3209,1
24952,2743,3465,1
24953,2744,2746,1
24954,2744,2747,1
24955,2744,2748,1
24956,2744,2749,1
24957,2744,2750,1
24958,2744,2751,1
24959,2744,2752,1
24960,2744,3706,1
24961,2744,3822,1
24962,2744,3302,1
24963,2745,2748,1
24964,2745,2752,1
24965,2745,2753,1
24966,2745,4540,1
24967,2745,3471,1
24968,2745,4936,1
24969,2745,4320,1
24970,2745,3648,1
24971,2746,2747,1
24972,2746,2748,1
24973,2746,2749,1
24974,2746,2753,1
24975,2746,2754,1
24976,2746,4249,1
24977,2746,3975,1
24978,2747,2748,1
24979,2747,2749,1
24980,2747,2750,1
24981,2747,2751,1
24982,2747,2752,1
24983,2747,2753,1
24984,2747,2754,1
24985,2747,2755,1
24986,2748,2752,1
24987,2748,2753,1
24988,2748,2754,1
24989,2748,2755,1
24990,2748,3467,1
24991,2749,2752,1
24992,2749,2754,1
24993,2749,2755,1
24994,2749,2756,1
24995,2749,2757,1
24996,2749,4319,1
24997,2750,2751,1
24998,2750,2753,1
24999,2750,2754,1
25000,2750,2755,1
25001,2750,2756,1
25002,2750,2757,1
25003,2750,2758,1
25004,2750,4194,1
25005,2750,3587,1
25006,2750,3841,1
25007,2751,2752,1
25008,2751,2753,1
25009,2751,2754,1
25010,2751,2756,1
25011,2751,2757,1
25012,2751,2758,1
25013,2751,2759,1
25014,2751,3256,1
25015,2752,2753,1
25016,2752,2757,1
25017,2752,2758,1
25018,2752,2759,1
25019,2752,3710,1
25020,2753,2754,1
25021,2753,2755,1
25022,2753,2756,1
25023,2753,2757,1
25024,2753,2758,1
25025,2753,2761,1
25026,2753,3513,1
25027,2753,3683,1
25028,2753,3000,1
25029,2753,4102,1
25030,2754,2755,1
25031,2754,2757,1
25032,2754,2758,1
25033,2754,2760,1
25034,2754,2761,1
25035,2754,3115,1
25036,2755,2756,1
25037,2755,2757,1
25038,2755,2758,1
25039,2755,2759,1
25040,2755,2762,1
25041,2755,2763,1
25042,2755,3519,1
25043,2755,3445,1
25044,2755,3081,1
25045,2755,4144,1
25046,2756,2757,1
25047,2756,2758,1
25048,2756,2760,1
25049,2756,2761,1
25050,2756,2762,1
25051,2756,2764,1
25052,2756,4785,1
25053,2757,2758,1
25054,2757,2759,1
25055,2757,2760,1
25056,2757,2761,1
25057,2757,2763,1
25058,2757,2764,1
25059,2757,2765,1
25060,2757,4070,1
25061,2758,2761,1
25062,2758,2762,1
25063,2758,2763,1
25064,2758,2765,1
25065,2758,2766,1
25066,2758,3565,1
25067,2759,2760,1
25068,2759,2761,1
25069,2759,2762,1
25070,2759,2763,1
25071,2759,2764,1
25072,2759,2766,1
25073,2759,2767,1
25074,2760,2761,1
25075,2760,2762,1
25076,2760,2763,1
25077,2760,2764,1
25078,2760,2765,1
25079,2760,2766,1
25080,2760,2767,1
25081,2760,2768,1
25082,2760,4540,1
25083,2761,2762,1
25084,2761,2763,1
25085,2761,2765,1
25086,2761,2766,1
25087,2761,2767,1
25088,2761,2768,1
25089,2761,2769,1
25090,2762,2763,1
25091,2762,2764,1
25092,2762,2766,1
25093,2762,2767,1
25094,2762,2768,1
25095,2762,2769,1
25096,2762,2770,1
25097,2762,4147,1
25098,2763,2764,1
25099,2763,2765,1
25100,2763,2767,1
25101,2763,2769,1
25102,2763,4769,1
25103,2763,3671,1
25104,2763,3864,1
25105,2764,2766,1
25106,2764,2767,1
25107,2764,2768,1
25108,2764,2769,1
25109,2764,2771,1
25110,2764,2772,1
25111,2764,4086,1
25112,2765,2766,1
25113,2765,2767,1
25114,2765,2768,1
25115,2765,2769,1
25116,2765,2770,1
25117,2765,2771,1
25118,2765,2773,1
25119,2765,4372,1
25120,2765,2926,1
25121,2765,3324,1
25122,2765,4539,1
25123,2765,4266,1
25124,2766,2767,1
25125,2766,2769,1
25126,2766,2770,1
25127,2766,2771,1
25128,2766,2772,1
25129,2766,2774,1
25130,2766,3643,1
25131,2767,2769,1
25132,2767,2771,1
25133,2767,2773,1
25134,2767,2774,1
25135,2767,3525,1
25136,2767,4368,1
25137,2768,2769,1
25138,2768,2770,1
25139,2768,2773,1
25140,2768,2774,1
25141,2768,2775,1
25142,2768,4180,1
25143,2768,4363,1
25144,2768,4881,1
25145,2768,4398,1
25146,2769,2771,1
25147,2769,2772,1
25148,2769,2774,1
25149,2769,2775,1
25150,2769,2776,1
25151,2769,3009,1
25152,2769,2866,1
25153,2770,2773,1
25154,2770,2774,1
25155,2770,2775,1
25156,2770,2776,1
25157,2770,2777,1
25158,2771,2772,1
25159,2771,2774,1
25160,2771,2777,1
25161,2771,2778,1
25162,2771,3476,1
25163,2771,4114,1
25164,2771,4807,1
25165,2772,2775,1
25166,2772,2776,1
25167,2772,2778,1
25168,2772,2779,1
25169,2772,2780,1
25170,2772,4160,1
25171,2773,2774,1
25172,2773,2775,1
25173,2773,2776,1
25174,2773,2778,1
25175,2773,2779,1
25176,2773,2780,1
25177,2773,4085,1
25178,2773,2907,1
25179,2774,2775,1
25180,2774,2777,1
25181,2774,2781,1
25182,2774,2782,1
25183,2774,3914,1
25184,2774,4364,1
25185,2774,4052,1
25186,2775,2776,1
25187,2775,2777,1
25188,2775,2779,1
25189,2775,2780,1
25190,2775,2781,1
25191,2775,2782,1
25192,2775,4950,1
25193,2776,2777,1
25194,2776,2779,1
25195,2776,2780,1
25196,2776,2781,1
25197,2776,2783,1
25198,2776,2784,1
25199,2776,3227,1
25200,2777,2778,1
25201,2777,2780,1
25202,2777,2782,1
25203,2777,2783,1
25204,2777,2785,1
25205,2777,3641,1
25206,2778,2780,1
25207,2778,2781,1
25208,2778,2782,1
25209,2778,2784,1
25210,2778,2785,1
25211,2778,2786,1
25212,2778,4164,1
25213,2778,4724,1
25214,2779,2780,1
25215,2779,2783,1
25216,2779,2784,1
25217,2779,2785,1
25218,2779,2786,1
25219,2779,4341,1
25220,2780,2781,1
25221,2780,2782,1
25222,2780,2785,1
25223,2780,2786,1
25224,2780,2787,1
25225,2780,2788,1
25226,2780,3116,1
25227,2780,3761,1
25228,2780,3754,1
25229,2781,2782,1
25230,2781,2786,1
25231,2781,2787,1
25232,2781,2788,1
25233,2781,2789,1
25234,2781,4798,1
25235,2781,3886,1
25236,2781,3838,1
25237,2782,2783,1
25238,2782,2784,1
25239,2782,2785,1
25240,2782,2787,1
25241,2782,2788,1
25242,2782,2789,1
25243,2782,4809,1
25244,2782,4061,1
25245,2783,2785,1
25246,2783,2786,1
25247,2783,2787,1
25248,2783,2788,1
25249,2783,2789,1
25250,2783,2791,1
25251,2783,2822,1
25252,2784,2786,1
25253,2784,2787,1
25254,2784,2788,1
25255,2784,2791,1
25256,2784,2792,1
25257,2784,3311,1
25258,2784,3462,1
25259,2784,4827,1
25260,2785,2786,1
25261,2785,2787,1
25262,2785,2788,1
25263,2785,2790,1
25264,2785,2791,1
25265,2785,2792,1
25266,2785,2793,1
25267,2785,4421,1
25268,2786,2789,1
25269,2786,2792,1
25270,2786,2793,1
25271,2786,4417,1
25272,2787,2790,1
25273,2787,2795,1
25274,2787,3715,1
25275,2788,2789,1
25276,2788,2790,1
25277,2788,2791,1
25278,2788,2792,1
25279,2788,2793,1
25280,2788,2796,1
25281,2789,2790,1
25282,2789,2791,1
25283,2789,2793,1
25284,2789,2794,1
25285,2789,2795,1
25286,2789,2796,1
25287,2790,2791,1
25288,2790,2792,1
25289,2790,2793,1
25290,2790,2794,1
25291,2790,2795,1
25292,2790,2796,1
25293,2790,4198,1
25294,2791,2792,1
25295,2791,2793,1
25296,2791,2796,1
25297,2791,2797,1
25298,2791,4333,1
25299,2791,3454,1
25300,2791,4725,1
25301,2792,2793,1
25302,2792,2797,1
25303,2792,2800,1
25304,2792,3176,1
25305,2792,2997,1
25306,2793,2794,1
25307,2793,2795,1
25308,2793,2796,1
25309,2793,2799,1
25310,2793,2801,1
25311,2793,4451,1
25312,2794,2796,1
25313,2794,2799,1
25314,2794,2801,1
25315,2794,2802,1
25316,2794,4277,1
25317,2794,4984,1
25318,2794,2818,1
25319,2794,3832,1
25320,2795,2796,1
25321,2795,2797,1
25322,2795,2798,1
25323,2795,2802,1
25324,2795,2803,1
25325,2795,3225,1
25326,2795,4054,1
25327,2795,3010,1
25328,2796,2800,1
25329,2796,2801,1
25330,2796,2803,1
25331,2796,2804,1
25332,2796,4584,1
25333,2797,2798,1
25334,2797,2799,1
25335,2797,2800,1
25336,2797,2801,1
25337,2797,2802,1
25338,2797,2803,1
25339,2797,4544,1
25340,2798,2802,1
25341,2798,2803,1
25342,2798,2804,1
25343,2798,2805,1
25344,2798,2806,1
25345,2799,2800,1
25346,2799,2803,1
25347,2799,2804,1
25348,2799,2805,1
25349,2799,2806,1
25350,2799,2807,1
25351,2799,3211,1
25352,2800,2801,1
25353,2800,2803,1
25354,2800,2807,1
25355,2800,2808,1
25356,2800,4663,1
25357,2801,2803,1
25358,2801,2806,1
25359,2801,2808,1
25360,2801,3783,1
25361,2801,4030,1
25362,2801,4253,1
25363,2801,4803,1
25364,2802,2803,1
25365,2802,2804,1
25366,2802,2807,1
25367,2802,2808,1
25368,2802,3169,1
25369,2802,4999,1
25370,2802,3151,1
25371,2803,2804,1
25372,2803,2805,1
25373,2803,2806,1
25374,2803,2807,1
25375,2803,2809,1
25376,2803,2810,1
25377,2803,4301,1
25378,2804,2805,1
25379,2804,2806,1
25380,2804,2807,1
25381,2804,2808,1
25382,2804,2809,1
25383,2804,2810,1
25384,2804,2811,1
25385,2804,2812,1
25386,2804,4782,1
25387,2805,2806,1
25388,2805,2807,1
25389,2805,2808,1
25390,2805,2811,1
25391,2805,2813,1
25392,2805,4936,1
25393,2805,4638,1
25394,2805,3307,1
25395,2805,3713,1
25396,2806,2807,1
25397,2806,2808,1
25398,2806,2809,1
25399,2806,2810,1
25400,2806,2813,1
25401,2806,2814,1
25402,2806,4323,1
25403,2806,3613,1
25404,2807,2808,1
25405,2807,2810,1
25406,2807,2811,1
25407,2807,2812,1
25408,2807,4452,1
25409,2807,3002,1
25410,2807,3967,1
25411,2807,4341,1
25412,2808,2809,1
25413,2808,2810,1
25414,2808,2811,1
25415,2808,2813,1
25416,2808,2815,1
25417,2808,3305,1
25418,2808,4548,1
25419,2809,2810,1
25420,2809,2811,1
25421,2809,2813,1
25422,2809,2815,1
25423,2809,2816,1
25424,2809,2817,1
25425,2809,3333,1
25426,2809,3108,1
25427,2810,2811,1
25428,2810,2812,1
25429,2810,2813,1
25430,2810,2814,1
25431,2810,2817,1
25432,2810,2818,1
25433,2810,4226,1
25434,2810,3958,1
25435,2810,4838,1
25436,2811,2812,1
25437,2811,2815,1
25438,2811,2817,1
25439,2811,2818,1
25440,2811,3034,1
25441,2811,4077,1
25442,2811,4787,1
25443,2812,2813,1
25444,2812,2814,1
25445,2812,2815,1
25446,2812,2817,1
25447,2812,2818,1
25448,2812,2819,1
25449,2812,2820,1
25450,2812,3150,1
25451,2812,3545,1
25452,2812,3776,1
25453,2813,2814,1
25454,2813,2815,1
25455,2813,2816,1
25456,2813,2817,1
25457,2813,2818,1
25458,2813,2819,1
25459,2813,2820,1
25460,2813,2821,1
25461,2813,4577,1
25462,2814,2815,1
25463,2814,2816,1
25464,2814,2817,1
25465,2814,2818,1
25466,2814,2819,1
25467,2814,2822,1
25468,2814,3867,1
25469,2814,4463,1
25470,2814,4693,1
25471,2814,3511,1
25472,2814,3719,1
25473,2815,2816,1
25474,2815,2817,1
25475,2815,2818,1
25476,2815,2819,1
25477,2815,2820,1
25478,2815,2821,1
25479,2815,2822,1
25480,2815,3892,1
25481,2815,3885,1
25482,2816,2817,1
25483,2816,2818,1
25484,2816,2820,1
25485,2816,2822,1
25486,2816,2823,1
25487,2816,3369,1
25488,2816,3445,1
25489,2816,4789,1
25490,2817,2819,1
25491,2817,2820,1
25492,2817,2822,1
25493,2817,2823,1
25494,2817,3158,1
25495,2817,4445,1
25496,2818,2819,1
25497,2818,2820,1
25498,2818,2821,1
25499,2818,2822,1
25500,2818,2826,1
25501,2818,4253,1
25502,2818,4709,1
25503,2818,3174,1
25504,2818,3716,1
25505,2819,2821,1
25506,2819,2822,1
25507,2819,2823,1
25508,2819,2824,1
25509,2819,2825,1
25510,2819,2826,1
25511,2819,2827,1
25512,2819,3674,1
25513,2820,2822,1
25514,2820,2825,1
25515,2820,2826,1
25516,2820,2828,1
25517,2820,4403,1
25518,2820,4276,1
25519,2821,2822,1
25520,2821,2823,1
25521,2821,2825,1
25522,2821,2826,1
25523,2821,2827,1
25524,2821,2829,1
25525,2821,4665,1
25526,2821,3531,1
25527,2822,2824,1
25528,2822,2825,1
25529,2822,2826,1
25530,2822,2827,1
25531,2822,2828,1
25532,2822,2830,1
25533,2822,3632,1
25534,2822,3922,1
25535,2823,2824,1
25536,2823,2826,1
25537,2823,2827,1
25538,2823,2828,1
25539,2823,2830,1
25540,2823,4587,1
25541,2823,4202,1
25542,2824,2825,1
25543,2824,2826,1
25544,2824,2827,1
25545,2824,2829,1
25546,2824,2830,1
25547,2824,2832,1
25548,2825,2826,1
25549,2825,2827,1
25550,2825,2828,1
25551,2825,2829,1
25552,2825,2831,1
25553,2825,2832,1
25554,2825,2833,1
25555,2825,2957,1
25556,2825,4073,1
25557,2826,2828,1
25558,2826,2830,1
25559,2826,2831,1
25560,2826,2833,1
25561,2826,2834,1
25562,2826,4750,1
25563,2826,4112,1
25564,2827,2829,1
25565,2827,2830,1
25566,2827,2831,1
25567,2827,2833,1
25568,2827,2834,1
25569,2827,4954,1
25570,2827,2984,1
25571,2828,2829,1
25572,2828,2830,1
25573,2828,2831,1
25574,2828,2832,1
25575,2828,2833,1
25576,2828,2834,1
25577,2828,2835,1
25578,2828,2836,1
25579,2828,4877,1
25580,2828,4397,1
25581,2829,2830,1
25582,2829,2831,1
25583,2829,2832,1
25584,2829,2833,1
25585,2829,2834,1
25586,2829,2835,1
25587,2829,2836,1
25588,2829,4938,1
25589,2830,2831,1
25590,2830,2832,1
25591,2830,2833,1
25592,2830,2834,1
25593,2830,2835,1
25594,2830,2836,1
25595,2830,2837,1
25596,2830,2838,1
25597,2830,4551,1
25598,2831,2832,1
25599,2831,2833,1
25600,2831,2834,1
25601,2831,2835,1
25602,2831,2836,1
25603,2831,2837,1
25604,2831,2839,1
25605,2832,2833,1
25606,2832,2834,1
25607,2832,2835,1
25608,2832,2836,1
25609,2832,2837,1
25610,2832,2839,1
25611,2832,2840,1
25612,2832,4771,1
25613,2833,2834,1
25614,2833,2835,1
25615,2833,2837,1
25616,2833,2838,1
25617,2833,2839,1
25618,2833,2841,1
25619,2833,3271,1
25620,2833,4709,1
25621,2834,2838,1
25622,2834,2839,1
25623,2834,2840,1
25624,2834,2841,1
25625,2834,4792,1
25626,2834,3566,1
25627,2834,3695,1
25628,2834,3503,1
25629,2835,2836,1
25630,2835,2837,1
25631,2835,2838,1
25632,2835,2839,1
25633,2835,2840,1
25634,2835,2841,1
25635,2835,2842,1
25636,2835,2843,1
25637,2835,4280,1
25638,2836,2839,1
25639,2836,2840,1
25640,2836,2841,1
25641,2836,2842,1
25642,2836,2843,1
25643,2836,2844,1
25644,2837,2838,1
25645,2837,2839,1
25646,2837,2841,1
25647,2837,2843,1
25648,2837,2844,1
25649,2837,4469,1
25650,2837,2913,1
25651,2838,2841,1
25652,2838,2842,1
25653,2838,2843,1
25654,2838,2844,1
25655,2838,2845,1
25656,2838,4041,1
25657,2838,3212,1
25658,2838,3500,1
25659,2839,2840,1
25660,2839,2842,1
25661,2839,2843,1
25662,2839,2846,1
25663,2839,4244,1
25664,2839,4540,1
25665,2839,3132,1
25666,2840,2841,1
25667,2840,2842,1
25668,2840,2843,1
25669,2840,2847,1
25670,2840,4999,1
25671,2840,4762,1
25672,2840,4201,1
25673,2840,3138,1
25674,2841,2844,1
25675,2841,2845,1
25676,2841,2846,1
25677,2841,2847,1
25678,2841,2848,1
25679,2841,2849,1
25680,2841,4085,1
25681,2841,3306,1
25682,2841,2931,1
25683,2842,2843,1
25684,2842,2845,1
25685,2842,2847,1
25686,2842,2848,1
25687,2842,2849,1
25688,2842,2850,1
25689,2842,3116,1
25690,2842,4901,1
25691,2843,2844,1
25692,2843,2845,1
25693,2843,2848,1
25694,2843,2849,1
25695,2843,2850,1
25696,2843,2851,1
25697,2843,4917,1
25698,2844,2846,1
25699,2844,2847,1
25700,2844,2848,1
25701,2844,2849,1
25702,2844,2850,1
25703,2844,3882,1
25704,2845,2846,1
25705,2845,2847,1
25706,2845,2848,1
25707,2845,2849,1
25708,2845,2850,1
25709,2845,2851,1
25710,2845,2852,1
25711,2846,2847,1
25712,2846,2848,1
25713,2846,2849,1
25714,2846,2850,1
25715,2846,2854,1
25716,2846,3582,1
25717,2846,3796,1
25718,2846,4082,1
25719,2847,2851,1
25720,2847,2852,1
25721,2847,2853,1
25722,2847,2854,1
25723,2847,2855,1
25724,2847,3506,1
25725,2847,4041,1
25726,2847,4077,1
25727,2847,4304,1
25728,2847,3493,1
25729,2848,2849,1
25730,2848,2850,1
25731,2848,2851,1
25732,2848,2853,1
25733,2848,2854,1
25734,2848,2856,1
25735,2848,4025,1
25736,2848,4987,1
25737,2849,2850,1
25738,2849,2851,1
25739,2849,2852,1
25740,2849,2853,1
25741,2849,2854,1
25742,2849,2855,1
25743,2849,2856,1
25744,2849,2857,1
25745,2849,3981,1
25746,2850,2855,1
25747,2850,2856,1
25748,2850,2857,1
25749,2850,2858,1
25750,2850,4034,1
25751,2850,4938,1
25752,2850,4399,1
25753,2851,2852,1
25754,2851,2853,1
25755,2851,2854,1
25756,2851,2856,1
25757,2851,2857,1
25758,2851,3871,1
25759,2851,4448,1
25760,2851,4311,1
25761,2851,3841,1
25762,2851,4616,1
25763,2851,2961,1
25764,2852,2854,1
25765,2852,2855,1
25766,2852,2857,1
25767,2852,2860,1
25768,2852,4726,1
25769,2852,4508,1
25770,2852,4542,1
25771,2853,2854,1
25772,2853,2855,1
25773,2853,2858,1
25774,2853,2859,1
25775,2853,2860,1
25776,2853,2861,1
25777,2854,2855,1
25778,2854,2856,1
25779,2854,2857,1
25780,2854,2858,1
25781,2854,2859,1
25782,2854,2860,1
25783,2854,2861,1
25784,2854,2862,1
25785,2854,3748,1
25786,2855,2856,1
25787,2855,2857,1
25788,2855,2858,1
25789,2855,2861,1
25790,2855,2862,1
25791,2855,2863,1
25792,2855,4996,1
25793,2855,4299,1
25794,2856,2857,1
25795,2856,2859,1
25796,2856,2861,1
25797,2856,2862,1
25798,2856,2864,1
25799,2856,3488,1
25800,2856,4374,1
25801,2856,4485,1
25802,2857,2859,1
25803,2857,2860,1
25804,2857,2861,1
25805,2857,2863,1
25806,2857,3666,1
25807,2857,4920,1
25808,2857,4105,1
25809,2857,3294,1
25810,2857,4843,1
25811,2858,2859,1
25812,2858,2860,1
25813,2858,2861,1
25814,2858,2862,1
25815,2858,2863,1
25816,2858,2864,1
25817,2858,2865,1
25818,2858,2866,1
25819,2858,2928,1
25820,2859,2860,1
25821,2859,2862,1
25822,2859,2863,1
25823,2859,2864,1
25824,2859,2865,1
25825,2859,2867,1
25826,2859,4560,1
25827,2859,3602,1
25828,2860,2861,1
25829,2860,2862,1
25830,2860,2863,1
25831,2860,2864,1
25832,2860,2866,1
25833,2860,2867,1
25834,2860,2868,1
25835,2860,4065,1
25836,2861,2862,1
25837,2861,2864,1
25838,2861,2866,1
25839,2861,2869,1
25840,2861,4415,1
25841,2861,3023,1
25842,2861,3328,1
25843,2861,3486,1
25844,2862,2863,1
25845,2862,2865,1
25846,2862,2866,1
25847,2862,2868,1
25848,2862,2869,1
25849,2862,3904,1
25850,2862,4538,1
25851,2863,2864,1
25852,2863,2865,1
25853,2863,2866,1
25854,2863,2867,1
25855,2863,2869,1
25856,2863,2870,1
25857,2864,2865,1
25858,2864,2866,1
25859,2864,2867,1
25860,2864,2868,1
25861,2864,2870,1
25862,2864,2872,1
25863,2864,4337,1
25864,2864,3738,1
25865,2865,2866,1
25866,2865,2867,1
25867,2865,2868,1
25868,2865,2869,1
25869,2865,2870,1
25870,2865,2872,1
25871,2865,2873,1
25872,2865,3016,1
25873,2866,2867,1
25874,2866,2868,1
25875,2866,2869,1
25876,2866,2871,1
25877,2866,2872,1
25878,2866,2873,1
25879,2866,4815,1
25880,2866,2972,1
25881,2866,3840,1
25882,2867,2868,1
25883,2867,2869,1
25884,2867,2870,1
25885,2867,2872,1
25886,2867,2873,1
25887,2867,2875,1
25888,2867,3177,1
25889,2868,2869,1
25890,2868,2871,1
25891,2868,2872,1
25892,2868,2874,1
25893,2868,2875,1
25894,2868,2876,1
25895,2869,2870,1
25896,2869,2872,1
25897,2869,2873,1
25898,2869,2874,1
25899,2869,2875,1
25900,2869,2876,1
25901,2869,2877,1
25902,2869,3971,1
25903,2869,4418,1
25904,2870,2872,1
25905,2870,2873,1
25906,2870,2876,1
25907,2870,2877,1
25908,2870,4935,1
25909,2870,3825,1
25910,2870,4753,1
25911,2871,2873,1
25912,2871,2875,1
25913,2871,2876,1
25914,2871,2877,1
25915,2871,2879,1
25916,2871,3263,1
25917,2871,4673,1
25918,2872,2873,1
25919,2872,2874,1
25920,2872,2875,1
25921,2872,2876,1
25922,2872,2877,1
25923,2872,2879,1
25924,2872,2880,1
25925,2872,3529,1
25926,2872,4298,1
25927,2872,3056,1
25928,2872,4917,1
25929,2873,2874,1
25930,2873,2875,1
25931,2873,2876,1
25932,2873,2880,1
25933,2873,2881,1
25934,2874,2876,1
25935,2874,2878,1
25936,2874,2879,1
25937,2874,2880,1
25938,2874,2881,1
25939,2874,2882,1
25940,2874,3450,1
25941,2875,2877,1
25942,2875,2878,1
25943,2875,2879,1
25944,2875,2881,1
25945,2875,3088,1
25946,2875,4230,1
25947,2875,4767,1
25948,2876,2877,1
25949,2876,2878,1
25950,2876,2881,1
25951,2876,2883,1
25952,2876,3653,1
25953,2876,3420,1
25954,2876,4197,1
25955,2877,2878,1
25956,2877,2879,1
25957,2877,2880,1
25958,2877,2882,1
25959,2877,2883,1
25960,2877,2884,1
25961,2877,3557,1
25962,2877,3263,1
25963,2877,2910,1
25964,2878,2879,1
25965,2878,2882,1
25966,2878,2884,1
25967,2878,2885,1
25968,2878,2886,1
25969,2878,3526,1
25970,2878,4512,1
25971,2879,2880,1
25972,2879,2881,1
25973,2879,2883,1
25974,2879,2885,1
25975,2879,2886,1
25976,2879,4347,1
25977,2879,3932,1
25978,2880,2881,1
25979,2880,2882,1
25980,2880,2883,1
25981,2880,2884,1
25982,2880,2885,1
25983,2880,2887,1
25984,2880,2888,1
25985,2880,4109,1
25986,2880,4475,1
25987,2880,4225,1
25988,2881,2882,1
25989,2881,2883,1
25990,2881,2884,1
25991,2881,2885,1
25992,2881,2886,1
25993,2881,2887,1
25994,2881,2888,1
25995,2881,2889,1
25996,2881,4604,1
25997,2882,2883,1
25998,2882,2884,1
25999,2882,2886,1
26000,2882,2888,1
26001,2882,2889,1
26002,2882,2890,1
26003,2883,2884,1
26004,2883,2885,1
26005,2883,2886,1
26006,2883,2887,1
26007,2883,2889,1
26008,2883,2890,1
26009,2883,3794,1
26010,2884,2886,1
26011,2884,2887,1
26012,2884,2889,1
26013,2884,2890,1
26014,2884,2891,1
26015,2884,2892,1
26016,2884,3827,1
26017,2884,4536,1
26018,2885,2887,1
26019,2885,2889,1
26020,2885,2890,1
26021,2885,2891,1
26022,2885,2892,1
26023,2885,2893,1
26024,2886,2887,1
26025,2886,2888,1
26026,2886,2890,1
26027,2886,2892,1
26028,2886,2893,1
26029,2886,3123,1
26030,2886,4137,1
26031,2887,2888,1
26032,2887,2889,1
26033,2887,2890,1
26034,2887,2891,1
26035,2887,2893,1
26036,2887,2895,1
26037,2887,3947,1
26038,2887,3641,1
26039,2887,3508,1
26040,2887,2937,1
26041,2888,2889,1
26042,2888,2890,1
26043,2888,2891,1
26044,2888,2895,1
26045,2888,4733,1
26046,2889,2890,1
26047,2889,2891,1
26048,2889,2892,1
26049,2889,2893,1
26050,2889,2894,1
26051,2889,2895,1
26052,2889,2897,1
26053,2889,3303,1
26054,2890,2891,1
26055,2890,2892,1
26056,2890,2893,1
26057,2890,2894,1
26058,2890,2895,1
26059,2890,2896,1
26060,2890,2897,1
26061,2891,2892,1
26062,2891,2893,1
26063,2891,2895,1
26064,2891,2899,1
26065,2891,4316,1
26066,2891,3574,1
26067,2891,4936,1
26068,2891,3645,1
26069,2892,2893,1
26070,2892,2897,1
26071,2892,2898,1
26072,2892,2899,1
26073,2892,2900,1
26074,2892,3311,1
26075,2893,2894,1
26076,2893,2895,1
26077,2893,2896,1
26078,2893,2897,1
26079,2893,2898,1
26080,2893,2899,1
26081,2893,2900,1
26082,2893,2901,1
26083,2894,2897,1
26084,2894,2899,1
26085,2894,2900,1
26086,2894,2901,1
26087,2894,2902,1
26088,2894,4482,1
26089,2894,4053,1
26090,2895,2896,1
26091,2895,2897,1
26092,2895,2899,1
26093,2895,2900,1
26094,2895,2901,1
26095,2895,2902,1
26096,2895,2903,1
26097,2895,2907,1
26098,2896,2897,1
26099,2896,2898,1
26100,2896,2899,1
26101,2896,2901,1
26102,2896,2902,1
26103,2896,2903,1
26104,2896,2904,1
26105,2897,2898,1
26106,2897,2899,1
26107,2897,2900,1
26108,2897,2902,1
26109,2897,2903,1
26110,2897,2904,1
26111,2897,2905,1
26112,2897,4663,1
26113,2898,2900,1
26114,2898,2902,1
26115,2898,2903,1
26116,2898,2906,1
26117,2898,3893,1
26118,2898,3232,1
26119,2899,2900,1
26120,2899,2901,1
26121,2899,2902,1
26122,2899,2904,1
26123,2899,2905,1
26124,2899,2906,1
26125,2899,2907,1
26126,2900,2902,1
26127,2900,2904,1
26128,2900,2905,1
26129,2900,2907,1
26130,2900,2908,1
26131,2900,3538,1
26132,2900,3159,1
26133,2901,2903,1
26134,2901,2904,1
26135,2901,2905,1
26136,2901,2906,1
26137,2901,2907,1
26138,2901,2909,1
26139,2901,3120,1
26140,2901,4900,1
26141,2901,3659,1
26142,2902,2903,1
26143,2902,2904,1
26144,2902,2905,1
26145,2902,2907,1
26146,2902,2908,1
26147,2902,2909,1
26148,2902,3079,1
26149,2902,3031,1
26150,2903,2904,1
26151,2903,2905,1
26152,2903,2908,1
26153,2903,2909,1
26154,2903,2910,1
26155,2903,2911,1
26156,2904,2905,1
26157,2904,2906,1
26158,2904,2907,1
26159,2904,2908,1
26160,2904,2909,1
26161,2904,2910,1
26162,2904,2911,1
26163,2904,2912,1
26164,2904,3751,1
26165,2904,3005,1
26166,2905,2908,1
26167,2905,2910,1
26168,2905,2912,1
26169,2905,2913,1
26170,2905,3640,1
26171,2905,4476,1
26172,2906,2908,1
26173,2906,2910,1
26174,2906,2913,1
26175,2906,2914,1
26176,2906,4105,1
26177,2906,4608,1
26178,2906,4571,1
26179,2907,2909,1
26180,2907,2910,1
26181,2907,2911,1
26182,2907,2914,1
26183,2907,4007,1
26184,2908,2911,1
26185,2908,2912,1
26186,2908,2913,1
26187,2908,2914,1
26188,2908,2916,1
26189,2908,3728,1
26190,2908,2922,1
26191,2909,2910,1
26192,2909,2911,1
26193,2909,2912,1
26194,2909,2913,1
26195,2909,2914,1
26196,2909,2915,1
26197,2909,2917,1
26198,2909,4197,1
26199,2910,2913,1
26200,2910,2914,1
26201,2910,2915,1
26202,2910,2917,1
26203,2910,2918,1
26204,2910,4604,1
26205,2911,2912,1
26206,2911,2913,1
26207,2911,2915,1
26208,2911,2916,1
26209,2911,2918,1
26210,2911,4594,1
26211,2911,4398,1
26212,2911,3506,1
26213,2911,4534,1
26214,2912,2914,1
26215,2912,2915,1
26216,2912,2919,1
26217,2912,2920,1
26218,2912,4277,1
26219,2912,4146,1
26220,2913,2914,1
26221,2913,2915,1
26222,2913,2916,1
26223,2913,2918,1
26224,2913,2919,1
26225,2913,2921,1
26226,2913,3218,1
26227,2913,4067,1
26228,2914,2916,1
26229,2914,2917,1
26230,2914,2919,1
26231,2914,2921,1
26232,2914,2922,1
26233,2915,2916,1
26234,2915,2917,1
26235,2915,2919,1
26236,2915,2920,1
26237,2915,2921,1
26238,2915,2923,1
26239,2915,4389,1
26240,2915,4286,1
26241,2916,2917,1
26242,2916,2919,1
26243,2916,2922,1
26244,2916,2923,1
26245,2916,2924,1
26246,2916,3044,1
26247,2916,4089,1
26248,2917,2918,1
26249,2917,2920,1
26250,2917,2921,1
26251,2917,2923,1
26252,2917,2924,1
26253,2917,2925,1
26254,2917,4021,1
26255,2918,2919,1
26256,2918,2920,1
26257,2918,2921,1
26258,2918,2923,1
26259,2918,2924,1
26260,2918,2925,1
26261,2918,3524,1
26262,2918,3692,1
26263,2919,2920,1
26264,2919,2921,1
26265,2919,2922,1
26266,2919,2923,1
26267,2919,2924,1
26268,2919,2925,1
26269,2919,2926,1
26270,2919,3306,1
26271,2919,4846,1
26272,2920,2921,1
26273,2920,2922,1
26274,2920,2923,1
26275,2920,2926,1
26276,2920,2927,1
26277,2920,2928,1
26278,2921,2923,1
26279,2921,2924,1
26280,2921,2925,1
26281,2921,2926,1
26282,2921,2927,1
26283,2921,2928,1
26284,2921,2929,1
26285,2921,4659,1
26286,2921,3799,1
26287,2922,2924,1
26288,2922,2926,1
26289,2922,2927,1
26290,2922,2928,1
26291,2922,2930,1
26292,2922,3533,1
26293,2922,3807,1
26294,2923,2924,1
26295,2923,2925,1
26296,2923,2926,1
26297,2923,2927,1
26298,2923,2928,1
26299,2923,2929,1
26300,2923,2931,1
26301,2923,4538,1
26302,2924,2925,1
26303,2924,2927,1
26304,2924,2928,1
26305,2924,2929,1
26306,2924,2931,1
26307,2924,2932,1
26308,2924,3896,1
26309,2924,3213,1
26310,2925,2926,1
26311,2925,2927,1
26312,2925,2928,1
26313,2925,2929,1
26314,2925,2930,1
26315,2925,2931,1
26316,2925,2932,1
26317,2925,2933,1
26318,2925,3852,1
26319,2926,2927,1
26320,2926,2928,1
26321,2926,2929,1
26322,2926,2932,1
26323,2926,2934,1
26324,2926,4439,1
26325,2926,3748,1
26326,2926,4951,1
26327,2927,2930,1
26328,2927,2931,1
26329,2927,2932,1
26330,2927,2933,1
26331,2927,2935,1
26332,2927,3564,1
26333,2927,3715,1
26334,2927,4132,1
26335,2928,2929,1
26336,2928,2930,1
26337,2928,2932,1
26338,2928,2935,1
26339,2928,3247,1
26340,2928,3909,1
26341,2928,4455,1
26342,2928,3246,1
26343,2929,2930,1
26344,2929,2931,1
26345,2929,2933,1
26346,2929,2934,1
26347,2929,2935,1
26348,2929,3987,1
26349,2929,4954,1
26350,2929,3940,1
26351,2930,2931,1
26352,2930,2934,1
26353,2930,2935,1
26354,2930,2936,1
26355,2930,2938,1
26356,2930,4141,1
26357,2931,2932,1
26358,2931,2935,1
26359,2931,2936,1
26360,2931,2938,1
26361,2931,2939,1
26362,2931,3275,1
26363,2931,3088,1
26364,2932,2933,1
26365,2932,2935,1
26366,2932,2937,1
26367,2932,2938,1
26368,2932,3413,1
26369,2932,4555,1
26370,2933,2936,1
26371,2933,2937,1
26372,2933,2938,1
26373,2933,2939,1
26374,2933,2940,1
26375,2933,2941,1
26376,2933,3182,1
26377,2934,2935,1
26378,2934,2936,1
26379,2934,2938,1
26380,2934,2939,1
26381,2934,2940,1
26382,2934,2941,1
26383,2934,3071,1
26384,2934,3519,1
26385,2934,4865,1
26386,2935,2936,1
26387,2935,2938,1
26388,2935,2939,1
26389,2935,2940,1
26390,2935,2941,1
26391,2935,2942,1
26392,2935,2943,1
26393,2936,2938,1
26394,2936,2939,1
26395,2936,2940,1
26396,2936,2941,1
26397,2936,2944,1
26398,2936,4639,1
26399,2937,2939,1
26400,2937,2940,1
26401,2937,2941,1
26402,2937,2943,1
26403,2937,2944,1
26404,2937,4132,1
26405,2937,4965,1
26406,2938,2939,1
26407,2938,2940,1
26408,2938,2941,1
26409,2938,2942,1
26410,2938,2944,1
26411,2938,2946,1
26412,2938,4610,1
26413,2939,2942,1
26414,2939,2944,1
26415,2939,2947,1
26416,2939,4030,1
26417,2939,4575,1
26418,2939,4555,1
26419,2939,2965,1
26420,2940,2941,1
26421,2940,2943,1
26422,2940,2945,1
26423,2940,3662,1
26424,2940,4951,1
26425,2940,4241,1
26426,2940,3960,1
26427,2941,2942,1
26428,2941,2943,1
26429,2941,2944,1
26430,2941,2945,1
26431,2941,2947,1
26432,2941,2948,1
26433,2941,2949,1
26434,2941,4277,1
26435,2941,3102,1
26436,2941,4640,1
26437,2942,2943,1
26438,2942,2945,1
26439,2942,2946,1
26440,2942,2947,1
26441,2942,2948,1
26442,2942,2950,1
26443,2942,3908,1
26444,2943,2945,1
26445,2943,2947,1
26446,2943,2948,1
26447,2943,2949,1
26448,2943,4832,1
26449,2943,3131,1
26450,2944,2945,1
26451,2944,2947,1
26452,2944,2948,1
26453,2944,2949,1
26454,2944,2950,1
26455,2944,2951,1
26456,2944,2952,1
26457,2944,3910,1
26458,2944,4853,1
26459,2944,4323,1
26460,2945,2946,1
26461,2945,2948,1
26462,2945,2949,1
26463,2945,2951,1
26464,2945,2953,1
26465,2945,3744,1
26466,2945,4718,1
26467,2945,4634,1
26468,2945,3464,1
26469,2945,4442,1
26470,2946,2949,1
26471,2946,2950,1
26472,2946,2953,1
26473,2946,2954,1
26474,2946,4501,1
26475,2946,3479,1
26476,2946,3556,1
26477,2947,2948,1
26478,2947,2950,1
26479,2947,2951,1
26480,2947,2952,1
26481,2947,2953,1
26482,2947,2954,1
26483,2947,4034,1
26484,2947,4476,1
26485,2948,2951,1
26486,2948,2952,1
26487,2948,2953,1
26488,2948,2954,1
26489,2948,2955,1
26490,2949,2950,1
26491,2949,2951,1
26492,2949,2952,1
26493,2949,2954,1
26494,2949,2955,1
26495,2949,2957,1
26496,2949,3866,1
26497,2949,4021,1
26498,2950,2953,1
26499,2950,2955,1
26500,2950,2956,1
26501,2950,2958,1
26502,2950,3000,1
26503,2951,2952,1
26504,2951,2954,1
26505,2951,2955,1
26506,2951,2956,1
26507,2951,2958,1
26508,2951,3489,1
26509,2951,3407,1
26510,2951,4684,1
26511,2952,2953,1
26512,2952,2954,1
26513,2952,2955,1
26514,2952,2956,1
26515,2952,2957,1
26516,2952,2959,1
26517,2952,2960,1
26518,2952,4778,1
26519,2953,2955,1
26520,2953,2956,1
26521,2953,2957,1
26522,2953,2960,1
26523,2953,2961,1
26524,2953,4450,1
26525,2953,3692,1
26526,2953,4449,1
26527,2953,3337,1
26528,2953,4123,1
26529,2954,2955,1
26530,2954,2956,1
26531,2954,2957,1
26532,2954,2961,1
26533,2954,2962,1
26534,2954,3112,1
26535,2954,3101,1
26536,2954,4593,1
26537,2955,2962,1
26538,2955,2963,1
26539,2955,3672,1
26540,2955,4300,1
26541,2955,4737,1
26542,2955,4871,1
26543,2956,2957,1
26544,2956,2959,1
26545,2956,2960,1
26546,2956,2961,1
26547,2956,2962,1
26548,2956,2964,1
26549,2956,3527,1
26550,2956,3778,1
26551,2956,4982,1
26552,2956,3928,1
26553,2957,2959,1
26554,2957,2960,1
26555,2957,2961,1
26556,2957,2962,1
26557,2957,2963,1
26558,2957,2964,1
26559,2957,2965,1
26560,2958,2959,1
26561,2958,2960,1
26562,2958,2963,1
26563,2958,2964,1
26564,2958,2965,1
26565,2958,2966,1
26566,2958,4176,1
26567,2958,4366,1
26568,2959,2960,1
26569,2959,2961,1
26570,2959,2962,1
26571,2959,2963,1
26572,2959,2964,1
26573,2959,2965,1
26574,2959,2966,1
26575,2959,2967,1
26576,2959,3794,1
26577,2959,4864,1
26578,2960,2961,1
26579,2960,2962,1
26580,2960,2963,1
26581,2960,2964,1
26582,2960,2965,1
26583,2960,2966,1
26584,2960,2967,1
26585,2960,2968,1
26586,2961,2963,1
26587,2961,2964,1
26588,2961,2965,1
26589,2961,2966,1
26590,2961,2968,1
26591,2961,2977,1
26592,2961,4136,1
26593,2961,4289,1
26594,2961,3471,1
26595,2962,2965,1
26596,2962,2967,1
26597,2962,2968,1
26598,2962,2969,1
26599,2962,2970,1
26600,2962,4554,1
26601,2962,4501,1
26602,2962,3244,1
26603,2963,2964,1
26604,2963,2965,1
26605,2963,2966,1
26606,2963,2968,1
26607,2963,2969,1
26608,2963,2970,1
26609,2963,2971,1
26610,2963,4677,1
26611,2963,4777,1
26612,2964,2965,1
26613,2964,2966,1
26614,2964,2968,1
26615,2964,2969,1
26616,2964,2970,1
26617,2964,2971,1
26618,2964,2972,1
26619,2965,2966,1
26620,2965,2968,1
26621,2965,2969,1
26622,2965,2970,1
26623,2965,3596,1
26624,2965,4714,1
26625,2965,3927,1
26626,2966,2967,1
26627,2966,2971,1
26628,2966,2972,1
26629,2966,2973,1
26630,2966,2974,1
26631,2966,3391,1
26632,2966,4525,1
26633,2966,4586,1
26634,2967,2968,1
26635,2967,2970,1
26636,2967,2971,1
26637,2967,2972,1
26638,2967,2973,1
26639,2967,2974,1
26640,2967,2975,1
26641,2967,3274,1
26642,2967,3256,1
26643,2967,4075,1
26644,2968,2969,1
26645,2968,2970,1
26646,2968,2971,1
26647,2968,2972,1
26648,2968,2973,1
26649,2968,2974,1
26650,2968,2975,1
26651,2968,2976,1
26652,2969,2971,1
26653,2969,2972,1
26654,2969,2974,1
26655,2969,2975,1
26656,2969,2977,1
26657,2969,3438,1
26658,2970,2971,1
26659,2970,2972,1
26660,2970,2973,1
26661,2970,2974,1
26662,2970,2975,1
26663,2970,2978,1
26664,2970,4936,1
26665,2970,3439,1
26666,2971,2972,1
26667,2971,2973,1
26668,2971,2975,1
26669,2971,2976,1
26670,2971,2977,1
26671,2971,2978,1
26672,2971,2979,1
26673,2971,4006,1
26674,2972,2973,1
26675,2972,2974,1
26676,2972,2978,1
26677,2972,2979,1
26678,2972,2980,1
26679,2972,4765,1
26680,2973,2974,1
26681,2973,2975,1
26682,2973,2976,1
26683,2973,2977,1
26684,2973,2978,1
26685,2973,2979,1
26686,2973,3487,1
26687,2973,3049,1
26688,2973,3511,1
26689,2973,3639,1
26690,2974,2976,1
26691,2974,2977,1
26692,2974,2978,1
26693,2974,2980,1
26694,2974,2981,1
26695,2974,2982,1
26696,2975,2976,1
26697,2975,2977,1
26698,2975,2978,1
26699,2975,2980,1
26700,2975,2981,1
26701,2975,2983,1
26702,2975,4054,1
26703,2975,3919,1
26704,2976,2977,1
26705,2976,2978,1
26706,2976,2980,1
26707,2976,2981,1
26708,2976,2983,1
26709,2976,3085,1
26710,2976,3057,1
26711,2976,4287,1
26712,2977,2979,1
26713,2977,2980,1
26714,2977,2981,1
26715,2977,2982,1
26716,2977,2985,1
26717,2977,3624,1
26718,2977,4979,1
26719,2977,4541,1
26720,2978,2980,1
26721,2978,2981,1
26722,2978,2982,1
26723,2978,2984,1
26724,2978,2985,1
26725,2978,2986,1
26726,2978,3291,1
26727,2978,3035,1
26728,2979,2980,1
26729,2979,2981,1
26730,2979,2982,1
26731,2979,2985,1
26732,2979,2986,1
26733,2979,2987,1
26734,2980,2981,1
26735,2980,2982,1
26736,2980,2984,1
26737,2980,2987,1
26738,2980,2988,1
26739,2980,4927,1
26740,2980,4486,1
26741,2980,4116,1
26742,2981,2982,1
26743,2981,2983,1
26744,2981,2985,1
26745,2981,2989,1
26746,2981,3644,1
26747,2981,3807,1
26748,2981,4438,1
26749,2982,2983,1
26750,2982,2984,1
26751,2982,2988,1
26752,2982,2989,1
26753,2982,2990,1
26754,2982,4628,1
26755,2982,4383,1
26756,2982,4209,1
26757,2983,2984,1
26758,2983,2985,1
26759,2983,2986,1
26760,2983,2987,1
26761,2983,2988,1
26762,2983,2989,1
26763,2983,2990,1
26764,2983,3827,1
26765,2983,4727,1
26766,2984,2985,1
26767,2984,2986,1
26768,2984,2987,1
26769,2984,2988,1
26770,2984,2989,1
26771,2984,2991,1
26772,2984,2992,1
26773,2984,4258,1
26774,2985,2986,1
26775,2985,2987,1
26776,2985,2991,1
26777,2985,2992,1
26778,2985,3605,1
26779,2985,3157,1
26780,2985,4546,1
26781,2986,2987,1
26782,2986,2988,1
26783,2986,2992,1
26784,2986,2994,1
26785,2986,3087,1
26786,2986,3209,1
26787,2987,2988,1
26788,2987,2990,1
26789,2987,2991,1
26790,2987,2992,1
26791,2987,2994,1
26792,2987,2995,1
26793,2987,4866,1
26794,2987,3105,1
26795,2988,2989,1
26796,2988,2990,1
26797,2988,2992,1
26798,2988,2993,1
26799,2988,2994,1
26800,2988,2995,1
26801,2988,3160,1
26802,2988,3932,1
26803,2989,2990,1
26804,2989,2991,1
26805,2989,2992,1
26806,2989,2993,1
26807,2989,2995,1
26808,2989,2996,1
26809,2989,2997,1
26810,2989,4423,1
26811,2990,2991,1
26812,2990,2992,1
26813,2990,2993,1
26814,2990,2994,1
26815,2990,2995,1
26816,2990,2996,1
26817,2990,2997,1
26818,2990,4222,1
26819,2990,3825,1
26820,2991,2993,1
26821,2991,2995,1
26822,2991,2996,1
26823,2991,2999,1
26824,2991,4645,1
26825,2991,4804,1
26826,2992,2993,1
26827,2992,2995,1
26828,2992,2996,1
26829,2992,2997,1
26830,2992,2998,1
26831,2992,2999,1
26832,2992,3073,1
26833,2992,4679,1
26834,2993,2994,1
26835,2993,2995,1
26836,2993,2996,1
26837,2993,2997,1
26838,2993,2998,1
26839,2993,2999,1
26840,2993,3000,1
26841,2993,3001,1
26842,2994,2995,1
26843,2994,2996,1
26844,2994,2997,1
26845,2994,2998,1
26846,2994,3000,1
26847,2994,3002,1
26848,2994,3182,1
26849,2994,3146,1
26850,2995,2997,1
26851,2995,2998,1
26852,2995,2999,1
26853,2995,3001,1
26854,2995,3002,1
26855,2995,3003,1
26856,2995,3207,1
26857,2996,2997,1
26858,2996,2998,1
26859,2996,2999,1
26860,2996,3003,1
26861,2996,3004,1
26862,2996,3177,1
26863,2996,4691,1
26864,2996,4451,1
26865,2996,4786,1
26866,2996,3147,1
26867,2997,2998,1
26868,2997,2999,1
26869,2997,3000,1
26870,2997,3001,1
26871,2997,3003,1
26872,2997,3942,1
26873,2997,3832,1
26874,2998,2999,1
26875,2998,3000,1
26876,2998,3001,1
26877,2998,3002,1
26878,2998,3004,1
26879,2998,3005,1
26880,2998,3006,1
26881,2998,4210,1
26882,2999,3000,1
26883,2999,3001,1
26884,2999,3002,1
26885,2999,3004,1
26886,2999,3005,1
26887,2999,3006,1
26888,2999,3220,1
26889,2999,4299,1
26890,3000,3001,1
26891,3000,3003,1
26892,3000,3007,1
26893,3000,3008,1
26894,3000,3189,1
26895,3000,3029,1
26896,3001,3003,1
26897,3001,3004,1
26898,3001,3005,1
26899,3001,3008,1
26900,3001,3009,1
26901,3001,4383,1
26902,3001,4222,1
26903,3001,4682,1
26904,3001,3586,1
26905,3002,3004,1
26906,3002,3005,1
26907,3002,3006,1
26908,3002,3007,1
26909,3002,3009,1
26910,3002,4155,1
26911,3002,4314,1
26912,3003,3004,1
26913,3003,3005,1
26914,3003,3007,1
26915,3003,3008,1
26916,3003,3009,1
26917,3003,3010,1
26918,3003,3011,1
26919,3003,4365,1
26920,3003,3733,1
26921,3004,3005,1
26922,3004,3006,1
26923,3004,3009,1
26924,3004,3010,1
26925,3004,3012,1
26926,3004,4039,1
26927,3004,3984,1
26928,3004,4726,1
26929,3005,3006,1
26930,3005,3007,1
26931,3005,3010,1
26932,3005,3011,1
26933,3005,3013,1
26934,3005,3619,1
26935,3005,3331,1
26936,3006,3008,1
26937,3006,3010,1
26938,3006,3011,1
26939,3006,3012,1
26940,3006,3013,1
26941,3006,3014,1
26942,3006,3024,1
26943,3007,3008,1
26944,3007,3010,1
26945,3007,3011,1
26946,3007,3012,1
26947,3007,3013,1
26948,3007,3014,1
26949,3007,3015,1
26950,3007,4769,1
26951,3008,3009,1
26952,3008,3010,1
26953,3008,3011,1
26954,3008,3012,1
26955,3008,3013,1
26956,3008,3014,1
26957,3008,3015,1
26958,3008,3016,1
26959,3009,3010,1
26960,3009,3011,1
26961,3009,3012,1
26962,3009,3013,1
26963,3009,3014,1
26964,3009,3015,1
26965,3009,3394,1
26966,3010,3012,1
26967,3010,3016,1
26968,3010,3017,1
26969,3010,3018,1
26970,3010,4238,1
26971,3010,3228,1
26972,3010,4560,1
26973,3010,3596,1
26974,3011,3012,1
26975,3011,3013,1
26976,3011,3014,1
26977,3011,3016,1
26978,3011,3018,1
26979,3011,3019,1
26980,3011,4091,1
26981,3011,4931,1
26982,3011,4824,1
26983,3011,3269,1
26984,3012,3013,1
26985,3012,3014,1
26986,3012,3015,1
26987,3012,3016,1
26988,3012,3017,1
26989,3012,3020,1
26990,3013,3014,1
26991,3013,3015,1
26992,3013,3016,1
26993,3013,3017,1
26994,3013,3018,1
26995,3013,3019,1
26996,3013,3020,1
26997,3013,4511,1
26998,3013,3096,1
26999,3013,4037,1
27000,3014,3015,1
27001,3014,3017,1
27002,3014,3018,1
27003,3014,3019,1
27004,3014,3021,1
27005,3014,3022,1
27006,3015,3016,1
27007,3015,3017,1
27008,3015,3018,1
27009,3015,3019,1
27010,3015,3020,1
27011,3015,3021,1
27012,3015,3022,1
27013,3015,3023,1
27014,3016,3018,1
27015,3016,3019,1
27016,3016,3020,1
27017,3016,3022,1
27018,3016,3024,1
27019,3016,3280,1
27020,3017,3018,1
27021,3017,3019,1
27022,3017,3021,1
27023,3017,3022,1
27024,3017,3023,1
27025,3017,3024,1
27026,3017,3025,1
27027,3017,4162,1
27028,3017,4355,1
27029,3017,3720,1
27030,3018,3020,1
27031,3018,3022,1
27032,3018,3024,1
27033,3018,3026,1
27034,3018,3701,1
27035,3018,4022,1
27036,3019,3020,1
27037,3019,3022,1
27038,3019,3023,1
27039,3019,3024,1
27040,3019,3026,1
27041,3019,3027,1
27042,3020,3021,1
27043,3020,3022,1
27044,3020,3023,1
27045,3020,3024,1
27046,3020,3025,1
27047,3020,3027,1
27048,3020,3028,1
27049,3020,4990,1
27050,3021,3023,1
27051,3021,3024,1
27052,3021,3026,1
27053,3021,3027,1
27054,3021,3028,1
27055,3021,3029,1
27056,3021,3952,1
27057,3022,3023,1
27058,3022,3024,1
27059,3022,3025,1
27060,3022,3026,1
27061,3022,3027,1
27062,3022,3028,1
27063,3022,3029,1
27064,3022,3030,1
27065,3022,3292,1
27066,3022,4555,1
27067,3022,3097,1
27068,3023,3024,1
27069,3023,3028,1
27070,3023,3029,1
27071,3023,3030,1
27072,3023,3031,1
27073,3023,3970,1
27074,3024,3025,1
27075,3024,3026,1
27076,3024,3027,1
27077,3024,3029,1
27078,3024,3030,1
27079,3024,3031,1
27080,3024,4129,1
27081,3025,3026,1
27082,3025,3027,1
27083,3025,3029,1
27084,3025,3030,1
27085,3025,3032,1
27086,3025,3033,1
27087,3025,4792,1
27088,3025,3992,1
27089,3025,3629,1
27090,3026,3028,1
27091,3026,3030,1
27092,3026,3032,1
27093,3026,3033,1
27094,3026,3453,1
27095,3027,3028,1
27096,3027,3030,1
27097,3027,3031,1
27098,3027,3032,1
27099,3027,3034,1
27100,3027,3035,1
27101,3028,3029,1
27102,3028,3030,1
27103,3028,3032,1
27104,3028,3034,1
27105,3028,3035,1
27106,3028,3036,1
27107,3029,3032,1
27108,3029,3034,1
27109,3029,3035,1
27110,3029,3037,1
27111,3029,3697,1
27112,3029,3469,1
27113,3030,3031,1
27114,3030,3033,1
27115,3030,3034,1
27116,3030,3035,1
27117,3030,3036,1
27118,3030,3037,1
27119,3030,3438,1
27120,3030,3290,1
27121,3031,3032,1
27122,3031,3034,1
27123,3031,3035,1
27124,3031,3036,1
27125,3031,3038,1
27126,3031,4977,1
27127,3031,4199,1
27128,3032,3033,1
27129,3032,3034,1
27130,3032,3035,1
27131,3032,3036,1
27132,3032,3038,1
27133,3032,3039,1
27134,3032,3040,1
27135,3032,4324,1
27136,3033,3034,1
27137,3033,3035,1
27138,3033,3037,1
27139,3033,3038,1
27140,3033,3039,1
27141,3033,3040,1
27142,3033,3631,1
27143,3033,3748,1
27144,3034,3035,1
27145,3034,3036,1
27146,3034,3038,1
27147,3034,3039,1
27148,3034,3041,1
27149,3034,3042,1
27150,3034,4474,1
27151,3035,3038,1
27152,3035,3039,1
27153,3035,3040,1
27154,3035,3042,1
27155,3035,3558,1
27156,3036,3037,1
27157,3036,3038,1
27158,3036,3039,1
27159,3036,3040,1
27160,3036,3043,1
27161,3036,3044,1
27162,3037,3038,1
27163,3037,3040,1
27164,3037,3041,1
27165,3037,3042,1
27166,3037,3044,1
27167,3037,3045,1
27168,3038,3039,1
27169,3038,3040,1
27170,3038,3041,1
27171,3038,3042,1
27172,3038,3043,1
27173,3038,3044,1
27174,3038,3045,1
27175,3038,3597,1
27176,3038,3889,1
27177,3038,3956,1
27178,3039,3040,1
27179,3039,3041,1
27180,3039,3042,1
27181,3039,3044,1
27182,3039,3045,1
27183,3039,3046,1
27184,3039,3047,1
27185,3039,3962,1
27186,3040,3041,1
27187,3040,3042,1
27188,3040,3043,1
27189,3040,3044,1
27190,3040,3045,1
27191,3040,3046,1
27192,3040,3992,1
27193,3040,4190,1
27194,3041,3042,1
27195,3041,3045,1
27196,3041,3046,1
27197,3041,3048,1
27198,3041,3049,1
27199,3041,3193,1
27200,3041,3289,1
27201,3042,3043,1
27202,3042,3046,1
27203,3042,3047,1
27204,3042,3048,1
27205,3042,3302,1
27206,3043,3045,1
27207,3043,3046,1
27208,3043,3051,1
27209,3043,4318,1
27210,3043,4964,1
27211,3043,3582,1
27212,3043,3172,1
27213,3044,3045,1
27214,3044,3046,1
27215,3044,3047,1
27216,3044,3048,1
27217,3044,3052,1
27218,3044,4829,1
27219,3044,4124,1
27220,3044,4126,1
27221,3045,3046,1
27222,3045,3047,1
27223,3045,3049,1
27224,3045,3051,1
27225,3045,3052,1
27226,3045,3053,1
27227,3045,4370,1
27228,3046,3047,1
27229,3046,3050,1
27230,3046,3051,1
27231,3046,3052,1
27232,3046,3053,1
27233,3046,3542,1
27234,3046,4455,1
27235,3046,3538,1
27236,3047,3048,1
27237,3047,3050,1
27238,3047,3054,1
27239,3047,3317,1
27240,3047,4978,1
27241,3047,3611,1
27242,3048,3049,1
27243,3048,3050,1
27244,3048,3052,1
27245,3048,3053,1
27246,3048,3055,1
27247,3048,3244,1
27248,3048,4790,1
27249,3048,3560,1
27250,3049,3050,1
27251,3049,3053,1
27252,3049,3056,1
27253,3049,3057,1
27254,3049,3275,1
27255,3049,4041,1
27256,3050,3051,1
27257,3050,3053,1
27258,3050,3054,1
27259,3050,3056,1
27260,3050,3057,1
27261,3050,3433,1
27262,3050,3668,1
27263,3050,3577,1
27264,3051,3053,1
27265,3051,3054,1
27266,3051,3055,1
27267,3051,3056,1
27268,3051,3057,1
27269,3051,3058,1
27270,3052,3053,1
27271,3052,3055,1
27272,3052,3057,1
27273,3052,3058,1
27274,3052,3059,1
27275,3052,3060,1
27276,3052,4298,1
27277,3052,3356,1
27278,3053,3054,1
27279,3053,3056,1
27280,3053,3057,1
27281,3053,3058,1
27282,3053,3059,1
27283,3053,3061,1
27284,3053,3607,1
27285,3053,4199,1
27286,3054,3055,1
27287,3054,3057,1
27288,3054,3058,1
27289,3054,3059,1
27290,3054,3060,1
27291,3054,3061,1
27292,3054,3062,1
27293,3054,3512,1
27294,3054,4563,1
27295,3055,3056,1
27296,3055,3059,1
27297,3055,3061,1
27298,3055,3062,1
27299,3055,4400,1
27300,3055,4792,1
27301,3055,3878,1
27302,3056,3057,1
27303,3056,3060,1
27304,3056,3061,1
27305,3056,3063,1
27306,3056,4180,1
27307,3056,3216,1
27308,3056,4793,1
27309,3056,3813,1
27310,3057,3058,1
27311,3057,3059,1
27312,3057,3061,1
27313,3057,3063,1
27314,3057,3064,1
27315,3057,3065,1
27316,3058,3059,1
27317,3058,3060,1
27318,3058,3061,1
27319,3058,3062,1
27320,3058,3064,1
27321,3058,3066,1
27322,3058,4499,1
27323,3058,4635,1
27324,3059,3060,1
27325,3059,3062,1
27326,3059,3064,1
27327,3059,3065,1
27328,3059,3066,1
27329,3059,3067,1
27330,3059,4103,1
27331,3059,3545,1
27332,3060,3061,1
27333,3060,3062,1
27334,3060,3063,1
27335,3060,3064,1
27336,3060,3065,1
27337,3060,3066,1
27338,3060,3067,1
27339,3060,3068,1
27340,3061,3062,1
27341,3061,3064,1
27342,3061,3065,1
27343,3061,3066,1
27344,3061,3068,1
27345,3061,3069,1
27346,3061,3236,1
27347,3062,3063,1
27348,3062,3065,1
27349,3062,3067,1
27350,3062,3068,1
27351,3062,3069,1
27352,3062,3070,1
27353,3062,3260,1
27354,3063,3065,1
27355,3063,3068,1
27356,3063,3069,1
27357,3063,3070,1
27358,3063,4733,1
27359,3064,3065,1
27360,3064,3066,1
27361,3064,3068,1
27362,3064,3069,1
27363,3064,3070,1
27364,3064,3071,1
27365,3064,3072,1
27366,3064,3397,1
27367,3064,4550,1
27368,3064,4543,1
27369,3064,3623,1
27370,3065,3066,1
27371,3065,3068,1
27372,3065,3069,1
27373,3065,3070,1
27374,3065,3071,1
27375,3065,3072,1
27376,3065,3073,1
27377,3065,4314,1
27378,3065,3994,1
27379,3066,3067,1
27380,3066,3068,1
27381,3066,3069,1
27382,3066,3070,1
27383,3066,3072,1
27384,3066,3073,1
27385,3067,3068,1
27386,3067,3069,1
27387,3067,3070,1
27388,3067,3071,1
27389,3067,3072,1
27390,3067,3073,1
27391,3067,3075,1
27392,3067,3094,1
27393,3068,3069,1
27394,3068,3070,1
27395,3068,3071,1
27396,3068,3072,1
27397,3068,3073,1
27398,3068,3074,1
27399,3068,3076,1
27400,3068,4183,1
27401,3069,3070,1
27402,3069,3072,1
27403,3069,3073,1
27404,3069,3074,1
27405,3069,3075,1
27406,3069,3076,1
27407,3069,3077,1
27408,3069,3246,1
27409,3070,3072,1
27410,3070,3075,1
27411,3070,4885,1
27412,3070,3386,1
27413,3070,3398,1
27414,3070,4695,1
27415,3071,3073,1
27416,3071,3075,1
27417,3071,3077,1
27418,3071,3078,1
27419,3071,3079,1
27420,3072,3073,1
27421,3072,3074,1
27422,3072,3075,1
27423,3072,3076,1
27424,3072,3077,1
27425,3072,3078,1
27426,3072,3080,1
27427,3072,3902,1
27428,3072,3155,1
27429,3073,3074,1
27430,3073,3075,1
27431,3073,3077,1
27432,3073,3078,1
27433,3073,3079,1
27434,3073,4985,1
27435,3073,4295,1
27436,3073,3210,1
27437,3074,3075,1
27438,3074,3076,1
27439,3074,3077,1
27440,3074,3078,1
27441,3074,3079,1
27442,3074,3082,1
27443,3074,4103,1
27444,3074,3932,1
27445,3075,3076,1
27446,3075,3077,1
27447,3075,3078,1
27448,3075,3079,1
27449,3075,3080,1
27450,3075,3081,1
27451,3075,3082,1
27452,3075,3083,1
27453,3075,4194,1
27454,3075,4285,1
27455,3076,3077,1
27456,3076,3078,1
27457,3076,3079,1
27458,3076,3080,1
27459,3076,3081,1
27460,3076,3082,1
27461,3076,3083,1
27462,3076,3084,1
27463,3076,4423,1
27464,3077,3078,1
27465,3077,3079,1
27466,3077,3080,1
27467,3077,3081,1
27468,3077,3082,1
27469,3077,3083,1
27470,3077,3084,1
27471,3077,3085,1
27472,3078,3079,1
27473,3078,3081,1
27474,3078,3083,1
27475,3078,3085,1
27476,3078,3086,1
27477,3078,3740,1
27478,3078,4712,1
27479,3078,3921,1
27480,3079,3080,1
27481,3079,3082,1
27482,3079,3083,1
27483,3079,3084,1
27484,3079,3085,1
27485,3079,3087,1
27486,3079,4201,1
27487,3080,3081,1
27488,3080,3084,1
27489,3080,3085,1
27490,3080,3087,1
27491,3080,3327,1
27492,3080,4431,1
27493,3081,3083,1
27494,3081,3086,1
27495,3081,3087,1
27496,3081,3088,1
27497,3081,3089,1
27498,3081,4072,1
27499,3081,4522,1
27500,3081,4566,1
27501,3081,4973,1
27502,3082,3084,1
27503,3082,3086,1
27504,3082,3088,1
27505,3082,3089,1
27506,3082,3090,1
27507,3082,3226,1
27508,3083,3084,1
27509,3083,3086,1
27510,3083,3087,1
27511,3083,3088,1
27512,3083,3089,1
27513,3083,4259,1
27514,3083,4814,1
27515,3083,3189,1
27516,3084,3085,1
27517,3084,3087,1
27518,3084,3089,1
27519,3084,3091,1
27520,3084,3092,1
27521,3084,3515,1
27522,3085,3086,1
27523,3085,3087,1
27524,3085,3088,1
27525,3085,3089,1
27526,3085,3090,1
27527,3085,3551,1
27528,3085,4228,1
27529,3086,3087,1
27530,3086,3088,1
27531,3086,3089,1
27532,3086,3091,1
27533,3086,3092,1
27534,3086,3093,1
27535,3086,3094,1
27536,3086,3350,1
27537,3087,3088,1
27538,3087,3092,1
27539,3087,3094,1
27540,3087,3095,1
27541,3088,3089,1
27542,3088,3090,1
27543,3088,3091,1
27544,3088,3092,1
27545,3088,3094,1
27546,3088,3096,1
27547,3088,4429,1
27548,3089,3091,1
27549,3089,3093,1
27550,3089,3094,1
27551,3089,3095,1
27552,3089,3097,1
27553,3090,3091,1
27554,3090,3093,1
27555,3090,3094,1
27556,3090,3096,1
27557,3090,3097,1
27558,3090,3098,1
27559,3090,4412,1
27560,3090,3946,1
27561,3090,3914,1
27562,3091,3092,1
27563,3091,3094,1
27564,3091,3096,1
27565,3091,3097,1
27566,3091,3099,1
27567,3091,4245,1
27568,3091,4104,1
27569,3091,4925,1
27570,3092,3095,1
27571,3092,3096,1
27572,3092,3098,1
27573,3092,3100,1
27574,3092,4606,1
27575,3092,3679,1
27576,3093,3095,1
27577,3093,3096,1
27578,3093,3099,1
27579,3093,3101,1
27580,3093,4594,1
27581,3093,4451,1
27582,3094,3095,1
27583,3094,3096,1
27584,3094,3100,1
27585,3094,3101,1
27586,3094,4615,1
27587,3094,4320,1
27588,3095,3096,1
27589,3095,3099,1
27590,3095,3100,1
27591,3095,3102,1
27592,3095,3103,1
27593,3095,4823,1
27594,3095,4016,1
27595,3096,3098,1
27596,3096,3099,1
27597,3096,3100,1
27598,3096,3101,1
27599,3096,3103,1
27600,3096,3104,1
27601,3096,4015,1
27602,3097,3099,1
27603,3097,3100,1
27604,3097,3101,1
27605,3097,3102,1
27606,3097,3103,1
27607,3097,3236,1
27608,3097,4492,1
27609,3098,3099,1
27610,3098,3100,1
27611,3098,3102,1
27612,3098,3103,1
27613,3098,3104,1
27614,3098,3105,1
27615,3098,3147,1
27616,3098,4643,1
27617,3099,3100,1
27618,3099,3101,1
27619,3099,3104,1
27620,3099,3105,1
27621,3099,3106,1
27622,3099,3286,1
27623,3100,3101,1
27624,3100,3102,1
27625,3100,3104,1
27626,3100,3105,1
27627,3100,3106,1
27628,3100,3108,1
27629,3100,3452,1
27630,3100,3439,1
27631,3100,3673,1
27632,3100,3487,1
27633,3100,3466,1
27634,3101,3102,1
27635,3101,3103,1
27636,3101,3104,1
27637,3101,3105,1
27638,3101,3106,1
27639,3101,3107,1
27640,3101,3108,1
27641,3101,3109,1
27642,3101,4071,1
27643,3102,3103,1
27644,3102,3104,1
27645,3102,3105,1
27646,3102,3106,1
27647,3102,3107,1
27648,3102,3108,1
27649,3102,3109,1
27650,3103,3104,1
27651,3103,3105,1
27652,3103,3108,1
27653,3103,3677,1
27654,3103,4151,1
27655,3103,3862,1
27656,3104,3105,1
27657,3104,3107,1
27658,3104,3109,1
27659,3104,3110,1
27660,3104,3112,1
27661,3104,3705,1
27662,3105,3107,1
27663,3105,3108,1
27664,3105,3109,1
27665,3105,3110,1
27666,3105,3113,1
27667,3105,3282,1
27668,3105,3619,1
27669,3105,4161,1
27670,3106,3107,1
27671,3106,3109,1
27672,3106,3110,1
27673,3106,3111,1
27674,3106,3112,1
27675,3106,3113,1
27676,3106,4946,1
27677,3106,4469,1
27678,3106,4520,1
27679,3106,3620,1
27680,3107,3108,1
27681,3107,3109,1
27682,3107,3110,1
27683,3107,3111,1
27684,3107,3112,1
27685,3107,3114,1
27686,3108,3109,1
27687,3108,3110,1
27688,3108,3115,1
27689,3108,3116,1
27690,3108,4497,1
27691,3108,4761,1
27692,3109,3110,1
27693,3109,3111,1
27694,3109,3113,1
27695,3109,3114,1
27696,3109,3116,1
27697,3109,4496,1
27698,3110,3111,1
27699,3110,3112,1
27700,3110,3115,1
27701,3110,3116,1
27702,3110,3117,1
27703,3110,3118,1
27704,3111,3112,1
27705,3111,3113,1
27706,3111,3114,1
27707,3111,3115,1
27708,3111,3116,1
27709,3111,3117,1
27710,3111,3119,1
27711,3111,3504,1
27712,3112,3113,1
27713,3112,3114,1
27714,3112,3115,1
27715,3112,3116,1
27716,3112,3117,1
27717,3112,3118,1
27718,3112,3119,1
27719,3112,4190,1
27720,3112,3750,1
27721,3113,3117,1
27722,3113,3119,1
27723,3113,3121,1
27724,3113,3133,1
27725,3113,4507,1
27726,3113,4793,1
27727,3113,4193,1
27728,3113,4714,1
27729,3114,3116,1
27730,3114,3117,1
27731,3114,3118,1
27732,3114,3121,1
27733,3114,3122,1
27734,3114,3508,1
27735,3114,4855,1
27736,3115,3117,1
27737,3115,3118,1
27738,3115,3119,1
27739,3115,3120,1
27740,3115,3121,1
27741,3115,3122,1
27742,3115,3123,1
27743,3115,4620,1
27744,3115,4827,1
27745,3116,3117,1
27746,3116,3119,1
27747,3116,3120,1
27748,3116,3122,1
27749,3116,3123,1
27750,3116,3124,1
27751,3117,3118,1
27752,3117,3119,1
27753,3117,3121,1
27754,3117,3124,1
27755,3117,3125,1
27756,3117,3870,1
27757,3117,4335,1
27758,3118,3119,1
27759,3118,3121,1
27760,3118,3122,1
27761,3118,3123,1
27762,3118,3124,1
27763,3118,3125,1
27764,3118,3126,1
27765,3119,3120,1
27766,3119,3121,1
27767,3119,3124,1
27768,3119,3126,1
27769,3119,3127,1
27770,3120,3122,1
27771,3120,3123,1
27772,3120,3124,1
27773,3120,3125,1
27774,3120,3127,1
27775,3120,3128,1
27776,3120,4038,1
27777,3120,4824,1
27778,3121,3122,1
27779,3121,3124,1
27780,3121,3126,1
27781,3121,3128,1
27782,3121,3129,1
27783,3121,3885,1
27784,3122,3123,1
27785,3122,3125,1
27786,3122,3126,1
27787,3122,3130,1
27788,3122,4950,1
27789,3123,3124,1
27790,3123,3125,1
27791,3123,3126,1
27792,3123,3127,1
27793,3123,3128,1
27794,3123,3129,1
27795,3123,3131,1
27796,3123,3152,1
27797,3124,3126,1
27798,3124,3127,1
27799,3124,3129,1
27800,3124,3130,1
27801,3124,3131,1
27802,3124,3132,1
27803,3125,3128,1
27804,3125,3129,1
27805,3125,3130,1
27806,3125,3131,1
27807,3125,3132,1
27808,3125,4020,1
27809,3125,4668,1
27810,3126,3127,1
27811,3126,3128,1
27812,3126,3131,1
27813,3126,3133,1
27814,3126,3134,1
27815,3126,4614,1
27816,3126,4665,1
27817,3126,4609,1
27818,3126,3319,1
27819,3127,3129,1
27820,3127,3131,1
27821,3127,3132,1
27822,3127,3133,1
27823,3127,3592,1
27824,3127,4844,1
27825,3127,3553,1
27826,3128,3129,1
27827,3128,3133,1
27828,3128,3134,1
27829,3128,3135,1
27830,3128,3136,1
27831,3128,4334,1
27832,3129,3132,1
27833,3129,3133,1
27834,3129,3134,1
27835,3129,3135,1
27836,3129,3136,1
27837,3129,3137,1
27838,3129,3825,1
27839,3129,3994,1
27840,3129,4647,1
27841,3130,3131,1
27842,3130,3132,1
27843,3130,3133,1
27844,3130,3135,1
27845,3130,3136,1
27846,3130,3425,1
27847,3130,4394,1
27848,3131,3132,1
27849,3131,3133,1
27850,3131,3136,1
27851,3131,3137,1
27852,3131,3138,1
27853,3131,3139,1
27854,3131,4557,1
27855,3131,4119,1
27856,3131,4967,1
27857,3131,3857,1
27858,3132,3133,1
27859,3132,3134,1
27860,3132,3135,1
27861,3132,3137,1
27862,3132,3138,1
27863,3132,3139,1
27864,3132,3140,1
27865,3133,3134,1
27866,3133,3135,1
27867,3133,3136,1
27868,3133,3138,1
27869,3133,3139,1
27870,3133,3140,1
27871,3133,3678,1
27872,3133,4327,1
27873,3134,3136,1
27874,3134,3137,1
27875,3134,3139,1
27876,3134,3140,1
27877,3134,3141,1
27878,3134,3142,1
27879,3134,4683,1
27880,3135,3139,1
27881,3135,3141,1
27882,3135,3142,1
27883,3135,3143,1
27884,3135,3799,1
27885,3135,4575,1
27886,3135,3414,1
27887,3135,3768,1
27888,3136,3137,1
27889,3136,3138,1
27890,3136,3140,1
27891,3136,3142,1
27892,3136,3143,1
27893,3136,3144,1
27894,3136,3652,1
27895,3136,4707,1
27896,3137,3138,1
27897,3137,3139,1
27898,3137,3141,1
27899,3137,3142,1
27900,3137,3143,1
27901,3137,3144,1
27902,3137,3145,1
27903,3137,3958,1
27904,3137,3489,1
27905,3138,3139,1
27906,3138,3141,1
27907,3138,3143,1
27908,3138,3144,1
27909,3138,3145,1
27910,3138,3146,1
27911,3138,3279,1
27912,3138,3936,1
27913,3139,3140,1
27914,3139,3142,1
27915,3139,3145,1
27916,3139,3146,1
27917,3139,3147,1
27918,3139,3165,1
27919,3139,3160,1
27920,3139,3944,1
27921,3139,3907,1
27922,3140,3142,1
27923,3140,3144,1
27924,3140,3145,1
27925,3140,3147,1
27926,3140,3148,1
27927,3140,4292,1
27928,3140,3327,1
27929,3140,3762,1
27930,3140,3704,1
27931,3141,3142,1
27932,3141,3143,1
27933,3141,3146,1
27934,3141,3147,1
27935,3141,3149,1
27936,3141,4609,1
27937,3142,3143,1
27938,3142,3147,1
27939,3142,3148,1
27940,3142,3149,1
27941,3142,3150,1
27942,3143,3144,1
27943,3143,3145,1
27944,3143,3146,1
27945,3143,3148,1
27946,3143,3149,1
27947,3143,3150,1
27948,3143,3151,1
27949,3144,3145,1
27950,3144,3147,1
27951,3144,3148,1
27952,3144,3150,1
27953,3144,3151,1
27954,3144,3152,1
27955,3145,3146,1
27956,3145,3148,1
27957,3145,3149,1
27958,3145,3150,1
27959,3145,3152,1
27960,3145,3153,1
27961,3145,3948,1
27962,3145,3541,1
27963,3146,3147,1
27964,3146,3148,1
27965,3146,3149,1
27966,3146,3151,1
27967,3146,4722,1
27968,3146,3308,1
27969,3147,3149,1
27970,3147,3151,1
27971,3147,3152,1
27972,3147,3153,1
27973,3147,3154,1
27974,3147,4438,1
27975,3148,3149,1
27976,3148,3151,1
27977,3148,3152,1
27978,3148,3153,1
27979,3148,3154,1
27980,3148,3155,1
27981,3148,3156,1
27982,3148,4621,1
27983,3149,3150,1
27984,3149,3151,1
27985,3149,3152,1
27986,3149,3153,1
27987,3149,3154,1
27988,3149,3155,1
27989,3149,3156,1
27990,3149,3157,1
27991,3150,3151,1
27992,3150,3152,1
27993,3150,3154,1
27994,3150,3155,1
27995,3150,3158,1
27996,3150,3201,1
27997,3151,3152,1
27998,3151,3153,1
27999,3151,3154,1
28000,3151,3155,1
28001,3151,3156,1
28002,3151,3158,1
28003,3151,3159,1
28004,3152,3153,1
28005,3152,3154,1
28006,3152,3155,1
28007,3152,3156,1
28008,3152,3157,1
28009,3152,3158,1
28010,3152,3159,1
28011,3153,3157,1
28012,3153,3159,1
28013,3153,3160,1
28014,3153,3378,1
28015,3153,3399,1
28016,3154,3155,1
28017,3154,3156,1
28018,3154,3158,1
28019,3154,3159,1
28020,3154,3160,1
28021,3154,3162,1
28022,3154,3396,1
28023,3154,4133,1
28024,3155,3156,1
28025,3155,3157,1
28026,3155,3158,1
28027,3155,3160,1
28028,3155,3161,1
28029,3155,3673,1
28030,3156,3157,1
28031,3156,3158,1
28032,3156,3159,1
28033,3156,3160,1
28034,3156,3161,1
28035,3156,3163,1
28036,3156,3164,1
28037,3156,3647,1
28038,3156,4620,1
28039,3156,3266,1
28040,3157,3158,1
28041,3157,3159,1
28042,3157,3161,1
28043,3157,3162,1
28044,3157,3163,1
28045,3157,3164,1
28046,3157,3492,1
28047,3158,3159,1
28048,3158,3161,1
28049,3158,3163,1
28050,3158,3165,1
28051,3158,3672,1
28052,3159,3160,1
28053,3159,3164,1
28054,3159,3315,1
28055,3159,4462,1
28056,3159,3468,1
28057,3160,3161,1
28058,3160,3162,1
28059,3160,3164,1
28060,3160,3165,1
28061,3160,3166,1
28062,3160,3168,1
28063,3160,3842,1
28064,3161,3163,1
28065,3161,3164,1
28066,3161,3165,1
28067,3161,3167,1
28068,3161,3168,1
28069,3161,3169,1
28070,3162,3164,1
28071,3162,3165,1
28072,3162,3166,1
28073,3162,3167,1
28074,3162,3168,1
28075,3162,3169,1
28076,3162,3170,1
28077,3162,4712,1
28078,3163,3164,1
28079,3163,3166,1
28080,3163,3169,1
28081,3163,3170,1
28082,3163,4011,1
28083,3164,3166,1
28084,3164,3167,1
28085,3164,3168,1
28086,3164,3172,1
28087,3164,3672,1
28088,3164,3300,1
28089,3164,4004,1
28090,3165,3166,1
28091,3165,3169,1
28092,3165,3170,1
28093,3165,3172,1
28094,3165,3173,1
28095,3165,3605,1
28096,3166,3167,1
28097,3166,3168,1
28098,3166,3169,1
28099,3166,3170,1
28100,3166,3171,1
28101,3166,3172,1
28102,3166,3173,1
28103,3166,3174,1
28104,3167,3168,1
28105,3167,3169,1
28106,3167,3170,1
28107,3167,3171,1
28108,3167,3173,1
28109,3167,3174,1
28110,3167,4154,1
28111,3168,3169,1
28112,3168,3170,1
28113,3168,3171,1
28114,3168,3172,1
28115,3168,3173,1
28116,3168,3175,1
28117,3168,3176,1
28118,3168,3325,1
28119,3169,3172,1
28120,3169,3174,1
28121,3169,3175,1
28122,3169,3176,1
28123,3169,4345,1
28124,3169,3931,1
28125,3170,3173,1
28126,3170,3175,1
28127,3170,3176,1
28128,3170,3177,1
28129,3170,4018,1
28130,3170,3890,1
28131,3171,3172,1
28132,3171,3174,1
28133,3171,3175,1
28134,3171,3176,1
28135,3171,3178,1
28136,3171,3179,1
28137,3171,4416,1
28138,3171,3916,1
28139,3171,4291,1
28140,3172,3173,1
28141,3172,3174,1
28142,3172,3175,1
28143,3172,3176,1
28144,3172,3177,1
28145,3172,3180,1
28146,3172,4547,1
28147,3172,4267,1
28148,3173,3174,1
28149,3173,3175,1
28150,3173,3176,1
28151,3173,3177,1
28152,3173,3178,1
28153,3173,3179,1
28154,3173,3180,1
28155,3173,3181,1
28156,3174,3175,1
28157,3174,3176,1
28158,3174,3178,1
28159,3174,3180,1
28160,3174,3181,1
28161,3174,3182,1
28162,3174,4705,1
28163,3174,3271,1
28164,3175,3176,1
28165,3175,3177,1
28166,3175,3178,1
28167,3175,3179,1
28168,3175,3180,1
28169,3175,3181,1
28170,3175,3182,1
28171,3175,3183,1
28172,3176,3177,1
28173,3176,3178,1
28174,3176,3179,1
28175,3176,3181,1
28176,3176,3184,1
28177,3176,4497,1
28178,3176,4303,1
28179,3176,4035,1
28180,3176,3533,1
28181,3176,4576,1
28182,3176,3903,1
28183,3177,3183,1
28184,3177,3185,1
28185,3178,3180,1
28186,3178,3182,1
28187,3178,3183,1
28188,3178,3185,1
28189,3178,3186,1
28190,3178,3895,1
28191,3178,3892,1
28192,3179,3180,1
28193,3179,3185,1
28194,3179,3186,1
28195,3179,3187,1
28196,3179,4576,1
28197,3179,3731,1
28198,3179,4415,1
28199,3179,3958,1
28200,3180,3181,1
28201,3180,3183,1
28202,3180,3184,1
28203,3180,3185,1
28204,3180,3188,1
28205,3180,3360,1
28206,3180,4846,1
28207,3181,3182,1
28208,3181,3186,1
28209,3181,3187,1
28210,3181,3188,1
28211,3181,4100,1
28212,3181,4527,1
28213,3181,4222,1
28214,3182,3183,1
28215,3182,3184,1
28216,3182,3185,1
28217,3182,3186,1
28218,3182,3187,1
28219,3182,3188,1
28220,3182,3189,1
28221,3182,3324,1
28222,3183,3184,1
28223,3183,3185,1
28224,3183,3186,1
28225,3183,3187,1
28226,3183,3189,1
28227,3183,3191,1
28228,3183,4654,1
28229,3183,4563,1
28230,3183,3486,1
28231,3184,3186,1
28232,3184,3187,1
28233,3184,3188,1
28234,3184,4663,1
28235,3184,3725,1
28236,3184,4006,1
28237,3185,3187,1
28238,3185,3188,1
28239,3185,3189,1
28240,3185,3190,1
28241,3185,3192,1
28242,3185,3193,1
28243,3185,4096,1
28244,3185,4955,1
28245,3186,3188,1
28246,3186,3192,1
28247,3186,3193,1
28248,3186,4076,1
28249,3186,3371,1
28250,3186,4351,1
28251,3187,3190,1
28252,3187,3191,1
28253,3187,3192,1
28254,3187,3193,1
28255,3187,3194,1
28256,3187,3195,1
28257,3187,4010,1
28258,3187,3814,1
28259,3188,3189,1
28260,3188,3190,1
28261,3188,3191,1
28262,3188,3192,1
28263,3188,3193,1
28264,3188,3194,1
28265,3188,3996,1
28266,3189,3190,1
28267,3189,3191,1
28268,3189,3192,1
28269,3189,3193,1
28270,3189,3194,1
28271,3189,3195,1
28272,3189,4377,1
28273,3190,3192,1
28274,3190,3193,1
28275,3190,3195,1
28276,3190,3196,1
28277,3190,3197,1
28278,3190,3198,1
28279,3190,3559,1
28280,3191,3193,1
28281,3191,3194,1
28282,3191,3195,1
28283,3191,3197,1
28284,3191,3198,1
28285,3191,3199,1
28286,3191,4817,1
28287,3191,4826,1
28288,3191,4898,1
28289,3192,3194,1
28290,3192,3195,1
28291,3192,3198,1
28292,3192,3199,1
28293,3192,3200,1
28294,3192,4349,1
28295,3193,3195,1
28296,3193,3196,1
28297,3193,3197,1
28298,3193,3198,1
28299,3193,3199,1
28300,3193,3200,1
28301,3193,3201,1
28302,3193,4833,1
28303,3193,4031,1
28304,3193,4555,1
28305,3194,3196,1
28306,3194,3197,1
28307,3194,3198,1
28308,3194,3199,1
28309,3194,3200,1
28310,3194,4294,1
28311,3194,3859,1
28312,3195,3196,1
28313,3195,3197,1
28314,3195,3200,1
28315,3195,3201,1
28316,3195,4973,1
28317,3195,4261,1
28318,3195,3726,1
28319,3196,3200,1
28320,3196,3202,1
28321,3196,3203,1
28322,3196,3861,1
28323,3196,4689,1
28324,3196,4849,1
28325,3196,3241,1
28326,3196,4746,1
28327,3197,3199,1
28328,3197,3200,1
28329,3197,3202,1
28330,3197,3204,1
28331,3197,4412,1
28332,3197,4283,1
28333,3198,3199,1
28334,3198,3201,1
28335,3198,3202,1
28336,3198,3204,1
28337,3198,3205,1
28338,3198,4886,1
28339,3198,4736,1
28340,3199,3200,1
28341,3199,3201,1
28342,3199,3202,1
28343,3199,3204,1
28344,3199,3206,1
28345,3199,3207,1
28346,3200,3201,1
28347,3200,3202,1
28348,3200,3203,1
28349,3200,3205,1
28350,3200,3206,1
28351,3200,3971,1
28352,3200,4597,1
28353,3201,3205,1
28354,3201,3206,1
28355,3201,3209,1
28356,3201,3241,1
28357,3202,3203,1
28358,3202,3204,1
28359,3202,3205,1
28360,3202,3206,1
28361,3202,3208,1
28362,3202,3209,1
28363,3202,3210,1
28364,3202,4831,1
28365,3203,3204,1
28366,3203,3205,1
28367,3203,3206,1
28368,3203,3209,1
28369,3203,3210,1
28370,3203,3211,1
28371,3203,3288,1
28372,3203,4735,1
28373,3204,3205,1
28374,3204,3206,1
28375,3204,3207,1
28376,3204,3210,1
28377,3204,3211,1
28378,3204,3212,1
28379,3204,3375,1
28380,3204,4488,1
28381,3205,3206,1
28382,3205,3209,1
28383,3205,3210,1
28384,3205,3213,1
28385,3205,4938,1
28386,3206,3208,1
28387,3206,3209,1
28388,3206,3210,1
28389,3206,3211,1
28390,3206,3213,1
28391,3206,3214,1
28392,3206,3529,1
28393,3207,3208,1
28394,3207,3209,1
28395,3207,3210,1
28396,3207,3212,1
28397,3207,3214,1
28398,3207,3215,1
28399,3207,3587,1
28400,3207,4187,1
28401,3207,4825,1
28402,3208,3209,1
28403,3208,3210,1
28404,3208,3211,1
28405,3208,3212,1
28406,3208,3213,1
28407,3208,3214,1
28408,3208,3215,1
28409,3208,3216,1
28410,3208,3629,1
28411,3208,4137,1
28412,3209,3211,1
28413,3209,3213,1
28414,3209,3214,1
28415,3209,3215,1
28416,3209,3216,1
28417,3209,3217,1
28418,3210,3211,1
28419,3210,3212,1
28420,3210,3213,1
28421,3210,3214,1
28422,3210,3215,1
28423,3210,3216,1
28424,3210,3217,1
28425,3211,3212,1
28426,3211,3213,1
28427,3211,3214,1
28428,3211,3215,1
28429,3211,4288,1
28430,3212,3215,1
28431,3212,3217,1
28432,3212,3218,1
28433,3212,3220,1
28434,3213,3214,1
28435,3213,3215,1
28436,3213,3217,1
28437,3213,3218,1
28438,3213,3219,1
28439,3213,3221,1
28440,3214,3216,1
28441,3214,3217,1
28442,3214,3218,1
28443,3214,3219,1
28444,3214,3220,1
28445,3214,3221,1
28446,3214,3776,1
28447,3214,4198,1
28448,3214,3380,1
28449,3214,3649,1
28450,3215,3217,1
28451,3215,3218,1
28452,3215,3219,1
28453,3215,3220,1
28454,3215,3221,1
28455,3215,3222,1
28456,3215,3223,1
28457,3215,4494,1
28458,3215,3857,1
28459,3216,3217,1
28460,3216,3220,1
28461,3216,3221,1
28462,3216,3224,1
28463,3217,3218,1
28464,3217,3219,1
28465,3217,3220,1
28466,3217,3221,1
28467,3217,3223,1
28468,3217,3224,1
28469,3217,4409,1
28470,3218,3220,1
28471,3218,3221,1
28472,3218,3222,1
28473,3218,3223,1
28474,3218,3224,1
28475,3218,3225,1
28476,3218,3226,1
28477,3218,4971,1
28478,3219,3221,1
28479,3219,3222,1
28480,3219,3223,1
28481,3219,3224,1
28482,3219,3225,1
28483,3219,4745,1
28484,3219,4674,1
28485,3219,3279,1
28486,3220,3222,1
28487,3220,3224,1
28488,3220,3225,1
28489,3220,3226,1
28490,3220,3227,1
28491,3220,3228,1
28492,3220,4461,1
28493,3220,4997,1
28494,3220,3841,1
28495,3221,3222,1
28496,3221,3223,1
28497,3221,3226,1
28498,3221,3228,1
28499,3221,3229,1
28500,3221,3569,1
28501,3222,3223,1
28502,3222,3224,1
28503,3222,3225,1
28504,3222,3227,1
28505,3222,3230,1
28506,3222,3390,1
28507,3223,3225,1
28508,3223,3226,1
28509,3223,3227,1
28510,3223,3228,1
28511,3223,3229,1
28512,3223,3230,1
28513,3223,3231,1
28514,3224,3228,1
28515,3224,3229,1
28516,3224,3230,1
28517,3224,3232,1
28518,3224,3458,1
28519,3224,4402,1
28520,3225,3227,1
28521,3225,3230,1
28522,3225,3231,1
28523,3225,3232,1
28524,3225,3936,1
28525,3225,4179,1
28526,3225,4414,1
28527,3226,3227,1
28528,3226,3229,1
28529,3226,3231,1
28530,3226,3232,1
28531,3226,3234,1
28532,3226,4043,1
28533,3226,3676,1
28534,3226,4621,1
28535,3227,3228,1
28536,3227,3229,1
28537,3227,3230,1
28538,3227,3231,1
28539,3227,3232,1
28540,3227,3235,1
28541,3227,3715,1
28542,3227,4330,1
28543,3227,3430,1
28544,3228,3229,1
28545,3228,3230,1
28546,3228,3232,1
28547,3228,3233,1
28548,3228,3235,1
28549,3228,3236,1
28550,3229,3230,1
28551,3229,3231,1
28552,3229,3233,1
28553,3229,3234,1
28554,3229,3235,1
28555,3229,3236,1
28556,3229,3237,1
28557,3229,4269,1
28558,3230,3231,1
28559,3230,3232,1
28560,3230,3233,1
28561,3230,3235,1
28562,3230,3236,1
28563,3230,3237,1
28564,3230,3238,1
28565,3230,3943,1
28566,3230,3710,1
28567,3231,3232,1
28568,3231,3233,1
28569,3231,3234,1
28570,3231,3236,1
28571,3231,3237,1
28572,3231,3238,1
28573,3231,3239,1
28574,3232,3233,1
28575,3232,3234,1
28576,3232,3235,1
28577,3232,3236,1
28578,3232,3237,1
28579,3232,3238,1
28580,3232,3239,1
28581,3233,3234,1
28582,3233,3235,1
28583,3233,3236,1
28584,3233,3237,1
28585,3233,3238,1
28586,3233,3239,1
28587,3233,3426,1
28588,3233,4398,1
28589,3233,3991,1
28590,3234,3236,1
28591,3234,3237,1
28592,3234,3238,1
28593,3234,3239,1
28594,3234,3240,1
28595,3234,3242,1
28596,3234,3778,1
28597,3234,4267,1
28598,3234,4209,1
28599,3235,3237,1
28600,3235,3239,1
28601,3235,3241,1
28602,3235,3242,1
28603,3235,3243,1
28604,3235,3890,1
28605,3235,4587,1
28606,3236,3237,1
28607,3236,3239,1
28608,3236,3240,1
28609,3236,3241,1
28610,3236,3242,1
28611,3236,3243,1
28612,3236,3244,1
28613,3236,4438,1
28614,3236,4113,1
28615,3237,3239,1
28616,3237,3240,1
28617,3237,3241,1
28618,3237,3242,1
28619,3237,3243,1
28620,3237,3244,1
28621,3237,3245,1
28622,3238,3239,1
28623,3238,3240,1
28624,3238,3241,1
28625,3238,3242,1
28626,3238,3244,1
28627,3238,3245,1
28628,3238,3246,1
28629,3238,4864,1
28630,3238,4346,1
28631,3239,3240,1
28632,3239,3241,1
28633,3239,3243,1
28634,3239,3245,1
28635,3239,3246,1
28636,3239,3247,1
28637,3240,3241,1
28638,3240,3242,1
28639,3240,3243,1
28640,3240,3244,1
28641,3240,3245,1
28642,3240,3248,1
28643,3240,3761,1
28644,3240,3546,1
28645,3240,3789,1
28646,3240,4688,1
28647,3241,3242,1
28648,3241,3244,1
28649,3241,3245,1
28650,3241,3246,1
28651,3241,3248,1
28652,3241,3249,1
28653,3241,3545,1
28654,3242,3243,1
28655,3242,3245,1
28656,3242,3246,1
28657,3242,3247,1
28658,3242,4959,1
28659,3242,4333,1
28660,3243,3245,1
28661,3243,3246,1
28662,3243,3247,1
28663,3243,3249,1
28664,3243,3251,1
28665,3243,3299,1
28666,3243,3949,1
28667,3244,3246,1
28668,3244,3248,1
28669,3244,3250,1
28670,3244,3252,1
28671,3244,3734,1
28672,3244,4156,1
28673,3244,4096,1
28674,3244,4872,1
28675,3245,3247,1
28676,3245,3248,1
28677,3245,3249,1
28678,3245,3250,1
28679,3245,3251,1
28680,3245,3252,1
28681,3245,3253,1
28682,3245,3765,1
28683,3245,3945,1
28684,3245,4340,1
28685,3246,3247,1
28686,3246,3250,1
28687,3246,3251,1
28688,3246,3252,1
28689,3246,3253,1
28690,3246,3254,1
28691,3246,3735,1
28692,3247,3251,1
28693,3247,3253,1
28694,3247,3254,1
28695,3247,3255,1
28696,3247,4400,1
28697,3248,3250,1
28698,3248,3251,1
28699,3248,3252,1
28700,3248,3253,1
28701,3248,3256,1
28702,3248,3938,1
28703,3248,4111,1
28704,3248,4481,1
28705,3248,3696,1
28706,3249,3250,1
28707,3249,3251,1
28708,3249,3252,1
28709,3249,3255,1
28710,3249,3257,1
28711,3250,3251,1
28712,3250,3253,1
28713,3250,3255,1
28714,3250,3258,1
28715,3250,4809,1
28716,3250,4076,1
28717,3250,4488,1
28718,3250,3645,1
28719,3250,4793,1
28720,3251,3253,1
28721,3251,3254,1
28722,3251,3256,1
28723,3251,3257,1
28724,3251,3258,1
28725,3251,3259,1
28726,3251,4932,1
28727,3251,3456,1
28728,3252,3253,1
28729,3252,3254,1
28730,3252,3255,1
28731,3252,3256,1
28732,3252,3257,1
28733,3252,3259,1
28734,3252,3260,1
28735,3252,4147,1
28736,3252,3316,1
28737,3252,4782,1
28738,3253,3254,1
28739,3253,3256,1
28740,3253,3257,1
28741,3253,3258,1
28742,3253,3260,1
28743,3253,3468,1
28744,3253,3606,1
28745,3254,3257,1
28746,3254,3258,1
28747,3254,3259,1
28748,3254,3260,1
28749,3254,4293,1
28750,3254,4900,1
28751,3255,3259,1
28752,3255,3260,1
28753,3255,3261,1
28754,3255,3262,1
28755,3255,3263,1
28756,3255,4475,1
28757,3255,3395,1
28758,3255,3830,1
28759,3256,3257,1
28760,3256,3258,1
28761,3256,3260,1
28762,3256,3262,1
28763,3256,3263,1
28764,3256,3623,1
28765,3257,3258,1
28766,3257,3259,1
28767,3257,3260,1
28768,3257,3261,1
28769,3257,3262,1
28770,3257,3263,1
28771,3257,3264,1
28772,3257,3265,1
28773,3257,3383,1
28774,3258,3260,1
28775,3258,3262,1
28776,3258,3263,1
28777,3258,3265,1
28778,3258,3266,1
28779,3258,3781,1
28780,3259,3260,1
28781,3259,3261,1
28782,3259,3262,1
28783,3259,3263,1
28784,3259,3265,1
28785,3259,3267,1
28786,3259,4326,1
28787,3260,3261,1
28788,3260,3262,1
28789,3260,3263,1
28790,3260,3264,1
28791,3260,3266,1
28792,3260,3268,1
28793,3260,4667,1
28794,3261,3262,1
28795,3261,3264,1
28796,3261,3265,1
28797,3261,3266,1
28798,3261,3268,1
28799,3261,3644,1
28800,3262,3265,1
28801,3262,3266,1
28802,3262,3268,1
28803,3262,3269,1
28804,3262,4698,1
28805,3262,4443,1
28806,3263,3264,1
28807,3263,3265,1
28808,3263,3267,1
28809,3263,3268,1
28810,3263,3269,1
28811,3263,3271,1
28812,3263,4491,1
28813,3264,3265,1
28814,3264,3267,1
28815,3264,3268,1
28816,3264,3270,1
28817,3264,3271,1
28818,3264,3272,1
28819,3264,3493,1
28820,3264,4775,1
28821,3265,3266,1
28822,3265,3267,1
28823,3265,3271,1
28824,3265,3272,1
28825,3265,3273,1
28826,3265,4111,1
28827,3265,3337,1
28828,3265,4740,1
28829,3265,4921,1
28830,3266,3267,1
28831,3266,3268,1
28832,3266,3269,1
28833,3266,3271,1
28834,3266,3272,1
28835,3266,4851,1
28836,3266,4223,1
28837,3267,3269,1
28838,3267,3270,1
28839,3267,3272,1
28840,3267,3273,1
28841,3267,3275,1
28842,3267,4063,1
28843,3267,4293,1
28844,3267,4192,1
28845,3268,3270,1
28846,3268,3273,1
28847,3268,3274,1
28848,3268,3276,1
28849,3268,4840,1
28850,3268,4183,1
28851,3268,4495,1
28852,3268,3961,1
28853,3269,3272,1
28854,3269,3273,1
28855,3269,3274,1
28856,3269,3277,1
28857,3269,3305,1
28858,3270,3271,1
28859,3270,3274,1
28860,3270,3276,1
28861,3270,3278,1
28862,3270,4588,1
28863,3270,4729,1
28864,3270,3879,1
28865,3271,3275,1
28866,3271,3276,1
28867,3271,3277,1
28868,3271,3278,1
28869,3271,3279,1
28870,3271,4141,1
28871,3272,3273,1
28872,3272,3274,1
28873,3272,3275,1
28874,3272,3277,1
28875,3272,3279,1
28876,3272,3280,1
28877,3272,4773,1
28878,3272,4345,1
28879,3272,4875,1
28880,3272,3720,1
28881,3273,3274,1
28882,3273,3275,1
28883,3273,3276,1
28884,3273,3277,1
28885,3273,3278,1
28886,3273,3281,1
28887,3273,3485,1
28888,3273,4061,1
28889,3273,3661,1
28890,3274,3277,1
28891,3274,3278,1
28892,3274,3279,1
28893,3274,3280,1
28894,3274,3281,1
28895,3274,3282,1
28896,3274,3288,1
28897,3275,3277,1
28898,3275,3278,1
28899,3275,3279,1
28900,3275,3280,1
28901,3275,3281,1
28902,3275,3282,1
28903,3275,3283,1
28904,3276,3278,1
28905,3276,3279,1
28906,3276,3280,1
28907,3276,3281,1
28908,3276,3282,1
28909,3276,3283,1
28910,3276,3284,1
28911,3277,3278,1
28912,3277,3279,1
28913,3277,3280,1
28914,3277,3281,1
28915,3277,3282,1
28916,3277,3283,1
28917,3277,3284,1
28918,3277,3699,1
28919,3277,4033,1
28920,3278,3279,1
28921,3278,3281,1
28922,3278,3282,1
28923,3278,3283,1
28924,3278,3284,1
28925,3278,3286,1
28926,3279,3280,1
28927,3279,3281,1
28928,3279,3285,1
28929,3279,3286,1
28930,3280,3281,1
28931,3280,3282,1
28932,3280,3285,1
28933,3280,3286,1
28934,3280,3288,1
28935,3280,4186,1
28936,3281,3283,1
28937,3281,3284,1
28938,3281,3285,1
28939,3281,3286,1
28940,3281,3287,1
28941,3281,3288,1
28942,3281,3289,1
28943,3282,3283,1
28944,3282,3285,1
28945,3282,3286,1
28946,3282,3288,1
28947,3282,3289,1
28948,3282,3290,1
28949,3282,4363,1
28950,3283,3284,1
28951,3283,3285,1
28952,3283,3286,1
28953,3283,3288,1
28954,3283,3289,1
28955,3283,3291,1
28956,3283,3631,1
28957,3284,3285,1
28958,3284,3286,1
28959,3284,3287,1
28960,3284,3288,1
28961,3284,3289,1
28962,3284,3291,1
28963,3284,3292,1
28964,3284,4869,1
28965,3285,3286,1
28966,3285,3287,1
28967,3285,3288,1
28968,3285,3289,1
28969,3285,3291,1
28970,3285,3292,1
28971,3285,3293,1
28972,3285,4312,1
28973,3285,3968,1
28974,3286,3287,1
28975,3286,3289,1
28976,3286,3290,1
28977,3286,3291,1
28978,3286,3292,1
28979,3286,4420,1
28980,3286,4456,1
28981,3287,3289,1
28982,3287,3291,1
28983,3287,3292,1
28984,3287,3293,1
28985,3287,3294,1
28986,3287,3295,1
28987,3288,3290,1
28988,3288,3291,1
28989,3288,3293,1
28990,3288,3294,1
28991,3288,3295,1
28992,3288,3630,1
28993,3289,3292,1
28994,3289,3293,1
28995,3289,3294,1
28996,3289,3296,1
28997,3289,4910,1
28998,3290,3291,1
28999,3290,3292,1
29000,3290,3295,1
29001,3290,3297,1
29002,3290,3298,1
29003,3290,3650,1
29004,3290,4715,1
29005,3290,4382,1
29006,3290,4496,1
29007,3291,3292,1
29008,3291,3294,1
29009,3291,3296,1
29010,3291,3297,1
29011,3291,3299,1
29012,3291,4424,1
29013,3291,3723,1
29014,3291,4013,1
29015,3292,3293,1
29016,3292,3294,1
29017,3292,3295,1
29018,3292,3297,1
29019,3292,3298,1
29020,3292,3299,1
29021,3292,3300,1
29022,3293,3294,1
29023,3293,3295,1
29024,3293,3296,1
29025,3293,3297,1
29026,3293,3298,1
29027,3293,3299,1
29028,3293,3300,1
29029,3293,3301,1
29030,3293,3910,1
29031,3294,3295,1
29032,3294,3296,1
29033,3294,3298,1
29034,3294,3302,1
29035,3294,3627,1
29036,3295,3296,1
29037,3295,3300,1
29038,3295,3301,1
29039,3295,3302,1
29040,3295,3303,1
29041,3295,3904,1
29042,3295,3573,1
29043,3295,4345,1
29044,3296,3297,1
29045,3296,3299,1
29046,3296,3300,1
29047,3296,3301,1
29048,3296,3302,1
29049,3296,3303,1
29050,3296,3304,1
29051,3296,3966,1
29052,3296,3913,1
29053,3297,3299,1
29054,3297,3300,1
29055,3297,3302,1
29056,3297,3303,1
29057,3297,3304,1
29058,3297,3833,1
29059,3297,4566,1
29060,3297,4842,1
29061,3297,4629,1
29062,3297,4090,1
29063,3298,3299,1
29064,3298,3300,1
29065,3298,3302,1
29066,3298,3304,1
29067,3298,3306,1
29068,3298,4050,1
29069,3298,4585,1
29070,3299,3301,1
29071,3299,3302,1
29072,3299,3303,1
29073,3299,3305,1
29074,3299,3306,1
29075,3299,3307,1
29076,3299,3687,1
29077,3299,4379,1
29078,3299,4734,1
29079,3300,3303,1
29080,3300,3304,1
29081,3300,3305,1
29082,3300,3307,1
29083,3300,3308,1
29084,3300,4855,1
29085,3300,4050,1
29086,3301,3302,1
29087,3301,3303,1
29088,3301,3304,1
29089,3301,3305,1
29090,3301,3307,1
29091,3301,3308,1
29092,3301,3309,1
29093,3301,4038,1
29094,3301,3596,1
29095,3301,4318,1
29096,3302,3303,1
29097,3302,3306,1
29098,3302,3307,1
29099,3302,3308,1
29100,3302,3787,1
29101,3302,4552,1
29102,3302,4008,1
29103,3303,3304,1
29104,3303,3306,1
29105,3303,3307,1
29106,3303,3309,1
29107,3303,3310,1
29108,3303,3311,1
29109,3303,3614,1
29110,3304,3305,1
29111,3304,3306,1
29112,3304,3307,1
29113,3304,3308,1
29114,3304,3309,1
29115,3304,3311,1
29116,3304,3312,1
29117,3305,3306,1
29118,3305,3308,1
29119,3305,3310,1
29120,3305,3311,1
29121,3305,3313,1
29122,3305,4624,1
29123,3305,4767,1
29124,3306,3307,1
29125,3306,3309,1
29126,3306,3310,1
29127,3306,3312,1
29128,3306,3313,1
29129,3306,3314,1
29130,3306,4341,1
29131,3306,3351,1
29132,3307,3309,1
29133,3307,3310,1
29134,3307,3311,1
29135,3307,3312,1
29136,3307,3313,1
29137,3307,3314,1
29138,3307,3315,1
29139,3307,4790,1
29140,3307,4907,1
29141,3308,3310,1
29142,3308,3312,1
29143,3308,3314,1
29144,3308,3315,1
29145,3308,4447,1
29146,3309,3310,1
29147,3309,3311,1
29148,3309,3312,1
29149,3309,3313,1
29150,3309,3316,1
29151,3309,3317,1
29152,3310,3311,1
29153,3310,3312,1
29154,3310,3313,1
29155,3310,3314,1
29156,3310,3317,1
29157,3310,3318,1
29158,3310,4255,1
29159,3310,3746,1
29160,3310,3995,1
29161,3311,3314,1
29162,3311,3316,1
29163,3311,3317,1
29164,3311,3318,1
29165,3311,3667,1
29166,3312,3313,1
29167,3312,3314,1
29168,3312,3315,1
29169,3312,3318,1
29170,3312,3319,1
29171,3312,3320,1
29172,3312,3863,1
29173,3312,4428,1
29174,3313,3314,1
29175,3313,3315,1
29176,3313,3316,1
29177,3313,3318,1
29178,3313,3319,1
29179,3313,3320,1
29180,3313,3321,1
29181,3313,4767,1
29182,3314,3315,1
29183,3314,3316,1
29184,3314,3321,1
29185,3314,3322,1
29186,3314,3516,1
29187,3314,4269,1
29188,3314,3601,1
29189,3315,3316,1
29190,3315,3320,1
29191,3315,3321,1
29192,3315,3322,1
29193,3315,4217,1
29194,3315,3819,1
29195,3315,3758,1
29196,3316,3317,1
29197,3316,3318,1
29198,3316,3320,1
29199,3316,3321,1
29200,3316,3322,1
29201,3316,3323,1
29202,3316,3324,1
29203,3316,4170,1
29204,3316,4043,1
29205,3317,3318,1
29206,3317,3321,1
29207,3317,3322,1
29208,3317,3323,1
29209,3317,3324,1
29210,3317,3364,1
29211,3317,3871,1
29212,3318,3319,1
29213,3318,3320,1
29214,3318,3322,1
29215,3318,3324,1
29216,3318,3325,1
29217,3318,3326,1
29218,3318,4274,1
29219,3318,4298,1
29220,3319,3320,1
29221,3319,3323,1
29222,3319,3324,1
29223,3319,3325,1
29224,3319,3326,1
29225,3319,3327,1
29226,3319,3927,1
29227,3319,3864,1
29228,3320,3321,1
29229,3320,3323,1
29230,3320,3324,1
29231,3320,3325,1
29232,3320,4448,1
29233,3320,4697,1
29234,3321,3323,1
29235,3321,3324,1
29236,3321,3325,1
29237,3321,3328,1
29238,3321,3329,1
29239,3321,4077,1
29240,3321,3687,1
29241,3321,4583,1
29242,3322,3323,1
29243,3322,3324,1
29244,3322,3325,1
29245,3322,3326,1
29246,3322,3327,1
29247,3322,3328,1
29248,3322,3329,1
29249,3322,3330,1
29250,3322,4844,1
29251,3323,3324,1
29252,3323,3328,1
29253,3323,3329,1
29254,3323,3330,1
29255,3323,3331,1
29256,3323,4188,1
29257,3323,4802,1
29258,3324,3325,1
29259,3324,3326,1
29260,3324,3327,1
29261,3324,3328,1
29262,3324,3329,1
29263,3324,3331,1
29264,3324,4949,1
29265,3325,3326,1
29266,3325,3328,1
29267,3325,3329,1
29268,3325,3330,1
29269,3325,3332,1
29270,3325,4650,1
29271,3326,3327,1
29272,3326,3328,1
29273,3326,3330,1
29274,3326,3334,1
29275,3326,4876,1
29276,3327,3328,1
29277,3327,3332,1
29278,3327,3333,1
29279,3327,3334,1
29280,3327,3335,1
29281,3328,3329,1
29282,3328,3331,1
29283,3328,3332,1
29284,3328,3333,1
29285,3328,3335,1
29286,3328,4401,1
29287,3329,3330,1
29288,3329,3331,1
29289,3329,3332,1
29290,3329,3333,1
29291,3329,3334,1
29292,3329,3335,1
29293,3329,3337,1
29294,3329,4409,1
29295,3330,3334,1
29296,3330,3336,1
29297,3330,3433,1
29298,3330,4655,1
29299,3330,4659,1
29300,3330,4626,1
29301,3331,3332,1
29302,3331,3335,1
29303,3331,3336,1
29304,3331,3337,1
29305,3331,3339,1
29306,3331,4813,1
29307,3331,4078,1
29308,3331,4682,1
29309,3331,4075,1
29310,3331,4656,1
29311,3332,3333,1
29312,3332,3335,1
29313,3332,3338,1
29314,3332,3339,1
29315,3332,3839,1
29316,3332,4730,1
29317,3332,3937,1
29318,3332,4151,1
29319,3333,3334,1
29320,3333,3335,1
29321,3333,3336,1
29322,3333,3337,1
29323,3333,3338,1
29324,3333,3339,1
29325,3333,3340,1
29326,3333,4663,1
29327,3333,4168,1
29328,3334,3335,1
29329,3334,3337,1
29330,3334,3338,1
29331,3334,3340,1
29332,3334,3341,1
29333,3334,3342,1
29334,3334,4271,1
29335,3334,3884,1
29336,3334,4705,1
29337,3335,3336,1
29338,3335,3337,1
29339,3335,3339,1
29340,3335,3340,1
29341,3335,3341,1
29342,3335,3427,1
29343,3336,3337,1
29344,3336,3338,1
29345,3336,3339,1
29346,3336,3340,1
29347,3336,3341,1
29348,3336,3342,1
29349,3336,3343,1
29350,3336,3344,1
29351,3337,3338,1
29352,3337,3339,1
29353,3337,3340,1
29354,3337,3342,1
29355,3337,3343,1
29356,3337,3344,1
29357,3337,4985,1
29358,3338,3339,1
29359,3338,3341,1
29360,3338,3342,1
29361,3338,3343,1
29362,3338,3346,1
29363,3338,4386,1
29364,3339,3340,1
29365,3339,3341,1
29366,3339,3343,1
29367,3339,3344,1
29368,3339,3345,1
29369,3339,3346,1
29370,3339,4701,1
29371,3340,3342,1
29372,3340,3343,1
29373,3340,3344,1
29374,3340,3345,1
29375,3340,3346,1
29376,3340,4752,1
29377,3340,3727,1
29378,3341,3342,1
29379,3341,3343,1
29380,3341,3345,1
29381,3341,3346,1
29382,3341,3347,1
29383,3341,3348,1
29384,3342,3343,1
29385,3342,3344,1
29386,3342,3346,1
29387,3342,3347,1
29388,3342,3348,1
29389,3342,3349,1
29390,3343,3347,1
29391,3343,3349,1
29392,3343,3351,1
29393,3343,4042,1
29394,3343,3666,1
29395,3344,3345,1
29396,3344,3347,1
29397,3344,3348,1
29398,3344,3350,1
29399,3344,3351,1
29400,3344,4046,1
29401,3344,3637,1
29402,3345,3346,1
29403,3345,3347,1
29404,3345,3348,1
29405,3345,3349,1
29406,3345,3350,1
29407,3345,3351,1
29408,3345,3352,1
29409,3345,3353,1
29410,3345,4226,1
29411,3345,3521,1
29412,3346,3348,1
29413,3346,3351,1
29414,3346,3352,1
29415,3346,3353,1
29416,3346,3354,1
29417,3346,3713,1
29418,3346,3696,1
29419,3346,4068,1
29420,3346,4678,1
29421,3346,4776,1
29422,3347,3348,1
29423,3347,3349,1
29424,3347,3352,1
29425,3347,3353,1
29426,3347,3354,1
29427,3347,3778,1
29428,3347,4427,1
29429,3348,3349,1
29430,3348,3351,1
29431,3348,3352,1
29432,3348,3354,1
29433,3348,3355,1
29434,3348,3356,1
29435,3349,3351,1
29436,3349,3352,1
29437,3349,3353,1
29438,3349,3354,1
29439,3349,3356,1
29440,3349,3357,1
29441,3350,3352,1
29442,3350,3353,1
29443,3350,3355,1
29444,3350,3356,1
29445,3350,3357,1
29446,3350,3358,1
29447,3350,4167,1
29448,3350,3472,1
29449,3350,4540,1
29450,3351,3352,1
29451,3351,3354,1
29452,3351,3355,1
29453,3351,3356,1
29454,3351,3357,1
29455,3351,3358,1
29456,3352,3353,1
29457,3352,3354,1
29458,3352,3356,1
29459,3352,3359,1
29460,3352,4325,1
29461,3352,3915,1
29462,3352,3705,1
29463,3352,3599,1
29464,3353,3354,1
29465,3353,3355,1
29466,3353,3357,1
29467,3353,3358,1
29468,3353,3359,1
29469,3353,3360,1
29470,3353,3361,1
29471,3353,4096,1
29472,3353,3410,1
29473,3354,3355,1
29474,3354,3356,1
29475,3354,3357,1
29476,3354,3358,1
29477,3354,3359,1
29478,3354,3360,1
29479,3354,3362,1
29480,3354,3639,1
29481,3354,4368,1
29482,3355,3356,1
29483,3355,3357,1
29484,3355,3358,1
29485,3355,3360,1
29486,3355,3361,1
29487,3355,3362,1
29488,3355,3363,1
29489,3355,4474,1
29490,3356,3357,1
29491,3356,3359,1
29492,3356,3360,1
29493,3356,3362,1
29494,3356,3364,1
29495,3356,4247,1
29496,3357,3358,1
29497,3357,3359,1
29498,3357,3360,1
29499,3357,3361,1
29500,3357,3362,1
29501,3357,3364,1
29502,3357,3365,1
29503,3357,4138,1
29504,3358,3359,1
29505,3358,3360,1
29506,3358,3361,1
29507,3358,3364,1
29508,3358,3365,1
29509,3358,3366,1
29510,3358,4270,1
29511,3358,4691,1
29512,3358,4611,1
29513,3358,3458,1
29514,3359,3365,1
29515,3359,3366,1
29516,3359,3367,1
29517,3359,3497,1
29518,3359,4450,1
29519,3359,4894,1
29520,3360,3362,1
29521,3360,3363,1
29522,3360,3364,1
29523,3360,3365,1
29524,3360,3367,1
29525,3360,3368,1
29526,3361,3362,1
29527,3361,3364,1
29528,3361,3365,1
29529,3361,3366,1
29530,3361,3367,1
29531,3361,3369,1
29532,3361,4601,1
29533,3361,3900,1
29534,3361,4027,1
29535,3361,4782,1
29536,3362,3363,1
29537,3362,3364,1
29538,3362,3366,1
29539,3362,3367,1
29540,3362,3368,1
29541,3362,3369,1
29542,3362,3370,1
29543,3362,4125,1
29544,3363,3364,1
29545,3363,3366,1
29546,3363,3367,1
29547,3363,3369,1
29548,3363,3370,1
29549,3363,3371,1
29550,3363,4122,1
29551,3364,3366,1
29552,3364,3367,1
29553,3364,3368,1
29554,3364,3369,1
29555,3364,3370,1
29556,3364,3371,1
29557,3364,4006,1
29558,3365,3368,1
29559,3365,3369,1
29560,3365,3370,1
29561,3365,3372,1
29562,3365,3373,1
29563,3366,3367,1
29564,3366,3368,1
29565,3366,3369,1
29566,3366,3370,1
29567,3366,3371,1
29568,3366,3373,1
29569,3366,3374,1
29570,3366,4405,1
29571,3367,3368,1
29572,3367,3371,1
29573,3367,3373,1
29574,3367,3374,1
29575,3367,3375,1
29576,3368,3369,1
29577,3368,3370,1
29578,3368,3374,1
29579,3368,3376,1
29580,3368,3426,1
29581,3368,4644,1
29582,3369,3370,1
29583,3369,3371,1
29584,3369,3372,1
29585,3369,3374,1
29586,3369,3376,1
29587,3369,3377,1
29588,3369,4517,1
29589,3369,3921,1
29590,3369,3604,1
29591,3370,3371,1
29592,3370,3373,1
29593,3370,3374,1
29594,3370,3375,1
29595,3370,3377,1
29596,3370,3652,1
29597,3370,4759,1
29598,3371,3372,1
29599,3371,3373,1
29600,3371,3374,1
29601,3371,3375,1
29602,3371,3376,1
29603,3371,3378,1
29604,3371,3379,1
29605,3371,4264,1
29606,3371,4392,1
29607,3372,3373,1
29608,3372,3374,1
29609,3372,3375,1
29610,3372,3376,1
29611,3372,3377,1
29612,3372,3378,1
29613,3372,3379,1
29614,3372,4464,1
29615,3373,3375,1
29616,3373,3376,1
29617,3373,3379,1
29618,3373,4748,1
29619,3373,4543,1
29620,3373,4408,1
29621,3373,3411,1
29622,3373,4388,1
29623,3374,3377,1
29624,3374,3378,1
29625,3374,3379,1
29626,3374,3380,1
29627,3374,3381,1
29628,3374,3382,1
29629,3374,4098,1
29630,3375,3376,1
29631,3375,3377,1
29632,3375,3380,1
29633,3375,3381,1
29634,3375,3382,1
29635,3375,3383,1
29636,3375,3954,1
29637,3376,3377,1
29638,3376,3379,1
29639,3376,3380,1
29640,3376,3381,1
29641,3376,3382,1
29642,3376,3383,1
29643,3376,3384,1
29644,3377,3378,1
29645,3377,3379,1
29646,3377,3380,1
29647,3377,3381,1
29648,3377,3384,1
29649,3377,3385,1
29650,3377,3837,1
29651,3378,3379,1
29652,3378,3380,1
29653,3378,3383,1
29654,3378,3384,1
29655,3378,3386,1
29656,3379,3380,1
29657,3379,3381,1
29658,3379,3382,1
29659,3379,3383,1
29660,3379,3384,1
29661,3379,3385,1
29662,3379,3386,1
29663,3379,3387,1
29664,3380,3381,1
29665,3380,3382,1
29666,3380,3383,1
29667,3380,3384,1
29668,3380,3385,1
29669,3380,4585,1
29670,3380,4625,1
29671,3381,3382,1
29672,3381,3383,1
29673,3381,3384,1
29674,3381,3385,1
29675,3381,3386,1
29676,3381,3387,1
29677,3381,3388,1
29678,3381,3389,1
29679,3381,4437,1
29680,3382,3384,1
29681,3382,3385,1
29682,3382,3386,1
29683,3382,3389,1
29684,3383,3385,1
29685,3383,3389,1
29686,3383,3390,1
29687,3383,4595,1
29688,3383,3769,1
29689,3384,3385,1
29690,3384,3386,1
29691,3384,3390,1
29692,3384,3391,1
29693,3384,3392,1
29694,3384,4452,1
29695,3384,3557,1
29696,3385,3386,1
29697,3385,3387,1
29698,3385,3388,1
29699,3385,3390,1
29700,3385,3391,1
29701,3385,4297,1
29702,3386,3387,1
29703,3386,3390,1
29704,3386,3391,1
29705,3386,3393,1
29706,3386,3394,1
29707,3386,3814,1
29708,3386,3817,1
29709,3387,3389,1
29710,3387,3390,1
29711,3387,3391,1
29712,3387,3392,1
29713,3387,3393,1
29714,3387,3395,1
29715,3387,3644,1
29716,3387,3979,1
29717,3388,3389,1
29718,3388,3391,1
29719,3388,3392,1
29720,3388,3393,1
29721,3388,3395,1
29722,3388,3396,1
29723,3388,4106,1
29724,3388,4133,1
29725,3388,3869,1
29726,3389,3390,1
29727,3389,3393,1
29728,3389,3394,1
29729,3389,3395,1
29730,3389,3396,1
29731,3389,4709,1
29732,3390,3391,1
29733,3390,3394,1
29734,3390,3397,1
29735,3390,4795,1
29736,3391,3392,1
29737,3391,3396,1
29738,3391,4864,1
29739,3391,3995,1
29740,3391,4110,1
29741,3392,3393,1
29742,3392,3394,1
29743,3392,3395,1
29744,3392,3396,1
29745,3392,3398,1
29746,3392,3400,1
29747,3392,3750,1
29748,3393,3394,1
29749,3393,3396,1
29750,3393,3400,1
29751,3393,3401,1
29752,3393,4456,1
29753,3394,3395,1
29754,3394,3397,1
29755,3394,3398,1
29756,3394,3399,1
29757,3394,3400,1
29758,3394,3402,1
29759,3394,3660,1
29760,3394,4105,1
29761,3394,4128,1
29762,3395,3396,1
29763,3395,3397,1
29764,3395,3398,1
29765,3395,3399,1
29766,3395,3403,1
29767,3396,3397,1
29768,3396,3398,1
29769,3396,3399,1
29770,3396,3400,1
29771,3396,3403,1
29772,3396,4875,1
29773,3397,3398,1
29774,3397,3400,1
29775,3397,3401,1
29776,3397,3403,1
29777,3397,3404,1
29778,3397,3405,1
29779,3397,4310,1
29780,3397,4241,1
29781,3398,3400,1
29782,3398,3401,1
29783,3398,3402,1
29784,3398,3404,1
29785,3398,3406,1
29786,3398,3771,1
29787,3399,3400,1
29788,3399,3401,1
29789,3399,3402,1
29790,3399,3403,1
29791,3399,3404,1
29792,3399,3405,1
29793,3399,3406,1
29794,3399,3407,1
29795,3399,4349,1
29796,3399,3923,1
29797,3400,3401,1
29798,3400,3402,1
29799,3400,3404,1
29800,3400,3405,1
29801,3400,3406,1
29802,3400,3407,1
29803,3400,3408,1
29804,3400,4403,1
29805,3401,3404,1
29806,3401,3405,1
29807,3401,3408,1
29808,3401,3409,1
29809,3401,3625,1
29810,3402,3403,1
29811,3402,3404,1
29812,3402,3405,1
29813,3402,3406,1
29814,3402,3407,1
29815,3402,3408,1
29816,3402,3410,1
29817,3403,3404,1
29818,3403,3405,1
29819,3403,3406,1
29820,3403,3407,1
29821,3403,3408,1
29822,3404,3405,1
29823,3404,3407,1
29824,3404,3408,1
29825,3404,3409,1
29826,3404,3410,1
29827,3404,3411,1
29828,3404,4795,1
29829,3405,3406,1
29830,3405,3407,1
29831,3405,3408,1
29832,3405,3409,1
29833,3405,3411,1
29834,3405,3413,1
29835,3405,4593,1
29836,3406,3407,1
29837,3406,3408,1
29838,3406,3409,1
29839,3406,3411,1
29840,3406,3412,1
29841,3406,3413,1
29842,3406,3414,1
29843,3406,3888,1
29844,3407,3410,1
29845,3407,3411,1
29846,3407,3412,1
29847,3407,3413,1
29848,3407,4082,1
29849,3408,3411,1
29850,3408,3412,1
29851,3408,3415,1
29852,3408,3416,1
29853,3408,4451,1
29854,3408,4771,1
29855,3408,4923,1
29856,3408,3452,1
29857,3409,3410,1
29858,3409,3411,1
29859,3409,3412,1
29860,3409,3413,1
29861,3409,3415,1
29862,3409,3416,1
29863,3409,3417,1
29864,3409,3944,1
29865,3410,3411,1
29866,3410,3414,1
29867,3410,3415,1
29868,3410,3416,1
29869,3410,3418,1
29870,3410,4770,1
29871,3410,4596,1
29872,3410,4150,1
29873,3411,3412,1
29874,3411,3413,1
29875,3411,3414,1
29876,3411,3415,1
29877,3411,3416,1
29878,3411,4649,1
29879,3411,4515,1
29880,3411,3816,1
29881,3412,3413,1
29882,3412,3414,1
29883,3412,3415,1
29884,3412,3416,1
29885,3412,3417,1
29886,3412,3418,1
29887,3412,3420,1
29888,3413,3415,1
29889,3413,3416,1
29890,3413,3417,1
29891,3413,3419,1
29892,3413,3420,1
29893,3413,4360,1
29894,3414,3416,1
29895,3414,3419,1
29896,3414,3420,1
29897,3414,3421,1
29898,3414,3422,1
29899,3414,4644,1
29900,3414,3622,1
29901,3415,3417,1
29902,3415,3418,1
29903,3415,3419,1
29904,3415,3420,1
29905,3415,3422,1
29906,3415,3785,1
29907,3415,4760,1
29908,3416,3417,1
29909,3416,3418,1
29910,3416,3419,1
29911,3416,3420,1
29912,3416,3421,1
29913,3416,3422,1
29914,3416,3424,1
29915,3416,4698,1
29916,3417,3418,1
29917,3417,3419,1
29918,3417,3420,1
29919,3417,3421,1
29920,3417,3422,1
29921,3417,3423,1
29922,3417,3424,1
29923,3417,3425,1
29924,3417,3864,1
29925,3418,3419,1
29926,3418,3420,1
29927,3418,3421,1
29928,3418,3422,1
29929,3418,3423,1
29930,3418,3425,1
29931,3418,3426,1
29932,3418,4748,1
29933,3419,3420,1
29934,3419,3421,1
29935,3419,3422,1
29936,3419,3423,1
29937,3419,3424,1
29938,3419,3425,1
29939,3419,3426,1
29940,3419,3427,1
29941,3419,4953,1
29942,3419,3453,1
29943,3420,3421,1
29944,3420,3422,1
29945,3420,3425,1
29946,3420,3426,1
29947,3420,3427,1
29948,3420,3428,1
29949,3420,3807,1
29950,3421,3425,1
29951,3421,3427,1
29952,3421,3428,1
29953,3421,3429,1
29954,3421,4805,1
29955,3421,4721,1
29956,3422,3424,1
29957,3422,3425,1
29958,3422,3428,1
29959,3422,3429,1
29960,3422,3430,1
29961,3422,3584,1
29962,3422,4041,1
29963,3423,3424,1
29964,3423,3425,1
29965,3423,3427,1
29966,3423,3428,1
29967,3423,3429,1
29968,3423,3430,1
29969,3423,3431,1
29970,3423,3890,1
29971,3424,3425,1
29972,3424,3426,1
29973,3424,3427,1
29974,3424,3428,1
29975,3424,3430,1
29976,3424,3432,1
29977,3424,4177,1
29978,3424,4559,1
29979,3425,3426,1
29980,3425,3429,1
29981,3425,3431,1
29982,3425,3432,1
29983,3425,3433,1
29984,3426,3427,1
29985,3426,3429,1
29986,3426,3430,1
29987,3426,3431,1
29988,3426,3432,1
29989,3426,3434,1
29990,3426,3827,1
29991,3426,3915,1
29992,3427,3428,1
29993,3427,3429,1
29994,3427,3430,1
29995,3427,3431,1
29996,3427,3432,1
29997,3427,3433,1
29998,3427,3434,1
29999,3427,3435,1
30000,3428,3429,1
30001,3428,3430,1
30002,3428,3432,1
30003,3428,3433,1
30004,3428,3434,1
30005,3428,4216,1
30006,3428,4726,1
30007,3429,3430,1
30008,3429,3433,1
30009,3429,3435,1
30010,3429,3436,1
30011,3429,3437,1
30012,3430,3432,1
30013,3430,3433,1
30014,3430,3434,1
30015,3430,3435,1
30016,3430,3437,1
30017,3430,3438,1
30018,3430,3825,1
30019,3431,3432,1
30020,3431,3433,1
30021,3431,3434,1
30022,3431,3437,1
30023,3431,3438,1
30024,3431,3439,1
30025,3431,4760,1
30026,3431,4355,1
30027,3431,4875,1
30028,3431,4893,1
30029,3432,3434,1
30030,3432,3435,1
30031,3432,3437,1
30032,3432,3438,1
30033,3432,3439,1
30034,3432,3440,1
30035,3432,4306,1
30036,3432,4673,1
30037,3432,3870,1
30038,3432,4455,1
30039,3433,3435,1
30040,3433,3436,1
30041,3433,3437,1
30042,3433,3440,1
30043,3433,3441,1
30044,3433,4401,1
30045,3433,4536,1
30046,3433,4554,1
30047,3434,3436,1
30048,3434,3437,1
30049,3434,3438,1
30050,3434,3442,1
30051,3434,4741,1
30052,3435,3436,1
30053,3435,3439,1
30054,3435,3440,1
30055,3435,3441,1
30056,3435,4735,1
30057,3435,4687,1
30058,3436,3438,1
30059,3436,3439,1
30060,3436,3440,1
30061,3436,3441,1
30062,3436,3442,1
30063,3436,3443,1
30064,3436,3444,1
30065,3436,4133,1
30066,3436,4595,1
30067,3436,3848,1
30068,3436,4514,1
30069,3437,3438,1
30070,3437,3439,1
30071,3437,3441,1
30072,3437,3442,1
30073,3437,3443,1
30074,3437,3444,1
30075,3437,3445,1
30076,3438,3439,1
30077,3438,3441,1
30078,3438,3442,1
30079,3438,3443,1
30080,3438,3445,1
30081,3438,3446,1
30082,3438,4407,1
30083,3438,3556,1
30084,3439,3440,1
30085,3439,3442,1
30086,3439,3443,1
30087,3439,3444,1
30088,3439,3445,1
30089,3439,3446,1
30090,3439,3447,1
30091,3439,4230,1
30092,3440,3441,1
30093,3440,3442,1
30094,3440,3444,1
30095,3440,3445,1
30096,3440,3446,1
30097,3440,3447,1
30098,3440,3448,1
30099,3440,4551,1
30100,3440,4558,1
30101,3441,3444,1
30102,3441,3446,1
30103,3441,3447,1
30104,3441,3448,1
30105,3441,3449,1
30106,3441,4300,1
30107,3441,4033,1
30108,3441,3463,1
30109,3441,4623,1
30110,3441,3757,1
30111,3441,4904,1
30112,3442,3445,1
30113,3442,3446,1
30114,3442,3447,1
30115,3442,3449,1
30116,3442,3450,1
30117,3442,4733,1
30118,3442,3943,1
30119,3443,3444,1
30120,3443,3445,1
30121,3443,3446,1
30122,3443,3447,1
30123,3443,3448,1
30124,3443,3449,1
30125,3443,3450,1
30126,3443,3451,1
30127,3444,3446,1
30128,3444,3447,1
30129,3444,3450,1
30130,3444,3451,1
30131,3444,3452,1
30132,3444,4548,1
30133,3444,4907,1
30134,3444,4341,1
30135,3445,3447,1
30136,3445,3448,1
30137,3445,3450,1
30138,3445,3451,1
30139,3445,3452,1
30140,3445,3453,1
30141,3445,3600,1
30142,3445,4507,1
30143,3446,3447,1
30144,3446,3450,1
30145,3446,3452,1
30146,3446,3454,1
30147,3446,3593,1
30148,3446,4386,1
30149,3446,3792,1
30150,3446,3632,1
30151,3447,3448,1
30152,3447,3449,1
30153,3447,3450,1
30154,3447,3451,1
30155,3447,3452,1
30156,3447,3453,1
30157,3447,3454,1
30158,3448,3449,1
30159,3448,3452,1
30160,3448,3454,1
30161,3448,3455,1
30162,3448,3456,1
30163,3448,4490,1
30164,3448,4598,1
30165,3448,3554,1
30166,3448,4950,1
30167,3449,3450,1
30168,3449,3451,1
30169,3449,3453,1
30170,3449,3454,1
30171,3449,3455,1
30172,3449,3456,1
30173,3449,3457,1
30174,3449,4062,1
30175,3449,4479,1
30176,3450,3451,1
30177,3450,3452,1
30178,3450,3453,1
30179,3450,3454,1
30180,3450,3455,1
30181,3450,3456,1
30182,3450,3457,1
30183,3450,3458,1
30184,3450,3795,1
30185,3450,3654,1
30186,3451,3453,1
30187,3451,3454,1
30188,3451,3455,1
30189,3451,3456,1
30190,3451,3457,1
30191,3451,3458,1
30192,3451,3459,1
30193,3451,3557,1
30194,3452,3454,1
30195,3452,3455,1
30196,3452,3457,1
30197,3452,3459,1
30198,3452,3757,1
30199,3452,4720,1
30200,3453,3454,1
30201,3453,3457,1
30202,3453,3458,1
30203,3453,3461,1
30204,3453,4012,1
30205,3453,4495,1
30206,3453,4330,1
30207,3453,4545,1
30208,3454,3455,1
30209,3454,3456,1
30210,3454,3457,1
30211,3454,3459,1
30212,3454,3460,1
30213,3454,3461,1
30214,3454,3462,1
30215,3454,4994,1
30216,3455,3456,1
30217,3455,3457,1
30218,3455,3458,1
30219,3455,3459,1
30220,3455,3460,1
30221,3455,3461,1
30222,3455,3462,1
30223,3456,3459,1
30224,3456,3460,1
30225,3456,3461,1
30226,3456,3463,1
30227,3456,3464,1
30228,3457,3458,1
30229,3457,3459,1
30230,3457,3460,1
30231,3457,3463,1
30232,3457,3464,1
30233,3457,3852,1
30234,3457,4301,1
30235,3458,3459,1
30236,3458,3460,1
30237,3458,3461,1
30238,3458,3463,1
30239,3458,3465,1
30240,3458,3466,1
30241,3458,4909,1
30242,3459,3460,1
30243,3459,3461,1
30244,3459,3462,1
30245,3459,3464,1
30246,3459,3465,1
30247,3459,3467,1
30248,3459,3965,1
30249,3459,4854,1
30250,3460,3461,1
30251,3460,3462,1
30252,3460,3463,1
30253,3460,3466,1
30254,3460,3467,1
30255,3460,3468,1
30256,3460,3847,1
30257,3460,3644,1
30258,3460,4431,1
30259,3460,4772,1
30260,3461,3462,1
30261,3461,3463,1
30262,3461,3465,1
30263,3461,3467,1
30264,3461,3468,1
30265,3461,3469,1
30266,3461,4938,1
30267,3462,3463,1
30268,3462,3464,1
30269,3462,3466,1
30270,3462,3467,1
30271,3462,3468,1
30272,3462,3469,1
30273,3463,3464,1
30274,3463,3466,1
30275,3463,3467,1
30276,3463,3469,1
30277,3463,3470,1
30278,3463,3471,1
30279,3464,3467,1
30280,3464,3468,1
30281,3464,3469,1
30282,3464,3470,1
30283,3464,3471,1
30284,3464,3472,1
30285,3464,3637,1
30286,3464,3929,1
30287,3464,4150,1
30288,3465,3467,1
30289,3465,3468,1
30290,3465,3469,1
30291,3465,3472,1
30292,3465,3693,1
30293,3466,3467,1
30294,3466,3468,1
30295,3466,3469,1
30296,3466,3470,1
30297,3466,3471,1
30298,3466,3474,1
30299,3466,4235,1
30300,3467,3468,1
30301,3467,3470,1
30302,3467,3472,1
30303,3467,3473,1
30304,3467,4857,1
30305,3467,4991,1
30306,3467,3482,1
30307,3467,3801,1
30308,3468,3470,1
30309,3468,3471,1
30310,3468,3475,1
30311,3468,4429,1
30312,3469,3470,1
30313,3469,3472,1
30314,3469,3473,1
30315,3469,3474,1
30316,3469,3475,1
30317,3469,4538,1
30318,3469,4642,1
30319,3469,4317,1
30320,3470,3471,1
30321,3470,3473,1
30322,3470,3474,1
30323,3470,3475,1
30324,3470,3477,1
30325,3470,3478,1
30326,3470,4865,1
30327,3470,4265,1
30328,3470,3739,1
30329,3471,3473,1
30330,3471,3474,1
30331,3471,3475,1
30332,3471,3476,1
30333,3471,3477,1
30334,3471,3479,1
30335,3472,3475,1
30336,3472,3476,1
30337,3472,3477,1
30338,3472,3478,1
30339,3472,3479,1
30340,3472,3480,1
30341,3473,3474,1
30342,3473,3475,1
30343,3473,3476,1
30344,3473,3478,1
30345,3473,3479,1
30346,3473,3480,1
30347,3473,3481,1
30348,3473,4871,1
30349,3473,3709,1
30350,3474,3475,1
30351,3474,3477,1
30352,3474,3478,1
30353,3474,3479,1
30354,3474,3480,1
30355,3474,3481,1
30356,3475,3476,1
30357,3475,3478,1
30358,3475,3479,1
30359,3475,3480,1
30360,3475,3481,1
30361,3475,3482,1
30362,3475,3483,1
30363,3476,3477,1
30364,3476,3478,1
30365,3476,3480,1
30366,3476,3481,1
30367,3476,3482,1
30368,3476,3483,1
30369,3476,3484,1
30370,3477,3478,1
30371,3477,3481,1
30372,3477,3482,1
30373,3477,3483,1
30374,3477,3484,1
30375,3477,3485,1
30376,3477,3579,1
30377,3477,3563,1
30378,3477,4173,1
30379,3477,4845,1
30380,3478,3479,1
30381,3478,3480,1
30382,3478,3481,1
30383,3478,3483,1
30384,3478,3484,1
30385,3478,3485,1
30386,3478,3486,1
30387,3478,4001,1
30388,3479,3483,1
30389,3479,3484,1
30390,3479,3485,1
30391,3479,4440,1
30392,3479,4924,1
30393,3479,3664,1
30394,3479,4604,1
30395,3480,3481,1
30396,3480,3482,1
30397,3480,3483,1
30398,3480,3484,1
30399,3480,3486,1
30400,3480,3487,1
30401,3480,3488,1
30402,3480,3864,1
30403,3480,4993,1
30404,3481,3482,1
30405,3481,3483,1
30406,3481,3484,1
30407,3481,3485,1
30408,3481,3486,1
30409,3481,3487,1
30410,3481,3488,1
30411,3481,3489,1
30412,3482,3483,1
30413,3482,3484,1
30414,3482,3485,1
30415,3482,3487,1
30416,3482,3488,1
30417,3482,3489,1
30418,3482,3490,1
30419,3482,4658,1
30420,3483,3484,1
30421,3483,3485,1
30422,3483,3487,1
30423,3483,3488,1
30424,3483,3489,1
30425,3483,3490,1
30426,3483,3491,1
30427,3484,3485,1
30428,3484,3486,1
30429,3484,3487,1
30430,3484,3488,1
30431,3484,3489,1
30432,3484,3490,1
30433,3484,3491,1
30434,3484,3492,1
30435,3484,3845,1
30436,3484,4717,1
30437,3484,3519,1
30438,3485,3486,1
30439,3485,3487,1
30440,3485,3489,1
30441,3485,3490,1
30442,3485,3491,1
30443,3485,3493,1
30444,3485,4741,1
30445,3486,3487,1
30446,3486,3488,1
30447,3486,3489,1
30448,3486,3491,1
30449,3486,4358,1
30450,3487,3490,1
30451,3487,3491,1
30452,3487,3493,1
30453,3487,3494,1
30454,3487,3495,1
30455,3487,4676,1
30456,3488,3489,1
30457,3488,3490,1
30458,3488,3491,1
30459,3488,3492,1
30460,3488,3493,1
30461,3488,3494,1
30462,3488,3496,1
30463,3488,4753,1
30464,3489,3490,1
30465,3489,3492,1
30466,3489,3493,1
30467,3489,3495,1
30468,3489,3496,1
30469,3489,3497,1
30470,3489,4796,1
30471,3489,3551,1
30472,3489,4406,1
30473,3489,3731,1
30474,3490,3491,1
30475,3490,3493,1
30476,3490,3494,1
30477,3490,3495,1
30478,3490,3496,1
30479,3490,3497,1
30480,3490,3498,1
30481,3491,3492,1
30482,3491,3493,1
30483,3491,3494,1
30484,3491,3496,1
30485,3491,3497,1
30486,3491,3498,1
30487,3491,3499,1
30488,3491,4986,1
30489,3492,3494,1
30490,3492,3495,1
30491,3492,3496,1
30492,3492,3497,1
30493,3492,3498,1
30494,3492,3499,1
30495,3492,3500,1
30496,3492,3973,1
30497,3492,4916,1
30498,3493,3494,1
30499,3493,3495,1
30500,3493,3496,1
30501,3493,3497,1
30502,3493,3498,1
30503,3493,4310,1
30504,3494,3496,1
30505,3494,3497,1
30506,3494,3501,1
30507,3494,3502,1
30508,3494,4172,1
30509,3495,3496,1
30510,3495,3497,1
30511,3495,3498,1
30512,3495,3499,1
30513,3495,3501,1
30514,3495,3502,1
30515,3495,4578,1
30516,3495,4249,1
30517,3496,3497,1
30518,3496,3498,1
30519,3496,3499,1
30520,3496,3500,1
30521,3496,3502,1
30522,3496,3503,1
30523,3496,3504,1
30524,3497,3499,1
30525,3497,3501,1
30526,3497,3502,1
30527,3497,3503,1
30528,3497,3504,1
30529,3497,3505,1
30530,3497,3895,1
30531,3498,3499,1
30532,3498,3501,1
30533,3498,3502,1
30534,3498,3504,1
30535,3498,3505,1
30536,3498,4293,1
30537,3498,4288,1
30538,3499,3500,1
30539,3499,3501,1
30540,3499,3502,1
30541,3499,3504,1
30542,3499,3506,1
30543,3499,4748,1
30544,3500,3501,1
30545,3500,3502,1
30546,3500,3504,1
30547,3500,3505,1
30548,3500,3506,1
30549,3500,3507,1
30550,3500,3508,1
30551,3500,4935,1
30552,3500,4369,1
30553,3500,4427,1
30554,3500,4042,1
30555,3501,3502,1
30556,3501,3503,1
30557,3501,3504,1
30558,3501,3507,1
30559,3501,3508,1
30560,3501,3509,1
30561,3502,3504,1
30562,3502,3505,1
30563,3502,3506,1
30564,3502,3508,1
30565,3502,3509,1
30566,3502,3510,1
30567,3502,4971,1
30568,3502,3662,1
30569,3502,4405,1
30570,3503,3504,1
30571,3503,3505,1
30572,3503,3506,1
30573,3503,3507,1
30574,3503,3509,1
30575,3504,3505,1
30576,3504,3506,1
30577,3504,3507,1
30578,3504,3509,1
30579,3504,3510,1
30580,3504,3512,1
30581,3504,3797,1
30582,3504,3693,1
30583,3505,3506,1
30584,3505,3509,1
30585,3505,3510,1
30586,3505,3511,1
30587,3505,3512,1
30588,3505,3513,1
30589,3505,3640,1
30590,3506,3508,1
30591,3506,3509,1
30592,3506,3510,1
30593,3506,3512,1
30594,3506,3513,1
30595,3506,3514,1
30596,3506,3598,1
30597,3507,3508,1
30598,3507,3509,1
30599,3507,3510,1
30600,3507,3512,1
30601,3507,3513,1
30602,3507,3514,1
30603,3507,3515,1
30604,3507,3846,1
30605,3508,3509,1
30606,3508,3510,1
30607,3508,3511,1
30608,3508,3512,1
30609,3508,3513,1
30610,3508,3515,1
30611,3508,3833,1
30612,3508,3792,1
30613,3509,3510,1
30614,3509,3511,1
30615,3509,3512,1
30616,3509,3516,1
30617,3509,4687,1
30618,3510,3511,1
30619,3510,3512,1
30620,3510,3513,1
30621,3510,3514,1
30622,3510,3515,1
30623,3510,3517,1
30624,3510,3518,1
30625,3510,3808,1
30626,3511,3512,1
30627,3511,3513,1
30628,3511,3514,1
30629,3511,3515,1
30630,3511,3516,1
30631,3511,3518,1
30632,3511,3519,1
30633,3512,3513,1
30634,3512,3515,1
30635,3512,3516,1
30636,3512,3517,1
30637,3512,3518,1
30638,3512,3519,1
30639,3512,3520,1
30640,3512,4390,1
30641,3513,3515,1
30642,3513,3516,1
30643,3513,3519,1
30644,3513,3520,1
30645,3513,4249,1
30646,3513,4134,1
30647,3514,3515,1
30648,3514,3516,1
30649,3514,3517,1
30650,3514,3518,1
30651,3514,3520,1
30652,3514,3521,1
30653,3514,3522,1
30654,3515,3516,1
30655,3515,3517,1
30656,3515,3518,1
30657,3515,3519,1
30658,3515,3523,1
30659,3516,3517,1
30660,3516,3519,1
30661,3516,3520,1
30662,3516,3522,1
30663,3516,3523,1
30664,3516,3524,1
30665,3517,3518,1
30666,3517,3519,1
30667,3517,3520,1
30668,3517,3522,1
30669,3517,3524,1
30670,3517,3525,1
30671,3517,4009,1
30672,3518,3519,1
30673,3518,3520,1
30674,3518,3521,1
30675,3518,3524,1
30676,3518,3525,1
30677,3518,3526,1
30678,3518,3750,1
30679,3519,3522,1
30680,3519,3523,1
30681,3519,3524,1
30682,3519,3525,1
30683,3519,3526,1
30684,3519,4089,1
30685,3519,4309,1
30686,3520,3521,1
30687,3520,3523,1
30688,3520,3525,1
30689,3520,3526,1
30690,3520,3825,1
30691,3520,4061,1
30692,3521,3523,1
30693,3521,3524,1
30694,3521,3525,1
30695,3521,3527,1
30696,3521,3528,1
30697,3521,4560,1
30698,3521,4551,1
30699,3522,3523,1
30700,3522,3524,1
30701,3522,3525,1
30702,3522,3526,1
30703,3522,3528,1
30704,3522,3529,1
30705,3522,3530,1
30706,3522,3816,1
30707,3523,3524,1
30708,3523,3526,1
30709,3523,3527,1
30710,3523,3528,1
30711,3523,3529,1
30712,3523,3530,1
30713,3523,3531,1
30714,3524,3525,1
30715,3524,3526,1
30716,3524,3527,1
30717,3524,3528,1
30718,3524,3529,1
30719,3524,3530,1
30720,3524,3531,1
30721,3524,3532,1
30722,3524,4710,1
30723,3525,3526,1
30724,3525,3528,1
30725,3525,3530,1
30726,3525,3531,1
30727,3525,3532,1
30728,3525,3533,1
30729,3526,3528,1
30730,3526,3530,1
30731,3526,3531,1
30732,3526,3533,1
30733,3526,3534,1
30734,3526,4970,1
30735,3527,3529,1
30736,3527,3531,1
30737,3527,3532,1
30738,3527,3534,1
30739,3527,3535,1
30740,3527,4008,1
30741,3527,3559,1
30742,3528,3529,1
30743,3528,3531,1
30744,3528,3533,1
30745,3528,3534,1
30746,3528,3535,1
30747,3528,3536,1
30748,3529,3532,1
30749,3529,3533,1
30750,3529,3534,1
30751,3529,3535,1
30752,3529,3536,1
30753,3530,3533,1
30754,3530,3534,1
30755,3530,3535,1
30756,3530,3536,1
30757,3530,3537,1
30758,3530,3711,1
30759,3530,4533,1
30760,3531,3532,1
30761,3531,3535,1
30762,3531,3537,1
30763,3531,4706,1
30764,3532,3533,1
30765,3532,3535,1
30766,3532,3536,1
30767,3532,3540,1
30768,3532,3602,1
30769,3532,4171,1
30770,3532,4296,1
30771,3533,3534,1
30772,3533,3537,1
30773,3533,3539,1
30774,3533,4072,1
30775,3533,4700,1
30776,3533,4873,1
30777,3533,4041,1
30778,3534,3536,1
30779,3534,3537,1
30780,3534,3539,1
30781,3534,3540,1
30782,3534,3542,1
30783,3534,4234,1
30784,3534,4418,1
30785,3534,4907,1
30786,3535,3536,1
30787,3535,3538,1
30788,3535,3539,1
30789,3535,3540,1
30790,3535,3541,1
30791,3535,3542,1
30792,3535,3543,1
30793,3535,4141,1
30794,3536,3537,1
30795,3536,3539,1
30796,3536,3540,1
30797,3536,3543,1
30798,3536,4096,1
30799,3536,4510,1
30800,3537,3539,1
30801,3537,3540,1
30802,3537,3541,1
30803,3537,3545,1
30804,3538,3542,1
30805,3538,3543,1
30806,3538,3544,1
30807,3538,3624,1
30808,3538,4852,1
30809,3538,4301,1
30810,3538,3728,1
30811,3538,4179,1
30812,3539,3540,1
30813,3539,3544,1
30814,3539,3545,1
30815,3539,3546,1
30816,3539,3547,1
30817,3539,4105,1
30818,3539,4128,1
30819,3540,3541,1
30820,3540,3544,1
30821,3540,3545,1
30822,3540,3546,1
30823,3540,3547,1
30824,3540,4131,1
30825,3541,3542,1
30826,3541,3543,1
30827,3541,3544,1
30828,3541,3545,1
30829,3541,3546,1
30830,3541,3548,1
30831,3541,4727,1
30832,3541,4033,1
30833,3541,4620,1
30834,3542,3544,1
30835,3542,3545,1
30836,3542,3546,1
30837,3542,3548,1
30838,3542,3549,1
30839,3542,3550,1
30840,3542,4570,1
30841,3543,3545,1
30842,3543,3546,1
30843,3543,3547,1
30844,3543,3548,1
30845,3543,3549,1
30846,3543,3550,1
30847,3543,3551,1
30848,3544,3545,1
30849,3544,3546,1
30850,3544,3547,1
30851,3544,3549,1
30852,3544,3551,1
30853,3544,3552,1
30854,3544,4847,1
30855,3544,3852,1
30856,3544,4843,1
30857,3545,3546,1
30858,3545,3547,1
30859,3545,3550,1
30860,3545,3551,1
30861,3545,3552,1
30862,3545,3837,1
30863,3545,3884,1
30864,3545,3584,1
30865,3546,3547,1
30866,3546,3549,1
30867,3546,3550,1
30868,3546,3551,1
30869,3546,3552,1
30870,3546,3553,1
30871,3546,3554,1
30872,3546,4368,1
30873,3547,3548,1
30874,3547,3550,1
30875,3547,3553,1
30876,3547,3554,1
30877,3547,3555,1
30878,3547,4230,1
30879,3547,4024,1
30880,3548,3549,1
30881,3548,3550,1
30882,3548,3551,1
30883,3548,3552,1
30884,3548,3556,1
30885,3548,4480,1
30886,3548,4338,1
30887,3548,4917,1
30888,3548,4112,1
30889,3548,3589,1
30890,3549,3550,1
30891,3549,3551,1
30892,3549,3553,1
30893,3549,3554,1
30894,3549,4576,1
30895,3549,3931,1
30896,3549,4783,1
30897,3550,3551,1
30898,3550,3554,1
30899,3550,3555,1
30900,3550,3556,1
30901,3550,3557,1
30902,3550,3558,1
30903,3550,4265,1
30904,3550,4533,1
30905,3551,3554,1
30906,3551,3556,1
30907,3551,3558,1
30908,3551,3986,1
30909,3551,4065,1
30910,3552,3553,1
30911,3552,3554,1
30912,3552,3555,1
30913,3552,3559,1
30914,3552,3560,1
30915,3552,4059,1
30916,3553,3554,1
30917,3553,3555,1
30918,3553,3557,1
30919,3553,3558,1
30920,3553,3559,1
30921,3553,4093,1
30922,3554,3555,1
30923,3554,3556,1
30924,3554,3557,1
30925,3554,3559,1
30926,3554,3560,1
30927,3554,3561,1
30928,3554,4320,1
30929,3555,3556,1
30930,3555,3557,1
30931,3555,3559,1
30932,3555,3561,1
30933,3555,3563,1
30934,3555,3783,1
30935,3556,3557,1
30936,3556,3558,1
30937,3556,3559,1
30938,3556,3561,1
30939,3556,3563,1
30940,3556,3564,1
30941,3556,4760,1
30942,3557,3559,1
30943,3557,3560,1
30944,3557,3561,1
30945,3557,3563,1
30946,3557,3564,1
30947,3557,3565,1
30948,3558,3560,1
30949,3558,3561,1
30950,3558,3563,1
30951,3558,3564,1
30952,3558,3566,1
30953,3558,3637,1
30954,3558,4719,1
30955,3559,3560,1
30956,3559,3561,1
30957,3559,3562,1
30958,3559,3563,1
30959,3559,3564,1
30960,3559,3565,1
30961,3559,3567,1
30962,3559,3841,1
30963,3559,3947,1
30964,3560,3561,1
30965,3560,3562,1
30966,3560,3563,1
30967,3560,3564,1
30968,3560,3565,1
30969,3560,3566,1
30970,3560,3567,1
30971,3560,3568,1
30972,3560,4079,1
30973,3561,3563,1
30974,3561,3564,1
30975,3561,3565,1
30976,3561,3567,1
30977,3561,3568,1
30978,3561,3569,1
30979,3562,3563,1
30980,3562,3564,1
30981,3562,3566,1
30982,3562,3567,1
30983,3562,3568,1
30984,3562,3569,1
30985,3562,3570,1
30986,3563,3564,1
30987,3563,3565,1
30988,3563,3567,1
30989,3563,3568,1
30990,3563,3569,1
30991,3563,3570,1
30992,3563,4524,1
30993,3563,4899,1
30994,3564,3565,1
30995,3564,3567,1
30996,3564,3569,1
30997,3564,3570,1
30998,3564,3571,1
30999,3564,3572,1
31000,3564,4623,1
31001,3565,3566,1
31002,3565,3567,1
31003,3565,3569,1
31004,3565,3572,1
31005,3565,3573,1
31006,3565,4851,1
31007,3565,3716,1
31008,3566,3567,1
31009,3566,3568,1
31010,3566,3570,1
31011,3566,3572,1
31012,3566,3574,1
31013,3566,4100,1
31014,3566,4935,1
31015,3567,3569,1
31016,3567,3570,1
31017,3567,3572,1
31018,3567,3573,1
31019,3567,3574,1
31020,3567,3575,1
31021,3567,3976,1
31022,3567,3713,1
31023,3567,3759,1
31024,3568,3569,1
31025,3568,3570,1
31026,3568,3573,1
31027,3568,3574,1
31028,3569,3570,1
31029,3569,3572,1
31030,3569,3574,1
31031,3569,3575,1
31032,3569,3576,1
31033,3569,3577,1
31034,3569,4134,1
31035,3569,3907,1
31036,3569,4238,1
31037,3569,4413,1
31038,3570,3571,1
31039,3570,3572,1
31040,3570,3573,1
31041,3570,3574,1
31042,3570,3575,1
31043,3570,3576,1
31044,3570,3577,1
31045,3570,4816,1
31046,3571,3572,1
31047,3571,3573,1
31048,3571,3574,1
31049,3571,3575,1
31050,3571,3577,1
31051,3571,3578,1
31052,3571,3579,1
31053,3572,3573,1
31054,3572,3575,1
31055,3572,3577,1
31056,3572,3578,1
31057,3572,3579,1
31058,3572,3580,1
31059,3572,4229,1
31060,3573,3574,1
31061,3573,3578,1
31062,3573,3579,1
31063,3573,3580,1
31064,3573,3581,1
31065,3573,4712,1
31066,3573,4417,1
31067,3574,3575,1
31068,3574,3576,1
31069,3574,3577,1
31070,3574,3579,1
31071,3574,3580,1
31072,3574,3581,1
31073,3575,3577,1
31074,3575,3578,1
31075,3575,3579,1
31076,3575,3580,1
31077,3575,3583,1
31078,3576,3577,1
31079,3576,3578,1
31080,3576,3579,1
31081,3576,3580,1
31082,3576,3581,1
31083,3576,3582,1
31084,3576,3583,1
31085,3576,3584,1
31086,3576,4096,1
31087,3577,3578,1
31088,3577,3580,1
31089,3577,3581,1
31090,3577,3583,1
31091,3577,3585,1
31092,3577,3850,1
31093,3577,4737,1
31094,3578,3580,1
31095,3578,3581,1
31096,3578,3583,1
31097,3578,3584,1
31098,3578,3585,1
31099,3578,3586,1
31100,3578,4502,1
31101,3578,3738,1
31102,3578,4234,1
31103,3579,3580,1
31104,3579,3581,1
31105,3579,3582,1
31106,3579,3583,1
31107,3579,3584,1
31108,3579,3585,1
31109,3580,3581,1
31110,3580,3583,1
31111,3580,3584,1
31112,3580,3585,1
31113,3580,3586,1
31114,3580,4401,1
31115,3581,3582,1
31116,3581,3584,1
31117,3581,3585,1
31118,3581,3586,1
31119,3581,3587,1
31120,3581,3589,1
31121,3581,3674,1
31122,3582,3584,1
31123,3582,3585,1
31124,3582,3586,1
31125,3582,3587,1
31126,3582,3589,1
31127,3582,3590,1
31128,3582,4380,1
31129,3583,3584,1
31130,3583,3585,1
31131,3583,3586,1
31132,3583,3588,1
31133,3583,3589,1
31134,3583,3704,1
31135,3584,3585,1
31136,3584,3586,1
31137,3584,3588,1
31138,3584,3589,1
31139,3584,3590,1
31140,3584,3591,1
31141,3584,4598,1
31142,3584,3853,1
31143,3585,3586,1
31144,3585,3587,1
31145,3585,3588,1
31146,3585,3589,1
31147,3585,3590,1
31148,3585,3591,1
31149,3585,3592,1
31150,3585,3593,1
31151,3586,3588,1
31152,3586,3589,1
31153,3586,3590,1
31154,3586,3592,1
31155,3586,4869,1
31156,3587,3589,1
31157,3587,3592,1
31158,3587,3593,1
31159,3587,3595,1
31160,3587,4254,1
31161,3587,4611,1
31162,3588,3589,1
31163,3588,3590,1
31164,3588,3592,1
31165,3588,3593,1
31166,3588,3594,1
31167,3588,3595,1
31168,3588,3596,1
31169,3588,4886,1
31170,3589,3590,1
31171,3589,3592,1
31172,3589,3593,1
31173,3589,3594,1
31174,3589,3595,1
31175,3589,3596,1
31176,3589,4365,1
31177,3589,4895,1
31178,3589,3943,1
31179,3590,3591,1
31180,3590,3592,1
31181,3590,3593,1
31182,3590,3594,1
31183,3590,3597,1
31184,3591,3592,1
31185,3591,3593,1
31186,3591,3594,1
31187,3591,3595,1
31188,3591,3596,1
31189,3591,3597,1
31190,3591,3598,1
31191,3591,4749,1
31192,3591,3989,1
31193,3591,4582,1
31194,3591,4102,1
31195,3592,3593,1
31196,3592,3595,1
31197,3592,3596,1
31198,3592,3597,1
31199,3592,3598,1
31200,3592,3600,1
31201,3592,4599,1
31202,3593,3594,1
31203,3593,3595,1
31204,3593,3596,1
31205,3593,3597,1
31206,3593,3598,1
31207,3593,3599,1
31208,3593,3600,1
31209,3593,3613,1
31210,3594,3595,1
31211,3594,3596,1
31212,3594,3597,1
31213,3594,3598,1
31214,3594,3599,1
31215,3594,3601,1
31216,3594,3602,1
31217,3595,3596,1
31218,3595,3597,1
31219,3595,3598,1
31220,3595,3599,1
31221,3595,3600,1
31222,3595,3601,1
31223,3595,3602,1
31224,3595,3603,1
31225,3595,4632,1
31226,3596,3597,1
31227,3596,3598,1
31228,3596,3599,1
31229,3596,3601,1
31230,3596,4507,1
31231,3597,3598,1
31232,3597,3599,1
31233,3597,3600,1
31234,3597,3601,1
31235,3597,3602,1
31236,3597,3603,1
31237,3597,3605,1
31238,3597,4182,1
31239,3598,3599,1
31240,3598,3600,1
31241,3598,3601,1
31242,3598,3602,1
31243,3598,3605,1
31244,3598,3606,1
31245,3598,3765,1
31246,3599,3600,1
31247,3599,3601,1
31248,3599,3602,1
31249,3599,3604,1
31250,3599,3606,1
31251,3599,3607,1
31252,3599,4488,1
31253,3599,4748,1
31254,3600,3602,1
31255,3600,3603,1
31256,3600,3605,1
31257,3600,3606,1
31258,3600,4145,1
31259,3601,3602,1
31260,3601,3603,1
31261,3601,3605,1
31262,3601,3606,1
31263,3601,3608,1
31264,3601,3609,1
31265,3601,4049,1
31266,3602,3603,1
31267,3602,3605,1
31268,3602,3608,1
31269,3602,3609,1
31270,3602,3610,1
31271,3602,4387,1
31272,3602,4695,1
31273,3603,3604,1
31274,3603,3606,1
31275,3603,3607,1
31276,3603,3608,1
31277,3603,3609,1
31278,3603,3610,1
31279,3603,4066,1
31280,3603,3702,1
31281,3603,3754,1
31282,3604,3605,1
31283,3604,3606,1
31284,3604,3607,1
31285,3604,3608,1
31286,3604,3611,1
31287,3604,4623,1
31288,3605,3606,1
31289,3605,3607,1
31290,3605,3609,1
31291,3605,3610,1
31292,3605,3611,1
31293,3605,3612,1
31294,3605,4613,1
31295,3605,3864,1
31296,3606,3608,1
31297,3606,3609,1
31298,3606,3610,1
31299,3606,3611,1
31300,3606,3613,1
31301,3606,3614,1
31302,3606,3817,1
31303,3606,3971,1
31304,3607,3608,1
31305,3607,3609,1
31306,3607,3610,1
31307,3607,3611,1
31308,3607,3612,1
31309,3607,3615,1
31310,3607,4484,1
31311,3607,4802,1
31312,3608,3609,1
31313,3608,3610,1
31314,3608,3611,1
31315,3608,3612,1
31316,3608,3614,1
31317,3608,3615,1
31318,3608,3616,1
31319,3609,3611,1
31320,3609,3613,1
31321,3609,3614,1
31322,3609,3615,1
31323,3609,3616,1
31324,3609,3617,1
31325,3609,4458,1
31326,3610,3612,1
31327,3610,3613,1
31328,3610,3615,1
31329,3610,3616,1
31330,3610,3617,1
31331,3610,3618,1
31332,3610,3979,1
31333,3610,4205,1
31334,3611,3612,1
31335,3611,3613,1
31336,3611,3614,1
31337,3611,3615,1
31338,3611,3617,1
31339,3611,3618,1
31340,3611,3619,1
31341,3611,4959,1
31342,3612,3613,1
31343,3612,3614,1
31344,3612,3616,1
31345,3612,3617,1
31346,3612,3619,1
31347,3612,3620,1
31348,3612,4766,1
31349,3612,4695,1
31350,3613,3614,1
31351,3613,3615,1
31352,3613,3617,1
31353,3613,3618,1
31354,3613,3621,1
31355,3613,4771,1
31356,3614,3615,1
31357,3614,3617,1
31358,3614,3618,1
31359,3614,3620,1
31360,3614,3622,1
31361,3614,4129,1
31362,3614,3667,1
31363,3615,3616,1
31364,3615,3617,1
31365,3615,3618,1
31366,3615,3619,1
31367,3615,3620,1
31368,3615,3621,1
31369,3615,3622,1
31370,3615,3623,1
31371,3616,3617,1
31372,3616,3619,1
31373,3616,3621,1
31374,3616,3622,1
31375,3616,3623,1
31376,3616,3624,1
31377,3616,4158,1
31378,3617,3618,1
31379,3617,3619,1
31380,3617,3620,1
31381,3617,3621,1
31382,3617,3623,1
31383,3617,3624,1
31384,3617,3625,1
31385,3617,3649,1
31386,3617,3956,1
31387,3618,3619,1
31388,3618,3620,1
31389,3618,3621,1
31390,3618,3624,1
31391,3618,3625,1
31392,3618,3788,1
31393,3619,3621,1
31394,3619,3622,1
31395,3619,3623,1
31396,3619,3625,1
31397,3619,3626,1
31398,3619,3627,1
31399,3619,3838,1
31400,3619,3784,1
31401,3619,4499,1
31402,3620,3621,1
31403,3620,3622,1
31404,3620,3623,1
31405,3620,3624,1
31406,3620,3625,1
31407,3620,3627,1
31408,3620,3628,1
31409,3621,3622,1
31410,3621,3623,1
31411,3621,3624,1
31412,3621,3626,1
31413,3621,3627,1
31414,3621,3628,1
31415,3621,3629,1
31416,3621,3804,1
31417,3622,3624,1
31418,3622,3625,1
31419,3622,3626,1
31420,3622,3627,1
31421,3622,3629,1
31422,3622,3630,1
31423,3622,4594,1
31424,3622,4456,1
31425,3623,3624,1
31426,3623,3627,1
31427,3623,3630,1
31428,3623,4718,1
31429,3623,4871,1
31430,3623,4248,1
31431,3624,3625,1
31432,3624,3627,1
31433,3624,3628,1
31434,3624,3629,1
31435,3624,3630,1
31436,3624,3632,1
31437,3624,4973,1
31438,3625,3627,1
31439,3625,3628,1
31440,3625,3629,1
31441,3625,3630,1
31442,3625,3631,1
31443,3625,3633,1
31444,3625,4824,1
31445,3625,4748,1
31446,3625,4314,1
31447,3626,3627,1
31448,3626,3628,1
31449,3626,3629,1
31450,3626,3630,1
31451,3626,3631,1
31452,3626,3632,1
31453,3626,3633,1
31454,3626,4882,1
31455,3627,3628,1
31456,3627,3631,1
31457,3627,3632,1
31458,3627,3633,1
31459,3627,3634,1
31460,3627,3635,1
31461,3627,4214,1
31462,3628,3629,1
31463,3628,3630,1
31464,3628,3631,1
31465,3628,3633,1
31466,3628,3634,1
31467,3628,3635,1
31468,3628,3636,1
31469,3628,4857,1
31470,3629,3630,1
31471,3629,3632,1
31472,3629,3633,1
31473,3629,3637,1
31474,3629,4994,1
31475,3630,3631,1
31476,3630,3632,1
31477,3630,3633,1
31478,3630,3634,1
31479,3630,3635,1
31480,3630,3637,1
31481,3630,3638,1
31482,3630,4607,1
31483,3631,3632,1
31484,3631,3633,1
31485,3631,3636,1
31486,3631,3637,1
31487,3631,3638,1
31488,3631,3639,1
31489,3631,4385,1
31490,3632,3635,1
31491,3632,3640,1
31492,3633,3634,1
31493,3633,3635,1
31494,3633,3637,1
31495,3633,3639,1
31496,3633,3640,1
31497,3633,4683,1
31498,3634,3636,1
31499,3634,3638,1
31500,3634,3639,1
31501,3634,3640,1
31502,3634,4391,1
31503,3634,3850,1
31504,3635,3636,1
31505,3635,3637,1
31506,3635,3638,1
31507,3635,3639,1
31508,3635,3640,1
31509,3635,3642,1
31510,3635,3643,1
31511,3635,4216,1
31512,3635,4810,1
31513,3636,3637,1
31514,3636,3638,1
31515,3636,3639,1
31516,3636,3640,1
31517,3636,3641,1
31518,3636,3642,1
31519,3636,3643,1
31520,3636,3644,1
31521,3636,3909,1
31522,3636,4895,1
31523,3637,3638,1
31524,3637,3642,1
31525,3637,3643,1
31526,3637,4897,1
31527,3638,3639,1
31528,3638,3641,1
31529,3638,3642,1
31530,3638,3643,1
31531,3638,3645,1
31532,3638,3646,1
31533,3638,4306,1
31534,3639,3641,1
31535,3639,3642,1
31536,3639,3644,1
31537,3639,3645,1
31538,3639,3647,1
31539,3640,3642,1
31540,3640,3644,1
31541,3640,3646,1
31542,3640,3647,1
31543,3640,4717,1
31544,3641,3643,1
31545,3641,3644,1
31546,3641,3645,1
31547,3641,3646,1
31548,3641,3648,1
31549,3641,4862,1
31550,3641,4534,1
31551,3642,3643,1
31552,3642,3644,1
31553,3642,3645,1
31554,3642,3647,1
31555,3642,3648,1
31556,3642,3650,1
31557,3643,3644,1
31558,3643,3645,1
31559,3643,3648,1
31560,3643,3649,1
31561,3643,3651,1
31562,3643,3797,1
31563,3643,4061,1
31564,3644,3646,1
31565,3644,3647,1
31566,3644,3648,1
31567,3644,3649,1
31568,3644,3650,1
31569,3644,3651,1
31570,3644,4347,1
31571,3644,4959,1
31572,3645,3646,1
31573,3645,3647,1
31574,3645,3650,1
31575,3645,3651,1
31576,3645,3653,1
31577,3645,4802,1
31578,3646,3647,1
31579,3646,3648,1
31580,3646,3651,1
31581,3646,3652,1
31582,3646,3653,1
31583,3646,4534,1
31584,3647,3649,1
31585,3647,3650,1
31586,3647,3653,1
31587,3647,3654,1
31588,3647,4271,1
31589,3647,4001,1
31590,3648,3650,1
31591,3648,3651,1
31592,3648,3652,1
31593,3648,3653,1
31594,3648,3654,1
31595,3648,3655,1
31596,3648,3656,1
31597,3649,3650,1
31598,3649,3651,1
31599,3649,3652,1
31600,3649,3654,1
31601,3649,3655,1
31602,3649,4063,1
31603,3650,3651,1
31604,3650,3652,1
31605,3650,3654,1
31606,3650,3655,1
31607,3650,4691,1
31608,3651,3652,1
31609,3651,3653,1
31610,3651,3654,1
31611,3651,3655,1
31612,3651,3657,1
31613,3651,3659,1
31614,3652,3653,1
31615,3652,3654,1
31616,3652,3655,1
31617,3652,3657,1
31618,3652,3660,1
31619,3653,3654,1
31620,3653,3658,1
31621,3653,3659,1
31622,3653,3660,1
31623,3653,3661,1
31624,3653,3672,1
31625,3654,3655,1
31626,3654,3657,1
31627,3654,3658,1
31628,3654,3659,1
31629,3654,3661,1
31630,3654,3933,1
31631,3654,4390,1
31632,3655,3656,1
31633,3655,3657,1
31634,3655,3658,1
31635,3655,3660,1
31636,3655,3661,1
31637,3655,3662,1
31638,3655,4781,1
31639,3655,4198,1
31640,3656,3657,1
31641,3656,3658,1
31642,3656,3659,1
31643,3656,3662,1
31644,3656,3892,1
31645,3656,4211,1
31646,3657,3658,1
31647,3657,3659,1
31648,3657,3660,1
31649,3657,3661,1
31650,3657,3662,1
31651,3657,3663,1
31652,3657,3664,1
31653,3657,3665,1
31654,3658,3659,1
31655,3658,3661,1
31656,3658,3662,1
31657,3658,3663,1
31658,3658,3664,1
31659,3658,3665,1
31660,3658,3666,1
31661,3659,3661,1
31662,3659,3662,1
31663,3659,3663,1
31664,3659,3665,1
31665,3659,3667,1
31666,3659,4562,1
31667,3659,4803,1
31668,3660,3661,1
31669,3660,3662,1
31670,3660,3664,1
31671,3660,3666,1
31672,3660,3667,1
31673,3660,3668,1
31674,3661,3663,1
31675,3661,3664,1
31676,3661,3666,1
31677,3661,3669,1
31678,3661,4368,1
31679,3661,4195,1
31680,3662,3664,1
31681,3662,3665,1
31682,3662,3666,1
31683,3662,3669,1
31684,3662,4698,1
31685,3663,3664,1
31686,3663,3665,1
31687,3663,3666,1
31688,3663,3667,1
31689,3663,3668,1
31690,3663,3669,1
31691,3663,3670,1
31692,3663,3671,1
31693,3663,4675,1
31694,3664,3668,1
31695,3664,3670,1
31696,3664,3671,1
31697,3664,3672,1
31698,3664,4971,1
31699,3664,4540,1
31700,3664,4961,1
31701,3665,3667,1
31702,3665,3668,1
31703,3665,3670,1
31704,3665,3671,1
31705,3665,3672,1
31706,3665,3673,1
31707,3666,3667,1
31708,3666,3668,1
31709,3666,3669,1
31710,3666,3670,1
31711,3666,3671,1
31712,3666,3672,1
31713,3666,3674,1
31714,3667,3670,1
31715,3667,3671,1
31716,3667,3673,1
31717,3667,3674,1
31718,3667,3675,1
31719,3667,4008,1
31720,3668,3669,1
31721,3668,3670,1
31722,3668,3671,1
31723,3668,3673,1
31724,3668,3674,1
31725,3668,3675,1
31726,3668,3676,1
31727,3668,4838,1
31728,3669,3671,1
31729,3669,3672,1
31730,3669,3675,1
31731,3669,3676,1
31732,3669,3677,1
31733,3669,4657,1
31734,3670,3671,1
31735,3670,3672,1
31736,3670,3673,1
31737,3670,3674,1
31738,3670,3676,1
31739,3671,3672,1
31740,3671,3673,1
31741,3671,3675,1
31742,3671,3676,1
31743,3671,3677,1
31744,3671,4173,1
31745,3671,3793,1
31746,3671,4187,1
31747,3671,4054,1
31748,3672,3673,1
31749,3672,3674,1
31750,3672,3676,1
31751,3672,3677,1
31752,3672,3679,1
31753,3672,3977,1
31754,3672,4367,1
31755,3673,3674,1
31756,3673,3675,1
31757,3673,3677,1
31758,3673,3678,1
31759,3673,3679,1
31760,3673,3680,1
31761,3673,3681,1
31762,3673,3697,1
31763,3674,3675,1
31764,3674,3676,1
31765,3674,3677,1
31766,3674,3681,1
31767,3674,3834,1
31768,3674,4059,1
31769,3674,4387,1
31770,3675,3677,1
31771,3675,3679,1
31772,3675,3680,1
31773,3675,3681,1
31774,3675,4150,1
31775,3675,4061,1
31776,3675,4705,1
31777,3676,3678,1
31778,3676,3679,1
31779,3676,3680,1
31780,3676,3683,1
31781,3676,3684,1
31782,3676,4209,1
31783,3676,3724,1
31784,3677,3678,1
31785,3677,3680,1
31786,3677,3681,1
31787,3677,3682,1
31788,3677,3683,1
31789,3677,3684,1
31790,3677,3685,1
31791,3678,3679,1
31792,3678,3680,1
31793,3678,3682,1
31794,3678,3683,1
31795,3678,3685,1
31796,3679,3680,1
31797,3679,3681,1
31798,3679,3682,1
31799,3679,3683,1
31800,3679,3687,1
31801,3679,4721,1
31802,3680,3681,1
31803,3680,3683,1
31804,3680,3684,1
31805,3680,3685,1
31806,3680,3686,1
31807,3680,3687,1
31808,3680,3688,1
31809,3681,3682,1
31810,3681,3684,1
31811,3681,3685,1
31812,3681,3686,1
31813,3681,3687,1
31814,3681,3689,1
31815,3681,4286,1
31816,3681,4991,1
31817,3681,4164,1
31818,3682,3683,1
31819,3682,3686,1
31820,3682,3687,1
31821,3682,3688,1
31822,3682,3689,1
31823,3682,3690,1
31824,3682,3923,1
31825,3683,3684,1
31826,3683,3685,1
31827,3683,3686,1
31828,3683,3688,1
31829,3683,3690,1
31830,3683,3691,1
31831,3683,3940,1
31832,3683,4817,1
31833,3684,3685,1
31834,3684,3686,1
31835,3684,3688,1
31836,3684,3690,1
31837,3684,3691,1
31838,3684,3692,1
31839,3685,3686,1
31840,3685,3687,1
31841,3685,3689,1
31842,3685,3690,1
31843,3685,3691,1
31844,3685,3693,1
31845,3686,3687,1
31846,3686,3688,1
31847,3686,3689,1
31848,3686,3690,1
31849,3686,3691,1
31850,3686,3693,1
31851,3686,3694,1
31852,3687,3688,1
31853,3687,3689,1
31854,3687,3690,1
31855,3687,3692,1
31856,3687,3694,1
31857,3688,3689,1
31858,3688,3690,1
31859,3688,3691,1
31860,3688,3693,1
31861,3688,3695,1
31862,3688,3696,1
31863,3689,3690,1
31864,3689,3691,1
31865,3689,3692,1
31866,3689,3693,1
31867,3689,3695,1
31868,3689,3696,1
31869,3689,3697,1
31870,3690,3692,1
31871,3690,3693,1
31872,3690,3694,1
31873,3690,3696,1
31874,3690,3697,1
31875,3690,3698,1
31876,3690,4781,1
31877,3690,4657,1
31878,3691,3692,1
31879,3691,3693,1
31880,3691,3694,1
31881,3691,3696,1
31882,3691,3697,1
31883,3691,3698,1
31884,3691,4180,1
31885,3691,4998,1
31886,3691,4192,1
31887,3692,3694,1
31888,3692,3696,1
31889,3692,3698,1
31890,3692,3700,1
31891,3692,4574,1
31892,3693,3694,1
31893,3693,3696,1
31894,3693,3697,1
31895,3693,3699,1
31896,3693,4877,1
31897,3694,3695,1
31898,3694,3696,1
31899,3694,3697,1
31900,3694,3698,1
31901,3694,3700,1
31902,3694,3702,1
31903,3694,4584,1
31904,3695,3696,1
31905,3695,3697,1
31906,3695,3698,1
31907,3695,3699,1
31908,3695,3700,1
31909,3695,3701,1
31910,3695,3703,1
31911,3696,3698,1
31912,3696,3699,1
31913,3696,3700,1
31914,3696,3701,1
31915,3696,3955,1
31916,3697,3699,1
31917,3697,3700,1
31918,3697,3702,1
31919,3697,3703,1
31920,3697,3704,1
31921,3697,4247,1
31922,3697,4952,1
31923,3698,3699,1
31924,3698,3700,1
31925,3698,3701,1
31926,3698,3702,1
31927,3698,3703,1
31928,3698,3705,1
31929,3698,3706,1
31930,3699,3700,1
31931,3699,3703,1
31932,3699,3704,1
31933,3699,3705,1
31934,3699,3706,1
31935,3699,3707,1
31936,3700,3701,1
31937,3700,3702,1
31938,3700,3703,1
31939,3700,3704,1
31940,3700,3705,1
31941,3700,3706,1
31942,3700,3707,1
31943,3700,3758,1
31944,3700,3738,1
31945,3700,4729,1
31946,3700,4116,1
31947,3701,3703,1
31948,3701,3704,1
31949,3701,3706,1
31950,3701,3707,1
31951,3701,3708,1
31952,3701,3709,1
31953,3701,4475,1
31954,3702,3703,1
31955,3702,3704,1
31956,3702,3706,1
31957,3702,3707,1
31958,3702,3708,1
31959,3702,3710,1
31960,3702,4901,1
31961,3703,3704,1
31962,3703,3705,1
31963,3703,3706,1
31964,3703,3707,1
31965,3703,3708,1
31966,3703,3709,1
31967,3703,3710,1
31968,3704,3705,1
31969,3704,3706,1
31970,3704,3707,1
31971,3704,3709,1
31972,3704,3710,1
31973,3704,3711,1
31974,3704,3712,1
31975,3704,4438,1
31976,3704,4537,1
31977,3705,3706,1
31978,3705,3708,1
31979,3705,3709,1
31980,3705,3710,1
31981,3705,3711,1
31982,3705,3713,1
31983,3705,3821,1
31984,3705,3785,1
31985,3706,3707,1
31986,3706,3708,1
31987,3706,3710,1
31988,3706,3712,1
31989,3706,3713,1
31990,3706,3714,1
31991,3707,3708,1
31992,3707,3709,1
31993,3707,3710,1
31994,3707,3711,1
31995,3707,3713,1
31996,3707,3714,1
31997,3707,3715,1
31998,3708,3709,1
31999,3708,3711,1
32000,3708,3712,1
32001,3708,3714,1
32002,3708,3715,1
32003,3708,3716,1
32004,3709,3710,1
32005,3709,3711,1
32006,3709,3715,1
32007,3709,3716,1
32008,3709,3717,1
32009,3709,3864,1
32010,3710,3711,1
32011,3710,3712,1
32012,3710,3713,1
32013,3710,3714,1
32014,3710,3716,1
32015,3710,3718,1
32016,3710,4139,1
32017,3710,4080,1
32018,3711,3712,1
32019,3711,3715,1
32020,3711,3716,1
32021,3711,3718,1
32022,3711,3719,1
32023,3711,4309,1
32024,3711,3824,1
32025,3711,4849,1
32026,3711,4714,1
32027,3712,3714,1
32028,3712,3715,1
32029,3712,3716,1
32030,3712,3717,1
32031,3712,3718,1
32032,3712,3719,1
32033,3712,3809,1
32034,3713,3716,1
32035,3713,3717,1
32036,3713,3718,1
32037,3713,3719,1
32038,3713,3720,1
32039,3713,3721,1
32040,3713,4515,1
32041,3713,4946,1
32042,3713,4733,1
32043,3714,3715,1
32044,3714,3717,1
32045,3714,3719,1
32046,3714,3721,1
32047,3714,3722,1
32048,3714,3789,1
32049,3715,3716,1
32050,3715,3717,1
32051,3715,3721,1
32052,3715,3722,1
32053,3715,3723,1
32054,3716,3717,1
32055,3716,3718,1
32056,3716,3719,1
32057,3716,3720,1
32058,3716,3721,1
32059,3716,3722,1
32060,3716,3893,1
32061,3716,4452,1
32062,3716,4151,1
32063,3716,3808,1
32064,3717,3718,1
32065,3717,3719,1
32066,3717,3720,1
32067,3717,3721,1
32068,3717,3723,1
32069,3717,3725,1
32070,3717,4038,1
32071,3718,3720,1
32072,3718,3721,1
32073,3718,3725,1
32074,3718,3726,1
32075,3718,4041,1
32076,3719,3720,1
32077,3719,3721,1
32078,3719,3722,1
32079,3719,3723,1
32080,3719,3724,1
32081,3719,3725,1
32082,3719,3726,1
32083,3719,4408,1
32084,3719,4902,1
32085,3719,3822,1
32086,3720,3721,1
32087,3720,3723,1
32088,3720,3725,1
32089,3720,3728,1
32090,3720,4270,1
32091,3721,3722,1
32092,3721,3724,1
32093,3721,3725,1
32094,3721,3726,1
32095,3721,3727,1
32096,3721,3728,1
32097,3721,3729,1
32098,3722,3723,1
32099,3722,3724,1
32100,3722,3725,1
32101,3722,3726,1
32102,3722,3728,1
32103,3722,3729,1
32104,3722,3730,1
32105,3722,4795,1
32106,3722,4620,1
32107,3722,3875,1
32108,3722,4457,1
32109,3723,3724,1
32110,3723,3725,1
32111,3723,3728,1
32112,3723,3730,1
32113,3723,3731,1
32114,3723,4421,1
32115,3723,4658,1
32116,3724,3726,1
32117,3724,3732,1
32118,3724,4544,1
32119,3724,3871,1
32120,3725,3726,1
32121,3725,3727,1
32122,3725,3728,1
32123,3725,3729,1
32124,3725,3731,1
32125,3725,3732,1
32126,3725,3733,1
32127,3725,4275,1
32128,3726,3727,1
32129,3726,3728,1
32130,3726,3729,1
32131,3726,3730,1
32132,3726,3732,1
32133,3726,3734,1
32134,3727,3728,1
32135,3727,3730,1
32136,3727,3731,1
32137,3727,3732,1
32138,3727,3733,1
32139,3727,3735,1
32140,3728,3729,1
32141,3728,3730,1
32142,3728,3731,1
32143,3728,3732,1
32144,3728,3733,1
32145,3728,3734,1
32146,3728,3956,1
32147,3729,3730,1
32148,3729,3731,1
32149,3729,3732,1
32150,3729,3734,1
32151,3729,3735,1
32152,3729,3736,1
32153,3729,3737,1
32154,3730,3731,1
32155,3730,3732,1
32156,3730,3733,1
32157,3730,3734,1
32158,3730,3735,1
32159,3730,3736,1
32160,3730,3737,1
32161,3730,4193,1
32162,3730,4653,1
32163,3730,3825,1
32164,3731,3733,1
32165,3731,3735,1
32166,3731,3736,1
32167,3731,3737,1
32168,3731,3738,1
32169,3731,4152,1
32170,3731,4483,1
32171,3732,3734,1
32172,3732,3735,1
32173,3732,3736,1
32174,3732,3737,1
32175,3732,3738,1
32176,3732,3739,1
32177,3732,3740,1
32178,3733,3734,1
32179,3733,3739,1
32180,3733,3740,1
32181,3733,3741,1
32182,3733,4278,1
32183,3733,4213,1
32184,3733,4138,1
32185,3733,4019,1
32186,3734,3735,1
32187,3734,3736,1
32188,3734,3737,1
32189,3734,3739,1
32190,3734,3741,1
32191,3734,3742,1
32192,3734,4753,1
32193,3734,4948,1
32194,3734,3749,1
32195,3735,3736,1
32196,3735,3737,1
32197,3735,3738,1
32198,3735,3739,1
32199,3735,3740,1
32200,3735,3741,1
32201,3735,3742,1
32202,3735,3743,1
32203,3736,3737,1
32204,3736,3738,1
32205,3736,3739,1
32206,3736,3742,1
32207,3736,3743,1
32208,3736,3744,1
32209,3736,4385,1
32210,3737,3738,1
32211,3737,3739,1
32212,3737,3740,1
32213,3737,3744,1
32214,3737,3745,1
32215,3737,4071,1
32216,3737,4767,1
32217,3737,4770,1
32218,3738,3740,1
32219,3738,3741,1
32220,3738,3743,1
32221,3738,3745,1
32222,3739,3740,1
32223,3739,3741,1
32224,3739,3742,1
32225,3739,3744,1
32226,3739,3745,1
32227,3739,4396,1
32228,3740,3741,1
32229,3740,3742,1
32230,3740,3744,1
32231,3740,3745,1
32232,3740,3746,1
32233,3740,3747,1
32234,3740,3748,1
32235,3740,4888,1
32236,3741,3742,1
32237,3741,3743,1
32238,3741,3744,1
32239,3741,3745,1
32240,3741,3746,1
32241,3741,3747,1
32242,3741,4686,1
32243,3742,3743,1
32244,3742,3744,1
32245,3742,3745,1
32246,3742,3749,1
32247,3742,3750,1
32248,3742,3754,1
32249,3742,3899,1
32250,3743,3744,1
32251,3743,3745,1
32252,3743,3746,1
32253,3743,3747,1
32254,3743,3748,1
32255,3743,3749,1
32256,3743,3750,1
32257,3743,4829,1
32258,3743,4843,1
32259,3743,4920,1
32260,3744,3749,1
32261,3744,3751,1
32262,3744,3752,1
32263,3744,4609,1
32264,3745,3746,1
32265,3745,3747,1
32266,3745,3749,1
32267,3745,3750,1
32268,3745,3751,1
32269,3745,4677,1
32270,3746,3747,1
32271,3746,3750,1
32272,3746,3752,1
32273,3746,3753,1
32274,3746,3754,1
32275,3746,4552,1
32276,3747,3748,1
32277,3747,3749,1
32278,3747,3750,1
32279,3747,3751,1
32280,3747,3752,1
32281,3747,3754,1
32282,3747,3755,1
32283,3748,3751,1
32284,3748,3752,1
32285,3748,3753,1
32286,3748,3754,1
32287,3748,3755,1
32288,3748,3774,1
32289,3749,3750,1
32290,3749,3751,1
32291,3749,3752,1
32292,3749,3753,1
32293,3749,3754,1
32294,3749,3755,1
32295,3749,3756,1
32296,3750,3751,1
32297,3750,3754,1
32298,3750,3756,1
32299,3750,3757,1
32300,3750,4120,1
32301,3750,4523,1
32302,3751,3752,1
32303,3751,3753,1
32304,3751,3754,1
32305,3751,3757,1
32306,3751,3759,1
32307,3751,4539,1
32308,3751,4626,1
32309,3751,4635,1
32310,3752,3755,1
32311,3752,3756,1
32312,3752,3757,1
32313,3752,3758,1
32314,3752,3760,1
32315,3753,3754,1
32316,3753,3755,1
32317,3753,3756,1
32318,3753,3758,1
32319,3753,3759,1
32320,3753,3760,1
32321,3753,3761,1
32322,3753,4282,1
32323,3754,3755,1
32324,3754,3756,1
32325,3754,3757,1
32326,3754,3758,1
32327,3754,3759,1
32328,3754,3760,1
32329,3754,3761,1
32330,3754,4367,1
32331,3755,3756,1
32332,3755,3757,1
32333,3755,3758,1
32334,3755,3759,1
32335,3755,3761,1
32336,3755,4956,1
32337,3755,3827,1
32338,3756,3757,1
32339,3756,3758,1
32340,3756,3759,1
32341,3756,3762,1
32342,3756,3763,1
32343,3756,3764,1
32344,3757,3758,1
32345,3757,3759,1
32346,3757,3760,1
32347,3757,3761,1
32348,3757,3762,1
32349,3757,3763,1
32350,3757,3764,1
32351,3757,3765,1
32352,3757,3781,1
32353,3758,3759,1
32354,3758,3762,1
32355,3758,3764,1
32356,3758,3765,1
32357,3758,3766,1
32358,3758,4004,1
32359,3759,3761,1
32360,3759,3765,1
32361,3759,3766,1
32362,3759,3767,1
32363,3760,3761,1
32364,3760,3762,1
32365,3760,3763,1
32366,3760,3764,1
32367,3760,3765,1
32368,3760,3766,1
32369,3760,3767,1
32370,3760,3768,1
32371,3760,3920,1
32372,3761,3762,1
32373,3761,3763,1
32374,3761,3764,1
32375,3761,3765,1
32376,3761,3766,1
32377,3761,3767,1
32378,3761,3768,1
32379,3761,3769,1
32380,3761,4544,1
32381,3762,3763,1
32382,3762,3764,1
32383,3762,3765,1
32384,3762,3768,1
32385,3762,3769,1
32386,3762,3770,1
32387,3762,3967,1
32388,3763,3764,1
32389,3763,3765,1
32390,3763,3766,1
32391,3763,3769,1
32392,3763,3770,1
32393,3763,3771,1
32394,3763,4046,1
32395,3763,3798,1
32396,3764,3765,1
32397,3764,3766,1
32398,3764,3767,1
32399,3764,3768,1
32400,3764,3769,1
32401,3764,3770,1
32402,3764,3771,1
32403,3764,3772,1
32404,3765,3766,1
32405,3765,3767,1
32406,3765,3769,1
32407,3765,3770,1
32408,3765,3771,1
32409,3765,3773,1
32410,3765,4690,1
32411,3766,3767,1
32412,3766,3768,1
32413,3766,3769,1
32414,3766,3770,1
32415,3766,3771,1
32416,3766,3773,1
32417,3766,3774,1
32418,3767,3768,1
32419,3767,3770,1
32420,3767,3771,1
32421,3767,3772,1
32422,3767,3773,1
32423,3767,3774,1
32424,3767,3775,1
32425,3767,3926,1
32426,3768,3769,1
32427,3768,3770,1
32428,3768,3773,1
32429,3768,3775,1
32430,3768,4508,1
32431,3769,3770,1
32432,3769,3772,1
32433,3769,3774,1
32434,3769,3776,1
32435,3770,3771,1
32436,3770,3772,1
32437,3770,3773,1
32438,3770,3774,1
32439,3770,3775,1
32440,3770,3777,1
32441,3770,3778,1
32442,3770,3956,1
32443,3771,3772,1
32444,3771,3773,1
32445,3771,3774,1
32446,3771,3775,1
32447,3771,3776,1
32448,3771,3777,1
32449,3771,3778,1
32450,3771,3779,1
32451,3772,3774,1
32452,3772,3775,1
32453,3772,3776,1
32454,3772,3777,1
32455,3772,3778,1
32456,3772,3780,1
32457,3772,4126,1
32458,3772,3973,1
32459,3773,3774,1
32460,3773,3775,1
32461,3773,3777,1
32462,3773,3778,1
32463,3773,3779,1
32464,3773,3780,1
32465,3774,3776,1
32466,3774,3777,1
32467,3774,3779,1
32468,3774,3780,1
32469,3774,3781,1
32470,3774,3782,1
32471,3774,4288,1
32472,3774,4080,1
32473,3775,3777,1
32474,3775,3780,1
32475,3775,3781,1
32476,3775,3782,1
32477,3775,3783,1
32478,3775,4180,1
32479,3775,4298,1
32480,3775,4451,1
32481,3775,3839,1
32482,3776,3777,1
32483,3776,3778,1
32484,3776,3781,1
32485,3776,3782,1
32486,3776,3783,1
32487,3776,4345,1
32488,3777,3778,1
32489,3777,3779,1
32490,3777,3781,1
32491,3777,3782,1
32492,3777,3783,1
32493,3777,3784,1
32494,3777,3785,1
32495,3777,4738,1
32496,3777,4921,1
32497,3777,4627,1
32498,3778,3779,1
32499,3778,3781,1
32500,3778,3782,1
32501,3778,3784,1
32502,3778,3785,1
32503,3778,4613,1
32504,3778,4916,1
32505,3779,3780,1
32506,3779,3783,1
32507,3779,3784,1
32508,3779,3785,1
32509,3779,4711,1
32510,3779,3988,1
32511,3780,3781,1
32512,3780,3782,1
32513,3780,3783,1
32514,3780,3784,1
32515,3780,3785,1
32516,3780,3786,1
32517,3780,3788,1
32518,3781,3782,1
32519,3781,3783,1
32520,3781,3785,1
32521,3781,3786,1
32522,3781,3788,1
32523,3781,3789,1
32524,3782,3783,1
32525,3782,3784,1
32526,3782,3786,1
32527,3782,3787,1
32528,3782,3788,1
32529,3782,3789,1
32530,3782,3790,1
32531,3782,4912,1
32532,3782,4674,1
32533,3783,3784,1
32534,3783,3785,1
32535,3783,3786,1
32536,3783,3787,1
32537,3783,3790,1
32538,3784,3785,1
32539,3784,3787,1
32540,3784,3788,1
32541,3784,3790,1
32542,3784,3791,1
32543,3784,4463,1
32544,3785,3786,1
32545,3785,3787,1
32546,3785,3789,1
32547,3785,3790,1
32548,3785,3791,1
32549,3785,3793,1
32550,3786,3787,1
32551,3786,3788,1
32552,3786,3792,1
32553,3786,3794,1
32554,3786,4856,1
32555,3786,3933,1
32556,3786,4264,1
32557,3787,3788,1
32558,3787,3789,1
32559,3787,3790,1
32560,3787,3791,1
32561,3787,3792,1
32562,3787,3794,1
32563,3787,3795,1
32564,3788,3792,1
32565,3788,3793,1
32566,3788,3794,1
32567,3788,3795,1
32568,3788,3796,1
32569,3788,4382,1
32570,3789,3790,1
32571,3789,3791,1
32572,3789,3792,1
32573,3789,3793,1
32574,3789,3794,1
32575,3789,3796,1
32576,3790,3791,1
32577,3790,3792,1
32578,3790,3793,1
32579,3790,3794,1
32580,3790,3795,1
32581,3790,3797,1
32582,3790,3798,1
32583,3790,4202,1
32584,3791,3792,1
32585,3791,3794,1
32586,3791,3796,1
32587,3791,3797,1
32588,3791,3798,1
32589,3791,3799,1
32590,3791,4483,1
32591,3792,3793,1
32592,3792,3794,1
32593,3792,3795,1
32594,3792,3797,1
32595,3792,3798,1
32596,3792,3799,1
32597,3792,3800,1
32598,3792,4772,1
32599,3793,3794,1
32600,3793,3795,1
32601,3793,3798,1
32602,3793,3799,1
32603,3793,3800,1
32604,3793,3801,1
32605,3793,4315,1
32606,3793,4639,1
32607,3794,3795,1
32608,3794,3797,1
32609,3794,3799,1
32610,3794,3800,1
32611,3794,3802,1
32612,3794,4522,1
32613,3795,3796,1
32614,3795,3797,1
32615,3795,3800,1
32616,3795,3801,1
32617,3795,3803,1
32618,3795,4533,1
32619,3795,3988,1
32620,3796,3799,1
32621,3796,3802,1
32622,3796,3804,1
32623,3796,4679,1
32624,3797,3800,1
32625,3797,3801,1
32626,3797,3802,1
32627,3797,3803,1
32628,3797,3804,1
32629,3797,3805,1
32630,3797,4905,1
32631,3798,3799,1
32632,3798,3801,1
32633,3798,3802,1
32634,3798,3803,1
32635,3798,3804,1
32636,3798,3805,1
32637,3798,3806,1
32638,3798,3974,1
32639,3798,4139,1
32640,3799,3800,1
32641,3799,3801,1
32642,3799,3803,1
32643,3799,3804,1
32644,3799,3807,1
32645,3800,3801,1
32646,3800,3802,1
32647,3800,3803,1
32648,3800,3804,1
32649,3800,3805,1
32650,3800,3806,1
32651,3800,3807,1
32652,3800,3808,1
32653,3800,4320,1
32654,3801,3802,1
32655,3801,3803,1
32656,3801,3804,1
32657,3801,3805,1
32658,3801,3806,1
32659,3801,3807,1
32660,3801,3808,1
32661,3801,3809,1
32662,3802,3803,1
32663,3802,3804,1
32664,3802,3807,1
32665,3802,3808,1
32666,3802,3809,1
32667,3802,4606,1
32668,3803,3804,1
32669,3803,3805,1
32670,3803,3806,1
32671,3803,3807,1
32672,3803,3808,1
32673,3803,3810,1
32674,3803,3811,1
32675,3804,3805,1
32676,3804,3806,1
32677,3804,3808,1
32678,3804,3809,1
32679,3804,3810,1
32680,3804,3811,1
32681,3804,3812,1
32682,3805,3806,1
32683,3805,3807,1
32684,3805,3808,1
32685,3805,3809,1
32686,3805,3810,1
32687,3805,3812,1
32688,3805,4875,1
32689,3806,3807,1
32690,3806,3809,1
32691,3806,3810,1
32692,3806,3811,1
32693,3806,3812,1
32694,3806,3813,1
32695,3806,3814,1
32696,3806,4574,1
32697,3806,4225,1
32698,3807,3808,1
32699,3807,3809,1
32700,3807,3810,1
32701,3807,3811,1
32702,3807,3812,1
32703,3807,3814,1
32704,3807,3815,1
32705,3808,3809,1
32706,3808,3811,1
32707,3808,3813,1
32708,3808,3814,1
32709,3808,4872,1
32710,3809,3810,1
32711,3809,3812,1
32712,3809,3814,1
32713,3809,3815,1
32714,3809,3816,1
32715,3810,3811,1
32716,3810,3812,1
32717,3810,3813,1
32718,3810,3815,1
32719,3810,3816,1
32720,3810,3817,1
32721,3810,3818,1
32722,3810,3912,1
32723,3810,4214,1
32724,3810,4047,1
32725,3811,3812,1
32726,3811,3813,1
32727,3811,3814,1
32728,3811,3815,1
32729,3811,3818,1
32730,3811,3819,1
32731,3811,4107,1
32732,3811,4029,1
32733,3811,4410,1
32734,3812,3813,1
32735,3812,3814,1
32736,3812,3815,1
32737,3812,3817,1
32738,3812,3818,1
32739,3812,3862,1
32740,3812,4957,1
32741,3813,3814,1
32742,3813,3815,1
32743,3813,3816,1
32744,3813,3817,1
32745,3813,3818,1
32746,3813,3819,1
32747,3813,3820,1
32748,3813,3821,1
32749,3814,3816,1
32750,3814,3817,1
32751,3814,3818,1
32752,3814,3820,1
32753,3814,3822,1
32754,3815,3816,1
32755,3815,3817,1
32756,3815,3818,1
32757,3815,3819,1
32758,3815,3820,1
32759,3815,3821,1
32760,3815,3822,1
32761,3815,3823,1
32762,3816,3817,1
32763,3816,3818,1
32764,3816,3819,1
32765,3816,3821,1
32766,3816,3822,1
32767,3816,3824,1
32768,3816,4784,1
32769,3817,3818,1
32770,3817,3819,1
32771,3817,3820,1
32772,3817,3821,1
32773,3817,3822,1
32774,3817,3823,1
32775,3817,3824,1
32776,3817,3825,1
32777,3818,3819,1
32778,3818,3820,1
32779,3818,3821,1
32780,3818,3822,1
32781,3818,3824,1
32782,3818,3825,1
32783,3818,3829,1
32784,3819,3820,1
32785,3819,3821,1
32786,3819,3822,1
32787,3819,3824,1
32788,3819,3826,1
32789,3819,3827,1
32790,3820,3823,1
32791,3820,3825,1
32792,3820,3826,1
32793,3820,3827,1
32794,3820,3828,1
32795,3820,4127,1
32796,3820,3953,1
32797,3821,3824,1
32798,3821,3826,1
32799,3821,3827,1
32800,3821,3828,1
32801,3821,4834,1
32802,3821,4719,1
32803,3821,4000,1
32804,3822,3823,1
32805,3822,3825,1
32806,3822,3826,1
32807,3822,3828,1
32808,3822,3830,1
32809,3822,4622,1
32810,3823,3824,1
32811,3823,3825,1
32812,3823,3826,1
32813,3823,3828,1
32814,3823,3829,1
32815,3823,3830,1
32816,3823,3875,1
32817,3823,4968,1
32818,3824,3825,1
32819,3824,3827,1
32820,3824,3829,1
32821,3824,3830,1
32822,3824,3832,1
32823,3824,4764,1
32824,3825,3826,1
32825,3825,3827,1
32826,3825,4513,1
32827,3826,3827,1
32828,3826,3828,1
32829,3826,3830,1
32830,3826,3831,1
32831,3826,3833,1
32832,3826,4053,1
32833,3826,4158,1
32834,3826,3917,1
32835,3827,3829,1
32836,3827,3830,1
32837,3827,3831,1
32838,3827,3832,1
32839,3827,3833,1
32840,3827,3834,1
32841,3827,4415,1
32842,3828,3830,1
32843,3828,3831,1
32844,3828,3832,1
32845,3828,3833,1
32846,3828,3835,1
32847,3828,3836,1
32848,3829,3830,1
32849,3829,3831,1
32850,3829,3832,1
32851,3829,3834,1
32852,3829,3835,1
32853,3829,3836,1
32854,3829,3857,1
32855,3830,3831,1
32856,3830,3832,1
32857,3830,3833,1
32858,3830,3834,1
32859,3830,3835,1
32860,3830,3837,1
32861,3830,3984,1
32862,3831,3832,1
32863,3831,3833,1
32864,3831,3834,1
32865,3831,3835,1
32866,3831,3837,1
32867,3831,3838,1
32868,3831,4602,1
32869,3831,4233,1
32870,3831,4773,1
32871,3832,3833,1
32872,3832,3834,1
32873,3832,3835,1
32874,3832,3836,1
32875,3832,3837,1
32876,3832,3840,1
32877,3832,4296,1
32878,3832,4652,1
32879,3833,3836,1
32880,3833,3837,1
32881,3833,3838,1
32882,3833,3839,1
32883,3833,3841,1
32884,3833,3961,1
32885,3834,3838,1
32886,3834,3839,1
32887,3834,3840,1
32888,3834,3841,1
32889,3834,3842,1
32890,3834,3999,1
32891,3835,3838,1
32892,3835,3839,1
32893,3835,3840,1
32894,3835,3841,1
32895,3835,3843,1
32896,3835,4527,1
32897,3835,4899,1
32898,3835,4334,1
32899,3836,3837,1
32900,3836,3839,1
32901,3836,3840,1
32902,3836,3841,1
32903,3836,3842,1
32904,3836,3844,1
32905,3836,4823,1
32906,3837,3839,1
32907,3837,3840,1
32908,3837,3841,1
32909,3837,3842,1
32910,3837,3843,1
32911,3837,3845,1
32912,3838,3839,1
32913,3838,3842,1
32914,3838,3843,1
32915,3838,3845,1
32916,3838,3846,1
32917,3838,4540,1
32918,3839,3840,1
32919,3839,3841,1
32920,3839,3843,1
32921,3839,3844,1
32922,3839,3845,1
32923,3839,3846,1
32924,3839,4521,1
32925,3840,3841,1
32926,3840,3842,1
32927,3840,3843,1
32928,3840,3845,1
32929,3840,3846,1
32930,3840,4724,1
32931,3841,3842,1
32932,3841,3844,1
32933,3841,3847,1
32934,3841,3848,1
32935,3841,4413,1
32936,3841,3862,1
32937,3842,3843,1
32938,3842,3844,1
32939,3842,3845,1
32940,3842,3846,1
32941,3842,3849,1
32942,3842,3850,1
32943,3843,3844,1
32944,3843,3845,1
32945,3843,3847,1
32946,3843,3848,1
32947,3843,3849,1
32948,3843,3850,1
32949,3843,3851,1
32950,3844,3846,1
32951,3844,3847,1
32952,3844,3849,1
32953,3844,3850,1
32954,3844,3851,1
32955,3844,3852,1
32956,3845,3847,1
32957,3845,3849,1
32958,3845,3850,1
32959,3845,3852,1
32960,3845,3865,1
32961,3845,4733,1
32962,3846,3847,1
32963,3846,3848,1
32964,3846,3850,1
32965,3846,3852,1
32966,3846,3853,1
32967,3847,3849,1
32968,3847,3850,1
32969,3847,3851,1
32970,3847,3852,1
32971,3847,3854,1
32972,3847,3855,1
32973,3847,4652,1
32974,3848,3849,1
32975,3848,3850,1
32976,3848,3851,1
32977,3848,3854,1
32978,3848,3855,1
32979,3848,3856,1
32980,3849,3851,1
32981,3849,3852,1
32982,3849,3854,1
32983,3849,3855,1
32984,3849,3856,1
32985,3849,3857,1
32986,3849,4186,1
32987,3850,3851,1
32988,3850,3852,1
32989,3850,3853,1
32990,3850,3855,1
32991,3850,3857,1
32992,3850,3858,1
32993,3850,4847,1
32994,3851,3852,1
32995,3851,3854,1
32996,3851,3855,1
32997,3851,3856,1
32998,3851,3857,1
32999,3851,3858,1
33000,3851,4135,1
33001,3852,3853,1
33002,3852,3856,1
33003,3852,3857,1
33004,3852,3858,1
33005,3852,3859,1
33006,3852,3860,1
33007,3853,3856,1
33008,3853,3857,1
33009,3853,3859,1
33010,3853,3860,1
33011,3853,3861,1
33012,3853,4654,1
33013,3853,4445,1
33014,3854,3855,1
33015,3854,3856,1
33016,3854,3857,1
33017,3854,3858,1
33018,3854,3859,1
33019,3854,3860,1
33020,3854,3861,1
33021,3854,4232,1
33022,3854,4198,1
33023,3855,3856,1
33024,3855,3857,1
33025,3855,3858,1
33026,3855,3859,1
33027,3855,3860,1
33028,3855,3861,1
33029,3855,3862,1
33030,3856,3857,1
33031,3856,3858,1
33032,3856,3860,1
33033,3856,3862,1
33034,3856,3864,1
33035,3856,3922,1
33036,3856,4060,1
33037,3856,4574,1
33038,3856,4856,1
33039,3857,3858,1
33040,3857,3859,1
33041,3857,3861,1
33042,3857,3862,1
33043,3858,3859,1
33044,3858,3860,1
33045,3858,3861,1
33046,3858,3862,1
33047,3858,3864,1
33048,3858,3865,1
33049,3858,3907,1
33050,3858,4227,1
33051,3859,3861,1
33052,3859,3863,1
33053,3859,3864,1
33054,3859,3865,1
33055,3859,4159,1
33056,3859,4773,1
33057,3860,3864,1
33058,3860,3867,1
33059,3860,3868,1
33060,3860,4382,1
33061,3861,3862,1
33062,3861,3863,1
33063,3861,3866,1
33064,3861,3867,1
33065,3861,4146,1
33066,3861,3944,1
33067,3862,3865,1
33068,3862,3866,1
33069,3862,3867,1
33070,3862,3868,1
33071,3862,3870,1
33072,3862,4285,1
33073,3863,3864,1
33074,3863,3865,1
33075,3863,3866,1
33076,3863,3868,1
33077,3863,3869,1
33078,3863,3871,1
33079,3863,3932,1
33080,3864,3866,1
33081,3864,3867,1
33082,3864,3869,1
33083,3865,3866,1
33084,3865,3867,1
33085,3865,3869,1
33086,3865,3870,1
33087,3865,3872,1
33088,3865,3873,1
33089,3865,4458,1
33090,3866,3867,1
33091,3866,3869,1
33092,3866,3870,1
33093,3866,3873,1
33094,3866,4336,1
33095,3867,3868,1
33096,3867,3870,1
33097,3867,3873,1
33098,3867,3874,1
33099,3867,3875,1
33100,3867,4754,1
33101,3868,3869,1
33102,3868,3870,1
33103,3868,3872,1
33104,3868,3874,1
33105,3868,3875,1
33106,3868,3876,1
33107,3868,4591,1
33108,3869,3870,1
33109,3869,3871,1
33110,3869,3872,1
33111,3869,3873,1
33112,3869,3874,1
33113,3869,3876,1
33114,3869,4178,1
33115,3870,3871,1
33116,3870,3873,1
33117,3870,3877,1
33118,3870,3878,1
33119,3870,4805,1
33120,3870,4803,1
33121,3870,3975,1
33122,3871,3872,1
33123,3871,3874,1
33124,3871,3876,1
33125,3871,3877,1
33126,3871,3878,1
33127,3871,4762,1
33128,3871,4613,1
33129,3872,3874,1
33130,3872,3875,1
33131,3872,3876,1
33132,3872,3877,1
33133,3872,3878,1
33134,3872,3879,1
33135,3872,3880,1
33136,3872,4441,1
33137,3872,4769,1
33138,3872,3895,1
33139,3873,3874,1
33140,3873,3876,1
33141,3873,3877,1
33142,3873,3878,1
33143,3873,3879,1
33144,3873,3880,1
33145,3873,3881,1
33146,3873,4303,1
33147,3874,3876,1
33148,3874,3877,1
33149,3874,3879,1
33150,3874,3881,1
33151,3875,3877,1
33152,3875,3878,1
33153,3875,3879,1
33154,3875,3881,1
33155,3875,3883,1
33156,3875,4119,1
33157,3876,3877,1
33158,3876,3878,1
33159,3876,3879,1
33160,3876,3880,1
33161,3876,3881,1
33162,3876,3882,1
33163,3876,3884,1
33164,3877,3878,1
33165,3877,3879,1
33166,3877,3880,1
33167,3877,3881,1
33168,3877,3882,1
33169,3877,3883,1
33170,3877,4471,1
33171,3877,4897,1
33172,3877,4731,1
33173,3878,3879,1
33174,3878,3881,1
33175,3878,3882,1
33176,3878,3884,1
33177,3878,3885,1
33178,3878,3886,1
33179,3878,4135,1
33180,3879,3880,1
33181,3879,3882,1
33182,3879,3883,1
33183,3879,3884,1
33184,3879,3885,1
33185,3879,3886,1
33186,3879,3887,1
33187,3880,3881,1
33188,3880,3882,1
33189,3880,3883,1
33190,3880,3884,1
33191,3880,3886,1
33192,3880,4037,1
33193,3880,4034,1
33194,3881,3882,1
33195,3881,3884,1
33196,3881,3885,1
33197,3881,3886,1
33198,3881,3888,1
33199,3881,3889,1
33200,3881,4827,1
33201,3881,3987,1
33202,3882,3883,1
33203,3882,3884,1
33204,3882,3885,1
33205,3882,3886,1
33206,3882,3887,1
33207,3882,3888,1
33208,3882,3889,1
33209,3882,3890,1
33210,3882,4346,1
33211,3882,4354,1
33212,3883,3884,1
33213,3883,3885,1
33214,3883,3886,1
33215,3883,3887,1
33216,3883,3888,1
33217,3883,3890,1
33218,3883,3891,1
33219,3883,4756,1
33220,3884,3885,1
33221,3884,3886,1
33222,3884,3888,1
33223,3884,3889,1
33224,3884,3890,1
33225,3884,3891,1
33226,3884,4907,1
33227,3885,3886,1
33228,3885,3887,1
33229,3885,3888,1
33230,3885,3889,1
33231,3885,3890,1
33232,3885,3891,1
33233,3885,4612,1
33234,3885,4701,1
33235,3886,3887,1
33236,3886,3889,1
33237,3886,3891,1
33238,3886,3892,1
33239,3886,3894,1
33240,3886,4212,1
33241,3887,3889,1
33242,3887,3892,1
33243,3887,3893,1
33244,3887,3894,1
33245,3887,3895,1
33246,3887,4901,1
33247,3888,3889,1
33248,3888,3890,1
33249,3888,3891,1
33250,3888,3893,1
33251,3888,4656,1
33252,3888,4055,1
33253,3889,3890,1
33254,3889,3893,1
33255,3889,3894,1
33256,3889,3896,1
33257,3889,3897,1
33258,3889,4173,1
33259,3890,3891,1
33260,3890,3892,1
33261,3890,3893,1
33262,3890,3894,1
33263,3890,3895,1
33264,3890,3897,1
33265,3890,3898,1
33266,3891,3892,1
33267,3891,3893,1
33268,3891,3895,1
33269,3891,3897,1
33270,3891,3898,1
33271,3891,4989,1
33272,3891,4388,1
33273,3892,3893,1
33274,3892,3895,1
33275,3892,3896,1
33276,3892,3898,1
33277,3892,3899,1
33278,3892,4401,1
33279,3893,3894,1
33280,3893,3897,1
33281,3893,3898,1
33282,3893,3900,1
33283,3893,3901,1
33284,3893,4874,1
33285,3894,3895,1
33286,3894,3896,1
33287,3894,3898,1
33288,3894,3899,1
33289,3894,3900,1
33290,3894,3901,1
33291,3894,4056,1
33292,3894,4302,1
33293,3895,3897,1
33294,3895,3898,1
33295,3895,3899,1
33296,3895,3901,1
33297,3895,3902,1
33298,3896,3897,1
33299,3896,3899,1
33300,3896,3900,1
33301,3896,3901,1
33302,3896,3903,1
33303,3896,3904,1
33304,3896,4723,1
33305,3897,3898,1
33306,3897,3900,1
33307,3897,3903,1
33308,3897,3904,1
33309,3897,3905,1
33310,3897,4364,1
33311,3898,3899,1
33312,3898,3902,1
33313,3898,3905,1
33314,3898,4622,1
33315,3898,4871,1
33316,3898,4416,1
33317,3898,4391,1
33318,3899,3900,1
33319,3899,3901,1
33320,3899,3902,1
33321,3899,3903,1
33322,3899,3906,1
33323,3899,3907,1
33324,3899,4303,1
33325,3899,4836,1
33326,3900,3902,1
33327,3900,3903,1
33328,3900,3907,1
33329,3901,3902,1
33330,3901,3903,1
33331,3901,3905,1
33332,3901,3906,1
33333,3901,3908,1
33334,3901,3909,1
33335,3901,4368,1
33336,3902,3903,1
33337,3902,3904,1
33338,3902,3907,1
33339,3902,3908,1
33340,3902,3909,1
33341,3902,4511,1
33342,3903,3904,1
33343,3903,3905,1
33344,3903,3906,1
33345,3903,3908,1
33346,3903,3910,1
33347,3903,4236,1
33348,3904,3908,1
33349,3904,3909,1
33350,3904,3910,1
33351,3904,3911,1
33352,3904,3912,1
33353,3904,4648,1
33354,3904,4963,1
33355,3905,3906,1
33356,3905,3907,1
33357,3905,3909,1
33358,3905,3910,1
33359,3905,3911,1
33360,3905,4975,1
33361,3905,4045,1
33362,3906,3907,1
33363,3906,3911,1
33364,3906,3913,1
33365,3906,3914,1
33366,3906,4865,1
33367,3907,3908,1
33368,3907,3911,1
33369,3907,3912,1
33370,3907,3913,1
33371,3907,3914,1
33372,3907,4312,1
33373,3907,3946,1
33374,3908,3909,1
33375,3908,3910,1
33376,3908,3912,1
33377,3908,3915,1
33378,3908,4849,1
33379,3908,4686,1
33380,3908,4338,1
33381,3909,3910,1
33382,3909,3911,1
33383,3909,3914,1
33384,3909,4089,1
33385,3910,3911,1
33386,3910,3915,1
33387,3910,3916,1
33388,3910,3917,1
33389,3910,3918,1
33390,3910,4939,1
33391,3911,3913,1
33392,3911,3914,1
33393,3911,3915,1
33394,3911,3918,1
33395,3911,3919,1
33396,3911,4859,1
33397,3912,3913,1
33398,3912,3915,1
33399,3912,3917,1
33400,3912,3918,1
33401,3912,3919,1
33402,3912,3920,1
33403,3912,4698,1
33404,3913,3914,1
33405,3913,3917,1
33406,3913,3918,1
33407,3913,3919,1
33408,3913,3920,1
33409,3913,3921,1
33410,3914,3915,1
33411,3914,3916,1
33412,3914,3918,1
33413,3914,3919,1
33414,3914,3920,1
33415,3914,3922,1
33416,3914,4085,1
33417,3915,3916,1
33418,3915,3917,1
33419,3915,3918,1
33420,3915,3919,1
33421,3915,3920,1
33422,3915,3921,1
33423,3915,3923,1
33424,3915,4880,1
33425,3915,4229,1
33426,3916,3917,1
33427,3916,3918,1
33428,3916,3921,1
33429,3916,3922,1
33430,3916,3923,1
33431,3916,3938,1
33432,3917,3919,1
33433,3917,3920,1
33434,3917,3921,1
33435,3917,3922,1
33436,3917,3924,1
33437,3917,4738,1
33438,3918,3919,1
33439,3918,3920,1
33440,3918,3921,1
33441,3918,3922,1
33442,3918,3923,1
33443,3918,3924,1
33444,3918,3925,1
33445,3918,4698,1
33446,3919,3921,1
33447,3919,3922,1
33448,3919,3923,1
33449,3919,3924,1
33450,3919,3925,1
33451,3919,3927,1
33452,3919,4565,1
33453,3919,4265,1
33454,3919,4305,1
33455,3920,3921,1
33456,3920,3922,1
33457,3920,3923,1
33458,3920,3927,1
33459,3920,3928,1
33460,3920,4669,1
33461,3921,3924,1
33462,3921,3925,1
33463,3921,3926,1
33464,3921,3927,1
33465,3921,3929,1
33466,3921,4525,1
33467,3921,4267,1
33468,3922,3923,1
33469,3922,3924,1
33470,3922,3925,1
33471,3922,4988,1
33472,3923,3924,1
33473,3923,3927,1
33474,3923,3928,1
33475,3923,3930,1
33476,3924,3925,1
33477,3924,3926,1
33478,3924,3927,1
33479,3924,3928,1
33480,3924,3929,1
33481,3924,3930,1
33482,3924,3932,1
33483,3925,3926,1
33484,3925,3927,1
33485,3925,3928,1
33486,3925,3930,1
33487,3925,3931,1
33488,3925,3932,1
33489,3925,3933,1
33490,3925,4740,1
33491,3926,3927,1
33492,3926,3928,1
33493,3926,3929,1
33494,3926,3930,1
33495,3926,3931,1
33496,3926,3932,1
33497,3926,3934,1
33498,3927,3930,1
33499,3927,3931,1
33500,3927,3932,1
33501,3927,4482,1
33502,3927,4719,1
33503,3928,3931,1
33504,3928,3933,1
33505,3928,3934,1
33506,3928,3935,1
33507,3928,4622,1
33508,3928,4659,1
33509,3929,3933,1
33510,3929,3935,1
33511,3929,3936,1
33512,3929,3937,1
33513,3929,4716,1
33514,3930,3931,1
33515,3930,3932,1
33516,3930,3933,1
33517,3930,3934,1
33518,3930,3935,1
33519,3930,3936,1
33520,3930,3937,1
33521,3930,3938,1
33522,3931,3933,1
33523,3931,3935,1
33524,3931,3936,1
33525,3931,3937,1
33526,3931,3939,1
33527,3931,4739,1
33528,3932,3933,1
33529,3932,3934,1
33530,3932,3935,1
33531,3932,3936,1
33532,3932,3937,1
33533,3932,3938,1
33534,3933,3934,1
33535,3933,3935,1
33536,3933,3937,1
33537,3933,3938,1
33538,3933,3939,1
33539,3933,3940,1
33540,3933,3941,1
33541,3933,4225,1
33542,3934,3935,1
33543,3934,3936,1
33544,3934,3938,1
33545,3934,3939,1
33546,3934,3940,1
33547,3934,3942,1
33548,3934,4041,1
33549,3935,3937,1
33550,3935,3938,1
33551,3935,3939,1
33552,3935,3940,1
33553,3935,3941,1
33554,3935,3942,1
33555,3935,3943,1
33556,3936,3938,1
33557,3936,3940,1
33558,3936,3942,1
33559,3936,3943,1
33560,3936,3944,1
33561,3936,4775,1
33562,3937,3938,1
33563,3937,3939,1
33564,3937,3941,1
33565,3937,3942,1
33566,3937,3943,1
33567,3938,3939,1
33568,3938,3941,1
33569,3938,3942,1
33570,3938,3943,1
33571,3938,3944,1
33572,3938,3945,1
33573,3938,3946,1
33574,3939,3941,1
33575,3939,3942,1
33576,3939,3943,1
33577,3939,3944,1
33578,3939,3946,1
33579,3939,3947,1
33580,3940,3942,1
33581,3940,3943,1
33582,3940,3944,1
33583,3940,3945,1
33584,3940,3946,1
33585,3940,3947,1
33586,3940,3948,1
33587,3941,3942,1
33588,3941,3943,1
33589,3941,3944,1
33590,3941,3946,1
33591,3941,3948,1
33592,3941,3949,1
33593,3941,4172,1
33594,3942,3943,1
33595,3942,3944,1
33596,3942,3946,1
33597,3942,3947,1
33598,3942,3948,1
33599,3942,3949,1
33600,3942,3950,1
33601,3942,4298,1
33602,3943,3945,1
33603,3943,3946,1
33604,3943,3947,1
33605,3943,3948,1
33606,3943,3949,1
33607,3943,3951,1
33608,3944,3945,1
33609,3944,3946,1
33610,3944,3947,1
33611,3944,3948,1
33612,3944,3949,1
33613,3944,3950,1
33614,3944,3951,1
33615,3944,3952,1
33616,3945,3946,1
33617,3945,3947,1
33618,3945,3948,1
33619,3945,3951,1
33620,3945,3952,1
33621,3945,3953,1
33622,3945,4450,1
33623,3946,3947,1
33624,3946,3949,1
33625,3946,3952,1
33626,3946,3953,1
33627,3947,3949,1
33628,3947,3950,1
33629,3947,3951,1
33630,3947,3953,1
33631,3947,3955,1
33632,3948,3950,1
33633,3948,3951,1
33634,3948,3952,1
33635,3948,3953,1
33636,3948,3954,1
33637,3948,3955,1
33638,3948,3956,1
33639,3948,4335,1
33640,3949,3950,1
33641,3949,3952,1
33642,3949,3953,1
33643,3949,3954,1
33644,3949,3955,1
33645,3949,3956,1
33646,3949,4083,1
33647,3950,3952,1
33648,3950,3955,1
33649,3950,3956,1
33650,3950,3957,1
33651,3950,3958,1
33652,3950,4893,1
33653,3951,3953,1
33654,3951,3954,1
33655,3951,3955,1
33656,3951,3956,1
33657,3951,3959,1
33658,3951,4572,1
33659,3952,3953,1
33660,3952,3954,1
33661,3952,3955,1
33662,3952,3956,1
33663,3952,3957,1
33664,3952,3958,1
33665,3952,3959,1
33666,3952,3960,1
33667,3953,3954,1
33668,3953,3955,1
33669,3953,3956,1
33670,3953,3957,1
33671,3953,3958,1
33672,3953,3959,1
33673,3953,3960,1
33674,3953,3961,1
33675,3953,4317,1
33676,3954,3958,1
33677,3954,3960,1
33678,3954,3961,1
33679,3954,3962,1
33680,3954,4618,1
33681,3955,3956,1
33682,3955,3957,1
33683,3955,3958,1
33684,3955,3960,1
33685,3955,3962,1
33686,3955,3963,1
33687,3955,3970,1
33688,3956,3957,1
33689,3956,3959,1
33690,3956,4416,1
33691,3957,3959,1
33692,3957,3961,1
33693,3957,3962,1
33694,3957,3963,1
33695,3957,3964,1
33696,3957,3965,1
33697,3957,4887,1
33698,3958,3961,1
33699,3958,3962,1
33700,3958,3963,1
33701,3958,3965,1
33702,3958,3966,1
33703,3958,4422,1
33704,3959,3961,1
33705,3959,3962,1
33706,3959,3963,1
33707,3959,3964,1
33708,3959,3965,1
33709,3959,3967,1
33710,3959,4556,1
33711,3959,4490,1
33712,3960,3961,1
33713,3960,3963,1
33714,3960,3964,1
33715,3960,3966,1
33716,3960,3968,1
33717,3960,4244,1
33718,3960,4903,1
33719,3961,3962,1
33720,3961,3963,1
33721,3961,3965,1
33722,3961,3966,1
33723,3961,3967,1
33724,3961,3969,1
33725,3962,3964,1
33726,3962,3967,1
33727,3962,3968,1
33728,3962,3969,1
33729,3962,3970,1
33730,3962,4811,1
33731,3963,3965,1
33732,3963,3966,1
33733,3963,3967,1
33734,3963,3968,1
33735,3963,3969,1
33736,3963,4112,1
33737,3963,4695,1
33738,3964,3965,1
33739,3964,3966,1
33740,3964,3967,1
33741,3964,3968,1
33742,3964,3969,1
33743,3964,3970,1
33744,3964,3972,1
33745,3964,4993,1
33746,3965,3966,1
33747,3965,3968,1
33748,3965,3970,1
33749,3965,3971,1
33750,3965,3973,1
33751,3965,4800,1
33752,3966,3967,1
33753,3966,3968,1
33754,3966,3969,1
33755,3966,3970,1
33756,3966,3971,1
33757,3966,3972,1
33758,3966,3973,1
33759,3966,3974,1
33760,3966,4055,1
33761,3967,3969,1
33762,3967,3971,1
33763,3967,3972,1
33764,3967,3974,1
33765,3967,3975,1
33766,3967,4645,1
33767,3968,3969,1
33768,3968,3970,1
33769,3968,3973,1
33770,3968,4729,1
33771,3969,3970,1
33772,3969,3971,1
33773,3969,3972,1
33774,3969,3973,1
33775,3969,3975,1
33776,3969,4585,1
33777,3969,4070,1
33778,3970,3972,1
33779,3970,3973,1
33780,3970,3974,1
33781,3970,3975,1
33782,3970,3976,1
33783,3970,3977,1
33784,3970,3978,1
33785,3970,4278,1
33786,3970,4918,1
33787,3971,3975,1
33788,3971,3976,1
33789,3971,3977,1
33790,3971,4367,1
33791,3971,4144,1
33792,3972,3974,1
33793,3972,3976,1
33794,3972,3978,1
33795,3972,3980,1
33796,3972,4106,1
33797,3973,3974,1
33798,3973,3975,1
33799,3973,3976,1
33800,3973,3978,1
33801,3973,3979,1
33802,3973,3980,1
33803,3973,3981,1
33804,3974,3977,1
33805,3974,3980,1
33806,3974,3981,1
33807,3974,3982,1
33808,3974,4019,1
33809,3975,3977,1
33810,3975,3978,1
33811,3975,3979,1
33812,3975,3980,1
33813,3975,3981,1
33814,3975,3982,1
33815,3976,3977,1
33816,3976,3978,1
33817,3976,3979,1
33818,3976,3982,1
33819,3976,3983,1
33820,3976,3984,1
33821,3976,4571,1
33822,3977,3979,1
33823,3977,3980,1
33824,3977,3981,1
33825,3977,3982,1
33826,3977,3983,1
33827,3977,3984,1
33828,3978,3979,1
33829,3978,3980,1
33830,3978,3981,1
33831,3978,3982,1
33832,3978,3983,1
33833,3978,3984,1
33834,3978,3986,1
33835,3978,4177,1
33836,3979,3980,1
33837,3979,3983,1
33838,3979,3984,1
33839,3979,3985,1
33840,3979,3986,1
33841,3979,3987,1
33842,3979,4766,1
33843,3979,4450,1
33844,3980,3981,1
33845,3980,3982,1
33846,3980,3983,1
33847,3980,3984,1
33848,3980,3985,1
33849,3980,3986,1
33850,3980,3987,1
33851,3980,3988,1
33852,3980,4692,1
33853,3981,3982,1
33854,3981,3983,1
33855,3981,3984,1
33856,3981,3986,1
33857,3981,3987,1
33858,3981,3988,1
33859,3982,3983,1
33860,3982,3984,1
33861,3982,3985,1
33862,3982,3987,1
33863,3982,3988,1
33864,3982,3989,1
33865,3982,3990,1
33866,3982,4831,1
33867,3983,3984,1
33868,3983,3986,1
33869,3983,3987,1
33870,3983,3989,1
33871,3983,3990,1
33872,3983,3991,1
33873,3983,4608,1
33874,3983,4607,1
33875,3984,3985,1
33876,3984,3986,1
33877,3984,3987,1
33878,3984,3989,1
33879,3984,3991,1
33880,3984,4677,1
33881,3985,3986,1
33882,3985,3988,1
33883,3985,3990,1
33884,3985,3992,1
33885,3985,3993,1
33886,3985,4219,1
33887,3986,3988,1
33888,3986,3992,1
33889,3986,3993,1
33890,3986,3994,1
33891,3986,4749,1
33892,3986,4061,1
33893,3987,3988,1
33894,3987,3991,1
33895,3987,3992,1
33896,3987,3993,1
33897,3987,3994,1
33898,3988,3989,1
33899,3988,3992,1
33900,3988,3995,1
33901,3988,3996,1
33902,3988,4866,1
33903,3988,4999,1
33904,3988,4746,1
33905,3989,3990,1
33906,3989,3991,1
33907,3989,3992,1
33908,3989,3993,1
33909,3989,3995,1
33910,3989,3996,1
33911,3989,3997,1
33912,3990,3991,1
33913,3990,3992,1
33914,3990,3993,1
33915,3990,3994,1
33916,3990,3995,1
33917,3990,3996,1
33918,3990,3998,1
33919,3990,4894,1
33920,3990,4741,1
33921,3991,3992,1
33922,3991,3993,1
33923,3991,3995,1
33924,3991,3999,1
33925,3991,4353,1
33926,3991,4847,1
33927,3991,4837,1
33928,3992,3993,1
33929,3992,3995,1
33930,3992,3999,1
33931,3992,4000,1
33932,3993,3994,1
33933,3993,3995,1
33934,3993,3996,1
33935,3993,3998,1
33936,3993,3999,1
33937,3993,4000,1
33938,3993,4001,1
33939,3994,3995,1
33940,3994,3996,1
33941,3994,3997,1
33942,3994,3998,1
33943,3994,3999,1
33944,3994,4000,1
33945,3994,4001,1
33946,3994,4165,1
33947,3995,3996,1
33948,3995,3998,1
33949,3995,3999,1
33950,3995,4000,1
33951,3995,4002,1
33952,3995,4003,1
33953,3995,4083,1
33954,3995,4417,1
33955,3996,3997,1
33956,3996,3999,1
33957,3996,4000,1
33958,3996,4001,1
33959,3996,4002,1
33960,3996,4003,1
33961,3996,4036,1
33962,3996,4167,1
33963,3997,3998,1
33964,3997,3999,1
33965,3997,4000,1
33966,3997,4001,1
33967,3997,4002,1
33968,3997,4003,1
33969,3997,4004,1
33970,3997,4005,1
33971,3998,4000,1
33972,3998,4001,1
33973,3998,4003,1
33974,3998,4005,1
33975,3998,4196,1
33976,3998,4176,1
33977,3998,4892,1
33978,3999,4000,1
33979,3999,4001,1
33980,3999,4002,1
33981,3999,4003,1
33982,3999,4004,1
33983,3999,4006,1
33984,3999,4007,1
33985,3999,4982,1
33986,4000,4001,1
33987,4000,4002,1
33988,4000,4004,1
33989,4000,4005,1
33990,4000,4006,1
33991,4000,4007,1
33992,4000,4008,1
33993,4001,4003,1
33994,4001,4004,1
33995,4001,4005,1
33996,4001,4006,1
33997,4001,4008,1
33998,4001,4009,1
33999,4002,4004,1
34000,4002,4006,1
34001,4002,4007,1
34002,4002,4009,1
34003,4002,4010,1
34004,4002,4852,1
34005,4003,4005,1
34006,4003,4007,1
34007,4003,4008,1
34008,4003,4009,1
34009,4003,4010,1
34010,4003,4011,1
34011,4003,4687,1
34012,4004,4006,1
34013,4004,4007,1
34014,4004,4008,1
34015,4004,4009,1
34016,4004,4010,1
34017,4005,4006,1
34018,4005,4007,1
34019,4005,4008,1
34020,4005,4010,1
34021,4005,4011,1
34022,4005,4012,1
34023,4005,4013,1
34024,4006,4007,1
34025,4006,4009,1
34026,4006,4011,1
34027,4006,4014,1
34028,4006,4067,1
34029,4006,4283,1
34030,4006,4446,1
34031,4007,4009,1
34032,4007,4010,1
34033,4007,4011,1
34034,4007,4013,1
34035,4007,4014,1
34036,4007,4015,1
34037,4007,4223,1
34038,4007,4865,1
34039,4007,4397,1
34040,4008,4011,1
34041,4008,4014,1
34042,4008,4015,1
34043,4008,4420,1
34044,4008,4365,1
34045,4008,4699,1
34046,4009,4010,1
34047,4009,4012,1
34048,4009,4015,1
34049,4009,4335,1
34050,4010,4013,1
34051,4010,4014,1
34052,4010,4015,1
34053,4010,4016,1
34054,4010,4018,1
34055,4011,4012,1
34056,4011,4013,1
34057,4011,4016,1
34058,4011,4018,1
34059,4011,4019,1
34060,4012,4015,1
34061,4012,4017,1
34062,4012,4018,1
34063,4012,4019,1
34064,4012,4020,1
34065,4013,4015,1
34066,4013,4016,1
34067,4013,4017,1
34068,4013,4018,1
34069,4013,4019,1
34070,4013,4487,1
34071,4014,4015,1
34072,4014,4016,1
34073,4014,4017,1
34074,4014,4018,1
34075,4014,4019,1
34076,4014,4020,1
34077,4014,4021,1
34078,4015,4016,1
34079,4015,4018,1
34080,4015,4019,1
34081,4015,4021,1
34082,4015,4022,1
34083,4015,4023,1
34084,4015,4403,1
34085,4016,4017,1
34086,4016,4018,1
34087,4016,4020,1
34088,4016,4021,1
34089,4016,4022,1
34090,4016,4023,1
34091,4016,4024,1
34092,4017,4018,1
34093,4017,4023,1
34094,4017,4024,1
34095,4017,4646,1
34096,4018,4020,1
34097,4018,4021,1
34098,4018,4022,1
34099,4018,4023,1
34100,4018,4024,1
34101,4018,4026,1
34102,4018,4073,1
34103,4019,4020,1
34104,4019,4021,1
34105,4019,4022,1
34106,4019,4023,1
34107,4019,4024,1
34108,4019,4025,1
34109,4019,4917,1
34110,4020,4021,1
34111,4020,4022,1
34112,4020,4023,1
34113,4020,4024,1
34114,4020,4025,1
34115,4020,4026,1
34116,4020,4028,1
34117,4020,4732,1
34118,4021,4022,1
34119,4021,4023,1
34120,4021,4024,1
34121,4021,4026,1
34122,4021,4027,1
34123,4021,4028,1
34124,4021,4029,1
34125,4021,4530,1
34126,4021,4128,1
34127,4022,4023,1
34128,4022,4025,1
34129,4022,4026,1
34130,4022,4027,1
34131,4022,4028,1
34132,4022,4029,1
34133,4022,4030,1
34134,4022,4689,1
34135,4022,4397,1
34136,4022,4884,1
34137,4023,4024,1
34138,4023,4026,1
34139,4023,4027,1
34140,4023,4029,1
34141,4023,4030,1
34142,4023,4031,1
34143,4023,4304,1
34144,4024,4025,1
34145,4024,4027,1
34146,4024,4028,1
34147,4024,4029,1
34148,4024,4030,1
34149,4024,4032,1
34150,4024,4099,1
34151,4025,4027,1
34152,4025,4029,1
34153,4025,4030,1
34154,4025,4032,1
34155,4026,4027,1
34156,4026,4028,1
34157,4026,4029,1
34158,4026,4030,1
34159,4026,4031,1
34160,4026,4032,1
34161,4026,4033,1
34162,4026,4034,1
34163,4026,4969,1
34164,4027,4028,1
34165,4027,4030,1
34166,4027,4031,1
34167,4027,4032,1
34168,4027,4033,1
34169,4027,4034,1
34170,4027,4513,1
34171,4027,4267,1
34172,4028,4029,1
34173,4028,4030,1
34174,4028,4031,1
34175,4028,4032,1
34176,4028,4033,1
34177,4028,4035,1
34178,4028,4036,1
34179,4028,4152,1
34180,4028,4878,1
34181,4028,4442,1
34182,4029,4030,1
34183,4029,4031,1
34184,4029,4032,1
34185,4029,4033,1
34186,4029,4035,1
34187,4029,4845,1
34188,4029,4458,1
34189,4030,4031,1
34190,4030,4032,1
34191,4030,4033,1
34192,4030,4034,1
34193,4030,4035,1
34194,4030,4036,1
34195,4030,4037,1
34196,4030,4038,1
34197,4030,4617,1
34198,4031,4032,1
34199,4031,4033,1
34200,4031,4034,1
34201,4031,4035,1
34202,4031,4036,1
34203,4031,4038,1
34204,4031,4039,1
34205,4031,4591,1
34206,4032,4033,1
34207,4032,4034,1
34208,4032,4035,1
34209,4032,4036,1
34210,4032,4037,1
34211,4032,4040,1
34212,4032,4107,1
34213,4033,4035,1
34214,4033,4036,1
34215,4033,4039,1
34216,4033,4040,1
34217,4033,4041,1
34218,4033,4713,1
34219,4034,4035,1
34220,4034,4036,1
34221,4034,4037,1
34222,4034,4855,1
34223,4035,4036,1
34224,4035,4037,1
34225,4035,4039,1
34226,4035,4040,1
34227,4035,4041,1
34228,4035,4042,1
34229,4035,4043,1
34230,4036,4037,1
34231,4036,4041,1
34232,4036,4043,1
34233,4036,4044,1
34234,4036,4170,1
34235,4036,4053,1
34236,4037,4038,1
34237,4037,4039,1
34238,4037,4040,1
34239,4037,4043,1
34240,4037,4044,1
34241,4037,4056,1
34242,4037,4360,1
34243,4037,4067,1
34244,4037,4976,1
34245,4037,4401,1
34246,4038,4040,1
34247,4038,4041,1
34248,4038,4044,1
34249,4038,4045,1
34250,4039,4041,1
34251,4039,4042,1
34252,4039,4043,1
34253,4039,4044,1
34254,4039,4045,1
34255,4039,4046,1
34256,4039,4047,1
34257,4040,4041,1
34258,4040,4043,1
34259,4040,4046,1
34260,4040,4047,1
34261,4040,4167,1
34262,4040,4749,1
34263,4041,4043,1
34264,4041,4045,1
34265,4041,4046,1
34266,4041,4047,1
34267,4041,4048,1
34268,4042,4043,1
34269,4042,4044,1
34270,4042,4045,1
34271,4042,4046,1
34272,4042,4048,1
34273,4042,4049,1
34274,4042,4050,1
34275,4043,4044,1
34276,4043,4045,1
34277,4043,4046,1
34278,4043,4048,1
34279,4043,4049,1
34280,4043,4050,1
34281,4043,4051,1
34282,4044,4045,1
34283,4044,4046,1
34284,4044,4047,1
34285,4044,4048,1
34286,4044,4049,1
34287,4044,4050,1
34288,4045,4046,1
34289,4045,4047,1
34290,4045,4048,1
34291,4045,4049,1
34292,4045,4052,1
34293,4046,4047,1
34294,4046,4049,1
34295,4046,4050,1
34296,4046,4051,1
34297,4046,4053,1
34298,4047,4049,1
34299,4047,4050,1
34300,4047,4051,1
34301,4047,4052,1
34302,4047,4869,1
34303,4047,4883,1
34304,4048,4049,1
34305,4048,4050,1
34306,4048,4053,1
34307,4048,4054,1
34308,4048,4055,1
34309,4048,4056,1
34310,4048,4440,1
34311,4049,4050,1
34312,4049,4051,1
34313,4049,4054,1
34314,4049,4055,1
34315,4049,4057,1
34316,4049,4383,1
34317,4050,4052,1
34318,4050,4053,1
34319,4050,4055,1
34320,4050,4056,1
34321,4050,4057,1
34322,4050,4058,1
34323,4051,4052,1
34324,4051,4053,1
34325,4051,4054,1
34326,4051,4055,1
34327,4051,4056,1
34328,4051,4059,1
34329,4052,4053,1
34330,4052,4054,1
34331,4052,4055,1
34332,4052,4056,1
34333,4052,4057,1
34334,4052,4060,1
34335,4052,4765,1
34336,4053,4054,1
34337,4053,4056,1
34338,4053,4058,1
34339,4053,4059,1
34340,4053,4061,1
34341,4053,4866,1
34342,4054,4055,1
34343,4054,4057,1
34344,4054,4058,1
34345,4054,4060,1
34346,4054,4061,1
34347,4054,4062,1
34348,4055,4057,1
34349,4055,4058,1
34350,4055,4059,1
34351,4055,4060,1
34352,4055,4061,1
34353,4055,4062,1
34354,4055,4063,1
34355,4055,4836,1
34356,4056,4058,1
34357,4056,4060,1
34358,4056,4061,1
34359,4056,4062,1
34360,4056,4064,1
34361,4056,4287,1
34362,4057,4058,1
34363,4057,4059,1
34364,4057,4060,1
34365,4057,4061,1
34366,4057,4063,1
34367,4057,4064,1
34368,4057,4065,1
34369,4057,4592,1
34370,4058,4059,1
34371,4058,4060,1
34372,4058,4061,1
34373,4058,4062,1
34374,4058,4063,1
34375,4058,4065,1
34376,4058,4066,1
34377,4059,4060,1
34378,4059,4061,1
34379,4059,4062,1
34380,4059,4063,1
34381,4059,4064,1
34382,4059,4065,1
34383,4059,4066,1
34384,4059,4744,1
34385,4060,4063,1
34386,4060,4065,1
34387,4060,4066,1
34388,4060,4067,1
34389,4060,4068,1
34390,4060,4216,1
34391,4060,4108,1
34392,4060,4621,1
34393,4061,4063,1
34394,4061,4064,1
34395,4061,4065,1
34396,4061,4066,1
34397,4061,4067,1
34398,4062,4064,1
34399,4062,4065,1
34400,4062,4067,1
34401,4062,4068,1
34402,4062,4070,1
34403,4062,4587,1
34404,4063,4064,1
34405,4063,4067,1
34406,4063,4068,1
34407,4063,4069,1
34408,4063,4070,1
34409,4063,4124,1
34410,4064,4065,1
34411,4064,4066,1
34412,4064,4067,1
34413,4064,4068,1
34414,4064,4069,1
34415,4064,4070,1
34416,4064,4071,1
34417,4064,4072,1
34418,4065,4066,1
34419,4065,4068,1
34420,4065,4069,1
34421,4065,4070,1
34422,4065,4071,1
34423,4065,4073,1
34424,4065,4235,1
34425,4066,4067,1
34426,4066,4068,1
34427,4066,4069,1
34428,4066,4070,1
34429,4066,4071,1
34430,4066,4072,1
34431,4066,4073,1
34432,4066,4074,1
34433,4067,4068,1
34434,4067,4071,1
34435,4067,4074,1
34436,4067,4075,1
34437,4067,4160,1
34438,4067,4578,1
34439,4068,4069,1
34440,4068,4072,1
34441,4068,4073,1
34442,4068,4074,1
34443,4068,4076,1
34444,4069,4070,1
34445,4069,4071,1
34446,4069,4072,1
34447,4069,4074,1
34448,4069,4075,1
34449,4069,4076,1
34450,4069,4077,1
34451,4069,4741,1
34452,4070,4072,1
34453,4070,4073,1
34454,4070,4075,1
34455,4070,4077,1
34456,4070,4078,1
34457,4070,4780,1
34458,4071,4072,1
34459,4071,4073,1
34460,4071,4074,1
34461,4071,4075,1
34462,4071,4076,1
34463,4071,4077,1
34464,4071,4079,1
34465,4072,4073,1
34466,4072,4074,1
34467,4072,4077,1
34468,4072,4079,1
34469,4072,4080,1
34470,4072,4578,1
34471,4072,4851,1
34472,4073,4074,1
34473,4073,4075,1
34474,4073,4080,1
34475,4073,4081,1
34476,4073,4592,1
34477,4074,4075,1
34478,4074,4078,1
34479,4074,4079,1
34480,4074,4080,1
34481,4074,4081,1
34482,4074,4082,1
34483,4074,4228,1
34484,4074,4496,1
34485,4074,4358,1
34486,4075,4076,1
34487,4075,4077,1
34488,4075,4078,1
34489,4075,4079,1
34490,4075,4081,1
34491,4076,4079,1
34492,4076,4081,1
34493,4076,4082,1
34494,4076,4084,1
34495,4076,4333,1
34496,4076,4209,1
34497,4077,4078,1
34498,4077,4079,1
34499,4077,4081,1
34500,4077,4083,1
34501,4077,4085,1
34502,4077,4831,1
34503,4078,4079,1
34504,4078,4080,1
34505,4078,4081,1
34506,4078,4082,1
34507,4078,4083,1
34508,4078,4085,1
34509,4078,4086,1
34510,4078,4333,1
34511,4079,4080,1
34512,4079,4081,1
34513,4079,4082,1
34514,4079,4083,1
34515,4079,4466,1
34516,4079,4292,1
34517,4080,4081,1
34518,4080,4082,1
34519,4080,4083,1
34520,4080,4085,1
34521,4080,4086,1
34522,4080,4087,1
34523,4080,4900,1
34524,4081,4082,1
34525,4081,4084,1
34526,4081,4086,1
34527,4081,4087,1
34528,4081,4088,1
34529,4081,4522,1
34530,4082,4083,1
34531,4082,4084,1
34532,4082,4085,1
34533,4082,4090,1
34534,4083,4084,1
34535,4083,4086,1
34536,4083,4087,1
34537,4083,4088,1
34538,4083,4089,1
34539,4083,4090,1
34540,4083,4091,1
34541,4084,4086,1
34542,4084,4087,1
34543,4084,4088,1
34544,4084,4089,1
34545,4084,4090,1
34546,4084,4091,1
34547,4084,4092,1
34548,4084,4503,1
34549,4085,4086,1
34550,4085,4088,1
34551,4085,4090,1
34552,4085,4091,1
34553,4085,4093,1
34554,4086,4087,1
34555,4086,4088,1
34556,4086,4090,1
34557,4086,4092,1
34558,4086,4094,1
34559,4086,4320,1
34560,4087,4088,1
34561,4087,4089,1
34562,4087,4090,1
34563,4087,4091,1
34564,4087,4093,1
34565,4087,4094,1
34566,4087,4095,1
34567,4088,4089,1
34568,4088,4090,1
34569,4088,4091,1
34570,4088,4094,1
34571,4088,4323,1
34572,4089,4093,1
34573,4089,4095,1
34574,4089,4096,1
34575,4089,4097,1
34576,4089,4626,1
34577,4090,4093,1
34578,4090,4094,1
34579,4090,4095,1
34580,4090,4096,1
34581,4090,4097,1
34582,4090,4271,1
34583,4091,4092,1
34584,4091,4094,1
34585,4091,4095,1
34586,4091,4096,1
34587,4091,4097,1
34588,4091,4098,1
34589,4091,4099,1
34590,4092,4094,1
34591,4092,4096,1
34592,4092,4097,1
34593,4092,4098,1
34594,4092,4099,1
34595,4092,4914,1
34596,4092,4985,1
34597,4092,4763,1
34598,4093,4095,1
34599,4093,4097,1
34600,4093,4098,1
34601,4093,4099,1
34602,4093,4100,1
34603,4093,4101,1
34604,4093,4493,1
34605,4093,4205,1
34606,4094,4095,1
34607,4094,4096,1
34608,4094,4097,1
34609,4094,4099,1
34610,4094,4100,1
34611,4094,4101,1
34612,4094,4102,1
34613,4094,4568,1
34614,4095,4096,1
34615,4095,4097,1
34616,4095,4100,1
34617,4095,4102,1
34618,4095,4103,1
34619,4095,4735,1
34620,4095,4738,1
34621,4096,4100,1
34622,4096,4102,1
34623,4096,4103,1
34624,4096,4104,1
34625,4097,4098,1
34626,4097,4099,1
34627,4097,4100,1
34628,4097,4101,1
34629,4097,4102,1
34630,4097,4104,1
34631,4097,4105,1
34632,4097,4874,1
34633,4098,4099,1
34634,4098,4101,1
34635,4098,4104,1
34636,4098,4105,1
34637,4098,4106,1
34638,4098,4120,1
34639,4098,4447,1
34640,4098,4496,1
34641,4099,4101,1
34642,4099,4104,1
34643,4099,4105,1
34644,4099,4106,1
34645,4099,4864,1
34646,4100,4103,1
34647,4100,4105,1
34648,4100,4107,1
34649,4100,4108,1
34650,4100,4333,1
34651,4100,4415,1
34652,4101,4102,1
34653,4101,4103,1
34654,4101,4104,1
34655,4101,4105,1
34656,4101,4106,1
34657,4101,4107,1
34658,4101,4108,1
34659,4101,4109,1
34660,4102,4104,1
34661,4102,4105,1
34662,4102,4107,1
34663,4102,4108,1
34664,4102,4110,1
34665,4102,4923,1
34666,4102,4402,1
34667,4102,4232,1
34668,4103,4104,1
34669,4103,4105,1
34670,4103,4107,1
34671,4103,4109,1
34672,4103,4110,1
34673,4103,4111,1
34674,4103,4645,1
34675,4103,4423,1
34676,4104,4108,1
34677,4104,4109,1
34678,4104,4110,1
34679,4104,4111,1
34680,4104,4112,1
34681,4105,4108,1
34682,4105,4111,1
34683,4105,4113,1
34684,4106,4109,1
34685,4106,4110,1
34686,4106,4112,1
34687,4106,4113,1
34688,4106,4114,1
34689,4107,4109,1
34690,4107,4110,1
34691,4107,4111,1
34692,4107,4112,1
34693,4107,4113,1
34694,4107,4114,1
34695,4107,4115,1
34696,4108,4109,1
34697,4108,4111,1
34698,4108,4112,1
34699,4108,4114,1
34700,4108,4115,1
34701,4108,4116,1
34702,4109,4110,1
34703,4109,4112,1
34704,4109,4116,1
34705,4109,4117,1
34706,4109,4983,1
34707,4109,4286,1
34708,4109,4746,1
34709,4110,4111,1
34710,4110,4112,1
34711,4110,4113,1
34712,4110,4115,1
34713,4110,4117,1
34714,4110,4960,1
34715,4111,4112,1
34716,4111,4114,1
34717,4111,4115,1
34718,4111,4116,1
34719,4111,4117,1
34720,4111,4119,1
34721,4112,4114,1
34722,4112,4117,1
34723,4112,4118,1
34724,4112,4119,1
34725,4113,4114,1
34726,4113,4115,1
34727,4113,4116,1
34728,4113,4117,1
34729,4113,4120,1
34730,4113,4121,1
34731,4114,4116,1
34732,4114,4117,1
34733,4114,4119,1
34734,4114,4120,1
34735,4114,4121,1
34736,4114,4122,1
34737,4114,4718,1
34738,4115,4116,1
34739,4115,4117,1
34740,4115,4118,1
34741,4115,4119,1
34742,4115,4120,1
34743,4115,4121,1
34744,4115,4122,1
34745,4115,4123,1
34746,4116,4117,1
34747,4116,4118,1
34748,4116,4120,1
34749,4116,4123,1
34750,4116,4124,1
34751,4117,4118,1
34752,4117,4119,1
34753,4117,4121,1
34754,4117,4122,1
34755,4117,4123,1
34756,4117,4124,1
34757,4117,4125,1
34758,4118,4119,1
34759,4118,4120,1
34760,4118,4121,1
34761,4118,4122,1
34762,4118,4123,1
34763,4118,4124,1
34764,4118,4125,1
34765,4118,4126,1
34766,4118,4979,1
34767,4118,4277,1
34768,4119,4121,1
34769,4119,4122,1
34770,4119,4124,1
34771,4119,4126,1
34772,4119,4127,1
34773,4119,4394,1
34774,4120,4123,1
34775,4120,4124,1
34776,4120,4126,1
34777,4120,4139,1
34778,4120,4305,1
34779,4121,4122,1
34780,4121,4124,1
34781,4121,4125,1
34782,4121,4126,1
34783,4121,4128,1
34784,4121,4129,1
34785,4121,4132,1
34786,4122,4124,1
34787,4122,4125,1
34788,4122,4126,1
34789,4122,4127,1
34790,4122,4130,1
34791,4122,4310,1
34792,4123,4124,1
34793,4123,4125,1
34794,4123,4127,1
34795,4123,4128,1
34796,4123,4129,1
34797,4123,4130,1
34798,4123,4131,1
34799,4123,4820,1
34800,4124,4125,1
34801,4124,4126,1
34802,4124,4127,1
34803,4124,4128,1
34804,4124,4129,1
34805,4124,4130,1
34806,4124,4131,1
34807,4124,4543,1
34808,4125,4126,1
34809,4125,4127,1
34810,4125,4129,1
34811,4125,4130,1
34812,4125,4132,1
34813,4125,4133,1
34814,4126,4127,1
34815,4126,4129,1
34816,4126,4130,1
34817,4126,4131,1
34818,4126,4132,1
34819,4126,4133,1
34820,4126,4874,1
34821,4127,4128,1
34822,4127,4129,1
34823,4127,4130,1
34824,4127,4131,1
34825,4127,4132,1
34826,4127,4133,1
34827,4127,4134,1
34828,4127,4135,1
34829,4128,4129,1
34830,4128,4130,1
34831,4128,4133,1
34832,4128,4135,1
34833,4129,4130,1
34834,4129,4132,1
34835,4129,4133,1
34836,4129,4134,1
34837,4129,4135,1
34838,4129,4136,1
34839,4129,4137,1
34840,4129,4675,1
34841,4130,4132,1
34842,4130,4133,1
34843,4130,4134,1
34844,4130,4135,1
34845,4130,4137,1
34846,4130,4138,1
34847,4131,4132,1
34848,4131,4133,1
34849,4131,4134,1
34850,4131,4136,1
34851,4131,4138,1
34852,4131,4139,1
34853,4132,4133,1
34854,4132,4134,1
34855,4132,4135,1
34856,4132,4136,1
34857,4132,4137,1
34858,4132,4139,1
34859,4132,4140,1
34860,4133,4134,1
34861,4133,4135,1
34862,4133,4137,1
34863,4133,4139,1
34864,4133,4327,1
34865,4134,4135,1
34866,4134,4136,1
34867,4134,4138,1
34868,4134,4139,1
34869,4134,4140,1
34870,4134,4141,1
34871,4134,4142,1
34872,4134,4658,1
34873,4135,4136,1
34874,4135,4140,1
34875,4135,4141,1
34876,4135,4143,1
34877,4135,4916,1
34878,4135,4776,1
34879,4136,4138,1
34880,4136,4139,1
34881,4136,4141,1
34882,4136,4143,1
34883,4136,4144,1
34884,4136,4467,1
34885,4136,4982,1
34886,4137,4138,1
34887,4137,4139,1
34888,4137,4140,1
34889,4137,4141,1
34890,4137,4142,1
34891,4137,4143,1
34892,4138,4139,1
34893,4138,4140,1
34894,4138,4141,1
34895,4138,4144,1
34896,4138,4145,1
34897,4139,4141,1
34898,4139,4143,1
34899,4139,4145,1
34900,4139,4146,1
34901,4139,4261,1
34902,4140,4141,1
34903,4140,4142,1
34904,4140,4144,1
34905,4140,4145,1
34906,4140,4146,1
34907,4140,4147,1
34908,4140,4148,1
34909,4140,4471,1
34910,4141,4142,1
34911,4141,4143,1
34912,4141,4144,1
34913,4141,4145,1
34914,4141,4146,1
34915,4141,4147,1
34916,4141,4149,1
34917,4141,4924,1
34918,4142,4145,1
34919,4142,4146,1
34920,4142,4147,1
34921,4142,4150,1
34922,4142,4315,1
34923,4143,4144,1
34924,4143,4145,1
34925,4143,4146,1
34926,4143,4147,1
34927,4143,4148,1
34928,4143,4149,1
34929,4143,4150,1
34930,4143,4151,1
34931,4144,4145,1
34932,4144,4147,1
34933,4144,4149,1
34934,4144,4150,1
34935,4144,4152,1
34936,4144,4625,1
34937,4145,4146,1
34938,4145,4147,1
34939,4145,4150,1
34940,4145,4151,1
34941,4145,4152,1
34942,4145,4153,1
34943,4146,4147,1
34944,4146,4149,1
34945,4146,4150,1
34946,4146,4152,1
34947,4146,4153,1
34948,4146,4154,1
34949,4147,4148,1
34950,4147,4154,1
34951,4147,4179,1
34952,4147,4294,1
34953,4148,4150,1
34954,4148,4151,1
34955,4148,4152,1
34956,4148,4154,1
34957,4148,4155,1
34958,4148,4156,1
34959,4149,4150,1
34960,4149,4154,1
34961,4149,4155,1
34962,4149,4369,1
34963,4150,4152,1
34964,4150,4153,1
34965,4150,4154,1
34966,4150,4155,1
34967,4150,4889,1
34968,4150,4273,1
34969,4151,4152,1
34970,4151,4153,1
34971,4151,4154,1
34972,4151,4155,1
34973,4151,4156,1
34974,4151,4158,1
34975,4152,4153,1
34976,4152,4154,1
34977,4152,4155,1
34978,4152,4156,1
34979,4152,4157,1
34980,4152,4158,1
34981,4153,4154,1
34982,4153,4155,1
34983,4153,4156,1
34984,4153,4157,1
34985,4153,4158,1
34986,4153,4159,1
34987,4153,4160,1
34988,4153,4161,1
34989,4154,4155,1
34990,4154,4156,1
34991,4154,4157,1
34992,4154,4158,1
34993,4154,4159,1
34994,4154,4160,1
34995,4154,4162,1
34996,4154,4280,1
34997,4154,4905,1
34998,4155,4156,1
34999,4155,4158,1
35000,4155,4159,1
35001,4155,4160,1
35002,4155,4161,1
35003,4155,4162,1
35004,4155,4163,1
35005,4156,4157,1
35006,4156,4158,1
35007,4156,4162,1
35008,4156,4163,1
35009,4156,4164,1
35010,4157,4158,1
35011,4157,4160,1
35012,4157,4162,1
35013,4157,4164,1
35014,4158,4160,1
35015,4158,4162,1
35016,4158,4164,1
35017,4158,4165,1
35018,4159,4160,1
35019,4159,4161,1
35020,4159,4163,1
35021,4159,4164,1
35022,4159,4165,1
35023,4159,4166,1
35024,4160,4161,1
35025,4160,4162,1
35026,4160,4164,1
35027,4160,4165,1
35028,4160,4168,1
35029,4160,4923,1
35030,4160,4645,1
35031,4161,4162,1
35032,4161,4163,1
35033,4161,4165,1
35034,4161,4166,1
35035,4161,4167,1
35036,4161,4169,1
35037,4162,4165,1
35038,4162,4166,1
35039,4162,4167,1
35040,4162,4261,1
35041,4162,4857,1
35042,4163,4166,1
35043,4163,4167,1
35044,4163,4168,1
35045,4163,4169,1
35046,4163,4171,1
35047,4164,4166,1
35048,4164,4167,1
35049,4164,4169,1
35050,4164,4171,1
35051,4165,4168,1
35052,4165,4169,1
35053,4165,4173,1
35054,4165,4795,1
35055,4166,4167,1
35056,4166,4169,1
35057,4166,4170,1
35058,4166,4172,1
35059,4166,4173,1
35060,4166,4174,1
35061,4167,4170,1
35062,4167,4171,1
35063,4167,4173,1
35064,4167,4174,1
35065,4167,4175,1
35066,4167,4497,1
35067,4168,4170,1
35068,4168,4171,1
35069,4168,4172,1
35070,4168,4173,1
35071,4168,4174,1
35072,4168,4175,1
35073,4168,4176,1
35074,4168,4832,1
35075,4169,4170,1
35076,4169,4171,1
35077,4169,4172,1
35078,4169,4173,1
35079,4169,4174,1
35080,4169,4175,1
35081,4169,4177,1
35082,4170,4172,1
35083,4170,4173,1
35084,4170,4174,1
35085,4170,4177,1
35086,4170,4178,1
35087,4171,4172,1
35088,4171,4173,1
35089,4171,4174,1
35090,4171,4175,1
35091,4171,4176,1
35092,4171,4177,1
35093,4171,4179,1
35094,4172,4173,1
35095,4172,4175,1
35096,4172,4176,1
35097,4172,4177,1
35098,4172,4178,1
35099,4172,4179,1
35100,4172,4182,1
35101,4173,4174,1
35102,4173,4181,1
35103,4173,4679,1
35104,4173,4944,1
35105,4173,4656,1
35106,4173,4773,1
35107,4174,4176,1
35108,4174,4177,1
35109,4174,4178,1
35110,4174,4179,1
35111,4174,4181,1
35112,4175,4176,1
35113,4175,4177,1
35114,4175,4179,1
35115,4175,4180,1
35116,4175,4181,1
35117,4175,4182,1
35118,4175,4183,1
35119,4176,4178,1
35120,4176,4179,1
35121,4176,4180,1
35122,4176,4182,1
35123,4176,4183,1
35124,4176,4184,1
35125,4176,4284,1
35126,4177,4178,1
35127,4177,4179,1
35128,4177,4180,1
35129,4177,4181,1
35130,4177,4182,1
35131,4177,4183,1
35132,4177,4184,1
35133,4177,4185,1
35134,4178,4180,1
35135,4178,4181,1
35136,4178,4182,1
35137,4178,4183,1
35138,4178,4184,1
35139,4178,4186,1
35140,4178,4769,1
35141,4179,4180,1
35142,4179,4181,1
35143,4179,4182,1
35144,4179,4183,1
35145,4179,4184,1
35146,4179,4186,1
35147,4179,4187,1
35148,4179,4371,1
35149,4180,4181,1
35150,4180,4183,1
35151,4180,4185,1
35152,4180,4186,1
35153,4180,4188,1
35154,4180,4574,1
35155,4181,4182,1
35156,4181,4183,1
35157,4181,4185,1
35158,4181,4187,1
35159,4181,4188,1
35160,4181,4189,1
35161,4181,4360,1
35162,4182,4183,1
35163,4182,4184,1
35164,4182,4186,1
35165,4182,4187,1
35166,4182,4188,1
35167,4182,4303,1
35168,4183,4184,1
35169,4183,4186,1
35170,4183,4187,1
35171,4183,4189,1
35172,4183,4190,1
35173,4183,4191,1
35174,4183,4404,1
35175,4184,4187,1
35176,4184,4188,1
35177,4184,4189,1
35178,4184,4190,1
35179,4184,4191,1
35180,4185,4186,1
35181,4185,4187,1
35182,4185,4188,1
35183,4185,4189,1
35184,4185,4191,1
35185,4185,4192,1
35186,4185,4193,1
35187,4185,4912,1
35188,4186,4187,1
35189,4186,4188,1
35190,4186,4189,1
35191,4186,4191,1
35192,4186,4192,1
35193,4186,4194,1
35194,4187,4189,1
35195,4187,4192,1
35196,4187,4193,1
35197,4187,4194,1
35198,4187,4195,1
35199,4187,4520,1
35200,4187,4674,1
35201,4188,4189,1
35202,4188,4190,1
35203,4188,4191,1
35204,4188,4192,1
35205,4188,4193,1
35206,4188,4194,1
35207,4188,4195,1
35208,4189,4190,1
35209,4189,4191,1
35210,4189,4192,1
35211,4189,4193,1
35212,4189,4194,1
35213,4189,4195,1
35214,4189,4196,1
35215,4189,4197,1
35216,4189,4428,1
35217,4190,4191,1
35218,4190,4193,1
35219,4190,4197,1
35220,4190,4198,1
35221,4190,4305,1
35222,4191,4192,1
35223,4191,4193,1
35224,4191,4194,1
35225,4191,4195,1
35226,4191,4196,1
35227,4191,4197,1
35228,4191,4198,1
35229,4191,4396,1
35230,4192,4197,1
35231,4192,4199,1
35232,4193,4195,1
35233,4193,4196,1
35234,4193,4197,1
35235,4193,4198,1
35236,4193,4200,1
35237,4193,4341,1
35238,4194,4195,1
35239,4194,4196,1
35240,4194,4197,1
35241,4194,4200,1
35242,4194,4201,1
35243,4194,4202,1
35244,4195,4196,1
35245,4195,4197,1
35246,4195,4198,1
35247,4195,4199,1
35248,4195,4200,1
35249,4195,4202,1
35250,4195,4203,1
35251,4196,4197,1
35252,4196,4198,1
35253,4196,4200,1
35254,4196,4201,1
35255,4196,4202,1
35256,4196,4203,1
35257,4196,4325,1
35258,4197,4199,1
35259,4197,4202,1
35260,4197,4205,1
35261,4197,4730,1
35262,4197,4655,1
35263,4198,4199,1
35264,4198,4206,1
35265,4199,4201,1
35266,4199,4203,1
35267,4199,4204,1
35268,4199,4205,1
35269,4199,4206,1
35270,4200,4201,1
35271,4200,4203,1
35272,4200,4204,1
35273,4200,4205,1
35274,4200,4207,1
35275,4200,4208,1
35276,4200,4463,1
35277,4201,4202,1
35278,4201,4204,1
35279,4201,4205,1
35280,4201,4207,1
35281,4201,4208,1
35282,4202,4203,1
35283,4202,4204,1
35284,4202,4206,1
35285,4202,4207,1
35286,4202,4208,1
35287,4202,4210,1
35288,4202,4430,1
35289,4202,4407,1
35290,4203,4204,1
35291,4203,4205,1
35292,4203,4207,1
35293,4203,4208,1
35294,4203,4211,1
35295,4203,4450,1
35296,4203,4843,1
35297,4203,4399,1
35298,4204,4205,1
35299,4204,4206,1
35300,4204,4207,1
35301,4204,4208,1
35302,4204,4210,1
35303,4204,4211,1
35304,4204,4212,1
35305,4205,4206,1
35306,4205,4207,1
35307,4205,4208,1
35308,4205,4209,1
35309,4205,4210,1
35310,4205,4212,1
35311,4205,4815,1
35312,4206,4207,1
35313,4206,4209,1
35314,4206,4210,1
35315,4206,4211,1
35316,4206,4212,1
35317,4206,4213,1
35318,4206,4214,1
35319,4206,4910,1
35320,4206,4528,1
35321,4207,4208,1
35322,4207,4210,1
35323,4207,4211,1
35324,4207,4213,1
35325,4207,4214,1
35326,4207,4215,1
35327,4207,4833,1
35328,4208,4209,1
35329,4208,4210,1
35330,4208,4211,1
35331,4208,4214,1
35332,4208,4216,1
35333,4209,4211,1
35334,4209,4213,1
35335,4209,4214,1
35336,4209,4215,1
35337,4210,4212,1
35338,4210,4215,1
35339,4210,4216,1
35340,4210,4217,1
35341,4210,4218,1
35342,4210,4529,1
35343,4211,4212,1
35344,4211,4213,1
35345,4211,4214,1
35346,4211,4215,1
35347,4211,4216,1
35348,4211,4217,1
35349,4211,4219,1
35350,4211,4779,1
35351,4212,4213,1
35352,4212,4214,1
35353,4212,4215,1
35354,4212,4216,1
35355,4212,4217,1
35356,4212,4218,1
35357,4212,4219,1
35358,4212,4220,1
35359,4213,4214,1
35360,4213,4215,1
35361,4213,4217,1
35362,4213,4218,1
35363,4213,4219,1
35364,4213,4220,1
35365,4213,4221,1
35366,4213,4883,1
35367,4214,4215,1
35368,4214,4216,1
35369,4214,4220,1
35370,4214,4222,1
35371,4215,4216,1
35372,4215,4218,1
35373,4215,4219,1
35374,4215,4220,1
35375,4215,4221,1
35376,4215,4223,1
35377,4215,4562,1
35378,4216,4218,1
35379,4216,4219,1
35380,4216,4220,1
35381,4216,4221,1
35382,4216,4223,1
35383,4216,4224,1
35384,4217,4220,1
35385,4217,4221,1
35386,4217,4222,1
35387,4217,4223,1
35388,4217,4225,1
35389,4217,4336,1
35390,4218,4219,1
35391,4218,4221,1
35392,4218,4223,1
35393,4218,4224,1
35394,4218,4225,1
35395,4218,4226,1
35396,4219,4222,1
35397,4219,4223,1
35398,4219,4226,1
35399,4219,4227,1
35400,4220,4221,1
35401,4220,4222,1
35402,4220,4223,1
35403,4220,4225,1
35404,4220,4226,1
35405,4220,4227,1
35406,4220,4474,1
35407,4221,4223,1
35408,4221,4225,1
35409,4221,4226,1
35410,4221,4229,1
35411,4222,4224,1
35412,4222,4226,1
35413,4222,4227,1
35414,4222,4228,1
35415,4222,4230,1
35416,4223,4225,1
35417,4223,4226,1
35418,4223,4227,1
35419,4223,4228,1
35420,4223,4229,1
35421,4223,4230,1
35422,4223,4231,1
35423,4224,4225,1
35424,4224,4226,1
35425,4224,4227,1
35426,4224,4228,1
35427,4224,4229,1
35428,4224,4231,1
35429,4224,4232,1
35430,4224,4450,1
35431,4225,4226,1
35432,4225,4227,1
35433,4225,4228,1
35434,4225,4230,1
35435,4225,4232,1
35436,4225,4292,1
35437,4226,4228,1
35438,4226,4231,1
35439,4226,4232,1
35440,4226,4233,1
35441,4226,4234,1
35442,4226,4371,1
35443,4227,4228,1
35444,4227,4229,1
35445,4227,4230,1
35446,4227,4232,1
35447,4227,4233,1
35448,4227,4234,1
35449,4227,4235,1
35450,4228,4230,1
35451,4228,4231,1
35452,4228,4232,1
35453,4228,4233,1
35454,4228,4234,1
35455,4228,4235,1
35456,4228,4236,1
35457,4229,4231,1
35458,4229,4232,1
35459,4229,4233,1
35460,4229,4234,1
35461,4229,4237,1
35462,4230,4231,1
35463,4230,4233,1
35464,4230,4234,1
35465,4230,4235,1
35466,4230,4236,1
35467,4230,4238,1
35468,4230,4252,1
35469,4231,4233,1
35470,4231,4235,1
35471,4231,4236,1
35472,4231,4237,1
35473,4231,4238,1
35474,4231,4239,1
35475,4231,4442,1
35476,4232,4233,1
35477,4232,4235,1
35478,4232,4236,1
35479,4232,4238,1
35480,4232,4239,1
35481,4232,4401,1
35482,4233,4234,1
35483,4233,4237,1
35484,4233,4238,1
35485,4233,4240,1
35486,4233,4241,1
35487,4233,4292,1
35488,4234,4235,1
35489,4234,4238,1
35490,4234,4239,1
35491,4234,4240,1
35492,4234,4242,1
35493,4234,4754,1
35494,4235,4236,1
35495,4235,4237,1
35496,4235,4238,1
35497,4235,4240,1
35498,4235,4241,1
35499,4235,4242,1
35500,4235,4243,1
35501,4236,4237,1
35502,4236,4240,1
35503,4236,4243,1
35504,4236,4732,1
35505,4237,4238,1
35506,4237,4239,1
35507,4237,4240,1
35508,4237,4241,1
35509,4237,4242,1
35510,4237,4243,1
35511,4237,4245,1
35512,4237,4550,1
35513,4238,4239,1
35514,4238,4240,1
35515,4238,4243,1
35516,4238,4244,1
35517,4238,4245,1
35518,4238,4491,1
35519,4238,4619,1
35520,4239,4241,1
35521,4239,4242,1
35522,4239,4244,1
35523,4239,4245,1
35524,4239,4246,1
35525,4239,4247,1
35526,4240,4241,1
35527,4240,4242,1
35528,4240,4243,1
35529,4240,4247,1
35530,4240,4248,1
35531,4240,4499,1
35532,4240,4374,1
35533,4240,4589,1
35534,4241,4243,1
35535,4241,4244,1
35536,4241,4245,1
35537,4241,4247,1
35538,4241,4249,1
35539,4242,4243,1
35540,4242,4244,1
35541,4242,4245,1
35542,4242,4246,1
35543,4242,4247,1
35544,4242,4248,1
35545,4242,4250,1
35546,4243,4244,1
35547,4243,4245,1
35548,4243,4247,1
35549,4243,4249,1
35550,4243,4250,1
35551,4243,4251,1
35552,4244,4245,1
35553,4244,4246,1
35554,4244,4247,1
35555,4244,4248,1
35556,4244,4249,1
35557,4244,4250,1
35558,4244,4251,1
35559,4244,4860,1
35560,4244,4673,1
35561,4245,4246,1
35562,4245,4247,1
35563,4245,4248,1
35564,4245,4251,1
35565,4245,4252,1
35566,4245,4253,1
35567,4245,4321,1
35568,4246,4247,1
35569,4246,4248,1
35570,4246,4250,1
35571,4246,4252,1
35572,4246,4253,1
35573,4246,4254,1
35574,4246,4980,1
35575,4247,4250,1
35576,4247,4252,1
35577,4247,4253,1
35578,4247,4255,1
35579,4248,4249,1
35580,4248,4253,1
35581,4248,4254,1
35582,4249,4250,1
35583,4249,4252,1
35584,4249,4253,1
35585,4249,4256,1
35586,4249,4257,1
35587,4249,4771,1
35588,4250,4251,1
35589,4250,4252,1
35590,4250,4253,1
35591,4250,4254,1
35592,4250,4255,1
35593,4250,4256,1
35594,4250,4257,1
35595,4250,4258,1
35596,4251,4252,1
35597,4251,4253,1
35598,4251,4254,1
35599,4251,4255,1
35600,4251,4256,1
35601,4251,4258,1
35602,4251,4817,1
35603,4252,4253,1
35604,4252,4254,1
35605,4252,4255,1
35606,4252,4256,1
35607,4252,4257,1
35608,4252,4258,1
35609,4252,4259,1
35610,4252,4260,1
35611,4253,4254,1
35612,4253,4256,1
35613,4253,4257,1
35614,4253,4258,1
35615,4253,4259,1
35616,4253,4260,1
35617,4253,4261,1
35618,4253,4633,1
35619,4254,4255,1
35620,4254,4258,1
35621,4254,4260,1
35622,4254,4261,1
35623,4255,4258,1
35624,4255,4259,1
35625,4255,4260,1
35626,4255,4261,1
35627,4255,4262,1
35628,4255,4263,1
35629,4255,4485,1
35630,4255,4349,1
35631,4256,4260,1
35632,4256,4261,1
35633,4256,4262,1
35634,4256,4263,1
35635,4256,4264,1
35636,4256,4509,1
35637,4256,4294,1
35638,4257,4259,1
35639,4257,4260,1
35640,4257,4261,1
35641,4257,4262,1
35642,4257,4263,1
35643,4257,4264,1
35644,4257,4265,1
35645,4257,4809,1
35646,4258,4259,1
35647,4258,4262,1
35648,4258,4263,1
35649,4258,4265,1
35650,4258,4266,1
35651,4258,4705,1
35652,4259,4261,1
35653,4259,4262,1
35654,4259,4263,1
35655,4259,4264,1
35656,4259,4265,1
35657,4259,4266,1
35658,4260,4261,1
35659,4260,4262,1
35660,4260,4263,1
35661,4260,4264,1
35662,4260,4265,1
35663,4260,4266,1
35664,4260,4267,1
35665,4260,4846,1
35666,4260,4525,1
35667,4261,4263,1
35668,4261,4265,1
35669,4261,4266,1
35670,4261,4267,1
35671,4261,4268,1
35672,4261,4269,1
35673,4261,4450,1
35674,4262,4264,1
35675,4262,4265,1
35676,4262,4266,1
35677,4262,4267,1
35678,4262,4268,1
35679,4262,4269,1
35680,4262,4270,1
35681,4262,4378,1
35682,4262,4905,1
35683,4263,4264,1
35684,4263,4265,1
35685,4263,4266,1
35686,4263,4267,1
35687,4263,4268,1
35688,4263,4269,1
35689,4263,4270,1
35690,4263,4271,1
35691,4264,4267,1
35692,4264,4268,1
35693,4264,4269,1
35694,4264,4270,1
35695,4264,4271,1
35696,4264,4272,1
35697,4264,4854,1
35698,4265,4267,1
35699,4265,4268,1
35700,4265,4270,1
35701,4265,4670,1
35702,4265,4681,1
35703,4266,4267,1
35704,4266,4269,1
35705,4266,4270,1
35706,4266,4271,1
35707,4266,4272,1
35708,4266,4288,1
35709,4267,4268,1
35710,4267,4270,1
35711,4267,4271,1
35712,4267,4492,1
35713,4267,4602,1
35714,4267,4586,1
35715,4268,4269,1
35716,4268,4270,1
35717,4268,4271,1
35718,4268,4273,1
35719,4268,4274,1
35720,4268,4275,1
35721,4268,4276,1
35722,4268,4993,1
35723,4269,4270,1
35724,4269,4272,1
35725,4269,4273,1
35726,4269,4274,1
35727,4269,4275,1
35728,4269,4276,1
35729,4269,4277,1
35730,4270,4271,1
35731,4270,4273,1
35732,4270,4275,1
35733,4270,4276,1
35734,4270,4277,1
35735,4270,4278,1
35736,4271,4272,1
35737,4271,4276,1
35738,4271,4278,1
35739,4271,4279,1
35740,4271,4441,1
35741,4272,4273,1
35742,4272,4274,1
35743,4272,4275,1
35744,4272,4276,1
35745,4272,4277,1
35746,4272,4278,1
35747,4272,4279,1
35748,4272,4280,1
35749,4273,4274,1
35750,4273,4276,1
35751,4273,4277,1
35752,4273,4278,1
35753,4273,4281,1
35754,4274,4275,1
35755,4274,4276,1
35756,4274,4277,1
35757,4274,4278,1
35758,4274,4280,1
35759,4274,4281,1
35760,4274,4282,1
35761,4275,4276,1
35762,4275,4277,1
35763,4275,4278,1
35764,4275,4279,1
35765,4275,4280,1
35766,4275,4281,1
35767,4275,4282,1
35768,4275,4554,1
35769,4276,4278,1
35770,4276,4279,1
35771,4276,4280,1
35772,4276,4281,1
35773,4276,4282,1
35774,4276,4283,1
35775,4277,4279,1
35776,4277,4281,1
35777,4277,4282,1
35778,4277,4283,1
35779,4278,4280,1
35780,4278,4281,1
35781,4278,4282,1
35782,4278,4283,1
35783,4278,4284,1
35784,4278,4285,1
35785,4278,4286,1
35786,4279,4280,1
35787,4279,4281,1
35788,4279,4282,1
35789,4279,4283,1
35790,4279,4284,1
35791,4279,4285,1
35792,4279,4287,1
35793,4280,4282,1
35794,4280,4285,1
35795,4280,4286,1
35796,4280,4287,1
35797,4280,4288,1
35798,4280,4418,1
35799,4281,4282,1
35800,4281,4283,1
35801,4281,4284,1
35802,4281,4285,1
35803,4281,4286,1
35804,4281,4287,1
35805,4281,4288,1
35806,4281,4289,1
35807,4282,4284,1
35808,4282,4285,1
35809,4282,4286,1
35810,4282,4288,1
35811,4282,4289,1
35812,4282,4290,1
35813,4282,4527,1
35814,4283,4284,1
35815,4283,4285,1
35816,4283,4288,1
35817,4283,4289,1
35818,4283,4290,1
35819,4283,4291,1
35820,4283,4976,1
35821,4284,4285,1
35822,4284,4288,1
35823,4284,4289,1
35824,4284,4291,1
35825,4284,4292,1
35826,4284,4943,1
35827,4285,4286,1
35828,4285,4287,1
35829,4285,4290,1
35830,4285,4291,1
35831,4285,4293,1
35832,4286,4287,1
35833,4286,4290,1
35834,4286,4291,1
35835,4286,4292,1
35836,4286,4293,1
35837,4287,4288,1
35838,4287,4289,1
35839,4287,4290,1
35840,4287,4292,1
35841,4287,4293,1
35842,4287,4294,1
35843,4288,4293,1
35844,4288,4294,1
35845,4288,4296,1
35846,4288,4667,1
35847,4289,4290,1
35848,4289,4291,1
35849,4289,4293,1
35850,4289,4294,1
35851,4289,4296,1
35852,4289,4297,1
35853,4290,4291,1
35854,4290,4292,1
35855,4290,4293,1
35856,4290,4294,1
35857,4290,4296,1
35858,4290,4297,1
35859,4290,4762,1
35860,4290,4371,1
35861,4291,4292,1
35862,4291,4294,1
35863,4291,4295,1
35864,4291,4296,1
35865,4291,4297,1
35866,4291,4298,1
35867,4292,4295,1
35868,4292,4296,1
35869,4292,4298,1
35870,4292,4299,1
35871,4292,4300,1
35872,4293,4294,1
35873,4293,4295,1
35874,4293,4296,1
35875,4293,4298,1
35876,4293,4300,1
35877,4293,4301,1
35878,4293,4333,1
35879,4294,4296,1
35880,4294,4297,1
35881,4294,4299,1
35882,4294,4300,1
35883,4294,4302,1
35884,4295,4296,1
35885,4295,4297,1
35886,4295,4298,1
35887,4295,4299,1
35888,4295,4302,1
35889,4295,4869,1
35890,4296,4297,1
35891,4296,4298,1
35892,4296,4300,1
35893,4296,4302,1
35894,4296,4766,1
35895,4296,4803,1
35896,4297,4299,1
35897,4297,4300,1
35898,4297,4301,1
35899,4297,4302,1
35900,4297,4303,1
35901,4297,4305,1
35902,4298,4301,1
35903,4298,4305,1
35904,4298,4987,1
35905,4299,4300,1
35906,4299,4301,1
35907,4299,4304,1
35908,4299,4305,1
35909,4299,4306,1
35910,4299,4307,1
35911,4299,4865,1
35912,4300,4301,1
35913,4300,4303,1
35914,4300,4305,1
35915,4300,4447,1
35916,4301,4302,1
35917,4301,4303,1
35918,4301,4304,1
35919,4301,4305,1
35920,4301,4307,1
35921,4301,4308,1
35922,4301,4309,1
35923,4301,4754,1
35924,4302,4304,1
35925,4302,4305,1
35926,4302,4307,1
35927,4302,4309,1
35928,4302,4310,1
35929,4302,4943,1
35930,4302,4989,1
35931,4303,4304,1
35932,4303,4306,1
35933,4303,4307,1
35934,4303,4311,1
35935,4304,4305,1
35936,4304,4306,1
35937,4304,4308,1
35938,4304,4310,1
35939,4304,4311,1
35940,4304,4312,1
35941,4305,4308,1
35942,4305,4309,1
35943,4305,4311,1
35944,4305,4313,1
35945,4306,4307,1
35946,4306,4308,1
35947,4306,4309,1
35948,4306,4310,1
35949,4306,4311,1
35950,4306,4312,1
35951,4306,4314,1
35952,4307,4309,1
35953,4307,4310,1
35954,4307,4311,1
35955,4307,4312,1
35956,4307,4314,1
35957,4307,4315,1
35958,4307,4435,1
35959,4307,4673,1
35960,4308,4309,1
35961,4308,4310,1
35962,4308,4312,1
35963,4308,4313,1
35964,4308,4315,1
35965,4308,4316,1
35966,4309,4313,1
35967,4309,4314,1
35968,4309,4315,1
35969,4309,4316,1
35970,4309,4317,1
35971,4309,4331,1
35972,4310,4312,1
35973,4310,4317,1
35974,4310,4318,1
35975,4310,4781,1
35976,4311,4312,1
35977,4311,4313,1
35978,4311,4314,1
35979,4311,4318,1
35980,4311,4963,1
35981,4312,4313,1
35982,4312,4315,1
35983,4312,4318,1
35984,4312,4319,1
35985,4312,4320,1
35986,4312,4712,1
35987,4313,4314,1
35988,4313,4315,1
35989,4313,4316,1
35990,4313,4317,1
35991,4313,4318,1
35992,4313,4320,1
35993,4313,4321,1
35994,4313,4624,1
35995,4314,4316,1
35996,4314,4317,1
35997,4314,4319,1
35998,4314,4321,1
35999,4314,4322,1
36000,4315,4316,1
36001,4315,4318,1
36002,4315,4319,1
36003,4315,4320,1
36004,4315,4321,1
36005,4315,4322,1
36006,4315,4323,1
36007,4316,4317,1
36008,4316,4320,1
36009,4316,4322,1
36010,4316,4323,1
36011,4316,4324,1
36012,4316,4617,1
36013,4317,4318,1
36014,4317,4319,1
36015,4317,4321,1
36016,4317,4323,1
36017,4317,4324,1
36018,4317,4325,1
36019,4317,4853,1
36020,4317,4987,1
36021,4318,4319,1
36022,4318,4320,1
36023,4318,4321,1
36024,4318,4323,1
36025,4318,4326,1
36026,4318,4976,1
36027,4318,4360,1
36028,4319,4320,1
36029,4319,4321,1
36030,4319,4322,1
36031,4319,4324,1
36032,4319,4326,1
36033,4319,4327,1
36034,4319,4806,1
36035,4319,4469,1
36036,4319,4643,1
36037,4319,4836,1
36038,4320,4322,1
36039,4320,4326,1
36040,4320,4328,1
36041,4320,4406,1
36042,4321,4322,1
36043,4321,4323,1
36044,4321,4324,1
36045,4321,4326,1
36046,4321,4327,1
36047,4321,4328,1
36048,4321,4329,1
36049,4321,4945,1
36050,4322,4323,1
36051,4322,4325,1
36052,4322,4326,1
36053,4322,4327,1
36054,4322,4328,1
36055,4322,4329,1
36056,4322,4330,1
36057,4323,4324,1
36058,4323,4327,1
36059,4323,4329,1
36060,4323,4330,1
36061,4323,4331,1
36062,4323,4774,1
36063,4324,4325,1
36064,4324,4326,1
36065,4324,4327,1
36066,4324,4328,1
36067,4324,4329,1
36068,4324,4330,1
36069,4324,4331,1
36070,4324,4332,1
36071,4325,4327,1
36072,4325,4328,1
36073,4325,4329,1
36074,4325,4331,1
36075,4325,4332,1
36076,4325,4333,1
36077,4326,4330,1
36078,4326,4331,1
36079,4326,4332,1
36080,4326,4333,1
36081,4326,4334,1
36082,4326,4890,1
36083,4327,4328,1
36084,4327,4330,1
36085,4327,4331,1
36086,4327,4332,1
36087,4327,4333,1
36088,4327,4334,1
36089,4327,4335,1
36090,4328,4330,1
36091,4328,4331,1
36092,4328,4332,1
36093,4328,4333,1
36094,4328,4334,1
36095,4328,4335,1
36096,4328,4336,1
36097,4328,4696,1
36098,4329,4331,1
36099,4329,4332,1
36100,4329,4333,1
36101,4329,4335,1
36102,4329,4336,1
36103,4329,4337,1
36104,4329,4839,1
36105,4330,4331,1
36106,4330,4333,1
36107,4330,4334,1
36108,4330,4336,1
36109,4330,4337,1
36110,4331,4332,1
36111,4331,4335,1
36112,4331,4336,1
36113,4331,4337,1
36114,4331,4339,1
36115,4332,4333,1
36116,4332,4334,1
36117,4332,4335,1
36118,4332,4338,1
36119,4332,4339,1
36120,4332,4340,1
36121,4332,4660,1
36122,4333,4334,1
36123,4333,4336,1
36124,4333,4337,1
36125,4333,4338,1
36126,4333,4376,1
36127,4334,4336,1
36128,4334,4337,1
36129,4334,4338,1
36130,4334,4340,1
36131,4334,4341,1
36132,4334,4342,1
36133,4334,4412,1
36134,4335,4336,1
36135,4335,4337,1
36136,4335,4340,1
36137,4335,4341,1
36138,4335,4343,1
36139,4335,4713,1
36140,4335,4871,1
36141,4336,4337,1
36142,4336,4340,1
36143,4336,4344,1
36144,4337,4338,1
36145,4337,4339,1
36146,4337,4340,1
36147,4337,4341,1
36148,4337,4342,1
36149,4337,4344,1
36150,4337,4345,1
36151,4337,4624,1
36152,4338,4340,1
36153,4338,4341,1
36154,4338,4342,1
36155,4338,4344,1
36156,4338,4345,1
36157,4338,4346,1
36158,4338,4713,1
36159,4339,4340,1
36160,4339,4342,1
36161,4339,4343,1
36162,4339,4345,1
36163,4339,4346,1
36164,4339,4347,1
36165,4339,4842,1
36166,4339,4609,1
36167,4340,4341,1
36168,4340,4342,1
36169,4340,4343,1
36170,4340,4344,1
36171,4340,4345,1
36172,4340,4348,1
36173,4341,4342,1
36174,4341,4344,1
36175,4341,4345,1
36176,4341,4346,1
36177,4341,4347,1
36178,4341,4349,1
36179,4342,4343,1
36180,4342,4344,1
36181,4342,4345,1
36182,4342,4347,1
36183,4342,4349,1
36184,4342,4596,1
36185,4343,4345,1
36186,4343,4346,1
36187,4343,4349,1
36188,4343,4350,1
36189,4343,4351,1
36190,4344,4345,1
36191,4344,4346,1
36192,4344,4348,1
36193,4344,4349,1
36194,4344,4350,1
36195,4344,4351,1
36196,4344,4568,1
36197,4344,4895,1
36198,4345,4348,1
36199,4345,4351,1
36200,4345,4352,1
36201,4345,4353,1
36202,4345,4723,1
36203,4346,4351,1
36204,4346,4928,1
36205,4347,4349,1
36206,4347,4350,1
36207,4347,4351,1
36208,4347,4352,1
36209,4347,4353,1
36210,4347,4354,1
36211,4348,4349,1
36212,4348,4350,1
36213,4348,4351,1
36214,4348,4352,1
36215,4348,4353,1
36216,4348,4354,1
36217,4348,4355,1
36218,4348,4539,1
36219,4349,4350,1
36220,4349,4351,1
36221,4349,4353,1
36222,4349,4355,1
36223,4349,4356,1
36224,4350,4352,1
36225,4350,4353,1
36226,4350,4354,1
36227,4350,4356,1
36228,4350,4357,1
36229,4350,4358,1
36230,4351,4352,1
36231,4351,4353,1
36232,4351,4354,1
36233,4351,4356,1
36234,4351,4357,1
36235,4351,4358,1
36236,4351,4359,1
36237,4351,4966,1
36238,4351,4980,1
36239,4352,4353,1
36240,4352,4354,1
36241,4352,4355,1
36242,4352,4356,1
36243,4352,4357,1
36244,4352,4358,1
36245,4352,4359,1
36246,4352,4360,1
36247,4353,4354,1
36248,4353,4355,1
36249,4353,4356,1
36250,4353,4357,1
36251,4353,4358,1
36252,4353,4359,1
36253,4353,4361,1
36254,4354,4355,1
36255,4354,4359,1
36256,4354,4360,1
36257,4354,4954,1
36258,4355,4357,1
36259,4355,4359,1
36260,4355,4361,1
36261,4355,4363,1
36262,4355,4564,1
36263,4355,4887,1
36264,4356,4357,1
36265,4356,4358,1
36266,4356,4359,1
36267,4356,4360,1
36268,4356,4361,1
36269,4356,4363,1
36270,4356,4897,1
36271,4356,4649,1
36272,4357,4360,1
36273,4357,4361,1
36274,4357,4362,1
36275,4357,4363,1
36276,4357,4364,1
36277,4357,4365,1
36278,4357,4716,1
36279,4358,4359,1
36280,4358,4360,1
36281,4358,4362,1
36282,4358,4365,1
36283,4358,4366,1
36284,4358,4702,1
36285,4359,4360,1
36286,4359,4363,1
36287,4359,4364,1
36288,4359,4365,1
36289,4359,4366,1
36290,4359,4367,1
36291,4360,4361,1
36292,4360,4365,1
36293,4360,4366,1
36294,4361,4362,1
36295,4361,4364,1
36296,4361,4365,1
36297,4361,4366,1
36298,4361,4367,1
36299,4361,4368,1
36300,4361,4974,1
36301,4361,4812,1
36302,4362,4363,1
36303,4362,4364,1
36304,4362,4366,1
36305,4362,4367,1
36306,4362,4368,1
36307,4362,4370,1
36308,4363,4364,1
36309,4363,4365,1
36310,4363,4366,1
36311,4363,4368,1
36312,4363,4369,1
36313,4363,4371,1
36314,4364,4365,1
36315,4364,4366,1
36316,4364,4367,1
36317,4364,4369,1
36318,4364,4370,1
36319,4364,4371,1
36320,4364,4372,1
36321,4365,4367,1
36322,4365,4368,1
36323,4365,4369,1
36324,4365,4370,1
36325,4365,4372,1
36326,4365,4901,1
36327,4366,4368,1
36328,4366,4369,1
36329,4366,4371,1
36330,4366,4374,1
36331,4367,4368,1
36332,4367,4369,1
36333,4367,4372,1
36334,4367,4373,1
36335,4367,4375,1
36336,4368,4371,1
36337,4368,4375,1
36338,4368,4376,1
36339,4369,4370,1
36340,4369,4371,1
36341,4369,4372,1
36342,4369,4374,1
36343,4369,4377,1
36344,4370,4372,1
36345,4370,4374,1
36346,4370,4375,1
36347,4370,4376,1
36348,4370,4378,1
36349,4371,4372,1
36350,4371,4373,1
36351,4371,4377,1
36352,4371,4379,1
36353,4372,4374,1
36354,4372,4376,1
36355,4372,4378,1
36356,4372,4379,1
36357,4372,4380,1
36358,4372,4803,1
36359,4372,4419,1
36360,4373,4374,1
36361,4373,4375,1
36362,4373,4376,1
36363,4373,4377,1
36364,4373,4378,1
36365,4373,4379,1
36366,4373,4380,1
36367,4373,4381,1
36368,4374,4375,1
36369,4374,4377,1
36370,4374,4379,1
36371,4374,4380,1
36372,4374,4381,1
36373,4374,4382,1
36374,4374,4662,1
36375,4375,4376,1
36376,4375,4378,1
36377,4375,4379,1
36378,4375,4380,1
36379,4375,4381,1
36380,4375,4488,1
36381,4376,4377,1
36382,4376,4378,1
36383,4376,4380,1
36384,4376,4381,1
36385,4376,4382,1
36386,4376,4383,1
36387,4376,4384,1
36388,4377,4379,1
36389,4377,4383,1
36390,4377,4384,1
36391,4377,4385,1
36392,4377,4413,1
36393,4378,4379,1
36394,4378,4380,1
36395,4378,4381,1
36396,4378,4383,1
36397,4378,4384,1
36398,4378,4385,1
36399,4378,4386,1
36400,4379,4380,1
36401,4379,4381,1
36402,4379,4382,1
36403,4379,4383,1
36404,4379,4384,1
36405,4379,4385,1
36406,4379,4386,1
36407,4379,4387,1
36408,4380,4381,1
36409,4380,4382,1
36410,4380,4383,1
36411,4380,4384,1
36412,4380,4386,1
36413,4380,4388,1
36414,4381,4382,1
36415,4381,4384,1
36416,4381,4385,1
36417,4381,4386,1
36418,4381,4387,1
36419,4381,4388,1
36420,4381,4471,1
36421,4382,4383,1
36422,4382,4384,1
36423,4382,4385,1
36424,4382,4386,1
36425,4382,4387,1
36426,4382,4388,1
36427,4382,4390,1
36428,4382,4742,1
36429,4383,4386,1
36430,4383,4387,1
36431,4383,4388,1
36432,4383,4389,1
36433,4383,4390,1
36434,4383,4391,1
36435,4384,4385,1
36436,4384,4386,1
36437,4384,4387,1
36438,4384,4388,1
36439,4384,4389,1
36440,4384,4390,1
36441,4384,4391,1
36442,4384,4392,1
36443,4385,4387,1
36444,4385,4388,1
36445,4385,4390,1
36446,4385,4391,1
36447,4385,4393,1
36448,4385,4420,1
36449,4385,4968,1
36450,4386,4387,1
36451,4386,4388,1
36452,4386,4389,1
36453,4386,4391,1
36454,4386,4393,1
36455,4386,4394,1
36456,4386,4996,1
36457,4387,4388,1
36458,4387,4389,1
36459,4387,4391,1
36460,4387,4392,1
36461,4387,4393,1
36462,4387,4394,1
36463,4387,4395,1
36464,4387,4839,1
36465,4388,4389,1
36466,4388,4392,1
36467,4388,4393,1
36468,4388,4394,1
36469,4388,4396,1
36470,4388,4929,1
36471,4389,4393,1
36472,4389,4394,1
36473,4389,4396,1
36474,4389,4397,1
36475,4389,4527,1
36476,4389,4801,1
36477,4390,4391,1
36478,4390,4392,1
36479,4390,4395,1
36480,4390,4396,1
36481,4390,4397,1
36482,4390,4398,1
36483,4391,4392,1
36484,4391,4393,1
36485,4391,4394,1
36486,4391,4395,1
36487,4391,4398,1
36488,4391,4399,1
36489,4391,4477,1
36490,4392,4393,1
36491,4392,4395,1
36492,4392,4396,1
36493,4392,4399,1
36494,4392,4765,1
36495,4393,4395,1
36496,4393,4396,1
36497,4393,4397,1
36498,4393,4398,1
36499,4393,4400,1
36500,4394,4395,1
36501,4394,4396,1
36502,4394,4397,1
36503,4394,4398,1
36504,4394,4399,1
36505,4394,4402,1
36506,4394,4669,1
36507,4395,4396,1
36508,4395,4397,1
36509,4395,4399,1
36510,4395,4400,1
36511,4395,4401,1
36512,4395,4402,1
36513,4395,4403,1
36514,4396,4399,1
36515,4396,4401,1
36516,4396,4402,1
36517,4396,4403,1
36518,4396,4404,1
36519,4396,4848,1
36520,4397,4399,1
36521,4397,4400,1
36522,4397,4402,1
36523,4397,4405,1
36524,4398,4399,1
36525,4398,4401,1
36526,4398,4402,1
36527,4398,4403,1
36528,4398,4404,1
36529,4398,4405,1
36530,4399,4402,1
36531,4399,4404,1
36532,4399,4407,1
36533,4399,4494,1
36534,4400,4401,1
36535,4400,4402,1
36536,4400,4403,1
36537,4400,4404,1
36538,4400,4405,1
36539,4400,4407,1
36540,4400,4408,1
36541,4401,4402,1
36542,4401,4403,1
36543,4401,4404,1
36544,4401,4406,1
36545,4401,4407,1
36546,4402,4403,1
36547,4402,4404,1
36548,4402,4405,1
36549,4402,4406,1
36550,4402,4408,1
36551,4402,4409,1
36552,4402,4606,1
36553,4403,4404,1
36554,4403,4406,1
36555,4403,4407,1
36556,4403,4409,1
36557,4403,4411,1
36558,4403,4921,1
36559,4404,4405,1
36560,4404,4407,1
36561,4404,4408,1
36562,4404,4409,1
36563,4404,4410,1
36564,4404,4411,1
36565,4405,4407,1
36566,4405,4408,1
36567,4405,4409,1
36568,4406,4408,1
36569,4406,4409,1
36570,4406,4410,1
36571,4406,4413,1
36572,4406,4414,1
36573,4407,4410,1
36574,4407,4411,1
36575,4407,4412,1
36576,4407,4413,1
36577,4407,4415,1
36578,4407,4953,1
36579,4408,4411,1
36580,4408,4412,1
36581,4408,4413,1
36582,4408,4414,1
36583,4408,4415,1
36584,4409,4410,1
36585,4409,4411,1
36586,4409,4412,1
36587,4409,4413,1
36588,4409,4414,1
36589,4409,4416,1
36590,4410,4411,1
36591,4410,4412,1
36592,4410,4413,1
36593,4410,4414,1
36594,4410,4415,1
36595,4410,4416,1
36596,4410,4418,1
36597,4411,4412,1
36598,4411,4414,1
36599,4411,4416,1
36600,4411,4417,1
36601,4411,4418,1
36602,4411,4419,1
36603,4412,4413,1
36604,4412,4414,1
36605,4412,4415,1
36606,4412,4416,1
36607,4412,4417,1
36608,4412,4418,1
36609,4412,4419,1
36610,4412,4420,1
36611,4412,4942,1
36612,4413,4416,1
36613,4413,4419,1
36614,4413,4420,1
36615,4413,4421,1
36616,4414,4417,1
36617,4414,4418,1
36618,4414,4419,1
36619,4414,4420,1
36620,4414,4421,1
36621,4414,4422,1
36622,4414,4992,1
36623,4414,4568,1
36624,4415,4417,1
36625,4415,4418,1
36626,4415,4419,1
36627,4415,4420,1
36628,4415,4422,1
36629,4415,4423,1
36630,4416,4420,1
36631,4416,4421,1
36632,4416,4423,1
36633,4416,4424,1
36634,4417,4418,1
36635,4417,4419,1
36636,4417,4421,1
36637,4417,4422,1
36638,4417,4423,1
36639,4417,4424,1
36640,4417,4425,1
36641,4417,4579,1
36642,4418,4419,1
36643,4418,4420,1
36644,4418,4423,1
36645,4418,4424,1
36646,4418,4425,1
36647,4419,4420,1
36648,4419,4421,1
36649,4419,4422,1
36650,4419,4423,1
36651,4419,4424,1
36652,4419,4425,1
36653,4419,4426,1
36654,4420,4422,1
36655,4420,4423,1
36656,4421,4422,1
36657,4421,4423,1
36658,4421,4426,1
36659,4421,4427,1
36660,4421,4428,1
36661,4422,4424,1
36662,4422,4425,1
36663,4422,4426,1
36664,4422,4428,1
36665,4422,4429,1
36666,4422,4430,1
36667,4423,4424,1
36668,4423,4425,1
36669,4423,4426,1
36670,4423,4429,1
36671,4423,4430,1
36672,4423,4431,1
36673,4424,4425,1
36674,4424,4426,1
36675,4424,4427,1
36676,4424,4428,1
36677,4424,4429,1
36678,4424,4430,1
36679,4424,4431,1
36680,4425,4426,1
36681,4425,4428,1
36682,4425,4429,1
36683,4425,4430,1
36684,4425,4431,1
36685,4425,4432,1
36686,4425,4433,1
36687,4426,4428,1
36688,4426,4429,1
36689,4426,4432,1
36690,4426,4433,1
36691,4426,4434,1
36692,4427,4429,1
36693,4427,4430,1
36694,4427,4432,1
36695,4427,4433,1
36696,4427,4434,1
36697,4427,4435,1
36698,4428,4431,1
36699,4428,4432,1
36700,4428,4433,1
36701,4428,4434,1
36702,4428,4436,1
36703,4429,4430,1
36704,4429,4432,1
36705,4429,4433,1
36706,4429,4434,1
36707,4429,4435,1
36708,4429,4436,1
36709,4429,4437,1
36710,4430,4431,1
36711,4430,4433,1
36712,4430,4434,1
36713,4430,4435,1
36714,4430,4438,1
36715,4430,4766,1
36716,4431,4432,1
36717,4431,4433,1
36718,4431,4435,1
36719,4431,4436,1
36720,4431,4437,1
36721,4431,4438,1
36722,4431,4439,1
36723,4431,4834,1
36724,4432,4433,1
36725,4432,4434,1
36726,4432,4435,1
36727,4432,4436,1
36728,4432,4437,1
36729,4432,4439,1
36730,4432,4453,1
36731,4432,4973,1
36732,4433,4434,1
36733,4433,4435,1
36734,4433,4436,1
36735,4433,4437,1
36736,4433,4439,1
36737,4433,4440,1
36738,4433,4441,1
36739,4434,4435,1
36740,4434,4437,1
36741,4434,4438,1
36742,4434,4439,1
36743,4434,4440,1
36744,4434,4441,1
36745,4434,4442,1
36746,4435,4436,1
36747,4435,4437,1
36748,4435,4439,1
36749,4435,4440,1
36750,4435,4525,1
36751,4435,4652,1
36752,4436,4437,1
36753,4436,4439,1
36754,4436,4440,1
36755,4436,4441,1
36756,4436,4442,1
36757,4436,4443,1
36758,4436,4444,1
36759,4437,4438,1
36760,4437,4441,1
36761,4437,4445,1
36762,4437,4970,1
36763,4438,4442,1
36764,4438,4443,1
36765,4438,4444,1
36766,4438,4446,1
36767,4438,4596,1
36768,4438,4486,1
36769,4438,4793,1
36770,4438,4641,1
36771,4439,4440,1
36772,4439,4443,1
36773,4439,4444,1
36774,4439,4445,1
36775,4439,4447,1
36776,4440,4442,1
36777,4440,4444,1
36778,4440,4446,1
36779,4440,4447,1
36780,4440,4448,1
36781,4441,4442,1
36782,4441,4443,1
36783,4441,4444,1
36784,4441,4445,1
36785,4441,4448,1
36786,4441,4449,1
36787,4441,4461,1
36788,4442,4443,1
36789,4442,4444,1
36790,4442,4445,1
36791,4442,4446,1
36792,4442,4447,1
36793,4443,4444,1
36794,4443,4445,1
36795,4443,4446,1
36796,4443,4448,1
36797,4443,4449,1
36798,4443,4451,1
36799,4444,4445,1
36800,4444,4446,1
36801,4444,4447,1
36802,4444,4449,1
36803,4444,4450,1
36804,4444,4451,1
36805,4445,4446,1
36806,4445,4447,1
36807,4445,4448,1
36808,4445,4452,1
36809,4445,4453,1
36810,4446,4447,1
36811,4446,4448,1
36812,4446,4450,1
36813,4446,4451,1
36814,4446,4453,1
36815,4446,4454,1
36816,4447,4448,1
36817,4447,4449,1
36818,4447,4452,1
36819,4447,4453,1
36820,4447,4454,1
36821,4447,4455,1
36822,4448,4450,1
36823,4448,4454,1
36824,4448,4455,1
36825,4448,4512,1
36826,4449,4450,1
36827,4449,4451,1
36828,4449,4453,1
36829,4449,4454,1
36830,4449,4455,1
36831,4449,4457,1
36832,4449,4571,1
36833,4450,4451,1
36834,4450,4453,1
36835,4450,4457,1
36836,4450,4458,1
36837,4451,4452,1
36838,4451,4453,1
36839,4451,4454,1
36840,4451,4455,1
36841,4451,4456,1
36842,4451,4457,1
36843,4452,4453,1
36844,4452,4456,1
36845,4452,4457,1
36846,4452,4458,1
36847,4452,4460,1
36848,4453,4456,1
36849,4453,4457,1
36850,4453,4458,1
36851,4453,4460,1
36852,4453,4461,1
36853,4453,4927,1
36854,4454,4455,1
36855,4454,4457,1
36856,4454,4458,1
36857,4454,4460,1
36858,4454,4461,1
36859,4455,4458,1
36860,4455,4460,1
36861,4455,4461,1
36862,4455,4463,1
36863,4456,4457,1
36864,4456,4459,1
36865,4456,4460,1
36866,4456,4461,1
36867,4456,4462,1
36868,4456,4463,1
36869,4456,4464,1
36870,4457,4458,1
36871,4457,4460,1
36872,4457,4461,1
36873,4457,4462,1
36874,4457,4463,1
36875,4457,4465,1
36876,4458,4462,1
36877,4458,4465,1
36878,4458,4466,1
36879,4458,4937,1
36880,4459,4462,1
36881,4459,4463,1
36882,4459,4858,1
36883,4459,4674,1
36884,4460,4461,1
36885,4460,4464,1
36886,4460,4465,1
36887,4460,4467,1
36888,4460,4468,1
36889,4461,4463,1
36890,4461,4465,1
36891,4461,4466,1
36892,4461,4467,1
36893,4461,4468,1
36894,4461,4469,1
36895,4461,4666,1
36896,4462,4464,1
36897,4462,4465,1
36898,4462,4466,1
36899,4462,4467,1
36900,4462,4468,1
36901,4462,4470,1
36902,4463,4464,1
36903,4463,4465,1
36904,4463,4467,1
36905,4463,4469,1
36906,4463,4470,1
36907,4463,4471,1
36908,4464,4465,1
36909,4464,4466,1
36910,4464,4468,1
36911,4464,4472,1
36912,4465,4466,1
36913,4465,4469,1
36914,4465,4470,1
36915,4465,4471,1
36916,4465,4473,1
36917,4465,4798,1
36918,4466,4467,1
36919,4466,4468,1
36920,4466,4470,1
36921,4466,4471,1
36922,4466,4472,1
36923,4466,4474,1
36924,4466,4831,1
36925,4467,4469,1
36926,4467,4470,1
36927,4467,4471,1
36928,4467,4472,1
36929,4467,4473,1
36930,4467,4474,1
36931,4467,4475,1
36932,4468,4469,1
36933,4468,4470,1
36934,4468,4471,1
36935,4468,4473,1
36936,4468,4474,1
36937,4468,4476,1
36938,4469,4470,1
36939,4469,4471,1
36940,4469,4472,1
36941,4469,4474,1
36942,4469,4475,1
36943,4469,4476,1
36944,4469,4477,1
36945,4470,4471,1
36946,4470,4473,1
36947,4470,4475,1
36948,4470,4477,1
36949,4470,4478,1
36950,4470,4719,1
36951,4471,4474,1
36952,4471,4475,1
36953,4471,4476,1
36954,4471,4478,1
36955,4472,4474,1
36956,4472,4475,1
36957,4472,4476,1
36958,4472,4477,1
36959,4472,4478,1
36960,4472,4480,1
36961,4473,4474,1
36962,4473,4477,1
36963,4473,4479,1
36964,4473,4481,1
36965,4473,4754,1
36966,4473,4726,1
36967,4474,4475,1
36968,4474,4477,1
36969,4474,4479,1
36970,4474,4480,1
36971,4474,4481,1
36972,4474,4482,1
36973,4474,4983,1
36974,4475,4476,1
36975,4475,4477,1
36976,4475,4478,1
36977,4475,4479,1
36978,4475,4482,1
36979,4475,4483,1
36980,4476,4478,1
36981,4476,4479,1
36982,4476,4481,1
36983,4476,4482,1
36984,4476,4484,1
36985,4476,4946,1
36986,4477,4478,1
36987,4477,4479,1
36988,4477,4480,1
36989,4477,4482,1
36990,4477,4485,1
36991,4477,4848,1
36992,4478,4479,1
36993,4478,4480,1
36994,4478,4481,1
36995,4478,4482,1
36996,4478,4483,1
36997,4478,4485,1
36998,4478,4486,1
36999,4479,4480,1
37000,4479,4483,1
37001,4479,4485,1
37002,4479,4487,1
37003,4480,4484,1
37004,4480,4486,1
37005,4480,4487,1
37006,4480,4488,1
37007,4480,4853,1
37008,4481,4482,1
37009,4481,4484,1
37010,4481,4485,1
37011,4481,4486,1
37012,4481,4488,1
37013,4481,4489,1
37014,4481,4789,1
37015,4482,4485,1
37016,4482,4487,1
37017,4482,4488,1
37018,4482,4489,1
37019,4482,4490,1
37020,4483,4484,1
37021,4483,4485,1
37022,4483,4487,1
37023,4483,4488,1
37024,4483,4490,1
37025,4483,4491,1
37026,4483,4807,1
37027,4484,4487,1
37028,4484,4489,1
37029,4484,4490,1
37030,4484,4492,1
37031,4484,4635,1
37032,4485,4489,1
37033,4485,4491,1
37034,4485,4492,1
37035,4485,4493,1
37036,4485,4725,1
37037,4486,4488,1
37038,4486,4489,1
37039,4486,4491,1
37040,4486,4492,1
37041,4486,4493,1
37042,4486,4785,1
37043,4487,4489,1
37044,4487,4490,1
37045,4487,4491,1
37046,4487,4492,1
37047,4487,4493,1
37048,4487,4494,1
37049,4487,4495,1
37050,4488,4489,1
37051,4488,4490,1
37052,4488,4492,1
37053,4488,4494,1
37054,4488,4495,1
37055,4488,4500,1
37056,4489,4490,1
37057,4489,4491,1
37058,4489,4492,1
37059,4489,4493,1
37060,4489,4494,1
37061,4489,4495,1
37062,4489,4496,1
37063,4489,4603,1
37064,4490,4491,1
37065,4490,4492,1
37066,4490,4494,1
37067,4490,4495,1
37068,4490,4496,1
37069,4490,4498,1
37070,4490,4527,1
37071,4491,4492,1
37072,4491,4494,1
37073,4491,4495,1
37074,4491,4496,1
37075,4491,4497,1
37076,4491,4498,1
37077,4491,4499,1
37078,4492,4493,1
37079,4492,4494,1
37080,4492,4495,1
37081,4492,4496,1
37082,4492,4498,1
37083,4492,4499,1
37084,4493,4494,1
37085,4493,4495,1
37086,4493,4496,1
37087,4493,4497,1
37088,4493,4498,1
37089,4493,4500,1
37090,4493,4501,1
37091,4494,4495,1
37092,4494,4499,1
37093,4494,4501,1
37094,4494,4630,1
37095,4495,4496,1
37096,4495,4498,1
37097,4495,4499,1
37098,4495,4500,1
37099,4495,4501,1
37100,4495,4502,1
37101,4495,4503,1
37102,4495,4681,1
37103,4495,4736,1
37104,4496,4498,1
37105,4496,4499,1
37106,4496,4500,1
37107,4496,4502,1
37108,4497,4498,1
37109,4497,4499,1
37110,4497,4500,1
37111,4497,4501,1
37112,4497,4502,1
37113,4497,4503,1
37114,4497,4505,1
37115,4498,4499,1
37116,4498,4501,1
37117,4498,4502,1
37118,4498,4504,1
37119,4498,4505,1
37120,4498,4987,1
37121,4499,4502,1
37122,4499,4503,1
37123,4499,4504,1
37124,4499,4507,1
37125,4499,4813,1
37126,4500,4501,1
37127,4500,4503,1
37128,4500,4505,1
37129,4500,4507,1
37130,4500,4508,1
37131,4501,4502,1
37132,4501,4504,1
37133,4501,4505,1
37134,4501,4506,1
37135,4501,4507,1
37136,4501,4508,1
37137,4501,4509,1
37138,4501,4666,1
37139,4502,4503,1
37140,4502,4504,1
37141,4502,4505,1
37142,4502,4507,1
37143,4502,4508,1
37144,4502,4509,1
37145,4502,4510,1
37146,4503,4505,1
37147,4503,4506,1
37148,4503,4507,1
37149,4503,4508,1
37150,4503,4509,1
37151,4503,4510,1
37152,4503,4511,1
37153,4504,4506,1
37154,4504,4507,1
37155,4504,4508,1
37156,4504,4509,1
37157,4504,4510,1
37158,4504,4511,1
37159,4504,4512,1
37160,4505,4506,1
37161,4505,4507,1
37162,4505,4509,1
37163,4505,4510,1
37164,4505,4512,1
37165,4506,4507,1
37166,4506,4508,1
37167,4506,4509,1
37168,4506,4511,1
37169,4506,4512,1
37170,4506,4513,1
37171,4506,4514,1
37172,4507,4508,1
37173,4507,4509,1
37174,4507,4510,1
37175,4507,4511,1
37176,4507,4512,1
37177,4507,4515,1
37178,4508,4509,1
37179,4508,4510,1
37180,4508,4512,1
37181,4508,4513,1
37182,4508,4514,1
37183,4508,4515,1
37184,4509,4510,1
37185,4509,4511,1
37186,4509,4512,1
37187,4509,4513,1
37188,4509,4515,1
37189,4509,4516,1
37190,4509,4517,1
37191,4510,4512,1
37192,4510,4513,1
37193,4510,4514,1
37194,4510,4516,1
37195,4511,4513,1
37196,4511,4514,1
37197,4511,4516,1
37198,4511,4517,1
37199,4511,4519,1
37200,4511,4879,1
37201,4512,4514,1
37202,4512,4517,1
37203,4512,4519,1
37204,4512,4520,1
37205,4513,4514,1
37206,4513,4515,1
37207,4513,4517,1
37208,4513,4518,1
37209,4513,4521,1
37210,4513,4581,1
37211,4514,4515,1
37212,4514,4516,1
37213,4514,4517,1
37214,4514,4519,1
37215,4514,4520,1
37216,4514,4521,1
37217,4515,4516,1
37218,4515,4517,1
37219,4515,4518,1
37220,4515,4519,1
37221,4515,4520,1
37222,4515,4521,1
37223,4515,4523,1
37224,4516,4519,1
37225,4516,4520,1
37226,4516,4522,1
37227,4516,4523,1
37228,4516,4524,1
37229,4516,4744,1
37230,4516,4949,1
37231,4516,4899,1
37232,4517,4518,1
37233,4517,4519,1
37234,4517,4521,1
37235,4517,4522,1
37236,4517,4523,1
37237,4517,4524,1
37238,4517,4525,1
37239,4518,4519,1
37240,4518,4520,1
37241,4518,4521,1
37242,4518,4522,1
37243,4518,4523,1
37244,4518,4525,1
37245,4518,4526,1
37246,4519,4520,1
37247,4519,4521,1
37248,4519,4522,1
37249,4519,4523,1
37250,4519,4524,1
37251,4519,4526,1
37252,4519,4527,1
37253,4520,4521,1
37254,4520,4523,1
37255,4520,4524,1
37256,4520,4527,1
37257,4520,4528,1
37258,4520,4952,1
37259,4521,4522,1
37260,4521,4523,1
37261,4521,4525,1
37262,4521,4526,1
37263,4521,4527,1
37264,4521,4529,1
37265,4522,4523,1
37266,4522,4524,1
37267,4522,4525,1
37268,4522,4527,1
37269,4522,4528,1
37270,4523,4524,1
37271,4523,4526,1
37272,4523,4527,1
37273,4523,4528,1
37274,4523,4529,1
37275,4523,4530,1
37276,4523,4531,1
37277,4524,4526,1
37278,4524,4527,1
37279,4524,4529,1
37280,4524,4530,1
37281,4524,4532,1
37282,4525,4526,1
37283,4525,4528,1
37284,4525,4529,1
37285,4525,4531,1
37286,4525,4532,1
37287,4525,4533,1
37288,4525,4756,1
37289,4526,4527,1
37290,4526,4528,1
37291,4526,4529,1
37292,4526,4530,1
37293,4526,4532,1
37294,4526,4534,1
37295,4527,4528,1
37296,4527,4531,1
37297,4527,4532,1
37298,4527,4533,1
37299,4527,4534,1
37300,4527,4750,1
37301,4528,4529,1
37302,4528,4530,1
37303,4528,4534,1
37304,4528,4535,1
37305,4529,4530,1
37306,4529,4531,1
37307,4529,4532,1
37308,4529,4535,1
37309,4529,4537,1
37310,4530,4532,1
37311,4530,4533,1
37312,4530,4534,1
37313,4530,4535,1
37314,4530,4536,1
37315,4530,4537,1
37316,4530,4538,1
37317,4531,4532,1
37318,4531,4533,1
37319,4531,4534,1
37320,4531,4536,1
37321,4531,4538,1
37322,4531,4539,1
37323,4532,4535,1
37324,4532,4536,1
37325,4532,4538,1
37326,4532,4539,1
37327,4532,4911,1
37328,4532,4876,1
37329,4532,4696,1
37330,4533,4535,1
37331,4533,4536,1
37332,4533,4539,1
37333,4533,4540,1
37334,4533,4757,1
37335,4534,4535,1
37336,4534,4536,1
37337,4534,4538,1
37338,4534,4539,1
37339,4534,4540,1
37340,4534,4541,1
37341,4534,4600,1
37342,4535,4537,1
37343,4535,4538,1
37344,4535,4539,1
37345,4535,4540,1
37346,4535,4541,1
37347,4535,4542,1
37348,4535,4543,1
37349,4536,4537,1
37350,4536,4538,1
37351,4536,4539,1
37352,4536,4541,1
37353,4536,4542,1
37354,4536,4543,1
37355,4536,4544,1
37356,4537,4538,1
37357,4537,4541,1
37358,4537,4542,1
37359,4537,4543,1
37360,4537,4545,1
37361,4537,4758,1
37362,4538,4540,1
37363,4538,4542,1
37364,4538,4543,1
37365,4538,4544,1
37366,4538,4546,1
37367,4538,4744,1
37368,4539,4542,1
37369,4539,4544,1
37370,4539,4546,1
37371,4539,4547,1
37372,4539,4642,1
37373,4540,4541,1
37374,4540,4542,1
37375,4540,4544,1
37376,4540,4545,1
37377,4540,4546,1
37378,4540,4547,1
37379,4541,4542,1
37380,4541,4543,1
37381,4541,4544,1
37382,4541,4545,1
37383,4541,4546,1
37384,4541,4547,1
37385,4541,4548,1
37386,4541,4549,1
37387,4541,4752,1
37388,4542,4543,1
37389,4542,4544,1
37390,4542,4545,1
37391,4542,4546,1
37392,4542,4549,1
37393,4542,4550,1
37394,4543,4544,1
37395,4543,4547,1
37396,4543,4548,1
37397,4543,4549,1
37398,4543,4551,1
37399,4544,4545,1
37400,4544,4546,1
37401,4544,4547,1
37402,4544,4548,1
37403,4544,4549,1
37404,4544,4552,1
37405,4544,4932,1
37406,4545,4546,1
37407,4545,4547,1
37408,4545,4548,1
37409,4545,4550,1
37410,4545,4551,1
37411,4545,4552,1
37412,4545,4553,1
37413,4546,4547,1
37414,4546,4548,1
37415,4546,4549,1
37416,4546,4552,1
37417,4546,4553,1
37418,4546,4554,1
37419,4547,4548,1
37420,4547,4549,1
37421,4547,4550,1
37422,4547,4552,1
37423,4547,4553,1
37424,4547,4555,1
37425,4548,4550,1
37426,4548,4551,1
37427,4548,4552,1
37428,4548,4553,1
37429,4548,4554,1
37430,4548,4555,1
37431,4548,4556,1
37432,4549,4550,1
37433,4549,4551,1
37434,4549,4552,1
37435,4549,4554,1
37436,4549,4555,1
37437,4549,4556,1
37438,4549,4557,1
37439,4550,4552,1
37440,4550,4553,1
37441,4550,4554,1
37442,4550,4556,1
37443,4550,4557,1
37444,4550,4558,1
37445,4551,4552,1
37446,4551,4553,1
37447,4551,4555,1
37448,4551,4556,1
37449,4551,4559,1
37450,4551,4997,1
37451,4552,4553,1
37452,4552,4554,1
37453,4552,4555,1
37454,4552,4557,1
37455,4552,4559,1
37456,4552,4560,1
37457,4552,4630,1
37458,4553,4556,1
37459,4553,4557,1
37460,4553,4558,1
37461,4553,4559,1
37462,4553,4560,1
37463,4554,4557,1
37464,4554,4559,1
37465,4554,4560,1
37466,4554,4562,1
37467,4554,4803,1
37468,4555,4557,1
37469,4555,4558,1
37470,4555,4559,1
37471,4555,4561,1
37472,4555,4803,1
37473,4556,4557,1
37474,4556,4559,1
37475,4556,4560,1
37476,4556,4561,1
37477,4556,4562,1
37478,4556,4563,1
37479,4557,4558,1
37480,4557,4562,1
37481,4557,4564,1
37482,4557,4565,1
37483,4558,4559,1
37484,4558,4561,1
37485,4558,4564,1
37486,4558,4565,1
37487,4559,4560,1
37488,4559,4561,1
37489,4559,4562,1
37490,4559,4563,1
37491,4559,4565,1
37492,4559,4566,1
37493,4559,4567,1
37494,4560,4565,1
37495,4560,4567,1
37496,4561,4562,1
37497,4561,4563,1
37498,4561,4564,1
37499,4561,4566,1
37500,4561,4567,1
37501,4561,4568,1
37502,4561,4965,1
37503,4562,4563,1
37504,4562,4564,1
37505,4562,4565,1
37506,4562,4566,1
37507,4562,4567,1
37508,4562,4568,1
37509,4562,4569,1
37510,4562,4570,1
37511,4563,4564,1
37512,4563,4566,1
37513,4563,4569,1
37514,4563,4570,1
37515,4563,4571,1
37516,4563,4888,1
37517,4564,4565,1
37518,4564,4566,1
37519,4564,4567,1
37520,4564,4568,1
37521,4564,4569,1
37522,4564,4570,1
37523,4564,4571,1
37524,4564,4572,1
37525,4565,4569,1
37526,4565,4570,1
37527,4565,4572,1
37528,4565,4573,1
37529,4566,4567,1
37530,4566,4568,1
37531,4566,4571,1
37532,4566,4572,1
37533,4566,4573,1
37534,4566,4574,1
37535,4567,4568,1
37536,4567,4569,1
37537,4567,4570,1
37538,4567,4571,1
37539,4567,4572,1
37540,4567,4573,1
37541,4568,4570,1
37542,4568,4571,1
37543,4568,4572,1
37544,4568,4573,1
37545,4568,4574,1
37546,4568,4575,1
37547,4568,4576,1
37548,4569,4570,1
37549,4569,4571,1
37550,4569,4572,1
37551,4569,4573,1
37552,4569,4574,1
37553,4569,4575,1
37554,4569,4576,1
37555,4570,4571,1
37556,4570,4572,1
37557,4570,4573,1
37558,4570,4574,1
37559,4570,4576,1
37560,4570,4577,1
37561,4570,4578,1
37562,4571,4572,1
37563,4571,4574,1
37564,4571,4575,1
37565,4571,4576,1
37566,4571,4578,1
37567,4572,4573,1
37568,4572,4574,1
37569,4572,4575,1
37570,4572,4576,1
37571,4572,4577,1
37572,4572,4578,1
37573,4572,4579,1
37574,4572,4580,1
37575,4573,4574,1
37576,4573,4575,1
37577,4573,4576,1
37578,4573,4579,1
37579,4573,4581,1
37580,4574,4578,1
37581,4574,4579,1
37582,4574,4581,1
37583,4574,4582,1
37584,4575,4576,1
37585,4575,4579,1
37586,4575,4580,1
37587,4575,4581,1
37588,4575,4583,1
37589,4575,4850,1
37590,4576,4579,1
37591,4576,4580,1
37592,4576,4584,1
37593,4576,4869,1
37594,4577,4578,1
37595,4577,4580,1
37596,4577,4582,1
37597,4577,4583,1
37598,4577,4585,1
37599,4578,4579,1
37600,4578,4580,1
37601,4578,4581,1
37602,4578,4585,1
37603,4579,4581,1
37604,4579,4582,1
37605,4579,4583,1
37606,4579,4586,1
37607,4579,4587,1
37608,4579,4650,1
37609,4580,4581,1
37610,4580,4582,1
37611,4580,4583,1
37612,4580,4585,1
37613,4580,4586,1
37614,4580,4587,1
37615,4580,4588,1
37616,4581,4582,1
37617,4581,4583,1
37618,4581,4584,1
37619,4581,4588,1
37620,4581,4589,1
37621,4581,4687,1
37622,4581,4660,1
37623,4582,4584,1
37624,4582,4585,1
37625,4582,4586,1
37626,4582,4588,1
37627,4582,4589,1
37628,4582,4590,1
37629,4582,4699,1
37630,4583,4584,1
37631,4583,4585,1
37632,4583,4586,1
37633,4583,4587,1
37634,4584,4585,1
37635,4584,4586,1
37636,4584,4587,1
37637,4584,4588,1
37638,4584,4589,1
37639,4584,4590,1
37640,4584,4592,1
37641,4584,4944,1
37642,4585,4586,1
37643,4585,4591,1
37644,4585,4592,1
37645,4585,4593,1
37646,4585,4820,1
37647,4586,4587,1
37648,4586,4589,1
37649,4586,4590,1
37650,4586,4591,1
37651,4586,4593,1
37652,4587,4590,1
37653,4587,4591,1
37654,4587,4594,1
37655,4588,4589,1
37656,4588,4591,1
37657,4588,4592,1
37658,4588,4593,1
37659,4588,4595,1
37660,4588,4596,1
37661,4588,4928,1
37662,4589,4590,1
37663,4589,4592,1
37664,4589,4593,1
37665,4589,4594,1
37666,4589,4595,1
37667,4589,4596,1
37668,4590,4591,1
37669,4590,4592,1
37670,4590,4593,1
37671,4590,4594,1
37672,4590,4595,1
37673,4590,4596,1
37674,4590,4597,1
37675,4590,4598,1
37676,4591,4592,1
37677,4591,4594,1
37678,4591,4596,1
37679,4591,4599,1
37680,4591,4637,1
37681,4591,4699,1
37682,4592,4594,1
37683,4592,4595,1
37684,4592,4596,1
37685,4592,4597,1
37686,4592,4598,1
37687,4592,4948,1
37688,4593,4594,1
37689,4593,4597,1
37690,4593,4598,1
37691,4593,4599,1
37692,4593,4601,1
37693,4594,4597,1
37694,4594,4600,1
37695,4594,4601,1
37696,4594,4602,1
37697,4595,4596,1
37698,4595,4597,1
37699,4595,4599,1
37700,4595,4600,1
37701,4595,4602,1
37702,4595,4603,1
37703,4595,4816,1
37704,4596,4597,1
37705,4596,4599,1
37706,4596,4600,1
37707,4596,4601,1
37708,4596,4602,1
37709,4596,4603,1
37710,4596,4604,1
37711,4597,4598,1
37712,4597,4599,1
37713,4597,4600,1
37714,4597,4601,1
37715,4597,4602,1
37716,4597,4603,1
37717,4597,4604,1
37718,4598,4599,1
37719,4598,4602,1
37720,4598,4603,1
37721,4598,4604,1
37722,4598,4605,1
37723,4598,4606,1
37724,4599,4601,1
37725,4599,4602,1
37726,4599,4603,1
37727,4599,4604,1
37728,4599,4605,1
37729,4599,4607,1
37730,4600,4601,1
37731,4600,4602,1
37732,4600,4603,1
37733,4600,4604,1
37734,4600,4605,1
37735,4600,4606,1
37736,4600,4608,1
37737,4601,4602,1
37738,4601,4603,1
37739,4601,4605,1
37740,4601,4606,1
37741,4601,4608,1
37742,4601,4609,1
37743,4602,4603,1
37744,4602,4604,1
37745,4602,4606,1
37746,4602,4607,1
37747,4602,4609,1
37748,4602,4610,1
37749,4603,4604,1
37750,4603,4606,1
37751,4603,4607,1
37752,4603,4608,1
37753,4603,4609,1
37754,4603,4610,1
37755,4603,4611,1
37756,4604,4607,1
37757,4604,4611,1
37758,4604,4612,1
37759,4604,4647,1
37760,4605,4606,1
37761,4605,4608,1
37762,4605,4609,1
37763,4605,4610,1
37764,4605,4611,1
37765,4605,4612,1
37766,4606,4607,1
37767,4606,4608,1
37768,4606,4610,1
37769,4606,4613,1
37770,4606,4817,1
37771,4606,4857,1
37772,4607,4608,1
37773,4607,4609,1
37774,4607,4610,1
37775,4607,4614,1
37776,4607,4892,1
37777,4608,4609,1
37778,4608,4610,1
37779,4608,4611,1
37780,4608,4614,1
37781,4608,4615,1
37782,4608,4616,1
37783,4609,4610,1
37784,4609,4613,1
37785,4609,4615,1
37786,4609,4616,1
37787,4609,4617,1
37788,4609,4787,1
37789,4609,4877,1
37790,4610,4611,1
37791,4610,4614,1
37792,4610,4615,1
37793,4610,4616,1
37794,4610,4617,1
37795,4610,4618,1
37796,4611,4612,1
37797,4611,4613,1
37798,4611,4615,1
37799,4611,4616,1
37800,4611,4618,1
37801,4611,4619,1
37802,4612,4613,1
37803,4612,4614,1
37804,4612,4615,1
37805,4612,4617,1
37806,4612,4620,1
37807,4613,4614,1
37808,4613,4616,1
37809,4613,4617,1
37810,4613,4618,1
37811,4613,4619,1
37812,4613,4620,1
37813,4613,4621,1
37814,4614,4616,1
37815,4614,4617,1
37816,4614,4618,1
37817,4614,4619,1
37818,4614,4620,1
37819,4614,4621,1
37820,4615,4616,1
37821,4615,4617,1
37822,4615,4618,1
37823,4615,4620,1
37824,4615,4621,1
37825,4615,4622,1
37826,4615,4623,1
37827,4616,4617,1
37828,4616,4618,1
37829,4616,4619,1
37830,4616,4620,1
37831,4616,4623,1
37832,4616,4642,1
37833,4617,4618,1
37834,4617,4619,1
37835,4617,4620,1
37836,4617,4623,1
37837,4617,4625,1
37838,4618,4619,1
37839,4618,4620,1
37840,4618,4621,1
37841,4618,4622,1
37842,4618,4623,1
37843,4618,4624,1
37844,4618,4625,1
37845,4618,4680,1
37846,4619,4620,1
37847,4619,4622,1
37848,4619,4624,1
37849,4619,4625,1
37850,4619,4626,1
37851,4619,4627,1
37852,4619,4655,1
37853,4620,4621,1
37854,4620,4622,1
37855,4620,4623,1
37856,4620,4625,1
37857,4620,4626,1
37858,4620,4627,1
37859,4620,4628,1
37860,4621,4622,1
37861,4621,4624,1
37862,4621,4626,1
37863,4621,4627,1
37864,4621,4629,1
37865,4622,4623,1
37866,4622,4624,1
37867,4622,4627,1
37868,4622,4652,1
37869,4622,4864,1
37870,4623,4624,1
37871,4623,4625,1
37872,4623,4627,1
37873,4623,4629,1
37874,4623,4630,1
37875,4623,4631,1
37876,4624,4625,1
37877,4624,4627,1
37878,4624,4628,1
37879,4624,4629,1
37880,4624,4630,1
37881,4624,4735,1
37882,4625,4626,1
37883,4625,4627,1
37884,4625,4628,1
37885,4625,4629,1
37886,4625,4633,1
37887,4626,4627,1
37888,4626,4628,1
37889,4626,4630,1
37890,4626,4631,1
37891,4626,4633,1
37892,4627,4629,1
37893,4627,4631,1
37894,4627,4633,1
37895,4627,4635,1
37896,4628,4629,1
37897,4628,4631,1
37898,4628,4633,1
37899,4628,4635,1
37900,4628,4636,1
37901,4628,4899,1
37902,4629,4630,1
37903,4629,4631,1
37904,4629,4634,1
37905,4629,4635,1
37906,4629,4636,1
37907,4629,4637,1
37908,4630,4631,1
37909,4630,4632,1
37910,4630,4633,1
37911,4630,4635,1
37912,4630,4637,1
37913,4630,4638,1
37914,4630,4925,1
37915,4630,4840,1
37916,4631,4633,1
37917,4631,4634,1
37918,4631,4635,1
37919,4631,4637,1
37920,4631,4638,1
37921,4631,4639,1
37922,4632,4633,1
37923,4632,4634,1
37924,4632,4637,1
37925,4632,4638,1
37926,4632,4639,1
37927,4633,4635,1
37928,4633,4636,1
37929,4633,4637,1
37930,4633,4638,1
37931,4633,4640,1
37932,4634,4635,1
37933,4634,4637,1
37934,4634,4639,1
37935,4634,4640,1
37936,4634,4641,1
37937,4634,4734,1
37938,4635,4637,1
37939,4635,4638,1
37940,4635,4641,1
37941,4635,4643,1
37942,4636,4637,1
37943,4636,4638,1
37944,4636,4639,1
37945,4636,4640,1
37946,4636,4641,1
37947,4636,4642,1
37948,4636,4643,1
37949,4637,4638,1
37950,4637,4639,1
37951,4637,4641,1
37952,4637,4642,1
37953,4637,4644,1
37954,4637,4726,1
37955,4638,4640,1
37956,4638,4641,1
37957,4638,4642,1
37958,4638,4643,1
37959,4638,4644,1
37960,4638,4645,1
37961,4638,4646,1
37962,4639,4640,1
37963,4639,4641,1
37964,4639,4642,1
37965,4639,4643,1
37966,4639,4647,1
37967,4639,4880,1
37968,4640,4641,1
37969,4640,4642,1
37970,4640,4643,1
37971,4640,4644,1
37972,4640,4645,1
37973,4640,4646,1
37974,4640,4647,1
37975,4640,4920,1
37976,4641,4642,1
37977,4641,4643,1
37978,4641,4644,1
37979,4641,4645,1
37980,4641,4646,1
37981,4641,4647,1
37982,4641,4648,1
37983,4642,4643,1
37984,4642,4644,1
37985,4642,4646,1
37986,4642,4647,1
37987,4642,4648,1
37988,4642,4935,1
37989,4643,4644,1
37990,4643,4645,1
37991,4643,4646,1
37992,4643,4647,1
37993,4643,4648,1
37994,4643,4651,1
37995,4644,4645,1
37996,4644,4646,1
37997,4644,4648,1
37998,4644,4649,1
37999,4644,4650,1
38000,4644,4651,1
38001,4644,4652,1
38002,4645,4646,1
38003,4645,4652,1
38004,4645,4653,1
38005,4645,4724,1
38006,4646,4647,1
38007,4646,4648,1
38008,4646,4649,1
38009,4646,4650,1
38010,4646,4651,1
38011,4646,4652,1
38012,4646,4653,1
38013,4646,4751,1
38014,4647,4648,1
38015,4647,4649,1
38016,4647,4650,1
38017,4647,4652,1
38018,4647,4653,1
38019,4647,4654,1
38020,4647,4655,1
38021,4648,4649,1
38022,4648,4650,1
38023,4648,4651,1
38024,4648,4652,1
38025,4648,4653,1
38026,4648,4655,1
38027,4648,4656,1
38028,4648,4960,1
38029,4649,4651,1
38030,4649,4652,1
38031,4649,4654,1
38032,4649,4656,1
38033,4649,4657,1
38034,4650,4653,1
38035,4650,4654,1
38036,4650,4655,1
38037,4650,4656,1
38038,4650,4657,1
38039,4650,4658,1
38040,4651,4652,1
38041,4651,4654,1
38042,4651,4655,1
38043,4651,4656,1
38044,4651,4657,1
38045,4651,4658,1
38046,4651,4659,1
38047,4652,4654,1
38048,4652,4655,1
38049,4652,4656,1
38050,4652,4657,1
38051,4652,4659,1
38052,4652,4660,1
38053,4653,4655,1
38054,4653,4657,1
38055,4653,4658,1
38056,4653,4659,1
38057,4653,4660,1
38058,4653,4661,1
38059,4654,4656,1
38060,4654,4658,1
38061,4654,4659,1
38062,4654,4661,1
38063,4654,4943,1
38064,4655,4656,1
38065,4655,4658,1
38066,4655,4662,1
38067,4655,4663,1
38068,4656,4657,1
38069,4656,4658,1
38070,4656,4659,1
38071,4656,4661,1
38072,4656,4664,1
38073,4657,4658,1
38074,4657,4661,1
38075,4657,4664,1
38076,4657,4665,1
38077,4658,4665,1
38078,4659,4660,1
38079,4659,4661,1
38080,4659,4662,1
38081,4659,4664,1
38082,4659,4665,1
38083,4659,4666,1
38084,4659,4667,1
38085,4660,4662,1
38086,4660,4664,1
38087,4660,4665,1
38088,4660,4666,1
38089,4661,4662,1
38090,4661,4663,1
38091,4661,4664,1
38092,4661,4665,1
38093,4661,4666,1
38094,4661,4667,1
38095,4661,4668,1
38096,4661,4669,1
38097,4661,4949,1
38098,4662,4663,1
38099,4662,4665,1
38100,4662,4666,1
38101,4662,4668,1
38102,4662,4669,1
38103,4662,4670,1
38104,4663,4666,1
38105,4663,4667,1
38106,4663,4668,1
38107,4663,4671,1
38108,4663,4850,1
38109,4664,4665,1
38110,4664,4668,1
38111,4664,4669,1
38112,4664,4670,1
38113,4664,4671,1
38114,4664,4672,1
38115,4664,4923,1
38116,4665,4669,1
38117,4665,4671,1
38118,4665,4672,1
38119,4665,4673,1
38120,4666,4667,1
38121,4666,4668,1
38122,4666,4669,1
38123,4666,4670,1
38124,4666,4671,1
38125,4666,4672,1
38126,4666,4673,1
38127,4666,4674,1
38128,4667,4671,1
38129,4667,4672,1
38130,4667,4674,1
38131,4667,4675,1
38132,4668,4671,1
38133,4668,4672,1
38134,4668,4673,1
38135,4668,4676,1
38136,4669,4670,1
38137,4669,4671,1
38138,4669,4672,1
38139,4669,4673,1
38140,4669,4674,1
38141,4669,4675,1
38142,4669,4677,1
38143,4669,4783,1
38144,4670,4671,1
38145,4670,4674,1
38146,4670,4675,1
38147,4670,4676,1
38148,4670,4677,1
38149,4670,4678,1
38150,4671,4672,1
38151,4671,4674,1
38152,4671,4675,1
38153,4671,4676,1
38154,4671,4677,1
38155,4671,4678,1
38156,4671,4689,1
38157,4671,4918,1
38158,4672,4673,1
38159,4672,4674,1
38160,4672,4676,1
38161,4672,4678,1
38162,4672,4679,1
38163,4672,4680,1
38164,4672,4959,1
38165,4673,4674,1
38166,4673,4675,1
38167,4673,4676,1
38168,4673,4677,1
38169,4673,4678,1
38170,4673,4679,1
38171,4673,4680,1
38172,4674,4676,1
38173,4674,4677,1
38174,4674,4679,1
38175,4674,4682,1
38176,4675,4676,1
38177,4675,4679,1
38178,4675,4680,1
38179,4675,4681,1
38180,4675,4682,1
38181,4676,4677,1
38182,4676,4678,1
38183,4676,4679,1
38184,4676,4681,1
38185,4676,4682,1
38186,4676,4684,1
38187,4677,4680,1
38188,4677,4682,1
38189,4677,4684,1
38190,4677,4685,1
38191,4677,4777,1
38192,4678,4679,1
38193,4678,4680,1
38194,4678,4681,1
38195,4678,4682,1
38196,4678,4684,1
38197,4678,4686,1
38198,4679,4680,1
38199,4679,4681,1
38200,4679,4683,1
38201,4679,4685,1
38202,4679,4686,1
38203,4679,4687,1
38204,4680,4681,1
38205,4680,4683,1
38206,4680,4684,1
38207,4680,4685,1
38208,4680,4688,1
38209,4680,4818,1
38210,4681,4683,1
38211,4681,4685,1
38212,4681,4686,1
38213,4681,4687,1
38214,4681,4758,1
38215,4681,4682,1
38216,4682,4683,1
38217,4682,4684,1
38218,4682,4685,1
38219,4682,4687,1
38220,4682,4688,1
38221,4682,4689,1
38222,4682,4690,1
38223,4683,4684,1
38224,4683,4685,1
38225,4683,4688,1
38226,4683,4689,1
38227,4683,4690,1
38228,4683,4691,1
38229,4684,4685,1
38230,4684,4686,1
38231,4684,4689,1
38232,4684,4690,1
38233,4684,4691,1
38234,4685,4689,1
38235,4685,4690,1
38236,4685,4691,1
38237,4685,4692,1
38238,4686,4687,1
38239,4686,4688,1
38240,4686,4690,1
38241,4686,4693,1
38242,4686,4694,1
38243,4687,4688,1
38244,4687,4689,1
38245,4687,4690,1
38246,4687,4691,1
38247,4687,4692,1
38248,4687,4693,1
38249,4687,4694,1
38250,4687,4803,1
38251,4688,4689,1
38252,4688,4690,1
38253,4688,4691,1
38254,4688,4692,1
38255,4688,4693,1
38256,4688,4694,1
38257,4688,4695,1
38258,4689,4690,1
38259,4689,4691,1
38260,4689,4692,1
38261,4689,4695,1
38262,4689,4696,1
38263,4689,4697,1
38264,4690,4692,1
38265,4690,4694,1
38266,4690,4695,1
38267,4690,4696,1
38268,4690,4698,1
38269,4691,4692,1
38270,4691,4694,1
38271,4691,4696,1
38272,4691,4697,1
38273,4691,4698,1
38274,4691,4699,1
38275,4692,4693,1
38276,4692,4695,1
38277,4692,4696,1
38278,4692,4697,1
38279,4692,4699,1
38280,4692,4700,1
38281,4692,4944,1
38282,4692,4993,1
38283,4693,4694,1
38284,4693,4695,1
38285,4693,4696,1
38286,4693,4698,1
38287,4693,4699,1
38288,4693,4700,1
38289,4693,4701,1
38290,4694,4695,1
38291,4694,4697,1
38292,4694,4698,1
38293,4694,4699,1
38294,4694,4700,1
38295,4694,4701,1
38296,4694,4702,1
38297,4695,4696,1
38298,4695,4697,1
38299,4695,4698,1
38300,4695,4699,1
38301,4695,4700,1
38302,4695,4702,1
38303,4695,4703,1
38304,4696,4698,1
38305,4696,4702,1
38306,4697,4698,1
38307,4697,4699,1
38308,4697,4700,1
38309,4697,4701,1
38310,4697,4702,1
38311,4697,4703,1
38312,4697,4704,1
38313,4698,4702,1
38314,4698,4703,1
38315,4698,4705,1
38316,4698,4907,1
38317,4699,4700,1
38318,4699,4701,1
38319,4699,4702,1
38320,4699,4704,1
38321,4699,4707,1
38322,4699,4923,1
38323,4699,4766,1
38324,4700,4701,1
38325,4700,4703,1
38326,4700,4704,1
38327,4700,4706,1
38328,4700,4707,1
38329,4700,4708,1
38330,4701,4702,1
38331,4701,4704,1
38332,4701,4705,1
38333,4701,4707,1
38334,4701,4708,1
38335,4702,4703,1
38336,4702,4705,1
38337,4702,4706,1
38338,4702,4707,1
38339,4702,4708,1
38340,4702,4710,1
38341,4703,4704,1
38342,4703,4705,1
38343,4703,4706,1
38344,4703,4707,1
38345,4703,4708,1
38346,4703,4709,1
38347,4703,4710,1
38348,4703,4711,1
38349,4703,4802,1
38350,4704,4705,1
38351,4704,4706,1
38352,4704,4707,1
38353,4704,4708,1
38354,4704,4709,1
38355,4704,4710,1
38356,4704,4711,1
38357,4704,4712,1
38358,4705,4708,1
38359,4705,4709,1
38360,4705,4710,1
38361,4705,4711,1
38362,4705,4965,1
38363,4706,4707,1
38364,4706,4708,1
38365,4706,4709,1
38366,4706,4711,1
38367,4706,4712,1
38368,4706,4714,1
38369,4706,4906,1
38370,4707,4708,1
38371,4707,4709,1
38372,4707,4710,1
38373,4707,4711,1
38374,4707,4714,1
38375,4707,4715,1
38376,4708,4709,1
38377,4708,4710,1
38378,4708,4711,1
38379,4708,4712,1
38380,4708,4713,1
38381,4708,4714,1
38382,4708,4715,1
38383,4708,4716,1
38384,4709,4710,1
38385,4709,4712,1
38386,4709,4713,1
38387,4709,4714,1
38388,4710,4713,1
38389,4710,4715,1
38390,4710,4717,1
38391,4710,4899,1
38392,4711,4712,1
38393,4711,4713,1
38394,4711,4714,1
38395,4711,4715,1
38396,4711,4716,1
38397,4711,4718,1
38398,4711,4719,1
38399,4712,4714,1
38400,4712,4715,1
38401,4712,4716,1
38402,4712,4717,1
38403,4712,4719,1
38404,4712,4908,1
38405,4713,4714,1
38406,4713,4715,1
38407,4713,4716,1
38408,4713,4718,1
38409,4713,4720,1
38410,4713,4721,1
38411,4713,4856,1
38412,4714,4716,1
38413,4714,4717,1
38414,4714,4718,1
38415,4714,4719,1
38416,4714,4720,1
38417,4714,4721,1
38418,4715,4716,1
38419,4715,4717,1
38420,4715,4719,1
38421,4715,4720,1
38422,4715,4721,1
38423,4715,4722,1
38424,4715,4723,1
38425,4716,4717,1
38426,4716,4718,1
38427,4716,4719,1
38428,4716,4722,1
38429,4716,4723,1
38430,4716,4724,1
38431,4716,4917,1
38432,4717,4719,1
38433,4717,4721,1
38434,4717,4722,1
38435,4717,4723,1
38436,4717,4724,1
38437,4717,4725,1
38438,4717,4930,1
38439,4718,4719,1
38440,4718,4722,1
38441,4718,4723,1
38442,4718,4724,1
38443,4718,4725,1
38444,4718,4861,1
38445,4719,4720,1
38446,4719,4723,1
38447,4719,4725,1
38448,4719,4726,1
38449,4719,4727,1
38450,4720,4722,1
38451,4720,4724,1
38452,4720,4726,1
38453,4720,4728,1
38454,4721,4722,1
38455,4721,4723,1
38456,4721,4725,1
38457,4721,4726,1
38458,4721,4728,1
38459,4721,4729,1
38460,4721,4808,1
38461,4722,4723,1
38462,4722,4724,1
38463,4722,4725,1
38464,4722,4726,1
38465,4722,4728,1
38466,4722,4730,1
38467,4723,4724,1
38468,4723,4725,1
38469,4723,4726,1
38470,4723,4727,1
38471,4723,4728,1
38472,4723,4729,1
38473,4723,4730,1
38474,4723,4796,1
38475,4724,4725,1
38476,4724,4727,1
38477,4724,4731,1
38478,4724,4732,1
38479,4725,4727,1
38480,4725,4728,1
38481,4725,4729,1
38482,4725,4733,1
38483,4726,4727,1
38484,4726,4730,1
38485,4726,4732,1
38486,4727,4729,1
38487,4727,4732,1
38488,4727,4733,1
38489,4727,4734,1
38490,4727,4735,1
38491,4727,4916,1
38492,4727,4999,1
38493,4728,4729,1
38494,4728,4730,1
38495,4728,4731,1
38496,4728,4732,1
38497,4728,4733,1
38498,4728,4734,1
38499,4728,4736,1
38500,4729,4730,1
38501,4729,4731,1
38502,4729,4732,1
38503,4729,4733,1
38504,4729,4734,1
38505,4729,4736,1
38506,4730,4731,1
38507,4730,4734,1
38508,4730,4735,1
38509,4730,4736,1
38510,4730,4737,1
38511,4730,4738,1
38512,4731,4732,1
38513,4731,4733,1
38514,4731,4734,1
38515,4731,4736,1
38516,4731,4737,1
38517,4731,4738,1
38518,4731,4739,1
38519,4732,4733,1
38520,4732,4736,1
38521,4732,4738,1
38522,4732,4739,1
38523,4732,4740,1
38524,4733,4734,1
38525,4733,4738,1
38526,4733,4740,1
38527,4733,4890,1
38528,4734,4735,1
38529,4734,4737,1
38530,4734,4739,1
38531,4734,4742,1
38532,4735,4736,1
38533,4735,4737,1
38534,4735,4738,1
38535,4735,4740,1
38536,4735,4741,1
38537,4735,4743,1
38538,4736,4737,1
38539,4736,4738,1
38540,4736,4740,1
38541,4736,4743,1
38542,4736,4744,1
38543,4736,4815,1
38544,4737,4738,1
38545,4737,4739,1
38546,4737,4741,1
38547,4737,4742,1
38548,4737,4743,1
38549,4737,4744,1
38550,4737,4745,1
38551,4738,4739,1
38552,4738,4741,1
38553,4738,4743,1
38554,4738,4744,1
38555,4738,4746,1
38556,4739,4740,1
38557,4739,4741,1
38558,4739,4742,1
38559,4739,4744,1
38560,4739,4746,1
38561,4739,4747,1
38562,4740,4741,1
38563,4740,4743,1
38564,4740,4744,1
38565,4740,4745,1
38566,4740,4748,1
38567,4741,4742,1
38568,4741,4743,1
38569,4741,4745,1
38570,4741,4747,1
38571,4741,4748,1
38572,4741,4749,1
38573,4742,4743,1
38574,4742,4745,1
38575,4742,4746,1
38576,4742,4747,1
38577,4742,4749,1
38578,4742,4750,1
38579,4743,4744,1
38580,4743,4745,1
38581,4743,4746,1
38582,4743,4747,1
38583,4743,4748,1
38584,4743,4749,1
38585,4743,4750,1
38586,4744,4745,1
38587,4744,4748,1
38588,4744,4750,1
38589,4744,4752,1
38590,4745,4746,1
38591,4745,4747,1
38592,4745,4748,1
38593,4745,4749,1
38594,4745,4750,1
38595,4745,4751,1
38596,4745,4752,1
38597,4745,4753,1
38598,4745,4884,1
38599,4746,4747,1
38600,4746,4748,1
38601,4746,4750,1
38602,4746,4752,1
38603,4746,4754,1
38604,4747,4748,1
38605,4747,4749,1
38606,4747,4751,1
38607,4747,4752,1
38608,4747,4753,1
38609,4748,4750,1
38610,4748,4752,1
38611,4748,4753,1
38612,4748,4754,1
38613,4748,4756,1
38614,4749,4750,1
38615,4749,4751,1
38616,4749,4752,1
38617,4749,4754,1
38618,4749,4756,1
38619,4749,4757,1
38620,4750,4751,1
38621,4750,4752,1
38622,4750,4754,1
38623,4750,4755,1
38624,4750,4758,1
38625,4751,4752,1
38626,4751,4755,1
38627,4751,4758,1
38628,4751,4759,1
38629,4751,4893,1
38630,4751,4842,1
38631,4752,4753,1
38632,4752,4757,1
38633,4752,4758,1
38634,4752,4759,1
38635,4752,4760,1
38636,4753,4754,1
38637,4753,4756,1
38638,4753,4757,1
38639,4753,4758,1
38640,4753,4761,1
38641,4754,4755,1
38642,4754,4756,1
38643,4754,4757,1
38644,4754,4759,1
38645,4754,4760,1
38646,4754,4762,1
38647,4755,4756,1
38648,4755,4757,1
38649,4755,4758,1
38650,4755,4759,1
38651,4755,4760,1
38652,4755,4761,1
38653,4755,4762,1
38654,4755,4763,1
38655,4756,4757,1
38656,4756,4758,1
38657,4756,4759,1
38658,4756,4760,1
38659,4756,4762,1
38660,4756,4763,1
38661,4756,4764,1
38662,4757,4758,1
38663,4757,4759,1
38664,4757,4760,1
38665,4757,4761,1
38666,4757,4762,1
38667,4757,4763,1
38668,4757,4764,1
38669,4757,4765,1
38670,4758,4759,1
38671,4758,4760,1
38672,4758,4761,1
38673,4758,4762,1
38674,4758,4764,1
38675,4758,4766,1
38676,4758,4795,1
38677,4759,4760,1
38678,4759,4761,1
38679,4759,4762,1
38680,4759,4763,1
38681,4759,4765,1
38682,4759,4766,1
38683,4760,4761,1
38684,4760,4764,1
38685,4760,4765,1
38686,4760,4766,1
38687,4760,4767,1
38688,4760,4768,1
38689,4761,4762,1
38690,4761,4763,1
38691,4761,4764,1
38692,4761,4765,1
38693,4761,4766,1
38694,4761,4767,1
38695,4761,4769,1
38696,4762,4764,1
38697,4762,4765,1
38698,4762,4767,1
38699,4762,4768,1
38700,4762,4769,1
38701,4762,4770,1
38702,4763,4764,1
38703,4763,4765,1
38704,4763,4766,1
38705,4763,4767,1
38706,4763,4768,1
38707,4763,4770,1
38708,4764,4765,1
38709,4764,4767,1
38710,4764,4768,1
38711,4764,4770,1
38712,4764,4771,1
38713,4764,4772,1
38714,4765,4767,1
38715,4765,4768,1
38716,4765,4769,1
38717,4765,4772,1
38718,4765,4773,1
38719,4766,4767,1
38720,4766,4770,1
38721,4766,4772,1
38722,4766,4774,1
38723,4767,4772,1
38724,4767,4773,1
38725,4768,4769,1
38726,4768,4771,1
38727,4768,4772,1
38728,4768,4774,1
38729,4768,4776,1
38730,4769,4770,1
38731,4769,4773,1
38732,4769,4774,1
38733,4769,4776,1
38734,4770,4771,1
38735,4770,4772,1
38736,4770,4773,1
38737,4770,4775,1
38738,4770,4777,1
38739,4770,4778,1
38740,4771,4772,1
38741,4771,4775,1
38742,4771,4777,1
38743,4771,4778,1
38744,4771,4779,1
38745,4772,4773,1
38746,4772,4775,1
38747,4772,4776,1
38748,4772,4777,1
38749,4772,4778,1
38750,4772,4779,1
38751,4773,4775,1
38752,4773,4776,1
38753,4773,4779,1
38754,4773,4780,1
38755,4773,4781,1
38756,4773,4783,1
38757,4774,4776,1
38758,4774,4778,1
38759,4774,4780,1
38760,4774,4782,1
38761,4775,4776,1
38762,4775,4777,1
38763,4775,4779,1
38764,4775,4781,1
38765,4775,4782,1
38766,4775,4783,1
38767,4776,4777,1
38768,4776,4778,1
38769,4776,4780,1
38770,4776,4781,1
38771,4776,4783,1
38772,4777,4779,1
38773,4777,4780,1
38774,4777,4781,1
38775,4777,4782,1
38776,4777,4783,1
38777,4778,4779,1
38778,4778,4781,1
38779,4778,4782,1
38780,4778,4783,1
38781,4778,4784,1
38782,4778,4785,1
38783,4779,4780,1
38784,4779,4782,1
38785,4779,4783,1
38786,4779,4786,1
38787,4779,4787,1
38788,4779,4913,1
38789,4780,4782,1
38790,4780,4783,1
38791,4780,4787,1
38792,4780,4788,1
38793,4781,4783,1
38794,4781,4786,1
38795,4781,4788,1
38796,4781,4789,1
38797,4782,4784,1
38798,4782,4786,1
38799,4782,4787,1
38800,4782,4789,1
38801,4783,4786,1
38802,4783,4787,1
38803,4783,4789,1
38804,4783,4791,1
38805,4784,4785,1
38806,4784,4786,1
38807,4784,4787,1
38808,4784,4788,1
38809,4784,4789,1
38810,4784,4791,1
38811,4784,4792,1
38812,4785,4786,1
38813,4785,4787,1
38814,4785,4788,1
38815,4785,4789,1
38816,4785,4790,1
38817,4785,4792,1
38818,4786,4787,1
38819,4786,4788,1
38820,4786,4789,1
38821,4786,4791,1
38822,4786,4794,1
38823,4787,4788,1
38824,4787,4789,1
38825,4787,4790,1
38826,4787,4793,1
38827,4787,4794,1
38828,4788,4789,1
38829,4788,4790,1
38830,4788,4791,1
38831,4788,4793,1
38832,4788,4794,1
38833,4788,4795,1
38834,4788,4796,1
38835,4789,4791,1
38836,4789,4792,1
38837,4789,4794,1
38838,4789,4796,1
38839,4789,4797,1
38840,4790,4791,1
38841,4790,4792,1
38842,4790,4793,1
38843,4790,4794,1
38844,4790,4795,1
38845,4790,4797,1
38846,4790,4798,1
38847,4791,4793,1
38848,4791,4795,1
38849,4791,4796,1
38850,4791,4798,1
38851,4791,4799,1
38852,4792,4793,1
38853,4792,4794,1
38854,4792,4798,1
38855,4793,4794,1
38856,4793,4796,1
38857,4793,4798,1
38858,4793,4799,1
38859,4793,4801,1
38860,4794,4795,1
38861,4794,4796,1
38862,4794,4797,1
38863,4794,4798,1
38864,4794,4801,1
38865,4794,4802,1
38866,4795,4796,1
38867,4795,4798,1
38868,4795,4799,1
38869,4795,4800,1
38870,4795,4802,1
38871,4795,4803,1
38872,4796,4797,1
38873,4796,4799,1
38874,4796,4800,1
38875,4796,4802,1
38876,4796,4803,1
38877,4797,4798,1
38878,4797,4800,1
38879,4797,4801,1
38880,4797,4803,1
38881,4797,4804,1
38882,4798,4800,1
38883,4798,4805,1
38884,4798,4806,1
38885,4799,4800,1
38886,4799,4801,1
38887,4799,4802,1
38888,4799,4804,1
38889,4799,4805,1
38890,4799,4806,1
38891,4799,4807,1
38892,4800,4801,1
38893,4800,4803,1
38894,4800,4805,1
38895,4800,4806,1
38896,4800,4807,1
38897,4801,4803,1
38898,4801,4804,1
38899,4801,4805,1
38900,4801,4806,1
38901,4801,4808,1
38902,4801,4809,1
38903,4801,4969,1
38904,4802,4803,1
38905,4802,4804,1
38906,4802,4806,1
38907,4802,4809,1
38908,4803,4804,1
38909,4803,4805,1
38910,4803,4806,1
38911,4803,4807,1
38912,4803,4809,1
38913,4803,4811,1
38914,4804,4805,1
38915,4804,4806,1
38916,4804,4807,1
38917,4804,4808,1
38918,4804,4810,1
38919,4804,4811,1
38920,4804,4812,1
38921,4805,4806,1
38922,4805,4807,1
38923,4805,4808,1
38924,4805,4809,1
38925,4805,4810,1
38926,4805,4811,1
38927,4805,4812,1
38928,4805,4813,1
38929,4806,4807,1
38930,4806,4808,1
38931,4806,4810,1
38932,4806,4811,1
38933,4806,4812,1
38934,4806,4813,1
38935,4806,4814,1
38936,4807,4808,1
38937,4807,4809,1
38938,4807,4810,1
38939,4807,4812,1
38940,4807,4815,1
38941,4808,4809,1
38942,4808,4810,1
38943,4808,4811,1
38944,4808,4812,1
38945,4808,4813,1
38946,4808,4814,1
38947,4808,4816,1
38948,4809,4813,1
38949,4809,4816,1
38950,4810,4811,1
38951,4810,4812,1
38952,4810,4813,1
38953,4810,4815,1
38954,4810,4817,1
38955,4810,4818,1
38956,4811,4812,1
38957,4811,4814,1
38958,4811,4816,1
38959,4811,4817,1
38960,4811,4818,1
38961,4811,4819,1
38962,4811,4972,1
38963,4812,4813,1
38964,4812,4815,1
38965,4812,4816,1
38966,4812,4818,1
38967,4812,4819,1
38968,4812,4820,1
38969,4813,4815,1
38970,4813,4818,1
38971,4813,4820,1
38972,4813,4821,1
38973,4813,4960,1
38974,4814,4815,1
38975,4814,4816,1
38976,4814,4819,1
38977,4814,4821,1
38978,4815,4817,1
38979,4815,4818,1
38980,4815,4820,1
38981,4815,4821,1
38982,4815,4822,1
38983,4816,4817,1
38984,4816,4818,1
38985,4816,4820,1
38986,4816,4821,1
38987,4816,4824,1
38988,4817,4818,1
38989,4817,4819,1
38990,4817,4820,1
38991,4817,4823,1
38992,4817,4824,1
38993,4817,4825,1
38994,4818,4822,1
38995,4818,4823,1
38996,4818,4824,1
38997,4818,4825,1
38998,4819,4820,1
38999,4819,4822,1
39000,4819,4823,1
39001,4819,4824,1
39002,4819,4825,1
39003,4820,4821,1
39004,4820,4822,1
39005,4820,4824,1
39006,4820,4825,1
39007,4820,4826,1
39008,4820,4827,1
39009,4820,4828,1
39010,4821,4822,1
39011,4821,4823,1
39012,4821,4825,1
39013,4821,4826,1
39014,4821,4827,1
39015,4821,4828,1
39016,4821,4829,1
39017,4822,4823,1
39018,4822,4824,1
39019,4822,4825,1
39020,4822,4826,1
39021,4822,4827,1
39022,4822,4828,1
39023,4822,4829,1
39024,4823,4824,1
39025,4823,4827,1
39026,4823,4828,1
39027,4823,4829,1
39028,4823,4830,1
39029,4823,4831,1
39030,4824,4825,1
39031,4824,4827,1
39032,4824,4828,1
39033,4824,4829,1
39034,4824,4831,1
39035,4825,4826,1
39036,4825,4827,1
39037,4825,4828,1
39038,4825,4830,1
39039,4825,4831,1
39040,4825,4832,1
39041,4825,4833,1
39042,4826,4827,1
39043,4826,4828,1
39044,4826,4829,1
39045,4826,4831,1
39046,4826,4832,1
39047,4826,4834,1
39048,4827,4831,1
39049,4827,4832,1
39050,4827,4833,1
39051,4827,4834,1
39052,4828,4829,1
39053,4828,4831,1
39054,4828,4832,1
39055,4828,4833,1
39056,4828,4834,1
39057,4828,4835,1
39058,4828,4836,1
39059,4829,4833,1
39060,4829,4834,1
39061,4829,4835,1
39062,4829,4874,1
39063,4830,4831,1
39064,4830,4832,1
39065,4830,4833,1
39066,4830,4834,1
39067,4830,4836,1
39068,4830,4837,1
39069,4831,4833,1
39070,4831,4835,1
39071,4831,4836,1
39072,4832,4833,1
39073,4832,4835,1
39074,4832,4836,1
39075,4832,4837,1
39076,4832,4840,1
39077,4833,4836,1
39078,4833,4837,1
39079,4833,4838,1
39080,4833,4839,1
39081,4833,4840,1
39082,4834,4837,1
39083,4834,4839,1
39084,4834,4840,1
39085,4834,4841,1
39086,4834,4842,1
39087,4835,4836,1
39088,4835,4837,1
39089,4835,4838,1
39090,4835,4839,1
39091,4835,4840,1
39092,4835,4841,1
39093,4835,4842,1
39094,4835,4843,1
39095,4836,4837,1
39096,4836,4840,1
39097,4836,4841,1
39098,4836,4843,1
39099,4837,4838,1
39100,4837,4841,1
39101,4837,4844,1
39102,4837,4845,1
39103,4838,4839,1
39104,4838,4840,1
39105,4838,4842,1
39106,4838,4843,1
39107,4838,4846,1
39108,4839,4840,1
39109,4839,4841,1
39110,4839,4842,1
39111,4839,4843,1
39112,4839,4844,1
39113,4839,4845,1
39114,4839,4846,1
39115,4839,4847,1
39116,4840,4841,1
39117,4840,4842,1
39118,4840,4844,1
39119,4840,4845,1
39120,4840,4846,1
39121,4840,4847,1
39122,4840,4848,1
39123,4841,4842,1
39124,4841,4843,1
39125,4841,4844,1
39126,4841,4845,1
39127,4841,4846,1
39128,4841,4847,1
39129,4841,4848,1
39130,4841,4849,1
39131,4842,4846,1
39132,4842,4848,1
39133,4842,4849,1
39134,4842,4850,1
39135,4843,4844,1
39136,4843,4846,1
39137,4843,4847,1
39138,4844,4845,1
39139,4844,4847,1
39140,4844,4849,1
39141,4844,4850,1
39142,4844,4852,1
39143,4845,4846,1
39144,4845,4847,1
39145,4845,4848,1
39146,4845,4850,1
39147,4845,4852,1
39148,4846,4848,1
39149,4846,4849,1
39150,4846,4850,1
39151,4846,4851,1
39152,4846,4852,1
39153,4846,4853,1
39154,4847,4848,1
39155,4847,4849,1
39156,4847,4850,1
39157,4847,4851,1
39158,4847,4854,1
39159,4847,4855,1
39160,4848,4849,1
39161,4848,4852,1
39162,4848,4853,1
39163,4848,4854,1
39164,4848,4855,1
39165,4848,4856,1
39166,4849,4850,1
39167,4849,4852,1
39168,4849,4854,1
39169,4849,4855,1
39170,4849,4857,1
39171,4850,4851,1
39172,4850,4852,1
39173,4850,4854,1
39174,4850,4855,1
39175,4850,4856,1
39176,4850,4857,1
39177,4850,4858,1
39178,4851,4852,1
39179,4851,4854,1
39180,4851,4855,1
39181,4851,4856,1
39182,4852,4853,1
39183,4852,4856,1
39184,4852,4857,1
39185,4852,4859,1
39186,4853,4854,1
39187,4853,4858,1
39188,4853,4859,1
39189,4853,4860,1
39190,4853,4861,1
39191,4854,4856,1
39192,4854,4859,1
39193,4854,4860,1
39194,4854,4862,1
39195,4855,4856,1
39196,4855,4857,1
39197,4855,4859,1
39198,4855,4860,1
39199,4855,4861,1
39200,4855,4862,1
39201,4855,4863,1
39202,4856,4857,1
39203,4856,4858,1
39204,4856,4859,1
39205,4856,4860,1
39206,4856,4861,1
39207,4856,4862,1
39208,4856,4997,1
39209,4857,4858,1
39210,4857,4859,1
39211,4857,4860,1
39212,4857,4861,1
39213,4857,4864,1
39214,4857,4865,1
39215,4858,4859,1
39216,4858,4860,1
39217,4858,4861,1
39218,4858,4862,1
39219,4858,4863,1
39220,4858,4864,1
39221,4858,4865,1
39222,4859,4860,1
39223,4859,4862,1
39224,4859,4863,1
39225,4859,4865,1
39226,4859,4866,1
39227,4859,4867,1
39228,4860,4861,1
39229,4860,4862,1
39230,4860,4864,1
39231,4860,4865,1
39232,4860,4866,1
39233,4861,4862,1
39234,4861,4864,1
39235,4861,4865,1
39236,4861,4867,1
39237,4861,4868,1
39238,4861,4869,1
39239,4862,4863,1
39240,4862,4865,1
39241,4862,4867,1
39242,4862,4868,1
39243,4862,4869,1
39244,4862,4870,1
39245,4863,4864,1
39246,4863,4866,1
39247,4863,4868,1
39248,4863,4869,1
39249,4863,4871,1
39250,4864,4867,1
39251,4864,4868,1
39252,4864,4871,1
39253,4864,4872,1
39254,4865,4866,1
39255,4865,4868,1
39256,4865,4869,1
39257,4865,4870,1
39258,4865,4871,1
39259,4865,4872,1
39260,4866,4867,1
39261,4866,4868,1
39262,4866,4869,1
39263,4866,4870,1
39264,4866,4871,1
39265,4866,4872,1
39266,4866,4874,1
39267,4867,4868,1
39268,4867,4870,1
39269,4867,4871,1
39270,4867,4872,1
39271,4867,4873,1
39272,4867,4875,1
39273,4867,4944,1
39274,4868,4869,1
39275,4868,4870,1
39276,4868,4871,1
39277,4868,4872,1
39278,4868,4875,1
39279,4868,4876,1
39280,4869,4872,1
39281,4869,4873,1
39282,4869,4874,1
39283,4869,4875,1
39284,4869,4876,1
39285,4869,4877,1
39286,4870,4871,1
39287,4870,4872,1
39288,4870,4873,1
39289,4870,4874,1
39290,4870,4875,1
39291,4870,4876,1
39292,4870,4878,1
39293,4870,4920,1
39294,4871,4872,1
39295,4871,4873,1
39296,4871,4875,1
39297,4871,4878,1
39298,4871,4879,1
39299,4872,4873,1
39300,4872,4874,1
39301,4872,4875,1
39302,4872,4879,1
39303,4872,4880,1
39304,4873,4874,1
39305,4873,4875,1
39306,4873,4877,1
39307,4873,4878,1
39308,4873,4879,1
39309,4873,4880,1
39310,4873,4881,1
39311,4874,4875,1
39312,4874,4877,1
39313,4874,4878,1
39314,4874,4880,1
39315,4874,4881,1
39316,4874,4882,1
39317,4875,4876,1
39318,4875,4880,1
39319,4875,4882,1
39320,4876,4878,1
39321,4876,4879,1
39322,4876,4883,1
39323,4876,4884,1
39324,4877,4879,1
39325,4877,4880,1
39326,4877,4882,1
39327,4877,4884,1
39328,4877,4885,1
39329,4878,4880,1
39330,4878,4881,1
39331,4878,4882,1
39332,4878,4883,1
39333,4878,4884,1
39334,4878,4886,1
39335,4879,4880,1
39336,4879,4882,1
39337,4879,4883,1
39338,4879,4884,1
39339,4879,4885,1
39340,4879,4886,1
39341,4880,4881,1
39342,4880,4882,1
39343,4880,4883,1
39344,4880,4885,1
39345,4880,4886,1
39346,4880,4887,1
39347,4881,4882,1
39348,4881,4883,1
39349,4881,4884,1
39350,4881,4885,1
39351,4881,4886,1
39352,4881,4887,1
39353,4881,4889,1
39354,4882,4883,1
39355,4882,4884,1
39356,4882,4885,1
39357,4882,4886,1
39358,4882,4887,1
39359,4882,4888,1
39360,4882,4890,1
39361,4883,4885,1
39362,4883,4886,1
39363,4883,4887,1
39364,4883,4889,1
39365,4883,4890,1
39366,4883,4891,1
39367,4884,4888,1
39368,4884,4889,1
39369,4884,4891,1
39370,4884,4892,1
39371,4885,4886,1
39372,4885,4887,1
39373,4885,4888,1
39374,4885,4889,1
39375,4885,4890,1
39376,4885,4892,1
39377,4886,4887,1
39378,4886,4890,1
39379,4886,4891,1
39380,4886,4892,1
39381,4887,4888,1
39382,4887,4889,1
39383,4887,4890,1
39384,4887,4891,1
39385,4887,4892,1
39386,4887,4893,1
39387,4887,4894,1
39388,4888,4890,1
39389,4888,4891,1
39390,4888,4892,1
39391,4888,4894,1
39392,4888,4895,1
39393,4888,4896,1
39394,4889,4890,1
39395,4889,4891,1
39396,4889,4892,1
39397,4889,4893,1
39398,4889,4894,1
39399,4889,4895,1
39400,4889,4896,1
39401,4890,4891,1
39402,4890,4892,1
39403,4890,4894,1
39404,4890,4897,1
39405,4890,4898,1
39406,4890,4986,1
39407,4891,4892,1
39408,4891,4893,1
39409,4891,4895,1
39410,4891,4896,1
39411,4891,4897,1
39412,4891,4898,1
39413,4891,4899,1
39414,4892,4893,1
39415,4892,4894,1
39416,4892,4895,1
39417,4892,4896,1
39418,4892,4898,1
39419,4892,4899,1
39420,4893,4895,1
39421,4893,4897,1
39422,4893,4899,1
39423,4893,4901,1
39424,4893,4926,1
39425,4894,4896,1
39426,4894,4899,1
39427,4894,4901,1
39428,4894,4902,1
39429,4894,4913,1
39430,4895,4896,1
39431,4895,4897,1
39432,4895,4900,1
39433,4896,4897,1
39434,4896,4899,1
39435,4896,4900,1
39436,4896,4901,1
39437,4896,4902,1
39438,4896,4903,1
39439,4896,4904,1
39440,4896,4933,1
39441,4897,4898,1
39442,4897,4900,1
39443,4897,4903,1
39444,4897,4905,1
39445,4898,4899,1
39446,4898,4900,1
39447,4898,4901,1
39448,4898,4902,1
39449,4898,4903,1
39450,4898,4904,1
39451,4898,4905,1
39452,4898,4906,1
39453,4899,4901,1
39454,4899,4903,1
39455,4899,4904,1
39456,4899,4905,1
39457,4900,4901,1
39458,4900,4902,1
39459,4900,4903,1
39460,4900,4905,1
39461,4900,4908,1
39462,4901,4902,1
39463,4901,4903,1
39464,4901,4905,1
39465,4901,4908,1
39466,4901,4909,1
39467,4902,4903,1
39468,4902,4905,1
39469,4902,4906,1
39470,4902,4907,1
39471,4902,4910,1
39472,4902,4947,1
39473,4903,4904,1
39474,4903,4906,1
39475,4903,4908,1
39476,4903,4910,1
39477,4903,4911,1
39478,4904,4905,1
39479,4904,4907,1
39480,4904,4908,1
39481,4904,4911,1
39482,4904,4912,1
39483,4905,4906,1
39484,4905,4907,1
39485,4905,4908,1
39486,4905,4911,1
39487,4905,4912,1
39488,4905,4913,1
39489,4906,4907,1
39490,4906,4908,1
39491,4906,4909,1
39492,4906,4910,1
39493,4906,4912,1
39494,4906,4913,1
39495,4906,4914,1
39496,4907,4908,1
39497,4907,4910,1
39498,4907,4911,1
39499,4907,4913,1
39500,4907,4914,1
39501,4907,4915,1
39502,4908,4909,1
39503,4908,4910,1
39504,4908,4911,1
39505,4908,4913,1
39506,4908,4914,1
39507,4908,4915,1
39508,4908,4916,1
39509,4909,4912,1
39510,4909,4913,1
39511,4909,4914,1
39512,4909,4915,1
39513,4909,4916,1
39514,4909,4917,1
39515,4910,4912,1
39516,4910,4913,1
39517,4910,4914,1
39518,4910,4916,1
39519,4910,4917,1
39520,4910,4918,1
39521,4910,4989,1
39522,4911,4912,1
39523,4911,4914,1
39524,4911,4915,1
39525,4911,4916,1
39526,4911,4919,1
39527,4912,4916,1
39528,4912,4917,1
39529,4912,4918,1
39530,4912,4919,1
39531,4912,4920,1
39532,4913,4915,1
39533,4913,4916,1
39534,4913,4917,1
39535,4913,4918,1
39536,4913,4919,1
39537,4913,4920,1
39538,4914,4916,1
39539,4914,4917,1
39540,4914,4918,1
39541,4914,4919,1
39542,4914,4920,1
39543,4914,4921,1
39544,4914,4922,1
39545,4915,4916,1
39546,4915,4917,1
39547,4915,4918,1
39548,4915,4919,1
39549,4915,4921,1
39550,4915,4922,1
39551,4915,4923,1
39552,4916,4917,1
39553,4916,4918,1
39554,4916,4921,1
39555,4916,4922,1
39556,4916,4923,1
39557,4916,4924,1
39558,4917,4918,1
39559,4917,4920,1
39560,4917,4921,1
39561,4917,4923,1
39562,4917,4924,1
39563,4918,4921,1
39564,4918,4922,1
39565,4918,4925,1
39566,4918,4926,1
39567,4919,4920,1
39568,4919,4921,1
39569,4919,4923,1
39570,4919,4925,1
39571,4919,4927,1
39572,4920,4921,1
39573,4920,4926,1
39574,4920,4927,1
39575,4920,4928,1
39576,4921,4922,1
39577,4921,4923,1
39578,4921,4924,1
39579,4921,4926,1
39580,4921,4927,1
39581,4921,4928,1
39582,4922,4923,1
39583,4922,4924,1
39584,4922,4925,1
39585,4922,4926,1
39586,4922,4927,1
39587,4922,4929,1
39588,4922,4930,1
39589,4923,4924,1
39590,4923,4926,1
39591,4923,4927,1
39592,4923,4929,1
39593,4923,4930,1
39594,4923,4931,1
39595,4924,4925,1
39596,4924,4926,1
39597,4924,4927,1
39598,4924,4928,1
39599,4924,4930,1
39600,4924,4931,1
39601,4924,4932,1
39602,4925,4927,1
39603,4925,4929,1
39604,4925,4930,1
39605,4925,4931,1
39606,4925,4932,1
39607,4925,4933,1
39608,4926,4928,1
39609,4926,4929,1
39610,4926,4930,1
39611,4926,4932,1
39612,4926,4933,1
39613,4927,4928,1
39614,4927,4930,1
39615,4927,4931,1
39616,4927,4932,1
39617,4927,4934,1
39618,4927,4935,1
39619,4928,4929,1
39620,4928,4930,1
39621,4928,4932,1
39622,4928,4933,1
39623,4928,4934,1
39624,4928,4935,1
39625,4929,4930,1
39626,4929,4931,1
39627,4929,4933,1
39628,4929,4934,1
39629,4929,4935,1
39630,4929,4937,1
39631,4930,4931,1
39632,4930,4932,1
39633,4930,4934,1
39634,4930,4935,1
39635,4930,4936,1
39636,4930,4937,1
39637,4930,4938,1
39638,4930,4971,1
39639,4931,4932,1
39640,4931,4933,1
39641,4931,4934,1
39642,4931,4938,1
39643,4931,4939,1
39644,4932,4933,1
39645,4932,4934,1
39646,4932,4936,1
39647,4932,4937,1
39648,4932,4938,1
39649,4932,4939,1
39650,4932,4940,1
39651,4933,4934,1
39652,4933,4935,1
39653,4933,4936,1
39654,4933,4937,1
39655,4933,4939,1
39656,4933,4940,1
39657,4934,4935,1
39658,4934,4937,1
39659,4934,4938,1
39660,4934,4939,1
39661,4934,4940,1
39662,4934,4942,1
39663,4935,4936,1
39664,4935,4937,1
39665,4935,4938,1
39666,4935,4940,1
39667,4935,4941,1
39668,4935,4943,1
39669,4935,4975,1
39670,4936,4940,1
39671,4936,4941,1
39672,4936,4943,1
39673,4936,4944,1
39674,4937,4938,1
39675,4937,4939,1
39676,4937,4941,1
39677,4937,4942,1
39678,4937,4943,1
39679,4937,4945,1
39680,4938,4939,1
39681,4938,4940,1
39682,4938,4941,1
39683,4938,4942,1
39684,4938,4944,1
39685,4938,4945,1
39686,4938,4946,1
39687,4939,4940,1
39688,4939,4941,1
39689,4939,4942,1
39690,4939,4943,1
39691,4939,4944,1
39692,4940,4941,1
39693,4940,4942,1
39694,4940,4944,1
39695,4940,4945,1
39696,4940,4946,1
39697,4941,4942,1
39698,4941,4943,1
39699,4941,4944,1
39700,4941,4945,1
39701,4941,4946,1
39702,4941,4948,1
39703,4941,4949,1
39704,4942,4943,1
39705,4942,4944,1
39706,4942,4945,1
39707,4942,4948,1
39708,4942,4949,1
39709,4943,4944,1
39710,4943,4945,1
39711,4943,4946,1
39712,4943,4947,1
39713,4943,4948,1
39714,4943,4951,1
39715,4944,4949,1
39716,4944,4950,1
39717,4944,4951,1
39718,4945,4946,1
39719,4945,4947,1
39720,4945,4949,1
39721,4945,4951,1
39722,4945,4953,1
39723,4946,4948,1
39724,4946,4950,1
39725,4946,4953,1
39726,4946,4954,1
39727,4947,4948,1
39728,4947,4949,1
39729,4947,4950,1
39730,4947,4952,1
39731,4947,4953,1
39732,4947,4954,1
39733,4947,4955,1
39734,4948,4949,1
39735,4948,4950,1
39736,4948,4953,1
39737,4948,4954,1
39738,4948,4955,1
39739,4948,4956,1
39740,4949,4950,1
39741,4949,4952,1
39742,4949,4953,1
39743,4949,4954,1
39744,4949,4955,1
39745,4949,4957,1
39746,4950,4951,1
39747,4950,4954,1
39748,4950,4956,1
39749,4950,4957,1
39750,4950,4958,1
39751,4951,4952,1
39752,4951,4953,1
39753,4951,4954,1
39754,4951,4956,1
39755,4951,4958,1
39756,4951,4959,1
39757,4952,4953,1
39758,4952,4954,1
39759,4952,4955,1
39760,4952,4956,1
39761,4952,4957,1
39762,4952,4958,1
39763,4952,4959,1
39764,4952,4960,1
39765,4953,4954,1
39766,4953,4956,1
39767,4953,4957,1
39768,4953,4958,1
39769,4953,4960,1
39770,4954,4955,1
39771,4954,4956,1
39772,4954,4959,1
39773,4954,4960,1
39774,4954,4961,1
39775,4954,4962,1
39776,4955,4956,1
39777,4955,4957,1
39778,4955,4958,1
39779,4955,4959,1
39780,4955,4962,1
39781,4956,4958,1
39782,4956,4960,1
39783,4956,4961,1
39784,4956,4963,1
39785,4956,4964,1
39786,4957,4958,1
39787,4957,4959,1
39788,4957,4960,1
39789,4957,4962,1
39790,4957,4963,1
39791,4958,4959,1
39792,4958,4960,1
39793,4958,4961,1
39794,4958,4962,1
39795,4958,4963,1
39796,4958,4964,1
39797,4958,4965,1
39798,4958,4966,1
39799,4959,4961,1
39800,4959,4962,1
39801,4959,4963,1
39802,4959,4964,1
39803,4959,4965,1
39804,4960,4961,1
39805,4960,4966,1
39806,4960,4967,1
39807,4960,4968,1
39808,4961,4963,1
39809,4961,4966,1
39810,4961,4967,1
39811,4961,4968,1
39812,4961,4969,1
39813,4962,4964,1
39814,4962,4965,1
39815,4962,4966,1
39816,4962,4967,1
39817,4962,4969,1
39818,4962,4970,1
39819,4963,4964,1
39820,4963,4965,1
39821,4963,4966,1
39822,4963,4967,1
39823,4963,4968,1
39824,4963,4969,1
39825,4963,4970,1
39826,4963,4971,1
39827,4964,4965,1
39828,4964,4966,1
39829,4964,4967,1
39830,4964,4968,1
39831,4964,4971,1
39832,4964,4972,1
39833,4965,4967,1
39834,4965,4969,1
39835,4965,4971,1
39836,4965,4972,1
39837,4965,4973,1
39838,4965,4981,1
39839,4966,4967,1
39840,4966,4968,1
39841,4966,4969,1
39842,4966,4970,1
39843,4966,4973,1
39844,4966,4974,1
39845,4967,4968,1
39846,4967,4969,1
39847,4967,4970,1
39848,4967,4971,1
39849,4967,4973,1
39850,4967,4975,1
39851,4968,4969,1
39852,4968,4970,1
39853,4968,4971,1
39854,4968,4972,1
39855,4968,4973,1
39856,4968,4975,1
39857,4968,4976,1
39858,4969,4970,1
39859,4969,4971,1
39860,4969,4972,1
39861,4969,4976,1
39862,4969,4977,1
39863,4970,4971,1
39864,4970,4972,1
39865,4970,4973,1
39866,4970,4974,1
39867,4970,4975,1
39868,4970,4977,1
39869,4970,4978,1
39870,4971,4973,1
39871,4971,4974,1
39872,4971,4976,1
39873,4971,4977,1
39874,4971,4978,1
39875,4972,4974,1
39876,4972,4976,1
39877,4972,4979,1
39878,4972,4980,1
39879,4973,4979,1
39880,4973,4980,1
39881,4973,4981,1
39882,4974,4975,1
39883,4974,4976,1
39884,4974,4977,1
39885,4974,4980,1
39886,4974,4981,1
39887,4974,4982,1
39888,4975,4976,1
39889,4975,4977,1
39890,4975,4979,1
39891,4975,4982,1
39892,4975,4983,1
39893,4975,4999,1
39894,4976,4979,1
39895,4976,4980,1
39896,4976,4982,1
39897,4976,4983,1
39898,4976,4984,1
39899,4977,4978,1
39900,4977,4979,1
39901,4977,4980,1
39902,4977,4981,1
39903,4977,4982,1
39904,4977,4983,1
39905,4977,4984,1
39906,4977,4985,1
39907,4978,4979,1
39908,4978,4983,1
39909,4978,4984,1
39910,4979,4980,1
39911,4979,4982,1
39912,4979,4983,1
39913,4979,4984,1
39914,4979,4986,1
39915,4979,4987,1
39916,4980,4981,1
39917,4980,4983,1
39918,4980,4984,1
39919,4980,4986,1
39920,4980,4988,1
39921,4981,4983,1
39922,4981,4984,1
39923,4981,4985,1
39924,4981,4986,1
39925,4981,4987,1
39926,4981,4988,1
39927,4981,4989,1
39928,4982,4984,1
39929,4982,4986,1
39930,4982,4987,1
39931,4982,4988,1
39932,4982,4989,1
39933,4983,4985,1
39934,4983,4986,1
39935,4983,4988,1
39936,4983,4989,1
39937,4983,4990,1
39938,4983,4991,1
39939,4984,4985,1
39940,4984,4986,1
39941,4984,4987,1
39942,4984,4988,1
39943,4984,4989,1
39944,4984,4991,1
39945,4984,4992,1
39946,4985,4988,1
39947,4985,4989,1
39948,4985,4990,1
39949,4985,4991,1
39950,4985,4993,1
39951,4986,4987,1
39952,4986,4988,1
39953,4986,4989,1
39954,4986,4991,1
39955,4986,4993,1
39956,4986,4994,1
39957,4987,4988,1
39958,4987,4989,1
39959,4987,4990,1
39960,4987,4993,1
39961,4987,4994,1
39962,4988,4990,1
39963,4988,4991,1
39964,4988,4992,1
39965,4988,4993,1
39966,4988,4994,1
39967,4988,4995,1
39968,4989,4991,1
39969,4989,4993,1
39970,4989,4995,1
39971,4989,4997,1
39972,4990,4993,1
39973,4990,4994,1
39974,4990,4995,1
39975,4990,4998,1
39976,4991,4992,1
39977,4991,4994,1
39978,4991,4996,1
39979,4991,4999,1
39980,4992,4994,1
39981,4992,4995,1
39982,4992,4996,1
39983,4992,4997,1
39984,4992,4998,1
39985,4992,4999,1
39986,4993,4994,1
39987,4993,4997,1
39988,4993,4998,1
39989,4994,4995,1
39990,4994,4996,1
39991,4994,4998,1
39992,4994,4999,1
39993,4995,4996,1
39994,4995,4997,1
39995,4995,4998,1
39996,4995,4999,1
39997,4996,4998,1
39998,4997,4999,1
39999,4998,4999,1
