id,source,target,attr
0,0,1,0
1,0,2,0
2,0,3,0
3,0,4,0
4,0,5,0
5,0,7,0
6,0,8,0
7,0,9,0
8,0,10,0
9,0,15,0
10,0,24,0
11,0,26,0
12,0,29,0
13,0,30,0
14,0,32,0
15,0,33,0
16,0,35,0
17,0,36,0
18,0,37,0
19,0,51,0
20,0,57,0
21,0,64,0
22,0,65,0
23,0,67,0
24,0,70,0
25,0,71,0
26,0,74,0
27,0,75,0
28,0,77,0
29,0,78,0
30,0,79,0
31,0,106,0
32,0,121,0
33,0,127,0
34,0,135,0
35,0,153,0
36,0,160,0
37,0,166,0
38,0,173,0
39,0,175,0
40,0,177,0
41,0,209,0
42,0,215,0
43,0,217,0
44,0,232,0
45,0,236,0
46,0,271,0
47,0,274,0
48,0,276,0
49,0,283,0
50,0,320,0
51,0,321,0
52,0,325,0
53,0,374,0
54,0,381,0
55,0,441,0
56,0,457,0
57,0,462,0
58,0,468,0
59,0,472,0
60,0,481,0
61,0,516,0
62,0,520,0
63,0,529,0
64,0,532,0
65,0,550,0
66,0,552,0
67,0,587,0
68,0,622,0
69,0,635,0
70,0,643,0
71,0,668,0
72,0,673,0
73,0,707,0
74,0,737,0
75,0,767,0
76,0,801,0
77,0,856,0
78,0,879,0
79,0,901,0
80,0,938,0
81,0,952,0
82,0,995,0
83,0,1019,0
84,0,1049,0
85,0,1096,0
86,0,1114,0
87,0,1116,0
88,0,1133,0
89,0,1148,0
90,0,1182,0
91,0,1202,0
92,0,1290,0
93,0,1298,0
94,0,1317,0
95,0,1331,0
96,0,1348,0
97,0,1364,0
98,0,1399,0
99,0,1418,0
100,0,1432,0
101,0,1475,0
102,0,1498,0
103,0,1511,0
104,0,1555,0
105,0,1661,0
106,0,1739,0
107,0,1743,0
108,0,1766,0
109,0,1775,0
110,0,1779,0
111,0,1827,0
112,0,1870,0
113,0,1877,0
114,0,1921,0
115,0,1948,0
116,0,1959,0
117,0,1972,0
118,0,1998,0
119,0,2075,0
120,0,2087,0
121,0,2121,0
122,0,2125,0
123,0,2190,0
124,0,2230,0
125,0,2269,0
126,0,2283,0
127,0,2390,0
128,0,2437,0
129,0,2440,0
130,0,2477,0
131,0,2495,0
132,0,2552,0
133,0,2604,0
134,0,2664,0
135,0,2677,0
136,0,2687,0
137,0,2730,0
138,0,2809,0
139,0,2838,0
140,0,2857,0
141,0,2866,0
142,0,2977,0
143,0,2979,0
144,0,2980,0
145,0,2998,0
146,0,3098,0
147,0,3230,0
148,0,3303,0
149,0,3305,0
150,0,3330,0
151,0,3357,0
152,0,3408,0
153,0,3451,0
154,0,3452,0
155,0,3463,0
156,0,3474,0
157,0,3485,0
158,0,3501,0
159,0,3504,0
160,0,3573,0
161,0,3588,0
162,0,3720,0
163,0,3726,0
164,0,3796,0
165,0,3837,0
166,0,3863,0
167,0,3878,0
168,0,3923,0
169,0,4219,0
170,0,4303,0
171,0,4520,0
172,0,4761,0
173,0,4776,0
174,0,4784,0
175,0,4801,0
176,0,4834,0
177,0,4854,0
178,0,4863,0
179,0,4894,0
180,0,4927,0
181,0,4939,0
182,1,6,0
183,1,10,0
184,1,13,0
185,1,16,0
186,1,17,0
187,1,18,0
188,1,27,0
189,1,32,0
190,1,52,0
191,1,55,0
192,1,61,0
193,1,67,0
194,1,78,0
195,1,100,0
196,1,106,0
197,1,125,0
198,1,137,0
199,1,141,0
200,1,157,0
201,1,174,0
202,1,194,0
203,1,195,0
204,1,198,0
205,1,202,0
206,1,212,0
207,1,223,0
208,1,276,0
209,1,293,0
210,1,297,0
211,1,327,0
212,1,355,0
213,1,366,0
214,1,422,0
215,1,426,0
216,1,467,0
217,1,490,0
218,1,555,0
219,1,589,0
220,1,597,0
221,1,635,0
222,1,642,0
223,1,676,0
224,1,702,0
225,1,748,0
226,1,750,0
227,1,762,0
228,1,767,0
229,1,786,0
230,1,869,0
231,1,879,0
232,1,889,0
233,1,904,0
234,1,905,0
235,1,1135,0
236,1,1331,0
237,1,1344,0
238,1,1393,0
239,1,1501,0
240,1,1535,0
241,1,1594,0
242,1,1679,0
243,1,1848,0
244,1,1872,0
245,1,1883,0
246,1,1929,0
247,1,2046,0
248,1,2275,0
249,1,2287,0
250,1,2305,0
251,1,2479,0
252,1,2481,0
253,1,2502,0
254,1,2561,0
255,1,2755,0
256,1,2862,0
257,1,2879,0
258,1,2922,0
259,1,2974,0
260,1,2999,0
261,1,3079,0
262,1,3159,0
263,1,3352,0
264,1,3388,0
265,1,3660,0
266,1,3692,0
267,1,3769,0
268,1,3770,0
269,1,3906,0
270,1,3968,0
271,1,4001,0
272,1,4096,0
273,1,4147,0
274,1,4200,0
275,1,4411,0
276,1,4481,0
277,1,4520,0
278,1,4567,0
279,1,4624,0
280,1,4976,0
281,1,4998,0
282,2,5,0
283,2,6,0
284,2,7,0
285,2,11,0
286,2,14,0
287,2,15,0
288,2,16,0
289,2,17,0
290,2,18,0
291,2,20,0
292,2,23,0
293,2,24,0
294,2,29,0
295,2,31,0
296,2,33,0
297,2,36,0
298,2,39,0
299,2,40,0
300,2,42,0
301,2,62,0
302,2,72,0
303,2,78,0
304,2,89,0
305,2,91,0
306,2,111,0
307,2,113,0
308,2,116,0
309,2,118,0
310,2,123,0
311,2,124,0
312,2,134,0
313,2,187,0
314,2,215,0
315,2,251,0
316,2,269,0
317,2,278,0
318,2,293,0
319,2,312,0
320,2,324,0
321,2,332,0
322,2,348,0
323,2,374,0
324,2,376,0
325,2,405,0
326,2,417,0
327,2,494,0
328,2,569,0
329,2,573,0
330,2,587,0
331,2,599,0
332,2,605,0
333,2,621,0
334,2,634,0
335,2,659,0
336,2,683,0
337,2,690,0
338,2,720,0
339,2,741,0
340,2,786,0
341,2,793,0
342,2,822,0
343,2,872,0
344,2,951,0
345,2,980,0
346,2,988,0
347,2,990,0
348,2,1027,0
349,2,1033,0
350,2,1072,0
351,2,1080,0
352,2,1081,0
353,2,1087,0
354,2,1095,0
355,2,1167,0
356,2,1177,0
357,2,1254,0
358,2,1275,0
359,2,1299,0
360,2,1305,0
361,2,1346,0
362,2,1400,0
363,2,1440,0
364,2,1449,0
365,2,1515,0
366,2,1541,0
367,2,1564,0
368,2,1595,0
369,2,1615,0
370,2,1642,0
371,2,1700,0
372,2,1720,0
373,2,1736,0
374,2,1856,0
375,2,1918,0
376,2,1955,0
377,2,2001,0
378,2,2040,0
379,2,2044,0
380,2,2130,0
381,2,2228,0
382,2,2233,0
383,2,2240,0
384,2,2267,0
385,2,2288,0
386,2,2298,0
387,2,2323,0
388,2,2350,0
389,2,2524,0
390,2,2541,0
391,2,2569,0
392,2,2600,0
393,2,2602,0
394,2,2753,0
395,2,2792,0
396,2,2856,0
397,2,2931,0
398,2,2941,0
399,2,2999,0
400,2,3053,0
401,2,3101,0
402,2,3118,0
403,2,3230,0
404,2,3232,0
405,2,3273,0
406,2,3297,0
407,2,3313,0
408,2,3463,0
409,2,3522,0
410,2,3554,0
411,2,3592,0
412,2,3642,0
413,2,3664,0
414,2,3686,0
415,2,3703,0
416,2,3776,0
417,2,3831,0
418,2,3851,0
419,2,3919,0
420,2,3925,0
421,2,3943,0
422,2,4160,0
423,2,4197,0
424,2,4254,0
425,2,4264,0
426,2,4344,0
427,2,4351,0
428,2,4458,0
429,2,4529,0
430,2,4562,0
431,2,4567,0
432,2,4605,0
433,2,4626,0
434,2,4667,0
435,2,4671,0
436,2,4856,0
437,2,4871,0
438,2,4913,0
439,3,5,0
440,3,6,0
441,3,11,0
442,3,20,0
443,3,26,0
444,3,46,0
445,3,49,0
446,3,63,0
447,3,70,0
448,3,81,0
449,3,84,0
450,3,91,0
451,3,92,0
452,3,155,0
453,3,168,0
454,3,207,0
455,3,211,0
456,3,240,0
457,3,356,0
458,3,373,0
459,3,599,0
460,3,626,0
461,3,662,0
462,3,782,0
463,3,792,0
464,3,841,0
465,3,849,0
466,3,857,0
467,3,861,0
468,3,885,0
469,3,964,0
470,3,969,0
471,3,975,0
472,3,1037,0
473,3,1043,0
474,3,1225,0
475,3,1274,0
476,3,1344,0
477,3,1392,0
478,3,1659,0
479,3,1787,0
480,3,1816,0
481,3,1871,0
482,3,1967,0
483,3,2007,0
484,3,2012,0
485,3,2032,0
486,3,2301,0
487,3,2442,0
488,3,2621,0
489,3,2661,0
490,3,2759,0
491,3,2848,0
492,3,3043,0
493,3,3141,0
494,3,3425,0
495,3,3443,0
496,3,3484,0
497,3,3503,0
498,3,3767,0
499,3,4203,0
500,3,4340,0
501,3,4556,0
502,3,4806,0
503,3,4852,0
504,4,5,0
505,4,7,0
506,4,22,0
507,4,26,0
508,4,30,0
509,4,34,0
510,4,114,0
511,4,131,0
512,4,139,0
513,4,154,0
514,4,241,0
515,4,310,0
516,4,392,0
517,4,415,0
518,4,557,0
519,4,588,0
520,4,745,0
521,4,871,0
522,4,934,0
523,4,955,0
524,4,992,0
525,4,1189,0
526,4,1316,0
527,4,1358,0
528,4,1406,0
529,4,1427,0
530,4,1502,0
531,4,1670,0
532,4,1707,0
533,4,1903,0
534,4,1979,0
535,4,2143,0
536,4,2166,0
537,4,2218,0
538,4,2313,0
539,4,2436,0
540,4,2511,0
541,4,2760,0
542,4,2849,0
543,4,2878,0
544,4,2960,0
545,4,2977,0
546,4,2979,0
547,4,3590,0
548,4,3789,0
549,4,3897,0
550,4,4003,0
551,4,4240,0
552,4,4250,0
553,4,4409,0
554,4,4473,0
555,4,4485,0
556,4,4631,0
557,4,4701,0
558,5,6,0
559,5,7,0
560,5,8,0
561,5,9,0
562,5,10,0
563,5,11,0
564,5,13,0
565,5,14,0
566,5,18,0
567,5,20,0
568,5,21,0
569,5,22,0
570,5,23,0
571,5,24,0
572,5,32,0
573,5,34,0
574,5,35,0
575,5,39,0
576,5,40,0
577,5,45,0
578,5,46,0
579,5,48,0
580,5,51,0
581,5,58,0
582,5,64,0
583,5,66,0
584,5,68,0
585,5,70,0
586,5,75,0
587,5,77,0
588,5,79,0
589,5,90,0
590,5,91,0
591,5,96,0
592,5,98,0
593,5,108,0
594,5,109,0
595,5,114,0
596,5,121,0
597,5,129,0
598,5,137,0
599,5,145,0
600,5,150,0
601,5,156,0
602,5,158,0
603,5,189,0
604,5,190,0
605,5,216,0
606,5,244,0
607,5,257,0
608,5,280,0
609,5,292,0
610,5,340,0
611,5,346,0
612,5,352,0
613,5,368,0
614,5,409,0
615,5,422,0
616,5,445,0
617,5,451,0
618,5,461,0
619,5,478,0
620,5,524,0
621,5,526,0
622,5,554,0
623,5,564,0
624,5,570,0
625,5,581,0
626,5,585,0
627,5,597,0
628,5,598,0
629,5,618,0
630,5,625,0
631,5,639,0
632,5,680,0
633,5,696,0
634,5,703,0
635,5,716,0
636,5,721,0
637,5,730,0
638,5,767,0
639,5,774,0
640,5,789,0
641,5,796,0
642,5,812,0
643,5,822,0
644,5,841,0
645,5,865,0
646,5,881,0
647,5,887,0
648,5,948,0
649,5,949,0
650,5,998,0
651,5,1005,0
652,5,1021,0
653,5,1024,0
654,5,1056,0
655,5,1078,0
656,5,1081,0
657,5,1125,0
658,5,1137,0
659,5,1144,0
660,5,1215,0
661,5,1222,0
662,5,1290,0
663,5,1298,0
664,5,1328,0
665,5,1418,0
666,5,1488,0
667,5,1507,0
668,5,1594,0
669,5,1611,0
670,5,1637,0
671,5,1638,0
672,5,1663,0
673,5,1678,0
674,5,1712,0
675,5,1754,0
676,5,1769,0
677,5,1808,0
678,5,1830,0
679,5,1850,0
680,5,2069,0
681,5,2098,0
682,5,2106,0
683,5,2142,0
684,5,2152,0
685,5,2153,0
686,5,2154,0
687,5,2182,0
688,5,2271,0
689,5,2321,0
690,5,2340,0
691,5,2346,0
692,5,2364,0
693,5,2394,0
694,5,2438,0
695,5,2467,0
696,5,2485,0
697,5,2499,0
698,5,2557,0
699,5,2588,0
700,5,2591,0
701,5,2645,0
702,5,2686,0
703,5,2762,0
704,5,2768,0
705,5,2801,0
706,5,2809,0
707,5,2826,0
708,5,2841,0
709,5,2873,0
710,5,2890,0
711,5,2909,0
712,5,2919,0
713,5,2984,0
714,5,3007,0
715,5,3039,0
716,5,3090,0
717,5,3142,0
718,5,3148,0
719,5,3251,0
720,5,3318,0
721,5,3349,0
722,5,3469,0
723,5,3520,0
724,5,3569,0
725,5,3614,0
726,5,3619,0
727,5,3694,0
728,5,3713,0
729,5,3790,0
730,5,3881,0
731,5,3907,0
732,5,4029,0
733,5,4052,0
734,5,4164,0
735,5,4209,0
736,5,4264,0
737,5,4296,0
738,5,4319,0
739,5,4383,0
740,5,4467,0
741,5,4582,0
742,5,4599,0
743,5,4608,0
744,5,4639,0
745,5,4674,0
746,5,4703,0
747,5,4717,0
748,5,4749,0
749,5,4805,0
750,5,4808,0
751,5,4865,0
752,5,4868,0
753,5,4890,0
754,5,4894,0
755,5,4915,0
756,5,4969,0
757,6,8,0
758,6,9,0
759,6,13,0
760,6,21,0
761,6,28,0
762,6,34,0
763,6,35,0
764,6,38,0
765,6,55,0
766,6,57,0
767,6,89,0
768,6,104,0
769,6,135,0
770,6,142,0
771,6,145,0
772,6,148,0
773,6,150,0
774,6,182,0
775,6,209,0
776,6,216,0
777,6,239,0
778,6,328,0
779,6,401,0
780,6,568,0
781,6,596,0
782,6,657,0
783,6,661,0
784,6,859,0
785,6,926,0
786,6,960,0
787,6,986,0
788,6,1023,0
789,6,1074,0
790,6,1119,0
791,6,1246,0
792,6,1513,0
793,6,1541,0
794,6,1602,0
795,6,1606,0
796,6,1697,0
797,6,1747,0
798,6,1762,0
799,6,1857,0
800,6,1923,0
801,6,2100,0
802,6,2206,0
803,6,2525,0
804,6,2552,0
805,6,2693,0
806,6,2805,0
807,6,2893,0
808,6,2974,0
809,6,3048,0
810,6,3085,0
811,6,3198,0
812,6,3214,0
813,6,3314,0
814,6,3434,0
815,6,3469,0
816,6,3528,0
817,6,3575,0
818,6,3908,0
819,6,3920,0
820,6,4047,0
821,6,4050,0
822,6,4055,0
823,6,4257,0
824,6,4312,0
825,6,4318,0
826,7,8,0
827,7,10,0
828,7,11,0
829,7,12,0
830,7,13,0
831,7,18,0
832,7,28,0
833,7,31,0
834,7,37,0
835,7,62,0
836,7,67,0
837,7,69,0
838,7,81,0
839,7,82,0
840,7,83,0
841,7,101,0
842,7,109,0
843,7,111,0
844,7,119,0
845,7,126,0
846,7,127,0
847,7,152,0
848,7,160,0
849,7,161,0
850,7,166,0
851,7,184,0
852,7,196,0
853,7,197,0
854,7,203,0
855,7,219,0
856,7,224,0
857,7,254,0
858,7,259,0
859,7,263,0
860,7,267,0
861,7,283,0
862,7,300,0
863,7,308,0
864,7,314,0
865,7,355,0
866,7,403,0
867,7,416,0
868,7,428,0
869,7,437,0
870,7,485,0
871,7,488,0
872,7,504,0
873,7,528,0
874,7,653,0
875,7,663,0
876,7,682,0
877,7,690,0
878,7,701,0
879,7,708,0
880,7,709,0
881,7,809,0
882,7,835,0
883,7,963,0
884,7,974,0
885,7,1010,0
886,7,1019,0
887,7,1048,0
888,7,1108,0
889,7,1124,0
890,7,1137,0
891,7,1172,0
892,7,1174,0
893,7,1273,0
894,7,1275,0
895,7,1307,0
896,7,1313,0
897,7,1414,0
898,7,1421,0
899,7,1455,0
900,7,1459,0
901,7,1464,0
902,7,1525,0
903,7,1563,0
904,7,1620,0
905,7,1651,0
906,7,1677,0
907,7,1698,0
908,7,1704,0
909,7,1735,0
910,7,1736,0
911,7,1782,0
912,7,1794,0
913,7,1849,0
914,7,1851,0
915,7,2049,0
916,7,2161,0
917,7,2237,0
918,7,2261,0
919,7,2284,0
920,7,2288,0
921,7,2349,0
922,7,2357,0
923,7,2529,0
924,7,2660,0
925,7,2699,0
926,7,2702,0
927,7,2741,0
928,7,2759,0
929,7,2770,0
930,7,2797,0
931,7,2838,0
932,7,2944,0
933,7,2964,0
934,7,2984,0
935,7,3009,0
936,7,3044,0
937,7,3164,0
938,7,3182,0
939,7,3198,0
940,7,3205,0
941,7,3318,0
942,7,3360,0
943,7,3375,0
944,7,3451,0
945,7,3718,0
946,7,3760,0
947,7,3788,0
948,7,3789,0
949,7,3854,0
950,7,3861,0
951,7,3874,0
952,7,4012,0
953,7,4071,0
954,7,4157,0
955,7,4204,0
956,7,4249,0
957,7,4253,0
958,7,4259,0
959,7,4526,0
960,7,4528,0
961,7,4691,0
962,7,4791,0
963,7,4920,0
964,7,4943,0
965,8,9,0
966,8,12,0
967,8,19,0
968,8,22,0
969,8,29,0
970,8,39,0
971,8,41,0
972,8,42,0
973,8,48,0
974,8,52,0
975,8,53,0
976,8,58,0
977,8,76,0
978,8,81,0
979,8,87,0
980,8,95,0
981,8,98,0
982,8,99,0
983,8,103,0
984,8,113,0
985,8,167,0
986,8,168,0
987,8,197,0
988,8,203,0
989,8,303,0
990,8,312,0
991,8,323,0
992,8,336,0
993,8,375,0
994,8,387,0
995,8,390,0
996,8,394,0
997,8,429,0
998,8,438,0
999,8,441,0
1000,8,490,0
1001,8,499,0
1002,8,500,0
1003,8,547,0
1004,8,584,0
1005,8,638,0
1006,8,696,0
1007,8,702,0
1008,8,752,0
1009,8,762,0
1010,8,763,0
1011,8,771,0
1012,8,779,0
1013,8,782,0
1014,8,801,0
1015,8,804,0
1016,8,828,0
1017,8,884,0
1018,8,893,0
1019,8,895,0
1020,8,930,0
1021,8,937,0
1022,8,960,0
1023,8,962,0
1024,8,990,0
1025,8,1017,0
1026,8,1040,0
1027,8,1049,0
1028,8,1054,0
1029,8,1071,0
1030,8,1110,0
1031,8,1120,0
1032,8,1237,0
1033,8,1252,0
1034,8,1269,0
1035,8,1308,0
1036,8,1323,0
1037,8,1362,0
1038,8,1464,0
1039,8,1496,0
1040,8,1558,0
1041,8,1566,0
1042,8,1571,0
1043,8,1613,0
1044,8,1624,0
1045,8,1632,0
1046,8,1653,0
1047,8,1654,0
1048,8,1702,0
1049,8,1706,0
1050,8,1763,0
1051,8,1787,0
1052,8,1806,0
1053,8,1835,0
1054,8,1884,0
1055,8,1902,0
1056,8,1939,0
1057,8,1956,0
1058,8,1975,0
1059,8,2074,0
1060,8,2078,0
1061,8,2082,0
1062,8,2091,0
1063,8,2137,0
1064,8,2141,0
1065,8,2202,0
1066,8,2235,0
1067,8,2256,0
1068,8,2260,0
1069,8,2266,0
1070,8,2292,0
1071,8,2327,0
1072,8,2483,0
1073,8,2554,0
1074,8,2566,0
1075,8,2599,0
1076,8,2638,0
1077,8,2646,0
1078,8,2664,0
1079,8,2727,0
1080,8,2738,0
1081,8,2744,0
1082,8,2767,0
1083,8,2823,0
1084,8,2910,0
1085,8,2916,0
1086,8,2928,0
1087,8,2942,0
1088,8,2950,0
1089,8,2952,0
1090,8,2969,0
1091,8,3052,0
1092,8,3055,0
1093,8,3077,0
1094,8,3143,0
1095,8,3151,0
1096,8,3219,0
1097,8,3355,0
1098,8,3372,0
1099,8,3524,0
1100,8,3561,0
1101,8,3563,0
1102,8,3584,0
1103,8,3620,0
1104,8,3656,0
1105,8,3707,0
1106,8,3811,0
1107,8,3832,0
1108,8,3858,0
1109,8,3892,0
1110,8,3973,0
1111,8,4060,0
1112,8,4077,0
1113,8,4080,0
1114,8,4107,0
1115,8,4140,0
1116,8,4202,0
1117,8,4208,0
1118,8,4218,0
1119,8,4375,0
1120,8,4386,0
1121,8,4415,0
1122,8,4480,0
1123,8,4554,0
1124,8,4627,0
1125,8,4689,0
1126,8,4694,0
1127,8,4715,0
1128,8,4785,0
1129,8,4793,0
1130,8,4818,0
1131,8,4902,0
1132,9,12,0
1133,9,14,0
1134,9,19,0
1135,9,25,0
1136,9,27,0
1137,9,29,0
1138,9,35,0
1139,9,36,0
1140,9,47,0
1141,9,48,0
1142,9,52,0
1143,9,54,0
1144,9,60,0
1145,9,73,0
1146,9,76,0
1147,9,85,0
1148,9,91,0
1149,9,102,0
1150,9,113,0
1151,9,133,0
1152,9,137,0
1153,9,144,0
1154,9,147,0
1155,9,148,0
1156,9,151,0
1157,9,156,0
1158,9,161,0
1159,9,207,0
1160,9,208,0
1161,9,220,0
1162,9,235,0
1163,9,278,0
1164,9,346,0
1165,9,351,0
1166,9,360,0
1167,9,391,0
1168,9,408,0
1169,9,409,0
1170,9,420,0
1171,9,431,0
1172,9,447,0
1173,9,488,0
1174,9,495,0
1175,9,521,0
1176,9,536,0
1177,9,548,0
1178,9,551,0
1179,9,562,0
1180,9,590,0
1181,9,604,0
1182,9,642,0
1183,9,710,0
1184,9,715,0
1185,9,723,0
1186,9,732,0
1187,9,762,0
1188,9,860,0
1189,9,876,0
1190,9,881,0
1191,9,990,0
1192,9,1062,0
1193,9,1122,0
1194,9,1216,0
1195,9,1244,0
1196,9,1282,0
1197,9,1304,0
1198,9,1380,0
1199,9,1417,0
1200,9,1468,0
1201,9,1507,0
1202,9,1560,0
1203,9,1621,0
1204,9,1623,0
1205,9,1656,0
1206,9,1674,0
1207,9,1691,0
1208,9,1703,0
1209,9,1728,0
1210,9,1746,0
1211,9,1756,0
1212,9,1759,0
1213,9,1813,0
1214,9,1837,0
1215,9,1882,0
1216,9,1898,0
1217,9,1965,0
1218,9,1974,0
1219,9,1980,0
1220,9,1995,0
1221,9,2064,0
1222,9,2075,0
1223,9,2112,0
1224,9,2134,0
1225,9,2139,0
1226,9,2322,0
1227,9,2328,0
1228,9,2386,0
1229,9,2450,0
1230,9,2554,0
1231,9,2599,0
1232,9,2652,0
1233,9,2661,0
1234,9,2684,0
1235,9,2705,0
1236,9,2743,0
1237,9,2745,0
1238,9,2795,0
1239,9,2801,0
1240,9,2810,0
1241,9,2827,0
1242,9,2859,0
1243,9,2883,0
1244,9,2921,0
1245,9,2929,0
1246,9,3040,0
1247,9,3076,0
1248,9,3095,0
1249,9,3117,0
1250,9,3148,0
1251,9,3172,0
1252,9,3186,0
1253,9,3223,0
1254,9,3245,0
1255,9,3334,0
1256,9,3482,0
1257,9,3545,0
1258,9,3871,0
1259,9,3941,0
1260,9,4078,0
1261,9,4116,0
1262,9,4251,0
1263,9,4270,0
1264,9,4335,0
1265,9,4338,0
1266,9,4406,0
1267,9,4408,0
1268,9,4484,0
1269,9,4548,0
1270,9,4630,0
1271,9,4634,0
1272,9,4681,0
1273,9,4696,0
1274,9,4755,0
1275,9,4814,0
1276,9,4861,0
1277,9,4863,0
1278,9,4960,0
1279,10,15,0
1280,10,22,0
1281,10,23,0
1282,10,62,0
1283,10,67,0
1284,10,104,0
1285,10,130,0
1286,10,132,0
1287,10,181,0
1288,10,197,0
1289,10,271,0
1290,10,289,0
1291,10,302,0
1292,10,442,0
1293,10,452,0
1294,10,454,0
1295,10,581,0
1296,10,624,0
1297,10,650,0
1298,10,697,0
1299,10,846,0
1300,10,978,0
1301,10,1032,0
1302,10,1270,0
1303,10,1282,0
1304,10,1411,0
1305,10,1520,0
1306,10,1560,0
1307,10,1590,0
1308,10,1637,0
1309,10,1714,0
1310,10,1797,0
1311,10,1848,0
1312,10,1892,0
1313,10,1914,0
1314,10,2372,0
1315,10,2425,0
1316,10,2489,0
1317,10,2492,0
1318,10,2505,0
1319,10,2561,0
1320,10,2743,0
1321,10,2764,0
1322,10,2805,0
1323,10,2868,0
1324,10,2990,0
1325,10,3275,0
1326,10,3279,0
1327,10,3365,0
1328,10,3475,0
1329,10,3869,0
1330,10,3918,0
1331,10,4013,0
1332,10,4108,0
1333,10,4123,0
1334,10,4205,0
1335,10,4209,0
1336,10,4852,0
1337,10,4917,0
1338,10,4925,0
1339,10,4961,0
1340,11,12,0
1341,11,14,0
1342,11,17,0
1343,11,30,0
1344,11,43,0
1345,11,54,0
1346,11,71,0
1347,11,94,0
1348,11,114,0
1349,11,129,0
1350,11,154,0
1351,11,188,0
1352,11,198,0
1353,11,226,0
1354,11,232,0
1355,11,237,0
1356,11,244,0
1357,11,283,0
1358,11,287,0
1359,11,297,0
1360,11,299,0
1361,11,330,0
1362,11,339,0
1363,11,383,0
1364,11,384,0
1365,11,393,0
1366,11,396,0
1367,11,408,0
1368,11,414,0
1369,11,441,0
1370,11,490,0
1371,11,519,0
1372,11,543,0
1373,11,563,0
1374,11,566,0
1375,11,735,0
1376,11,753,0
1377,11,834,0
1378,11,1125,0
1379,11,1294,0
1380,11,1442,0
1381,11,1453,0
1382,11,1528,0
1383,11,1589,0
1384,11,1646,0
1385,11,1851,0
1386,11,2140,0
1387,11,2170,0
1388,11,2291,0
1389,11,2348,0
1390,11,2353,0
1391,11,2363,0
1392,11,2457,0
1393,11,2513,0
1394,11,2648,0
1395,11,2729,0
1396,11,2857,0
1397,11,3094,0
1398,11,3180,0
1399,11,3345,0
1400,11,3409,0
1401,11,3583,0
1402,11,3672,0
1403,11,3818,0
1404,11,4043,0
1405,11,4218,0
1406,11,4369,0
1407,11,4570,0
1408,11,4638,0
1409,11,4645,0
1410,11,4685,0
1411,11,4811,0
1412,11,4876,0
1413,11,4934,0
1414,12,37,0
1415,12,50,0
1416,12,51,0
1417,12,65,0
1418,12,66,0
1419,12,69,0
1420,12,72,0
1421,12,136,0
1422,12,171,0
1423,12,178,0
1424,12,250,0
1425,12,395,0
1426,12,424,0
1427,12,456,0
1428,12,475,0
1429,12,612,0
1430,12,633,0
1431,12,640,0
1432,12,746,0
1433,12,812,0
1434,12,908,0
1435,12,950,0
1436,12,998,0
1437,12,1013,0
1438,12,1104,0
1439,12,1720,0
1440,12,1807,0
1441,12,1872,0
1442,12,1977,0
1443,12,2184,0
1444,12,2296,0
1445,12,2398,0
1446,12,2489,0
1447,12,2571,0
1448,12,2765,0
1449,12,2846,0
1450,12,3747,0
1451,12,3965,0
1452,12,4258,0
1453,12,4386,0
1454,12,4401,0
1455,12,4981,0
1456,13,15,0
1457,13,16,0
1458,13,17,0
1459,13,24,0
1460,13,25,0
1461,13,26,0
1462,13,32,0
1463,13,33,0
1464,13,41,0
1465,13,47,0
1466,13,50,0
1467,13,53,0
1468,13,54,0
1469,13,59,0
1470,13,69,0
1471,13,95,0
1472,13,97,0
1473,13,99,0
1474,13,103,0
1475,13,120,0
1476,13,128,0
1477,13,141,0
1478,13,147,0
1479,13,169,0
1480,13,172,0
1481,13,185,0
1482,13,189,0
1483,13,223,0
1484,13,230,0
1485,13,267,0
1486,13,272,0
1487,13,303,0
1488,13,310,0
1489,13,313,0
1490,13,334,0
1491,13,335,0
1492,13,359,0
1493,13,382,0
1494,13,399,0
1495,13,411,0
1496,13,412,0
1497,13,454,0
1498,13,461,0
1499,13,497,0
1500,13,506,0
1501,13,509,0
1502,13,510,0
1503,13,523,0
1504,13,546,0
1505,13,566,0
1506,13,576,0
1507,13,608,0
1508,13,659,0
1509,13,695,0
1510,13,700,0
1511,13,734,0
1512,13,836,0
1513,13,839,0
1514,13,854,0
1515,13,891,0
1516,13,969,0
1517,13,1004,0
1518,13,1041,0
1519,13,1043,0
1520,13,1069,0
1521,13,1089,0
1522,13,1106,0
1523,13,1144,0
1524,13,1230,0
1525,13,1279,0
1526,13,1280,0
1527,13,1284,0
1528,13,1289,0
1529,13,1292,0
1530,13,1296,0
1531,13,1308,0
1532,13,1363,0
1533,13,1367,0
1534,13,1435,0
1535,13,1443,0
1536,13,1466,0
1537,13,1502,0
1538,13,1590,0
1539,13,1653,0
1540,13,1924,0
1541,13,1961,0
1542,13,2053,0
1543,13,2165,0
1544,13,2200,0
1545,13,2232,0
1546,13,2238,0
1547,13,2241,0
1548,13,2242,0
1549,13,2336,0
1550,13,2351,0
1551,13,2374,0
1552,13,2397,0
1553,13,2420,0
1554,13,2565,0
1555,13,2638,0
1556,13,2641,0
1557,13,2709,0
1558,13,2779,0
1559,13,2884,0
1560,13,3004,0
1561,13,3028,0
1562,13,3044,0
1563,13,3083,0
1564,13,3099,0
1565,13,3100,0
1566,13,3134,0
1567,13,3182,0
1568,13,3202,0
1569,13,3246,0
1570,13,3296,0
1571,13,3316,0
1572,13,3383,0
1573,13,3402,0
1574,13,3412,0
1575,13,3488,0
1576,13,3619,0
1577,13,3754,0
1578,13,3786,0
1579,13,3947,0
1580,13,4074,0
1581,13,4169,0
1582,13,4174,0
1583,13,4277,0
1584,13,4338,0
1585,13,4371,0
1586,13,4500,0
1587,13,4599,0
1588,13,4657,0
1589,13,4797,0
1590,13,4805,0
1591,13,4904,0
1592,13,4947,0
1593,14,16,0
1594,14,21,0
1595,14,30,0
1596,14,39,0
1597,14,43,0
1598,14,45,0
1599,14,47,0
1600,14,56,0
1601,14,61,0
1602,14,87,0
1603,14,104,0
1604,14,120,0
1605,14,170,0
1606,14,178,0
1607,14,191,0
1608,14,210,0
1609,14,243,0
1610,14,278,0
1611,14,330,0
1612,14,411,0
1613,14,412,0
1614,14,425,0
1615,14,428,0
1616,14,479,0
1617,14,480,0
1618,14,491,0
1619,14,524,0
1620,14,529,0
1621,14,544,0
1622,14,572,0
1623,14,601,0
1624,14,613,0
1625,14,623,0
1626,14,661,0
1627,14,674,0
1628,14,712,0
1629,14,742,0
1630,14,857,0
1631,14,889,0
1632,14,894,0
1633,14,944,0
1634,14,974,0
1635,14,976,0
1636,14,985,0
1637,14,1078,0
1638,14,1103,0
1639,14,1106,0
1640,14,1154,0
1641,14,1208,0
1642,14,1281,0
1643,14,1404,0
1644,14,1412,0
1645,14,1441,0
1646,14,1462,0
1647,14,1470,0
1648,14,1510,0
1649,14,1759,0
1650,14,2014,0
1651,14,2122,0
1652,14,2136,0
1653,14,2203,0
1654,14,2205,0
1655,14,2214,0
1656,14,2249,0
1657,14,2293,0
1658,14,2294,0
1659,14,2420,0
1660,14,2465,0
1661,14,2573,0
1662,14,2603,0
1663,14,2649,0
1664,14,2653,0
1665,14,2673,0
1666,14,2695,0
1667,14,2746,0
1668,14,2829,0
1669,14,2964,0
1670,14,3140,0
1671,14,3191,0
1672,14,3204,0
1673,14,3261,0
1674,14,3292,0
1675,14,3383,0
1676,14,3451,0
1677,14,3579,0
1678,14,3602,0
1679,14,3876,0
1680,14,3958,0
1681,14,3968,0
1682,14,3980,0
1683,14,4084,0
1684,14,4194,0
1685,14,4483,0
1686,14,4632,0
1687,14,4849,0
1688,14,4852,0
1689,14,4962,0
1690,15,19,0
1691,15,21,0
1692,15,27,0
1693,15,28,0
1694,15,31,0
1695,15,38,0
1696,15,41,0
1697,15,43,0
1698,15,52,0
1699,15,57,0
1700,15,58,0
1701,15,62,0
1702,15,72,0
1703,15,87,0
1704,15,89,0
1705,15,101,0
1706,15,106,0
1707,15,117,0
1708,15,122,0
1709,15,128,0
1710,15,129,0
1711,15,134,0
1712,15,159,0
1713,15,186,0
1714,15,190,0
1715,15,199,0
1716,15,213,0
1717,15,224,0
1718,15,236,0
1719,15,247,0
1720,15,263,0
1721,15,285,0
1722,15,294,0
1723,15,298,0
1724,15,302,0
1725,15,304,0
1726,15,309,0
1727,15,312,0
1728,15,317,0
1729,15,327,0
1730,15,346,0
1731,15,347,0
1732,15,352,0
1733,15,362,0
1734,15,366,0
1735,15,387,0
1736,15,403,0
1737,15,425,0
1738,15,434,0
1739,15,438,0
1740,15,463,0
1741,15,475,0
1742,15,515,0
1743,15,528,0
1744,15,537,0
1745,15,541,0
1746,15,557,0
1747,15,559,0
1748,15,583,0
1749,15,593,0
1750,15,620,0
1751,15,642,0
1752,15,646,0
1753,15,649,0
1754,15,695,0
1755,15,717,0
1756,15,729,0
1757,15,753,0
1758,15,757,0
1759,15,761,0
1760,15,763,0
1761,15,800,0
1762,15,836,0
1763,15,849,0
1764,15,856,0
1765,15,897,0
1766,15,923,0
1767,15,925,0
1768,15,936,0
1769,15,973,0
1770,15,1028,0
1771,15,1070,0
1772,15,1074,0
1773,15,1077,0
1774,15,1079,0
1775,15,1084,0
1776,15,1104,0
1777,15,1106,0
1778,15,1190,0
1779,15,1214,0
1780,15,1230,0
1781,15,1247,0
1782,15,1265,0
1783,15,1328,0
1784,15,1336,0
1785,15,1357,0
1786,15,1398,0
1787,15,1408,0
1788,15,1418,0
1789,15,1463,0
1790,15,1474,0
1791,15,1495,0
1792,15,1517,0
1793,15,1565,0
1794,15,1568,0
1795,15,1591,0
1796,15,1633,0
1797,15,1788,0
1798,15,1841,0
1799,15,1869,0
1800,15,1999,0
1801,15,2013,0
1802,15,2104,0
1803,15,2134,0
1804,15,2138,0
1805,15,2159,0
1806,15,2165,0
1807,15,2315,0
1808,15,2343,0
1809,15,2374,0
1810,15,2381,0
1811,15,2401,0
1812,15,2447,0
1813,15,2485,0
1814,15,2495,0
1815,15,2654,0
1816,15,2677,0
1817,15,2678,0
1818,15,2754,0
1819,15,2810,0
1820,15,2813,0
1821,15,2840,0
1822,15,2912,0
1823,15,2917,0
1824,15,3017,0
1825,15,3112,0
1826,15,3157,0
1827,15,3182,0
1828,15,3218,0
1829,15,3229,0
1830,15,3241,0
1831,15,3261,0
1832,15,3281,0
1833,15,3389,0
1834,15,3464,0
1835,15,3487,0
1836,15,3627,0
1837,15,3629,0
1838,15,3636,0
1839,15,3687,0
1840,15,3688,0
1841,15,3723,0
1842,15,3732,0
1843,15,3737,0
1844,15,3817,0
1845,15,3835,0
1846,15,3908,0
1847,15,3929,0
1848,15,4017,0
1849,15,4031,0
1850,15,4099,0
1851,15,4193,0
1852,15,4211,0
1853,15,4323,0
1854,15,4335,0
1855,15,4371,0
1856,15,4466,0
1857,15,4520,0
1858,15,4534,0
1859,15,4545,0
1860,15,4546,0
1861,15,4625,0
1862,15,4668,0
1863,15,4680,0
1864,15,4695,0
1865,15,4743,0
1866,15,4895,0
1867,15,4955,0
1868,15,4978,0
1869,16,19,0
1870,16,41,0
1871,16,50,0
1872,16,58,0
1873,16,59,0
1874,16,65,0
1875,16,100,0
1876,16,178,0
1877,16,214,0
1878,16,252,0
1879,16,264,0
1880,16,298,0
1881,16,347,0
1882,16,360,0
1883,16,386,0
1884,16,410,0
1885,16,445,0
1886,16,459,0
1887,16,490,0
1888,16,495,0
1889,16,517,0
1890,16,585,0
1891,16,634,0
1892,16,645,0
1893,16,660,0
1894,16,667,0
1895,16,781,0
1896,16,826,0
1897,16,839,0
1898,16,937,0
1899,16,989,0
1900,16,1082,0
1901,16,1095,0
1902,16,1169,0
1903,16,1316,0
1904,16,1335,0
1905,16,1348,0
1906,16,1751,0
1907,16,1967,0
1908,16,1996,0
1909,16,2082,0
1910,16,2130,0
1911,16,2188,0
1912,16,2402,0
1913,16,2794,0
1914,16,2989,0
1915,16,3294,0
1916,16,3430,0
1917,16,3671,0
1918,16,3844,0
1919,16,4018,0
1920,16,4106,0
1921,16,4309,0
1922,16,4509,0
1923,16,4564,0
1924,16,4623,0
1925,16,4664,0
1926,16,4665,0
1927,16,4692,0
1928,16,4815,0
1929,16,4894,0
1930,16,4964,0
1931,17,20,0
1932,17,45,0
1933,17,59,0
1934,17,76,0
1935,17,126,0
1936,17,130,0
1937,17,172,0
1938,17,248,0
1939,17,250,0
1940,17,266,0
1941,17,284,0
1942,17,309,0
1943,17,370,0
1944,17,381,0
1945,17,421,0
1946,17,482,0
1947,17,615,0
1948,17,638,0
1949,17,682,0
1950,17,683,0
1951,17,691,0
1952,17,769,0
1953,17,786,0
1954,17,864,0
1955,17,922,0
1956,17,943,0
1957,17,977,0
1958,17,1040,0
1959,17,1165,0
1960,17,1193,0
1961,17,1218,0
1962,17,1375,0
1963,17,1438,0
1964,17,1455,0
1965,17,1463,0
1966,17,1481,0
1967,17,1534,0
1968,17,1696,0
1969,17,2593,0
1970,17,2711,0
1971,17,2792,0
1972,17,2799,0
1973,17,2830,0
1974,17,3074,0
1975,17,3113,0
1976,17,3149,0
1977,17,3607,0
1978,17,3697,0
1979,17,3962,0
1980,17,4110,0
1981,17,4186,0
1982,17,4384,0
1983,17,4510,0
1984,17,4687,0
1985,17,4909,0
1986,18,25,0
1987,18,163,0
1988,18,246,0
1989,18,480,0
1990,18,567,0
1991,18,1843,0
1992,18,1929,0
1993,18,3931,0
1994,18,4404,0
1995,19,27,0
1996,19,48,0
1997,19,97,0
1998,19,100,0
1999,19,167,0
2000,19,194,0
2001,19,198,0
2002,19,210,0
2003,19,238,0
2004,19,295,0
2005,19,370,0
2006,19,460,0
2007,19,579,0
2008,19,621,0
2009,19,691,0
2010,19,861,0
2011,19,1020,0
2012,19,1079,0
2013,19,1183,0
2014,19,1276,0
2015,19,1277,0
2016,19,1534,0
2017,19,1559,0
2018,19,1579,0
2019,19,1621,0
2020,19,1648,0
2021,19,1698,0
2022,19,2247,0
2023,19,2518,0
2024,19,2531,0
2025,19,2867,0
2026,19,3100,0
2027,19,3200,0
2028,19,3462,0
2029,19,3598,0
2030,19,3650,0
2031,19,4046,0
2032,19,4156,0
2033,19,4390,0
2034,19,4454,0
2035,19,4897,0
2036,20,23,0
2037,20,36,0
2038,20,74,0
2039,20,80,0
2040,20,82,0
2041,20,110,0
2042,20,155,0
2043,20,174,0
2044,20,192,0
2045,20,210,0
2046,20,258,0
2047,20,288,0
2048,20,353,0
2049,20,367,0
2050,20,384,0
2051,20,402,0
2052,20,459,0
2053,20,482,0
2054,20,531,0
2055,20,587,0
2056,20,595,0
2057,20,609,0
2058,20,677,0
2059,20,752,0
2060,20,865,0
2061,20,888,0
2062,20,1061,0
2063,20,1206,0
2064,20,1330,0
2065,20,1333,0
2066,20,1460,0
2067,20,1526,0
2068,20,1688,0
2069,20,1873,0
2070,20,2279,0
2071,20,2412,0
2072,20,2431,0
2073,20,2524,0
2074,20,2575,0
2075,20,2632,0
2076,20,2636,0
2077,20,2712,0
2078,20,2905,0
2079,20,3009,0
2080,20,3117,0
2081,20,3185,0
2082,20,3350,0
2083,20,3379,0
2084,20,3426,0
2085,20,3447,0
2086,20,3603,0
2087,20,4047,0
2088,20,4253,0
2089,20,4327,0
2090,20,4381,0
2091,20,4409,0
2092,20,4485,0
2093,20,4496,0
2094,20,4575,0
2095,20,4817,0
2096,20,4899,0
2097,20,4911,0
2098,21,25,0
2099,21,46,0
2100,21,55,0
2101,21,60,0
2102,21,85,0
2103,21,88,0
2104,21,96,0
2105,21,102,0
2106,21,115,0
2107,21,189,0
2108,21,191,0
2109,21,206,0
2110,21,245,0
2111,21,289,0
2112,21,297,0
2113,21,298,0
2114,21,360,0
2115,21,390,0
2116,21,392,0
2117,21,397,0
2118,21,413,0
2119,21,417,0
2120,21,424,0
2121,21,450,0
2122,21,472,0
2123,21,481,0
2124,21,523,0
2125,21,546,0
2126,21,564,0
2127,21,628,0
2128,21,652,0
2129,21,782,0
2130,21,817,0
2131,21,828,0
2132,21,860,0
2133,21,946,0
2134,21,979,0
2135,21,996,0
2136,21,1038,0
2137,21,1051,0
2138,21,1070,0
2139,21,1088,0
2140,21,1110,0
2141,21,1115,0
2142,21,1176,0
2143,21,1216,0
2144,21,1290,0
2145,21,1331,0
2146,21,1345,0
2147,21,1401,0
2148,21,1444,0
2149,21,1503,0
2150,21,1524,0
2151,21,1540,0
2152,21,1640,0
2153,21,1717,0
2154,21,1731,0
2155,21,1743,0
2156,21,1808,0
2157,21,1814,0
2158,21,1819,0
2159,21,1841,0
2160,21,1899,0
2161,21,1977,0
2162,21,1994,0
2163,21,2111,0
2164,21,2193,0
2165,21,2235,0
2166,21,2236,0
2167,21,2363,0
2168,21,2429,0
2169,21,2498,0
2170,21,2506,0
2171,21,2545,0
2172,21,2570,0
2173,21,2617,0
2174,21,2692,0
2175,21,2953,0
2176,21,3054,0
2177,21,3212,0
2178,21,3308,0
2179,21,3326,0
2180,21,3385,0
2181,21,3400,0
2182,21,3459,0
2183,21,3462,0
2184,21,3671,0
2185,21,3695,0
2186,21,3716,0
2187,21,3750,0
2188,21,3898,0
2189,21,4001,0
2190,21,4045,0
2191,21,4073,0
2192,21,4092,0
2193,21,4120,0
2194,21,4216,0
2195,21,4266,0
2196,21,4349,0
2197,21,4437,0
2198,21,4626,0
2199,21,4738,0
2200,21,4761,0
2201,21,4823,0
2202,21,4960,0
2203,21,4969,0
2204,22,37,0
2205,22,44,0
2206,22,45,0
2207,22,72,0
2208,22,74,0
2209,22,104,0
2210,22,119,0
2211,22,144,0
2212,22,163,0
2213,22,204,0
2214,22,279,0
2215,22,281,0
2216,22,349,0
2217,22,422,0
2218,22,451,0
2219,22,470,0
2220,22,497,0
2221,22,586,0
2222,22,611,0
2223,22,662,0
2224,22,682,0
2225,22,726,0
2226,22,778,0
2227,22,918,0
2228,22,1000,0
2229,22,1028,0
2230,22,1229,0
2231,22,1645,0
2232,22,1740,0
2233,22,1868,0
2234,22,1937,0
2235,22,2055,0
2236,22,2152,0
2237,22,2291,0
2238,22,2403,0
2239,22,2606,0
2240,22,2633,0
2241,22,2727,0
2242,22,2828,0
2243,22,2925,0
2244,22,3429,0
2245,22,3655,0
2246,22,4102,0
2247,22,4363,0
2248,22,4429,0
2249,23,44,0
2250,23,83,0
2251,23,129,0
2252,23,133,0
2253,23,228,0
2254,23,275,0
2255,23,286,0
2256,23,294,0
2257,23,333,0
2258,23,471,0
2259,23,579,0
2260,23,588,0
2261,23,594,0
2262,23,643,0
2263,23,654,0
2264,23,716,0
2265,23,795,0
2266,23,906,0
2267,23,1073,0
2268,23,1127,0
2269,23,1173,0
2270,23,1191,0
2271,23,1314,0
2272,23,1354,0
2273,23,1689,0
2274,23,1932,0
2275,23,2054,0
2276,23,2084,0
2277,23,2130,0
2278,23,2145,0
2279,23,2268,0
2280,23,2464,0
2281,23,2622,0
2282,23,2665,0
2283,23,2925,0
2284,23,2988,0
2285,23,3045,0
2286,23,3064,0
2287,23,3212,0
2288,23,3424,0
2289,23,3533,0
2290,23,3741,0
2291,23,3764,0
2292,23,4141,0
2293,23,4150,0
2294,23,4259,0
2295,23,4348,0
2296,23,4869,0
2297,23,4891,0
2298,24,28,0
2299,24,40,0
2300,24,49,0
2301,24,68,0
2302,24,80,0
2303,24,94,0
2304,24,109,0
2305,24,136,0
2306,24,145,0
2307,24,146,0
2308,24,172,0
2309,24,188,0
2310,24,216,0
2311,24,288,0
2312,24,292,0
2313,24,313,0
2314,24,340,0
2315,24,357,0
2316,24,395,0
2317,24,398,0
2318,24,436,0
2319,24,458,0
2320,24,489,0
2321,24,501,0
2322,24,608,0
2323,24,615,0
2324,24,643,0
2325,24,741,0
2326,24,777,0
2327,24,785,0
2328,24,888,0
2329,24,893,0
2330,24,972,0
2331,24,1178,0
2332,24,1203,0
2333,24,1210,0
2334,24,1327,0
2335,24,1365,0
2336,24,1412,0
2337,24,1434,0
2338,24,1500,0
2339,24,1507,0
2340,24,1516,0
2341,24,1582,0
2342,24,1602,0
2343,24,1668,0
2344,24,1827,0
2345,24,1953,0
2346,24,2269,0
2347,24,2335,0
2348,24,2352,0
2349,24,2486,0
2350,24,2517,0
2351,24,2650,0
2352,24,2675,0
2353,24,2704,0
2354,24,2892,0
2355,24,2977,0
2356,24,3019,0
2357,24,3196,0
2358,24,3672,0
2359,24,3776,0
2360,24,3820,0
2361,24,3847,0
2362,24,3977,0
2363,24,4391,0
2364,24,4425,0
2365,24,4449,0
2366,24,4512,0
2367,24,4589,0
2368,24,4658,0
2369,24,4712,0
2370,24,4722,0
2371,24,4750,0
2372,25,44,0
2373,25,53,0
2374,25,60,0
2375,25,88,0
2376,25,90,0
2377,25,102,0
2378,25,156,0
2379,25,157,0
2380,25,159,0
2381,25,270,0
2382,25,271,0
2383,25,294,0
2384,25,321,0
2385,25,357,0
2386,25,508,0
2387,25,540,0
2388,25,545,0
2389,25,609,0
2390,25,779,0
2391,25,823,0
2392,25,877,0
2393,25,887,0
2394,25,898,0
2395,25,1011,0
2396,25,1072,0
2397,25,1306,0
2398,25,1329,0
2399,25,1461,0
2400,25,1511,0
2401,25,1813,0
2402,25,1896,0
2403,25,1953,0
2404,25,2037,0
2405,25,2117,0
2406,25,2132,0
2407,25,2383,0
2408,25,2676,0
2409,25,2712,0
2410,25,2831,0
2411,25,2933,0
2412,25,3177,0
2413,25,3283,0
2414,25,3432,0
2415,25,3557,0
2416,25,3705,0
2417,25,3808,0
2418,25,3907,0
2419,25,4054,0
2420,25,4060,0
2421,25,4140,0
2422,25,4154,0
2423,25,4210,0
2424,25,4355,0
2425,25,4592,0
2426,25,4617,0
2427,25,4621,0
2428,25,4666,0
2429,25,4728,0
2430,25,4795,0
2431,26,38,0
2432,26,61,0
2433,26,84,0
2434,26,199,0
2435,26,245,0
2436,26,329,0
2437,26,378,0
2438,26,529,0
2439,26,628,0
2440,26,743,0
2441,26,848,0
2442,26,981,0
2443,26,1153,0
2444,26,1252,0
2445,26,1502,0
2446,26,1622,0
2447,26,1802,0
2448,26,2125,0
2449,26,2218,0
2450,26,2247,0
2451,26,2429,0
2452,26,2605,0
2453,26,2694,0
2454,26,2754,0
2455,26,3180,0
2456,26,3291,0
2457,26,3440,0
2458,26,4049,0
2459,26,4295,0
2460,26,4352,0
2461,26,4606,0
2462,26,4622,0
2463,27,75,0
2464,27,81,0
2465,27,86,0
2466,27,137,0
2467,27,141,0
2468,27,165,0
2469,27,169,0
2470,27,226,0
2471,27,240,0
2472,27,337,0
2473,27,388,0
2474,27,418,0
2475,27,505,0
2476,27,513,0
2477,27,524,0
2478,27,525,0
2479,27,532,0
2480,27,718,0
2481,27,731,0
2482,27,872,0
2483,27,893,0
2484,27,999,0
2485,27,1051,0
2486,27,1145,0
2487,27,1146,0
2488,27,1168,0
2489,27,1186,0
2490,27,1292,0
2491,27,1571,0
2492,27,1574,0
2493,27,1576,0
2494,27,1577,0
2495,27,1723,0
2496,27,2155,0
2497,27,2392,0
2498,27,2423,0
2499,27,2839,0
2500,27,3201,0
2501,27,3443,0
2502,27,3525,0
2503,27,3795,0
2504,27,4070,0
2505,27,4412,0
2506,27,4569,0
2507,27,4598,0
2508,28,31,0
2509,28,38,0
2510,28,248,0
2511,28,447,0
2512,28,602,0
2513,28,625,0
2514,28,694,0
2515,28,704,0
2516,28,706,0
2517,28,754,0
2518,28,840,0
2519,28,944,0
2520,28,1048,0
2521,28,1093,0
2522,28,1125,0
2523,28,1136,0
2524,28,1238,0
2525,28,1398,0
2526,28,1588,0
2527,28,1892,0
2528,28,1910,0
2529,28,1986,0
2530,28,2265,0
2531,28,2466,0
2532,28,2858,0
2533,28,2968,0
2534,28,3082,0
2535,28,3312,0
2536,28,3781,0
2537,28,4097,0
2538,28,4114,0
2539,28,4984,0
2540,29,56,0
2541,29,64,0
2542,29,89,0
2543,29,93,0
2544,29,95,0
2545,29,108,0
2546,29,116,0
2547,29,132,0
2548,29,140,0
2549,29,150,0
2550,29,151,0
2551,29,164,0
2552,29,227,0
2553,29,233,0
2554,29,280,0
2555,29,323,0
2556,29,344,0
2557,29,363,0
2558,29,423,0
2559,29,444,0
2560,29,478,0
2561,29,601,0
2562,29,672,0
2563,29,722,0
2564,29,814,0
2565,29,833,0
2566,29,850,0
2567,29,863,0
2568,29,907,0
2569,29,1080,0
2570,29,1089,0
2571,29,1141,0
2572,29,1142,0
2573,29,1147,0
2574,29,1206,0
2575,29,1235,0
2576,29,1614,0
2577,29,1668,0
2578,29,1684,0
2579,29,1731,0
2580,29,1838,0
2581,29,1915,0
2582,29,1967,0
2583,29,2047,0
2584,29,2051,0
2585,29,2072,0
2586,29,2080,0
2587,29,2091,0
2588,29,2310,0
2589,29,2322,0
2590,29,2422,0
2591,29,2453,0
2592,29,2597,0
2593,29,2643,0
2594,29,2693,0
2595,29,2740,0
2596,29,2829,0
2597,29,2848,0
2598,29,2850,0
2599,29,3103,0
2600,29,3118,0
2601,29,3186,0
2602,29,3388,0
2603,29,3662,0
2604,29,3941,0
2605,29,3943,0
2606,29,3967,0
2607,29,4133,0
2608,29,4148,0
2609,29,4168,0
2610,29,4507,0
2611,29,4538,0
2612,29,4648,0
2613,29,4691,0
2614,29,4781,0
2615,29,4855,0
2616,30,49,0
2617,30,56,0
2618,30,57,0
2619,30,61,0
2620,30,93,0
2621,30,112,0
2622,30,122,0
2623,30,132,0
2624,30,222,0
2625,30,225,0
2626,30,254,0
2627,30,264,0
2628,30,266,0
2629,30,268,0
2630,30,281,0
2631,30,284,0
2632,30,318,0
2633,30,371,0
2634,30,377,0
2635,30,423,0
2636,30,438,0
2637,30,466,0
2638,30,506,0
2639,30,552,0
2640,30,559,0
2641,30,571,0
2642,30,577,0
2643,30,644,0
2644,30,683,0
2645,30,686,0
2646,30,827,0
2647,30,1150,0
2648,30,1166,0
2649,30,1214,0
2650,30,1251,0
2651,30,1275,0
2652,30,1300,0
2653,30,1305,0
2654,30,1306,0
2655,30,1699,0
2656,30,2029,0
2657,30,2140,0
2658,30,2233,0
2659,30,2263,0
2660,30,2298,0
2661,30,2330,0
2662,30,2344,0
2663,30,2355,0
2664,30,2646,0
2665,30,2839,0
2666,30,3260,0
2667,30,3363,0
2668,30,3417,0
2669,30,3561,0
2670,30,3569,0
2671,30,3746,0
2672,30,4115,0
2673,30,4292,0
2674,30,4413,0
2675,30,4462,0
2676,30,4499,0
2677,30,4571,0
2678,30,4753,0
2679,30,4887,0
2680,30,4914,0
2681,30,4968,0
2682,31,33,0
2683,31,34,0
2684,31,88,0
2685,31,103,0
2686,31,218,0
2687,31,264,0
2688,31,325,0
2689,31,339,0
2690,31,374,0
2691,31,431,0
2692,31,674,0
2693,31,681,0
2694,31,695,0
2695,31,804,0
2696,31,817,0
2697,31,828,0
2698,31,895,0
2699,31,1047,0
2700,31,1050,0
2701,31,1058,0
2702,31,1156,0
2703,31,1260,0
2704,31,1265,0
2705,31,1324,0
2706,31,1356,0
2707,31,1469,0
2708,31,1667,0
2709,31,1761,0
2710,31,1915,0
2711,31,1942,0
2712,31,1954,0
2713,31,1979,0
2714,31,2033,0
2715,31,2142,0
2716,31,2264,0
2717,31,2855,0
2718,31,3196,0
2719,31,3262,0
2720,31,3858,0
2721,31,3876,0
2722,31,3902,0
2723,31,3980,0
2724,31,4265,0
2725,31,4679,0
2726,31,4747,0
2727,32,73,0
2728,32,103,0
2729,32,121,0
2730,32,132,0
2731,32,153,0
2732,32,225,0
2733,32,228,0
2734,32,235,0
2735,32,246,0
2736,32,264,0
2737,32,287,0
2738,32,288,0
2739,32,335,0
2740,32,399,0
2741,32,459,0
2742,32,461,0
2743,32,544,0
2744,32,579,0
2745,32,680,0
2746,32,718,0
2747,32,784,0
2748,32,785,0
2749,32,926,0
2750,32,950,0
2751,32,1144,0
2752,32,1177,0
2753,32,1223,0
2754,32,1248,0
2755,32,1258,0
2756,32,1299,0
2757,32,1328,0
2758,32,1333,0
2759,32,1484,0
2760,32,1490,0
2761,32,1696,0
2762,32,1732,0
2763,32,1758,0
2764,32,1868,0
2765,32,1882,0
2766,32,1886,0
2767,32,1965,0
2768,32,2087,0
2769,32,2096,0
2770,32,2186,0
2771,32,2281,0
2772,32,2405,0
2773,32,2757,0
2774,32,2795,0
2775,32,3012,0
2776,32,3072,0
2777,32,3397,0
2778,32,3771,0
2779,32,3862,0
2780,32,4103,0
2781,32,4196,0
2782,32,4323,0
2783,32,4362,0
2784,32,4940,0
2785,32,4950,0
2786,33,40,0
2787,33,44,0
2788,33,113,0
2789,33,182,0
2790,33,191,0
2791,33,202,0
2792,33,211,0
2793,33,221,0
2794,33,226,0
2795,33,228,0
2796,33,282,0
2797,33,326,0
2798,33,368,0
2799,33,556,0
2800,33,651,0
2801,33,719,0
2802,33,743,0
2803,33,803,0
2804,33,818,0
2805,33,822,0
2806,33,929,0
2807,33,1220,0
2808,33,1312,0
2809,33,1383,0
2810,33,1423,0
2811,33,1476,0
2812,33,1533,0
2813,33,1586,0
2814,33,1675,0
2815,33,1753,0
2816,33,1792,0
2817,33,1833,0
2818,33,1887,0
2819,33,1961,0
2820,33,2030,0
2821,33,2196,0
2822,33,2243,0
2823,33,2270,0
2824,33,2411,0
2825,33,2547,0
2826,33,2609,0
2827,33,2656,0
2828,33,2729,0
2829,33,2877,0
2830,33,2921,0
2831,33,2971,0
2832,33,2986,0
2833,33,3031,0
2834,33,3194,0
2835,33,3247,0
2836,33,3300,0
2837,33,3573,0
2838,33,3628,0
2839,33,3740,0
2840,33,3768,0
2841,33,4075,0
2842,33,4236,0
2843,33,4259,0
2844,33,4721,0
2845,33,4837,0
2846,33,4892,0
2847,33,4918,0
2848,34,68,0
2849,34,212,0
2850,34,242,0
2851,34,334,0
2852,34,358,0
2853,34,472,0
2854,34,696,0
2855,34,703,0
2856,34,777,0
2857,34,868,0
2858,34,1035,0
2859,34,1174,0
2860,34,1544,0
2861,34,1556,0
2862,34,1993,0
2863,34,3367,0
2864,34,4134,0
2865,34,4828,0
2866,35,68,0
2867,35,112,0
2868,35,123,0
2869,35,138,0
2870,35,144,0
2871,35,159,0
2872,35,163,0
2873,35,165,0
2874,35,183,0
2875,35,192,0
2876,35,277,0
2877,35,317,0
2878,35,334,0
2879,35,429,0
2880,35,436,0
2881,35,457,0
2882,35,478,0
2883,35,495,0
2884,35,510,0
2885,35,652,0
2886,35,784,0
2887,35,829,0
2888,35,837,0
2889,35,911,0
2890,35,935,0
2891,35,968,0
2892,35,999,0
2893,35,1000,0
2894,35,1181,0
2895,35,1378,0
2896,35,1629,0
2897,35,1826,0
2898,35,1833,0
2899,35,1906,0
2900,35,2132,0
2901,35,2184,0
2902,35,2264,0
2903,35,2806,0
2904,35,2815,0
2905,35,2861,0
2906,35,3008,0
2907,35,3062,0
2908,35,3153,0
2909,35,3257,0
2910,35,3340,0
2911,35,3471,0
2912,35,3605,0
2913,35,3650,0
2914,35,3869,0
2915,35,4124,0
2916,35,4199,0
2917,35,4247,0
2918,35,4326,0
2919,35,4536,0
2920,35,4573,0
2921,35,4588,0
2922,35,4747,0
2923,36,47,0
2924,36,66,0
2925,36,101,0
2926,36,115,0
2927,36,125,0
2928,36,127,0
2929,36,166,0
2930,36,180,0
2931,36,193,0
2932,36,230,0
2933,36,231,0
2934,36,233,0
2935,36,332,0
2936,36,345,0
2937,36,346,0
2938,36,376,0
2939,36,380,0
2940,36,434,0
2941,36,437,0
2942,36,496,0
2943,36,584,0
2944,36,588,0
2945,36,591,0
2946,36,624,0
2947,36,679,0
2948,36,698,0
2949,36,730,0
2950,36,770,0
2951,36,772,0
2952,36,855,0
2953,36,997,0
2954,36,1005,0
2955,36,1015,0
2956,36,1021,0
2957,36,1025,0
2958,36,1154,0
2959,36,1249,0
2960,36,1369,0
2961,36,1609,0
2962,36,1717,0
2963,36,1784,0
2964,36,1893,0
2965,36,1912,0
2966,36,2026,0
2967,36,2064,0
2968,36,2184,0
2969,36,2198,0
2970,36,2221,0
2971,36,2248,0
2972,36,2250,0
2973,36,2314,0
2974,36,2481,0
2975,36,2546,0
2976,36,2626,0
2977,36,2869,0
2978,36,3116,0
2979,36,3160,0
2980,36,3165,0
2981,36,3241,0
2982,36,3341,0
2983,36,3550,0
2984,36,3597,0
2985,36,3678,0
2986,36,3685,0
2987,36,3787,0
2988,36,3811,0
2989,36,3843,0
2990,36,3922,0
2991,36,4133,0
2992,36,4147,0
2993,36,4515,0
2994,36,4518,0
2995,36,4811,0
2996,36,4813,0
2997,36,4825,0
2998,36,4833,0
2999,37,42,0
3000,37,51,0
3001,37,65,0
3002,37,77,0
3003,37,83,0
3004,37,122,0
3005,37,139,0
3006,37,163,0
3007,37,205,0
3008,37,253,0
3009,37,304,0
3010,37,456,0
3011,37,536,0
3012,37,709,0
3013,37,883,0
3014,37,886,0
3015,37,942,0
3016,37,953,0
3017,37,962,0
3018,37,1030,0
3019,37,1046,0
3020,37,1063,0
3021,37,1104,0
3022,37,1273,0
3023,37,1602,0
3024,37,1846,0
3025,37,1896,0
3026,37,1924,0
3027,37,1957,0
3028,37,2059,0
3029,37,2066,0
3030,37,2137,0
3031,37,2145,0
3032,37,2172,0
3033,37,2193,0
3034,37,2453,0
3035,37,2621,0
3036,37,2667,0
3037,37,2672,0
3038,37,2768,0
3039,37,2894,0
3040,37,3023,0
3041,37,3152,0
3042,37,3518,0
3043,37,3590,0
3044,37,4138,0
3045,37,4688,0
3046,37,4689,0
3047,37,4706,0
3048,37,4806,0
3049,38,42,0
3050,38,43,0
3051,38,55,0
3052,38,69,0
3053,38,76,0
3054,38,83,0
3055,38,150,0
3056,38,170,0
3057,38,175,0
3058,38,208,0
3059,38,248,0
3060,38,318,0
3061,38,443,0
3062,38,451,0
3063,38,453,0
3064,38,456,0
3065,38,486,0
3066,38,515,0
3067,38,539,0
3068,38,580,0
3069,38,584,0
3070,38,585,0
3071,38,666,0
3072,38,686,0
3073,38,745,0
3074,38,796,0
3075,38,815,0
3076,38,884,0
3077,38,920,0
3078,38,972,0
3079,38,1130,0
3080,38,1160,0
3081,38,1378,0
3082,38,1394,0
3083,38,1497,0
3084,38,1535,0
3085,38,1767,0
3086,38,1770,0
3087,38,1809,0
3088,38,1897,0
3089,38,1957,0
3090,38,1971,0
3091,38,2056,0
3092,38,2073,0
3093,38,2126,0
3094,38,2129,0
3095,38,2194,0
3096,38,2259,0
3097,38,2334,0
3098,38,2474,0
3099,38,2688,0
3100,38,2732,0
3101,38,2787,0
3102,38,2902,0
3103,38,3102,0
3104,38,3114,0
3105,38,3144,0
3106,38,3321,0
3107,38,3444,0
3108,38,3497,0
3109,38,3579,0
3110,38,3760,0
3111,38,3844,0
3112,38,4008,0
3113,38,4268,0
3114,38,4301,0
3115,38,4330,0
3116,38,4390,0
3117,38,4507,0
3118,38,4643,0
3119,38,4780,0
3120,38,4919,0
3121,39,59,0
3122,39,73,0
3123,39,199,0
3124,39,217,0
3125,39,257,0
3126,39,265,0
3127,39,361,0
3128,39,445,0
3129,39,834,0
3130,39,1388,0
3131,39,2033,0
3132,39,2255,0
3133,39,2396,0
3134,39,3041,0
3135,39,3059,0
3136,39,3809,0
3137,39,4254,0
3138,39,4347,0
3139,40,46,0
3140,40,100,0
3141,40,128,0
3142,40,215,0
3143,40,303,0
3144,40,306,0
3145,40,409,0
3146,40,437,0
3147,40,534,0
3148,40,580,0
3149,40,681,0
3150,40,756,0
3151,40,761,0
3152,40,794,0
3153,40,838,0
3154,40,903,0
3155,40,1045,0
3156,40,1384,0
3157,40,1399,0
3158,40,1414,0
3159,40,1456,0
3160,40,1464,0
3161,40,1572,0
3162,40,1704,0
3163,40,1764,0
3164,40,1909,0
3165,40,1930,0
3166,40,1958,0
3167,40,2023,0
3168,40,2355,0
3169,40,2608,0
3170,40,2635,0
3171,40,2669,0
3172,40,3176,0
3173,40,3195,0
3174,40,3494,0
3175,40,3560,0
3176,40,3646,0
3177,40,3718,0
3178,40,3719,0
3179,40,3760,0
3180,40,3788,0
3181,40,3803,0
3182,40,3815,0
3183,40,3840,0
3184,40,3984,0
3185,40,4010,0
3186,40,4393,0
3187,40,4580,0
3188,40,4724,0
3189,40,4863,0
3190,41,79,0
3191,41,157,0
3192,41,164,0
3193,41,239,0
3194,41,257,0
3195,41,452,0
3196,41,798,0
3197,41,820,0
3198,41,977,0
3199,41,1496,0
3200,41,1554,0
3201,41,1568,0
3202,41,1721,0
3203,41,2135,0
3204,41,2301,0
3205,41,2637,0
3206,41,2726,0
3207,41,3105,0
3208,41,3126,0
3209,41,3268,0
3210,41,3410,0
3211,41,4353,0
3212,41,4614,0
3213,41,4733,0
3214,41,4772,0
3215,41,4828,0
3216,41,4868,0
3217,42,84,0
3218,42,93,0
3219,42,194,0
3220,42,217,0
3221,42,232,0
3222,42,331,0
3223,42,473,0
3224,42,484,0
3225,42,663,0
3226,42,735,0
3227,42,768,0
3228,42,1012,0
3229,42,1064,0
3230,42,1079,0
3231,42,1083,0
3232,42,1098,0
3233,42,1253,0
3234,42,1633,0
3235,42,2549,0
3236,42,2655,0
3237,42,2783,0
3238,42,2800,0
3239,42,2904,0
3240,42,3645,0
3241,42,3759,0
3242,42,4072,0
3243,42,4469,0
3244,43,107,0
3245,43,118,0
3246,43,124,0
3247,43,133,0
3248,43,179,0
3249,43,184,0
3250,43,213,0
3251,43,225,0
3252,43,242,0
3253,43,305,0
3254,43,350,0
3255,43,379,0
3256,43,442,0
3257,43,578,0
3258,43,637,0
3259,43,765,0
3260,43,793,0
3261,43,829,0
3262,43,851,0
3263,43,867,0
3264,43,886,0
3265,43,897,0
3266,43,938,0
3267,43,956,0
3268,43,984,0
3269,43,1236,0
3270,43,1294,0
3271,43,1318,0
3272,43,1337,0
3273,43,1356,0
3274,43,1426,0
3275,43,1483,0
3276,43,1495,0
3277,43,1601,0
3278,43,1763,0
3279,43,1774,0
3280,43,1852,0
3281,43,1855,0
3282,43,1991,0
3283,43,2085,0
3284,43,2196,0
3285,43,2270,0
3286,43,2344,0
3287,43,2365,0
3288,43,2377,0
3289,43,2577,0
3290,43,2589,0
3291,43,2689,0
3292,43,2750,0
3293,43,2789,0
3294,43,3122,0
3295,43,3445,0
3296,43,3684,0
3297,43,3689,0
3298,43,3693,0
3299,43,3736,0
3300,43,3989,0
3301,43,4107,0
3302,43,4261,0
3303,43,4328,0
3304,43,4642,0
3305,43,4804,0
3306,43,4877,0
3307,43,4958,0
3308,44,109,0
3309,44,196,0
3310,44,240,0
3311,44,325,0
3312,44,338,0
3313,44,537,0
3314,44,608,0
3315,44,659,0
3316,44,728,0
3317,44,754,0
3318,44,877,0
3319,44,904,0
3320,44,1007,0
3321,44,1277,0
3322,44,1536,0
3323,44,1813,0
3324,44,2162,0
3325,44,2424,0
3326,44,2484,0
3327,44,2491,0
3328,44,2915,0
3329,44,3059,0
3330,44,3080,0
3331,44,3626,0
3332,44,3757,0
3333,44,3851,0
3334,44,4351,0
3335,44,4432,0
3336,44,4517,0
3337,45,50,0
3338,45,53,0
3339,45,54,0
3340,45,97,0
3341,45,110,0
3342,45,140,0
3343,45,142,0
3344,45,192,0
3345,45,201,0
3346,45,212,0
3347,45,223,0
3348,45,262,0
3349,45,280,0
3350,45,396,0
3351,45,408,0
3352,45,542,0
3353,45,681,0
3354,45,742,0
3355,45,1039,0
3356,45,1043,0
3357,45,1084,0
3358,45,1183,0
3359,45,1234,0
3360,45,1371,0
3361,45,1568,0
3362,45,1589,0
3363,45,1704,0
3364,45,1889,0
3365,45,2051,0
3366,45,2086,0
3367,45,2216,0
3368,45,2537,0
3369,45,2577,0
3370,45,2706,0
3371,45,2744,0
3372,45,2766,0
3373,45,2800,0
3374,45,2916,0
3375,45,3105,0
3376,45,3440,0
3377,45,3567,0
3378,45,3661,0
3379,45,3916,0
3380,45,3935,0
3381,45,3944,0
3382,45,4035,0
3383,45,4159,0
3384,45,4340,0
3385,45,4391,0
3386,45,4705,0
3387,45,4764,0
3388,45,4848,0
3389,45,4896,0
3390,46,75,0
3391,46,169,0
3392,46,173,0
3393,46,183,0
3394,46,208,0
3395,46,241,0
3396,46,262,0
3397,46,300,0
3398,46,340,0
3399,46,359,0
3400,46,567,0
3401,46,690,0
3402,46,740,0
3403,46,775,0
3404,46,907,0
3405,46,921,0
3406,46,1020,0
3407,46,1145,0
3408,46,1274,0
3409,46,1295,0
3410,46,1465,0
3411,46,1665,0
3412,46,1851,0
3413,46,1891,0
3414,46,1912,0
3415,46,2022,0
3416,46,2298,0
3417,46,2299,0
3418,46,2334,0
3419,46,2833,0
3420,46,2948,0
3421,46,2951,0
3422,46,2993,0
3423,46,3196,0
3424,46,3327,0
3425,46,3750,0
3426,46,4085,0
3427,46,4152,0
3428,46,4174,0
3429,46,4481,0
3430,46,4598,0
3431,46,4792,0
3432,46,4945,0
3433,47,49,0
3434,47,79,0
3435,47,111,0
3436,47,112,0
3437,47,115,0
3438,47,182,0
3439,47,202,0
3440,47,332,0
3441,47,343,0
3442,47,446,0
3443,47,449,0
3444,47,457,0
3445,47,528,0
3446,47,609,0
3447,47,641,0
3448,47,833,0
3449,47,1287,0
3450,47,1447,0
3451,47,1520,0
3452,47,1737,0
3453,47,1751,0
3454,47,1855,0
3455,47,2005,0
3456,47,2048,0
3457,47,2121,0
3458,47,2149,0
3459,47,2230,0
3460,47,2544,0
3461,47,2588,0
3462,47,2731,0
3463,47,2761,0
3464,47,3219,0
3465,47,3803,0
3466,47,3853,0
3467,47,3947,0
3468,47,4053,0
3469,47,4148,0
3470,47,4433,0
3471,48,56,0
3472,48,88,0
3473,48,130,0
3474,48,234,0
3475,48,272,0
3476,48,273,0
3477,48,308,0
3478,48,401,0
3479,48,502,0
3480,48,526,0
3481,48,692,0
3482,48,740,0
3483,48,792,0
3484,48,884,0
3485,48,899,0
3486,48,963,0
3487,48,1041,0
3488,48,1071,0
3489,48,1158,0
3490,48,1549,0
3491,48,1575,0
3492,48,1760,0
3493,48,1788,0
3494,48,1958,0
3495,48,2039,0
3496,48,2105,0
3497,48,2156,0
3498,48,2410,0
3499,48,2429,0
3500,48,2436,0
3501,48,2582,0
3502,48,2656,0
3503,48,2779,0
3504,48,2945,0
3505,48,3135,0
3506,48,3354,0
3507,48,3386,0
3508,48,3619,0
3509,48,3744,0
3510,48,4115,0
3511,48,4241,0
3512,48,4503,0
3513,48,4558,0
3514,48,4585,0
3515,48,4735,0
3516,48,4956,0
3517,49,63,0
3518,49,97,0
3519,49,105,0
3520,49,143,0
3521,49,190,0
3522,49,191,0
3523,49,200,0
3524,49,202,0
3525,49,207,0
3526,49,215,0
3527,49,245,0
3528,49,266,0
3529,49,341,0
3530,49,440,0
3531,49,444,0
3532,49,518,0
3533,49,614,0
3534,49,689,0
3535,49,711,0
3536,49,825,0
3537,49,890,0
3538,49,1007,0
3539,49,1032,0
3540,49,1205,0
3541,49,1315,0
3542,49,1428,0
3543,49,1466,0
3544,49,1512,0
3545,49,1649,0
3546,49,1652,0
3547,49,1823,0
3548,49,1933,0
3549,49,1988,0
3550,49,2045,0
3551,49,2097,0
3552,49,2158,0
3553,49,2195,0
3554,49,2200,0
3555,49,2312,0
3556,49,2390,0
3557,49,2748,0
3558,49,2749,0
3559,49,2790,0
3560,49,2797,0
3561,49,2808,0
3562,49,2838,0
3563,49,2859,0
3564,49,3068,0
3565,49,3127,0
3566,49,3152,0
3567,49,3156,0
3568,49,3489,0
3569,49,3495,0
3570,49,3704,0
3571,49,3707,0
3572,49,3750,0
3573,49,3835,0
3574,49,3863,0
3575,49,3866,0
3576,49,3950,0
3577,49,4156,0
3578,49,4232,0
3579,49,4285,0
3580,49,4308,0
3581,49,4441,0
3582,49,4482,0
3583,49,4775,0
3584,49,4796,0
3585,49,4803,0
3586,49,4810,0
3587,50,86,0
3588,50,95,0
3589,50,105,0
3590,50,117,0
3591,50,118,0
3592,50,119,0
3593,50,131,0
3594,50,146,0
3595,50,187,0
3596,50,210,0
3597,50,229,0
3598,50,249,0
3599,50,255,0
3600,50,326,0
3601,50,352,0
3602,50,462,0
3603,50,466,0
3604,50,477,0
3605,50,514,0
3606,50,563,0
3607,50,576,0
3608,50,700,0
3609,50,712,0
3610,50,763,0
3611,50,844,0
3612,50,856,0
3613,50,875,0
3614,50,996,0
3615,50,1067,0
3616,50,1155,0
3617,50,1370,0
3618,50,1410,0
3619,50,1600,0
3620,50,1640,0
3621,50,1760,0
3622,50,1777,0
3623,50,1849,0
3624,50,1861,0
3625,50,1906,0
3626,50,2109,0
3627,50,2128,0
3628,50,2157,0
3629,50,2185,0
3630,50,2217,0
3631,50,2281,0
3632,50,2345,0
3633,50,2737,0
3634,50,2837,0
3635,50,2972,0
3636,50,3007,0
3637,50,3094,0
3638,50,3150,0
3639,50,3283,0
3640,50,3354,0
3641,50,3405,0
3642,50,3515,0
3643,50,3622,0
3644,50,3825,0
3645,50,3926,0
3646,50,3978,0
3647,50,4047,0
3648,50,4214,0
3649,50,4278,0
3650,50,4328,0
3651,50,4391,0
3652,50,4717,0
3653,50,4722,0
3654,50,4743,0
3655,50,4762,0
3656,50,4912,0
3657,50,4966,0
3658,51,107,0
3659,51,110,0
3660,51,116,0
3661,51,161,0
3662,51,180,0
3663,51,292,0
3664,51,436,0
3665,51,679,0
3666,51,693,0
3667,51,917,0
3668,51,1160,0
3669,51,1309,0
3670,51,1416,0
3671,51,1456,0
3672,51,1539,0
3673,51,1577,0
3674,51,1761,0
3675,51,1790,0
3676,51,1822,0
3677,51,1898,0
3678,51,2074,0
3679,51,2364,0
3680,51,2450,0
3681,51,2715,0
3682,51,2873,0
3683,51,3156,0
3684,51,3161,0
3685,51,3178,0
3686,51,3438,0
3687,51,3934,0
3688,51,4282,0
3689,51,4470,0
3690,51,4641,0
3691,51,4782,0
3692,51,4874,0
3693,52,90,0
3694,52,164,0
3695,52,219,0
3696,52,276,0
3697,52,454,0
3698,52,565,0
3699,52,825,0
3700,52,1587,0
3701,52,1939,0
3702,52,1990,0
3703,52,2227,0
3704,52,2309,0
3705,52,2914,0
3706,52,2918,0
3707,52,3751,0
3708,52,4766,0
3709,52,4810,0
3710,53,119,0
3711,53,182,0
3712,53,205,0
3713,53,314,0
3714,53,453,0
3715,53,458,0
3716,53,465,0
3717,53,555,0
3718,53,611,0
3719,53,1379,0
3720,53,1940,0
3721,53,2448,0
3722,53,3098,0
3723,53,3140,0
3724,53,3335,0
3725,53,4019,0
3726,53,4599,0
3727,53,4600,0
3728,53,4974,0
3729,54,86,0
3730,54,164,0
3731,54,176,0
3732,54,247,0
3733,54,366,0
3734,54,499,0
3735,54,947,0
3736,54,982,0
3737,54,1027,0
3738,54,1050,0
3739,54,1718,0
3740,54,1984,0
3741,54,2051,0
3742,54,2198,0
3743,54,2496,0
3744,54,2724,0
3745,54,2860,0
3746,54,3777,0
3747,54,4495,0
3748,54,4873,0
3749,54,4902,0
3750,54,4926,0
3751,55,78,0
3752,55,162,0
3753,55,301,0
3754,55,375,0
3755,55,499,0
3756,55,787,0
3757,55,1044,0
3758,55,1620,0
3759,55,1820,0
3760,55,2109,0
3761,55,2639,0
3762,55,3586,0
3763,55,3943,0
3764,55,4417,0
3765,56,96,0
3766,56,110,0
3767,56,227,0
3768,56,389,0
3769,56,525,0
3770,56,597,0
3771,56,770,0
3772,56,773,0
3773,56,934,0
3774,56,1094,0
3775,56,1148,0
3776,56,1253,0
3777,56,1329,0
3778,56,1343,0
3779,56,1402,0
3780,56,1472,0
3781,56,1496,0
3782,56,1784,0
3783,56,1844,0
3784,56,1858,0
3785,56,2089,0
3786,56,2154,0
3787,56,2241,0
3788,56,2582,0
3789,56,2793,0
3790,56,2842,0
3791,56,2844,0
3792,56,3146,0
3793,56,3355,0
3794,56,3410,0
3795,56,3878,0
3796,56,4127,0
3797,56,4136,0
3798,56,4438,0
3799,56,4464,0
3800,56,4655,0
3801,56,4947,0
3802,57,60,0
3803,57,63,0
3804,57,85,0
3805,57,139,0
3806,57,147,0
3807,57,159,0
3808,57,240,0
3809,57,253,0
3810,57,316,0
3811,57,418,0
3812,57,658,0
3813,57,696,0
3814,57,744,0
3815,57,844,0
3816,57,1097,0
3817,57,1175,0
3818,57,1610,0
3819,57,1919,0
3820,57,2350,0
3821,57,4213,0
3822,57,4930,0
3823,58,173,0
3824,58,211,0
3825,58,248,0
3826,58,251,0
3827,58,274,0
3828,58,310,0
3829,58,377,0
3830,58,435,0
3831,58,446,0
3832,58,491,0
3833,58,503,0
3834,58,511,0
3835,58,522,0
3836,58,556,0
3837,58,717,0
3838,58,748,0
3839,58,870,0
3840,58,957,0
3841,58,1001,0
3842,58,1030,0
3843,58,1084,0
3844,58,1098,0
3845,58,1105,0
3846,58,1146,0
3847,58,1150,0
3848,58,1155,0
3849,58,1241,0
3850,58,1322,0
3851,58,1452,0
3852,58,1500,0
3853,58,1729,0
3854,58,1750,0
3855,58,1854,0
3856,58,1900,0
3857,58,1905,0
3858,58,1979,0
3859,58,1981,0
3860,58,2038,0
3861,58,2446,0
3862,58,2577,0
3863,58,2637,0
3864,58,2682,0
3865,58,2744,0
3866,58,2766,0
3867,58,3904,0
3868,58,4013,0
3869,58,4063,0
3870,58,4467,0
3871,58,4573,0
3872,58,4593,0
3873,58,4686,0
3874,58,4833,0
3875,58,4871,0
3876,59,64,0
3877,59,70,0
3878,59,71,0
3879,59,92,0
3880,59,138,0
3881,59,154,0
3882,59,177,0
3883,59,180,0
3884,59,193,0
3885,59,308,0
3886,59,327,0
3887,59,353,0
3888,59,359,0
3889,59,421,0
3890,59,484,0
3891,59,558,0
3892,59,723,0
3893,59,738,0
3894,59,761,0
3895,59,827,0
3896,59,839,0
3897,59,848,0
3898,59,938,0
3899,59,1121,0
3900,59,1556,0
3901,59,1695,0
3902,59,1886,0
3903,59,1891,0
3904,59,1896,0
3905,59,2131,0
3906,59,2176,0
3907,59,2178,0
3908,59,2190,0
3909,59,2301,0
3910,59,2468,0
3911,59,2670,0
3912,59,2891,0
3913,59,2900,0
3914,59,2937,0
3915,59,3023,0
3916,59,3056,0
3917,59,3152,0
3918,59,3234,0
3919,59,3423,0
3920,59,3935,0
3921,59,4032,0
3922,59,4095,0
3923,59,4098,0
3924,59,4132,0
3925,59,4170,0
3926,59,4232,0
3927,59,4379,0
3928,59,4471,0
3929,59,4608,0
3930,59,4655,0
3931,59,4700,0
3932,59,4846,0
3933,60,261,0
3934,60,337,0
3935,60,367,0
3936,60,505,0
3937,60,531,0
3938,60,600,0
3939,60,676,0
3940,60,708,0
3941,60,764,0
3942,60,892,0
3943,60,985,0
3944,60,1000,0
3945,60,1017,0
3946,60,1112,0
3947,60,1259,0
3948,60,1310,0
3949,60,1408,0
3950,60,1472,0
3951,60,1545,0
3952,60,1565,0
3953,60,1946,0
3954,60,1991,0
3955,60,2099,0
3956,60,2400,0
3957,60,2438,0
3958,60,2778,0
3959,60,3004,0
3960,60,3048,0
3961,60,3134,0
3962,60,3326,0
3963,60,3526,0
3964,60,3595,0
3965,60,3969,0
3966,60,4272,0
3967,61,63,0
3968,61,66,0
3969,61,80,0
3970,61,90,0
3971,61,94,0
3972,61,115,0
3973,61,134,0
3974,61,148,0
3975,61,222,0
3976,61,242,0
3977,61,270,0
3978,61,295,0
3979,61,313,0
3980,61,343,0
3981,61,357,0
3982,61,364,0
3983,61,373,0
3984,61,474,0
3985,61,503,0
3986,61,505,0
3987,61,524,0
3988,61,525,0
3989,61,537,0
3990,61,641,0
3991,61,643,0
3992,61,705,0
3993,61,748,0
3994,61,799,0
3995,61,847,0
3996,61,854,0
3997,61,863,0
3998,61,892,0
3999,61,1080,0
4000,61,1163,0
4001,61,1187,0
4002,61,1287,0
4003,61,1329,0
4004,61,1350,0
4005,61,1532,0
4006,61,1754,0
4007,61,1906,0
4008,61,1992,0
4009,61,2031,0
4010,61,2083,0
4011,61,2098,0
4012,61,2156,0
4013,61,2290,0
4014,61,2306,0
4015,61,2314,0
4016,61,2495,0
4017,61,2733,0
4018,61,2751,0
4019,61,2890,0
4020,61,2892,0
4021,61,2913,0
4022,61,2918,0
4023,61,2920,0
4024,61,2950,0
4025,61,3020,0
4026,61,3107,0
4027,61,3112,0
4028,61,3116,0
4029,61,3608,0
4030,61,3681,0
4031,61,3912,0
4032,61,4022,0
4033,61,4272,0
4034,61,4443,0
4035,61,4609,0
4036,61,4700,0
4037,61,4702,0
4038,61,4883,0
4039,61,4895,0
4040,62,96,0
4041,62,106,0
4042,62,111,0
4043,62,116,0
4044,62,152,0
4045,62,174,0
4046,62,231,0
4047,62,234,0
4048,62,237,0
4049,62,277,0
4050,62,369,0
4051,62,384,0
4052,62,406,0
4053,62,454,0
4054,62,471,0
4055,62,499,0
4056,62,511,0
4057,62,548,0
4058,62,555,0
4059,62,666,0
4060,62,668,0
4061,62,723,0
4062,62,749,0
4063,62,917,0
4064,62,929,0
4065,62,956,0
4066,62,982,0
4067,62,1026,0
4068,62,1087,0
4069,62,1182,0
4070,62,1419,0
4071,62,1451,0
4072,62,1545,0
4073,62,1570,0
4074,62,1608,0
4075,62,1640,0
4076,62,1821,0
4077,62,2295,0
4078,62,2419,0
4079,62,2611,0
4080,62,2833,0
4081,62,2834,0
4082,62,2938,0
4083,62,2993,0
4084,62,3095,0
4085,62,3231,0
4086,62,3281,0
4087,62,3284,0
4088,62,3314,0
4089,62,3408,0
4090,62,3470,0
4091,62,3477,0
4092,62,3704,0
4093,62,3732,0
4094,62,3783,0
4095,62,3788,0
4096,62,3835,0
4097,62,3850,0
4098,62,3914,0
4099,62,3960,0
4100,62,4587,0
4101,62,4650,0
4102,62,4753,0
4103,62,4808,0
4104,62,4900,0
4105,62,4925,0
4106,62,4933,0
4107,63,71,0
4108,63,128,0
4109,63,162,0
4110,63,269,0
4111,63,343,0
4112,63,350,0
4113,63,369,0
4114,63,927,0
4115,63,1083,0
4116,63,1092,0
4117,63,1117,0
4118,63,1248,0
4119,63,1266,0
4120,63,1288,0
4121,63,1370,0
4122,63,1383,0
4123,63,1536,0
4124,63,1636,0
4125,63,1776,0
4126,63,1964,0
4127,63,2068,0
4128,63,2217,0
4129,63,2288,0
4130,63,2340,0
4131,63,2406,0
4132,63,2413,0
4133,63,2465,0
4134,63,2734,0
4135,63,3123,0
4136,63,3167,0
4137,63,3171,0
4138,63,3232,0
4139,63,3250,0
4140,63,3365,0
4141,63,3450,0
4142,63,3873,0
4143,63,4177,0
4144,63,4199,0
4145,63,4411,0
4146,63,4651,0
4147,63,4976,0
4148,64,151,0
4149,64,367,0
4150,64,562,0
4151,64,660,0
4152,64,1096,0
4153,64,1114,0
4154,64,1456,0
4155,64,1508,0
4156,64,1831,0
4157,64,1989,0
4158,64,2018,0
4159,64,2346,0
4160,64,2739,0
4161,64,2869,0
4162,64,3454,0
4163,64,3518,0
4164,64,3682,0
4165,64,4245,0
4166,65,80,0
4167,65,141,0
4168,65,237,0
4169,65,449,0
4170,65,556,0
4171,65,631,0
4172,65,693,0
4173,65,745,0
4174,65,888,0
4175,65,978,0
4176,65,1195,0
4177,65,1350,0
4178,65,1903,0
4179,65,2167,0
4180,65,2474,0
4181,65,3901,0
4182,65,4009,0
4183,66,73,0
4184,66,77,0
4185,66,123,0
4186,66,142,0
4187,66,265,0
4188,66,290,0
4189,66,468,0
4190,66,813,0
4191,66,1069,0
4192,66,1199,0
4193,66,1597,0
4194,66,1665,0
4195,66,1782,0
4196,66,1876,0
4197,66,1983,0
4198,66,2034,0
4199,66,2103,0
4200,66,2608,0
4201,66,3698,0
4202,66,3792,0
4203,66,3919,0
4204,67,174,0
4205,67,176,0
4206,67,291,0
4207,67,339,0
4208,67,441,0
4209,67,456,0
4210,67,496,0
4211,67,604,0
4212,67,647,0
4213,67,664,0
4214,67,725,0
4215,67,849,0
4216,67,862,0
4217,67,1039,0
4218,67,1235,0
4219,67,1367,0
4220,67,1744,0
4221,67,1935,0
4222,67,2032,0
4223,67,2107,0
4224,67,2126,0
4225,67,2249,0
4226,67,2286,0
4227,67,2765,0
4228,67,3053,0
4229,67,3133,0
4230,67,3778,0
4231,67,4779,0
4232,67,4807,0
4233,68,200,0
4234,68,229,0
4235,68,239,0
4236,68,459,0
4237,68,557,0
4238,68,601,0
4239,68,1120,0
4240,68,1126,0
4241,68,1437,0
4242,68,1492,0
4243,68,1895,0
4244,68,2124,0
4245,68,2275,0
4246,68,2497,0
4247,68,2655,0
4248,68,2871,0
4249,68,3017,0
4250,68,3236,0
4251,68,3586,0
4252,68,3761,0
4253,68,3812,0
4254,68,4152,0
4255,68,4597,0
4256,69,120,0
4257,69,145,0
4258,69,261,0
4259,69,271,0
4260,69,464,0
4261,69,575,0
4262,69,586,0
4263,69,596,0
4264,69,605,0
4265,69,607,0
4266,69,608,0
4267,69,697,0
4268,69,716,0
4269,69,810,0
4270,69,881,0
4271,69,885,0
4272,69,896,0
4273,69,1063,0
4274,69,1511,0
4275,69,1619,0
4276,69,1742,0
4277,69,1763,0
4278,69,1768,0
4279,69,1828,0
4280,69,1838,0
4281,69,1901,0
4282,69,2104,0
4283,69,2206,0
4284,69,2307,0
4285,69,2350,0
4286,69,2432,0
4287,69,2710,0
4288,69,2829,0
4289,69,2847,0
4290,69,2884,0
4291,69,2968,0
4292,69,3279,0
4293,69,3400,0
4294,70,86,0
4295,70,112,0
4296,70,384,0
4297,70,389,0
4298,70,487,0
4299,70,1060,0
4300,70,1140,0
4301,70,1938,0
4302,70,2238,0
4303,70,3397,0
4304,70,3886,0
4305,71,82,0
4306,71,126,0
4307,71,130,0
4308,71,133,0
4309,71,153,0
4310,71,160,0
4311,71,230,0
4312,71,259,0
4313,71,444,0
4314,71,452,0
4315,71,500,0
4316,71,514,0
4317,71,649,0
4318,71,671,0
4319,71,833,0
4320,71,917,0
4321,71,1036,0
4322,71,1064,0
4323,71,1327,0
4324,71,1421,0
4325,71,1603,0
4326,71,1666,0
4327,71,1727,0
4328,71,2009,0
4329,71,2045,0
4330,71,2072,0
4331,71,2090,0
4332,71,2100,0
4333,71,2855,0
4334,71,3439,0
4335,71,3759,0
4336,71,4014,0
4337,71,4545,0
4338,71,4971,0
4339,72,74,0
4340,72,175,0
4341,72,196,0
4342,72,252,0
4343,72,300,0
4344,72,406,0
4345,72,417,0
4346,72,560,0
4347,72,571,0
4348,72,582,0
4349,72,616,0
4350,72,710,0
4351,72,713,0
4352,72,756,0
4353,72,1065,0
4354,72,1123,0
4355,72,1324,0
4356,72,1429,0
4357,72,1430,0
4358,72,1444,0
4359,72,1539,0
4360,72,1719,0
4361,72,1849,0
4362,72,1987,0
4363,72,2005,0
4364,72,2015,0
4365,72,2028,0
4366,72,2106,0
4367,72,2133,0
4368,72,2164,0
4369,72,2255,0
4370,72,2454,0
4371,72,2494,0
4372,72,2587,0
4373,72,2685,0
4374,72,2896,0
4375,72,3106,0
4376,72,3152,0
4377,72,3243,0
4378,72,3381,0
4379,72,3667,0
4380,72,3775,0
4381,72,4207,0
4382,72,4275,0
4383,72,4492,0
4384,72,4982,0
4385,72,4985,0
4386,73,117,0
4387,73,123,0
4388,73,140,0
4389,73,158,0
4390,73,214,0
4391,73,277,0
4392,73,314,0
4393,73,335,0
4394,73,351,0
4395,73,354,0
4396,73,387,0
4397,73,527,0
4398,73,603,0
4399,73,605,0
4400,73,738,0
4401,73,763,0
4402,73,806,0
4403,73,896,0
4404,73,989,0
4405,73,1097,0
4406,73,1123,0
4407,73,1252,0
4408,73,1294,0
4409,73,1358,0
4410,73,1377,0
4411,73,1478,0
4412,73,1687,0
4413,73,1852,0
4414,73,2050,0
4415,73,2230,0
4416,73,2761,0
4417,73,3347,0
4418,73,3394,0
4419,73,3541,0
4420,73,3701,0
4421,73,4158,0
4422,73,4410,0
4423,73,4420,0
4424,73,4456,0
4425,74,124,0
4426,74,168,0
4427,74,216,0
4428,74,439,0
4429,74,535,0
4430,74,814,0
4431,74,905,0
4432,74,950,0
4433,74,957,0
4434,74,974,0
4435,74,1015,0
4436,74,1032,0
4437,74,1081,0
4438,74,1268,0
4439,74,1309,0
4440,74,1522,0
4441,74,1571,0
4442,74,1629,0
4443,74,1863,0
4444,74,1914,0
4445,74,1920,0
4446,74,2401,0
4447,74,2418,0
4448,74,2493,0
4449,74,2602,0
4450,74,2714,0
4451,74,2749,0
4452,74,2806,0
4453,74,3295,0
4454,74,3532,0
4455,74,3934,0
4456,74,4628,0
4457,74,4679,0
4458,74,4809,0
4459,75,84,0
4460,75,98,0
4461,75,121,0
4462,75,127,0
4463,75,200,0
4464,75,214,0
4465,75,222,0
4466,75,231,0
4467,75,256,0
4468,75,277,0
4469,75,280,0
4470,75,309,0
4471,75,372,0
4472,75,378,0
4473,75,397,0
4474,75,431,0
4475,75,465,0
4476,75,476,0
4477,75,543,0
4478,75,899,0
4479,75,966,0
4480,75,986,0
4481,75,1159,0
4482,75,1204,0
4483,75,1295,0
4484,75,1320,0
4485,75,1645,0
4486,75,1657,0
4487,75,1791,0
4488,75,1806,0
4489,75,1838,0
4490,75,1853,0
4491,75,1857,0
4492,75,1928,0
4493,75,2347,0
4494,75,2476,0
4495,75,2925,0
4496,75,2980,0
4497,75,2983,0
4498,75,3070,0
4499,75,3119,0
4500,75,3255,0
4501,75,3285,0
4502,75,3465,0
4503,75,3786,0
4504,75,3903,0
4505,75,3948,0
4506,75,4146,0
4507,75,4151,0
4508,75,4512,0
4509,75,4518,0
4510,75,4598,0
4511,75,4687,0
4512,75,4690,0
4513,75,4755,0
4514,75,4826,0
4515,76,82,0
4516,76,93,0
4517,76,94,0
4518,76,98,0
4519,76,154,0
4520,76,201,0
4521,76,279,0
4522,76,291,0
4523,76,305,0
4524,76,352,0
4525,76,442,0
4526,76,621,0
4527,76,837,0
4528,76,867,0
4529,76,872,0
4530,76,880,0
4531,76,972,0
4532,76,1057,0
4533,76,1075,0
4534,76,1127,0
4535,76,1240,0
4536,76,1371,0
4537,76,1455,0
4538,76,2020,0
4539,76,2246,0
4540,76,2294,0
4541,76,2374,0
4542,76,2487,0
4543,76,2911,0
4544,76,3135,0
4545,76,3211,0
4546,76,3349,0
4547,76,3519,0
4548,76,3772,0
4549,76,3799,0
4550,76,3910,0
4551,76,4056,0
4552,76,4547,0
4553,76,4609,0
4554,76,4649,0
4555,76,4666,0
4556,77,85,0
4557,77,209,0
4558,77,402,0
4559,77,414,0
4560,77,443,0
4561,77,527,0
4562,77,532,0
4563,77,550,0
4564,77,565,0
4565,77,618,0
4566,77,750,0
4567,77,754,0
4568,77,828,0
4569,77,835,0
4570,77,918,0
4571,77,921,0
4572,77,1164,0
4573,77,1193,0
4574,77,1238,0
4575,77,1578,0
4576,77,2683,0
4577,77,2774,0
4578,77,3180,0
4579,77,3235,0
4580,77,3249,0
4581,77,3388,0
4582,77,3597,0
4583,77,3719,0
4584,77,3805,0
4585,77,3853,0
4586,77,4187,0
4587,77,4551,0
4588,77,4903,0
4589,78,470,0
4590,78,671,0
4591,78,2540,0
4592,78,2658,0
4593,78,2707,0
4594,78,2973,0
4595,78,3485,0
4596,78,3634,0
4597,78,4229,0
4598,79,138,0
4599,79,183,0
4600,79,301,0
4601,79,330,0
4602,79,331,0
4603,79,433,0
4604,79,541,0
4605,79,651,0
4606,79,757,0
4607,79,931,0
4608,79,977,0
4609,79,1224,0
4610,79,1693,0
4611,79,1862,0
4612,79,1925,0
4613,79,1944,0
4614,79,2349,0
4615,79,2456,0
4616,79,2789,0
4617,79,2814,0
4618,79,3072,0
4619,79,3447,0
4620,79,3937,0
4621,79,3964,0
4622,79,4112,0
4623,79,4282,0
4624,79,4994,0
4625,80,108,0
4626,80,146,0
4627,80,188,0
4628,80,267,0
4629,80,273,0
4630,80,342,0
4631,80,380,0
4632,80,465,0
4633,80,612,0
4634,80,817,0
4635,80,939,0
4636,80,1201,0
4637,80,1513,0
4638,80,1527,0
4639,80,1555,0
4640,80,1704,0
4641,80,1846,0
4642,80,1875,0
4643,80,2119,0
4644,80,2397,0
4645,80,2980,0
4646,80,3070,0
4647,80,3641,0
4648,80,3791,0
4649,80,3831,0
4650,80,4265,0
4651,80,4439,0
4652,80,4709,0
4653,80,4803,0
4654,80,4846,0
4655,81,87,0
4656,81,92,0
4657,81,954,0
4658,81,1087,0
4659,81,1319,0
4660,81,2020,0
4661,81,2141,0
4662,81,2143,0
4663,81,3025,0
4664,81,3149,0
4665,81,3594,0
4666,81,3727,0
4667,81,4419,0
4668,81,4500,0
4669,82,105,0
4670,82,149,0
4671,82,195,0
4672,82,267,0
4673,82,276,0
4674,82,329,0
4675,82,354,0
4676,82,429,0
4677,82,520,0
4678,82,541,0
4679,82,851,0
4680,82,877,0
4681,82,913,0
4682,82,928,0
4683,82,988,0
4684,82,1186,0
4685,82,1234,0
4686,82,1284,0
4687,82,1377,0
4688,82,1784,0
4689,82,1974,0
4690,82,1991,0
4691,82,2168,0
4692,82,2206,0
4693,82,2293,0
4694,82,2480,0
4695,82,2747,0
4696,82,3130,0
4697,82,3159,0
4698,82,3254,0
4699,82,3413,0
4700,82,3686,0
4701,82,3977,0
4702,82,4033,0
4703,82,4039,0
4704,82,4289,0
4705,82,4307,0
4706,82,4386,0
4707,82,4544,0
4708,82,4608,0
4709,83,99,0
4710,83,203,0
4711,83,220,0
4712,83,464,0
4713,83,476,0
4714,83,1315,0
4715,83,1737,0
4716,83,1843,0
4717,83,2257,0
4718,83,3177,0
4719,83,3293,0
4720,83,3390,0
4721,83,3625,0
4722,83,3780,0
4723,83,4054,0
4724,83,4111,0
4725,83,4118,0
4726,83,4290,0
4727,83,4339,0
4728,83,4473,0
4729,84,161,0
4730,84,225,0
4731,84,304,0
4732,84,721,0
4733,84,946,0
4734,84,965,0
4735,84,1226,0
4736,84,1486,0
4737,84,1492,0
4738,84,1520,0
4739,84,1610,0
4740,84,1847,0
4741,84,2119,0
4742,84,2308,0
4743,84,2920,0
4744,84,3186,0
4745,84,3527,0
4746,84,4994,0
4747,85,107,0
4748,85,134,0
4749,85,211,0
4750,85,252,0
4751,85,571,0
4752,85,616,0
4753,85,1213,0
4754,85,1270,0
4755,85,1360,0
4756,85,1448,0
4757,85,1471,0
4758,85,1562,0
4759,85,1755,0
4760,85,1943,0
4761,85,1945,0
4762,85,2083,0
4763,85,2212,0
4764,85,2414,0
4765,85,2626,0
4766,85,2669,0
4767,85,3240,0
4768,85,3492,0
4769,85,3961,0
4770,85,4235,0
4771,86,92,0
4772,86,102,0
4773,86,244,0
4774,86,295,0
4775,86,320,0
4776,86,323,0
4777,86,800,0
4778,86,936,0
4779,86,1859,0
4780,86,2403,0
4781,86,3953,0
4782,86,4838,0
4783,87,101,0
4784,87,170,0
4785,87,256,0
4786,87,428,0
4787,87,478,0
4788,87,853,0
4789,87,923,0
4790,87,1038,0
4791,87,1105,0
4792,87,1195,0
4793,87,1635,0
4794,87,1824,0
4795,87,2030,0
4796,87,2292,0
4797,87,3127,0
4798,87,3280,0
4799,87,3438,0
4800,87,3471,0
4801,87,4452,0
4802,87,4514,0
4803,88,249,0
4804,88,253,0
4805,88,307,0
4806,88,330,0
4807,88,341,0
4808,88,369,0
4809,88,404,0
4810,88,410,0
4811,88,880,0
4812,88,992,0
4813,88,1053,0
4814,88,1101,0
4815,88,1102,0
4816,88,1263,0
4817,88,1530,0
4818,88,1540,0
4819,88,1636,0
4820,88,1734,0
4821,88,1736,0
4822,88,1805,0
4823,88,1814,0
4824,88,1848,0
4825,88,2209,0
4826,88,2488,0
4827,88,2504,0
4828,88,2512,0
4829,88,2760,0
4830,88,3010,0
4831,88,3267,0
4832,88,3303,0
4833,88,3306,0
4834,88,3472,0
4835,88,3623,0
4836,88,3846,0
4837,88,3855,0
4838,88,3904,0
4839,88,4044,0
4840,88,4279,0
4841,88,4584,0
4842,88,4638,0
4843,88,4685,0
4844,88,4855,0
4845,89,143,0
4846,89,185,0
4847,89,230,0
4848,89,306,0
4849,89,421,0
4850,89,630,0
4851,89,736,0
4852,89,887,0
4853,89,903,0
4854,89,1184,0
4855,89,1207,0
4856,89,1211,0
4857,89,1304,0
4858,89,1599,0
4859,89,1618,0
4860,89,2720,0
4861,89,3326,0
4862,89,3850,0
4863,89,3952,0
4864,89,3963,0
4865,89,3969,0
4866,89,3970,0
4867,89,4076,0
4868,89,4333,0
4869,89,4657,0
4870,90,482,0
4871,90,504,0
4872,90,610,0
4873,90,744,0
4874,90,809,0
4875,90,1161,0
4876,90,1293,0
4877,90,1345,0
4878,90,1373,0
4879,90,2049,0
4880,90,2349,0
4881,90,2486,0
4882,90,2891,0
4883,90,3126,0
4884,90,3239,0
4885,90,3786,0
4886,90,3931,0
4887,90,4039,0
4888,90,4136,0
4889,90,4402,0
4890,90,4530,0
4891,90,4781,0
4892,90,4784,0
4893,90,4824,0
4894,90,4939,0
4895,90,4972,0
4896,91,142,0
4897,91,149,0
4898,91,171,0
4899,91,368,0
4900,91,492,0
4901,91,535,0
4902,91,564,0
4903,91,570,0
4904,91,575,0
4905,91,582,0
4906,91,780,0
4907,91,832,0
4908,91,909,0
4909,91,910,0
4910,91,1016,0
4911,91,1129,0
4912,91,1218,0
4913,91,1420,0
4914,91,1543,0
4915,91,1836,0
4916,91,1840,0
4917,91,1860,0
4918,91,1981,0
4919,91,2069,0
4920,91,2081,0
4921,91,2472,0
4922,91,3241,0
4923,91,4198,0
4924,92,243,0
4925,92,680,0
4926,92,889,0
4927,93,107,0
4928,93,108,0
4929,93,118,0
4930,93,148,0
4931,93,256,0
4932,93,516,0
4933,93,551,0
4934,93,613,0
4935,93,770,0
4936,93,838,0
4937,93,971,0
4938,93,972,0
4939,93,1145,0
4940,93,1187,0
4941,93,1823,0
4942,93,1964,0
4943,93,2024,0
4944,93,2033,0
4945,93,2162,0
4946,93,2439,0
4947,93,2483,0
4948,93,2659,0
4949,93,2696,0
4950,93,2859,0
4951,93,2970,0
4952,93,2972,0
4953,93,3042,0
4954,93,4082,0
4955,93,4133,0
4956,93,4224,0
4957,93,4537,0
4958,93,4689,0
4959,93,4860,0
4960,94,184,0
4961,94,325,0
4962,94,364,0
4963,94,390,0
4964,94,412,0
4965,94,470,0
4966,94,491,0
4967,94,507,0
4968,94,512,0
4969,94,553,0
4970,94,562,0
4971,94,645,0
4972,94,822,0
4973,94,1021,0
4974,94,1076,0
4975,94,1176,0
4976,94,1197,0
4977,94,1353,0
4978,94,1698,0
4979,94,1756,0
4980,94,1926,0
4981,94,2323,0
4982,94,3356,0
4983,94,3742,0
4984,94,3791,0
4985,94,3996,0
4986,94,4001,0
4987,94,4452,0
4988,94,4698,0
4989,94,4731,0
4990,95,105,0
4991,95,136,0
4992,95,139,0
4993,95,322,0
4994,95,341,0
4995,95,358,0
4996,95,419,0
4997,95,502,0
4998,95,504,0
4999,95,531,0
5000,95,547,0
5001,95,688,0
5002,95,692,0
5003,95,750,0
5004,95,788,0
5005,95,872,0
5006,95,1180,0
5007,95,1454,0
5008,95,1505,0
5009,95,1567,0
5010,95,1687,0
5011,95,1832,0
5012,95,1842,0
5013,95,2145,0
5014,95,2337,0
5015,95,2406,0
5016,95,2733,0
5017,95,2758,0
5018,95,2989,0
5019,95,3037,0
5020,95,3108,0
5021,95,3377,0
5022,95,3543,0
5023,95,3856,0
5024,95,4394,0
5025,95,4440,0
5026,95,4558,0
5027,95,4900,0
5028,95,4952,0
5029,96,99,0
5030,96,178,0
5031,96,190,0
5032,96,321,0
5033,96,401,0
5034,96,430,0
5035,96,450,0
5036,96,661,0
5037,96,674,0
5038,96,699,0
5039,96,764,0
5040,96,771,0
5041,96,778,0
5042,96,824,0
5043,96,1023,0
5044,96,1164,0
5045,96,1281,0
5046,96,1410,0
5047,96,1702,0
5048,96,1950,0
5049,96,2103,0
5050,96,2112,0
5051,96,2265,0
5052,96,2466,0
5053,96,2725,0
5054,96,2825,0
5055,96,2952,0
5056,96,3132,0
5057,96,3225,0
5058,96,3287,0
5059,96,3493,0
5060,96,4407,0
5061,96,4468,0
5062,97,185,0
5063,97,218,0
5064,97,258,0
5065,97,344,0
5066,97,370,0
5067,97,415,0
5068,97,489,0
5069,97,918,0
5070,97,1165,0
5071,97,1349,0
5072,97,1422,0
5073,97,1467,0
5074,97,1593,0
5075,97,2142,0
5076,97,2234,0
5077,97,2399,0
5078,97,2746,0
5079,97,2795,0
5080,97,2926,0
5081,97,3017,0
5082,97,3372,0
5083,97,3510,0
5084,97,3523,0
5085,97,3789,0
5086,97,3830,0
5087,97,3906,0
5088,97,4146,0
5089,97,4427,0
5090,97,4772,0
5091,98,169,0
5092,98,185,0
5093,98,194,0
5094,98,227,0
5095,98,286,0
5096,98,376,0
5097,98,398,0
5098,98,400,0
5099,98,727,0
5100,98,808,0
5101,98,909,0
5102,98,1210,0
5103,98,1757,0
5104,98,1866,0
5105,98,2044,0
5106,98,2160,0
5107,98,2388,0
5108,98,2533,0
5109,98,2643,0
5110,98,2843,0
5111,98,2994,0
5112,98,3111,0
5113,98,3482,0
5114,98,3837,0
5115,98,3997,0
5116,98,4197,0
5117,98,4336,0
5118,98,4701,0
5119,99,152,0
5120,99,218,0
5121,99,284,0
5122,99,379,0
5123,99,381,0
5124,99,385,0
5125,99,437,0
5126,99,519,0
5127,99,581,0
5128,99,746,0
5129,99,808,0
5130,99,869,0
5131,99,940,0
5132,99,1091,0
5133,99,1173,0
5134,99,1387,0
5135,99,1458,0
5136,99,1551,0
5137,99,1670,0
5138,99,1788,0
5139,99,1797,0
5140,99,1887,0
5141,99,2449,0
5142,99,2930,0
5143,99,4287,0
5144,99,4962,0
5145,100,475,0
5146,100,1767,0
5147,100,1782,0
5148,101,196,0
5149,101,279,0
5150,101,522,0
5151,101,603,0
5152,101,971,0
5153,101,1022,0
5154,101,1135,0
5155,101,1739,0
5156,101,1791,0
5157,101,2099,0
5158,101,2224,0
5159,101,2287,0
5160,101,3124,0
5161,101,3415,0
5162,101,4092,0
5163,101,4497,0
5164,101,4697,0
5165,102,122,0
5166,102,131,0
5167,102,342,0
5168,102,465,0
5169,102,729,0
5170,102,963,0
5171,102,1542,0
5172,102,1908,0
5173,102,1917,0
5174,102,2008,0
5175,102,2398,0
5176,102,2568,0
5177,102,2907,0
5178,102,3262,0
5179,102,3461,0
5180,102,3964,0
5181,102,4142,0
5182,102,4304,0
5183,102,4986,0
5184,103,158,0
5185,103,290,0
5186,103,1028,0
5187,103,1397,0
5188,103,1832,0
5189,103,2151,0
5190,103,3115,0
5191,103,3174,0
5192,103,3577,0
5193,103,3623,0
5194,103,3804,0
5195,104,167,0
5196,104,290,0
5197,104,506,0
5198,104,581,0
5199,104,644,0
5200,104,842,0
5201,104,855,0
5202,104,1222,0
5203,104,1319,0
5204,104,1399,0
5205,104,1534,0
5206,104,1538,0
5207,104,1605,0
5208,104,1611,0
5209,104,1771,0
5210,104,2194,0
5211,104,2314,0
5212,104,3046,0
5213,104,3715,0
5214,104,3896,0
5215,104,3939,0
5216,104,4523,0
5217,104,4608,0
5218,104,4963,0
5219,105,275,0
5220,105,295,0
5221,105,443,0
5222,105,640,0
5223,105,679,0
5224,105,817,0
5225,105,954,0
5226,105,1017,0
5227,105,1166,0
5228,105,1810,0
5229,105,2004,0
5230,105,2359,0
5231,105,2389,0
5232,105,2725,0
5233,105,2726,0
5234,105,2817,0
5235,105,3088,0
5236,105,3476,0
5237,105,3571,0
5238,105,4032,0
5239,105,4274,0
5240,105,4934,0
5241,105,4948,0
5242,106,114,0
5243,106,285,0
5244,106,928,0
5245,106,991,0
5246,106,1152,0
5247,106,1167,0
5248,106,1854,0
5249,106,2430,0
5250,106,3209,0
5251,106,3313,0
5252,106,3940,0
5253,106,4093,0
5254,106,4109,0
5255,106,4118,0
5256,106,4317,0
5257,106,4347,0
5258,106,4367,0
5259,106,4993,0
5260,107,131,0
5261,107,270,0
5262,107,316,0
5263,107,349,0
5264,107,386,0
5265,107,694,0
5266,107,758,0
5267,107,781,0
5268,107,949,0
5269,107,1160,0
5270,107,1196,0
5271,107,1233,0
5272,107,2119,0
5273,107,2136,0
5274,107,2162,0
5275,107,2210,0
5276,107,2470,0
5277,107,3387,0
5278,107,3517,0
5279,107,3567,0
5280,107,3576,0
5281,107,3670,0
5282,107,3731,0
5283,107,3949,0
5284,107,4038,0
5285,107,4068,0
5286,107,4811,0
5287,107,4835,0
5288,107,4918,0
5289,107,4949,0
5290,107,4986,0
5291,108,117,0
5292,108,124,0
5293,108,136,0
5294,108,157,0
5295,108,165,0
5296,108,252,0
5297,108,279,0
5298,108,296,0
5299,108,302,0
5300,108,327,0
5301,108,362,0
5302,108,432,0
5303,108,496,0
5304,108,508,0
5305,108,509,0
5306,108,537,0
5307,108,583,0
5308,108,658,0
5309,108,666,0
5310,108,714,0
5311,108,717,0
5312,108,722,0
5313,108,725,0
5314,108,766,0
5315,108,783,0
5316,108,874,0
5317,108,952,0
5318,108,1022,0
5319,108,1063,0
5320,108,1085,0
5321,108,1205,0
5322,108,1268,0
5323,108,1586,0
5324,108,1614,0
5325,108,1648,0
5326,108,1792,0
5327,108,1815,0
5328,108,1818,0
5329,108,2108,0
5330,108,2262,0
5331,108,2328,0
5332,108,2389,0
5333,108,2426,0
5334,108,2428,0
5335,108,2506,0
5336,108,2613,0
5337,108,2745,0
5338,108,2939,0
5339,108,3014,0
5340,108,3286,0
5341,108,3289,0
5342,108,3371,0
5343,108,3404,0
5344,108,3464,0
5345,108,3580,0
5346,108,3725,0
5347,108,3939,0
5348,108,3959,0
5349,108,3979,0
5350,108,4083,0
5351,108,4181,0
5352,108,4207,0
5353,108,4385,0
5354,108,4632,0
5355,108,4836,0
5356,109,166,0
5357,109,458,0
5358,109,563,0
5359,109,638,0
5360,109,945,0
5361,109,983,0
5362,109,1189,0
5363,109,1442,0
5364,109,1846,0
5365,109,1884,0
5366,109,3829,0
5367,109,4363,0
5368,109,4375,0
5369,109,4536,0
5370,109,4610,0
5371,110,126,0
5372,110,286,0
5373,110,390,0
5374,110,475,0
5375,110,558,0
5376,110,588,0
5377,110,858,0
5378,110,923,0
5379,110,990,0
5380,110,1008,0
5381,110,1105,0
5382,110,1366,0
5383,110,1403,0
5384,110,1528,0
5385,110,1785,0
5386,110,1790,0
5387,110,1894,0
5388,110,2348,0
5389,110,2405,0
5390,110,3588,0
5391,110,3892,0
5392,110,4179,0
5393,110,4686,0
5394,110,4858,0
5395,111,160,0
5396,111,187,0
5397,111,219,0
5398,111,315,0
5399,111,383,0
5400,111,427,0
5401,111,462,0
5402,111,486,0
5403,111,556,0
5404,111,600,0
5405,111,785,0
5406,111,847,0
5407,111,871,0
5408,111,980,0
5409,111,987,0
5410,111,1362,0
5411,111,1643,0
5412,111,1694,0
5413,111,1719,0
5414,111,2284,0
5415,111,2303,0
5416,111,2516,0
5417,111,2932,0
5418,111,3439,0
5419,111,3844,0
5420,111,4114,0
5421,111,4741,0
5422,111,4768,0
5423,111,4771,0
5424,111,4953,0
5425,112,152,0
5426,112,244,0
5427,112,307,0
5428,112,566,0
5429,112,619,0
5430,112,620,0
5431,112,740,0
5432,112,973,0
5433,112,1014,0
5434,112,1119,0
5435,112,1280,0
5436,112,1510,0
5437,112,1607,0
5438,112,1672,0
5439,112,1750,0
5440,112,1772,0
5441,112,1984,0
5442,112,2369,0
5443,112,2386,0
5444,112,2560,0
5445,112,3085,0
5446,112,3461,0
5447,112,3695,0
5448,112,3800,0
5449,112,4018,0
5450,112,4166,0
5451,112,4191,0
5452,112,4413,0
5453,112,4473,0
5454,112,4553,0
5455,112,4595,0
5456,112,4601,0
5457,112,4822,0
5458,112,4867,0
5459,112,4923,0
5460,113,167,0
5461,113,265,0
5462,113,509,0
5463,113,654,0
5464,113,820,0
5465,113,2716,0
5466,113,2975,0
5467,113,3257,0
5468,113,3363,0
5469,113,3383,0
5470,113,3411,0
5471,113,3817,0
5472,113,3980,0
5473,113,4000,0
5474,113,4329,0
5475,113,4442,0
5476,114,135,0
5477,114,147,0
5478,114,238,0
5479,114,291,0
5480,114,333,0
5481,114,344,0
5482,114,492,0
5483,114,516,0
5484,114,543,0
5485,114,590,0
5486,114,617,0
5487,114,1068,0
5488,114,1134,0
5489,114,1176,0
5490,114,1184,0
5491,114,1525,0
5492,114,1583,0
5493,114,1630,0
5494,114,1709,0
5495,114,1727,0
5496,114,1748,0
5497,114,1768,0
5498,114,1794,0
5499,114,1955,0
5500,114,1990,0
5501,114,2118,0
5502,114,2562,0
5503,114,2784,0
5504,114,3022,0
5505,114,3552,0
5506,114,3754,0
5507,114,3769,0
5508,114,4010,0
5509,114,4015,0
5510,114,4095,0
5511,114,4901,0
5512,115,262,0
5513,115,1020,0
5514,115,1113,0
5515,115,1231,0
5516,115,1257,0
5517,115,1300,0
5518,115,1651,0
5519,115,1726,0
5520,115,1829,0
5521,115,1960,0
5522,115,1962,0
5523,115,2039,0
5524,115,2271,0
5525,115,2525,0
5526,115,2598,0
5527,115,2667,0
5528,115,2841,0
5529,115,3006,0
5530,115,3083,0
5531,115,3392,0
5532,115,3849,0
5533,115,3873,0
5534,115,3942,0
5535,115,4327,0
5536,115,4760,0
5537,116,165,0
5538,116,212,0
5539,116,299,0
5540,116,307,0
5541,116,309,0
5542,116,345,0
5543,116,402,0
5544,116,498,0
5545,116,595,0
5546,116,629,0
5547,116,647,0
5548,116,728,0
5549,116,801,0
5550,116,809,0
5551,116,1385,0
5552,116,1390,0
5553,116,1770,0
5554,116,1928,0
5555,116,1986,0
5556,116,2000,0
5557,116,2419,0
5558,116,2441,0
5559,116,2774,0
5560,116,2816,0
5561,116,2822,0
5562,116,2950,0
5563,116,2976,0
5564,116,3629,0
5565,116,3671,0
5566,116,3681,0
5567,116,4126,0
5568,116,4299,0
5569,116,4607,0
5570,116,4881,0
5571,117,186,0
5572,117,292,0
5573,117,378,0
5574,117,461,0
5575,117,467,0
5576,117,602,0
5577,117,827,0
5578,117,901,0
5579,117,1034,0
5580,117,1109,0
5581,117,1171,0
5582,117,1237,0
5583,117,1431,0
5584,117,1462,0
5585,117,1499,0
5586,117,1524,0
5587,117,1683,0
5588,117,1728,0
5589,117,1752,0
5590,117,1761,0
5591,117,1837,0
5592,117,2015,0
5593,117,2026,0
5594,117,2074,0
5595,117,2129,0
5596,117,2133,0
5597,117,2258,0
5598,117,2559,0
5599,117,2666,0
5600,117,2934,0
5601,117,3036,0
5602,117,3063,0
5603,117,3200,0
5604,117,3218,0
5605,117,3239,0
5606,117,3281,0
5607,117,3996,0
5608,117,4085,0
5609,117,4308,0
5610,117,4483,0
5611,117,4524,0
5612,118,120,0
5613,118,143,0
5614,118,209,0
5615,118,321,0
5616,118,371,0
5617,118,462,0
5618,118,641,0
5619,118,689,0
5620,118,758,0
5621,118,761,0
5622,118,933,0
5623,118,939,0
5624,118,1003,0
5625,118,1040,0
5626,118,1082,0
5627,118,1359,0
5628,118,1493,0
5629,118,1898,0
5630,118,2009,0
5631,118,2223,0
5632,118,2624,0
5633,118,2776,0
5634,118,2805,0
5635,118,2827,0
5636,118,2832,0
5637,118,2929,0
5638,118,2982,0
5639,118,3416,0
5640,118,3596,0
5641,118,3701,0
5642,118,3851,0
5643,118,4645,0
5644,118,4859,0
5645,119,155,0
5646,119,179,0
5647,119,200,0
5648,119,249,0
5649,119,261,0
5650,119,320,0
5651,119,363,0
5652,119,393,0
5653,119,701,0
5654,119,915,0
5655,119,931,0
5656,119,969,0
5657,119,1010,0
5658,119,1094,0
5659,119,1271,0
5660,119,1291,0
5661,119,1488,0
5662,119,1558,0
5663,119,1683,0
5664,119,1804,0
5665,119,1950,0
5666,119,2116,0
5667,119,2120,0
5668,119,2183,0
5669,119,2203,0
5670,119,2242,0
5671,119,2422,0
5672,119,2901,0
5673,119,3126,0
5674,119,3337,0
5675,119,3941,0
5676,119,4223,0
5677,119,4305,0
5678,119,4346,0
5679,119,4423,0
5680,119,4505,0
5681,119,4910,0
5682,119,4912,0
5683,120,135,0
5684,120,168,0
5685,120,223,0
5686,120,274,0
5687,120,316,0
5688,120,381,0
5689,120,450,0
5690,120,569,0
5691,120,589,0
5692,120,611,0
5693,120,714,0
5694,120,816,0
5695,120,941,0
5696,120,987,0
5697,120,1093,0
5698,120,1268,0
5699,120,1536,0
5700,120,1914,0
5701,120,1937,0
5702,120,2070,0
5703,120,2147,0
5704,120,2181,0
5705,120,2320,0
5706,120,2323,0
5707,120,2345,0
5708,120,2480,0
5709,120,2536,0
5710,120,2567,0
5711,120,2632,0
5712,120,2659,0
5713,120,2675,0
5714,120,3326,0
5715,120,3348,0
5716,120,3554,0
5717,120,3566,0
5718,120,3818,0
5719,120,3913,0
5720,120,4050,0
5721,120,4223,0
5722,120,4271,0
5723,120,4304,0
5724,120,4334,0
5725,120,4465,0
5726,120,4564,0
5727,120,4845,0
5728,120,4895,0
5729,120,4943,0
5730,120,4944,0
5731,121,208,0
5732,121,573,0
5733,121,705,0
5734,121,1170,0
5735,121,1225,0
5736,121,1424,0
5737,121,3238,0
5738,121,3637,0
5739,121,4005,0
5740,121,4594,0
5741,122,125,0
5742,122,289,0
5743,122,317,0
5744,122,405,0
5745,122,449,0
5746,122,553,0
5747,122,626,0
5748,122,667,0
5749,122,727,0
5750,122,832,0
5751,122,843,0
5752,122,915,0
5753,122,1102,0
5754,122,1114,0
5755,122,1505,0
5756,122,1669,0
5757,122,1714,0
5758,122,1834,0
5759,122,1986,0
5760,122,2175,0
5761,122,2181,0
5762,122,2182,0
5763,122,2204,0
5764,122,2377,0
5765,122,2444,0
5766,122,2462,0
5767,122,2515,0
5768,122,2628,0
5769,122,2683,0
5770,122,3000,0
5771,122,3023,0
5772,122,3060,0
5773,122,3066,0
5774,122,3264,0
5775,122,3371,0
5776,122,3381,0
5777,122,3492,0
5778,122,3513,0
5779,122,3661,0
5780,122,3871,0
5781,122,4131,0
5782,122,4431,0
5783,122,4539,0
5784,122,4769,0
5785,123,176,0
5786,123,241,0
5787,123,551,0
5788,123,627,0
5789,123,638,0
5790,123,873,0
5791,123,1012,0
5792,123,1056,0
5793,123,1483,0
5794,123,1714,0
5795,123,2172,0
5796,123,2255,0
5797,123,2296,0
5798,123,2762,0
5799,123,2899,0
5800,123,2975,0
5801,123,3092,0
5802,123,3606,0
5803,123,3608,0
5804,123,4072,0
5805,124,125,0
5806,124,197,0
5807,124,206,0
5808,124,270,0
5809,124,293,0
5810,124,328,0
5811,124,383,0
5812,124,455,0
5813,124,512,0
5814,124,564,0
5815,124,713,0
5816,124,747,0
5817,124,1481,0
5818,124,1916,0
5819,124,2293,0
5820,124,2324,0
5821,124,2425,0
5822,124,2674,0
5823,124,2771,0
5824,124,3153,0
5825,124,4964,0
5826,125,149,0
5827,125,195,0
5828,125,365,0
5829,125,382,0
5830,125,477,0
5831,125,882,0
5832,125,1034,0
5833,125,1292,0
5834,125,1389,0
5835,125,1457,0
5836,125,1480,0
5837,125,1963,0
5838,125,2008,0
5839,125,2151,0
5840,125,2295,0
5841,125,2400,0
5842,125,2454,0
5843,125,2661,0
5844,125,2834,0
5845,125,4798,0
5846,125,4944,0
5847,126,155,0
5848,126,181,0
5849,126,204,0
5850,126,205,0
5851,126,235,0
5852,126,246,0
5853,126,285,0
5854,126,303,0
5855,126,323,0
5856,126,407,0
5857,126,508,0
5858,126,625,0
5859,126,863,0
5860,126,873,0
5861,126,880,0
5862,126,989,0
5863,126,1035,0
5864,126,1189,0
5865,126,1192,0
5866,126,1323,0
5867,126,1340,0
5868,126,1425,0
5869,126,1427,0
5870,126,1433,0
5871,126,1545,0
5872,126,1696,0
5873,126,1708,0
5874,126,1732,0
5875,126,1951,0
5876,126,1994,0
5877,126,2065,0
5878,126,2125,0
5879,126,2544,0
5880,126,2640,0
5881,126,2856,0
5882,126,2905,0
5883,126,3220,0
5884,126,3911,0
5885,126,4245,0
5886,126,4322,0
5887,126,4854,0
5888,126,4873,0
5889,126,4954,0
5890,127,149,0
5891,127,708,0
5892,127,1248,0
5893,127,1334,0
5894,127,2773,0
5895,127,3056,0
5896,127,3745,0
5897,128,237,0
5898,128,251,0
5899,128,256,0
5900,128,629,0
5901,128,728,0
5902,128,863,0
5903,128,916,0
5904,128,1300,0
5905,128,1318,0
5906,128,1407,0
5907,128,1417,0
5908,128,1550,0
5909,128,1775,0
5910,128,2581,0
5911,128,2623,0
5912,128,2722,0
5913,128,3602,0
5914,128,4085,0
5915,128,4214,0
5916,128,4460,0
5917,128,4568,0
5918,129,179,0
5919,129,201,0
5920,129,220,0
5921,129,258,0
5922,129,377,0
5923,129,460,0
5924,129,898,0
5925,129,959,0
5926,129,975,0
5927,129,1009,0
5928,129,1018,0
5929,129,1268,0
5930,129,1282,0
5931,129,1438,0
5932,129,1466,0
5933,129,1504,0
5934,129,1662,0
5935,129,1799,0
5936,129,2318,0
5937,129,2774,0
5938,129,2936,0
5939,129,3351,0
5940,129,3654,0
5941,129,3784,0
5942,129,3889,0
5943,129,4221,0
5944,129,4224,0
5945,129,4580,0
5946,130,753,0
5947,130,1273,0
5948,130,1289,0
5949,130,1670,0
5950,130,1743,0
5951,130,2099,0
5952,130,2472,0
5953,130,2900,0
5954,130,3258,0
5955,130,4509,0
5956,130,4623,0
5957,131,214,0
5958,131,665,0
5959,131,799,0
5960,131,1187,0
5961,131,1217,0
5962,131,1985,0
5963,131,2205,0
5964,131,2536,0
5965,131,3508,0
5966,131,3673,0
5967,131,4110,0
5968,131,4144,0
5969,131,4917,0
5970,132,234,0
5971,132,306,0
5972,132,488,0
5973,132,557,0
5974,132,573,0
5975,132,800,0
5976,132,813,0
5977,132,829,0
5978,132,852,0
5979,132,903,0
5980,132,951,0
5981,132,1118,0
5982,132,1387,0
5983,132,1584,0
5984,132,1652,0
5985,132,1780,0
5986,132,1816,0
5987,132,2033,0
5988,132,2114,0
5989,132,2269,0
5990,132,2564,0
5991,132,2679,0
5992,132,2780,0
5993,132,2791,0
5994,132,2831,0
5995,132,2862,0
5996,132,2868,1
5997,132,3484,1
5998,132,3819,1
5999,132,4635,1
6000,132,4640,1
6001,132,4753,1
6002,133,143,1
6003,133,156,1
6004,133,296,1
6005,133,426,1
6006,133,612,1
6007,133,659,1
6008,133,910,1
6009,133,1181,1
6010,133,1359,1
6011,133,1847,1
6012,133,1943,1
6013,133,2080,1
6014,133,2256,1
6015,133,2314,1
6016,133,2504,1
6017,133,2668,1
6018,133,2733,1
6019,133,2788,1
6020,133,3270,1
6021,133,3342,1
6022,133,3370,1
6023,133,3431,1
6024,133,3669,1
6025,133,3821,1
6026,133,4340,1
6027,133,4502,1
6028,134,171,1
6029,134,213,1
6030,134,242,1
6031,134,306,1
6032,134,353,1
6033,134,407,1
6034,134,424,1
6035,134,448,1
6036,134,473,1
6037,134,543,1
6038,134,548,1
6039,134,632,1
6040,134,750,1
6041,134,866,1
6042,134,1143,1
6043,134,1200,1
6044,134,1227,1
6045,134,1228,1
6046,134,1476,1
6047,134,1635,1
6048,134,1747,1
6049,134,2300,1
6050,134,2761,1
6051,134,3026,1
6052,134,3185,1
6053,134,3222,1
6054,134,3269,1
6055,134,3944,1
6056,134,4038,1
6057,135,158,1
6058,135,311,1
6059,135,649,1
6060,135,1241,1
6061,135,1522,1
6062,135,2656,1
6063,136,144,1
6064,136,162,1
6065,136,187,1
6066,136,347,1
6067,136,392,1
6068,136,435,1
6069,136,463,1
6070,136,483,1
6071,136,641,1
6072,136,698,1
6073,136,745,1
6074,136,796,1
6075,136,798,1
6076,136,1013,1
6077,136,1277,1
6078,136,1364,1
6079,136,1498,1
6080,136,1740,1
6081,136,1915,1
6082,136,2220,1
6083,136,2266,1
6084,136,2269,1
6085,136,2319,1
6086,136,2490,1
6087,136,2513,1
6088,136,2574,1
6089,136,2706,1
6090,136,3024,1
6091,136,3137,1
6092,136,3264,1
6093,136,3690,1
6094,136,3719,1
6095,136,3753,1
6096,136,4036,1
6097,136,4038,1
6098,136,4165,1
6099,136,4283,1
6100,136,4354,1
6101,136,4621,1
6102,137,138,1
6103,137,140,1
6104,137,151,1
6105,137,153,1
6106,137,195,1
6107,137,199,1
6108,137,204,1
6109,137,224,1
6110,137,233,1
6111,137,236,1
6112,137,241,1
6113,137,278,1
6114,137,440,1
6115,137,479,1
6116,137,486,1
6117,137,502,1
6118,137,545,1
6119,137,602,1
6120,137,628,1
6121,137,703,1
6122,137,1042,1
6123,137,1124,1
6124,137,1150,1
6125,137,1212,1
6126,137,1382,1
6127,137,1409,1
6128,137,1475,1
6129,137,1491,1
6130,137,1513,1
6131,137,1621,1
6132,137,1730,1
6133,137,1876,1
6134,137,2081,1
6135,137,2235,1
6136,137,2248,1
6137,137,2263,1
6138,137,2362,1
6139,137,2426,1
6140,137,2592,1
6141,137,2840,1
6142,137,2988,1
6143,137,3115,1
6144,137,3386,1
6145,137,3537,1
6146,137,3566,1
6147,137,4162,1
6148,137,4676,1
6149,137,4793,1
6150,137,4804,1
6151,138,236,1
6152,138,322,1
6153,138,348,1
6154,138,594,1
6155,138,739,1
6156,138,755,1
6157,138,1083,1
6158,138,2273,1
6159,138,2286,1
6160,138,2377,1
6161,138,2606,1
6162,138,3543,1
6163,138,4046,1
6164,138,4250,1
6165,139,294,1
6166,139,433,1
6167,139,533,1
6168,139,568,1
6169,139,712,1
6170,139,778,1
6171,139,904,1
6172,139,914,1
6173,139,1168,1
6174,139,1177,1
6175,139,1286,1
6176,139,1295,1
6177,139,1468,1
6178,139,1489,1
6179,139,1490,1
6180,139,1524,1
6181,139,1682,1
6182,139,1713,1
6183,139,2010,1
6184,139,2049,1
6185,139,2370,1
6186,139,2417,1
6187,139,2452,1
6188,139,2589,1
6189,139,2610,1
6190,139,2739,1
6191,139,3491,1
6192,139,3642,1
6193,139,3718,1
6194,139,4788,1
6195,140,146,1
6196,140,172,1
6197,140,227,1
6198,140,254,1
6199,140,260,1
6200,140,311,1
6201,140,333,1
6202,140,336,1
6203,140,370,1
6204,140,593,1
6205,140,656,1
6206,140,657,1
6207,140,792,1
6208,140,830,1
6209,140,1180,1
6210,140,1184,1
6211,140,1191,1
6212,140,1244,1
6213,140,1318,1
6214,140,1359,1
6215,140,1519,1
6216,140,1622,1
6217,140,1874,1
6218,140,2404,1
6219,140,2418,1
6220,140,2531,1
6221,140,2800,1
6222,140,2820,1
6223,140,2969,1
6224,140,3190,1
6225,140,3223,1
6226,140,3398,1
6227,140,3446,1
6228,140,3616,1
6229,140,3666,1
6230,140,3845,1
6231,140,3953,1
6232,140,3954,1
6233,140,4252,1
6234,140,4345,1
6235,140,4945,1
6236,141,183,1
6237,141,275,1
6238,141,281,1
6239,141,288,1
6240,141,290,1
6241,141,378,1
6242,141,407,1
6243,141,419,1
6244,141,469,1
6245,141,605,1
6246,141,837,1
6247,141,862,1
6248,141,967,1
6249,141,1192,1
6250,141,1214,1
6251,141,1243,1
6252,141,1484,1
6253,141,1546,1
6254,141,1643,1
6255,141,1669,1
6256,141,1693,1
6257,141,1723,1
6258,141,1778,1
6259,141,2367,1
6260,141,2382,1
6261,141,2414,1
6262,141,2493,1
6263,141,2629,1
6264,141,2721,1
6265,141,2786,1
6266,141,2965,1
6267,141,3076,1
6268,141,3276,1
6269,141,3754,1
6270,141,3947,1
6271,141,4138,1
6272,141,4872,1
6273,141,4892,1
6274,142,177,1
6275,142,282,1
6276,142,840,1
6277,142,906,1
6278,142,1152,1
6279,142,1185,1
6280,142,1997,1
6281,142,2190,1
6282,142,2204,1
6283,142,2751,1
6284,142,3200,1
6285,142,4260,1
6286,143,177,1
6287,143,206,1
6288,143,234,1
6289,143,394,1
6290,143,398,1
6291,143,416,1
6292,143,547,1
6293,143,675,1
6294,143,709,1
6295,143,813,1
6296,143,1068,1
6297,143,1255,1
6298,143,1355,1
6299,143,1374,1
6300,143,1583,1
6301,143,2136,1
6302,143,2864,1
6303,143,3040,1
6304,143,3105,1
6305,143,3957,1
6306,143,4431,1
6307,143,4899,1
6308,144,287,1
6309,144,376,1
6310,144,379,1
6311,144,405,1
6312,144,538,1
6313,144,1203,1
6314,144,3852,1
6315,144,3890,1
6316,144,4787,1
6317,145,231,1
6318,145,243,1
6319,145,1037,1
6320,145,1053,1
6321,145,1424,1
6322,145,1778,1
6323,145,1810,1
6324,145,1880,1
6325,145,2290,1
6326,145,3108,1
6327,145,3131,1
6328,145,3720,1
6329,145,4207,1
6330,146,170,1
6331,146,171,1
6332,146,283,1
6333,146,326,1
6334,146,451,1
6335,146,544,1
6336,146,607,1
6337,146,858,1
6338,146,1018,1
6339,146,1163,1
6340,146,1280,1
6341,146,2352,1
6342,146,2504,1
6343,146,2961,1
6344,146,3225,1
6345,146,3410,1
6346,146,3447,1
6347,146,3652,1
6348,146,3717,1
6349,146,3869,1
6350,146,4307,1
6351,146,4500,1
6352,146,4651,1
6353,146,4849,1
6354,147,328,1
6355,147,351,1
6356,147,432,1
6357,147,485,1
6358,147,534,1
6359,147,714,1
6360,147,1142,1
6361,147,1363,1
6362,147,1752,1
6363,147,1863,1
6364,147,2010,1
6365,147,2125,1
6366,147,2190,1
6367,147,2992,1
6368,147,3130,1
6369,147,3490,1
6370,148,257,1
6371,148,259,1
6372,148,284,1
6373,148,457,1
6374,148,519,1
6375,148,546,1
6376,148,553,1
6377,148,873,1
6378,148,934,1
6379,148,1692,1
6380,148,2187,1
6381,148,2194,1
6382,148,2384,1
6383,148,2915,1
6384,148,2997,1
6385,148,3345,1
6386,148,3699,1
6387,148,3738,1
6388,148,3864,1
6389,148,4472,1
6390,148,4834,1
6391,148,4983,1
6392,149,255,1
6393,149,269,1
6394,149,305,1
6395,149,414,1
6396,149,574,1
6397,149,1001,1
6398,149,1209,1
6399,149,1444,1
6400,149,1506,1
6401,149,2213,1
6402,149,2627,1
6403,149,3168,1
6404,149,3172,1
6405,149,3813,1
6406,149,3858,1
6407,150,453,1
6408,150,751,1
6409,150,908,1
6410,150,1283,1
6411,150,1913,1
6412,150,2879,1
6413,150,3413,1
6414,150,3665,1
6415,150,3845,1
6416,150,4427,1
6417,151,891,1
6418,151,900,1
6419,151,1452,1
6420,151,1798,1
6421,151,2055,1
6422,151,3011,1
6423,151,3541,1
6424,151,3659,1
6425,151,3680,1
6426,151,4392,1
6427,151,4502,1
6428,152,324,1
6429,152,1277,1
6430,152,1302,1
6431,152,1353,1
6432,152,1534,1
6433,152,1666,1
6434,152,2649,1
6435,152,3753,1
6436,152,4324,1
6437,152,4718,1
6438,152,4831,1
6439,152,4935,1
6440,153,162,1
6441,153,205,1
6442,153,232,1
6443,153,413,1
6444,153,418,1
6445,153,586,1
6446,153,589,1
6447,153,923,1
6448,153,984,1
6449,153,1051,1
6450,153,1338,1
6451,153,1396,1
6452,153,1726,1
6453,153,2078,1
6454,153,2407,1
6455,153,2492,1
6456,153,2694,1
6457,153,3002,1
6458,153,3214,1
6459,153,3271,1
6460,153,3371,1
6461,153,3400,1
6462,153,3663,1
6463,153,3734,1
6464,153,3747,1
6465,153,3870,1
6466,153,3874,1
6467,153,4534,1
6468,153,4630,1
6469,154,181,1
6470,154,213,1
6471,154,235,1
6472,154,246,1
6473,154,258,1
6474,154,311,1
6475,154,332,1
6476,154,371,1
6477,154,411,1
6478,154,439,1
6479,154,550,1
6480,154,634,1
6481,154,667,1
6482,154,669,1
6483,154,783,1
6484,154,1033,1
6485,154,1085,1
6486,154,1155,1
6487,154,1219,1
6488,154,1296,1
6489,154,1691,1
6490,154,1817,1
6491,154,1948,1
6492,154,2067,1
6493,154,2154,1
6494,154,2176,1
6495,154,2182,1
6496,154,2336,1
6497,154,2968,1
6498,154,3315,1
6499,154,3523,1
6500,154,4051,1
6501,154,4099,1
6502,154,4718,1
6503,154,4872,1
6504,155,483,1
6505,155,1303,1
6506,155,1753,1
6507,155,2061,1
6508,155,2836,1
6509,155,4066,1
6510,156,341,1
6511,156,410,1
6512,156,419,1
6513,156,741,1
6514,156,844,1
6515,156,868,1
6516,156,1033,1
6517,156,1088,1
6518,156,1377,1
6519,156,1493,1
6520,156,1538,1
6521,156,1864,1
6522,156,2393,1
6523,156,2942,1
6524,157,181,1
6525,157,207,1
6526,157,229,1
6527,157,253,1
6528,157,334,1
6529,157,670,1
6530,157,1131,1
6531,157,1254,1
6532,157,1439,1
6533,157,1708,1
6534,157,2059,1
6535,157,2451,1
6536,157,2596,1
6537,157,3355,1
6538,157,4227,1
6539,157,4530,1
6540,157,4643,1
6541,158,261,1
6542,158,430,1
6543,158,507,1
6544,158,652,1
6545,158,765,1
6546,158,1161,1
6547,158,1350,1
6548,158,1456,1
6549,158,1483,1
6550,158,1488,1
6551,158,1497,1
6552,158,1802,1
6553,158,1932,1
6554,158,2052,1
6555,158,2054,1
6556,158,2107,1
6557,158,2120,1
6558,158,2749,1
6559,158,3600,1
6560,158,3742,1
6561,158,4651,1
6562,159,186,1
6563,159,275,1
6564,159,313,1
6565,159,358,1
6566,159,364,1
6567,159,623,1
6568,159,628,1
6569,159,688,1
6570,159,721,1
6571,159,829,1
6572,159,843,1
6573,159,1107,1
6574,159,1566,1
6575,159,1590,1
6576,159,1623,1
6577,159,1633,1
6578,159,1799,1
6579,159,2466,1
6580,159,2552,1
6581,159,2653,1
6582,159,2691,1
6583,159,2798,1
6584,159,2949,1
6585,159,3145,1
6586,159,4042,1
6587,159,4053,1
6588,159,4136,1
6589,159,4298,1
6590,159,4471,1
6591,159,4515,1
6592,159,4643,1
6593,159,4660,1
6594,159,4670,1
6595,159,4724,1
6596,159,4748,1
6597,159,4831,1
6598,160,754,1
6599,160,1282,1
6600,160,1588,1
6601,160,1640,1
6602,160,2136,1
6603,160,4402,1
6604,160,4434,1
6605,161,419,1
6606,161,427,1
6607,161,964,1
6608,161,974,1
6609,161,1061,1
6610,161,1179,1
6611,161,1206,1
6612,161,1253,1
6613,161,1301,1
6614,161,1471,1
6615,161,1685,1
6616,161,1905,1
6617,161,2642,1
6618,161,3274,1
6619,161,4093,1
6620,162,260,1
6621,162,318,1
6622,162,380,1
6623,162,474,1
6624,162,544,1
6625,162,560,1
6626,162,590,1
6627,162,618,1
6628,162,674,1
6629,162,1113,1
6630,162,1165,1
6631,162,1190,1
6632,162,1347,1
6633,162,1390,1
6634,162,1557,1
6635,162,1818,1
6636,162,1866,1
6637,162,2243,1
6638,162,3286,1
6639,162,3341,1
6640,162,3499,1
6641,162,3557,1
6642,162,3663,1
6643,162,3875,1
6644,162,3983,1
6645,162,4381,1
6646,162,4930,1
6647,163,530,1
6648,163,922,1
6649,163,985,1
6650,163,1902,1
6651,163,1993,1
6652,163,2467,1
6653,163,2487,1
6654,163,2496,1
6655,163,2703,1
6656,163,2936,1
6657,163,3391,1
6658,163,3595,1
6659,163,4048,1
6660,163,4972,1
6661,164,175,1
6662,164,179,1
6663,164,265,1
6664,164,436,1
6665,164,513,1
6666,164,536,1
6667,164,551,1
6668,164,660,1
6669,164,702,1
6670,164,808,1
6671,164,1421,1
6672,164,1457,1
6673,164,2073,1
6674,164,2173,1
6675,164,2519,1
6676,164,3104,1
6677,164,3621,1
6678,164,4117,1
6679,164,4404,1
6680,164,4644,1
6681,165,281,1
6682,165,316,1
6683,165,319,1
6684,165,650,1
6685,165,870,1
6686,165,982,1
6687,165,1302,1
6688,165,1402,1
6689,165,2620,1
6690,165,2945,1
6691,165,3232,1
6692,165,3709,1
6693,165,3714,1
6694,165,3735,1
6695,165,4221,1
6696,165,4342,1
6697,166,4544,1
6698,166,4730,1
6699,167,193,1
6700,167,198,1
6701,167,259,1
6702,167,464,1
6703,167,514,1
6704,167,584,1
6705,167,667,1
6706,167,731,1
6707,167,743,1
6708,167,766,1
6709,167,783,1
6710,167,1200,1
6711,167,1288,1
6712,167,1355,1
6713,167,1376,1
6714,167,1382,1
6715,167,1387,1
6716,167,1869,1
6717,167,2002,1
6718,167,2326,1
6719,167,2482,1
6720,167,2513,1
6721,167,2628,1
6722,167,2814,1
6723,167,3033,1
6724,167,3362,1
6725,167,3463,1
6726,167,3491,1
6727,167,3554,1
6728,167,3573,1
6729,167,4238,1
6730,168,176,1
6731,168,180,1
6732,168,204,1
6733,168,238,1
6734,168,671,1
6735,168,806,1
6736,168,1519,1
6737,168,1533,1
6738,168,1559,1
6739,168,1636,1
6740,168,1652,1
6741,168,1886,1
6742,168,2139,1
6743,168,2777,1
6744,168,2852,1
6745,168,2953,1
6746,168,2974,1
6747,168,3045,1
6748,168,3123,1
6749,168,3630,1
6750,168,4123,1
6751,168,4611,1
6752,168,4720,1
6753,169,192,1
6754,169,226,1
6755,169,260,1
6756,169,560,1
6757,169,724,1
6758,169,739,1
6759,169,922,1
6760,169,991,1
6761,169,1958,1
6762,169,2344,1
6763,169,2524,1
6764,169,2887,1
6765,169,3005,1
6766,169,3067,1
6767,169,3377,1
6768,169,3445,1
6769,169,3509,1
6770,169,3736,1
6771,169,3853,1
6772,169,4125,1
6773,169,4357,1
6774,169,4455,1
6775,170,173,1
6776,170,217,1
6777,170,272,1
6778,170,318,1
6779,170,400,1
6780,170,491,1
6781,170,819,1
6782,170,825,1
6783,170,944,1
6784,170,1376,1
6785,170,1391,1
6786,170,1434,1
6787,170,1485,1
6788,170,1582,1
6789,170,2223,1
6790,170,2240,1
6791,170,2343,1
6792,170,2356,1
6793,170,2382,1
6794,170,2532,1
6795,170,2625,1
6796,170,2883,1
6797,170,3124,1
6798,170,3294,1
6799,170,3365,1
6800,170,3520,1
6801,170,4128,1
6802,170,4220,1
6803,170,4265,1
6804,170,4673,1
6805,170,4839,1
6806,170,4947,1
6807,171,315,1
6808,171,876,1
6809,171,1005,1
6810,171,1211,1
6811,171,1502,1
6812,171,1774,1
6813,171,2279,1
6814,171,2530,1
6815,171,2884,1
6816,171,3450,1
6817,171,4426,1
6818,171,4557,1
6819,172,188,1
6820,172,247,1
6821,172,250,1
6822,172,263,1
6823,172,269,1
6824,172,361,1
6825,172,377,1
6826,172,424,1
6827,172,426,1
6828,172,559,1
6829,172,635,1
6830,172,648,1
6831,172,827,1
6832,172,933,1
6833,172,1239,1
6834,172,1515,1
6835,172,1801,1
6836,172,2053,1
6837,172,2104,1
6838,172,3312,1
6839,172,4273,1
6840,173,184,1
6841,173,483,1
6842,173,497,1
6843,173,508,1
6844,173,1025,1
6845,173,1029,1
6846,173,1166,1
6847,173,1904,1
6848,173,2052,1
6849,173,2151,1
6850,173,2317,1
6851,173,2583,1
6852,173,2672,1
6853,173,2909,1
6854,173,2988,1
6855,173,3144,1
6856,173,3453,1
6857,173,3492,1
6858,173,3985,1
6859,173,4661,1
6860,174,222,1
6861,174,448,1
6862,174,479,1
6863,174,870,1
6864,174,895,1
6865,174,1158,1
6866,174,1181,1
6867,174,1873,1
6868,174,1907,1
6869,174,1932,1
6870,174,2315,1
6871,174,3384,1
6872,174,3548,1
6873,174,4099,1
6874,174,4577,1
6875,174,4893,1
6876,175,224,1
6877,175,396,1
6878,175,423,1
6879,175,568,1
6880,175,673,1
6881,175,1115,1
6882,175,1160,1
6883,175,1246,1
6884,175,1405,1
6885,175,1840,1
6886,175,2202,1
6887,175,3097,1
6888,175,3260,1
6889,175,3834,1
6890,175,4006,1
6891,175,4313,1
6892,175,4358,1
6893,175,4927,1
6894,176,647,1
6895,176,766,1
6896,176,989,1
6897,176,1224,1
6898,176,1285,1
6899,176,1715,1
6900,176,1720,1
6901,176,1904,1
6902,176,2231,1
6903,176,2463,1
6904,176,2836,1
6905,176,2892,1
6906,176,3513,1
6907,176,3740,1
6908,176,3866,1
6909,176,4078,1
6910,176,4286,1
6911,176,4513,1
6912,176,4639,1
6913,177,633,1
6914,178,1745,1
6915,178,2765,1
6916,178,3026,1
6917,179,238,1
6918,179,391,1
6919,179,518,1
6920,179,623,1
6921,179,633,1
6922,179,650,1
6923,179,732,1
6924,179,811,1
6925,179,820,1
6926,179,1131,1
6927,179,1168,1
6928,179,1226,1
6929,179,1353,1
6930,179,1518,1
6931,179,1935,1
6932,179,2077,1
6933,179,2187,1
6934,179,2266,1
6935,179,2471,1
6936,179,3081,1
6937,179,3168,1
6938,179,4167,1
6939,179,4705,1
6940,180,228,1
6941,180,617,1
6942,180,755,1
6943,180,1428,1
6944,180,1789,1
6945,180,2017,1
6946,180,2514,1
6947,180,2893,1
6948,180,3014,1
6949,180,3255,1
6950,180,3266,1
6951,180,3374,1
6952,180,3402,1
6953,180,3544,1
6954,180,3545,1
6955,180,4260,1
6956,180,4841,1
6957,181,189,1
6958,181,319,1
6959,181,322,1
6960,181,481,1
6961,181,704,1
6962,181,711,1
6963,181,813,1
6964,181,1236,1
6965,181,1284,1
6966,181,1297,1
6967,181,1374,1
6968,181,1517,1
6969,181,1548,1
6970,181,1673,1
6971,181,1676,1
6972,181,1916,1
6973,181,2009,1
6974,181,2014,1
6975,181,2127,1
6976,181,2265,1
6977,181,2592,1
6978,181,2709,1
6979,181,2858,1
6980,181,3217,1
6981,181,3284,1
6982,181,3398,1
6983,181,3646,1
6984,181,3766,1
6985,181,4089,1
6986,181,4101,1
6987,181,4199,1
6988,181,4509,1
6989,181,4767,1
6990,181,4792,1
6991,181,4830,1
6992,182,494,1
6993,182,614,1
6994,182,1055,1
6995,182,1122,1
6996,182,1350,1
6997,182,1734,1
6998,182,1909,1
6999,182,2321,1
7000,182,2328,1
7001,182,2715,1
7002,182,2931,1
7003,182,3041,1
7004,182,3633,1
7005,182,4670,1
7006,182,4866,1
7007,183,186,1
7008,183,338,1
7009,183,350,1
7010,183,517,1
7011,183,877,1
7012,183,912,1
7013,183,1824,1
7014,183,2079,1
7015,183,2099,1
7016,183,2601,1
7017,183,3962,1
7018,184,905,1
7019,184,916,1
7020,184,1222,1
7021,184,1351,1
7022,184,1893,1
7023,184,2060,1
7024,184,2333,1
7025,184,2648,1
7026,184,2948,1
7027,184,3033,1
7028,184,3144,1
7029,184,3516,1
7030,184,3733,1
7031,185,756,1
7032,185,781,1
7033,185,1971,1
7034,185,2338,1
7035,185,2712,1
7036,185,2937,1
7037,185,3021,1
7038,185,3928,1
7039,186,386,1
7040,186,953,1
7041,186,1052,1
7042,186,1151,1
7043,186,1936,1
7044,186,2220,1
7045,186,2887,1
7046,186,2953,1
7047,186,3015,1
7048,186,3088,1
7049,186,3242,1
7050,186,3729,1
7051,186,4135,1
7052,186,4238,1
7053,186,4762,1
7054,187,596,1
7055,187,616,1
7056,187,833,1
7057,187,878,1
7058,187,1217,1
7059,187,1257,1
7060,187,1411,1
7061,187,2356,1
7062,187,4816,1
7063,187,4982,1
7064,188,206,1
7065,188,282,1
7066,188,361,1
7067,188,375,1
7068,188,388,1
7069,188,505,1
7070,188,704,1
7071,188,746,1
7072,188,768,1
7073,188,788,1
7074,188,1149,1
7075,188,1278,1
7076,188,1402,1
7077,188,1574,1
7078,188,1720,1
7079,188,2042,1
7080,188,2093,1
7081,188,2219,1
7082,188,2320,1
7083,188,2331,1
7084,188,2987,1
7085,188,3012,1
7086,188,3179,1
7087,188,3422,1
7088,188,3615,1
7089,188,3768,1
7090,188,4160,1
7091,188,4243,1
7092,188,4434,1
7093,188,4460,1
7094,188,4899,1
7095,188,4907,1
7096,189,220,1
7097,189,663,1
7098,189,1011,1
7099,189,1095,1
7100,189,1392,1
7101,189,1677,1
7102,189,2840,1
7103,189,4460,1
7104,189,4946,1
7105,190,193,1
7106,190,203,1
7107,190,251,1
7108,190,586,1
7109,190,651,1
7110,190,1057,1
7111,190,1082,1
7112,190,1584,1
7113,190,1611,1
7114,190,1616,1
7115,190,1638,1
7116,190,1680,1
7117,190,1811,1
7118,190,2238,1
7119,190,2423,1
7120,190,2607,1
7121,190,3085,1
7122,190,3396,1
7123,190,3623,1
7124,190,3848,1
7125,190,4336,1
7126,190,4636,1
7127,190,4786,1
7128,190,4860,1
7129,190,4865,1
7130,191,367,1
7131,191,385,1
7132,191,468,1
7133,191,810,1
7134,191,1069,1
7135,191,1212,1
7136,191,1371,1
7137,191,1497,1
7138,191,1533,1
7139,191,2837,1
7140,191,3966,1
7141,192,221,1
7142,192,239,1
7143,192,342,1
7144,192,355,1
7145,192,397,1
7146,192,458,1
7147,192,483,1
7148,192,489,1
7149,192,542,1
7150,192,892,1
7151,192,1074,1
7152,192,1347,1
7153,192,1463,1
7154,192,1718,1
7155,192,2123,1
7156,192,2224,1
7157,192,2693,1
7158,192,2900,1
7159,192,3487,1
7160,192,3948,1
7161,192,4088,1
7162,192,4343,1
7163,193,233,1
7164,193,1093,1
7165,193,1477,1
7166,193,1503,1
7167,193,2690,1
7168,193,3267,1
7169,193,3773,1
7170,193,4244,1
7171,193,4293,1
7172,193,4417,1
7173,193,4990,1
7174,194,273,1
7175,194,301,1
7176,194,324,1
7177,194,326,1
7178,194,468,1
7179,194,764,1
7180,194,875,1
7181,194,926,1
7182,194,1183,1
7183,194,1262,1
7184,194,2084,1
7185,194,2108,1
7186,194,2253,1
7187,194,2342,1
7188,194,2412,1
7189,194,2439,1
7190,194,3071,1
7191,194,3220,1
7192,194,3295,1
7193,194,4028,1
7194,194,4274,1
7195,194,4445,1
7196,194,4602,1
7197,195,218,1
7198,195,219,1
7199,195,394,1
7200,195,1056,1
7201,195,1342,1
7202,195,1852,1
7203,195,2361,1
7204,195,2434,1
7205,195,2549,1
7206,195,4454,1
7207,196,545,1
7208,196,553,1
7209,196,2097,1
7210,196,2319,1
7211,196,2356,1
7212,196,2474,1
7213,196,3170,1
7214,196,3538,1
7215,196,3948,1
7216,196,4125,1
7217,196,4564,1
7218,196,4746,1
7219,197,606,1
7220,197,684,1
7221,197,791,1
7222,197,837,1
7223,197,1005,1
7224,197,1391,1
7225,197,1770,1
7226,197,2095,1
7227,197,2245,1
7228,197,2333,1
7229,197,2379,1
7230,197,2946,1
7231,197,3103,1
7232,197,3137,1
7233,197,3202,1
7234,197,3364,1
7235,197,4385,1
7236,197,4440,1
7237,198,310,1
7238,198,312,1
7239,198,402,1
7240,198,510,1
7241,198,678,1
7242,198,840,1
7243,198,867,1
7244,198,1131,1
7245,198,1194,1
7246,198,1270,1
7247,198,1278,1
7248,198,2086,1
7249,198,2169,1
7250,198,2180,1
7251,198,2635,1
7252,198,3057,1
7253,198,3149,1
7254,198,3255,1
7255,198,3334,1
7256,198,3430,1
7257,198,3830,1
7258,198,4390,1
7259,198,4874,1
7260,199,201,1
7261,199,243,1
7262,199,254,1
7263,199,298,1
7264,199,355,1
7265,199,447,1
7266,199,493,1
7267,199,535,1
7268,199,539,1
7269,199,744,1
7270,199,758,1
7271,199,821,1
7272,199,850,1
7273,199,935,1
7274,199,939,1
7275,199,1266,1
7276,199,1486,1
7277,199,1550,1
7278,199,1607,1
7279,199,1628,1
7280,199,1655,1
7281,199,1935,1
7282,199,1968,1
7283,199,2067,1
7284,199,2110,1
7285,199,2241,1
7286,199,2321,1
7287,199,2502,1
7288,199,2782,1
7289,199,2942,1
7290,199,2948,1
7291,199,2967,1
7292,199,3093,1
7293,199,3471,1
7294,199,3574,1
7295,199,3993,1
7296,199,4360,1
7297,199,4613,1
7298,199,4930,1
7299,199,4933,1
7300,200,345,1
7301,200,411,1
7302,200,566,1
7303,200,595,1
7304,200,700,1
7305,200,1221,1
7306,200,1267,1
7307,200,1663,1
7308,200,1994,1
7309,200,2974,1
7310,200,3249,1
7311,200,3412,1
7312,200,3676,1
7313,200,3854,1
7314,201,583,1
7315,201,672,1
7316,201,963,1
7317,201,1811,1
7318,201,2143,1
7319,201,2458,1
7320,201,3390,1
7321,201,4292,1
7322,201,4466,1
7323,202,576,1
7324,202,1291,1
7325,202,1745,1
7326,202,1934,1
7327,202,2441,1
7328,202,2697,1
7329,202,2799,1
7330,203,287,1
7331,203,784,1
7332,203,932,1
7333,203,1154,1
7334,203,1201,1
7335,203,1264,1
7336,203,1563,1
7337,203,2791,1
7338,203,2986,1
7339,203,3504,1
7340,203,3956,1
7341,203,4339,1
7342,203,4449,1
7343,203,4597,1
7344,204,350,1
7345,204,503,1
7346,204,604,1
7347,204,778,1
7348,204,1384,1
7349,204,1399,1
7350,204,1482,1
7351,204,1483,1
7352,204,1722,1
7353,204,1835,1
7354,204,1864,1
7355,204,2579,1
7356,204,2631,1
7357,204,2784,1
7358,204,2908,1
7359,204,3500,1
7360,204,3584,1
7361,204,3608,1
7362,204,4016,1
7363,204,4078,1
7364,204,4156,1
7365,204,4293,1
7366,204,4728,1
7367,204,4762,1
7368,204,4938,1
7369,205,625,1
7370,205,1322,1
7371,205,2156,1
7372,205,2292,1
7373,205,2556,1
7374,205,3110,1
7375,206,286,1
7376,206,435,1
7377,207,296,1
7378,207,409,1
7379,207,425,1
7380,207,429,1
7381,207,855,1
7382,207,1442,1
7383,207,1863,1
7384,207,1962,1
7385,207,2368,1
7386,207,2375,1
7387,207,2446,1
7388,207,2702,1
7389,207,2903,1
7390,207,3160,1
7391,207,3488,1
7392,207,3576,1
7393,207,3727,1
7394,207,3777,1
7395,207,3779,1
7396,207,4324,1
7397,207,4844,1
7398,208,221,1
7399,208,446,1
7400,208,727,1
7401,208,958,1
7402,208,1115,1
7403,208,1679,1
7404,208,3379,1
7405,208,3566,1
7406,209,515,1
7407,209,554,1
7408,209,1403,1
7409,209,1586,1
7410,209,3821,1
7411,209,4420,1
7412,210,262,1
7413,210,362,1
7414,210,383,1
7415,210,835,1
7416,210,1342,1
7417,210,1818,1
7418,210,1960,1
7419,210,2611,1
7420,210,3401,1
7421,210,3443,1
7422,210,3534,1
7423,210,3907,1
7424,210,4519,1
7425,211,260,1
7426,211,305,1
7427,211,618,1
7428,211,660,1
7429,211,776,1
7430,211,1116,1
7431,211,1129,1
7432,211,1259,1
7433,211,1325,1
7434,211,1394,1
7435,211,1615,1
7436,211,1680,1
7437,211,1715,1
7438,211,1901,1
7439,211,2163,1
7440,211,2772,1
7441,211,2815,1
7442,211,2860,1
7443,211,2981,1
7444,211,3347,1
7445,211,3611,1
7446,211,4369,1
7447,211,4698,1
7448,211,4885,1
7449,211,4997,1
7450,212,874,1
7451,212,919,1
7452,212,984,1
7453,212,1022,1
7454,212,1365,1
7455,212,2312,1
7456,212,2378,1
7457,212,3372,1
7458,212,3427,1
7459,212,3644,1
7460,212,3662,1
7461,212,3854,1
7462,212,4353,1
7463,212,4979,1
7464,213,339,1
7465,213,2550,1
7466,213,2662,1
7467,214,420,1
7468,214,469,1
7469,214,824,1
7470,214,906,1
7471,214,1552,1
7472,214,1562,1
7473,214,1801,1
7474,214,2091,1
7475,214,2555,1
7476,214,2560,1
7477,214,2649,1
7478,214,3091,1
7479,214,3359,1
7480,214,3426,1
7481,214,3790,1
7482,214,3826,1
7483,214,4426,1
7484,214,4921,1
7485,215,273,1
7486,215,300,1
7487,215,340,1
7488,215,406,1
7489,215,571,1
7490,215,622,1
7491,215,633,1
7492,215,656,1
7493,215,676,1
7494,215,1419,1
7495,215,2804,1
7496,215,3691,1
7497,216,282,1
7498,216,337,1
7499,216,569,1
7500,216,583,1
7501,216,956,1
7502,216,1076,1
7503,216,1128,1
7504,216,1995,1
7505,216,2370,1
7506,216,3050,1
7507,216,3494,1
7508,216,3713,1
7509,216,4959,1
7510,217,324,1
7511,217,497,1
7512,217,658,1
7513,217,787,1
7514,217,789,1
7515,217,1026,1
7516,217,1217,1
7517,217,1279,1
7518,217,1306,1
7519,217,1652,1
7520,217,1682,1
7521,217,1999,1
7522,217,2318,1
7523,217,2601,1
7524,217,3077,1
7525,217,3234,1
7526,217,3732,1
7527,217,3772,1
7528,217,4315,1
7529,218,509,1
7530,218,1031,1
7531,218,1930,1
7532,218,1989,1
7533,218,2155,1
7534,218,3262,1
7535,218,3889,1
7536,218,3926,1
7537,219,221,1
7538,219,765,1
7539,219,812,1
7540,219,886,1
7541,219,1392,1
7542,219,1807,1
7543,219,1905,1
7544,219,1947,1
7545,219,2167,1
7546,219,2803,1
7547,219,3109,1
7548,219,3124,1
7549,219,3166,1
7550,219,4414,1
7551,219,4618,1
7552,220,229,1
7553,220,351,1
7554,220,356,1
7555,220,372,1
7556,220,706,1
7557,220,1097,1
7558,220,1630,1
7559,220,2251,1
7560,220,2566,1
7561,220,2996,1
7562,220,3891,1
7563,220,4462,1
7564,221,343,1
7565,221,470,1
7566,221,559,1
7567,221,575,1
7568,221,979,1
7569,221,2129,1
7570,221,2515,1
7571,221,2780,1
7572,221,3291,1
7573,221,3317,1
7574,221,3319,1
7575,221,3614,1
7576,221,3682,1
7577,221,4036,1
7578,221,4184,1
7579,222,769,1
7580,222,1059,1
7581,222,1141,1
7582,222,1271,1
7583,222,1369,1
7584,222,1972,1
7585,222,2173,1
7586,222,2449,1
7587,222,2613,1
7588,222,3114,1
7589,222,3356,1
7590,222,3743,1
7591,222,3808,1
7592,222,3876,1
7593,222,4024,1
7594,222,4924,1
7595,222,4985,1
7596,223,694,1
7597,223,768,1
7598,223,804,1
7599,223,865,1
7600,223,955,1
7601,223,2437,1
7602,223,2835,1
7603,223,3040,1
7604,223,3302,1
7605,224,427,1
7606,224,484,1
7607,224,530,1
7608,224,578,1
7609,224,734,1
7610,224,886,1
7611,224,945,1
7612,224,1474,1
7613,224,2219,1
7614,224,2468,1
7615,224,2968,1
7616,224,3027,1
7617,224,3054,1
7618,224,3298,1
7619,224,3612,1
7620,224,4697,1
7621,225,272,1
7622,225,379,1
7623,225,389,1
7624,225,619,1
7625,225,831,1
7626,225,1338,1
7627,225,1538,1
7628,225,1631,1
7629,225,1663,1
7630,225,2185,1
7631,225,2547,1
7632,225,2628,1
7633,225,2723,1
7634,225,2947,1
7635,225,3519,1
7636,225,4327,1
7637,225,4634,1
7638,225,4672,1
7639,226,289,1
7640,226,380,1
7641,226,780,1
7642,226,1223,1
7643,226,1497,1
7644,226,1647,1
7645,226,1885,1
7646,226,2140,1
7647,226,3839,1
7648,226,4467,1
7649,226,4636,1
7650,226,4873,1
7651,227,266,1
7652,227,322,1
7653,227,354,1
7654,227,363,1
7655,227,395,1
7656,227,516,1
7657,227,626,1
7658,227,636,1
7659,227,642,1
7660,227,705,1
7661,227,738,1
7662,227,744,1
7663,227,866,1
7664,227,1000,1
7665,227,1065,1
7666,227,1664,1
7667,227,1686,1
7668,227,1814,1
7669,227,1936,1
7670,227,2032,1
7671,227,2680,1
7672,227,2682,1
7673,227,3409,1
7674,227,4444,1
7675,227,4812,1
7676,227,4969,1
7677,228,480,1
7678,228,527,1
7679,228,1163,1
7680,228,1251,1
7681,228,1807,1
7682,228,2038,1
7683,228,2277,1
7684,228,2522,1
7685,228,2803,1
7686,228,3324,1
7687,228,3478,1
7688,228,4088,1
7689,228,4523,1
7690,229,249,1
7691,229,710,1
7692,229,738,1
7693,229,1075,1
7694,229,2088,1
7695,229,3260,1
7696,230,245,1
7697,230,506,1
7698,230,538,1
7699,230,864,1
7700,230,1100,1
7701,230,1348,1
7702,230,1601,1
7703,230,1916,1
7704,230,2731,1
7705,230,3156,1
7706,230,4505,1
7707,230,4666,1
7708,230,4676,1
7709,231,274,1
7710,231,607,1
7711,231,655,1
7712,231,870,1
7713,231,913,1
7714,231,1006,1
7715,231,1140,1
7716,231,1186,1
7717,231,1242,1
7718,231,1417,1
7719,231,1974,1
7720,231,2271,1
7721,231,3001,1
7722,231,3467,1
7723,231,3743,1
7724,231,3914,1
7725,231,4766,1
7726,232,247,1
7727,232,268,1
7728,232,299,1
7729,232,337,1
7730,232,338,1
7731,232,385,1
7732,232,449,1
7733,232,455,1
7734,232,520,1
7735,232,755,1
7736,232,1006,1
7737,232,1019,1
7738,232,1184,1
7739,232,1598,1
7740,232,2000,1
7741,232,2044,1
7742,232,2811,1
7743,232,3034,1
7744,232,3181,1
7745,232,4189,1
7746,233,648,1
7747,233,1367,1
7748,233,1689,1
7749,233,2029,1
7750,233,3541,1
7751,233,3689,1
7752,233,3712,1
7753,233,3774,1
7754,233,4084,1
7755,234,315,1
7756,234,345,1
7757,234,397,1
7758,234,513,1
7759,234,592,1
7760,234,664,1
7761,234,688,1
7762,234,694,1
7763,234,716,1
7764,234,774,1
7765,234,909,1
7766,234,988,1
7767,234,1121,1
7768,234,1335,1
7769,234,1361,1
7770,234,1565,1
7771,234,1742,1
7772,234,2173,1
7773,234,2183,1
7774,234,2586,1
7775,234,3175,1
7776,234,3347,1
7777,234,3587,1
7778,234,3775,1
7779,234,4106,1
7780,234,4235,1
7781,234,4322,1
7782,234,4372,1
7783,234,4615,1
7784,235,400,1
7785,235,1245,1
7786,235,1606,1
7787,235,2373,1
7788,235,3437,1
7789,235,3586,1
7790,235,4886,1
7791,236,469,1
7792,236,759,1
7793,236,1105,1
7794,236,1672,1
7795,236,1700,1
7796,236,1719,1
7797,236,1766,1
7798,236,1917,1
7799,236,1937,1
7800,236,2983,1
7801,236,3055,1
7802,236,3877,1
7803,236,4675,1
7804,236,4764,1
7805,237,268,1
7806,237,442,1
7807,237,450,1
7808,237,466,1
7809,237,507,1
7810,237,530,1
7811,237,772,1
7812,237,802,1
7813,237,803,1
7814,237,1197,1
7815,237,1266,1
7816,237,1312,1
7817,237,1323,1
7818,237,1459,1
7819,237,1469,1
7820,237,1612,1
7821,237,1885,1
7822,237,2123,1
7823,237,2707,1
7824,237,2894,1
7825,237,2919,1
7826,237,3162,1
7827,237,3458,1
7828,237,3551,1
7829,237,3608,1
7830,237,3990,1
7831,237,4186,1
7832,237,4225,1
7833,237,4228,1
7834,237,4365,1
7835,237,4367,1
7836,237,4831,1
7837,238,430,1
7838,238,539,1
7839,238,844,1
7840,238,1045,1
7841,238,1842,1
7842,238,2027,1
7843,238,2311,1
7844,238,3158,1
7845,238,3257,1
7846,238,3756,1
7847,238,4669,1
7848,239,297,1
7849,239,347,1
7850,239,396,1
7851,239,613,1
7852,239,874,1
7853,239,1391,1
7854,239,1453,1
7855,239,2046,1
7856,239,2231,1
7857,239,3184,1
7858,239,4675,1
7859,239,4890,1
7860,240,423,1
7861,240,427,1
7862,240,431,1
7863,240,555,1
7864,240,558,1
7865,240,758,1
7866,240,864,1
7867,240,1031,1
7868,240,1172,1
7869,240,1249,1
7870,240,1674,1
7871,240,2139,1
7872,240,2992,1
7873,240,3016,1
7874,240,3417,1
7875,241,255,1
7876,241,285,1
7877,241,517,1
7878,241,662,1
7879,241,688,1
7880,241,691,1
7881,241,852,1
7882,241,875,1
7883,241,991,1
7884,241,1121,1
7885,241,1295,1
7886,241,1320,1
7887,241,1603,1
7888,241,1668,1
7889,241,1695,1
7890,241,1962,1
7891,241,3928,1
7892,241,4041,1
7893,241,4301,1
7894,241,4425,1
7895,241,4727,1
7896,242,319,1
7897,242,354,1
7898,242,460,1
7899,242,632,1
7900,242,857,1
7901,242,1167,1
7902,242,1846,1
7903,242,1966,1
7904,242,2456,1
7905,242,3133,1
7906,242,4094,1
7907,243,250,1
7908,243,374,1
7909,243,658,1
7910,243,699,1
7911,243,1348,1
7912,243,1373,1
7913,243,1374,1
7914,243,1514,1
7915,243,1589,1
7916,243,1632,1
7917,243,1765,1
7918,243,2467,1
7919,243,2576,1
7920,243,2906,1
7921,243,2998,1
7922,243,3384,1
7923,243,3476,1
7924,243,4927,1
7925,244,268,1
7926,244,678,1
7927,244,2376,1
7928,244,4210,1
7929,245,1957,1
7930,245,2345,1
7931,245,2657,1
7932,245,3216,1
7933,245,3277,1
7934,245,4346,1
7935,246,657,1
7936,246,1149,1
7937,246,1730,1
7938,246,1941,1
7939,246,2416,1
7940,246,2626,1
7941,246,3333,1
7942,247,464,1
7943,247,940,1
7944,247,1423,1
7945,247,2303,1
7946,247,3789,1
7947,247,4574,1
7948,248,255,1
7949,248,357,1
7950,248,387,1
7951,248,540,1
7952,248,546,1
7953,248,672,1
7954,248,1175,1
7955,248,1315,1
7956,248,1448,1
7957,248,1680,1
7958,248,1858,1
7959,248,2662,1
7960,248,2937,1
7961,248,3964,1
7962,248,4662,1
7963,248,4892,1
7964,248,4979,1
7965,249,263,1
7966,249,392,1
7967,249,554,1
7968,249,640,1
7969,249,1079,1
7970,249,1145,1
7971,249,1182,1
7972,249,1271,1
7973,249,1494,1
7974,249,1507,1
7975,249,1587,1
7976,249,2242,1
7977,249,2311,1
7978,249,3412,1
7979,249,3916,1
7980,249,4204,1
7981,249,4274,1
7982,250,369,1
7983,250,708,1
7984,250,747,1
7985,250,992,1
7986,250,1140,1
7987,250,1425,1
7988,250,1764,1
7989,250,1946,1
7990,250,2737,1
7991,250,3418,1
7992,250,3799,1
7993,250,4978,1
7994,251,344,1
7995,251,404,1
7996,251,422,1
7997,251,570,1
7998,251,669,1
7999,251,733,1
8000,251,896,1
8001,251,975,1
8002,251,981,1
8003,251,1025,1
8004,251,1064,1
8005,251,1389,1
8006,251,1396,1
8007,251,1542,1
8008,251,2742,1
8009,251,2779,1
8010,251,3199,1
8011,251,4005,1
8012,251,4331,1
8013,251,4848,1
8014,251,4885,1
8015,252,906,1
8016,252,971,1
8017,252,1011,1
8018,252,1330,1
8019,252,1465,1
8020,252,1490,1
8021,252,1503,1
8022,252,1765,1
8023,252,2069,1
8024,252,2501,1
8025,252,2824,1
8026,252,2889,1
8027,252,3546,1
8028,252,4053,1
8029,252,4317,1
8030,252,4760,1
8031,253,301,1
8032,253,302,1
8033,253,361,1
8034,253,611,1
8035,253,732,1
8036,253,793,1
8037,253,1479,1
8038,253,2217,1
8039,253,2849,1
8040,253,3203,1
8041,253,3453,1
8042,253,3817,1
8043,253,3848,1
8044,253,3970,1
8045,253,4163,1
8046,253,4801,1
8047,253,4819,1
8048,253,4906,1
8049,254,307,1
8050,254,589,1
8051,254,645,1
8052,254,713,1
8053,254,723,1
8054,254,1241,1
8055,254,1247,1
8056,254,1751,1
8057,254,2094,1
8058,254,2295,1
8059,254,2941,1
8060,254,3972,1
8061,254,3974,1
8062,254,4222,1
8063,254,4966,1
8064,255,348,1
8065,255,365,1
8066,255,473,1
8067,255,496,1
8068,255,747,1
8069,255,777,1
8070,255,1445,1
8071,255,1658,1
8072,255,1718,1
8073,255,1771,1
8074,255,2055,1
8075,255,2214,1
8076,255,2551,1
8077,255,2681,1
8078,255,3852,1
8079,255,4219,1
8080,255,4519,1
8081,255,4891,1
8082,256,455,1
8083,256,1086,1
8084,256,2379,1
8085,256,3836,1
8086,256,4415,1
8087,256,4626,1
8088,256,4688,1
8089,257,614,1
8090,257,902,1
8091,257,1108,1
8092,257,1340,1
8093,257,1908,1
8094,257,3879,1
8095,257,3998,1
8096,257,4999,1
8097,258,382,1
8098,258,421,1
8099,258,653,1
8100,258,2649,1
8101,258,2761,1
8102,258,3056,1
8103,258,3497,1
8104,258,4232,1
8105,258,4591,1
8106,259,331,1
8107,259,668,1
8108,259,815,1
8109,259,1010,1
8110,259,1317,1
8111,259,1422,1
8112,259,1608,1
8113,259,1921,1
8114,259,2019,1
8115,259,2076,1
8116,259,2080,1
8117,259,2434,1
8118,259,2646,1
8119,259,3599,1
8120,259,4296,1
8121,259,4395,1
8122,259,4759,1
8123,260,393,1
8124,260,1220,1
8125,260,3414,1
8126,261,308,1
8127,261,349,1
8128,261,373,1
8129,261,386,1
8130,261,393,1
8131,261,1592,1
8132,261,1733,1
8133,261,1774,1
8134,261,1890,1
8135,261,1891,1
8136,261,2012,1
8137,261,2432,1
8138,261,2436,1
8139,261,2578,1
8140,261,2898,1
8141,261,3456,1
8142,261,3558,1
8143,261,3757,1
8144,261,3955,1
8145,261,4345,1
8146,261,4367,1
8147,261,4603,1
8148,261,4633,1
8149,262,2111,1
8150,262,2731,1
8151,262,3003,1
8152,262,3516,1
8153,263,293,1
8154,263,304,1
8155,263,438,1
8156,263,481,1
8157,263,1006,1
8158,263,1581,1
8159,263,1621,1
8160,263,1678,1
8161,263,2041,1
8162,263,2086,1
8163,263,2889,1
8164,263,3460,1
8165,263,3617,1
8166,263,3697,1
8167,263,3783,1
8168,263,4574,1
8169,263,4749,1
8170,263,4761,1
8171,263,4943,1
8172,263,4999,1
8173,264,296,1
8174,264,1326,1
8175,264,1547,1
8176,264,1625,1
8177,264,1714,1
8178,264,3307,1
8179,264,3373,1
8180,264,3589,1
8181,265,333,1
8182,265,362,1
8183,265,572,1
8184,265,599,1
8185,265,1077,1
8186,265,1560,1
8187,265,1897,1
8188,265,2457,1
8189,265,2476,1
8190,265,2938,1
8191,265,4056,1
8192,265,4215,1
8193,265,4436,1
8194,265,4579,1
8195,265,4864,1
8196,266,471,1
8197,266,636,1
8198,266,824,1
8199,266,3091,1
8200,266,3121,1
8201,266,3199,1
8202,266,3246,1
8203,266,3638,1
8204,266,3840,1
8205,266,3960,1
8206,267,707,1
8207,267,1549,1
8208,268,399,1
8209,268,498,1
8210,268,1027,1
8211,268,1612,1
8212,268,2797,1
8213,268,3861,1
8214,268,3960,1
8215,268,4803,1
8216,269,336,1
8217,269,401,1
8218,269,403,1
8219,269,610,1
8220,269,912,1
8221,269,931,1
8222,269,1006,1
8223,269,1530,1
8224,269,1887,1
8225,269,2373,1
8226,269,2654,1
8227,269,2741,1
8228,269,2748,1
8229,269,2845,1
8230,269,3549,1
8231,269,3907,1
8232,269,3923,1
8233,269,4296,1
8234,269,4776,1
8235,270,320,1
8236,270,416,1
8237,270,498,1
8238,270,627,1
8239,270,850,1
8240,270,964,1
8241,270,1258,1
8242,270,1382,1
8243,270,1458,1
8244,270,1836,1
8245,270,2216,1
8246,270,2897,1
8247,270,3404,1
8248,270,3694,1
8249,270,3765,1
8250,270,3827,1
8251,270,4043,1
8252,270,4675,1
8253,270,4769,1
8254,271,415,1
8255,271,523,1
8256,271,851,1
8257,271,1471,1
8258,271,3969,1
8259,271,4237,1
8260,271,4430,1
8261,271,4856,1
8262,271,4995,1
8263,272,356,1
8264,272,363,1
8265,272,368,1
8266,272,593,1
8267,272,1192,1
8268,272,1236,1
8269,272,1272,1
8270,272,1549,1
8271,272,1627,1
8272,272,1833,1
8273,272,1853,1
8274,272,2579,1
8275,272,2659,1
8276,272,2668,1
8277,272,2864,1
8278,272,3044,1
8279,272,3343,1
8280,272,3350,1
8281,272,3688,1
8282,272,3794,1
8283,272,3842,1
8284,272,4380,1
8285,272,4469,1
8286,273,2479,1
8287,273,3103,1
8288,273,3834,1
8289,273,4383,1
8290,274,336,1
8291,274,348,1
8292,274,440,1
8293,274,878,1
8294,274,1033,1
8295,274,1219,1
8296,274,1258,1
8297,274,1430,1
8298,274,1441,1
8299,274,1609,1
8300,274,2039,1
8301,274,2289,1
8302,274,2324,1
8303,274,2337,1
8304,274,2728,1
8305,274,3077,1
8306,274,3540,1
8307,274,3887,1
8308,274,4589,1
8309,274,4618,1
8310,274,4759,1
8311,274,4767,1
8312,275,338,1
8313,275,1180,1
8314,275,2077,1
8315,275,2202,1
8316,275,2814,1
8317,275,2964,1
8318,276,364,1
8319,276,636,1
8320,276,737,1
8321,276,767,1
8322,276,882,1
8323,276,1139,1
8324,276,1188,1
8325,276,1537,1
8326,276,1878,1
8327,276,1991,1
8328,276,2532,1
8329,276,2553,1
8330,276,3376,1
8331,276,4560,1
8332,276,4925,1
8333,276,4942,1
8334,277,365,1
8335,277,407,1
8336,277,485,1
8337,277,1225,1
8338,277,1311,1
8339,277,1576,1
8340,277,1595,1
8341,277,1716,1
8342,277,1890,1
8343,277,1985,1
8344,277,3091,1
8345,277,3437,1
8346,277,3590,1
8347,277,3966,1
8348,278,1068,1
8349,278,3814,1
8350,279,317,1
8351,279,549,1
8352,279,679,1
8353,279,940,1
8354,279,1132,1
8355,279,1545,1
8356,279,1570,1
8357,279,1607,1
8358,279,1861,1
8359,279,1939,1
8360,279,2066,1
8361,279,2652,1
8362,279,3111,1
8363,279,3195,1
8364,279,3358,1
8365,279,3993,1
8366,279,4227,1
8367,279,4320,1
8368,279,4860,1
8369,280,1428,1
8370,280,1706,1
8371,280,1949,1
8372,280,2056,1
8373,280,2191,1
8374,280,2363,1
8375,280,3316,1
8376,280,4034,1
8377,281,299,1
8378,281,319,1
8379,281,471,1
8380,281,488,1
8381,281,526,1
8382,281,751,1
8383,281,842,1
8384,281,1395,1
8385,281,1472,1
8386,281,2138,1
8387,281,2463,1
8388,281,2631,1
8389,281,3420,1
8390,281,3806,1
8391,281,3895,1
8392,281,4062,1
8393,281,4268,1
8394,281,4558,1
8395,281,4701,1
8396,282,371,1
8397,282,779,1
8398,282,824,1
8399,282,887,1
8400,282,1155,1
8401,282,1251,1
8402,282,1322,1
8403,282,1332,1
8404,282,1560,1
8405,282,2128,1
8406,282,2722,1
8407,282,2758,1
8408,282,4321,1
8409,282,4788,1
8410,283,2053,1
8411,283,2830,1
8412,283,4523,1
8413,284,517,1
8414,284,592,1
8415,284,646,1
8416,284,1096,1
8417,284,1732,1
8418,284,1920,1
8419,284,2284,1
8420,285,1584,1
8421,285,4079,1
8422,285,4153,1
8423,285,4479,1
8424,285,4697,1
8425,286,482,1
8426,286,525,1
8427,286,718,1
8428,286,927,1
8429,286,1881,1
8430,286,1949,1
8431,286,2901,1
8432,286,4404,1
8433,286,4951,1
8434,287,788,1
8435,287,1365,1
8436,287,1759,1
8437,287,3202,1
8438,287,3347,1
8439,287,4216,1
8440,287,4881,1
8441,288,358,1
8442,288,420,1
8443,288,494,1
8444,288,512,1
8445,288,630,1
8446,288,636,1
8447,288,736,1
8448,288,783,1
8449,288,968,1
8450,288,1490,1
8451,288,1766,1
8452,288,1826,1
8453,288,1911,1
8454,288,1962,1
8455,288,2046,1
8456,288,2284,1
8457,288,3158,1
8458,288,3421,1
8459,288,4369,1
8460,288,4540,1
8461,288,4692,1
8462,288,4883,1
8463,289,291,1
8464,289,485,1
8465,289,522,1
8466,289,554,1
8467,289,567,1
8468,289,616,1
8469,289,695,1
8470,289,861,1
8471,289,940,1
8472,289,995,1
8473,289,1194,1
8474,289,1265,1
8475,289,1339,1
8476,289,1524,1
8477,289,1651,1
8478,289,1779,1
8479,289,1941,1
8480,289,2059,1
8481,289,2102,1
8482,289,2155,1
8483,289,2178,1
8484,289,2585,1
8485,289,2615,1
8486,289,2985,1
8487,289,3021,1
8488,289,3132,1
8489,289,3391,1
8490,289,3475,1
8491,289,3505,1
8492,289,3538,1
8493,289,3886,1
8494,289,3991,1
8495,289,4506,1
8496,289,4538,1
8497,289,4683,1
8498,289,4782,1
8499,290,624,1
8500,290,668,1
8501,290,805,1
8502,290,1070,1
8503,290,1261,1
8504,290,1473,1
8505,290,1526,1
8506,290,2026,1
8507,290,2293,1
8508,290,2312,1
8509,290,2387,1
8510,290,2437,1
8511,290,2597,1
8512,290,2710,1
8513,290,2781,1
8514,290,3333,1
8515,290,3564,1
8516,290,4835,1
8517,291,420,1
8518,291,476,1
8519,291,631,1
8520,291,1120,1
8521,291,1460,1
8522,291,1787,1
8523,291,1989,1
8524,291,2175,1
8525,291,2583,1
8526,291,4422,1
8527,292,311,1
8528,292,375,1
8529,292,440,1
8530,292,781,1
8531,292,875,1
8532,292,1585,1
8533,292,1622,1
8534,292,2933,1
8535,292,3004,1
8536,292,3132,1
8537,292,4040,1
8538,292,4596,1
8539,292,4736,1
8540,292,4842,1
8541,293,403,1
8542,293,469,1
8543,293,474,1
8544,293,507,1
8545,293,1098,1
8546,293,1731,1
8547,293,1738,1
8548,293,1792,1
8549,293,2175,1
8550,293,2811,1
8551,293,4087,1
8552,294,359,1
8553,294,498,1
8554,294,883,1
8555,294,937,1
8556,294,959,1
8557,294,1025,1
8558,294,1124,1
8559,294,3006,1
8560,294,4948,1
8561,295,601,1
8562,295,979,1
8563,295,1252,1
8564,295,1402,1
8565,295,1997,1
8566,295,2532,1
8567,295,3210,1
8568,295,3674,1
8569,295,3782,1
8570,295,3994,1
8571,296,314,1
8572,296,526,1
8573,296,699,1
8574,296,911,1
8575,296,1146,1
8576,296,1205,1
8577,296,2060,1
8578,296,2234,1
8579,296,3087,1
8580,296,3631,1
8581,296,3693,1
8582,296,4212,1
8583,296,4302,1
8584,296,4458,1
8585,297,391,1
8586,297,599,1
8587,297,4798,1
8588,298,814,1
8589,298,900,1
8590,298,1158,1
8591,298,1974,1
8592,298,3828,1
8593,298,4191,1
8594,298,4714,1
8595,299,776,1
8596,299,1373,1
8597,299,2274,1
8598,299,4976,1
8599,300,331,1
8600,300,1363,1
8601,300,3437,1
8602,300,4441,1
8603,301,415,1
8604,301,724,1
8605,301,1101,1
8606,301,1246,1
8607,301,1940,1
8608,301,3634,1
8609,301,4439,1
8610,302,329,1
8611,302,433,1
8612,302,838,1
8613,302,997,1
8614,302,1019,1
8615,302,1274,1
8616,302,1804,1
8617,302,3259,1
8618,302,4076,1
8619,302,4586,1
8620,302,4663,1
8621,303,519,1
8622,303,576,1
8623,303,650,1
8624,303,673,1
8625,303,807,1
8626,303,992,1
8627,303,1415,1
8628,303,1574,1
8629,303,1635,1
8630,303,1820,1
8631,303,1882,1
8632,303,1913,1
8633,303,2082,1
8634,303,2273,1
8635,303,2279,1
8636,303,2370,1
8637,303,2655,1
8638,303,3177,1
8639,303,3741,1
8640,303,4319,1
8641,303,4447,1
8642,304,356,1
8643,304,577,1
8644,304,765,1
8645,304,1364,1
8646,304,1857,1
8647,304,1930,1
8648,304,2971,1
8649,304,3285,1
8650,305,1139,1
8651,305,2500,1
8652,305,2746,1
8653,305,3065,1
8654,305,3112,1
8655,305,3785,1
8656,305,4435,1
8657,305,4696,1
8658,305,4713,1
8659,305,4729,1
8660,306,315,1
8661,306,328,1
8662,306,670,1
8663,306,747,1
8664,306,1092,1
8665,306,1221,1
8666,306,1482,1
8667,306,1489,1
8668,306,1586,1
8669,306,1871,1
8670,306,1875,1
8671,306,2204,1
8672,306,2320,1
8673,306,2634,1
8674,306,2882,1
8675,306,2913,1
8676,306,3524,1
8677,306,3539,1
8678,306,3606,1
8679,306,3638,1
8680,306,3909,1
8681,306,4171,1
8682,306,4194,1
8683,306,4263,1
8684,306,4298,1
8685,306,4631,1
8686,306,4987,1
8687,307,639,1
8688,307,670,1
8689,307,675,1
8690,307,934,1
8691,307,1027,1
8692,307,1321,1
8693,307,2171,1
8694,307,2318,1
8695,307,3632,1
8696,307,3873,1
8697,307,4872,1
8698,307,4918,1
8699,308,406,1
8700,308,746,1
8701,308,793,1
8702,308,1154,1
8703,308,1585,1
8704,308,1596,1
8705,308,2611,1
8706,308,3772,1
8707,308,4203,1
8708,308,4250,1
8709,308,4620,1
8710,308,4622,1
8711,309,404,1
8712,309,1401,1
8713,309,1452,1
8714,309,2158,1
8715,310,335,1
8716,310,522,1
8717,310,773,1
8718,310,1029,1
8719,310,1147,1
8720,310,1326,1
8721,310,1839,1
8722,310,4004,1
8723,310,4263,1
8724,311,503,1
8725,311,520,1
8726,311,1741,1
8727,311,2129,1
8728,311,3787,1
8729,312,591,1
8730,312,1157,1
8731,312,1360,1
8732,312,1484,1
8733,312,1578,1
8734,312,2313,1
8735,312,2622,1
8736,312,2965,1
8737,312,3310,1
8738,312,3640,1
8739,313,413,1
8740,313,444,1
8741,313,467,1
8742,313,473,1
8743,313,486,1
8744,313,719,1
8745,313,818,1
8746,313,946,1
8747,313,1148,1
8748,313,1441,1
8749,313,2352,1
8750,313,2520,1
8751,313,3164,1
8752,313,3198,1
8753,313,3351,1
8754,313,3362,1
8755,313,3555,1
8756,313,3954,1
8757,313,4312,1
8758,313,4446,1
8759,313,4811,1
8760,313,4981,1
8761,314,366,1
8762,314,749,1
8763,314,1267,1
8764,314,1422,1
8765,314,2111,1
8766,314,2236,1
8767,314,2444,1
8768,314,2521,1
8769,314,4025,1
8770,315,372,1
8771,315,693,1
8772,315,762,1
8773,315,800,1
8774,315,845,1
8775,315,857,1
8776,315,955,1
8777,315,993,1
8778,315,1291,1
8779,315,1337,1
8780,315,1376,1
8781,315,1610,1
8782,315,1775,1
8783,315,1810,1
8784,315,2105,1
8785,315,2310,1
8786,315,2511,1
8787,315,3005,1
8788,315,3932,1
8789,315,4773,1
8790,316,413,1
8791,316,574,1
8792,316,579,1
8793,316,595,1
8794,316,792,1
8795,316,965,1
8796,316,1123,1
8797,316,1127,1
8798,316,1355,1
8799,316,1511,1
8800,316,1577,1
8801,316,1718,1
8802,316,2023,1
8803,316,2184,1
8804,316,2870,1
8805,316,3187,1
8806,316,3209,1
8807,316,3304,1
8808,316,3318,1
8809,316,3449,1
8810,316,3632,1
8811,316,3743,1
8812,316,3937,1
8813,316,4783,1
8814,317,414,1
8815,317,1296,1
8816,317,2824,1
8817,317,3665,1
8818,317,3684,1
8819,317,3892,1
8820,318,439,1
8821,318,548,1
8822,318,582,1
8823,318,689,1
8824,318,840,1
8825,318,901,1
8826,318,1768,1
8827,318,2050,1
8828,318,2110,1
8829,318,2111,1
8830,318,2311,1
8831,318,3014,1
8832,318,3389,1
8833,318,4049,1
8834,319,428,1
8835,319,917,1
8836,319,1392,1
8837,319,1800,1
8838,319,2016,1
8839,319,2391,1
8840,319,2503,1
8841,319,2957,1
8842,320,493,1
8843,320,621,1
8844,320,681,1
8845,320,755,1
8846,320,759,1
8847,320,768,1
8848,320,884,1
8849,320,1375,1
8850,320,1611,1
8851,320,2347,1
8852,320,3203,1
8853,320,3841,1
8854,320,4106,1
8855,320,4212,1
8856,320,4408,1
8857,320,4511,1
8858,321,329,1
8859,321,453,1
8860,321,489,1
8861,321,909,1
8862,321,993,1
8863,321,1060,1
8864,321,1082,1
8865,321,1219,1
8866,321,1236,1
8867,321,1625,1
8868,321,1677,1
8869,321,1877,1
8870,321,2094,1
8871,321,2166,1
8872,321,2565,1
8873,321,2978,1
8874,321,3165,1
8875,321,3236,1
8876,321,3710,1
8877,321,4007,1
8878,321,4274,1
8879,321,4533,1
8880,321,4825,1
8881,322,757,1
8882,322,1058,1
8883,322,3870,1
8884,322,3925,1
8885,322,3995,1
8886,322,4544,1
8887,323,521,1
8888,323,632,1
8889,323,790,1
8890,323,1093,1
8891,323,1172,1
8892,323,1204,1
8893,323,1327,1
8894,323,1626,1
8895,323,1879,1
8896,323,1965,1
8897,323,2446,1
8898,323,2876,1
8899,323,3425,1
8900,323,4227,1
8901,323,4287,1
8902,323,4362,1
8903,323,4374,1
8904,323,4898,1
8905,324,511,1
8906,324,1375,1
8907,324,1675,1
8908,324,2025,1
8909,324,4919,1
8910,325,620,1
8911,325,631,1
8912,325,943,1
8913,325,1973,1
8914,325,2539,1
8915,325,3147,1
8916,325,3456,1
8917,325,3764,1
8918,325,4471,1
8919,325,4587,1
8920,326,531,1
8921,326,532,1
8922,326,561,1
8923,326,665,1
8924,326,698,1
8925,326,715,1
8926,326,726,1
8927,326,795,1
8928,326,919,1
8929,326,1057,1
8930,326,1101,1
8931,326,1103,1
8932,326,1232,1
8933,326,1525,1
8934,326,1580,1
8935,326,1587,1
8936,326,1667,1
8937,326,1940,1
8938,326,1979,1
8939,326,2260,1
8940,326,2340,1
8941,326,2674,1
8942,326,2775,1
8943,326,2896,1
8944,326,2993,1
8945,326,4254,1
8946,326,4448,1
8947,327,547,1
8948,327,629,1
8949,327,631,1
8950,327,757,1
8951,327,965,1
8952,327,1001,1
8953,327,1010,1
8954,327,1076,1
8955,327,1776,1
8956,327,2079,1
8957,327,2171,1
8958,327,2214,1
8959,327,2227,1
8960,327,2564,1
8961,327,2624,1
8962,327,2908,1
8963,327,3244,1
8964,327,3632,1
8965,327,3640,1
8966,327,3675,1
8967,327,3938,1
8968,327,4972,1
8969,328,372,1
8970,328,527,1
8971,328,669,1
8972,328,692,1
8973,328,801,1
8974,328,1009,1
8975,328,1096,1
8976,328,2882,1
8977,328,3095,1
8978,328,3312,1
8979,328,3679,1
8980,328,4484,1
8981,329,448,1
8982,329,951,1
8983,329,1002,1
8984,329,1026,1
8985,329,1046,1
8986,329,1813,1
8987,329,1953,1
8988,329,2440,1
8989,329,2627,1
8990,329,2722,1
8991,329,2781,1
8992,329,2871,1
8993,329,3021,1
8994,329,3411,1
8995,329,4248,1
8996,329,4979,1
8997,330,492,1
8998,330,533,1
8999,330,598,1
9000,330,606,1
9001,330,770,1
9002,330,1188,1
9003,330,1213,1
9004,330,1296,1
9005,330,1297,1
9006,330,1453,1
9007,330,1491,1
9008,330,1646,1
9009,330,1744,1
9010,330,2611,1
9011,330,2952,1
9012,330,3459,1
9013,330,3574,1
9014,330,4033,1
9015,330,4124,1
9016,330,4974,1
9017,331,993,1
9018,331,1319,1
9019,331,1400,1
9020,331,2042,1
9021,331,2473,1
9022,331,2631,1
9023,331,2958,1
9024,331,3158,1
9025,331,3531,1
9026,331,4541,1
9027,332,1029,1
9028,332,1474,1
9029,332,1579,1
9030,332,1713,1
9031,332,1790,1
9032,332,2164,1
9033,332,2512,1
9034,332,3832,1
9035,332,4079,1
9036,332,4594,1
9037,333,480,1
9038,333,729,1
9039,333,797,1
9040,333,971,1
9041,333,1002,1
9042,333,1894,1
9043,333,2072,1
9044,333,2548,1
9045,333,4533,1
9046,334,542,1
9047,334,578,1
9048,334,816,1
9049,334,1188,1
9050,334,1553,1
9051,334,1756,1
9052,334,2057,1
9053,334,2870,1
9054,334,3080,1
9055,334,3976,1
9056,334,4208,1
9057,334,4953,1
9058,335,342,1
9059,335,360,1
9060,335,534,1
9061,335,849,1
9062,335,1358,1
9063,335,2576,1
9064,335,3902,1
9065,336,349,1
9066,336,574,1
9067,336,1405,1
9068,336,1409,1
9069,336,1571,1
9070,336,1730,1
9071,336,2897,1
9072,336,4104,1
9073,336,4182,1
9074,336,4586,1
9075,336,4752,1
9076,337,1107,1
9077,337,1203,1
9078,337,1592,1
9079,337,3506,1
9080,337,4984,1
9081,338,729,1
9082,338,914,1
9083,338,1065,1
9084,338,1124,1
9085,338,1133,1
9086,338,1535,1
9087,338,1825,1
9088,338,1862,1
9089,338,3340,1
9090,338,3816,1
9091,338,3894,1
9092,339,949,1
9093,339,1990,1
9094,339,2005,1
9095,339,2570,1
9096,339,3568,1
9097,339,3865,1
9098,339,4593,1
9099,340,664,1
9100,340,924,1
9101,340,976,1
9102,340,1288,1
9103,340,1552,1
9104,340,1725,1
9105,340,1933,1
9106,340,2396,1
9107,340,3090,1
9108,340,3283,1
9109,340,3739,1
9110,340,3869,1
9111,340,4310,1
9112,340,4644,1
9113,341,452,1
9114,341,795,1
9115,341,1192,1
9116,341,1286,1
9117,341,1335,1
9118,341,1860,1
9119,341,1933,1
9120,341,2043,1
9121,341,2871,1
9122,341,2898,1
9123,341,3025,1
9124,341,3082,1
9125,342,373,1
9126,342,600,1
9127,342,1061,1
9128,342,1637,1
9129,342,2010,1
9130,342,2619,1
9131,342,3897,1
9132,342,4224,1
9133,342,4725,1
9134,342,4821,1
9135,342,4841,1
9136,343,736,1
9137,343,936,1
9138,343,1001,1
9139,343,1716,1
9140,343,1906,1
9141,343,2999,1
9142,343,3176,1
9143,343,3958,1
9144,344,388,1
9145,344,418,1
9146,344,445,1
9147,344,521,1
9148,344,724,1
9149,344,1037,1
9150,344,1157,1
9151,344,1201,1
9152,344,1204,1
9153,344,1227,1
9154,344,1361,1
9155,344,1381,1
9156,344,1706,1
9157,344,1773,1
9158,344,1831,1
9159,344,1947,1
9160,344,2142,1
9161,344,2316,1
9162,344,2371,1
9163,344,2712,1
9164,344,2735,1
9165,344,3113,1
9166,344,3457,1
9167,344,3649,1
9168,344,4004,1
9169,344,4016,1
9170,344,4370,1
9171,344,4431,1
9172,344,4649,1
9173,345,512,1
9174,345,596,1
9175,345,811,1
9176,345,814,1
9177,345,1074,1
9178,345,1194,1
9179,345,1527,1
9180,345,2773,1
9181,345,4252,1
9182,345,4444,1
9183,346,592,1
9184,346,771,1
9185,346,1130,1
9186,346,1274,1
9187,346,3165,1
9188,346,3379,1
9189,347,389,1
9190,347,426,1
9191,347,1330,1
9192,347,1910,1
9193,347,2508,1
9194,347,2926,1
9195,347,3806,1
9196,348,412,1
9197,348,873,1
9198,348,900,1
9199,348,903,1
9200,348,941,1
9201,348,1052,1
9202,348,1104,1
9203,348,1250,1
9204,348,1504,1
9205,348,1904,1
9206,348,3804,1
9207,348,4196,1
9208,349,385,1
9209,349,446,1
9210,349,678,1
9211,349,784,1
9212,349,791,1
9213,349,799,1
9214,349,1152,1
9215,349,1179,1
9216,349,1205,1
9217,349,1221,1
9218,349,1245,1
9219,349,1317,1
9220,349,1403,1
9221,349,1529,1
9222,349,1541,1
9223,349,1711,1
9224,349,1828,1
9225,349,1899,1
9226,349,2050,1
9227,349,2089,1
9228,349,2748,1
9229,349,2773,1
9230,349,2894,1
9231,349,2907,1
9232,349,3440,1
9233,349,3605,1
9234,349,3716,1
9235,349,3785,1
9236,349,3906,1
9237,349,3939,1
9238,349,4056,1
9239,349,4903,1
9240,350,353,1
9241,350,853,1
9242,350,1143,1
9243,350,1821,1
9244,350,2435,1
9245,350,2468,1
9246,350,2662,1
9247,350,2868,1
9248,350,3046,1
9249,350,3311,1
9250,350,4132,1
9251,350,4486,1
9252,350,4491,1
9253,351,365,1
9254,351,542,1
9255,351,1290,1
9256,351,1330,1
9257,351,1333,1
9258,351,1431,1
9259,351,1575,1
9260,351,3896,1
9261,352,585,1
9262,352,598,1
9263,352,1046,1
9264,352,1297,1
9265,352,1773,1
9266,352,2223,1
9267,352,2239,1
9268,352,2911,1
9269,352,3489,1
9270,352,4159,1
9271,352,4535,1
9272,352,4703,1
9273,353,644,1
9274,353,1062,1
9275,353,1462,1
9276,353,2452,1
9277,353,2982,1
9278,353,3409,1
9279,353,3547,1
9280,353,4649,1
9281,353,4825,1
9282,354,593,1
9283,354,925,1
9284,354,1058,1
9285,354,1302,1
9286,354,1567,1
9287,354,1664,1
9288,354,2406,1
9289,354,2444,1
9290,354,2508,1
9291,354,2594,1
9292,354,2736,1
9293,354,3357,1
9294,354,4562,1
9295,354,4583,1
9296,354,4662,1
9297,354,4861,1
9298,355,432,1
9299,355,492,1
9300,355,655,1
9301,355,699,1
9302,355,719,1
9303,355,789,1
9304,355,900,1
9305,355,922,1
9306,355,1039,1
9307,355,1281,1
9308,355,1397,1
9309,355,1423,1
9310,355,1558,1
9311,355,1661,1
9312,355,1794,1
9313,355,1918,1
9314,355,2085,1
9315,355,2335,1
9316,355,3591,1
9317,355,3619,1
9318,355,3992,1
9319,355,4157,1
9320,355,4468,1
9321,355,4792,1
9322,356,500,1
9323,356,501,1
9324,356,530,1
9325,356,538,1
9326,356,967,1
9327,356,1139,1
9328,356,2015,1
9329,356,2037,1
9330,356,2090,1
9331,356,2535,1
9332,356,2648,1
9333,356,3850,1
9334,356,4640,1
9335,356,4756,1
9336,357,382,1
9337,357,563,1
9338,357,622,1
9339,357,684,1
9340,357,1077,1
9341,357,1228,1
9342,357,1260,1
9343,357,1269,1
9344,357,1302,1
9345,357,2114,1
9346,357,2231,1
9347,357,2243,1
9348,357,2571,1
9349,357,3640,1
9350,357,4105,1
9351,357,4996,1
9352,358,846,1
9353,358,1492,1
9354,358,1512,1
9355,358,1623,1
9356,358,1724,1
9357,358,1887,1
9358,358,2341,1
9359,358,2713,1
9360,358,4109,1
9361,359,430,1
9362,359,434,1
9363,359,477,1
9364,359,1106,1
9365,359,1162,1
9366,359,1188,1
9367,359,1280,1
9368,359,1372,1
9369,359,1440,1
9370,359,2168,1
9371,359,2252,1
9372,359,3812,1
9373,359,3905,1
9374,359,3994,1
9375,359,4026,1
9376,359,4882,1
9377,360,1125,1
9378,360,1147,1
9379,360,1710,1
9380,360,2118,1
9381,360,2703,1
9382,360,3423,1
9383,360,3971,1
9384,361,388,1
9385,361,501,1
9386,361,720,1
9387,361,841,1
9388,361,1231,1
9389,361,2242,1
9390,362,405,1
9391,362,3595,1
9392,362,4581,1
9393,363,604,1
9394,363,826,1
9395,363,855,1
9396,363,1437,1
9397,363,1581,1
9398,363,2209,1
9399,363,2245,1
9400,363,2280,1
9401,363,2356,1
9402,363,2495,1
9403,363,2527,1
9404,363,2687,1
9405,363,3029,1
9406,363,3323,1
9407,363,3508,1
9408,363,3617,1
9409,363,4261,1
9410,363,4494,1
9411,363,4718,1
9412,364,1177,1
9413,364,1951,1
9414,364,1998,1
9415,364,3322,1
9416,364,4412,1
9417,364,4480,1
9418,365,775,1
9419,365,1066,1
9420,365,1265,1
9421,365,1285,1
9422,365,1603,1
9423,365,1769,1
9424,365,3395,1
9425,365,3778,1
9426,366,466,1
9427,366,487,1
9428,366,582,1
9429,366,686,1
9430,366,722,1
9431,366,1310,1
9432,366,1836,1
9433,366,1938,1
9434,366,2107,1
9435,366,2112,1
9436,366,2788,1
9437,366,3801,1
9438,366,4013,1
9439,366,4664,1
9440,367,518,1
9441,367,692,1
9442,367,810,1
9443,367,1673,1
9444,368,619,1
9445,368,772,1
9446,368,795,1
9447,368,830,1
9448,368,859,1
9449,368,895,1
9450,368,1029,1
9451,368,1461,1
9452,368,2357,1
9453,368,4280,1
9454,368,4379,1
9455,368,4813,1
9456,369,722,1
9457,369,836,1
9458,369,980,1
9459,369,1178,1
9460,369,1200,1
9461,369,1260,1
9462,369,1443,1
9463,369,1685,1
9464,369,1843,1
9465,369,1848,1
9466,369,1911,1
9467,369,2090,1
9468,369,2556,1
9469,369,3376,1
9470,369,3468,1
9471,369,3831,1
9472,369,3894,1
9473,370,704,1
9474,370,851,1
9475,370,924,1
9476,370,931,1
9477,370,1149,1
9478,370,1349,1
9479,370,1368,1
9480,370,1378,1
9481,370,2635,1
9482,370,2806,1
9483,370,2897,1
9484,370,3243,1
9485,370,4510,1
9486,370,4631,1
9487,371,394,1
9488,371,400,1
9489,371,443,1
9490,371,536,1
9491,371,561,1
9492,371,632,1
9493,371,902,1
9494,371,968,1
9495,371,1298,1
9496,371,1757,1
9497,371,1798,1
9498,371,1811,1
9499,371,1934,1
9500,371,1936,1
9501,371,2011,1
9502,371,2053,1
9503,371,2164,1
9504,371,2267,1
9505,371,2296,1
9506,371,2357,1
9507,371,2505,1
9508,371,2971,1
9509,371,3051,1
9510,371,3081,1
9511,371,3375,1
9512,371,3525,1
9513,371,3638,1
9514,371,3921,1
9515,371,4283,1
9516,371,4798,1
9517,371,4909,1
9518,372,410,1
9519,372,580,1
9520,372,1171,1
9521,372,1174,1
9522,372,1214,1
9523,372,2224,1
9524,372,2489,1
9525,372,3293,1
9526,372,3680,1
9527,373,417,1
9528,373,941,1
9529,373,975,1
9530,373,1055,1
9531,373,1721,1
9532,373,2095,1
9533,373,3461,1
9534,373,3494,1
9535,373,3751,1
9536,374,463,1
9537,374,634,1
9538,374,675,1
9539,374,752,1
9540,374,858,1
9541,374,897,1
9542,374,1050,1
9543,374,1181,1
9544,374,1711,1
9545,374,2171,1
9546,374,2219,1
9547,374,2549,1
9548,374,2807,1
9549,375,610,1
9550,375,1112,1
9551,375,1141,1
9552,375,1439,1
9553,375,1556,1
9554,375,2851,1
9555,375,3130,1
9556,376,1024,1
9557,376,1242,1
9558,376,1320,1
9559,376,1421,1
9560,376,1608,1
9561,376,1805,1
9562,376,1911,1
9563,376,2015,1
9564,376,2661,1
9565,376,2669,1
9566,376,2945,1
9567,376,3406,1
9568,376,3983,1
9569,376,3985,1
9570,376,4112,1
9571,376,4775,1
9572,377,534,1
9573,377,698,1
9574,377,891,1
9575,377,929,1
9576,377,1045,1
9577,377,1182,1
9578,377,1303,1
9579,377,1331,1
9580,377,1357,1
9581,377,1476,1
9582,377,1515,1
9583,377,1931,1
9584,377,2060,1
9585,377,2348,1
9586,377,2395,1
9587,377,2545,1
9588,377,2927,1
9589,377,3253,1
9590,377,3757,1
9591,378,448,1
9592,378,479,1
9593,378,1568,1
9594,378,1677,1
9595,378,2058,1
9596,378,2340,1
9597,378,2651,1
9598,378,3311,1
9599,378,3496,1
9600,378,4249,1
9601,379,1311,1
9602,379,1477,1
9603,379,3089,1
9604,379,3906,1
9605,380,2742,1
9606,381,577,1
9607,381,753,1
9608,381,1166,1
9609,381,1474,1
9610,381,1817,1
9611,381,2435,1
9612,381,3680,1
9613,381,4581,1
9614,382,777,1
9615,382,1416,1
9616,382,2455,1
9617,382,4291,1
9618,383,529,1
9619,383,749,1
9620,383,787,1
9621,383,899,1
9622,383,1292,1
9623,383,3207,1
9624,383,3342,1
9625,383,3370,1
9626,383,4641,1
9627,384,434,1
9628,384,523,1
9629,384,528,1
9630,384,894,1
9631,384,1376,1
9632,384,1605,1
9633,384,1719,1
9634,384,1980,1
9635,384,2035,1
9636,384,2169,1
9637,384,2499,1
9638,384,3356,1
9639,385,1067,1
9640,385,1229,1
9641,385,1443,1
9642,385,2128,1
9643,385,4286,1
9644,385,4537,1
9645,385,4698,1
9646,385,4982,1
9647,386,568,1
9648,386,578,1
9649,386,630,1
9650,386,685,1
9651,386,913,1
9652,386,1031,1
9653,386,1049,1
9654,386,1321,1
9655,386,1433,1
9656,386,1591,1
9657,386,1745,1
9658,386,1982,1
9659,386,2102,1
9660,386,2355,1
9661,386,2659,1
9662,386,3332,1
9663,386,3339,1
9664,386,4230,1
9665,386,4797,1
9666,387,797,1
9667,387,1984,1
9668,388,391,1
9669,388,617,1
9670,388,654,1
9671,388,748,1
9672,388,791,1
9673,388,854,1
9674,388,1286,1
9675,388,1826,1
9676,389,395,1
9677,389,416,1
9678,389,639,1
9679,389,713,1
9680,389,740,1
9681,389,893,1
9682,389,1089,1
9683,389,1134,1
9684,389,1407,1
9685,389,1976,1
9686,389,1978,1
9687,389,2027,1
9688,389,2360,1
9689,389,2512,1
9690,389,2684,1
9691,389,3115,1
9692,389,3150,1
9693,389,3197,1
9694,389,3526,1
9695,389,3578,1
9696,389,3603,1
9697,389,4176,1
9698,389,4268,1
9699,389,4550,1
9700,389,4882,1
9701,390,493,1
9702,390,637,1
9703,390,741,1
9704,390,970,1
9705,390,1314,1
9706,390,1644,1
9707,390,1750,1
9708,390,1807,1
9709,390,2056,1
9710,390,2755,1
9711,390,2972,1
9712,390,3363,1
9713,390,3862,1
9714,390,3905,1
9715,390,4308,1
9716,390,4320,1
9717,390,4886,1
9718,391,404,1
9719,391,720,1
9720,391,773,1
9721,391,780,1
9722,391,1959,1
9723,391,2491,1
9724,391,3110,1
9725,391,3111,1
9726,392,399,1
9727,392,1737,1
9728,392,2534,1
9729,392,2720,1
9730,392,3196,1
9731,392,4200,1
9732,392,4889,1
9733,393,435,1
9734,393,751,1
9735,393,752,1
9736,393,807,1
9737,393,908,1
9738,393,1703,1
9739,393,2020,1
9740,393,3452,1
9741,393,4034,1
9742,393,4060,1
9743,393,4131,1
9744,393,4450,1
9745,394,549,1
9746,394,1191,1
9747,394,3574,1
9748,394,3946,1
9749,395,477,1
9750,395,565,1
9751,395,803,1
9752,395,836,1
9753,395,1255,1
9754,395,1661,1
9755,395,2358,1
9756,395,2921,1
9757,395,3013,1
9758,395,3239,1
9759,395,3422,1
9760,395,4040,1
9761,395,4464,1
9762,395,4610,1
9763,395,4971,1
9764,396,561,1
9765,396,624,1
9766,396,734,1
9767,396,944,1
9768,396,1264,1
9769,396,1434,1
9770,396,1845,1
9771,396,2075,1
9772,396,2396,1
9773,396,2586,1
9774,396,2762,1
9775,396,2834,1
9776,396,3393,1
9777,397,398,1
9778,397,432,1
9779,397,467,1
9780,397,476,1
9781,397,684,1
9782,397,859,1
9783,397,1051,1
9784,397,1196,1
9785,397,1341,1
9786,397,1824,1
9787,397,2375,1
9788,397,2407,1
9789,397,2674,1
9790,397,3408,1
9791,397,4029,1
9792,397,4942,1
9793,398,790,1
9794,398,1237,1
9795,398,2772,1
9796,398,3339,1
9797,399,794,1
9798,399,825,1
9799,399,2692,1
9800,399,2799,1
9801,399,3057,1
9802,399,3488,1
9803,399,3706,1
9804,400,1238,1
9805,400,1305,1
9806,400,2071,1
9807,400,2273,1
9808,400,2782,1
9809,400,3061,1
9810,400,4512,1
9811,401,1291,1
9812,401,3102,1
9813,401,3641,1
9814,401,4723,1
9815,402,2713,1
9816,403,408,1
9817,403,652,1
9818,403,818,1
9819,403,1620,1
9820,403,1867,1
9821,403,2197,1
9822,403,3282,1
9823,403,3442,1
9824,403,3600,1
9825,404,635,1
9826,404,928,1
9827,404,1176,1
9828,404,1234,1
9829,404,1358,1
9830,404,1397,1
9831,404,1754,1
9832,404,1755,1
9833,404,2172,1
9834,404,2296,1
9835,404,2354,1
9836,404,2815,1
9837,404,2907,1
9838,404,2966,1
9839,404,2984,1
9840,404,3250,1
9841,404,3272,1
9842,404,3295,1
9843,404,3333,1
9844,404,3536,1
9845,404,3811,1
9846,404,3821,1
9847,404,3828,1
9848,404,3863,1
9849,404,4451,1
9850,404,4665,1
9851,404,4736,1
9852,404,4814,1
9853,404,4949,1
9854,404,4980,1
9855,405,2534,1
9856,406,549,1
9857,406,1165,1
9858,406,1548,1
9859,406,1635,1
9860,406,3110,1
9861,407,742,1
9862,407,3039,1
9863,407,3059,1
9864,407,4451,1
9865,408,724,1
9866,408,2277,1
9867,408,2714,1
9868,408,2990,1
9869,409,639,1
9870,409,928,1
9871,409,1092,1
9872,409,1140,1
9873,409,2687,1
9874,409,2753,1
9875,409,3047,1
9876,409,3933,1
9877,410,805,1
9878,410,1255,1
9879,410,1317,1
9880,410,1323,1
9881,410,1413,1
9882,410,1504,1
9883,410,1509,1
9884,410,1554,1
9885,410,1615,1
9886,410,1649,1
9887,410,2369,1
9888,410,2646,1
9889,410,3552,1
9890,410,3719,1
9891,411,798,1
9892,411,1531,1
9893,411,1604,1
9894,411,3936,1
9895,412,463,1
9896,412,513,1
9897,412,677,1
9898,412,845,1
9899,412,1103,1
9900,412,1171,1
9901,412,1565,1
9902,412,2028,1
9903,413,1037,1
9904,413,1090,1
9905,413,1414,1
9906,413,1546,1
9907,413,3715,1
9908,413,4311,1
9909,413,4339,1
9910,414,502,1
9911,414,565,1
9912,414,890,1
9913,414,2177,1
9914,414,2262,1
9915,414,2285,1
9916,414,2397,1
9917,414,3396,1
9918,415,1830,1
9919,415,2297,1
9920,415,2321,1
9921,415,3360,1
9922,415,3899,1
9923,415,4024,1
9924,415,4400,1
9925,415,4491,1
9926,415,4667,1
9927,416,1224,1
9928,416,1738,1
9929,416,2402,1
9930,416,3635,1
9931,416,3736,1
9932,416,4131,1
9933,416,4302,1
9934,417,484,1
9935,417,570,1
9936,417,1086,1
9937,417,1433,1
9938,417,1480,1
9939,417,1512,1
9940,417,1525,1
9941,417,2045,1
9942,417,2086,1
9943,417,3259,1
9944,417,3400,1
9945,417,3474,1
9946,418,487,1
9947,418,597,1
9948,418,759,1
9949,418,841,1
9950,418,966,1
9951,418,1485,1
9952,418,1514,1
9953,418,1557,1
9954,418,1921,1
9955,418,2181,1
9956,418,2280,1
9957,418,2415,1
9958,418,2815,1
9959,418,2910,1
9960,418,3302,1
9961,418,3315,1
9962,418,3807,1
9963,418,4117,1
9964,418,4316,1
9965,418,4468,1
9966,418,4528,1
9967,419,711,1
9968,419,1178,1
9969,419,2557,1
9970,419,3346,1
9971,419,3883,1
9972,420,540,1
9973,420,1446,1
9974,420,1589,1
9975,420,2494,1
9976,420,2740,1
9977,421,1016,1
9978,421,3305,1
9979,421,4198,1
9980,422,600,1
9981,422,615,1
9982,422,685,1
9983,422,733,1
9984,422,749,1
9985,422,819,1
9986,422,901,1
9987,422,1279,1
9988,422,1406,1
9989,422,1830,1
9990,422,2488,1
9991,422,3317,1
9992,422,3829,1
9993,422,3887,1
9994,422,4072,1
9995,422,4076,1
9996,422,4149,1
9997,422,4795,1
9998,423,685,1
9999,423,759,1
10000,423,1375,1
10001,423,1464,1
10002,423,1529,1
10003,423,1742,1
10004,423,1872,1
10005,423,2272,1
10006,423,2347,1
10007,423,2696,1
10008,423,2785,1
10009,423,3070,1
10010,423,3604,1
10011,424,425,1
10012,424,533,1
10013,424,718,1
10014,424,902,1
10015,424,1063,1
10016,424,1099,1
10017,424,1344,1
10018,424,1405,1
10019,424,1552,1
10020,424,1655,1
10021,424,1883,1
10022,424,2031,1
10023,424,2062,1
10024,424,2349,1
10025,424,2458,1
10026,424,2743,1
10027,424,2789,1
10028,424,3123,1
10029,424,3764,1
10030,424,4840,1
10031,425,1367,1
10032,425,3429,1
10033,425,4416,1
10034,425,4848,1
10035,426,2609,1
10036,426,2794,1
10037,426,2880,1
10038,426,3154,1
10039,427,574,1
10040,427,1343,1
10041,427,2657,1
10042,427,3239,1
10043,427,4113,1
10044,428,594,1
10045,428,715,1
10046,428,1239,1
10047,428,2192,1
10048,428,2329,1
10049,428,2366,1
10050,428,2704,1
10051,428,3899,1
10052,428,4128,1
10053,428,4936,1
10054,429,433,1
10055,429,2755,1
10056,429,3113,1
10057,429,3448,1
10058,429,3940,1
10059,429,4229,1
10060,430,1346,1
10061,430,2543,1
10062,430,2965,1
10063,430,4988,1
10064,431,439,1
10065,431,567,1
10066,431,848,1
10067,431,1132,1
10068,431,1197,1
10069,431,1313,1
10070,431,1593,1
10071,431,2013,1
10072,431,2717,1
10073,431,3618,1
10074,432,1227,1
10075,432,1769,1
10076,432,2006,1
10077,432,2464,1
10078,432,2593,1
10079,432,4542,1
10080,432,4645,1
10081,432,4842,1
10082,433,691,1
10083,433,946,1
10084,433,1090,1
10085,433,1156,1
10086,434,495,1
10087,434,545,1
10088,434,1667,1
10089,434,1801,1
10090,434,2548,1
10091,434,2668,1
10092,434,3047,1
10093,434,3068,1
10094,434,3370,1
10095,434,3734,1
10096,435,455,1
10097,435,535,1
10098,435,590,1
10099,435,662,1
10100,435,938,1
10101,435,1071,1
10102,435,1707,1
10103,435,1920,1
10104,435,2838,1
10105,435,2911,1
10106,435,3483,1
10107,435,3857,1
10108,435,4121,1
10109,435,4405,1
10110,436,472,1
10111,436,2100,1
10112,436,2143,1
10113,436,2770,1
10114,436,2943,1
10115,436,3014,1
10116,436,3367,1
10117,436,3518,1
10118,437,587,1
10119,437,803,1
10120,437,1014,1
10121,437,1138,1
10122,437,1451,1
10123,437,1650,1
10124,437,2947,1
10125,437,3170,1
10126,437,3777,1
10127,437,4394,1
10128,437,4543,1
10129,438,602,1
10130,438,850,1
10131,438,1034,1
10132,438,1428,1
10133,438,1701,1
10134,438,1715,1
10135,438,1765,1
10136,438,2259,1
10137,438,2388,1
10138,438,3076,1
10139,438,3171,1
10140,438,3709,1
10141,438,3979,1
10142,438,4822,1
10143,439,494,1
10144,439,1173,1
10145,439,1220,1
10146,439,1247,1
10147,439,1308,1
10148,439,1491,1
10149,439,2219,1
10150,439,2480,1
10151,439,2715,1
10152,439,3479,1
10153,439,3987,1
10154,439,4734,1
10155,440,572,1
10156,440,592,1
10157,440,629,1
10158,440,760,1
10159,440,775,1
10160,440,806,1
10161,440,839,1
10162,440,1289,1
10163,440,1415,1
10164,440,1630,1
10165,440,1824,1
10166,440,2148,1
10167,440,2182,1
10168,441,1657,1
10169,441,2196,1
10170,442,2640,1
10171,442,3723,1
10172,442,3779,1
10173,443,620,1
10174,443,891,1
10175,443,945,1
10176,443,976,1
10177,443,1013,1
10178,443,1055,1
10179,443,1717,1
10180,443,1790,1
10181,443,1935,1
10182,443,2057,1
10183,443,2684,1
10184,443,2696,1
10185,443,3153,1
10186,443,3313,1
10187,443,3988,1
10188,443,4316,1
10189,443,4504,1
10190,443,4527,1
10191,444,709,1
10192,444,942,1
10193,444,1588,1
10194,444,1819,1
10195,444,2210,1
10196,444,3119,1
10197,444,3801,1
10198,444,4705,1
10199,445,447,1
10200,445,613,1
10201,445,914,1
10202,445,1516,1
10203,445,1954,1
10204,445,2894,1
10205,445,2994,1
10206,445,3041,1
10207,445,3855,1
10208,445,3911,1
10209,445,4145,1
10210,446,493,1
10211,446,606,1
10212,446,646,1
10213,446,677,1
10214,446,710,1
10215,446,1809,1
10216,446,1865,1
10217,446,2042,1
10218,446,2600,1
10219,446,3082,1
10220,446,3159,1
10221,447,653,1
10222,447,730,1
10223,447,880,1
10224,447,1073,1
10225,447,1359,1
10226,447,1559,1
10227,447,2289,1
10228,447,2889,1
10229,447,3293,1
10230,447,3394,1
10231,447,3748,1
10232,447,4611,1
10233,448,1604,1
10234,448,4408,1
10235,448,4620,1
10236,449,663,1
10237,449,807,1
10238,449,953,1
10239,449,1494,1
10240,449,1783,1
10241,449,2161,1
10242,449,2644,1
10243,449,3530,1
10244,450,682,1
10245,450,707,1
10246,450,864,1
10247,450,1047,1
10248,450,1150,1
10249,450,1418,1
10250,450,2201,1
10251,450,3415,1
10252,451,609,1
10253,451,700,1
10254,451,1115,1
10255,451,1222,1
10256,451,1895,1
10257,451,2075,1
10258,451,2197,1
10259,451,4226,1
10260,452,501,1
10261,452,614,1
10262,452,1379,1
10263,452,1448,1
10264,452,2880,1
10265,452,3700,1
10266,452,3796,1
10267,452,3884,1
10268,452,3954,1
10269,452,4128,1
10270,452,4435,1
10271,452,4718,1
10272,453,487,1
10273,453,697,1
10274,453,786,1
10275,453,1453,1
10276,453,1478,1
10277,453,1569,1
10278,453,1592,1
10279,453,1793,1
10280,453,2212,1
10281,453,2282,1
10282,453,2519,1
10283,453,2683,1
10284,453,3223,1
10285,453,3273,1
10286,453,4114,1
10287,453,4263,1
10288,453,4548,1
10289,453,4688,1
10290,453,4727,1
10291,454,731,1
10292,454,1101,1
10293,454,1253,1
10294,454,1647,1
10295,454,1938,1
10296,454,2133,1
10297,454,2215,1
10298,454,2283,1
10299,454,2288,1
10300,454,2514,1
10301,454,3801,1
10302,454,4575,1
10303,455,831,1
10304,455,932,1
10305,455,1003,1
10306,455,1169,1
10307,455,1461,1
10308,455,1493,1
10309,455,1546,1
10310,455,1688,1
10311,455,2246,1
10312,455,2934,1
10313,455,3031,1
10314,455,4222,1
10315,455,4577,1
10316,456,677,1
10317,456,862,1
10318,456,961,1
10319,456,1301,1
10320,456,1352,1
10321,456,2629,1
10322,456,3890,1
10323,456,4780,1
10324,457,474,1
10325,457,687,1
10326,457,1076,1
10327,457,1634,1
10328,457,2078,1
10329,457,3938,1
10330,457,4559,1
10331,458,856,1
10332,458,1409,1
10333,458,2011,1
10334,458,2207,1
10335,458,3156,1
10336,459,460,1
10337,459,774,1
10338,459,808,1
10339,459,1138,1
10340,459,1934,1
10341,459,3636,1
10342,459,3814,1
10343,459,3824,1
10344,460,731,1
10345,460,958,1
10346,460,2012,1
10347,460,2310,1
10348,460,2371,1
10349,460,2874,1
10350,461,936,1
10351,461,1388,1
10352,461,2216,1
10353,461,2528,1
10354,461,3060,1
10355,461,3481,1
10356,462,871,1
10357,462,943,1
10358,462,2043,1
10359,462,2304,1
10360,462,2308,1
10361,462,2507,1
10362,462,2599,1
10363,462,2607,1
10364,462,3071,1
10365,462,3643,1
10366,462,3649,1
10367,462,4075,1
10368,463,678,1
10369,463,1216,1
10370,463,1618,1
10371,463,1850,1
10372,463,2636,1
10373,463,4044,1
10374,464,514,1
10375,464,890,1
10376,464,942,1
10377,464,1062,1
10378,464,2441,1
10379,464,2842,1
10380,464,2906,1
10381,464,3267,1
10382,464,4295,1
10383,464,4615,1
10384,464,4967,1
10385,465,623,1
10386,465,1249,1
10387,465,1293,1
10388,465,1837,1
10389,465,3157,1
10390,465,4419,1
10391,466,1122,1
10392,466,1162,1
10393,466,1221,1
10394,466,1556,1
10395,466,1889,1
10396,466,1918,1
10397,466,2080,1
10398,466,3899,1
10399,466,4839,1
10400,467,1517,1
10401,467,1642,1
10402,467,2252,1
10403,467,3339,1
10404,467,3708,1
10405,467,4035,1
10406,467,4405,1
10407,468,843,1
10408,468,960,1
10409,468,1438,1
10410,468,1493,1
10411,468,1734,1
10412,468,2000,1
10413,468,2167,1
10414,468,2310,1
10415,468,2896,1
10416,468,4378,1
10417,468,4421,1
10418,468,4463,1
10419,468,4810,1
10420,469,690,1
10421,469,843,1
10422,469,878,1
10423,469,1081,1
10424,469,2387,1
10425,469,2514,1
10426,469,3301,1
10427,469,3543,1
10428,469,3702,1
10429,469,4108,1
10430,469,4784,1
10431,470,687,1
10432,470,1026,1
10433,470,1047,1
10434,470,1535,1
10435,470,1685,1
10436,470,4973,1
10437,471,500,1
10438,471,680,1
10439,471,1048,1
10440,471,1187,1
10441,471,1269,1
10442,471,2984,1
10443,471,4288,1
10444,472,725,1
10445,472,1311,1
10446,472,2022,1
10447,472,2803,1
10448,472,3106,1
10449,472,3181,1
10450,473,644,1
10451,473,766,1
10452,473,3093,1
10453,473,3248,1
10454,473,4522,1
10455,474,1697,1
10456,474,3616,1
10457,474,3807,1
10458,474,3898,1
10459,475,834,1
10460,475,935,1
10461,475,1426,1
10462,475,2692,1
10463,475,3441,1
10464,475,4409,1
10465,475,4938,1
10466,476,732,1
10467,476,868,1
10468,476,1198,1
10469,476,1425,1
10470,476,1842,1
10471,476,3052,1
10472,477,550,1
10473,477,1117,1
10474,477,1215,1
10475,477,1216,1
10476,477,1386,1
10477,477,1430,1
10478,477,1455,1
10479,477,1975,1
10480,477,2730,1
10481,477,2959,1
10482,477,3007,1
10483,477,3211,1
10484,477,3740,1
10485,477,4731,1
10486,477,4941,1
10487,478,726,1
10488,478,2008,1
10489,478,2038,1
10490,478,4543,1
10491,479,809,1
10492,479,1059,1
10493,479,1102,1
10494,479,1416,1
10495,479,1451,1
10496,479,1786,1
10497,479,2115,1
10498,479,2260,1
10499,479,3036,1
10500,479,3696,1
10501,479,3888,1
10502,479,4268,1
10503,479,4306,1
10504,479,4507,1
10505,479,4650,1
10506,480,655,1
10507,480,687,1
10508,480,780,1
10509,480,1036,1
10510,480,1259,1
10511,480,2873,1
10512,480,3583,1
10513,481,915,1
10514,481,960,1
10515,481,999,1
10516,481,1318,1
10517,481,1449,1
10518,481,1641,1
10519,481,2558,1
10520,481,2998,1
10521,481,3338,1
10522,481,3963,1
10523,482,591,1
10524,482,848,1
10525,482,854,1
10526,482,2654,1
10527,482,3591,1
10528,482,4827,1
10529,483,549,1
10530,483,921,1
10531,483,1088,1
10532,483,1171,1
10533,483,1370,1
10534,483,1381,1
10535,483,1519,1
10536,483,1553,1
10537,483,1760,1
10538,483,2154,1
10539,483,2174,1
10540,483,2335,1
10541,483,2507,1
10542,483,3176,1
10543,483,3187,1
10544,483,3367,1
10545,483,3458,1
10546,483,3551,1
10547,483,3721,1
10548,483,4102,1
10549,483,4547,1
10550,484,1108,1
10551,484,1135,1
10552,484,1153,1
10553,484,1658,1
10554,484,1747,1
10555,484,2424,1
10556,484,2631,1
10557,484,2809,1
10558,484,4070,1
10559,484,4355,1
10560,484,4600,1
10561,484,4757,1
10562,485,515,1
10563,485,807,1
10564,485,932,1
10565,485,997,1
10566,485,1050,1
10567,485,1190,1
10568,485,1287,1
10569,485,1327,1
10570,485,1501,1
10571,485,1618,1
10572,485,1658,1
10573,485,2333,1
10574,485,2351,1
10575,485,2759,1
10576,485,2944,1
10577,485,3154,1
10578,485,3900,1
10579,485,4038,1
10580,485,4541,1
10581,486,1309,1
10582,486,1795,1
10583,487,533,1
10584,487,569,1
10585,487,573,1
10586,487,671,1
10587,487,737,1
10588,487,898,1
10589,487,1054,1
10590,487,1199,1
10591,487,1845,1
10592,487,1953,1
10593,487,1988,1
10594,487,2049,1
10595,487,2251,1
10596,487,2665,1
10597,487,2899,1
10598,487,3708,1
10599,487,3724,1
10600,487,3922,1
10601,487,3933,1
10602,487,4080,1
10603,487,4125,1
10604,487,4537,1
10605,487,4564,1
10606,487,4584,1
10607,487,4732,1
10608,487,4751,1
10609,488,510,1
10610,488,575,1
10611,488,676,1
10612,488,776,1
10613,488,846,1
10614,488,962,1
10615,488,1172,1
10616,488,1227,1
10617,488,1553,1
10618,488,1598,1
10619,488,1690,1
10620,488,1777,1
10621,488,1787,1
10622,488,1919,1
10623,488,1995,1
10624,488,2462,1
10625,488,3065,1
10626,488,3514,1
10627,488,3549,1
10628,488,3615,1
10629,488,4169,1
10630,488,4231,1
10631,488,4654,1
10632,488,4816,1
10633,488,4849,1
10634,489,1250,1
10635,489,1278,1
10636,489,1572,1
10637,489,2222,1
10638,489,2716,1
10639,489,2804,1
10640,489,3409,1
10641,489,4478,1
10642,489,4966,1
10643,490,2117,1
10644,490,2429,1
10645,490,3360,1
10646,490,4249,1
10647,490,4715,1
10648,491,504,1
10649,491,572,1
10650,491,1156,1
10651,491,2439,1
10652,491,2627,1
10653,491,3630,1
10654,491,3693,1
10655,491,4489,1
10656,492,539,1
10657,492,967,1
10658,492,1758,1
10659,492,2537,1
10660,492,2671,1
10661,492,2821,1
10662,492,3188,1
10663,492,4365,1
10664,493,2354,1
10665,494,888,1
10666,494,935,1
10667,494,1162,1
10668,494,2088,1
10669,494,2560,1
10670,494,3379,1
10671,494,3915,1
10672,494,4438,1
10673,494,4563,1
10674,495,538,1
10675,495,577,1
10676,495,645,1
10677,495,654,1
10678,495,665,1
10679,495,859,1
10680,495,898,1
10681,495,945,1
10682,495,1138,1
10683,495,1396,1
10684,495,1439,1
10685,495,1741,1
10686,495,1793,1
10687,495,1832,1
10688,495,1898,1
10689,495,3217,1
10690,495,3535,1
10691,495,3687,1
10692,495,3971,1
10693,495,4282,1
10694,495,4463,1
10695,495,4481,1
10696,495,4556,1
10697,495,4698,1
10698,496,2406,1
10699,496,3310,1
10700,496,4419,1
10701,496,4937,1
10702,497,821,1
10703,497,1078,1
10704,498,603,1
10705,498,664,1
10706,498,730,1
10707,498,1729,1
10708,498,2023,1
10709,498,2135,1
10710,498,3823,1
10711,498,4350,1
10712,498,4624,1
10713,498,4738,1
10714,499,970,1
10715,499,1406,1
10716,499,1949,1
10717,499,2146,1
10718,499,2881,1
10719,499,3102,1
10720,499,4064,1
10721,499,4128,1
10722,499,4170,1
10723,499,4470,1
10724,500,1069,1
10725,500,3131,1
10726,500,3164,1
10727,500,3435,1
10728,500,3626,1
10729,500,3724,1
10730,500,4375,1
10731,500,4378,1
10732,500,4428,1
10733,501,521,1
10734,501,1203,1
10735,501,1625,1
10736,501,1829,1
10737,501,1859,1
10738,501,2365,1
10739,502,552,1
10740,502,751,1
10741,502,2698,1
10742,503,831,1
10743,503,908,1
10744,503,1086,1
10745,503,1434,1
10746,503,2120,1
10747,503,2331,1
10748,503,2614,1
10749,503,3054,1
10750,503,3423,1
10751,503,3565,1
10752,503,3940,1
10753,503,4266,1
10754,503,4364,1
10755,504,673,1
10756,504,2081,1
10757,504,2769,1
10758,504,3723,1
10759,504,4771,1
10760,505,511,1
10761,505,967,1
10762,505,1781,1
10763,505,1889,1
10764,505,2064,1
10765,505,2841,1
10766,505,3910,1
10767,506,560,1
10768,506,1641,1
10769,506,2097,1
10770,506,2622,1
10771,506,2728,1
10772,506,4980,1
10773,507,2607,1
10774,507,3911,1
10775,507,3932,1
10776,507,4073,1
10777,507,4478,1
10778,508,689,1
10779,508,711,1
10780,508,794,1
10781,508,1626,1
10782,508,1861,1
10783,508,2849,1
10784,508,3224,1
10785,508,4356,1
10786,508,4871,1
10787,509,684,1
10788,509,1463,1
10789,509,1756,1
10790,509,3184,1
10791,509,4588,1
10792,509,4739,1
10793,510,1196,1
10794,510,1408,1
10795,510,2116,1
10796,510,3818,1
10797,510,4837,1
10798,511,1440,1
10799,511,1628,1
10800,511,1867,1
10801,511,2178,1
10802,511,2697,1
10803,511,3148,1
10804,511,4137,1
10805,511,4575,1
10806,511,4778,1
10807,512,1201,1
10808,512,1862,1
10809,512,3798,1
10810,512,4081,1
10811,513,627,1
10812,513,719,1
10813,513,1036,1
10814,513,1193,1
10815,513,1212,1
10816,513,1380,1
10817,513,1413,1
10818,513,1634,1
10819,513,1644,1
10820,513,4325,1
10821,513,4793,1
10822,513,4913,1
10823,514,821,1
10824,514,897,1
10825,514,1354,1
10826,514,1388,1
10827,514,2772,1
10828,514,2944,1
10829,514,3307,1
10830,514,3962,1
10831,514,4262,1
10832,515,518,1
10833,515,2267,1
10834,515,2776,1
10835,515,2877,1
10836,515,3750,1
10837,515,4627,1
10838,516,558,1
10839,516,932,1
10840,516,1109,1
10841,516,1817,1
10842,516,3012,1
10843,516,3475,1
10844,516,4228,1
10845,516,4909,1
10846,517,1185,1
10847,517,1215,1
10848,517,1470,1
10849,517,2131,1
10850,517,2181,1
10851,517,3221,1
10852,517,3286,1
10853,517,4195,1
10854,517,4786,1
10855,518,580,1
10856,518,878,1
10857,518,1354,1
10858,518,1427,1
10859,518,1530,1
10860,518,1561,1
10861,518,2259,1
10862,518,2416,1
10863,518,2475,1
10864,518,3192,1
10865,518,3385,1
10866,518,3945,1
10867,518,3981,1
10868,518,4245,1
10869,519,540,1
10870,519,733,1
10871,519,1638,1
10872,519,1705,1
10873,519,1713,1
10874,519,1727,1
10875,519,1888,1
10876,519,2882,1
10877,519,3725,1
10878,519,3979,1
10879,520,612,1
10880,520,630,1
10881,520,949,1
10882,520,1014,1
10883,520,1059,1
10884,520,1128,1
10885,520,1310,1
10886,520,1584,1
10887,520,2098,1
10888,520,2433,1
10889,520,2619,1
10890,520,2689,1
10891,520,3030,1
10892,520,4311,1
10893,520,4416,1
10894,520,4829,1
10895,521,1007,1
10896,521,2510,1
10897,522,1322,1
10898,522,2001,1
10899,522,3125,1
10900,522,3563,1
10901,522,4358,1
10902,522,4494,1
10903,523,552,1
10904,523,707,1
10905,523,948,1
10906,523,965,1
10907,523,1879,1
10908,523,2131,1
10909,523,2361,1
10910,523,2475,1
10911,523,3002,1
10912,523,4524,1
10913,523,4983,1
10914,524,541,1
10915,524,706,1
10916,524,1617,1
10917,524,2713,1
10918,525,739,1
10919,525,1230,1
10920,525,2439,1
10921,525,3037,1
10922,525,3361,1
10923,525,3398,1
10924,525,3406,1
10925,525,4368,1
10926,525,4493,1
10927,526,665,1
10928,526,697,1
10929,526,1699,1
10930,526,1956,1
10931,526,2700,1
10932,526,2760,1
10933,526,3242,1
10934,527,1498,1
10935,527,3207,1
10936,527,3593,1
10937,527,4316,1
10938,527,4383,1
10939,528,3675,1
10940,528,4619,1
10941,529,686,1
10942,529,1004,1
10943,529,1202,1
10944,529,1467,1
10945,529,1753,1
10946,529,2144,1
10947,529,2399,1
10948,529,2540,1
10949,529,3056,1
10950,529,3073,1
10951,529,3410,1
10952,529,4031,1
10953,529,4124,1
10954,529,4261,1
10955,529,4902,1
10956,530,646,1
10957,530,1138,1
10958,530,2933,1
10959,530,3047,1
10960,530,3282,1
10961,530,3505,1
10962,530,4361,1
10963,531,1928,1
10964,531,2604,1
10965,531,4065,1
10966,532,907,1
10967,532,2102,1
10968,533,882,1
10969,533,919,1
10970,533,1117,1
10971,533,1325,1
10972,533,1696,1
10973,533,2096,1
10974,533,2289,1
10975,533,2508,1
10976,533,2854,1
10977,533,4181,1
10978,533,4541,1
10979,534,598,1
10980,534,1054,1
10981,534,2040,1
10982,534,2200,1
10983,534,2359,1
10984,534,2401,1
10985,534,2923,1
10986,534,4570,1
10987,535,603,1
10988,535,1036,1
10989,535,1088,1
10990,535,1185,1
10991,535,1357,1
10992,535,1398,1
10993,535,1427,1
10994,535,1547,1
10995,535,1729,1
10996,535,2279,1
10997,535,2334,1
10998,535,2361,1
10999,535,2431,1
11000,535,2771,1
11001,535,2904,1
11002,535,3991,1
11003,535,4183,1
11004,535,4411,1
11005,535,4826,1
11006,536,779,1
11007,536,2835,1
11008,536,3656,1
11009,536,3711,1
11010,536,3779,1
11011,537,994,1
11012,537,1245,1
11013,537,1641,1
11014,537,3327,1
11015,538,1113,1
11016,538,1263,1
11017,538,1682,1
11018,538,2464,1
11019,538,2663,1
11020,538,3325,1
11021,538,3838,1
11022,538,4372,1
11023,538,4459,1
11024,538,4994,1
11025,539,1916,1
11026,540,858,1
11027,540,904,1
11028,540,973,1
11029,540,1198,1
11030,540,1466,1
11031,540,1468,1
11032,540,1631,1
11033,540,1722,1
11034,540,2525,1
11035,540,2812,1
11036,540,4058,1
11037,540,4290,1
11038,540,4502,1
11039,540,4519,1
11040,541,1314,1
11041,541,1551,1
11042,541,1559,1
11043,541,1593,1
11044,541,1617,1
11045,541,1988,1
11046,541,2026,1
11047,541,2430,1
11048,541,2562,1
11049,541,2856,1
11050,541,3910,1
11051,541,3989,1
11052,541,4833,1
11053,542,712,1
11054,542,804,1
11055,542,3011,1
11056,542,3714,1
11057,543,1404,1
11058,543,2046,1
11059,543,2150,1
11060,543,2575,1
11061,543,3025,1
11062,543,3572,1
11063,543,4719,1
11064,544,1143,1
11065,545,591,1
11066,545,1086,1
11067,545,1332,1
11068,545,2237,1
11069,545,2587,1
11070,545,4297,1
11071,546,562,1
11072,546,637,1
11073,546,656,1
11074,546,1386,1
11075,546,1500,1
11076,546,1888,1
11077,546,2469,1
11078,546,2677,1
11079,546,3572,1
11080,546,3624,1
11081,546,4097,1
11082,547,640,1
11083,547,852,1
11084,547,1117,1
11085,547,1378,1
11086,547,1786,1
11087,547,2148,1
11088,547,2234,1
11089,547,2265,1
11090,547,2602,1
11091,547,2636,1
11092,547,3042,1
11093,547,3423,1
11094,547,4267,1
11095,547,4648,1
11096,548,1983,1
11097,548,3630,1
11098,548,3886,1
11099,549,669,1
11100,549,1002,1
11101,549,1132,1
11102,549,1244,1
11103,549,1384,1
11104,549,1448,1
11105,549,1485,1
11106,549,1783,1
11107,549,1989,1
11108,549,2063,1
11109,549,2813,1
11110,549,3468,1
11111,549,3770,1
11112,549,3837,1
11113,549,4088,1
11114,549,4375,1
11115,549,4560,1
11116,549,4667,1
11117,549,4668,1
11118,549,4717,1
11119,550,842,1
11120,550,1308,1
11121,550,1793,1
11122,550,1917,1
11123,550,2072,1
11124,550,4002,1
11125,550,4767,1
11126,551,637,1
11127,551,1134,1
11128,551,1788,1
11129,551,2079,1
11130,551,3921,1
11131,551,4234,1
11132,552,1909,1
11133,552,2679,1
11134,552,2787,1
11135,552,2811,1
11136,552,3441,1
11137,552,3941,1
11138,552,4300,1
11139,552,4360,1
11140,553,617,1
11141,553,627,1
11142,553,672,1
11143,553,776,1
11144,553,834,1
11145,553,1351,1
11146,553,1482,1
11147,553,1509,1
11148,553,1605,1
11149,553,1686,1
11150,553,1763,1
11151,553,1866,1
11152,553,1948,1
11153,553,2161,1
11154,553,2382,1
11155,553,2733,1
11156,553,2830,1
11157,553,2904,1
11158,553,2976,1
11159,553,3155,1
11160,553,3188,1
11161,553,3222,1
11162,553,3322,1
11163,553,3509,1
11164,553,3946,1
11165,553,4087,1
11166,553,4388,1
11167,553,4701,1
11168,553,4704,1
11169,553,4771,1
11170,553,4806,1
11171,553,4977,1
11172,554,910,1
11173,554,1699,1
11174,554,4242,1
11175,555,1130,1
11176,555,1842,1
11177,555,2213,1
11178,555,2679,1
11179,555,3154,1
11180,555,4914,1
11181,556,1385,1
11182,556,2174,1
11183,557,912,1
11184,557,1044,1
11185,557,1279,1
11186,557,2486,1
11187,557,3292,1
11188,557,3903,1
11189,558,561,1
11190,558,610,1
11191,558,954,1
11192,558,993,1
11193,558,999,1
11194,558,1057,1
11195,558,1431,1
11196,558,1760,1
11197,558,1972,1
11198,558,2251,1
11199,558,4064,1
11200,558,4881,1
11201,558,4954,1
11202,559,819,1
11203,559,1111,1
11204,559,1264,1
11205,559,4329,1
11206,560,883,1
11207,560,979,1
11208,560,1028,1
11209,560,1080,1
11210,560,1099,1
11211,560,1380,1
11212,560,1582,1
11213,560,2940,1
11214,560,4348,1
11215,561,791,1
11216,561,1854,1
11217,561,2045,1
11218,561,2286,1
11219,561,2554,1
11220,561,3334,1
11221,561,4091,1
11222,561,4885,1
11223,562,670,1
11224,562,826,1
11225,562,879,1
11226,562,981,1
11227,562,1257,1
11228,562,3793,1
11229,563,742,1
11230,563,959,1
11231,563,1699,1
11232,563,1701,1
11233,563,1772,1
11234,563,2542,1
11235,563,2685,1
11236,563,4959,1
11237,564,594,1
11238,564,957,1
11239,564,1250,1
11240,564,1966,1
11241,564,2006,1
11242,564,2979,1
11243,564,3170,1
11244,564,3773,1
11245,564,4179,1
11246,565,847,1
11247,565,1129,1
11248,565,1449,1
11249,565,1687,1
11250,565,1689,1
11251,565,1892,1
11252,565,2560,1
11253,565,3197,1
11254,565,3320,1
11255,565,3864,1
11256,565,3881,1
11257,565,4079,1
11258,566,1482,1
11259,566,3183,1
11260,566,3827,1
11261,566,4321,1
11262,566,4517,1
11263,567,1254,1
11264,567,1498,1
11265,567,1922,1
11266,567,2018,1
11267,567,2785,1
11268,567,2790,1
11269,567,3483,1
11270,567,3542,1
11271,567,4231,1
11272,568,787,1
11273,568,1118,1
11274,568,1157,1
11275,568,1339,1
11276,568,1340,1
11277,568,1506,1
11278,568,1805,1
11279,568,1835,1
11280,568,2997,1
11281,568,3747,1
11282,568,3949,1
11283,568,4256,1
11284,568,4937,1
11285,569,733,1
11286,569,739,1
11287,569,4921,1
11288,570,1569,1
11289,570,1725,1
11290,570,2469,1
11291,570,3215,1
11292,571,606,1
11293,571,2641,1
11294,571,2845,1
11295,571,3107,1
11296,571,3402,1
11297,571,3699,1
11298,571,4370,1
11299,572,775,1
11300,572,4547,1
11301,573,925,1
11302,573,3251,1
11303,573,3338,1
11304,573,3378,1
11305,574,1053,1
11306,574,1156,1
11307,574,1671,1
11308,574,3073,1
11309,574,3523,1
11310,575,702,1
11311,575,1628,1
11312,575,4334,1
11313,575,4365,1
11314,576,734,1
11315,576,736,1
11316,576,802,1
11317,576,1107,1
11318,576,1239,1
11319,576,1395,1
11320,576,1598,1
11321,576,1746,1
11322,576,1967,1
11323,576,2127,1
11324,576,2317,1
11325,576,2641,1
11326,576,4949,1
11327,577,1219,1
11328,577,1436,1
11329,577,1924,1
11330,577,3508,1
11331,578,1676,1
11332,578,4346,1
11333,579,3931,1
11334,580,3696,1
11335,581,1447,1
11336,581,1741,1
11337,581,1983,1
11338,581,3253,1
11339,581,3793,1
11340,582,607,1
11341,582,647,1
11342,582,737,1
11343,582,883,1
11344,582,985,1
11345,582,1004,1
11346,582,1007,1
11347,582,1039,1
11348,582,1479,1
11349,582,1521,1
11350,582,1732,1
11351,582,2180,1
11352,582,3189,1
11353,582,3715,1
11354,582,3856,1
11355,582,4077,1
11356,582,4184,1
11357,582,4368,1
11358,582,4573,1
11359,583,1803,1
11360,583,2063,1
11361,583,2385,1
11362,584,3051,1
11363,585,687,1
11364,585,1467,1
11365,585,2135,1
11366,585,2226,1
11367,585,4215,1
11368,585,4453,1
11369,586,845,1
11370,586,1861,1
11371,586,2299,1
11372,586,2583,1
11373,586,3505,1
11374,588,649,1
11375,588,968,1
11376,588,1267,1
11377,588,1798,1
11378,588,2445,1
11379,588,2857,1
11380,588,3414,1
11381,588,3929,1
11382,589,648,1
11383,589,815,1
11384,589,1055,1
11385,589,1505,1
11386,589,1796,1
11387,589,1804,1
11388,589,1992,1
11389,589,2253,1
11390,589,2272,1
11391,589,3075,1
11392,589,4081,1
11393,589,4693,1
11394,589,4971,1
11395,590,653,1
11396,590,978,1
11397,590,3422,1
11398,590,3528,1
11399,590,3612,1
11400,590,4232,1
11401,591,918,1
11402,591,1234,1
11403,591,1436,1
11404,591,1710,1
11405,591,1856,1
11406,591,1905,1
11407,591,2512,1
11408,591,2719,1
11409,591,3836,1
11410,591,4754,1
11411,592,1959,1
11412,592,2750,1
11413,592,3657,1
11414,593,866,1
11415,593,1085,1
11416,593,1304,1
11417,593,1425,1
11418,593,1576,1
11419,593,1674,1
11420,593,2460,1
11421,593,2502,1
11422,593,3550,1
11423,593,4089,1
11424,593,4773,1
11425,594,1012,1
11426,594,1312,1
11427,594,1722,1
11428,594,1902,1
11429,594,2007,1
11430,594,2088,1
11431,594,2166,1
11432,594,2947,1
11433,594,4790,1
11434,595,615,1
11435,595,1020,1
11436,595,1261,1
11437,595,2332,1
11438,595,3031,1
11439,595,3106,1
11440,595,4416,1
11441,596,913,1
11442,596,2718,1
11443,596,3570,1
11444,596,3776,1
11445,596,4191,1
11446,596,4639,1
11447,596,4800,1
11448,597,675,1
11449,597,927,1
11450,597,933,1
11451,597,1260,1
11452,597,1356,1
11453,597,1523,1
11454,597,1692,1
11455,597,2065,1
11456,597,2304,1
11457,597,2373,1
11458,597,2601,1
11459,597,2793,1
11460,597,4269,1
11461,598,1083,1
11462,598,2832,1
11463,598,3432,1
11464,599,717,1
11465,599,1313,1
11466,599,1386,1
11467,599,1849,1
11468,599,2497,1
11469,599,2632,1
11470,599,3420,1
11471,599,3787,1
11472,599,4956,1
11473,600,1523,1
11474,600,3247,1
11475,600,4089,1
11476,601,1733,1
11477,601,3353,1
11478,602,701,1
11479,602,1164,1
11480,603,619,1
11481,603,1326,1
11482,603,1745,1
11483,603,2954,1
11484,604,982,1
11485,604,3867,1
11486,604,4324,1
11487,605,622,1
11488,605,919,1
11489,606,1398,1
11490,606,3914,1
11491,606,4553,1
11492,607,703,1
11493,607,1207,1
11494,607,1211,1
11495,607,3617,1
11496,608,1157,1
11497,608,1258,1
11498,608,1822,1
11499,608,3737,1
11500,608,4027,1
11501,608,4299,1
11502,608,4826,1
11503,609,666,1
11504,609,2246,1
11505,609,2436,1
11506,609,2640,1
11507,609,3516,1
11508,609,4400,1
11509,610,1923,1
11510,610,2547,1
11511,610,2997,1
11512,610,3316,1
11513,610,4312,1
11514,610,4913,1
11515,611,1300,1
11516,611,1634,1
11517,611,1675,1
11518,611,1717,1
11519,611,1766,1
11520,611,2002,1
11521,611,3289,1
11522,611,3914,1
11523,612,693,1
11524,612,715,1
11525,612,794,1
11526,612,860,1
11527,612,889,1
11528,612,1103,1
11529,612,1183,1
11530,612,1338,1
11531,612,1393,1
11532,612,1852,1
11533,612,1920,1
11534,612,2228,1
11535,612,2527,1
11536,612,4099,1
11537,613,853,1
11538,613,947,1
11539,613,1013,1
11540,613,3150,1
11541,614,865,1
11542,614,911,1
11543,614,3084,1
11544,615,2727,1
11545,616,1578,1
11546,616,4684,1
11547,617,1304,1
11548,617,1594,1
11549,617,2324,1
11550,617,2720,1
11551,617,4390,1
11552,618,648,1
11553,618,805,1
11554,618,1496,1
11555,618,1622,1
11556,618,3698,1
11557,619,2263,1
11558,619,3008,1
11559,619,4187,1
11560,619,4294,1
11561,619,4648,1
11562,620,655,1
11563,620,782,1
11564,620,830,1
11565,620,1015,1
11566,620,1543,1
11567,620,2415,1
11568,620,3889,1
11569,621,626,1
11570,621,720,1
11571,621,832,1
11572,621,1710,1
11573,621,2776,1
11574,621,3452,1
11575,621,3680,1
11576,622,1257,1
11577,622,1723,1
11578,622,2702,1
11579,623,1246,1
11580,623,1377,1
11581,623,1871,1
11582,623,3972,1
11583,623,4197,1
11584,623,4490,1
11585,623,4504,1
11586,624,721,1
11587,624,2550,1
11588,625,1100,1
11589,625,2787,1
11590,625,3520,1
11591,625,3669,1
11592,625,4166,1
11593,626,820,1
11594,626,1024,1
11595,626,1649,1
11596,626,4445,1
11597,627,2325,1
11598,627,3273,1
11599,628,882,1
11600,628,1062,1
11601,628,1532,1
11602,628,1996,1
11603,628,2346,1
11604,628,2526,1
11605,628,2978,1
11606,628,3300,1
11607,628,3634,1
11608,628,3928,1
11609,629,819,1
11610,629,980,1
11611,629,1870,1
11612,629,4068,1
11613,629,4185,1
11614,629,4669,1
11615,629,4693,1
11616,629,4933,1
11617,630,930,1
11618,630,1286,1
11619,630,1484,1
11620,630,3544,1
11621,630,4074,1
11622,630,4209,1
11623,631,701,1
11624,631,760,1
11625,631,842,1
11626,631,1753,1
11627,631,1934,1
11628,631,2077,1
11629,631,3364,1
11630,631,3720,1
11631,631,4985,1
11632,632,1197,1
11633,632,1303,1
11634,632,1485,1
11635,632,1692,1
11636,632,2384,1
11637,632,2552,1
11638,632,3024,1
11639,632,3217,1
11640,632,4139,1
11641,633,879,1
11642,633,2221,1
11643,633,2607,1
11644,633,3112,1
11645,633,3664,1
11646,633,3880,1
11647,633,4953,1
11648,634,1952,1
11649,634,4742,1
11650,635,1413,1
11651,635,1968,1
11652,635,4796,1
11653,636,914,1
11654,636,1919,1
11655,637,1130,1
11656,637,1209,1
11657,637,1555,1
11658,637,3348,1
11659,637,4024,1
11660,637,4798,1
11661,639,661,1
11662,639,2137,1
11663,639,3277,1
11664,639,3331,1
11665,639,3723,1
11666,640,651,1
11667,640,705,1
11668,640,806,1
11669,640,997,1
11670,640,2113,1
11671,640,2261,1
11672,640,2398,1
11673,640,2678,1
11674,640,4112,1
11675,641,2150,1
11676,641,3032,1
11677,641,3752,1
11678,642,657,1
11679,642,896,1
11680,642,991,1
11681,642,1030,1
11682,642,1123,1
11683,642,1321,1
11684,642,1576,1
11685,642,2087,1
11686,642,2124,1
11687,642,2332,1
11688,642,2393,1
11689,642,2869,1
11690,642,3042,1
11691,642,3228,1
11692,642,3300,1
11693,642,3446,1
11694,642,3651,1
11695,642,3694,1
11696,642,4269,1
11697,642,4404,1
11698,642,4711,1
11699,643,830,1
11700,643,1128,1
11701,643,1664,1
11702,643,2051,1
11703,643,2371,1
11704,643,2688,1
11705,643,3982,1
11706,643,3992,1
11707,643,4256,1
11708,644,1085,1
11709,644,1212,1
11710,644,1487,1
11711,644,1612,1
11712,644,1922,1
11713,644,2768,1
11714,644,4285,1
11715,645,1604,1
11716,645,2066,1
11717,645,2256,1
11718,645,2915,1
11719,646,892,1
11720,646,894,1
11721,646,1127,1
11722,646,2764,1
11723,646,3198,1
11724,647,1043,1
11725,647,1495,1
11726,647,4905,1
11727,648,816,1
11728,648,983,1
11729,648,1021,1
11730,648,1532,1
11731,648,1609,1
11732,648,1812,1
11733,648,2965,1
11734,648,3072,1
11735,648,3343,1
11736,648,3380,1
11737,648,3522,1
11738,648,3545,1
11739,649,810,1
11740,649,1158,1
11741,649,2528,1
11742,649,3074,1
11743,649,3097,1
11744,650,1581,1
11745,650,2603,1
11746,650,2671,1
11747,650,2808,1
11748,651,966,1
11749,651,1360,1
11750,651,1626,1
11751,651,1703,1
11752,651,2844,1
11753,651,3293,1
11754,651,3352,1
11755,651,3359,1
11756,651,4144,1
11757,652,1232,1
11758,652,1243,1
11759,652,1509,1
11760,652,1602,1
11761,652,2427,1
11762,652,2547,1
11763,652,4647,1
11764,653,1078,1
11765,653,1100,1
11766,653,1255,1
11767,653,1825,1
11768,653,1829,1
11769,653,4604,1
11770,654,1113,1
11771,654,1396,1
11772,654,1783,1
11773,654,2084,1
11774,654,2692,1
11775,654,3455,1
11776,654,3983,1
11777,654,4453,1
11778,654,4497,1
11779,655,656,1
11780,655,912,1
11781,655,1256,1
11782,655,1566,1
11783,655,2008,1
11784,655,2333,1
11785,655,2498,1
11786,655,3052,1
11787,655,3441,1
11788,655,4413,1
11789,655,4880,1
11790,656,735,1
11791,656,1245,1
11792,656,2170,1
11793,656,3438,1
11794,657,4778,1
11795,658,947,1
11796,658,1153,1
11797,658,1167,1
11798,658,1312,1
11799,658,1716,1
11800,658,2989,1
11801,658,3232,1
11802,658,3646,1
11803,658,4513,1
11804,659,760,1
11805,659,987,1
11806,659,1272,1
11807,659,1784,1
11808,659,2037,1
11809,659,2170,1
11810,659,2503,1
11811,659,2930,1
11812,659,3666,1
11813,660,894,1
11814,660,1004,1
11815,660,1948,1
11816,660,2424,1
11817,660,2526,1
11818,660,2630,1
11819,660,2680,1
11820,661,1016,1
11821,661,1075,1
11822,661,1782,1
11823,661,3170,1
11824,661,3782,1
11825,661,3873,1
11826,661,4414,1
11827,662,2572,1
11828,662,4448,1
11829,663,685,1
11830,663,760,1
11831,663,789,1
11832,663,1126,1
11833,663,1389,1
11834,663,1629,1
11835,663,2720,1
11836,663,4239,1
11837,663,4815,1
11838,664,929,1
11839,664,2071,1
11840,664,2484,1
11841,665,1656,1
11842,665,1739,1
11843,665,1834,1
11844,665,1847,1
11845,665,3052,1
11846,665,3301,1
11847,665,3553,1
11848,665,3739,1
11849,665,4092,1
11850,665,4193,1
11851,666,1819,1
11852,666,1884,1
11853,667,1646,1
11854,667,2159,1
11855,667,2275,1
11856,667,2522,1
11857,667,3462,1
11858,668,3946,1
11859,669,885,1
11860,669,1223,1
11861,669,1709,1
11862,669,2341,1
11863,669,3335,1
11864,669,3611,1
11865,669,3797,1
11866,669,4175,1
11867,670,1569,1
11868,670,2381,1
11869,670,2725,1
11870,670,4493,1
11871,670,4607,1
11872,671,798,1
11873,671,1061,1
11874,671,1379,1
11875,671,1561,1
11876,671,1764,1
11877,671,1875,1
11878,671,2116,1
11879,671,2193,1
11880,671,2554,1
11881,671,2645,1
11882,671,3529,1
11883,671,3749,1
11884,671,4653,1
11885,672,1371,1
11886,672,1914,1
11887,672,2250,1
11888,674,1071,1
11889,674,1119,1
11890,674,1411,1
11891,674,2079,1
11892,674,2135,1
11893,674,2146,1
11894,674,2767,1
11895,674,2788,1
11896,674,3472,1
11897,675,1669,1
11898,675,1969,1
11899,675,2174,1
11900,676,728,1
11901,676,796,1
11902,676,1241,1
11903,676,1909,1
11904,676,2023,1
11905,676,2417,1
11906,676,2783,1
11907,676,2818,1
11908,676,2956,1
11909,676,3104,1
11910,677,1261,1
11911,677,1393,1
11912,677,2064,1
11913,677,3003,1
11914,677,3626,1
11915,678,1996,1
11916,678,3278,1
11917,678,3540,1
11918,678,3917,1
11919,678,4349,1
11920,678,4900,1
11921,679,812,1
11922,679,1068,1
11923,679,1316,1
11924,679,1563,1
11925,679,1624,1
11926,679,1743,1
11927,679,2192,1
11928,679,2478,1
11929,679,2538,1
11930,679,2901,1
11931,679,3040,1
11932,679,3054,1
11933,679,3706,1
11934,679,3958,1
11935,679,4298,1
11936,679,4399,1
11937,680,790,1
11938,680,2382,1
11939,680,2458,1
11940,680,2954,1
11941,680,3006,1
11942,680,3428,1
11943,680,3614,1
11944,681,2157,1
11945,681,3450,1
11946,681,4141,1
11947,681,4143,1
11948,682,683,1
11949,682,2762,1
11950,682,2859,1
11951,682,3567,1
11952,682,3822,1
11953,682,4037,1
11954,682,4511,1
11955,682,4702,1
11956,683,735,1
11957,683,772,1
11958,683,790,1
11959,683,797,1
11960,683,921,1
11961,683,924,1
11962,683,984,1
11963,683,1499,1
11964,683,1701,1
11965,683,2115,1
11966,683,2177,1
11967,683,2258,1
11968,683,2441,1
11969,683,2781,1
11970,683,3424,1
11971,683,4022,1
11972,683,4172,1
11973,683,4878,1
11974,684,706,1
11975,684,802,1
11976,684,835,1
11977,684,2034,1
11978,684,2092,1
11979,684,2278,1
11980,684,2506,1
11981,684,2671,1
11982,684,2700,1
11983,684,2879,1
11984,684,3655,1
11985,684,4182,1
11986,685,2353,1
11987,685,3147,1
11988,685,3639,1
11989,685,3753,1
11990,685,4487,1
11991,685,4605,1
11992,685,4916,1
11993,686,881,1
11994,686,2095,1
11995,686,4367,1
11996,687,1009,1
11997,687,1390,1
11998,687,1683,1
11999,687,2254,1
12000,687,2412,1
12001,687,2423,1
12002,687,2666,1
12003,687,2867,1
12004,687,3570,1
12005,688,1133,1
12006,688,2270,1
12007,688,2383,1
12008,689,977,1
12009,689,1746,1
12010,689,1908,1
12011,689,2496,1
12012,689,2839,1
12013,689,3038,1
12014,689,4322,1
12015,690,2590,1
12016,690,3578,1
12017,690,3818,1
12018,691,1478,1
12019,691,1987,1
12020,691,3128,1
12021,691,3391,1
12022,691,4907,1
12023,692,1567,1
12024,692,1698,1
12025,692,1851,1
12026,692,2501,1
12027,692,2540,1
12028,692,2573,1
12029,692,2665,1
12030,692,2758,1
12031,692,2866,1
12032,692,4140,1
12033,692,4795,1
12034,693,756,1
12035,693,998,1
12036,693,1333,1
12037,693,1614,1
12038,693,2208,1
12039,693,2586,1
12040,693,3797,1
12041,694,910,1
12042,694,970,1
12043,694,1060,1
12044,694,1336,1
12045,694,2254,1
12046,694,3020,1
12047,694,4474,1
12048,695,1045,1
12049,695,1617,1
12050,695,3490,1
12051,696,771,1
12052,696,1151,1
12053,696,1213,1
12054,696,1249,1
12055,696,1552,1
12056,696,1670,1
12057,696,1705,1
12058,696,2496,1
12059,696,2961,1
12060,696,3471,1
12061,696,3665,1
12062,697,727,1
12063,697,868,1
12064,697,2426,1
12065,697,2513,1
12066,697,4040,1
12067,697,4107,1
12068,697,4424,1
12069,697,4794,1
12070,698,714,1
12071,698,1858,1
12072,698,2928,1
12073,698,3175,1
12074,698,3629,1
12075,699,1339,1
12076,699,1681,1
12077,699,1802,1
12078,699,1893,1
12079,700,1163,1
12080,700,2003,1
12081,700,2545,1
12082,700,3331,1
12083,700,3988,1
12084,701,823,1
12085,701,927,1
12086,701,947,1
12087,701,2003,1
12088,701,3001,1
12089,701,3147,1
12090,701,3901,1
12091,701,3943,1
12092,701,4476,1
12093,701,4685,1
12094,701,4705,1
12095,702,1038,1
12096,702,1570,1
12097,702,1573,1
12098,702,2992,1
12099,702,3656,1
12100,702,3855,1
12101,702,3966,1
12102,702,4321,1
12103,702,4396,1
12104,702,4670,1
12105,703,1700,1
12106,703,2390,1
12107,703,3731,1
12108,704,995,1
12109,704,1173,1
12110,704,1248,1
12111,704,1726,1
12112,704,3560,1
12113,705,1110,1
12114,705,1239,1
12115,705,1298,1
12116,705,1368,1
12117,705,1818,1
12118,705,2097,1
12119,705,2524,1
12120,705,2881,1
12121,705,3414,1
12122,705,3577,1
12123,706,995,1
12124,706,1501,1
12125,706,2798,1
12126,706,3745,1
12127,706,3837,1
12128,706,3997,1
12129,706,4339,1
12130,707,769,1
12131,708,725,1
12132,708,785,1
12133,708,802,1
12134,708,1209,1
12135,708,1537,1
12136,708,1830,1
12137,708,2354,1
12138,708,2719,1
12139,708,4708,1
12140,709,2032,1
12141,709,2942,1
12142,709,3201,1
12143,709,3480,1
12144,709,3690,1
12145,709,3794,1
12146,709,4565,1
12147,709,4603,1
12148,710,797,1
12149,710,1632,1
12150,710,2780,1
12151,710,2782,1
12152,710,2881,1
12153,710,4454,1
12154,712,1251,1
12155,712,1352,1
12156,712,2234,1
12157,713,2144,1
12158,714,920,1
12159,714,1185,1
12160,714,3265,1
12161,714,3802,1
12162,714,3826,1
12163,714,4069,1
12164,714,4571,1
12165,715,869,1
12166,715,996,1
12167,715,1041,1
12168,715,1053,1
12169,715,1072,1
12170,715,1349,1
12171,715,1681,1
12172,715,1786,1
12173,715,2057,1
12174,715,2465,1
12175,715,2475,1
12176,715,2765,1
12177,715,2934,1
12178,715,3405,1
12179,715,3503,1
12180,715,3868,1
12181,715,4693,1
12182,715,4746,1
12183,716,1179,1
12184,716,1372,1
12185,716,2574,1
12186,716,2734,1
12187,716,3401,1
12188,716,3477,1
12189,716,4163,1
12190,716,4214,1
12191,716,4700,1
12192,717,1225,1
12193,717,1276,1
12194,717,1659,1
12195,717,2508,1
12196,718,926,1
12197,718,1689,1
12198,718,2138,1
12199,718,2938,1
12200,718,3467,1
12201,719,1316,1
12202,719,1429,1
12203,719,1660,1
12204,719,2062,1
12205,719,2672,1
12206,719,2962,1
12207,719,3782,1
12208,719,3967,1
12209,719,4055,1
12210,719,4490,1
12211,720,981,1
12212,720,1742,1
12213,720,3083,1
12214,720,3613,1
12215,720,4066,1
12216,721,4206,1
12217,722,2888,1
12218,722,3512,1
12219,722,3731,1
12220,723,2620,1
12221,723,3353,1
12222,724,788,1
12223,724,799,1
12224,724,902,1
12225,724,956,1
12226,724,1202,1
12227,724,1285,1
12228,724,1697,1
12229,724,2180,1
12230,724,2204,1
12231,724,2237,1
12232,724,2786,1
12233,724,3081,1
12234,724,4714,1
12235,725,726,1
12236,725,811,1
12237,725,1047,1
12238,725,1126,1
12239,725,1832,1
12240,725,3581,1
12241,725,3596,1
12242,725,4403,1
12243,725,4643,1
12244,725,4824,1
12245,726,1436,1
12246,726,1673,1
12247,726,1827,1
12248,726,2469,1
12249,726,3028,1
12250,726,3343,1
12251,726,3930,1
12252,726,3961,1
12253,726,4152,1
12254,726,4269,1
12255,726,4310,1
12256,728,1056,1
12257,728,2225,1
12258,728,2621,1
12259,728,3862,1
12260,728,4004,1
12261,729,1342,1
12262,729,1691,1
12263,729,2063,1
12264,729,2397,1
12265,729,2992,1
12266,730,866,1
12267,730,1855,1
12268,730,1932,1
12269,730,1945,1
12270,730,2644,1
12271,730,4023,1
12272,731,862,1
12273,731,1768,1
12274,731,2402,1
12275,731,2952,1
12276,731,3285,1
12277,731,3522,1
12278,731,4012,1
12279,731,4308,1
12280,731,4984,1
12281,732,961,1
12282,732,1738,1
12283,733,1446,1
12284,733,2852,1
12285,733,4429,1
12286,734,769,1
12287,734,1041,1
12288,734,1772,1
12289,734,1800,1
12290,734,1966,1
12291,734,2138,1
12292,734,2529,1
12293,734,2740,1
12294,734,3351,1
12295,734,3618,1
12296,734,4296,1
12297,734,4529,1
12298,735,924,1
12299,735,1054,1
12300,735,1148,1
12301,735,1407,1
12302,735,1480,1
12303,735,2230,1
12304,735,3068,1
12305,735,3664,1
12306,735,3763,1
12307,735,3862,1
12308,735,4014,1
12309,736,1523,1
12310,736,1748,1
12311,736,4034,1
12312,737,867,1
12313,737,1190,1
12314,737,1659,1
12315,737,1929,1
12316,737,2096,1
12317,737,3833,1
12318,739,1741,1
12319,739,2756,1
12320,739,3213,1
12321,739,3257,1
12322,739,4070,1
12323,739,4178,1
12324,739,4354,1
12325,739,4802,1
12326,739,4977,1
12327,740,743,1
12328,740,1328,1
12329,740,2146,1
12330,740,2339,1
12331,740,2515,1
12332,740,2858,1
12333,740,3403,1
12334,740,3514,1
12335,741,1023,1
12336,741,1641,1
12337,742,1672,1
12338,742,2392,1
12339,742,3350,1
12340,742,3958,1
12341,742,4018,1
12342,743,860,1
12343,743,2083,1
12344,743,2810,1
12345,743,3992,1
12346,743,4402,1
12347,744,1121,1
12348,744,1738,1
12349,744,2719,1
12350,744,3206,1
12351,744,4567,1
12352,744,4595,1
12353,745,1008,1
12354,745,1310,1
12355,745,1437,1
12356,745,1703,1
12357,745,2454,1
12358,745,3008,1
12359,745,3356,1
12360,745,4877,1
12361,746,958,1
12362,746,1030,1
12363,746,1133,1
12364,746,1210,1
12365,746,1588,1
12366,746,2337,1
12367,746,2670,1
12368,746,3206,1
12369,746,3215,1
12370,746,3819,1
12371,746,3896,1
12372,747,816,1
12373,747,1038,1
12374,747,3182,1
12375,747,3491,1
12376,747,3562,1
12377,748,773,1
12378,748,885,1
12379,748,1089,1
12380,748,1143,1
12381,748,1332,1
12382,748,1373,1
12383,748,1650,1
12384,748,1960,1
12385,748,2149,1
12386,748,2186,1
12387,748,2307,1
12388,748,2710,1
12389,748,2805,1
12390,748,3125,1
12391,748,3263,1
12392,748,3378,1
12393,748,3528,1
12394,748,3726,1
12395,748,4311,1
12396,748,4563,1
12397,749,907,1
12398,749,1606,1
12399,749,1820,1
12400,749,1999,1
12401,749,2070,1
12402,749,2194,1
12403,749,2271,1
12404,749,2331,1
12405,749,2555,1
12406,749,2641,1
12407,749,2708,1
12408,749,3171,1
12409,749,3296,1
12410,749,3624,1
12411,749,4637,1
12412,750,1170,1
12413,750,2718,1
12414,750,2967,1
12415,750,3711,1
12416,751,845,1
12417,751,976,1
12418,751,1031,1
12419,751,2907,1
12420,751,3675,1
12421,752,861,1
12422,752,1215,1
12423,752,3583,1
12424,752,3769,1
12425,752,4636,1
12426,752,4737,1
12427,752,4851,1
12428,753,1531,1
12429,753,1623,1
12430,753,2141,1
12431,753,3882,1
12432,754,815,1
12433,754,1403,1
12434,754,2600,1
12435,754,2909,1
12436,755,3543,1
12437,756,1262,1
12438,756,1410,1
12439,756,1970,1
12440,756,2186,1
12441,756,2346,1
12442,756,2928,1
12443,756,3649,1
12444,756,3705,1
12445,756,3884,1
12446,756,3978,1
12447,756,4170,1
12448,757,916,1
12449,757,1070,1
12450,757,2010,1
12451,757,4461,1
12452,758,1259,1
12453,758,1508,1
12454,758,1639,1
12455,758,1841,1
12456,758,2152,1
12457,758,2250,1
12458,758,3029,1
12459,758,3413,1
12460,758,4257,1
12461,759,764,1
12462,759,1755,1
12463,759,1895,1
12464,759,2430,1
12465,759,2627,1
12466,759,3020,1
12467,759,3304,1
12468,759,3927,1
12469,759,4233,1
12470,759,4273,1
12471,759,4557,1
12472,760,1091,1
12473,760,1998,1
12474,760,2996,1
12475,761,832,1
12476,761,3078,1
12477,761,4418,1
12478,761,4862,1
12479,761,4901,1
12480,762,1564,1
12481,762,2207,1
12482,762,3657,1
12483,762,4036,1
12484,763,954,1
12485,763,1109,1
12486,763,1116,1
12487,763,1256,1
12488,763,1538,1
12489,763,1651,1
12490,763,2469,1
12491,763,4526,1
12492,763,4836,1
12493,764,1925,1
12494,764,1943,1
12495,765,774,1
12496,765,916,1
12497,765,1011,1
12498,765,1391,1
12499,765,1503,1
12500,765,1735,1
12501,765,1811,1
12502,765,1865,1
12503,765,1957,1
12504,765,2569,1
12505,765,2958,1
12506,765,3150,1
12507,765,3345,1
12508,765,4135,1
12509,765,4906,1
12510,766,942,1
12511,766,1495,1
12512,766,1844,1
12513,766,2405,1
12514,766,2444,1
12515,766,2570,1
12516,766,3022,1
12517,766,3647,1
12518,766,3798,1
12519,766,3839,1
12520,766,4850,1
12521,766,4878,1
12522,767,1077,1
12523,767,1204,1
12524,767,1508,1
12525,767,1526,1
12526,767,1591,1
12527,767,1639,1
12528,767,2247,1
12529,767,3486,1
12530,767,4352,1
12531,767,4919,1
12532,768,1299,1
12533,768,2752,1
12534,768,4586,1
12535,769,1337,1
12536,769,3879,1
12537,769,4397,1
12538,769,4924,1
12539,770,983,1
12540,770,1374,1
12541,770,2047,1
12542,770,2385,1
12543,770,2934,1
12544,770,3062,1
12545,770,3480,1
12546,770,3584,1
12547,770,3622,1
12548,770,3698,1
12549,770,4258,1
12550,770,4299,1
12551,770,4864,1
12552,771,1521,1
12553,771,1783,1
12554,771,2412,1
12555,771,2415,1
12556,771,2673,1
12557,771,2888,1
12558,771,3269,1
12559,771,3687,1
12560,771,3815,1
12561,771,3953,1
12562,771,4429,1
12563,771,4574,1
12564,771,4726,1
12565,772,1008,1
12566,772,1199,1
12567,772,1598,1
12568,772,1605,1
12569,772,1798,1
12570,772,1947,1
12571,772,2510,1
12572,772,2550,1
12573,772,3275,1
12574,772,3453,1
12575,772,4098,1
12576,772,4172,1
12577,772,4937,1
12578,773,823,1
12579,773,905,1
12580,773,1091,1
12581,773,1394,1
12582,773,1479,1
12583,773,2001,1
12584,773,2191,1
12585,773,2561,1
12586,773,3240,1
12587,773,4180,1
12588,774,4729,1
12589,775,3107,1
12590,775,3744,1
12591,775,4444,1
12592,775,4576,1
12593,776,826,1
12594,776,1758,1
12595,776,4096,1
12596,777,961,1
12597,777,1067,1
12598,777,2387,1
12599,777,2749,1
12600,777,2919,1
12601,777,2972,1
12602,777,3018,1
12603,777,4395,1
12604,777,4859,1
12605,777,4964,1
12606,778,933,1
12607,778,2619,1
12608,779,805,1
12609,779,818,1
12610,779,838,1
12611,779,1235,1
12612,779,1815,1
12613,779,1885,1
12614,779,1963,1
12615,779,2511,1
12616,779,4362,1
12617,780,1877,1
12618,780,2163,1
12619,780,4281,1
12620,781,1980,1
12621,781,2445,1
12622,781,3265,1
12623,781,4996,1
12624,782,2239,1
12625,782,2318,1
12626,782,2415,1
12627,782,3065,1
12628,782,3332,1
12629,783,941,1
12630,783,1099,1
12631,783,1435,1
12632,783,2201,1
12633,783,3328,1
12634,783,4774,1
12635,784,1922,1
12636,784,2085,1
12637,784,2233,1
12638,784,3369,1
12639,785,871,1
12640,785,930,1
12641,785,978,1
12642,785,1003,1
12643,785,1118,1
12644,785,1238,1
12645,785,1301,1
12646,785,1554,1
12647,785,1868,1
12648,785,1937,1
12649,785,2228,1
12650,785,2292,1
12651,785,2568,1
12652,785,2756,1
12653,785,3228,1
12654,785,3299,1
12655,785,3566,1
12656,785,4200,1
12657,785,4347,1
12658,785,4432,1
12659,785,4677,1
12660,786,1819,1
12661,786,2342,1
12662,786,2402,1
12663,786,3637,1
12664,786,4750,1
12665,787,846,1
12666,787,852,1
12667,787,874,1
12668,787,952,1
12669,787,1015,1
12670,787,1336,1
12671,787,1510,1
12672,787,1518,1
12673,787,1806,1
12674,787,2884,1
12675,787,2932,1
12676,787,3456,1
12677,787,4027,1
12678,787,4144,1
12679,787,4499,1
12680,788,1100,1
12681,788,1278,1
12682,788,1361,1
12683,788,1856,1
12684,788,1968,1
12685,788,2027,1
12686,788,2313,1
12687,788,2622,1
12688,788,3399,1
12689,788,4057,1
12690,788,4578,1
12691,789,1346,1
12692,789,2076,1
12693,789,2210,1
12694,789,2546,1
12695,789,2595,1
12696,789,2647,1
12697,789,2784,1
12698,789,3521,1
12699,789,3545,1
12700,789,4597,1
12701,790,821,1
12702,790,1032,1
12703,790,1149,1
12704,790,1642,1
12705,790,2360,1
12706,790,2516,1
12707,790,2870,1
12708,790,3598,1
12709,790,3703,1
12710,790,4439,1
12711,790,4694,1
12712,791,1064,1
12713,791,1360,1
12714,791,1612,1
12715,791,1723,1
12716,791,1749,1
12717,791,3142,1
12718,791,4546,1
12719,791,4958,1
12720,792,2568,1
12721,793,1198,1
12722,793,1356,1
12723,793,2140,1
12724,793,2747,1
12725,793,2826,1
12726,793,4659,1
12727,794,1161,1
12728,794,3208,1
12729,794,3555,1
12730,794,4499,1
12731,795,1810,1
12732,795,1995,1
12733,795,2494,1
12734,795,4634,1
12735,795,4762,1
12736,796,1283,1
12737,796,1643,1
12738,796,1692,1
12739,796,1880,1
12740,796,1946,1
12741,796,2025,1
12742,796,2123,1
12743,796,2224,1
12744,796,2639,1
12745,796,3142,1
12746,796,3861,1
12747,797,1226,1
12748,797,1437,1
12749,797,2578,1
12750,797,2821,1
12751,797,2895,1
12752,797,3935,1
12753,797,4625,1
12754,798,1272,1
12755,798,2388,1
12756,798,2826,1
12757,798,4885,1
12758,799,964,1
12759,799,3016,1
12760,799,3579,1
12761,799,4289,1
12762,800,823,1
12763,800,953,1
12764,800,1572,1
12765,800,2593,1
12766,800,2608,1
12767,800,3049,1
12768,800,4925,1
12769,801,1329,1
12770,801,1369,1
12771,801,2704,1
12772,801,2899,1
12773,801,3000,1
12774,801,3507,1
12775,801,4770,1
12776,801,4881,1
12777,802,1018,1
12778,802,1281,1
12779,802,1923,1
12780,802,2448,1
12781,802,2858,1
12782,802,4053,1
12783,803,925,1
12784,803,994,1
12785,803,1175,1
12786,803,1488,1
12787,803,2006,1
12788,803,2040,1
12789,803,2069,1
12790,803,2320,1
12791,803,2614,1
12792,803,2668,1
12793,803,2880,1
12794,803,4656,1
12795,803,4699,1
12796,804,3572,1
12797,805,1388,1
12798,805,2427,1
12799,805,4565,1
12800,806,847,1
12801,806,1645,1
12802,806,2460,1
12803,806,3318,1
12804,807,869,1
12805,807,3820,1
12806,807,3932,1
12807,807,4146,1
12808,807,4554,1
12809,808,853,1
12810,808,4190,1
12811,809,811,1
12812,809,831,1
12813,809,1002,1
12814,809,1042,1
12815,809,1662,1
12816,809,2297,1
12817,809,2990,1
12818,810,1583,1
12819,810,1649,1
12820,810,1896,1
12821,810,3415,1
12822,811,3141,1
12823,811,3737,1
12824,811,4374,1
12825,811,4490,1
12826,812,1072,1
12827,812,1683,1
12828,812,2614,1
12829,812,3526,1
12830,812,3645,1
12831,812,4699,1
12832,813,1136,1
12833,813,1162,1
12834,813,1801,1
12835,813,1835,1
12836,813,2089,1
12837,813,2995,1
12838,813,4887,1
12839,814,4030,1
12840,814,4271,1
12841,814,4708,1
12842,815,1152,1
12843,815,2489,1
12844,816,1199,1
12845,816,2339,1
12846,816,4653,1
12847,817,1023,1
12848,817,1459,1
12849,817,1549,1
12850,817,1661,1
12851,817,1952,1
12852,817,2816,1
12853,817,3449,1
12854,817,3920,1
12855,817,4301,1
12856,817,4978,1
12857,818,1422,1
12858,818,1724,1
12859,818,3151,1
12860,818,3387,1
12861,818,3999,1
12862,818,4029,1
12863,819,1609,1
12864,819,1990,1
12865,819,3135,1
12866,820,1435,1
12867,821,986,1
12868,821,1119,1
12869,821,1210,1
12870,821,2276,1
12871,821,2957,1
12872,821,3024,1
12873,821,3079,1
12874,821,3531,1
12875,822,1362,1
12876,822,2629,1
12877,822,3658,1
12878,822,3677,1
12879,823,1805,1
12880,823,3499,1
12881,823,3934,1
12882,823,4456,1
12883,823,4538,1
12884,824,1022,1
12885,824,1132,1
12886,824,2492,1
12887,824,3236,1
12888,825,1168,1
12889,825,1272,1
12890,825,1341,1
12891,825,2002,1
12892,825,2360,1
12893,825,2876,1
12894,825,3405,1
12895,825,3630,1
12896,825,4572,1
12897,825,4582,1
12898,826,1262,1
12899,826,2431,1
12900,826,3092,1
12901,826,3474,1
12902,826,4749,1
12903,826,4857,1
12904,827,1112,1
12905,827,1751,1
12906,827,2400,1
12907,827,2724,1
12908,828,2548,1
12909,828,2801,1
12910,828,3256,1
12911,829,1527,1
12912,829,2027,1
12913,829,2819,1
12914,829,3532,1
12915,829,4622,1
12916,830,1930,1
12917,830,4407,1
12918,830,4553,1
12919,831,1266,1
12920,831,2121,1
12921,832,876,1
12922,832,948,1
12923,832,1120,1
12924,832,1336,1
12925,832,2029,1
12926,832,4121,1
12927,833,1090,1
12928,833,2416,1
12929,833,2609,1
12930,833,2940,1
12931,834,1324,1
12932,834,3261,1
12933,834,3950,1
12934,834,3998,1
12935,835,1407,1
12936,835,1516,1
12937,835,1747,1
12938,835,1984,1
12939,835,2040,1
12940,835,2596,1
12941,835,2676,1
12942,835,3354,1
12943,835,3853,1
12944,835,3977,1
12945,835,4829,1
12946,836,937,1
12947,836,1109,1
12948,836,1343,1
12949,836,3133,1
12950,837,957,1
12951,837,2491,1
12952,837,2736,1
12953,837,3249,1
12954,837,3381,1
12955,837,4472,1
12956,837,4682,1
12957,837,4777,1
12958,838,1084,1
12959,838,1269,1
12960,838,4465,1
12961,839,970,1
12962,839,1075,1
12963,839,2651,1
12964,839,3644,1
12965,839,3765,1
12966,840,1349,1
12967,840,2688,1
12968,840,4067,1
12969,841,1900,1
12970,841,2148,1
12971,842,952,1
12972,842,959,1
12973,842,1099,1
12974,842,1299,1
12975,842,1351,1
12976,842,1382,1
12977,842,1667,1
12978,842,1907,1
12979,842,1956,1
12980,842,2206,1
12981,842,2222,1
12982,842,2612,1
12983,842,3225,1
12984,842,3436,1
12985,842,3893,1
12986,842,4105,1
12987,842,4810,1
12988,843,1479,1
12989,843,3407,1
12990,843,4359,1
12991,844,1024,1
12992,844,1135,1
12993,844,1334,1
12994,844,2634,1
12995,844,3174,1
12996,844,3676,1
12997,845,1828,1
12998,845,2113,1
12999,845,3066,1
13000,846,1066,1
13001,846,1656,1
13002,846,1728,1
13003,846,1969,1
13004,846,2753,1
13005,846,2926,1
13006,846,3258,1
13007,846,3836,1
13008,846,4915,1
13009,847,1049,1
13010,847,1146,1
13011,847,1944,1
13012,847,2865,1
13013,847,3005,1
13014,847,3162,1
13015,847,4221,1
13016,847,4579,1
13017,848,1702,1
13018,848,1878,1
13019,848,2043,1
13020,848,2595,1
13021,848,3909,1
13022,848,4169,1
13023,849,1090,1
13024,849,1383,1
13025,849,1878,1
13026,849,2329,1
13027,849,2594,1
13028,849,3382,1
13029,849,3746,1
13030,850,890,1
13031,850,1306,1
13032,850,1346,1
13033,850,2311,1
13034,850,2359,1
13035,850,2757,1
13036,850,2900,1
13037,850,2949,1
13038,850,3493,1
13039,850,4989,1
13040,851,962,1
13041,851,2381,1
13042,851,2895,1
13043,851,4187,1
13044,851,4536,1
13045,851,4864,1
13046,851,4977,1
13047,852,986,1
13048,852,1319,1
13049,852,2187,1
13050,852,2222,1
13051,852,2650,1
13052,852,3857,1
13053,852,4333,1
13054,852,4371,1
13055,853,994,1
13056,853,1433,1
13057,853,1472,1
13058,853,1792,1
13059,853,2235,1
13060,853,3404,1
13061,853,4722,1
13062,853,4846,1
13063,853,4895,1
13064,854,1365,1
13065,854,1685,1
13066,854,3224,1
13067,854,3335,1
13068,854,4041,1
13069,854,4097,1
13070,855,876,1
13071,855,1180,1
13072,855,1401,1
13073,855,1778,1
13074,855,2290,1
13075,855,2976,1
13076,855,3357,1
13077,855,3514,1
13078,855,3662,1
13079,855,4353,1
13080,855,4570,1
13081,855,4624,1
13082,856,1510,1
13083,856,1694,1
13084,856,3321,1
13085,856,3962,1
13086,857,1060,1
13087,857,1191,1
13088,857,2262,1
13089,857,3278,1
13090,858,1873,1
13091,858,4888,1
13092,859,2831,1
13093,859,3583,1
13094,859,3763,1
13095,860,1102,1
13096,860,1211,1
13097,860,1509,1
13098,860,3299,1
13099,860,4590,1
13100,861,1232,1
13101,861,1362,1
13102,861,1432,1
13103,861,1454,1
13104,861,2305,1
13105,861,2639,1
13106,861,2750,1
13107,861,3022,1
13108,861,3173,1
13109,861,3704,1
13110,861,4168,1
13111,861,4502,1
13112,862,1058,1
13113,862,2011,1
13114,862,4651,1
13115,862,4922,1
13116,863,1516,1
13117,864,1381,1
13118,864,1600,1
13119,864,1797,1
13120,864,1823,1
13121,864,2003,1
13122,864,3929,1
13123,865,998,1
13124,865,1094,1
13125,865,1363,1
13126,865,1442,1
13127,865,1604,1
13128,865,1854,1
13129,865,1943,1
13130,865,2017,1
13131,865,2625,1
13132,865,3160,1
13133,865,3276,1
13134,865,3448,1
13135,865,3765,1
13136,865,4034,1
13137,865,4253,1
13138,866,1309,1
13139,866,2386,1
13140,866,2428,1
13141,866,2724,1
13142,866,2737,1
13143,866,3507,1
13144,866,3546,1
13145,867,1008,1
13146,867,2764,1
13147,867,2943,1
13148,867,3594,1
13149,868,2976,1
13150,868,4127,1
13151,869,1395,1
13152,869,1412,1
13153,869,1478,1
13154,869,2276,1
13155,869,3493,1
13156,869,3501,1
13157,869,3684,1
13158,869,4827,1
13159,870,1443,1
13160,870,1487,1
13161,870,1928,1
13162,870,2102,1
13163,870,2192,1
13164,870,2193,1
13165,870,3500,1
13166,870,3727,1
13167,870,3955,1
13168,870,4855,1
13169,871,950,1
13170,871,987,1
13171,872,1982,1
13172,872,1997,1
13173,872,2036,1
13174,872,3324,1
13175,872,3329,1
13176,872,3622,1
13177,872,4188,1
13178,872,4725,1
13179,872,4931,1
13180,873,988,1
13181,873,1111,1
13182,873,1256,1
13183,873,2068,1
13184,873,2564,1
13185,873,2597,1
13186,873,3028,1
13187,873,3309,1
13188,873,3766,1
13189,873,3768,1
13190,874,1960,1
13191,874,4058,1
13192,875,983,1
13193,875,1114,1
13194,875,1129,1
13195,875,1233,1
13196,875,1564,1
13197,875,1650,1
13198,875,2527,1
13199,875,2658,1
13200,875,3370,1
13201,875,3472,1
13202,875,3926,1
13203,875,4287,1
13204,875,4349,1
13205,876,3266,1
13206,876,3272,1
13207,876,4591,1
13208,877,920,1
13209,877,1926,1
13210,877,4857,1
13211,878,1276,1
13212,878,1542,1
13213,878,2924,1
13214,878,3020,1
13215,878,3301,1
13216,878,4217,1
13217,879,994,1
13218,879,1662,1
13219,879,1665,1
13220,879,1710,1
13221,879,1773,1
13222,879,1795,1
13223,879,1910,1
13224,879,3217,1
13225,879,4579,1
13226,880,1003,1
13227,880,1017,1
13228,880,1400,1
13229,880,1883,1
13230,880,2177,1
13231,880,2363,1
13232,880,2460,1
13233,880,2734,1
13234,880,3542,1
13235,880,4820,1
13236,882,1087,1
13237,882,1208,1
13238,882,1713,1
13239,882,2824,1
13240,882,2872,1
13241,882,2988,1
13242,882,3099,1
13243,882,3129,1
13244,882,3234,1
13245,882,3329,1
13246,882,3639,1
13247,882,4343,1
13248,883,1042,1
13249,884,1231,1
13250,884,1470,1
13251,884,1499,1
13252,884,3330,1
13253,884,4030,1
13254,884,4062,1
13255,884,4585,1
13256,884,4867,1
13257,885,2771,1
13258,885,3393,1
13259,885,3430,1
13260,885,3564,1
13261,885,3986,1
13262,885,4238,1
13263,885,4365,1
13264,886,1513,1
13265,886,1596,1
13266,886,2078,1
13267,886,3601,1
13268,887,899,1
13269,887,1994,1
13270,887,2021,1
13271,887,2246,1
13272,887,3003,1
13273,887,3894,1
13274,887,4754,1
13275,888,1052,1
13276,888,1366,1
13277,888,1681,1
13278,888,1785,1
13279,888,1812,1
13280,888,2240,1
13281,888,2241,1
13282,888,2291,1
13283,888,2461,1
13284,888,3945,1
13285,888,4093,1
13286,889,1044,1
13287,889,1890,1
13288,889,2071,1
13289,889,2301,1
13290,889,2956,1
13291,889,3238,1
13292,889,3281,1
13293,889,3605,1
13294,889,3721,1
13295,889,3944,1
13296,890,2826,1
13297,890,3832,1
13298,890,3913,1
13299,890,4046,1
13300,890,4706,1
13301,891,1867,1
13302,891,2067,1
13303,891,2164,1
13304,891,2553,1
13305,891,2605,1
13306,891,2616,1
13307,891,3845,1
13308,891,4116,1
13309,891,4388,1
13310,892,1202,1
13311,892,1754,1
13312,892,3043,1
13313,892,4302,1
13314,893,1645,1
13315,893,3277,1
13316,894,1044,1
13317,894,1233,1
13318,894,1366,1
13319,894,2043,1
13320,894,4059,1
13321,894,4498,1
13322,895,1186,1
13323,895,1240,1
13324,895,1297,1
13325,895,1446,1
13326,895,1548,1
13327,895,2995,1
13328,895,3114,1
13329,895,3138,1
13330,895,3334,1
13331,895,4916,1
13332,896,1092,1
13333,896,3162,1
13334,896,4165,1
13335,897,2392,1
13336,897,2865,1
13337,897,4476,1
13338,898,915,1
13339,898,1527,1
13340,898,1572,1
13341,898,3846,1
13342,899,1410,1
13343,899,1460,1
13344,899,1522,1
13345,899,2533,1
13346,899,2924,1
13347,899,2966,1
13348,899,3118,1
13349,899,3573,1
13350,899,3708,1
13351,899,4354,1
13352,900,1097,1
13353,900,3230,1
13354,901,3476,1
13355,902,1817,1
13356,902,1961,1
13357,902,3015,1
13358,902,3475,1
13359,902,4409,1
13360,902,4965,1
13361,903,2850,1
13362,903,2936,1
13363,904,1436,1
13364,904,1469,1
13365,904,1892,1
13366,904,2503,1
13367,904,4249,1
13368,904,4393,1
13369,905,1774,1
13370,905,2019,1
13371,905,2603,1
13372,905,2743,1
13373,905,3793,1
13374,905,4315,1
13375,906,1884,1
13376,906,3256,1
13377,907,911,1
13378,907,2482,1
13379,907,2736,1
13380,907,3559,1
13381,908,1046,1
13382,908,2391,1
13383,908,3692,1
13384,909,1494,1
13385,909,2048,1
13386,909,2087,1
13387,909,3204,1
13388,909,4387,1
13389,909,4872,1
13390,910,943,1
13391,910,996,1
13392,910,1445,1
13393,910,2461,1
13394,910,2771,1
13395,910,3183,1
13396,910,3258,1
13397,910,3645,1
13398,910,4577,1
13399,911,2462,1
13400,911,2699,1
13401,911,3427,1
13402,912,920,1
13403,912,930,1
13404,912,1018,1
13405,912,1822,1
13406,912,2368,1
13407,912,2933,1
13408,912,3393,1
13409,912,3791,1
13410,912,3900,1
13411,912,3997,1
13412,913,1108,1
13413,913,1631,1
13414,913,1881,1
13415,913,3622,1
13416,913,4696,1
13417,913,4970,1
13418,914,1420,1
13419,914,2089,1
13420,914,2717,1
13421,914,4588,1
13422,915,961,1
13423,915,1616,1
13424,915,1709,1
13425,917,1040,1
13426,917,2229,1
13427,917,2566,1
13428,917,2866,1
13429,917,3753,1
13430,917,4149,1
13431,918,1803,1
13432,918,1885,1
13433,918,2638,1
13434,918,2664,1
13435,918,2811,1
13436,918,3102,1
13437,918,3565,1
13438,918,3683,1
13439,918,4289,1
13440,918,4451,1
13441,919,1789,1
13442,919,1988,1
13443,919,2004,1
13444,919,2134,1
13445,919,3503,1
13446,919,4177,1
13447,919,4194,1
13448,920,969,1
13449,920,2139,1
13450,920,2316,1
13451,920,3011,1
13452,921,1250,1
13453,921,1406,1
13454,921,1619,1
13455,921,2843,1
13456,921,3348,1
13457,922,1325,1
13458,922,2875,1
13459,922,2973,1
13460,922,3012,1
13461,922,3668,1
13462,922,4455,1
13463,923,1853,1
13464,923,4189,1
13465,924,1337,1
13466,924,1684,1
13467,924,1940,1
13468,924,2036,1
13469,924,3188,1
13470,924,3533,1
13471,924,4684,1
13472,925,1289,1
13473,926,1913,1
13474,927,1473,1
13475,927,1954,1
13476,927,1980,1
13477,927,2179,1
13478,927,3299,1
13479,927,3761,1
13480,928,1992,1
13481,928,2362,1
13482,928,2970,1
13483,928,3623,1
13484,928,4123,1
13485,928,4349,1
13486,929,939,1
13487,929,2113,1
13488,929,2450,1
13489,929,3141,1
13490,930,2031,1
13491,930,2913,1
13492,931,2090,1
13493,931,4019,1
13494,931,4654,1
13495,932,958,1
13496,932,1128,1
13497,932,1477,1
13498,932,2034,1
13499,932,2312,1
13500,932,2385,1
13501,932,2616,1
13502,932,3360,1
13503,932,3671,1
13504,932,3861,1
13505,932,4151,1
13506,932,4584,1
13507,933,1581,1
13508,933,3850,1
13509,933,4047,1
13510,933,4807,1
13511,934,1267,1
13512,934,1627,1
13513,934,2579,1
13514,934,3537,1
13515,934,3706,1
13516,934,4392,1
13517,935,1519,1
13518,935,1573,1
13519,935,1776,1
13520,935,4720,1
13521,936,973,1
13522,936,1218,1
13523,936,1283,1
13524,936,1441,1
13525,936,1539,1
13526,936,1600,1
13527,936,2091,1
13528,936,2660,1
13529,936,2959,1
13530,936,3384,1
13531,936,3467,1
13532,936,4350,1
13533,937,1012,1
13534,937,1141,1
13535,937,1815,1
13536,937,1936,1
13537,938,1933,1
13538,938,2901,1
13539,938,3298,1
13540,938,4101,1
13541,938,4759,1
13542,939,948,1
13543,939,1237,1
13544,939,1387,1
13545,939,1426,1
13546,939,1470,1
13547,939,1676,1
13548,939,1821,1
13549,939,1917,1
13550,939,2278,1
13551,939,2523,1
13552,939,3058,1
13553,939,3600,1
13554,939,4506,1
13555,939,4587,1
13556,939,4876,1
13557,940,1136,1
13558,940,1159,1
13559,940,1420,1
13560,940,1431,1
13561,940,1473,1
13562,940,1666,1
13563,940,3481,1
13564,941,3575,1
13565,942,1307,1
13566,942,2207,1
13567,942,3204,1
13568,942,4781,1
13569,943,1112,1
13570,943,2830,1
13571,944,951,1
13572,944,1342,1
13573,944,1708,1
13574,944,1796,1
13575,944,2126,1
13576,944,3191,1
13577,944,3500,1
13578,944,3685,1
13579,944,3802,1
13580,944,4787,1
13581,945,1014,1
13582,945,1735,1
13583,945,1762,1
13584,945,1939,1
13585,945,3193,1
13586,945,4160,1
13587,945,4616,1
13588,946,2447,1
13589,946,3698,1
13590,946,4542,1
13591,946,4596,1
13592,947,1263,1
13593,947,1313,1
13594,947,1564,1
13595,947,2521,1
13596,947,3601,1
13597,948,1198,1
13598,948,1315,1
13599,948,1368,1
13600,948,3201,1
13601,948,3550,1
13602,949,2399,1
13603,949,2604,1
13604,949,4162,1
13605,950,955,1
13606,950,1517,1
13607,950,1638,1
13608,950,1874,1
13609,950,2413,1
13610,950,2476,1
13611,950,3063,1
13612,950,3199,1
13613,950,4251,1
13614,951,1850,1
13615,951,2167,1
13616,951,3328,1
13617,951,3653,1
13618,952,2449,1
13619,952,2515,1
13620,952,3188,1
13621,952,4428,1
13622,953,1016,1
13623,953,1178,1
13624,953,3621,1
13625,954,1748,1
13626,954,1797,1
13627,954,2633,1
13628,955,1731,1
13629,955,1941,1
13630,955,2287,1
13631,955,2435,1
13632,955,2479,1
13633,955,2502,1
13634,955,2584,1
13635,955,2773,1
13636,955,2995,1
13637,955,3574,1
13638,955,3733,1
13639,955,3822,1
13640,955,4412,1
13641,956,1491,1
13642,956,2073,1
13643,956,2122,1
13644,956,2383,1
13645,957,1110,1
13646,957,1111,1
13647,957,2384,1
13648,957,2643,1
13649,957,2711,1
13650,958,1235,1
13651,958,1907,1
13652,958,4377,1
13653,959,1059,1
13654,959,1107,1
13655,959,1134,1
13656,959,1450,1
13657,959,2562,1
13658,959,2689,1
13659,959,3706,1
13660,959,4346,1
13661,960,966,1
13662,960,1009,1
13663,960,1208,1
13664,960,1833,1
13665,960,3733,1
13666,962,1052,1
13667,962,1206,1
13668,962,1395,1
13669,962,1963,1
13670,962,2817,1
13671,963,3532,1
13672,963,4275,1
13673,964,1131,1
13674,964,2094,1
13675,964,2501,1
13676,964,2543,1
13677,964,2754,1
13678,964,2927,1
13679,964,4130,1
13680,964,4693,1
13681,964,4739,1
13682,965,1034,1
13683,965,1815,1
13684,965,1950,1
13685,965,3814,1
13686,965,4737,1
13687,965,4870,1
13688,965,4975,1
13689,966,1619,1
13690,966,1883,1
13691,966,2539,1
13692,966,3329,1
13693,966,3495,1
13694,967,3372,1
13695,967,3744,1
13696,968,1066,1
13697,968,3207,1
13698,968,3382,1
13699,969,1662,1
13700,969,2303,1
13701,969,4744,1
13702,970,1825,1
13703,970,2483,1
13704,970,2660,1
13705,971,2306,1
13706,971,2534,1
13707,971,2550,1
13708,971,2955,1
13709,971,3436,1
13710,971,4891,1
13711,972,1159,1
13712,972,2030,1
13713,972,2221,1
13714,972,2229,1
13715,972,2588,1
13716,972,2663,1
13717,972,2672,1
13718,972,3569,1
13719,972,3635,1
13720,972,4117,1
13721,972,4175,1
13722,973,1553,1
13723,973,3559,1
13724,974,1240,1
13725,974,1325,1
13726,974,2802,1
13727,974,3522,1
13728,974,3743,1
13729,974,4516,1
13730,975,1273,1
13731,975,1501,1
13732,975,1725,1
13733,975,2825,1
13734,975,3304,1
13735,975,3643,1
13736,975,3929,1
13737,976,4366,1
13738,977,2302,1
13739,977,4984,1
13740,978,3561,1
13741,979,1465,1
13742,979,2504,1
13743,979,4153,1
13744,979,4294,1
13745,979,4619,1
13746,980,1339,1
13747,980,1735,1
13748,980,1761,1
13749,980,3336,1
13750,980,4900,1
13751,981,1065,1
13752,981,1288,1
13753,981,1400,1
13754,981,1447,1
13755,981,1619,1
13756,981,2714,1
13757,981,3646,1
13758,981,4011,1
13759,981,4315,1
13760,981,4596,1
13761,981,4637,1
13762,981,4670,1
13763,981,4789,1
13764,982,1326,1
13765,982,1544,1
13766,982,2468,1
13767,982,2603,1
13768,982,3332,1
13769,982,4086,1
13770,982,4206,1
13771,982,4722,1
13772,984,2480,1
13773,984,4938,1
13774,985,1569,1
13775,985,1672,1
13776,985,1676,1
13777,986,1897,1
13778,986,2648,1
13779,986,3711,1
13780,987,1386,1
13781,987,2300,1
13782,987,3278,1
13783,987,3859,1
13784,988,1207,1
13785,988,1701,1
13786,988,1859,1
13787,988,2147,1
13788,988,2306,1
13789,988,2492,1
13790,988,2923,1
13791,988,2930,1
13792,988,2932,1
13793,988,2944,1
13794,988,2991,1
13795,988,3386,1
13796,988,3679,1
13797,988,3721,1
13798,988,3905,1
13799,988,4002,1
13800,988,4405,1
13801,989,1393,1
13802,989,3554,1
13803,990,1229,1
13804,990,1414,1
13805,990,1460,1
13806,990,1489,1
13807,990,1558,1
13808,990,1580,1
13809,990,2039,1
13810,990,2218,1
13811,990,2232,1
13812,990,2523,1
13813,990,2598,1
13814,990,2892,1
13815,990,3145,1
13816,990,3821,1
13817,990,4138,1
13818,990,4908,1
13819,991,1540,1
13820,991,1627,1
13821,991,1630,1
13822,991,1955,1
13823,991,2651,1
13824,991,3284,1
13825,991,3555,1
13826,991,3843,1
13827,992,1859,1
13828,992,2507,1
13829,992,2734,1
13830,993,1207,1
13831,993,1486,1
13832,993,2122,1
13833,993,4427,1
13834,993,4849,1
13835,994,1091,1
13836,994,1095,1
13837,994,1243,1
13838,994,1275,1
13839,994,1311,1
13840,994,1508,1
13841,994,1574,1
13842,994,1590,1
13843,994,2343,1
13844,994,2477,1
13845,994,2685,1
13846,994,2890,1
13847,994,3597,1
13848,994,4201,1
13849,994,4206,1
13850,994,4740,1
13851,994,4957,1
13852,996,1334,1
13853,996,1361,1
13854,996,2605,1
13855,996,4214,1
13856,996,4714,1
13857,997,1445,1
13858,997,1533,1
13859,997,1900,1
13860,997,2055,1
13861,997,2114,1
13862,997,2115,1
13863,997,2411,1
13864,997,4171,1
13865,997,4195,1
13866,997,4487,1
13867,997,4847,1
13868,998,1067,1
13869,998,1791,1
13870,998,1873,1
13871,998,2028,1
13872,998,2200,1
13873,998,2419,1
13874,998,2817,1
13875,998,2820,1
13876,998,3030,1
13877,998,3035,1
13878,998,3125,1
13879,998,3243,1
13880,998,3424,1
13881,998,3534,1
13882,998,3795,1
13883,998,3893,1
13884,998,4168,1
13885,999,1137,1
13886,999,1144,1
13887,999,1435,1
13888,999,1550,1
13889,999,1575,1
13890,999,1977,1
13891,999,1978,1
13892,999,3139,1
13893,999,3353,1
13894,999,3378,1
13895,999,4002,1
13896,999,4208,1
13897,999,4473,1
13898,1000,1151,1
13899,1000,1301,1
13900,1000,1343,1
13901,1000,1512,1
13902,1000,2282,1
13903,1000,3530,1
13904,1001,1562,1
13905,1001,1595,1
13906,1001,3586,1
13907,1002,2101,1
13908,1002,3602,1
13909,1002,4186,1
13910,1003,1690,1
13911,1003,1918,1
13912,1003,3308,1
13913,1003,3425,1
13914,1003,4991,1
13915,1004,1094,1
13916,1004,1194,1
13917,1004,3166,1
13918,1004,3205,1
13919,1004,3730,1
13920,1005,2280,1
13921,1006,1344,1
13922,1006,1468,1
13923,1006,1555,1
13924,1006,1847,1
13925,1006,2577,1
13926,1006,3023,1
13927,1006,3053,1
13928,1006,4315,1
13929,1006,4464,1
13930,1006,4712,1
13931,1007,1532,1
13932,1007,1554,1
13933,1007,1942,1
13934,1007,2107,1
13935,1007,2174,1
13936,1007,2385,1
13937,1007,3790,1
13938,1007,4230,1
13939,1007,4997,1
13940,1008,1035,1
13941,1008,1142,1
13942,1008,1773,1
13943,1008,1942,1
13944,1008,2558,1
13945,1008,3224,1
13946,1008,3385,1
13947,1008,3517,1
13948,1008,4288,1
13949,1008,4844,1
13950,1008,4948,1
13951,1009,1404,1
13952,1009,2435,1
13953,1009,2466,1
13954,1009,2895,1
13955,1009,3009,1
13956,1009,3805,1
13957,1009,4922,1
13958,1010,1242,1
13959,1010,1405,1
13960,1010,1458,1
13961,1010,3190,1
13962,1010,3866,1
13963,1011,1583,1
13964,1011,2020,1
13965,1011,2341,1
13966,1012,1580,1
13967,1012,2807,1
13968,1012,3466,1
13969,1012,3902,1
13970,1013,3267,1
13971,1013,3369,1
13972,1013,4707,1
13973,1014,1073,1
13974,1014,1164,1
13975,1014,1372,1
13976,1014,1457,1
13977,1014,1985,1
13978,1014,2421,1
13979,1014,2874,1
13980,1014,3140,1
13981,1014,3498,1
13982,1014,3679,1
13983,1014,3746,1
13984,1015,1200,1
13985,1015,4011,1
13986,1015,4403,1
13987,1016,1098,1
13988,1016,1142,1
13989,1016,1232,1
13990,1016,1345,1
13991,1016,1351,1
13992,1016,1368,1
13993,1016,1504,1
13994,1016,1749,1
13995,1016,2109,1
13996,1016,3205,1
13997,1016,3364,1
13998,1016,3593,1
13999,1016,4000,1
14000,1017,2077,1
14001,1018,1240,1
14002,1018,2369,1
14003,1018,2440,1
14004,1018,2767,1
14005,1018,3240,1
14006,1018,3709,1
14007,1018,3898,1
14008,1019,1881,1
14009,1019,1971,1
14010,1019,2633,1
14011,1019,2887,1
14012,1019,3120,1
14013,1019,3279,1
14014,1019,3421,1
14015,1019,3763,1
14016,1020,2093,1
14017,1020,2201,1
14018,1020,2471,1
14019,1020,2863,1
14020,1020,4971,1
14021,1021,1476,1
14022,1021,3080,1
14023,1021,4818,1
14024,1022,1073,1
14025,1022,2211,1
14026,1022,4874,1
14027,1023,1035,1
14028,1023,1126,1
14029,1023,3049,1
14030,1023,3902,1
14031,1023,4151,1
14032,1023,4224,1
14033,1024,1256,1
14034,1024,1785,1
14035,1024,2606,1
14036,1024,3407,1
14037,1025,1042,1
14038,1025,1151,1
14039,1025,1394,1
14040,1025,1647,1
14041,1025,2130,1
14042,1025,2604,1
14043,1025,3936,1
14044,1025,4139,1
14045,1026,1193,1
14046,1026,1675,1
14047,1026,1919,1
14048,1026,2052,1
14049,1026,3256,1
14050,1026,4437,1
14051,1027,3399,1
14052,1028,1066,1
14053,1028,2955,1
14054,1028,3403,1
14055,1028,3735,1
14056,1029,1582,1
14057,1029,1694,1
14058,1029,2060,1
14059,1029,2277,1
14060,1029,3903,1
14061,1030,1390,1
14062,1030,1634,1
14063,1030,1904,1
14064,1030,2195,1
14065,1030,3243,1
14066,1030,3798,1
14067,1030,3849,1
14068,1030,4664,1
14069,1030,4779,1
14070,1030,4913,1
14071,1031,1230,1
14072,1031,1492,1
14073,1031,1523,1
14074,1031,2065,1
14075,1031,2141,1
14076,1031,2207,1
14077,1031,2308,1
14078,1032,1307,1
14079,1032,1724,1
14080,1032,1748,1
14081,1032,1794,1
14082,1032,2239,1
14083,1032,3529,1
14084,1032,3972,1
14085,1033,1528,1
14086,1033,1614,1
14087,1033,2943,1
14088,1033,3567,1
14089,1033,3942,1
14090,1033,4384,1
14091,1033,4601,1
14092,1033,4869,1
14093,1034,2557,1
14094,1034,2670,1
14095,1035,1432,1
14096,1035,3078,1
14097,1035,3336,1
14098,1035,4130,1
14099,1036,1048,1
14100,1036,1175,1
14101,1036,1958,1
14102,1036,2347,1
14103,1036,2941,1
14104,1036,2948,1
14105,1036,3477,1
14106,1036,4017,1
14107,1036,4479,1
14108,1037,4005,1
14109,1038,1213,1
14110,1038,1746,1
14111,1038,2071,1
14112,1038,3469,1
14113,1038,4145,1
14114,1039,1111,1
14115,1039,1195,1
14116,1039,1825,1
14117,1039,2392,1
14118,1039,2777,1
14119,1039,2924,1
14120,1040,2028,1
14121,1040,4189,1
14122,1041,1153,1
14123,1041,1429,1
14124,1042,2571,1
14125,1042,2711,1
14126,1042,3551,1
14127,1042,4188,1
14128,1042,4539,1
14129,1043,1139,1
14130,1043,1242,1
14131,1043,1665,1
14132,1043,2085,1
14133,1043,3003,1
14134,1043,3251,1
14135,1043,3991,1
14136,1043,4438,1
14137,1044,1845,1
14138,1044,2021,1
14139,1044,4206,1
14140,1044,4255,1
14141,1044,4488,1
14142,1045,2387,1
14143,1045,2745,1
14144,1046,1224,1
14145,1046,1341,1
14146,1046,1579,1
14147,1046,2236,1
14148,1046,2451,1
14149,1046,4435,1
14150,1046,4747,1
14151,1047,1147,1
14152,1047,1340,1
14153,1047,1369,1
14154,1047,1624,1
14155,1047,1659,1
14156,1048,2898,1
14157,1049,1263,1
14158,1049,1462,1
14159,1049,1613,1
14160,1049,2535,1
14161,1049,2580,1
14162,1049,2637,1
14163,1049,4395,1
14164,1049,4660,1
14165,1049,4766,1
14166,1049,4870,1
14167,1050,3686,1
14168,1050,3810,1
14169,1051,2617,1
14170,1052,1693,1
14171,1052,2047,1
14172,1052,2519,1
14173,1052,4143,1
14174,1052,4193,1
14175,1052,4341,1
14176,1053,1695,1
14177,1054,3133,1
14178,1054,3632,1
14179,1054,3975,1
14180,1054,4614,1
14181,1055,3999,1
14182,1056,1779,1
14183,1056,2409,1
14184,1056,2516,1
14185,1056,3691,1
14186,1056,4067,1
14187,1056,4818,1
14188,1057,1208,1
14189,1057,1226,1
14190,1057,1233,1
14191,1057,2007,1
14192,1057,2842,1
14193,1057,4593,1
14194,1058,3506,1
14195,1058,4026,1
14196,1058,4576,1
14197,1059,1450,1
14198,1059,1812,1
14199,1059,1897,1
14200,1059,2199,1
14201,1059,2326,1
14202,1059,3060,1
14203,1059,3877,1
14204,1060,2947,1
14205,1060,3229,1
14206,1060,4897,1
14207,1061,1878,1
14208,1061,3011,1
14209,1061,3045,1
14210,1061,3089,1
14211,1061,3238,1
14212,1061,3633,1
14213,1061,4087,1
14214,1061,4481,1
14215,1061,4501,1
14216,1061,4680,1
14217,1062,1816,1
14218,1062,1987,1
14219,1062,2876,1
14220,1062,3222,1
14221,1062,3314,1
14222,1062,3437,1
14223,1062,3557,1
14224,1062,3800,1
14225,1062,3987,1
14226,1062,4441,1
14227,1062,4674,1
14228,1064,1170,1
14229,1064,2381,1
14230,1064,2798,1
14231,1064,3340,1
14232,1064,3813,1
14233,1064,3836,1
14234,1064,3913,1
14235,1065,1174,1
14236,1065,1314,1
14237,1066,2273,1
14238,1066,3061,1
14239,1066,3207,1
14240,1066,3431,1
14241,1066,3822,1
14242,1067,1597,1
14243,1067,1705,1
14244,1067,2094,1
14245,1067,3032,1
14246,1067,3955,1
14247,1068,2376,1
14248,1068,2856,1
14249,1068,4109,1
14250,1069,1679,1
14251,1069,2835,1
14252,1069,4534,1
14253,1070,1370,1
14254,1070,2857,1
14255,1070,4226,1
14256,1070,4734,1
14257,1071,1307,1
14258,1071,1712,1
14259,1071,2886,1
14260,1071,3530,1
14261,1072,1486,1
14262,1072,1690,1
14263,1072,2070,1
14264,1072,2104,1
14265,1073,1570,1
14266,1073,2520,1
14267,1074,2103,1
14268,1074,2895,1
14269,1074,3473,1
14270,1074,3839,1
14271,1075,1218,1
14272,1075,2264,1
14273,1075,2434,1
14274,1075,3158,1
14275,1075,3624,1
14276,1075,4356,1
14277,1076,1228,1
14278,1076,4077,1
14279,1077,1116,1
14280,1077,1454,1
14281,1077,1457,1
14282,1077,1669,1
14283,1077,1993,1
14284,1077,2144,1
14285,1077,2329,1
14286,1077,2417,1
14287,1077,2747,1
14288,1077,2818,1
14289,1077,3030,1
14290,1077,3373,1
14291,1077,3609,1
14292,1077,4041,1
14293,1077,4239,1
14294,1077,4815,1
14295,1079,3245,1
14296,1079,3373,1
14297,1079,4663,1
14298,1079,4734,1
14299,1080,1860,1
14300,1080,3612,1
14301,1080,4816,1
14302,1081,1118,1
14303,1081,1264,1
14304,1081,2518,1
14305,1081,2522,1
14306,1081,3053,1
14307,1081,3176,1
14308,1081,3435,1
14309,1081,4423,1
14310,1082,1335,1
14311,1082,1728,1
14312,1082,2024,1
14313,1082,2068,1
14314,1082,3956,1
14315,1082,4629,1
14316,1083,1982,1
14317,1083,2302,1
14318,1084,1481,1
14319,1084,2375,1
14320,1084,3013,1
14321,1084,4108,1
14322,1084,4243,1
14323,1084,4817,1
14324,1085,1606,1
14325,1085,2994,1
14326,1085,4366,1
14327,1086,1261,1
14328,1086,1262,1
14329,1086,2846,1
14330,1086,3203,1
14331,1086,4685,1
14332,1086,4853,1
14333,1087,1412,1
14334,1088,1122,1
14335,1088,1169,1
14336,1088,1293,1
14337,1088,2372,1
14338,1088,2408,1
14339,1088,2478,1
14340,1088,2545,1
14341,1088,2695,1
14342,1088,2758,1
14343,1088,2796,1
14344,1088,3747,1
14345,1088,4449,1
14346,1088,4956,1
14347,1089,1687,1
14348,1089,2546,1
14349,1089,3884,1
14350,1090,1179,1
14351,1091,1283,1
14352,1091,2155,1
14353,1091,3872,1
14354,1092,1601,1
14355,1092,1986,1
14356,1092,3465,1
14357,1092,4452,1
14358,1093,1816,1
14359,1093,2509,1
14360,1093,3149,1
14361,1093,3643,1
14362,1093,4945,1
14363,1094,1639,1
14364,1094,2368,1
14365,1094,2510,1
14366,1094,2542,1
14367,1094,2551,1
14368,1094,3044,1
14369,1094,3144,1
14370,1094,3216,1
14371,1094,4973,1
14372,1095,1243,1
14373,1095,2270,1
14374,1095,2918,1
14375,1095,3315,1
14376,1095,3562,1
14377,1095,3594,1
14378,1095,3847,1
14379,1095,4030,1
14380,1095,4285,1
14381,1095,4962,1
14382,1097,1159,1
14383,1097,1380,1
14384,1097,2673,1
14385,1097,4211,1
14386,1098,1136,1
14387,1098,1424,1
14388,1098,2108,1
14389,1098,2177,1
14390,1098,2923,1
14391,1098,4416,1
14392,1099,1169,1
14393,1099,1341,1
14394,1099,2249,1
14395,1099,2366,1
14396,1099,3290,1
14397,1099,4621,1
14398,1100,2847,1
14399,1101,1137,1
14400,1101,1229,1
14401,1101,1528,1
14402,1101,1889,1
14403,1101,2083,1
14404,1101,2625,1
14405,1101,3843,1
14406,1101,4205,1
14407,1102,1845,1
14408,1102,2463,1
14409,1102,2610,1
14410,1102,3683,1
14411,1102,3771,1
14412,1103,1195,1
14413,1103,1864,1
14414,1103,2106,1
14415,1103,3349,1
14416,1103,4646,1
14417,1104,1844,1
14418,1104,3615,1
14419,1104,4097,1
14420,1104,4469,1
14421,1105,1357,1
14422,1105,2744,1
14423,1105,2837,1
14424,1105,3489,1
14425,1105,3539,1
14426,1106,1439,1
14427,1106,1542,1
14428,1106,1607,1
14429,1106,1624,1
14430,1106,1858,1
14431,1106,2057,1
14432,1106,2593,1
14433,1106,4291,1
14434,1106,4682,1
14435,1107,1228,1
14436,1107,1420,1
14437,1108,1518,1
14438,1108,2379,1
14439,1109,2378,1
14440,1109,2395,1
14441,1109,3751,1
14442,1110,1161,1
14443,1110,1684,1
14444,1110,1752,1
14445,1110,3345,1
14446,1110,4649,1
14447,1110,4658,1
14448,1111,1276,1
14449,1111,2115,1
14450,1112,3287,1
14451,1112,3777,1
14452,1112,4415,1
14453,1112,4998,1
14454,1113,2536,1
14455,1113,2943,1
14456,1113,3336,1
14457,1114,1354,1
14458,1114,1432,1
14459,1114,1769,1
14460,1114,1969,1
14461,1114,2325,1
14462,1114,2914,1
14463,1114,4166,1
14464,1115,2427,1
14465,1115,2584,1
14466,1116,1379,1
14467,1116,1415,1
14468,1116,2300,1
14469,1117,1618,1
14470,1117,3335,1
14471,1117,4278,1
14472,1118,1385,1
14473,1118,1595,1
14474,1118,3145,1
14475,1118,3431,1
14476,1118,3697,1
14477,1118,4294,1
14478,1118,4748,1
14479,1119,1671,1
14480,1119,1804,1
14481,1119,2081,1
14482,1119,2802,1
14483,1119,2914,1
14484,1120,1450,1
14485,1120,2004,1
14486,1120,2160,1
14487,1120,2304,1
14488,1121,2960,1
14489,1121,4313,1
14490,1122,2353,1
14491,1122,4837,1
14492,1123,1170,1
14493,1123,1543,1
14494,1123,1686,1
14495,1123,1903,1
14496,1123,2589,1
14497,1123,3115,1
14498,1123,3220,1
14499,1123,3588,1
14500,1123,4221,1
14501,1123,4381,1
14502,1123,4853,1
14503,1124,1473,1
14504,1124,1772,1
14505,1124,1870,1
14506,1124,3606,1
14507,1124,4202,1
14508,1124,4284,1
14509,1125,1220,1
14510,1125,2424,1
14511,1125,2580,1
14512,1125,3092,1
14513,1125,4535,1
14514,1126,1827,1
14515,1126,3483,1
14516,1127,2101,1
14517,1127,2478,1
14518,1127,2493,1
14519,1127,3641,1
14520,1127,3982,1
14521,1128,2185,1
14522,1128,2970,1
14523,1128,3057,1
14524,1128,4469,1
14525,1129,1654,1
14526,1130,1284,1
14527,1130,1287,1
14528,1130,3022,1
14529,1131,1347,1
14530,1131,1544,1
14531,1131,1855,1
14532,1131,3341,1
14533,1132,3826,1
14534,1132,4540,1
14535,1132,4737,1
14536,1133,1487,1
14537,1133,1733,1
14538,1133,2132,1
14539,1133,2197,1
14540,1133,2352,1
14541,1133,2669,1
14542,1133,2836,1
14543,1133,4455,1
14544,1133,4557,1
14545,1133,4774,1
14546,1134,4233,1
14547,1134,4305,1
14548,1135,3498,1
14549,1135,3722,1
14550,1136,3438,1
14551,1136,4586,1
14552,1136,4941,1
14553,1137,1543,1
14554,1137,1547,1
14555,1137,2088,1
14556,1137,2951,1
14557,1138,3822,1
14558,1138,3843,1
14559,1138,4400,1
14560,1140,1461,1
14561,1140,1809,1
14562,1140,1971,1
14563,1140,2455,1
14564,1140,3748,1
14565,1141,1579,1
14566,1141,2601,1
14567,1141,2723,1
14568,1141,3113,1
14569,1141,3421,1
14570,1141,3799,1
14571,1141,4389,1
14572,1142,1217,1
14573,1142,4617,1
14574,1143,1757,1
14575,1143,2066,1
14576,1143,2073,1
14577,1143,2257,1
14578,1143,2307,1
14579,1143,2872,1
14580,1143,3062,1
14581,1143,3374,1
14582,1143,4148,1
14583,1143,4778,1
14584,1143,4903,1
14585,1144,2687,1
14586,1144,2930,1
14587,1144,3397,1
14588,1144,4230,1
14589,1145,2729,1
14590,1145,3473,1
14591,1145,3846,1
14592,1145,4051,1
14593,1145,4904,1
14594,1146,2232,1
14595,1146,2286,1
14596,1146,2686,1
14597,1146,2816,1
14598,1146,3422,1
14599,1147,1413,1
14600,1147,2678,1
14601,1147,3324,1
14602,1147,3418,1
14603,1147,4715,1
14604,1147,4871,1
14605,1148,2217,1
14606,1148,4105,1
14607,1149,1767,1
14608,1149,1968,1
14609,1149,2613,1
14610,1149,2916,1
14611,1150,1668,1
14612,1150,3058,1
14613,1151,1879,1
14614,1151,2458,1
14615,1151,3078,1
14616,1151,3272,1
14617,1151,4246,1
14618,1151,4327,1
14619,1152,1585,1
14620,1152,2062,1
14621,1152,2070,1
14622,1152,2459,1
14623,1152,4496,1
14624,1152,4606,1
14625,1153,1320,1
14626,1153,1820,1
14627,1153,2473,1
14628,1154,4122,1
14629,1155,1189,1
14630,1155,1305,1
14631,1155,1467,1
14632,1155,2119,1
14633,1155,2886,1
14634,1155,2991,1
14635,1155,4328,1
14636,1156,1321,1
14637,1156,3499,1
14638,1156,3604,1
14639,1157,1372,1
14640,1158,2151,1
14641,1158,2657,1
14642,1158,4138,1
14643,1159,1352,1
14644,1159,1500,1
14645,1159,1596,1
14646,1159,1643,1
14647,1159,2229,1
14648,1159,2580,1
14649,1159,2615,1
14650,1159,2713,1
14651,1159,3323,1
14652,1159,3338,1
14653,1159,3809,1
14654,1159,3973,1
14655,1159,4490,1
14656,1159,4801,1
14657,1159,4914,1
14658,1160,3375,1
14659,1160,4003,1
14660,1161,1324,1
14661,1161,1547,1
14662,1161,1716,1
14663,1161,1926,1
14664,1161,2644,1
14665,1161,4866,1
14666,1162,1626,1
14667,1162,2048,1
14668,1162,2171,1
14669,1162,2484,1
14670,1162,2497,1
14671,1162,3254,1
14672,1162,4929,1
14673,1163,1654,1
14674,1164,1666,1
14675,1164,2694,1
14676,1164,3946,1
14677,1165,2215,1
14678,1165,4335,1
14679,1166,2481,1
14680,1166,3553,1
14681,1167,1515,1
14682,1168,3245,1
14683,1169,2523,1
14684,1169,2588,1
14685,1170,2127,1
14686,1170,2264,1
14687,1170,2986,1
14688,1170,3093,1
14689,1170,3585,1
14690,1172,1487,1
14691,1172,1518,1
14692,1172,1631,1
14693,1172,1750,1
14694,1172,1872,1
14695,1172,2016,1
14696,1172,2063,1
14697,1172,2477,1
14698,1172,2903,1
14699,1172,4120,1
14700,1172,4946,1
14701,1173,1531,1
14702,1173,2351,1
14703,1173,2778,1
14704,1174,2166,1
14705,1174,2680,1
14706,1174,4401,1
14707,1175,1551,1
14708,1175,2150,1
14709,1175,2291,1
14710,1175,3211,1
14711,1175,4447,1
14712,1175,4479,1
14713,1176,1566,1
14714,1176,1831,1
14715,1176,2490,1
14716,1176,2817,1
14717,1176,3485,1
14718,1176,3519,1
14719,1176,3871,1
14720,1176,4007,1
14721,1177,1771,1
14722,1177,4823,1
14723,1178,1231,1
14724,1178,1702,1
14725,1178,3031,1
14726,1178,3535,1
14727,1178,4255,1
14728,1178,4410,1
14729,1178,4748,1
14730,1179,1254,1
14731,1179,1734,1
14732,1179,2029,1
14733,1179,2076,1
14734,1180,2419,1
14735,1180,2442,1
14736,1181,4312,1
14737,1181,4358,1
14738,1181,4943,1
14739,1182,1332,1
14740,1182,1445,1
14741,1182,1767,1
14742,1182,2380,1
14743,1182,2559,1
14744,1182,2724,1
14745,1182,3259,1
14746,1182,3654,1
14747,1182,3665,1
14748,1182,3912,1
14749,1182,3965,1
14750,1182,4225,1
14751,1182,4584,1
14752,1183,4847,1
14753,1184,1577,1
14754,1184,1799,1
14755,1184,1880,1
14756,1184,2226,1
14757,1184,3211,1
14758,1184,3268,1
14759,1184,4025,1
14760,1184,4516,1
14761,1185,1247,1
14762,1185,1447,1
14763,1185,1494,1
14764,1185,1627,1
14765,1185,1983,1
14766,1185,3079,1
14767,1185,3426,1
14768,1186,2542,1
14769,1186,3025,1
14770,1186,3544,1
14771,1186,4695,1
14772,1187,2706,1
14773,1188,1294,1
14774,1188,1838,1
14775,1188,3228,1
14776,1188,4305,1
14777,1190,1196,1
14778,1190,1366,1
14779,1190,1596,1
14780,1190,1822,1
14781,1190,1965,1
14782,1190,2267,1
14783,1190,2756,1
14784,1190,2865,1
14785,1190,3901,1
14786,1190,4147,1
14787,1190,4532,1
14788,1191,1757,1
14789,1191,3644,1
14790,1191,3800,1
14791,1191,4591,1
14792,1191,4690,1
14793,1192,3302,1
14794,1194,1408,1
14795,1194,1900,1
14796,1194,3404,1
14797,1195,1697,1
14798,1195,2199,1
14799,1195,2244,1
14800,1195,3502,1
14801,1195,3834,1
14802,1196,4170,1
14803,1196,4202,1
14804,1197,2178,1
14805,1198,1209,1
14806,1198,1890,1
14807,1198,1970,1
14808,1198,1998,1
14809,1198,2012,1
14810,1198,3248,1
14811,1198,3289,1
14812,1198,3755,1
14813,1199,2716,1
14814,1200,1423,1
14815,1201,2598,1
14816,1201,2690,1
14817,1201,3010,1
14818,1201,3468,1
14819,1201,4183,1
14820,1201,4257,1
14821,1202,2044,1
14822,1202,2523,1
14823,1202,2681,1
14824,1202,2818,1
14825,1203,2909,1
14826,1203,4091,1
14827,1203,4165,1
14828,1203,4927,1
14829,1204,1223,1
14830,1204,1270,1
14831,1204,2961,1
14832,1204,3564,1
14833,1206,1520,1
14834,1206,1654,1
14835,1206,1946,1
14836,1206,2647,1
14837,1206,2860,1
14838,1206,2995,1
14839,1206,3823,1
14840,1206,3908,1
14841,1208,1776,1
14842,1208,4286,1
14843,1209,1901,1
14844,1209,2359,1
14845,1209,3221,1
14846,1209,3511,1
14847,1209,4580,1
14848,1210,1680,1
14849,1210,2082,1
14850,1210,2100,1
14851,1211,2609,1
14852,1211,3841,1
14853,1211,4008,1
14854,1212,2183,1
14855,1212,2710,1
14856,1212,3296,1
14857,1212,4159,1
14858,1212,4891,1
14859,1213,1404,1
14860,1213,1575,1
14861,1213,2365,1
14862,1213,2583,1
14863,1213,2846,1
14864,1213,2905,1
14865,1213,3192,1
14866,1213,4143,1
14867,1213,4671,1
14868,1214,1353,1
14869,1214,1429,1
14870,1214,4110,1
14871,1214,4279,1
14872,1215,3425,1
14873,1215,4805,1
14874,1216,2372,1
14875,1217,1411,1
14876,1217,2418,1
14877,1217,2715,1
14878,1217,2938,1
14879,1217,3027,1
14880,1217,3192,1
14881,1217,3493,1
14882,1218,1985,1
14883,1218,2985,1
14884,1218,4493,1
14885,1219,2180,1
14886,1219,2453,1
14887,1219,2531,1
14888,1219,2958,1
14889,1219,3411,1
14890,1219,4313,1
14891,1219,4652,1
14892,1220,1593,1
14893,1220,4280,1
14894,1220,4738,1
14895,1221,1653,1
14896,1221,2013,1
14897,1221,2126,1
14898,1221,2243,1
14899,1221,4011,1
14900,1221,4597,1
14901,1222,2134,1
14902,1222,2481,1
14903,1222,2643,1
14904,1222,3042,1
14905,1222,4552,1
14906,1223,1244,1
14907,1223,1557,1
14908,1223,2949,1
14909,1223,4271,1
14910,1224,3667,1
14911,1224,4075,1
14912,1224,4086,1
14913,1225,2165,1
14914,1225,3582,1
14915,1225,3980,1
14916,1226,2442,1
14917,1226,2623,1
14918,1226,3755,1
14919,1226,4103,1
14920,1226,4185,1
14921,1227,1381,1
14922,1227,2700,1
14923,1227,3840,1
14924,1227,3888,1
14925,1227,4272,1
14926,1227,4485,1
14927,1227,4566,1
14928,1227,4723,1
14929,1229,2036,1
14930,1229,2563,1
14931,1229,3151,1
14932,1229,3366,1
14933,1230,1541,1
14934,1230,1573,1
14935,1230,2147,1
14936,1230,2530,1
14937,1230,2850,1
14938,1230,4027,1
14939,1231,1465,1
14940,1231,1550,1
14941,1231,1721,1
14942,1231,1724,1
14943,1231,1770,1
14944,1231,2124,1
14945,1231,2278,1
14946,1231,2847,1
14947,1231,3071,1
14948,1231,3122,1
14949,1231,4019,1
14950,1231,4161,1
14951,1231,4225,1
14952,1231,4316,1
14953,1231,4347,1
14954,1231,4754,1
14955,1232,1781,1
14956,1232,2332,1
14957,1232,3233,1
14958,1233,1416,1
14959,1233,2252,1
14960,1233,2453,1
14961,1233,2717,1
14962,1233,4192,1
14963,1234,2637,1
14964,1234,3953,1
14965,1234,4323,1
14966,1235,2410,1
14967,1235,3756,1
14968,1236,3130,1
14969,1236,3734,1
14970,1237,1401,1
14971,1237,1419,1
14972,1237,1821,1
14973,1237,2442,1
14974,1237,2647,1
14975,1237,2781,1
14976,1237,3795,1
14977,1237,4505,1
14978,1237,4620,1
14979,1237,4669,1
14980,1237,4729,1
14981,1237,4877,1
14982,1238,1537,1
14983,1238,1927,1
14984,1238,2192,1
14985,1238,2316,1
14986,1238,2420,1
14987,1238,2454,1
14988,1238,2745,1
14989,1238,3930,1
14990,1238,4072,1
14991,1239,1678,1
14992,1239,1834,1
14993,1239,3556,1
14994,1239,3781,1
14995,1239,4145,1
14996,1240,2330,1
14997,1240,4031,1
14998,1241,1285,1
14999,1241,2470,1
15000,1241,4814,1
15001,1242,1992,1
15002,1242,2110,1
15003,1244,2179,1
15004,1244,2878,1
15005,1244,3121,1
15006,1244,4546,1
15007,1245,2488,1
15008,1245,3568,1
15009,1245,3696,1
15010,1246,2905,1
15011,1247,1526,1
15012,1247,1561,1
15013,1247,3027,1
15014,1248,3772,1
15015,1249,3163,1
15016,1249,3169,1
15017,1249,4203,1
15018,1250,2019,1
15019,1250,2538,1
15020,1251,1506,1
15021,1251,2233,1
15022,1251,2302,1
15023,1251,3048,1
15024,1251,3173,1
15025,1251,4625,1
15026,1251,4905,1
15027,1252,1426,1
15028,1252,2461,1
15029,1252,2526,1
15030,1252,3959,1
15031,1252,4445,1
15032,1253,1601,1
15033,1254,2853,1
15034,1254,4931,1
15035,1256,1481,1
15036,1256,1529,1
15037,1256,2058,1
15038,1256,2471,1
15039,1256,2902,1
15040,1256,3963,1
15041,1257,1424,1
15042,1257,1796,1
15043,1258,1777,1
15044,1258,2098,1
15045,1258,2339,1
15046,1258,3455,1
15047,1259,1459,1
15048,1259,2229,1
15049,1259,2851,1
15050,1259,2937,1
15051,1259,3271,1
15052,1259,3600,1
15053,1259,4173,1
15054,1259,4493,1
15055,1260,2061,1
15056,1260,2365,1
15057,1260,3847,1
15058,1260,3849,1
15059,1262,1499,1
15060,1262,2268,1
15061,1262,4251,1
15062,1263,1271,1
15063,1263,1869,1
15064,1263,2041,1
15065,1263,2462,1
15066,1263,4270,1
15067,1264,1454,1
15068,1264,3212,1
15069,1265,2808,1
15070,1265,2989,1
15071,1265,3310,1
15072,1265,4858,1
15073,1266,1540,1
15074,1266,1926,1
15075,1266,2569,1
15076,1266,4292,1
15077,1266,4486,1
15078,1267,3875,1
15079,1267,4847,1
15080,1268,1531,1
15081,1268,2950,1
15082,1268,3208,1
15083,1268,3328,1
15084,1268,4703,1
15085,1268,4817,1
15086,1269,1616,1
15087,1270,1599,1
15088,1270,1681,1
15089,1270,1908,1
15090,1270,3556,1
15091,1270,4240,1
15092,1271,1730,1
15093,1272,4839,1
15094,1273,1548,1
15095,1273,1660,1
15096,1273,3601,1
15097,1273,4450,1
15098,1274,1843,1
15099,1274,1853,1
15100,1274,2021,1
15101,1274,2065,1
15102,1274,3297,1
15103,1275,1452,1
15104,1275,1976,1
15105,1275,2491,1
15106,1275,3114,1
15107,1275,3252,1
15108,1276,1338,1
15109,1276,1567,1
15110,1276,1866,1
15111,1276,2017,1
15112,1276,2168,1
15113,1276,2189,1
15114,1276,3565,1
15115,1276,3976,1
15116,1276,4581,1
15117,1277,1599,1
15118,1277,1913,1
15119,1277,2022,1
15120,1277,2563,1
15121,1277,2821,1
15122,1277,3035,1
15123,1277,4517,1
15124,1277,4568,1
15125,1277,4800,1
15126,1278,1352,1
15127,1278,1655,1
15128,1278,3555,1
15129,1278,4377,1
15130,1279,2572,1
15131,1279,3313,1
15132,1280,1809,1
15133,1280,3729,1
15134,1280,4119,1
15135,1280,4420,1
15136,1281,2738,1
15137,1281,4210,1
15138,1281,4770,1
15139,1282,2573,1
15140,1282,3261,1
15141,1282,4944,1
15142,1283,1925,1
15143,1283,2006,1
15144,1283,2844,1
15145,1283,3314,1
15146,1283,4068,1
15147,1283,4113,1
15148,1283,4676,1
15149,1284,1865,1
15150,1284,2299,1
15151,1284,2433,1
15152,1284,3013,1
15153,1284,4137,1
15154,1284,4830,1
15155,1285,1964,1
15156,1285,2278,1
15157,1285,2866,1
15158,1285,3752,1
15159,1285,4135,1
15160,1286,1530,1
15161,1286,1806,1
15162,1286,2769,1
15163,1286,2779,1
15164,1286,2922,1
15165,1286,3540,1
15166,1286,3883,1
15167,1286,4603,1
15168,1286,4932,1
15169,1287,1636,1
15170,1287,2725,1
15171,1287,4154,1
15172,1287,4704,1
15173,1287,4842,1
15174,1288,1475,1
15175,1288,2156,1
15176,1288,3514,1
15177,1288,4600,1
15178,1288,4784,1
15179,1289,1951,1
15180,1290,1293,1
15181,1290,1347,1
15182,1290,2306,1
15183,1290,2662,1
15184,1290,2799,1
15185,1290,4215,1
15186,1290,4217,1
15187,1290,4524,1
15188,1290,4621,1
15189,1290,4635,1
15190,1290,4968,1
15191,1291,1600,1
15192,1291,2208,1
15193,1291,2394,1
15194,1291,2714,1
15195,1291,3547,1
15196,1291,3633,1
15197,1291,3685,1
15198,1291,4522,1
15199,1291,4582,1
15200,1291,4725,1
15201,1291,4730,1
15202,1292,1923,1
15203,1292,2198,1
15204,1292,2528,1
15205,1292,3088,1
15206,1293,2563,1
15207,1293,3470,1
15208,1293,4281,1
15209,1293,4946,1
15210,1294,1707,1
15211,1294,2330,1
15212,1294,2613,1
15213,1294,4173,1
15214,1295,1355,1
15215,1296,3136,1
15216,1296,3891,1
15217,1297,3486,1
15218,1298,1384,1
15219,1298,2463,1
15220,1298,3581,1
15221,1298,3765,1
15222,1298,4514,1
15223,1299,2635,1
15224,1299,3380,1
15225,1299,3641,1
15226,1299,4715,1
15227,1300,3264,1
15228,1300,4535,1
15229,1300,4980,1
15230,1301,2016,1
15231,1301,2919,1
15232,1301,3128,1
15233,1301,4161,1
15234,1301,4610,1
15235,1302,1303,1
15236,1303,1546,1
15237,1303,3124,1
15238,1304,1642,1
15239,1304,2228,1
15240,1304,4512,1
15241,1305,2374,1
15242,1306,2157,1
15243,1306,2176,1
15244,1306,3842,1
15245,1307,1364,1
15246,1307,1803,1
15247,1307,2975,1
15248,1307,3702,1
15249,1309,1639,1
15250,1309,1944,1
15251,1309,3308,1
15252,1309,3320,1
15253,1309,3324,1
15254,1310,1949,1
15255,1310,4525,1
15256,1310,4694,1
15257,1311,1514,1
15258,1311,2364,1
15259,1311,4146,1
15260,1313,1562,1
15261,1313,1826,1
15262,1313,2199,1
15263,1313,4063,1
15264,1313,4428,1
15265,1313,4467,1
15266,1313,4640,1
15267,1314,1389,1
15268,1314,1409,1
15269,1314,3762,1
15270,1314,4004,1
15271,1315,1981,1
15272,1315,3096,1
15273,1315,3621,1
15274,1316,2899,1
15275,1316,2920,1
15276,1316,4931,1
15277,1317,2678,1
15278,1317,4695,1
15279,1318,2179,1
15280,1318,3538,1
15281,1318,3572,1
15282,1318,4236,1
15283,1319,1617,1
15284,1319,1781,1
15285,1319,1868,1
15286,1319,1880,1
15287,1319,2411,1
15288,1319,2533,1
15289,1319,2910,1
15290,1319,3985,1
15291,1319,4566,1
15292,1320,1632,1
15293,1320,2386,1
15294,1320,2823,1
15295,1320,3642,1
15296,1321,1469,1
15297,1321,1591,1
15298,1321,3895,1
15299,1321,4583,1
15300,1322,1440,1
15301,1322,1557,1
15302,1322,3306,1
15303,1322,4448,1
15304,1323,1383,1
15305,1323,2558,1
15306,1323,3610,1
15307,1323,4446,1
15308,1324,1660,1
15309,1324,1691,1
15310,1324,1982,1
15311,1324,2131,1
15312,1324,3539,1
15313,1324,3769,1
15314,1324,4859,1
15315,1325,2422,1
15316,1325,3247,1
15317,1325,3720,1
15318,1326,1471,1
15319,1326,1922,1
15320,1326,3726,1
15321,1326,4934,1
15322,1327,4832,1
15323,1328,1722,1
15324,1328,2581,1
15325,1328,2605,1
15326,1328,3407,1
15327,1328,3710,1
15328,1328,3961,1
15329,1328,4248,1
15330,1328,4341,1
15331,1328,4756,1
15332,1328,4791,1
15333,1329,1620,1
15334,1329,1999,1
15335,1329,3794,1
15336,1329,4595,1
15337,1330,1334,1
15338,1330,1644,1
15339,1330,3681,1
15340,1331,1628,1
15341,1331,3889,1
15342,1333,2326,1
15343,1333,4695,1
15344,1334,1529,1
15345,1334,2599,1
15346,1334,2602,1
15347,1334,3683,1
15348,1334,4561,1
15349,1335,1616,1
15350,1335,2543,1
15351,1336,1561,1
15352,1336,2541,1
15353,1336,2816,1
15354,1337,2307,1
15355,1337,2447,1
15356,1338,1345,1
15357,1338,1812,1
15358,1338,2014,1
15359,1338,2324,1
15360,1338,2328,1
15361,1338,2769,1
15362,1338,3013,1
15363,1338,3263,1
15364,1338,3975,1
15365,1338,4786,1
15366,1338,4789,1
15367,1338,4954,1
15368,1339,2982,1
15369,1339,3183,1
15370,1339,3322,1
15371,1339,4495,1
15372,1340,2068,1
15373,1340,4126,1
15374,1341,1419,1
15375,1341,2244,1
15376,1341,2618,1
15377,1341,3395,1
15378,1342,1879,1
15379,1342,1938,1
15380,1342,2258,1
15381,1342,3966,1
15382,1343,1415,1
15383,1343,1647,1
15384,1343,1874,1
15385,1343,1895,1
15386,1343,2350,1
15387,1343,2750,1
15388,1343,2819,1
15389,1343,4421,1
15390,1344,3010,1
15391,1344,3830,1
15392,1344,4711,1
15393,1345,1644,1
15394,1345,1648,1
15395,1345,2538,1
15396,1345,2666,1
15397,1345,2963,1
15398,1345,4526,1
15399,1346,2037,1
15400,1346,2808,1
15401,1346,3173,1
15402,1346,4384,1
15403,1347,4619,1
15404,1348,1789,1
15405,1348,2208,1
15406,1349,2898,1
15407,1349,2904,1
15408,1349,3105,1
15409,1350,1839,1
15410,1351,2864,1
15411,1352,1449,1
15412,1352,1657,1
15413,1352,3695,1
15414,1352,3734,1
15415,1352,4310,1
15416,1352,4561,1
15417,1352,4778,1
15418,1355,1480,1
15419,1356,1451,1
15420,1356,1610,1
15421,1356,3654,1
15422,1357,1385,1
15423,1358,1978,1
15424,1358,2797,1
15425,1359,1446,1
15426,1359,1539,1
15427,1359,2434,1
15428,1359,3525,1
15429,1359,4026,1
15430,1359,4549,1
15431,1360,1950,1
15432,1360,2501,1
15433,1360,2954,1
15434,1360,3005,1
15435,1360,3190,1
15436,1360,4683,1
15437,1361,2664,1
15438,1362,1705,1
15439,1362,2487,1
15440,1362,2812,1
15441,1362,3320,1
15442,1362,3355,1
15443,1363,2766,1
15444,1363,3072,1
15445,1363,3553,1
15446,1364,1780,1
15447,1364,3677,1
15448,1364,4740,1
15449,1365,2003,1
15450,1365,2658,1
15451,1365,3568,1
15452,1366,2393,1
15453,1366,2447,1
15454,1366,3263,1
15455,1366,3546,1
15456,1367,1514,1
15457,1367,2559,1
15458,1367,2741,1
15459,1367,3359,1
15460,1367,3533,1
15461,1368,2132,1
15462,1368,3155,1
15463,1368,3325,1
15464,1368,3368,1
15465,1368,3454,1
15466,1368,3611,1
15467,1369,1690,1
15468,1369,2021,1
15469,1369,2455,1
15470,1369,2573,1
15471,1369,3598,1
15472,1370,1592,1
15473,1370,3132,1
15474,1370,3470,1
15475,1370,4592,1
15476,1371,2062,1
15477,1371,2330,1
15478,1371,3268,1
15479,1371,3688,1
15480,1372,3570,1
15481,1372,4110,1
15482,1373,1736,1
15483,1373,2175,1
15484,1373,3065,1
15485,1373,3104,1
15486,1373,3529,1
15487,1373,3924,1
15488,1374,1799,1
15489,1374,3137,1
15490,1374,3587,1
15491,1374,4269,1
15492,1375,1945,1
15493,1375,3426,1
15494,1375,4471,1
15495,1376,2281,1
15496,1376,3185,1
15497,1376,3449,1
15498,1376,3746,1
15499,1376,3934,1
15500,1376,3968,1
15501,1376,4121,1
15502,1377,3752,1
15503,1377,4167,1
15504,1378,1563,1
15505,1378,2810,1
15506,1378,3127,1
15507,1378,3386,1
15508,1378,3419,1
15509,1378,3870,1
15510,1378,3883,1
15511,1378,4253,1
15512,1379,3341,1
15513,1379,3752,1
15514,1379,4476,1
15515,1380,1578,1
15516,1380,2272,1
15517,1380,2644,1
15518,1380,3099,1
15519,1380,4682,1
15520,1381,2969,1
15521,1382,1673,1
15522,1382,2705,1
15523,1382,2978,1
15524,1382,4915,1
15525,1383,2460,1
15526,1383,2699,1
15527,1383,2967,1
15528,1383,3364,1
15529,1383,3957,1
15530,1383,4118,1
15531,1383,4401,1
15532,1384,1397,1
15533,1384,1684,1
15534,1384,1881,1
15535,1384,2191,1
15536,1384,2624,1
15537,1384,3565,1
15538,1384,3640,1
15539,1384,3978,1
15540,1385,1477,1
15541,1385,1658,1
15542,1385,2425,1
15543,1385,2598,1
15544,1385,2630,1
15545,1385,3333,1
15546,1386,2981,1
15547,1386,3759,1
15548,1386,3886,1
15549,1387,1444,1
15550,1387,2796,1
15551,1387,2853,1
15552,1387,3490,1
15553,1387,4418,1
15554,1387,4558,1
15555,1388,3512,1
15556,1389,1844,1
15557,1389,1977,1
15558,1389,3660,1
15559,1390,2698,1
15560,1390,3589,1
15561,1390,3780,1
15562,1390,4679,1
15563,1391,1802,1
15564,1391,1902,1
15565,1391,2446,1
15566,1391,2881,1
15567,1391,3035,1
15568,1391,4096,1
15569,1391,4314,1
15570,1392,1597,1
15571,1392,2276,1
15572,1392,4875,1
15573,1393,2149,1
15574,1393,2205,1
15575,1393,2421,1
15576,1393,2431,1
15577,1393,2521,1
15578,1393,2677,1
15579,1393,2780,1
15580,1393,3069,1
15581,1393,3442,1
15582,1393,3445,1
15583,1393,3964,1
15584,1394,1417,1
15585,1394,1707,1
15586,1394,2940,1
15587,1394,4645,1
15588,1395,3546,1
15589,1395,4291,1
15590,1395,4303,1
15591,1396,2215,1
15592,1396,3944,1
15593,1397,3809,1
15594,1397,4862,1
15595,1398,2455,1
15596,1400,2408,1
15597,1400,2756,1
15598,1401,3337,1
15599,1402,1573,1
15600,1402,1608,1
15601,1402,2433,1
15602,1402,3081,1
15603,1402,3627,1
15604,1402,4283,1
15605,1402,4370,1
15606,1402,4728,1
15607,1402,4910,1
15608,1403,1945,1
15609,1403,2000,1
15610,1403,4015,1
15611,1403,4691,1
15612,1404,2505,1
15613,1404,3363,1
15614,1404,4290,1
15615,1404,4492,1
15616,1405,1657,1
15617,1405,4116,1
15618,1405,4472,1
15619,1405,4602,1
15620,1406,1522,1
15621,1406,3596,1
15622,1406,3857,1
15623,1407,1752,1
15624,1407,2202,1
15625,1407,3285,1
15626,1407,4731,1
15627,1408,1506,1
15628,1408,2457,1
15629,1408,2931,1
15630,1408,4094,1
15631,1409,1450,1
15632,1409,1599,1
15633,1409,4823,1
15634,1410,2024,1
15635,1410,2618,1
15636,1410,2801,1
15637,1410,3197,1
15638,1411,2054,1
15639,1411,2067,1
15640,1411,4627,1
15641,1412,2946,1
15642,1413,3732,1
15643,1415,2004,1
15644,1415,2305,1
15645,1415,2443,1
15646,1415,2788,1
15647,1415,3841,1
15648,1415,4729,1
15649,1415,4961,1
15650,1416,1781,1
15651,1416,2035,1
15652,1416,2256,1
15653,1416,2259,1
15654,1416,3585,1
15655,1416,3883,1
15656,1417,3337,1
15657,1417,3610,1
15658,1417,3761,1
15659,1417,4020,1
15660,1418,2358,1
15661,1419,1650,1
15662,1419,3294,1
15663,1419,3833,1
15664,1419,4728,1
15665,1420,4719,1
15666,1421,1594,1
15667,1421,1903,1
15668,1421,2248,1
15669,1421,2337,1
15670,1421,3413,1
15671,1421,3616,1
15672,1422,2862,1
15673,1423,2763,1
15674,1424,2211,1
15675,1424,2746,1
15676,1425,1430,1
15677,1425,2558,1
15678,1425,3460,1
15679,1426,2163,1
15680,1426,2574,1
15681,1426,2680,1
15682,1426,2814,1
15683,1426,3618,1
15684,1426,4531,1
15685,1427,1537,1
15686,1427,3495,1
15687,1427,4764,1
15688,1427,4898,1
15689,1428,3298,1
15690,1428,4417,1
15691,1429,1678,1
15692,1429,1785,1
15693,1429,2416,1
15694,1429,4626,1
15695,1430,1587,1
15696,1430,3076,1
15697,1430,3098,1
15698,1431,1536,1
15699,1431,2195,1
15700,1431,3274,1
15701,1431,4330,1
15702,1431,4999,1
15703,1432,2691,1
15704,1432,3178,1
15705,1432,3466,1
15706,1433,1726,1
15707,1433,2114,1
15708,1433,2695,1
15709,1433,3755,1
15710,1433,4188,1
15711,1433,4234,1
15712,1434,4696,1
15713,1435,1438,1
15714,1435,3146,1
15715,1435,4234,1
15716,1435,4688,1
15717,1436,1886,1
15718,1436,2776,1
15719,1436,3061,1
15720,1436,3607,1
15721,1436,4332,1
15722,1436,4574,1
15723,1437,3616,1
15724,1438,1505,1
15725,1438,1888,1
15726,1438,2679,1
15727,1438,2993,1
15728,1438,3704,1
15729,1438,4337,1
15730,1439,1857,1
15731,1439,1961,1
15732,1439,3219,1
15733,1439,3877,1
15734,1439,3965,1
15735,1439,3996,1
15736,1439,4129,1
15737,1439,4134,1
15738,1440,4250,1
15739,1441,2303,1
15740,1442,3049,1
15741,1444,1633,1
15742,1444,3951,1
15743,1445,1615,1
15744,1445,3433,1
15745,1445,3511,1
15746,1446,2295,1
15747,1446,2831,1
15748,1446,4074,1
15749,1446,4750,1
15750,1446,4888,1
15751,1447,1629,1
15752,1447,1795,1
15753,1447,2152,1
15754,1448,1458,1
15755,1448,1475,1
15756,1448,1711,1
15757,1448,1912,1
15758,1448,2257,1
15759,1448,2833,1
15760,1448,2882,1
15761,1448,3908,1
15762,1448,4442,1
15763,1448,4907,1
15764,1449,4118,1
15765,1450,2095,1
15766,1450,2490,1
15767,1450,3457,1
15768,1450,3714,1
15769,1450,3811,1
15770,1450,4566,1
15771,1451,3598,1
15772,1451,4919,1
15773,1452,1695,1
15774,1452,1924,1
15775,1452,2245,1
15776,1452,2770,1
15777,1452,3269,1
15778,1454,3190,1
15779,1454,3519,1
15780,1454,3670,1
15781,1454,4734,1
15782,1455,2048,1
15783,1455,2535,1
15784,1455,4957,1
15785,1456,1521,1
15786,1456,1765,1
15787,1456,3155,1
15788,1457,4628,1
15789,1458,1603,1
15790,1458,3275,1
15791,1459,1674,1
15792,1459,2092,1
15793,1459,2571,1
15794,1459,2880,1
15795,1459,4195,1
15796,1460,4609,1
15797,1461,1762,1
15798,1463,1597,1
15799,1463,1831,1
15800,1463,1975,1
15801,1463,2128,1
15802,1463,3513,1
15803,1463,4697,1
15804,1463,4755,1
15805,1464,2113,1
15806,1464,3139,1
15807,1464,3507,1
15808,1465,1739,1
15809,1465,1911,1
15810,1465,3578,1
15811,1465,4019,1
15812,1466,1755,1
15813,1466,2299,1
15814,1466,2722,1
15815,1466,3302,1
15816,1466,3921,1
15817,1467,2966,1
15818,1467,3030,1
15819,1468,3912,1
15820,1469,1725,1
15821,1469,1762,1
15822,1469,2561,1
15823,1469,3093,1
15824,1469,3352,1
15825,1469,3369,1
15826,1469,3825,1
15827,1469,4824,1
15828,1470,2285,1
15829,1471,2030,1
15830,1471,2189,1
15831,1471,3724,1
15832,1471,3813,1
15833,1472,2093,1
15834,1472,2185,1
15835,1472,2221,1
15836,1472,2305,1
15837,1472,3317,1
15838,1472,3790,1
15839,1472,4888,1
15840,1473,1834,1
15841,1473,2532,1
15842,1473,2621,1
15843,1473,3639,1
15844,1473,4877,1
15845,1474,1837,1
15846,1474,2665,1
15847,1474,3295,1
15848,1474,4033,1
15849,1474,4081,1
15850,1475,3103,1
15851,1475,3140,1
15852,1475,4667,1
15853,1475,4741,1
15854,1476,2041,1
15855,1476,2372,1
15856,1476,2983,1
15857,1476,4236,1
15858,1477,1789,1
15859,1477,1976,1
15860,1477,2258,1
15861,1477,2708,1
15862,1477,2973,1
15863,1478,1869,1
15864,1479,1489,1
15865,1479,1625,1
15866,1479,1679,1
15867,1479,3244,1
15868,1479,4039,1
15869,1479,4751,1
15870,1481,2101,1
15871,1481,2500,1
15872,1481,2752,1
15873,1482,1839,1
15874,1482,3082,1
15875,1484,1551,1
15876,1484,2316,1
15877,1484,2956,1
15878,1484,4247,1
15879,1485,2218,1
15880,1485,2300,1
15881,1485,2553,1
15882,1485,2978,1
15883,1485,3110,1
15884,1485,3271,1
15885,1485,3463,1
15886,1485,3813,1
15887,1486,2927,1
15888,1486,3774,1
15889,1487,3268,1
15890,1487,3611,1
15891,1487,4686,1
15892,1487,4965,1
15893,1488,2127,1
15894,1488,3544,1
15895,1489,1521,1
15896,1489,2169,1
15897,1489,3417,1
15898,1489,3540,1
15899,1490,1893,1
15900,1490,1972,1
15901,1490,3120,1
15902,1490,4845,1
15903,1491,2058,1
15904,1491,2297,1
15905,1491,4100,1
15906,1491,4162,1
15907,1491,4244,1
15908,1492,1976,1
15909,1493,1653,1
15910,1493,2025,1
15911,1495,2630,1
15912,1495,3773,1
15913,1495,4153,1
15914,1496,1927,1
15915,1497,2196,1
15916,1497,2697,1
15917,1497,3512,1
15918,1497,4334,1
15919,1498,1637,1
15920,1498,2418,1
15921,1498,3648,1
15922,1498,4869,1
15923,1499,2022,1
15924,1499,2280,1
15925,1499,2614,1
15926,1499,3244,1
15927,1499,3819,1
15928,1500,2578,1
15929,1500,4952,1
15930,1501,2322,1
15931,1501,4533,1
15932,1501,4875,1
15933,1502,2041,1
15934,1503,2309,1
15935,1503,4333,1
15936,1504,1740,1
15937,1504,2833,1
15938,1504,3469,1
15939,1505,2058,1
15940,1505,2753,1
15941,1505,4357,1
15942,1506,4352,1
15943,1507,4079,1
15944,1507,4107,1
15945,1507,4184,1
15946,1508,2236,1
15947,1508,2253,1
15948,1508,2375,1
15949,1508,2707,1
15950,1508,4104,1
15951,1509,2158,1
15952,1509,2373,1
15953,1510,2730,1
15954,1510,4876,1
15955,1511,1791,1
15956,1511,2355,1
15957,1512,2403,1
15958,1512,4713,1
15959,1513,1907,1
15960,1513,2158,1
15961,1513,2252,1
15962,1513,2794,1
15963,1513,3175,1
15964,1513,3620,1
15965,1513,4783,1
15966,1514,2209,1
15967,1514,2654,1
15968,1514,3442,1
15969,1514,4008,1
15970,1514,4364,1
15971,1514,4763,1
15972,1514,4960,1
15973,1515,2450,1
15974,1516,1721,1
15975,1516,2036,1
15976,1516,2231,1
15977,1517,2667,1
15978,1518,4901,1
15979,1520,2047,1
15980,1520,3781,1
15981,1521,2353,1
15982,1522,2531,1
15983,1522,2977,1
15984,1523,4272,1
15985,1523,4526,1
15986,1523,4758,1
15987,1524,2035,1
15988,1524,2092,1
15989,1524,2821,1
15990,1524,2823,1
15991,1524,3419,1
15992,1524,4788,1
15993,1524,4890,1
15994,1525,2529,1
15995,1526,1580,1
15996,1526,1963,1
15997,1526,2383,1
15998,1526,3592,1
15999,1527,3024,1
16000,1527,3193,1
16001,1527,3683,1
16002,1528,2061,1
16003,1528,3784,1
16004,1529,3290,1
16005,1529,4397,1
16006,1530,1585,1
16007,1530,1874,1
16008,1530,2183,1
16009,1530,2507,1
16010,1530,3781,1
16011,1530,4024,1
16012,1530,4260,1
16013,1530,4578,1
16014,1532,1664,1
16015,1532,1688,1
16016,1532,2176,1
16017,1532,2414,1
16018,1532,2632,1
16019,1532,2850,1
16020,1533,1927,1
16021,1535,1749,1
16022,1535,2694,1
16023,1535,4410,1
16024,1536,3382,1
16025,1537,3416,1
16026,1537,3589,1
16027,1537,4078,1
16028,1537,4459,1
16029,1537,4633,1
16030,1538,1693,1
16031,1538,2371,1
16032,1538,2610,1
16033,1538,3667,1
16034,1538,4273,1
16035,1539,2675,1
16036,1539,3043,1
16037,1539,3705,1
16038,1539,4066,1
16039,1541,1779,1
16040,1541,4568,1
16041,1541,4847,1
16042,1542,1544,1
16043,1542,1671,1
16044,1542,2556,1
16045,1542,2793,1
16046,1542,3035,1
16047,1542,4017,1
16048,1542,4111,1
16049,1542,4659,1
16050,1542,4862,1
16051,1542,4867,1
16052,1543,1656,1
16053,1543,2428,1
16054,1543,2456,1
16055,1543,3224,1
16056,1543,4760,1
16057,1544,1771,1
16058,1544,1894,1
16059,1544,2595,1
16060,1544,3108,1
16061,1545,1715,1
16062,1545,1729,1
16063,1545,3050,1
16064,1545,4544,1
16065,1546,2326,1
16066,1546,2683,1
16067,1546,3380,1
16068,1546,4767,1
16069,1549,2408,1
16070,1549,3678,1
16071,1549,3994,1
16072,1550,2001,1
16073,1550,2804,1
16074,1551,2615,1
16075,1551,2819,1
16076,1551,3716,1
16077,1552,1613,1
16078,1552,2963,1
16079,1555,3380,1
16080,1555,3756,1
16081,1556,1613,1
16082,1556,1671,1
16083,1556,1733,1
16084,1556,3319,1
16085,1556,3351,1
16086,1557,2017,1
16087,1557,2222,1
16088,1557,2939,1
16089,1557,4115,1
16090,1558,3073,1
16091,1558,3174,1
16092,1558,3577,1
16093,1559,2908,1
16094,1559,3700,1
16095,1561,2461,1
16096,1561,2528,1
16097,1561,2755,1
16098,1561,3392,1
16099,1561,4492,1
16100,1562,2011,1
16101,1562,2628,1
16102,1562,2842,1
16103,1562,3693,1
16104,1562,4350,1
16105,1563,1952,1
16106,1563,2120,1
16107,1563,3432,1
16108,1563,4126,1
16109,1563,4896,1
16110,1564,2074,1
16111,1564,3412,1
16112,1564,3829,1
16113,1565,2118,1
16114,1565,2268,1
16115,1565,2380,1
16116,1565,2391,1
16117,1565,2393,1
16118,1565,3478,1
16119,1565,3890,1
16120,1565,4289,1
16121,1566,3260,1
16122,1568,1954,1
16123,1568,3595,1
16124,1568,3705,1
16125,1568,4790,1
16126,1569,1700,1
16127,1569,1925,1
16128,1569,1931,1
16129,1569,2018,1
16130,1569,2543,1
16131,1569,2676,1
16132,1569,3297,1
16133,1569,4106,1
16134,1570,2807,1
16135,1571,1646,1
16136,1571,2516,1
16137,1571,3533,1
16138,1572,2705,1
16139,1572,3307,1
16140,1572,4137,1
16141,1573,3358,1
16142,1574,3576,1
16143,1574,3828,1
16144,1574,4720,1
16145,1575,2413,1
16146,1576,3087,1
16147,1577,2564,1
16148,1577,3534,1
16149,1577,4433,1
16150,1578,1929,1
16151,1578,2367,1
16152,1578,3548,1
16153,1578,3767,1
16154,1578,4029,1
16155,1579,1694,1
16156,1579,1864,1
16157,1579,3465,1
16158,1579,3515,1
16159,1580,1970,1
16160,1581,1899,1
16161,1581,2868,1
16162,1582,2511,1
16163,1583,1711,1
16164,1583,2364,1
16165,1583,2893,1
16166,1583,2979,1
16167,1585,2935,1
16168,1585,3652,1
16169,1586,1686,1
16170,1586,1912,1
16171,1586,4242,1
16172,1587,3123,1
16173,1587,4373,1
16174,1588,2050,1
16175,1588,3472,1
16176,1590,3306,1
16177,1590,4989,1
16178,1591,1942,1
16179,1591,1973,1
16180,1591,2806,1
16181,1591,3899,1
16182,1591,4054,1
16183,1591,4535,1
16184,1592,2517,1
16185,1592,2739,1
16186,1593,2689,1
16187,1593,3058,1
16188,1593,4304,1
16189,1593,4314,1
16190,1593,4412,1
16191,1593,4995,1
16192,1594,3728,1
16193,1595,2354,1
16194,1595,2873,1
16195,1595,3915,1
16196,1596,4823,1
16197,1597,1712,1
16198,1597,3288,1
16199,1597,4186,1
16200,1598,2262,1
16201,1598,3237,1
16202,1598,3970,1
16203,1598,4295,1
16204,1600,4143,1
16205,1601,1841,1
16206,1601,2407,1
16207,1601,4664,1
16208,1602,2658,1
16209,1603,2315,1
16210,1603,4131,1
16211,1604,4111,1
16212,1605,4717,1
16213,1606,1786,1
16214,1606,2117,1
16215,1606,2438,1
16216,1606,2914,1
16217,1606,3768,1
16218,1606,4947,1
16219,1607,2932,1
16220,1607,3575,1
16221,1608,3327,1
16222,1608,4442,1
16223,1609,1706,1
16224,1609,2703,1
16225,1609,3961,1
16226,1610,2728,1
16227,1610,3329,1
16228,1611,2732,1
16229,1612,2257,1
16230,1612,2294,1
16231,1612,3771,1
16232,1613,1808,1
16233,1613,1823,1
16234,1613,3650,1
16235,1613,3900,1
16236,1613,3957,1
16237,1614,1749,1
16238,1614,2537,1
16239,1614,2845,1
16240,1615,2285,1
16241,1615,2378,1
16242,1615,2590,1
16243,1615,2709,1
16244,1615,3651,1
16245,1617,1973,1
16246,1617,3674,1
16247,1617,4266,1
16248,1618,1663,1
16249,1619,2729,1
16250,1619,2929,1
16251,1619,4207,1
16252,1621,4189,1
16253,1621,4531,1
16254,1621,4580,1
16255,1622,1793,1
16256,1622,1796,1
16257,1622,1800,1
16258,1622,2428,1
16259,1622,3860,1
16260,1622,4095,1
16261,1622,4457,1
16262,1623,2052,1
16263,1623,2076,1
16264,1623,2334,1
16265,1623,2565,1
16266,1623,3344,1
16267,1623,3388,1
16268,1623,3418,1
16269,1623,3729,1
16270,1624,1682,1
16271,1624,3831,1
16272,1625,1829,1
16273,1625,2612,1
16274,1625,2708,1
16275,1625,3542,1
16276,1625,4923,1
16277,1626,2209,1
16278,1626,2618,1
16279,1626,4332,1
16280,1627,1856,1
16281,1627,2338,1
16282,1628,3920,1
16283,1629,2590,1
16284,1629,3920,1
16285,1630,1655,1
16286,1630,2752,1
16287,1630,2763,1
16288,1630,3793,1
16289,1630,4567,1
16290,1631,1814,1
16291,1631,3607,1
16292,1632,2390,1
16293,1632,4025,1
16294,1633,4102,1
16295,1634,1688,1
16296,1634,1780,1
16297,1634,2514,1
16298,1634,3699,1
16299,1634,4644,1
16300,1634,4711,1
16301,1634,4864,1
16302,1635,1775,1
16303,1635,1780,1
16304,1635,1947,1
16305,1635,3730,1
16306,1635,3974,1
16307,1636,2165,1
16308,1636,2272,1
16309,1636,3325,1
16310,1637,1860,1
16311,1637,1871,1
16312,1638,1737,1
16313,1638,2456,1
16314,1639,2652,1
16315,1640,2255,1
16316,1640,2379,1
16317,1640,2519,1
16318,1641,2509,1
16319,1641,2533,1
16320,1642,3039,1
16321,1643,1660,1
16322,1643,1808,1
16323,1643,2319,1
16324,1643,2891,1
16325,1643,3464,1
16326,1643,3510,1
16327,1643,4307,1
16328,1644,1648,1
16329,1644,2103,1
16330,1644,2106,1
16331,1644,2539,1
16332,1645,2529,1
16333,1646,2702,1
16334,1646,4130,1
16335,1646,4192,1
16336,1646,4726,1
16337,1647,2213,1
16338,1647,3344,1
16339,1648,2551,1
16340,1648,3350,1
16341,1648,3970,1
16342,1648,4637,1
16343,1648,4716,1
16344,1649,1740,1
16345,1649,1910,1
16346,1649,4052,1
16347,1649,4261,1
16348,1649,4572,1
16349,1650,4042,1
16350,1650,4730,1
16351,1651,2997,1
16352,1652,2883,1
16353,1652,4813,1
16354,1653,3428,1
16355,1653,3512,1
16356,1654,1709,1
16357,1654,2109,1
16358,1655,2056,1
16359,1655,2105,1
16360,1655,2820,1
16361,1656,2520,1
16362,1656,2553,1
16363,1656,2606,1
16364,1656,3071,1
16365,1656,4056,1
16366,1656,4461,1
16367,1657,1744,1
16368,1657,2522,1
16369,1658,1764,1
16370,1658,3585,1
16371,1658,3952,1
16372,1659,3101,1
16373,1659,3815,1
16374,1661,3091,1
16375,1661,4000,1
16376,1662,3163,1
16377,1662,3915,1
16378,1663,3178,1
16379,1664,1708,1
16380,1664,1778,1
16381,1664,2449,1
16382,1664,2861,1
16383,1664,3353,1
16384,1664,3605,1
16385,1664,3796,1
16386,1664,4432,1
16387,1664,4773,1
16388,1664,4862,1
16389,1665,2263,1
16390,1665,2786,1
16391,1666,3048,1
16392,1667,2198,1
16393,1667,2389,1
16394,1667,3145,1
16395,1667,4187,1
16396,1667,4889,1
16397,1668,1803,1
16398,1668,2251,1
16399,1668,3041,1
16400,1669,3625,1
16401,1669,4317,1
16402,1670,2452,1
16403,1670,4424,1
16404,1671,3915,1
16405,1671,4062,1
16406,1671,4870,1
16407,1672,3421,1
16408,1673,4922,1
16409,1674,1875,1
16410,1674,2007,1
16411,1674,2122,1
16412,1674,2266,1
16413,1675,1891,1
16414,1675,2013,1
16415,1675,3100,1
16416,1676,3715,1
16417,1676,4956,1
16418,1677,4988,1
16419,1678,1727,1
16420,1678,1865,1
16421,1678,2123,1
16422,1678,2237,1
16423,1678,2663,1
16424,1678,2768,1
16425,1678,4277,1
16426,1678,4796,1
16427,1679,3259,1
16428,1680,2482,1
16429,1681,1959,1
16430,1681,1993,1
16431,1681,3968,1
16432,1682,2315,1
16433,1682,3143,1
16434,1682,3482,1
16435,1683,1839,1
16436,1683,2362,1
16437,1684,1828,1
16438,1684,2341,1
16439,1684,4284,1
16440,1684,4825,1
16441,1685,2289,1
16442,1685,3193,1
16443,1685,3585,1
16444,1685,4650,1
16445,1687,1836,1
16446,1689,2618,1
16447,1689,3019,1
16448,1690,1894,1
16449,1690,3307,1
16450,1690,4399,1
16451,1691,2297,1
16452,1692,2584,1
16453,1692,4605,1
16454,1693,1712,1
16455,1693,1941,1
16456,1693,2369,1
16457,1693,2848,1
16458,1693,2980,1
16459,1693,3205,1
16460,1694,3888,1
16461,1694,4208,1
16462,1696,3161,1
16463,1696,4100,1
16464,1697,1975,1
16465,1697,2105,1
16466,1697,3069,1
16467,1697,4258,1
16468,1698,4212,1
16469,1698,4827,1
16470,1699,2556,1
16471,1699,2827,1
16472,1699,3096,1
16473,1699,4432,1
16474,1701,2214,1
16475,1701,2367,1
16476,1701,3497,1
16477,1701,3571,1
16478,1701,3881,1
16479,1701,4090,1
16480,1702,2802,1
16481,1702,3383,1
16482,1703,2610,1
16483,1703,3231,1
16484,1703,4426,1
16485,1705,1888,1
16486,1705,2225,1
16487,1706,1863,1
16488,1706,1876,1
16489,1706,3009,1
16490,1706,3888,1
16491,1706,4425,1
16492,1706,4905,1
16493,1707,1840,1
16494,1707,2302,1
16495,1707,4768,1
16496,1707,4777,1
16497,1708,4071,1
16498,1709,4042,1
16499,1710,2767,1
16500,1711,3338,1
16501,1711,3745,1
16502,1711,3891,1
16503,1711,4204,1
16504,1711,4218,1
16505,1711,4247,1
16506,1711,4672,1
16507,1714,2283,1
16508,1714,2829,1
16509,1715,2686,1
16510,1715,2807,1
16511,1715,3305,1
16512,1715,4130,1
16513,1715,4134,1
16514,1716,2530,1
16515,1716,3134,1
16516,1717,1876,1
16517,1717,3256,1
16518,1717,4721,1
16519,1717,4990,1
16520,1718,3111,1
16521,1718,4059,1
16522,1718,4690,1
16523,1719,2226,1
16524,1719,2335,1
16525,1719,3325,1
16526,1719,4376,1
16527,1720,2148,1
16528,1720,2935,1
16529,1720,3210,1
16530,1720,3258,1
16531,1720,3431,1
16532,1720,3457,1
16533,1721,1744,1
16534,1721,2137,1
16535,1721,2541,1
16536,1721,3310,1
16537,1721,4073,1
16538,1721,4108,1
16539,1722,2308,1
16540,1722,3017,1
16541,1722,3427,1
16542,1722,4975,1
16543,1723,3809,1
16544,1723,4899,1
16545,1724,2208,1
16546,1724,3456,1
16547,1726,3045,1
16548,1726,3246,1
16549,1727,2427,1
16550,1727,3206,1
16551,1727,4191,1
16552,1728,2476,1
16553,1728,3138,1
16554,1728,4157,1
16555,1728,4363,1
16556,1729,2238,1
16557,1729,2395,1
16558,1729,2459,1
16559,1729,2792,1
16560,1729,3242,1
16561,1729,3308,1
16562,1729,3490,1
16563,1730,2054,1
16564,1730,2110,1
16565,1732,1759,1
16566,1732,2019,1
16567,1732,2188,1
16568,1732,3218,1
16569,1732,3509,1
16570,1732,4330,1
16571,1732,4745,1
16572,1732,4884,1
16573,1733,1877,1
16574,1733,2411,1
16575,1733,3015,1
16576,1735,1758,1
16577,1735,2941,1
16578,1736,1870,1
16579,1737,3237,1
16580,1737,3277,1
16581,1737,4077,1
16582,1738,2633,1
16583,1738,3051,1
16584,1738,4521,1
16585,1740,2059,1
16586,1740,2323,1
16587,1740,3270,1
16588,1740,4652,1
16589,1741,2527,1
16590,1741,3396,1
16591,1741,3650,1
16592,1741,4477,1
16593,1742,1867,1
16594,1742,2525,1
16595,1742,2922,1
16596,1742,3461,1
16597,1742,3867,1
16598,1742,4975,1
16599,1743,4090,1
16600,1744,2116,1
16601,1745,2360,1
16602,1745,2723,1
16603,1745,3270,1
16604,1745,3481,1
16605,1746,1899,1
16606,1746,4361,1
16607,1746,4540,1
16608,1746,4565,1
16609,1747,3323,1
16610,1748,4242,1
16611,1748,4615,1
16612,1749,1777,1
16613,1749,3860,1
16614,1750,4673,1
16615,1751,2626,1
16616,1752,2096,1
16617,1752,2846,1
16618,1752,3199,1
16619,1752,3995,1
16620,1752,4136,1
16621,1753,2325,1
16622,1753,4351,1
16623,1754,2732,1
16624,1754,4002,1
16625,1755,2879,1
16626,1756,2376,1
16627,1756,2401,1
16628,1756,2727,1
16629,1756,3146,1
16630,1757,1795,1
16631,1757,3396,1
16632,1757,3562,1
16633,1759,2690,1
16634,1759,3359,1
16635,1760,1800,1
16636,1760,2675,1
16637,1760,3029,1
16638,1760,4376,1
16639,1761,2973,1
16640,1761,3938,1
16641,1761,4256,1
16642,1761,4746,1
16643,1761,4897,1
16644,1761,4997,1
16645,1762,2775,1
16646,1762,4403,1
16647,1763,2002,1
16648,1764,4276,1
16649,1766,2186,1
16650,1766,3219,1
16651,1767,2025,1
16652,1768,3895,1
16653,1769,2566,1
16654,1770,1931,1
16655,1770,2567,1
16656,1770,2653,1
16657,1770,2958,1
16658,1770,4023,1
16659,1771,3603,1
16660,1771,4683,1
16661,1771,4850,1
16662,1772,1955,1
16663,1772,2584,1
16664,1772,3948,1
16665,1773,3366,1
16666,1773,3459,1
16667,1773,4503,1
16668,1773,4840,1
16669,1774,3085,1
16670,1774,3390,1
16671,1775,1964,1
16672,1775,4201,1
16673,1776,4052,1
16674,1777,1915,1
16675,1778,2576,1
16676,1778,3988,1
16677,1779,2869,1
16678,1779,2996,1
16679,1780,2366,1
16680,1780,2499,1
16681,1780,4244,1
16682,1781,2220,1
16683,1781,3394,1
16684,1781,3631,1
16685,1781,3676,1
16686,1782,2084,1
16687,1782,2338,1
16688,1782,2380,1
16689,1782,2569,1
16690,1782,3037,1
16691,1782,3774,1
16692,1782,3824,1
16693,1782,4389,1
16694,1782,4579,1
16695,1782,4677,1
16696,1783,3647,1
16697,1783,4676,1
16698,1784,3387,1
16699,1784,4354,1
16700,1785,1921,1
16701,1786,2195,1
16702,1786,3007,1
16703,1788,1882,1
16704,1789,4703,1
16705,1790,2877,1
16706,1790,2912,1
16707,1790,4192,1
16708,1791,2526,1
16709,1791,3631,1
16710,1791,4470,1
16711,1793,1996,1
16712,1793,2425,1
16713,1794,2287,1
16714,1794,2506,1
16715,1794,2681,1
16716,1794,2698,1
16717,1794,3101,1
16718,1794,4076,1
16719,1796,2225,1
16720,1796,3120,1
16721,1796,3921,1
16722,1796,4164,1
16723,1797,2580,1
16724,1798,3164,1
16725,1798,4744,1
16726,1799,2199,1
16727,1799,2854,1
16728,1799,3859,1
16729,1800,2752,1
16730,1801,1901,1
16731,1801,2212,1
16732,1801,4466,1
16733,1801,4785,1
16734,1802,2620,1
16735,1802,3774,1
16736,1802,3936,1
16737,1803,3454,1
16738,1803,4161,1
16739,1804,2555,1
16740,1804,4765,1
16741,1806,1997,1
16742,1806,3272,1
16743,1806,4560,1
16744,1808,4109,1
16745,1810,3090,1
16746,1810,3682,1
16747,1811,3193,1
16748,1814,2896,1
16749,1815,2191,1
16750,1815,2867,1
16751,1815,4980,1
16752,1816,2244,1
16753,1816,3448,1
16754,1816,4176,1
16755,1816,4406,1
16756,1817,1981,1
16757,1817,2121,1
16758,1817,3311,1
16759,1817,4736,1
16760,1818,3075,1
16761,1818,4464,1
16762,1818,4958,1
16763,1819,3876,1
16764,1819,4967,1
16765,1820,1952,1
16766,1821,3860,1
16767,1821,4554,1
16768,1821,4771,1
16769,1822,1956,1
16770,1822,2118,1
16771,1822,2718,1
16772,1822,4043,1
16773,1822,4226,1
16774,1822,4292,1
16775,1822,4874,1
16776,1823,2173,1
16777,1823,3126,1
16778,1823,3875,1
16779,1823,4148,1
16780,1823,4423,1
16781,1823,4842,1
16782,1824,2172,1
16783,1824,2317,1
16784,1824,2698,1
16785,1825,2317,1
16786,1825,2361,1
16787,1825,2686,1
16788,1825,2699,1
16789,1825,2908,1
16790,1825,4687,1
16791,1826,4414,1
16792,1826,4474,1
16793,1827,2275,1
16794,1828,3460,1
16795,1828,3599,1
16796,1828,3780,1
16797,1828,4546,1
16798,1829,1850,1
16799,1829,3057,1
16800,1829,3875,1
16801,1829,3985,1
16802,1829,4329,1
16803,1830,1862,1
16804,1830,2205,1
16805,1830,2211,1
16806,1830,2906,1
16807,1830,4794,1
16808,1830,4906,1
16809,1831,3218,1
16810,1831,4783,1
16811,1831,4836,1
16812,1832,1840,1
16813,1832,2579,1
16814,1832,3779,1
16815,1833,4159,1
16816,1833,4436,1
16817,1834,2421,1
16818,1834,2464,1
16819,1834,2790,1
16820,1834,4768,1
16821,1835,2035,1
16822,1836,2488,1
16823,1836,3154,1
16824,1836,3361,1
16825,1836,4832,1
16826,1838,4613,1
16827,1838,4700,1
16828,1839,2189,1
16829,1839,2247,1
16830,1839,2394,1
16831,1839,3019,1
16832,1839,4683,1
16833,1840,2445,1
16834,1841,3116,1
16835,1841,3550,1
16836,1841,3633,1
16837,1842,4231,1
16838,1843,3685,1
16839,1844,3828,1
16840,1844,4656,1
16841,1844,4712,1
16842,1845,2902,1
16843,1845,3536,1
16844,1845,4594,1
16845,1846,2422,1
16846,1846,4069,1
16847,1847,2038,1
16848,1847,3075,1
16849,1848,1927,1
16850,1848,2101,1
16851,1848,3696,1
16852,1848,4326,1
16853,1849,1969,1
16854,1849,2153,1
16855,1849,2701,1
16856,1849,2957,1
16857,1849,3191,1
16858,1849,4314,1
16859,1850,2005,1
16860,1851,2395,1
16861,1851,3227,1
16862,1851,4538,1
16863,1851,4990,1
16864,1853,2585,1
16865,1853,2792,1
16866,1853,3026,1
16867,1853,3571,1
16868,1853,3782,1
16869,1853,3893,1
16870,1854,3656,1
16871,1854,4447,1
16872,1855,3254,1
16873,1856,1973,1
16874,1856,2594,1
16875,1857,2061,1
16876,1857,4278,1
16877,1858,4488,1
16878,1859,2160,1
16879,1860,2203,1
16880,1860,3792,1
16881,1860,4647,1
16882,1861,3339,1
16883,1861,4009,1
16884,1862,2426,1
16885,1862,2600,1
16886,1863,3647,1
16887,1863,3916,1
16888,1863,3982,1
16889,1864,3266,1
16890,1864,3487,1
16891,1865,3141,1
16892,1865,3477,1
16893,1865,4393,1
16894,1866,3104,1
16895,1866,4593,1
16896,1867,3509,1
16897,1868,1931,1
16898,1868,2775,1
16899,1868,3501,1
16900,1868,3511,1
16901,1868,4892,1
16902,1869,2996,1
16903,1869,3095,1
16904,1870,2796,1
16905,1870,3645,1
16906,1871,1951,1
16907,1871,2018,1
16908,1871,2169,1
16909,1871,2309,1
16910,1871,2822,1
16911,1872,2594,1
16912,1873,4064,1
16913,1873,4445,1
16914,1873,4788,1
16915,1874,4776,1
16916,1875,2290,1
16917,1875,2716,1
16918,1875,3825,1
16919,1876,1966,1
16920,1876,3709,1
16921,1877,2260,1
16922,1877,2362,1
16923,1877,4380,1
16924,1878,2586,1
16925,1879,2211,1
16926,1879,2249,1
16927,1879,2735,1
16928,1881,3263,1
16929,1882,3204,1
16930,1882,3439,1
16931,1882,4824,1
16932,1883,2886,1
16933,1884,2700,1
16934,1884,3987,1
16935,1884,4501,1
16936,1884,4617,1
16937,1884,4950,1
16938,1886,1978,1
16939,1886,2146,1
16940,1886,3513,1
16941,1887,2388,1
16942,1887,3046,1
16943,1887,3070,1
16944,1887,3712,1
16945,1887,4270,1
16946,1887,4779,1
16947,1887,4814,1
16948,1888,3189,1
16949,1888,4265,1
16950,1889,3610,1
16951,1889,3898,1
16952,1889,4244,1
16953,1889,4453,1
16954,1889,4886,1
16955,1890,3331,1
16956,1890,3864,1
16957,1890,3949,1
16958,1890,4589,1
16959,1890,4955,1
16960,1891,3561,1
16961,1891,4878,1
16962,1891,4928,1
16963,1892,2042,1
16964,1892,2274,1
16965,1892,2885,1
16966,1892,3309,1
16967,1892,4203,1
16968,1892,4281,1
16969,1895,3742,1
16970,1897,3562,1
16971,1897,3897,1
16972,1897,4016,1
16973,1898,3880,1
16974,1898,4758,1
16975,1899,2124,1
16976,1899,3166,1
16977,1900,2215,1
16978,1900,2484,1
16979,1900,4005,1
16980,1900,4276,1
16981,1900,4399,1
16982,1901,2108,1
16983,1901,2398,1
16984,1901,3080,1
16985,1901,3427,1
16986,1902,4421,1
16987,1903,2298,1
16988,1903,2582,1
16989,1903,2591,1
16990,1903,4084,1
16991,1904,3096,1
16992,1905,3617,1
16993,1906,4025,1
16994,1908,2248,1
16995,1908,3365,1
16996,1908,4418,1
16997,1910,2384,1
16998,1910,2591,1
16999,1911,3812,1
17000,1912,2701,1
17001,1912,3730,1
17002,1912,3767,1
17003,1912,4174,1
17004,1913,4307,1
17005,1914,2189,1
17006,1915,2818,1
17007,1915,4507,1
17008,1915,4687,1
17009,1915,4782,1
17010,1916,2585,1
17011,1916,2945,1
17012,1916,3122,1
17013,1916,4915,1
17014,1917,2403,1
17015,1917,4527,1
17016,1918,2557,1
17017,1918,2786,1
17018,1918,2885,1
17019,1918,3661,1
17020,1919,2009,1
17021,1919,2117,1
17022,1919,2851,1
17023,1919,3701,1
17024,1920,2582,1
17025,1920,4783,1
17026,1921,4067,1
17027,1922,3168,1
17028,1922,3648,1
17029,1922,4707,1
17030,1923,3309,1
17031,1924,2855,1
17032,1925,3336,1
17033,1925,4555,1
17034,1926,2581,1
17035,1926,2751,1
17036,1926,3537,1
17037,1927,2782,1
17038,1927,2951,1
17039,1927,3473,1
17040,1927,3872,1
17041,1928,2092,1
17042,1928,2253,1
17043,1928,3184,1
17044,1929,4459,1
17045,1930,4183,1
17046,1932,4073,1
17047,1933,2157,1
17048,1933,2612,1
17049,1933,2862,1
17050,1933,3118,1
17051,1933,3208,1
17052,1933,3973,1
17053,1933,4830,1
17054,1934,2170,1
17055,1935,3673,1
17056,1935,4644,1
17057,1936,2294,1
17058,1936,2408,1
17059,1936,2596,1
17060,1936,2617,1
17061,1936,3292,1
17062,1936,4990,1
17063,1937,4618,1
17064,1938,2963,1
17065,1939,1944,1
17066,1939,1970,1
17067,1939,2742,1
17068,1939,2823,1
17069,1939,3361,1
17070,1939,3387,1
17071,1939,3609,1
17072,1939,4119,1
17073,1939,4480,1
17074,1939,4786,1
17075,1939,4857,1
17076,1939,4870,1
17077,1940,4318,1
17078,1941,4739,1
17079,1942,2772,1
17080,1942,4896,1
17081,1944,1987,1
17082,1946,2031,1
17083,1946,3507,1
17084,1946,4141,1
17085,1946,4171,1
17086,1947,2261,1
17087,1948,2688,1
17088,1948,3270,1
17089,1949,3346,1
17090,1950,3495,1
17091,1950,4087,1
17092,1951,3895,1
17093,1951,4303,1
17094,1952,2112,1
17095,1952,4898,1
17096,1953,2970,1
17097,1953,3291,1
17098,1953,3366,1
17099,1953,4271,1
17100,1954,2380,1
17101,1954,3762,1
17102,1954,4764,1
17103,1956,2261,1
17104,1956,2685,1
17105,1956,3008,1
17106,1956,3903,1
17107,1956,4014,1
17108,1956,4164,1
17109,1956,4414,1
17110,1957,4993,1
17111,1958,3738,1
17112,1958,4661,1
17113,1959,2719,1
17114,1959,3479,1
17115,1962,2093,1
17116,1962,3760,1
17117,1962,4413,1
17118,1963,2642,1
17119,1963,3089,1
17120,1963,3097,1
17121,1963,4028,1
17122,1964,2723,1
17123,1964,3599,1
17124,1965,2014,1
17125,1965,3253,1
17126,1966,2034,1
17127,1968,2565,1
17128,1968,2690,1
17129,1968,2731,1
17130,1968,3165,1
17131,1968,3283,1
17132,1968,4142,1
17133,1969,3527,1
17134,1970,2471,1
17135,1970,3172,1
17136,1970,3248,1
17137,1970,3824,1
17138,1971,3362,1
17139,1972,2854,1
17140,1972,3358,1
17141,1972,3597,1
17142,1973,3301,1
17143,1974,2016,1
17144,1974,2212,1
17145,1974,2500,1
17146,1974,3885,1
17147,1974,4233,1
17148,1975,2849,1
17149,1976,2339,1
17150,1977,2404,1
17151,1979,2277,1
17152,1979,2870,1
17153,1979,3018,1
17154,1979,3063,1
17155,1979,3838,1
17156,1979,4527,1
17157,1981,2652,1
17158,1981,2760,1
17159,1981,4360,1
17160,1982,2367,1
17161,1982,3117,1
17162,1982,3535,1
17163,1982,3864,1
17164,1982,4936,1
17165,1983,3078,1
17166,1983,3788,1
17167,1983,4171,1
17168,1983,4200,1
17169,1984,2150,1
17170,1984,2457,1
17171,1984,2738,1
17172,1986,2254,1
17173,1987,2645,1
17174,1987,4770,1
17175,1987,4808,1
17176,1988,2634,1
17177,1988,3702,1
17178,1989,3288,1
17179,1989,3767,1
17180,1989,3785,1
17181,1989,3841,1
17182,1990,3100,1
17183,1991,2203,1
17184,1991,2276,1
17185,1991,2726,1
17186,1991,2742,1
17187,1991,3214,1
17188,1992,3067,1
17189,1993,3666,1
17190,1993,4446,1
17191,1994,2024,1
17192,1995,2282,1
17193,1995,3055,1
17194,1995,4785,1
17195,1996,4720,1
17196,1997,2348,1
17197,1997,2570,1
17198,1997,2757,1
17199,1997,3220,1
17200,1997,3531,1
17201,1997,4120,1
17202,1997,4604,1
17203,1999,2327,1
17204,1999,2472,1
17205,1999,2954,1
17206,1999,3236,1
17207,1999,3714,1
17208,1999,4318,1
17209,2001,2370,1
17210,2001,2845,1
17211,2002,3064,1
17212,2002,3376,1
17213,2002,3896,1
17214,2002,4037,1
17215,2003,2438,1
17216,2003,2778,1
17217,2004,2572,1
17218,2004,2748,1
17219,2004,3233,1
17220,2004,3849,1
17221,2005,2168,1
17222,2006,3852,1
17223,2007,3917,1
17224,2007,4017,1
17225,2007,4712,1
17226,2007,4774,1
17227,2007,4959,1
17228,2009,3189,1
17229,2009,3284,1
17230,2009,4482,1
17231,2009,4647,1
17232,2009,4961,1
17233,2010,2485,1
17234,2010,2509,1
17235,2010,2878,1
17236,2010,4433,1
17237,2011,3802,1
17238,2011,4252,1
17239,2012,2343,1
17240,2012,2542,1
17241,2012,2650,1
17242,2012,3321,1
17243,2012,3563,1
17244,2012,3601,1
17245,2012,3673,1
17246,2012,3703,1
17247,2013,3106,1
17248,2014,2399,1
17249,2014,3120,1
17250,2016,3050,1
17251,2017,3086,1
17252,2017,3659,1
17253,2017,4089,1
17254,2018,3759,1
17255,2018,3803,1
17256,2019,2902,1
17257,2019,3939,1
17258,2020,2274,1
17259,2020,2498,1
17260,2020,2739,1
17261,2020,3467,1
17262,2020,4364,1
17263,2021,2327,1
17264,2021,3726,1
17265,2021,3924,1
17266,2021,4124,1
17267,2022,2691,1
17268,2022,3487,1
17269,2023,2443,1
17270,2023,2888,1
17271,2023,3713,1
17272,2024,2559,1
17273,2024,2889,1
17274,2024,2987,1
17275,2025,2448,1
17276,2026,2987,1
17277,2026,3432,1
17278,2026,4431,1
17279,2027,2497,1
17280,2027,2703,1
17281,2027,3138,1
17282,2027,3344,1
17283,2028,3496,1
17284,2031,3393,1
17285,2031,4739,1
17286,2032,2187,1
17287,2032,2917,1
17288,2033,2147,1
17289,2033,2451,1
17290,2033,2592,1
17291,2033,2991,1
17292,2033,3058,1
17293,2033,3971,1
17294,2034,2179,1
17295,2034,2617,1
17296,2034,3090,1
17297,2034,4275,1
17298,2035,2798,1
17299,2036,2268,1
17300,2036,3191,1
17301,2037,2591,1
17302,2037,3125,1
17303,2037,3416,1
17304,2038,2239,1
17305,2038,2696,1
17306,2039,3552,1
17307,2039,4028,1
17308,2040,4295,1
17309,2040,4422,1
17310,2040,4530,1
17311,2040,4924,1
17312,2041,2433,1
17313,2041,4313,1
17314,2043,2517,1
17315,2043,3036,1
17316,2043,3273,1
17317,2043,4531,1
17318,2044,2325,1
17319,2047,2232,1
17320,2048,3128,1
17321,2049,2709,1
17322,2049,2888,1
17323,2049,4142,1
17324,2049,4451,1
17325,2050,2483,1
17326,2051,2160,1
17327,2051,2751,1
17328,2054,2220,1
17329,2054,2509,1
17330,2054,4396,1
17331,2056,2736,1
17332,2056,3926,1
17333,2056,3983,1
17334,2056,4598,1
17335,2059,2153,1
17336,2059,2546,1
17337,2059,4013,1
17338,2059,4650,1
17339,2059,4866,1
17340,2060,2663,1
17341,2060,3510,1
17342,2060,4037,1
17343,2061,3155,1
17344,2062,4158,1
17345,2063,2210,1
17346,2063,2226,1
17347,2063,2404,1
17348,2063,3064,1
17349,2063,3549,1
17350,2063,3568,1
17351,2063,3730,1
17352,2063,4400,1
17353,2063,4503,1
17354,2063,4721,1
17355,2063,4828,1
17356,2064,2344,1
17357,2064,3524,1
17358,2064,3766,1
17359,2064,4723,1
17360,2065,2812,1
17361,2065,3592,1
17362,2066,2897,1
17363,2066,2931,1
17364,2066,3871,1
17365,2066,4519,1
17366,2067,2819,1
17367,2067,4233,1
17368,2068,2274,1
17369,2069,2639,1
17370,2071,2336,1
17371,2074,2161,1
17372,2075,2510,1
17373,2075,3592,1
17374,2075,4048,1
17375,2076,2144,1
17376,2076,2443,1
17377,2076,3157,1
17378,2076,3868,1
17379,2077,2244,1
17380,2077,3317,1
17381,2077,4014,1
17382,2078,2213,1
17383,2078,3037,1
17384,2078,3266,1
17385,2078,3593,1
17386,2078,3927,1
17387,2079,2394,1
17388,2079,3534,1
17389,2079,4724,1
17390,2080,3262,1
17391,2080,4668,1
17392,2080,4873,1
17393,2080,4910,1
17394,2081,2867,1
17395,2081,4123,1
17396,2081,4850,1
17397,2081,4952,1
17398,2082,2962,1
17399,2082,3087,1
17400,2082,3136,1
17401,2082,3756,1
17402,2083,3634,1
17403,2084,2721,1
17404,2085,2430,1
17405,2085,3658,1
17406,2085,4569,1
17407,2086,2225,1
17408,2086,3167,1
17409,2086,4805,1
17410,2087,4098,1
17411,2087,4826,1
17412,2088,2245,1
17413,2088,2319,1
17414,2088,2929,1
17415,2090,4036,1
17416,2090,4733,1
17417,2091,4746,1
17418,2092,2163,1
17419,2092,3117,1
17420,2092,3480,1
17421,2092,4160,1
17422,2093,4276,1
17423,2095,3039,1
17424,2095,3172,1
17425,2095,4230,1
17426,2096,2153,1
17427,2096,2188,1
17428,2096,2520,1
17429,2096,2911,1
17430,2096,3342,1
17431,2097,3526,1
17432,2098,3252,1
17433,2099,2133,1
17434,2099,2377,1
17435,2099,2682,1
17436,2099,3991,1
17437,2099,4484,1
17438,2099,4508,1
17439,2100,4640,1
17440,2101,2162,1
17441,2101,2587,1
17442,2101,3203,1
17443,2101,3448,1
17444,2103,3109,1
17445,2105,2358,1
17446,2105,2951,1
17447,2106,2541,1
17448,2106,4182,1
17449,2107,4359,1
17450,2108,2518,1
17451,2108,3464,1
17452,2108,4259,1
17453,2108,4642,1
17454,2108,4848,1
17455,2109,2785,1
17456,2109,3237,1
17457,2109,3663,1
17458,2109,4441,1
17459,2109,4468,1
17460,2111,2865,1
17461,2112,2357,1
17462,2112,2423,1
17463,2112,3496,1
17464,2113,2802,1
17465,2114,2572,1
17466,2114,2674,1
17467,2115,2800,1
17468,2115,3136,1
17469,2115,4178,1
17470,2116,3280,1
17471,2117,3521,1
17472,2119,2216,1
17473,2119,2338,1
17474,2119,2955,1
17475,2120,2981,1
17476,2120,2998,1
17477,2120,4618,1
17478,2121,2250,1
17479,2121,2597,1
17480,2121,3636,1
17481,2122,4612,1
17482,2123,2537,1
17483,2124,2332,1
17484,2124,4122,1
17485,2124,4370,1
17486,2125,2227,1
17487,2126,2656,1
17488,2126,2718,1
17489,2126,3075,1
17490,2126,4361,1
17491,2129,2159,1
17492,2130,4438,1
17493,2130,4967,1
17494,2131,2145,1
17495,2132,2159,1
17496,2132,2793,1
17497,2132,4514,1
17498,2133,2389,1
17499,2133,3446,1
17500,2135,2935,1
17501,2135,3083,1
17502,2135,3653,1
17503,2136,2149,1
17504,2136,3982,1
17505,2137,2917,1
17506,2137,3547,1
17507,2137,4932,1
17508,2139,2499,1
17509,2139,3761,1
17510,2139,4789,1
17511,2141,4681,1
17512,2142,4772,1
17513,2143,4949,1
17514,2144,4616,1
17515,2145,3067,1
17516,2145,3279,1
17517,2146,2735,1
17518,2146,2935,1
17519,2146,4887,1
17520,2147,3434,1
17521,2148,3739,1
17522,2148,4561,1
17523,2149,3449,1
17524,2151,2472,1
17525,2151,2962,1
17526,2152,2201,1
17527,2153,2538,1
17528,2153,4151,1
17529,2153,4965,1
17530,2154,3216,1
17531,2154,3511,1
17532,2155,2437,1
17533,2156,3866,1
17534,2156,4726,1
17535,2157,2946,1
17536,2157,3230,1
17537,2157,4832,1
17538,2158,2309,1
17539,2158,2478,1
17540,2158,2636,1
17541,2158,2795,1
17542,2158,3143,1
17543,2158,3628,1
17544,2158,3651,1
17545,2158,4757,1
17546,2159,2567,1
17547,2160,2440,1
17548,2160,2670,1
17549,2160,3748,1
17550,2160,3829,1
17551,2160,4037,1
17552,2160,4252,1
17553,2160,4642,1
17554,2161,3736,1
17555,2162,2704,1
17556,2162,3303,1
17557,2162,3832,1
17558,2162,4455,1
17559,2163,2796,1
17560,2163,3580,1
17561,2164,2432,1
17562,2164,3923,1
17563,2165,4475,1
17564,2166,2470,1
17565,2166,2540,1
17566,2166,2695,1
17567,2166,3373,1
17568,2166,4583,1
17569,2166,4665,1
17570,2167,2223,1
17571,2167,2240,1
17572,2167,2485,1
17573,2167,2616,1
17574,2167,3068,1
17575,2167,3179,1
17576,2167,3470,1
17577,2168,3428,1
17578,2168,3867,1
17579,2170,2331,1
17580,2171,3784,1
17581,2171,4324,1
17582,2171,4371,1
17583,2171,4934,1
17584,2172,3986,1
17585,2172,4884,1
17586,2174,2358,1
17587,2174,4620,1
17588,2175,2197,1
17589,2175,3296,1
17590,2175,3458,1
17591,2176,2188,1
17592,2177,2281,1
17593,2177,2285,1
17594,2178,2726,1
17595,2178,3033,1
17596,2178,3368,1
17597,2178,4518,1
17598,2179,3034,1
17599,2182,3658,1
17600,2182,4300,1
17601,2182,4822,1
17602,2184,2864,1
17603,2185,2345,1
17604,2186,2227,1
17605,2186,2682,1
17606,2186,2706,1
17607,2186,3894,1
17608,2186,4266,1
17609,2186,4812,1
17610,2189,2409,1
17611,2190,3084,1
17612,2190,3547,1
17613,2190,4545,1
17614,2190,4865,1
17615,2191,2396,1
17616,2192,3742,1
17617,2193,3167,1
17618,2193,4173,1
17619,2194,3084,1
17620,2194,3580,1
17621,2194,4022,1
17622,2195,3891,1
17623,2197,2983,1
17624,2197,3570,1
17625,2197,4382,1
17626,2198,2926,1
17627,2199,2391,1
17628,2199,3043,1
17629,2200,2304,1
17630,2200,4305,1
17631,2201,3002,1
17632,2202,2336,1
17633,2202,3584,1
17634,2202,3606,1
17635,2202,4045,1
17636,2203,2544,1
17637,2205,2863,1
17638,2205,3868,1
17639,2208,4550,1
17640,2208,4578,1
17641,2209,3282,1
17642,2209,4132,1
17643,2209,4175,1
17644,2210,2619,1
17645,2210,4071,1
17646,2210,4075,1
17647,2210,4504,1
17648,2211,2982,1
17649,2211,3854,1
17650,2211,4311,1
17651,2212,2872,1
17652,2212,3202,1
17653,2212,4793,1
17654,2213,2777,1
17655,2213,4908,1
17656,2214,2479,1
17657,2214,3399,1
17658,2214,3824,1
17659,2214,4865,1
17660,2215,3375,1
17661,2215,4952,1
17662,2216,2351,1
17663,2216,2404,1
17664,2216,3644,1
17665,2216,4590,1
17666,2217,2822,1
17667,2217,3229,1
17668,2217,3252,1
17669,2219,3956,1
17670,2221,3986,1
17671,2222,3094,1
17672,2222,3322,1
17673,2222,4069,1
17674,2222,4290,1
17675,2223,2322,1
17676,2223,3245,1
17677,2223,3518,1
17678,2224,2754,1
17679,2225,3531,1
17680,2226,2681,1
17681,2226,2953,1
17682,2228,2568,1
17683,2228,2848,1
17684,2228,3479,1
17685,2228,3722,1
17686,2229,3321,1
17687,2229,3900,1
17688,2229,4435,1
17689,2230,2254,1
17690,2231,4752,1
17691,2232,2282,1
17692,2232,2590,1
17693,2232,2625,1
17694,2232,3998,1
17695,2232,4491,1
17696,2235,3060,1
17697,2237,2409,1
17698,2238,2536,1
17699,2238,4262,1
17700,2239,2474,1
17701,2239,4945,1
17702,2240,2283,1
17703,2240,3086,1
17704,2241,2691,1
17705,2241,2763,1
17706,2241,4157,1
17707,2243,2313,1
17708,2244,2803,1
17709,2245,3804,1
17710,2246,2697,1
17711,2246,3498,1
17712,2247,2432,1
17713,2248,2443,1
17714,2249,2852,1
17715,2249,2921,1
17716,2249,2960,1
17717,2249,3712,1
17718,2250,2400,1
17719,2251,2785,1
17720,2252,2642,1
17721,2252,3663,1
17722,2252,4321,1
17723,2252,4437,1
17724,2253,2414,1
17725,2255,3798,1
17726,2255,4006,1
17727,2256,2405,1
17728,2256,4860,1
17729,2257,2420,1
17730,2258,2549,1
17731,2260,4646,1
17732,2262,4150,1
17733,2262,4604,1
17734,2263,2671,1
17735,2263,4763,1
17736,2263,4880,1
17737,2264,4177,1
17738,2265,2327,1
17739,2265,3092,1
17740,2267,3874,1
17741,2267,3882,1
17742,2267,4045,1
17743,2268,3027,1
17744,2268,4356,1
17745,2268,4843,1
17746,2269,2887,1
17747,2269,2923,1
17748,2270,2843,1
17749,2270,3358,1
17750,2271,4549,1
17751,2272,4119,1
17752,2272,4506,1
17753,2273,3094,1
17754,2273,4127,1
17755,2276,3286,1
17756,2276,3612,1
17757,2276,3887,1
17758,2276,4240,1
17759,2276,4403,1
17760,2277,2910,1
17761,2277,4216,1
17762,2278,2342,1
17763,2278,3722,1
17764,2278,4111,1
17765,2278,4829,1
17766,2279,2459,1
17767,2279,3551,1
17768,2280,2503,1
17769,2281,2473,1
17770,2281,2789,1
17771,2281,2852,1
17772,2281,3661,1
17773,2281,4139,1
17774,2281,4320,1
17775,2281,4583,1
17776,2282,3688,1
17777,2282,4021,1
17778,2282,4251,1
17779,2282,4893,1
17780,2284,4090,1
17781,2285,3912,1
17782,2285,4178,1
17783,2285,4820,1
17784,2286,4858,1
17785,2287,2482,1
17786,2287,2576,1
17787,2287,2612,1
17788,2287,3107,1
17789,2287,3444,1
17790,2287,4320,1
17791,2287,4424,1
17792,2288,3290,1
17793,2288,3558,1
17794,2288,3588,1
17795,2289,2740,1
17796,2289,3795,1
17797,2290,2477,1
17798,2290,2774,1
17799,2290,4834,1
17800,2291,2839,1
17801,2291,3366,1
17802,2292,2981,1
17803,2292,3129,1
17804,2292,3166,1
17805,2292,3332,1
17806,2292,3678,1
17807,2292,3904,1
17808,2292,4063,1
17809,2292,4396,1
17810,2293,3930,1
17811,2293,4071,1
17812,2293,4155,1
17813,2294,3681,1
17814,2296,3215,1
17815,2296,3721,1
17816,2296,4398,1
17817,2298,4654,1
17818,2299,3848,1
17819,2299,4869,1
17820,2300,3443,1
17821,2301,2592,1
17822,2301,4236,1
17823,2302,2562,1
17824,2302,3046,1
17825,2302,3179,1
17826,2302,3462,1
17827,2302,3620,1
17828,2302,3860,1
17829,2302,4657,1
17830,2303,2578,1
17831,2305,2620,1
17832,2306,2366,1
17833,2306,3049,1
17834,2306,3497,1
17835,2306,4267,1
17836,2307,3823,1
17837,2308,2551,1
17838,2309,2473,1
17839,2309,2825,1
17840,2309,3581,1
17841,2309,4161,1
17842,2309,4489,1
17843,2310,2517,1
17844,2310,2876,1
17845,2310,3315,1
17846,2310,3439,1
17847,2311,3635,1
17848,2313,3484,1
17849,2313,3552,1
17850,2314,2409,1
17851,2314,2465,1
17852,2314,2574,1
17853,2314,2886,1
17854,2314,3016,1
17855,2314,3250,1
17856,2314,3377,1
17857,2314,3844,1
17858,2314,4150,1
17859,2315,4588,1
17860,2315,4904,1
17861,2317,2329,1
17862,2317,3089,1
17863,2317,3337,1
17864,2317,4156,1
17865,2318,2407,1
17866,2318,2548,1
17867,2319,2875,1
17868,2319,3468,1
17869,2322,2413,1
17870,2322,2638,1
17871,2322,3074,1
17872,2323,2376,1
17873,2325,2615,1
17874,2326,2874,1
17875,2326,3161,1
17876,2326,4775,1
17877,2328,2342,1
17878,2328,2470,1
17879,2328,2544,1
17880,2328,2825,1
17881,2328,3434,1
17882,2329,2448,1
17883,2329,2640,1
17884,2329,3474,1
17885,2329,4306,1
17886,2330,2701,1
17887,2330,2966,1
17888,2330,3466,1
17889,2332,2487,1
17890,2334,2812,1
17891,2334,2860,1
17892,2334,2915,1
17893,2334,3001,1
17894,2334,4344,1
17895,2335,2783,1
17896,2335,4465,1
17897,2337,4844,1
17898,2339,2378,1
17899,2339,3213,1
17900,2340,2608,1
17901,2340,3476,1
17902,2340,3637,1
17903,2340,3977,1
17904,2340,4387,1
17905,2341,3000,1
17906,2341,3440,1
17907,2342,3863,1
17908,2344,2475,1
17909,2344,2616,1
17910,2344,3282,1
17911,2344,4663,1
17912,2345,3079,1
17913,2345,4756,1
17914,2346,2368,1
17915,2346,2494,1
17916,2346,3101,1
17917,2346,3226,1
17918,2346,3758,1
17919,2346,4235,1
17920,2346,4880,1
17921,2347,4015,1
17922,2347,4204,1
17923,2348,4515,1
17924,2348,4884,1
17925,2349,2445,1
17926,2349,2717,1
17927,2349,4756,1
17928,2350,3506,1
17929,2350,4359,1
17930,2350,4791,1
17931,2352,3371,1
17932,2352,3627,1
17933,2353,3933,1
17934,2354,2567,1
17935,2354,4287,1
17936,2356,2421,1
17937,2356,2575,1
17938,2356,2735,1
17939,2358,3216,1
17940,2358,4901,1
17941,2359,2747,1
17942,2359,2775,1
17943,2359,2885,1
17944,2359,3162,1
17945,2359,3657,1
17946,2360,2585,1
17947,2360,3038,1
17948,2360,3378,1
17949,2360,3647,1
17950,2361,2589,1
17951,2361,4616,1
17952,2363,4716,1
17953,2365,4314,1
17954,2366,3971,1
17955,2367,2861,1
17956,2367,3381,1
17957,2368,3061,1
17958,2368,3925,1
17959,2370,4117,1
17960,2372,2624,1
17961,2372,3151,1
17962,2372,3454,1
17963,2372,3559,1
17964,2372,4582,1
17965,2373,2505,1
17966,2373,2925,1
17967,2373,3504,1
17968,2373,3799,1
17969,2373,4195,1
17970,2374,2730,1
17971,2374,2957,1
17972,2375,3029,1
17973,2375,3485,1
17974,2375,4635,1
17975,2376,3433,1
17976,2376,3807,1
17977,2377,3210,1
17978,2377,4382,1
17979,2377,4428,1
17980,2378,2964,1
17981,2380,2863,1
17982,2380,4222,1
17983,2381,4086,1
17984,2382,2673,1
17985,2382,3331,1
17986,2382,4748,1
17987,2383,4602,1
17988,2384,3486,1
17989,2386,3924,1
17990,2386,4168,1
17991,2387,2763,1
17992,2387,2994,1
17993,2387,3679,1
17994,2387,4420,1
17995,2388,2410,1
17996,2388,2452,1
17997,2388,2500,1
17998,2388,3288,1
17999,2388,4613,1
18000,2389,2534,1
18001,2389,3227,1
18002,2389,3911,1
18003,2389,4063,1
18004,2389,4309,1
18005,2389,4674,1
18006,2390,4322,1
18007,2391,2451,1
18008,2391,2906,1
18009,2391,3406,1
18010,2391,3446,1
18011,2391,3717,1
18012,2391,4041,1
18013,2392,2467,1
18014,2392,2650,1
18015,2392,3033,1
18016,2392,3183,1
18017,2392,3677,1
18018,2393,2630,1
18019,2394,3758,1
18020,2394,4222,1
18021,2395,2809,1
18022,2395,4218,1
18023,2396,4677,1
18024,2398,2417,1
18025,2398,2837,1
18026,2398,3780,1
18027,2398,3823,1
18028,2400,3010,1
18029,2400,3131,1
18030,2400,3833,1
18031,2400,4158,1
18032,2400,4179,1
18033,2401,2575,1
18034,2402,3018,1
18035,2403,3858,1
18036,2404,4343,1
18037,2404,4352,1
18038,2405,4545,1
18039,2406,2410,1
18040,2406,2493,1
18041,2406,3163,1
18042,2406,4297,1
18043,2406,4563,1
18044,2407,3169,1
18045,2408,3134,1
18046,2408,4418,1
18047,2409,2875,1
18048,2410,3668,1
18049,2412,2861,1
18050,2412,3304,1
18051,2413,2721,1
18052,2414,3712,1
18053,2414,3974,1
18054,2415,4954,1
18055,2416,4380,1
18056,2417,4745,1
18057,2419,3395,1
18058,2419,4188,1
18059,2420,3503,1
18060,2420,3557,1
18061,2420,4098,1
18062,2421,2535,1
18063,2421,4378,1
18064,2422,3287,1
18065,2423,3814,1
18066,2424,2459,1
18067,2424,3327,1
18068,2424,3695,1
18069,2425,3744,1
18070,2425,3796,1
18071,2425,4336,1
18072,2426,3492,1
18073,2426,3530,1
18074,2426,3620,1
18075,2426,4474,1
18076,2428,3097,1
18077,2428,3173,1
18078,2429,4766,1
18079,2431,3967,1
18080,2432,2518,1
18081,2432,4690,1
18082,2434,2623,1
18083,2434,4987,1
18084,2436,2623,1
18085,2436,4000,1
18086,2437,2918,1
18087,2437,3560,1
18088,2437,3816,1
18089,2437,4084,1
18090,2437,4306,1
18091,2438,3319,1
18092,2438,3770,1
18093,2438,4020,1
18094,2439,2874,1
18095,2441,3391,1
18096,2442,2629,1
18097,2442,4009,1
18098,2442,4054,1
18099,2442,4116,1
18100,2442,4465,1
18101,2444,2521,1
18102,2445,4356,1
18103,2445,4373,1
18104,2446,3328,1
18105,2446,3434,1
18106,2446,3517,1
18107,2447,3582,1
18108,2447,3668,1
18109,2447,4262,1
18110,2448,2721,1
18111,2450,4732,1
18112,2451,3686,1
18113,2451,4635,1
18114,2452,2666,1
18115,2452,4495,1
18116,2453,2498,1
18117,2453,3180,1
18118,2453,3186,1
18119,2453,3506,1
18120,2453,3674,1
18121,2454,2928,1
18122,2454,4689,1
18123,2455,2903,1
18124,2455,2999,1
18125,2455,3791,1
18126,2456,2832,1
18127,2456,4330,1
18128,2462,4408,1
18129,2463,4453,1
18130,2463,4556,1
18131,2464,2955,1
18132,2464,3604,1
18133,2464,3925,1
18134,2465,2794,1
18135,2465,3416,1
18136,2465,3571,1
18137,2465,4522,1
18138,2466,2936,1
18139,2466,3249,1
18140,2467,2985,1
18141,2468,4377,1
18142,2468,4759,1
18143,2469,2676,1
18144,2469,2917,1
18145,2470,4180,1
18146,2471,3138,1
18147,2471,3599,1
18148,2471,3758,1
18149,2471,4955,1
18150,2472,4799,1
18151,2473,2486,1
18152,2473,2990,1
18153,2473,3316,1
18154,2473,3510,1
18155,2473,3614,1
18156,2473,3975,1
18157,2474,2490,1
18158,2474,2655,1
18159,2475,3109,1
18160,2475,3357,1
18161,2475,4293,1
18162,2475,4841,1
18163,2477,2777,1
18164,2480,3084,1
18165,2480,4457,1
18166,2481,3288,1
18167,2481,3975,1
18168,2482,2530,1
18169,2482,4520,1
18170,2483,3116,1
18171,2483,4144,1
18172,2483,4361,1
18173,2484,3362,1
18174,2484,3436,1
18175,2484,3711,1
18176,2484,3877,1
18177,2484,3981,1
18178,2485,2667,1
18179,2485,4020,1
18180,2485,4765,1
18181,2487,3000,1
18182,2487,4177,1
18183,2487,4955,1
18184,2488,2651,1
18185,2488,2853,1
18186,2488,3417,1
18187,2490,2843,1
18188,2492,4059,1
18189,2493,3527,1
18190,2493,4158,1
18191,2494,3032,1
18192,2494,4992,1
18193,2495,2581,1
18194,2499,2834,1
18195,2499,3143,1
18196,2499,4198,1
18197,2499,4660,1
18198,2500,4802,1
18199,2501,3251,1
18200,2501,4630,1
18201,2502,2684,1
18202,2504,4140,1
18203,2505,2660,1
18204,2505,2741,1
18205,2506,4031,1
18206,2509,3067,1
18207,2509,3343,1
18208,2509,4434,1
18209,2510,3119,1
18210,2511,2563,1
18211,2512,2766,1
18212,2512,3691,1
18213,2512,3988,1
18214,2512,4155,1
18215,2512,4630,1
18216,2513,2922,1
18217,2513,2961,1
18218,2514,4057,1
18219,2515,2828,1
18220,2516,4392,1
18221,2517,3231,1
18222,2517,3558,1
18223,2518,3361,1
18224,2519,2645,1
18225,2519,2828,1
18226,2519,4065,1
18227,2519,4220,1
18228,2519,4799,1
18229,2521,3247,1
18230,2522,2827,1
18231,2522,3959,1
18232,2523,3086,1
18233,2523,3194,1
18234,2523,3957,1
18235,2524,4475,1
18236,2525,2555,1
18237,2525,3442,1
18238,2526,2587,1
18239,2530,2959,1
18240,2530,3137,1
18241,2530,4280,1
18242,2531,3833,1
18243,2531,4770,1
18244,2532,2539,1
18245,2532,3394,1
18246,2533,3817,1
18247,2534,2657,1
18248,2534,4951,1
18249,2535,3255,1
18250,2535,4498,1
18251,2535,4751,1
18252,2538,2711,1
18253,2538,2820,1
18254,2538,2890,1
18255,2538,4429,1
18256,2539,2738,1
18257,2539,3303,1
18258,2539,4543,1
18259,2540,3766,1
18260,2540,4149,1
18261,2540,4201,1
18262,2547,2595,1
18263,2548,2872,1
18264,2548,3933,1
18265,2548,4301,1
18266,2549,2913,1
18267,2550,3879,1
18268,2550,4951,1
18269,2551,2769,1
18270,2551,3265,1
18271,2551,3330,1
18272,2551,4049,1
18273,2552,2885,1
18274,2553,4246,1
18275,2553,4306,1
18276,2554,3460,1
18277,2554,4256,1
18278,2555,3594,1
18279,2555,3717,1
18280,2556,4060,1
18281,2558,4176,1
18282,2562,2853,1
18283,2562,3306,1
18284,2562,4437,1
18285,2562,4573,1
18286,2563,2875,1
18287,2563,3028,1
18288,2563,3424,1
18289,2564,3520,1
18290,2564,3993,1
18291,2565,3701,1
18292,2565,4935,1
18293,2566,2783,1
18294,2566,3240,1
18295,2566,3609,1
18296,2566,3865,1
18297,2566,3942,1
18298,2567,4443,1
18299,2568,3002,1
18300,2568,4653,1
18301,2569,3810,1
18302,2569,3838,1
18303,2570,3636,1
18304,2570,4178,1
18305,2571,2693,1
18306,2572,4995,1
18307,2573,4511,1
18308,2574,3238,1
18309,2574,3502,1
18310,2574,4482,1
18311,2575,4331,1
18312,2576,2634,1
18313,2576,4773,1
18314,2576,4804,1
18315,2577,2912,1
18316,2577,4210,1
18317,2577,4391,1
18318,2578,2596,1
18319,2578,2863,1
18320,2578,3195,1
18321,2578,3890,1
18322,2584,4211,1
18323,2585,3021,1
18324,2585,3794,1
18325,2586,2728,1
18326,2586,4454,1
18327,2587,2840,1
18328,2587,3405,1
18329,2587,4672,1
18330,2588,3069,1
18331,2588,3395,1
18332,2588,3576,1
18333,2588,3745,1
18334,2588,4234,1
18335,2589,4164,1
18336,2590,4243,1
18337,2593,2877,1
18338,2595,3922,1
18339,2598,2986,1
18340,2598,3385,1
18341,2598,3825,1
18342,2598,3868,1
18343,2598,3950,1
18344,2600,2927,1
18345,2600,3885,1
18346,2600,3984,1
18347,2601,2822,1
18348,2601,4366,1
18349,2601,4754,1
18350,2601,4972,1
18351,2603,3184,1
18352,2603,4879,1
18353,2604,3298,1
18354,2604,3727,1
18355,2605,4742,1
18356,2606,2653,1
18357,2608,3160,1
18358,2608,3221,1
18359,2610,3208,1
18360,2610,4463,1
18361,2611,4532,1
18362,2612,2916,1
18363,2614,2813,1
18364,2614,3187,1
18365,2614,3349,1
18366,2614,3429,1
18367,2614,3787,1
18368,2615,2939,1
18369,2615,3004,1
18370,2616,3835,1
18371,2617,2790,1
18372,2617,3842,1
18373,2617,3910,1
18374,2617,4325,1
18375,2618,4834,1
18376,2619,3278,1
18377,2620,3942,1
18378,2620,3950,1
18379,2620,4105,1
18380,2621,4032,1
18381,2621,4235,1
18382,2622,3397,1
18383,2624,4223,1
18384,2624,4554,1
18385,2624,4791,1
18386,2625,2642,1
18387,2625,4288,1
18388,2628,3368,1
18389,2629,3764,1
18390,2629,4243,1
18391,2629,4599,1
18392,2631,2708,1
18393,2631,3430,1
18394,2632,3108,1
18395,2632,3653,1
18396,2632,3728,1
18397,2632,3976,1
18398,2633,4585,1
18399,2633,4991,1
18400,2634,2701,1
18401,2634,2963,1
18402,2634,3129,1
18403,2634,3951,1
18404,2634,4800,1
18405,2637,3483,1
18406,2638,2647,1
18407,2639,2791,1
18408,2639,3291,1
18409,2639,4726,1
18410,2640,3419,1
18411,2640,4487,1
18412,2642,3179,1
18413,2642,3264,1
18414,2642,3882,1
18415,2644,4046,1
18416,2645,4623,1
18417,2645,4782,1
18418,2646,2959,1
18419,2646,3792,1
18420,2646,4114,1
18421,2646,4190,1
18422,2646,4279,1
18423,2646,4377,1
18424,2647,3725,1
18425,2647,4662,1
18426,2648,2791,1
18427,2648,3099,1
18428,2648,4680,1
18429,2649,4100,1
18430,2649,4398,1
18431,2650,4050,1
18432,2651,3139,1
18433,2651,3194,1
18434,2651,3287,1
18435,2651,3300,1
18436,2651,4113,1
18437,2652,2804,1
18438,2652,3038,1
18439,2652,3390,1
18440,2652,3700,1
18441,2652,4589,1
18442,2652,4752,1
18443,2652,4808,1
18444,2652,4894,1
18445,2654,3851,1
18446,2654,4856,1
18447,2655,2841,1
18448,2655,3225,1
18449,2655,3280,1
18450,2655,4102,1
18451,2656,2784,1
18452,2657,2764,1
18453,2658,3063,1
18454,2658,3452,1
18455,2658,3564,1
18456,2658,3673,1
18457,2658,4350,1
18458,2658,4448,1
18459,2661,2883,1
18460,2662,3233,1
18461,2663,2854,1
18462,2663,3047,1
18463,2663,3096,1
18464,2663,4228,1
18465,2664,3178,1
18466,2664,3311,1
18467,2664,3954,1
18468,2665,3163,1
18469,2665,4912,1
18470,2666,2770,1
18471,2666,3603,1
18472,2666,3989,1
18473,2666,4904,1
18474,2667,2757,1
18475,2667,3135,1
18476,2667,3148,1
18477,2667,3435,1
18478,2667,3676,1
18479,2667,3955,1
18480,2667,4559,1
18481,2669,3629,1
18482,2669,4185,1
18483,2671,4932,1
18484,2673,3505,1
18485,2676,4379,1
18486,2676,4940,1
18487,2677,3749,1
18488,2677,4357,1
18489,2678,2705,1
18490,2679,2844,1
18491,2679,4387,1
18492,2679,4914,1
18493,2681,2967,1
18494,2682,2855,1
18495,2682,4382,1
18496,2684,2737,1
18497,2685,3209,1
18498,2685,3447,1
18499,2685,3638,1
18500,2685,3694,1
18501,2685,4536,1
18502,2686,2707,1
18503,2686,2787,1
18504,2686,2949,1
18505,2686,3670,1
18506,2686,4202,1
18507,2687,2987,1
18508,2687,4162,1
18509,2689,3235,1
18510,2689,4937,1
18511,2690,2759,1
18512,2690,3687,1
18513,2691,3587,1
18514,2693,3276,1
18515,2693,4851,1
18516,2694,3648,1
18517,2694,3998,1
18518,2694,4372,1
18519,2694,4378,1
18520,2694,4977,1
18521,2695,4721,1
18522,2696,3974,1
18523,2696,4007,1
18524,2698,3231,1
18525,2698,4942,1
18526,2699,4009,1
18527,2701,4012,1
18528,2702,3669,1
18529,2703,2824,1
18530,2703,3147,1
18531,2703,4386,1
18532,2703,4452,1
18533,2706,3615,1
18534,2707,2871,1
18535,2707,3297,1
18536,2708,3018,1
18537,2709,4422,1
18538,2710,2732,1
18539,2710,3684,1
18540,2711,3707,1
18541,2712,3167,1
18542,2712,4430,1
18543,2715,3200,1
18544,2715,3917,1
18545,2715,4127,1
18546,2715,4459,1
18547,2716,3252,1
18548,2716,4385,1
18549,2717,4646,1
18550,2718,4838,1
18551,2723,3403,1
18552,2723,4122,1
18553,2724,3728,1
18554,2725,3457,1
18555,2725,3536,1
18556,2725,3667,1
18557,2725,4279,1
18558,2725,4525,1
18559,2727,3201,1
18560,2728,3142,1
18561,2728,3856,1
18562,2728,4735,1
18563,2729,3707,1
18564,2729,3763,1
18565,2729,3932,1
18566,2729,4059,1
18567,2729,4342,1
18568,2730,4196,1
18569,2731,3639,1
18570,2732,2813,1
18571,2732,3210,1
18572,2732,3248,1
18573,2732,3525,1
18574,2732,4458,1
18575,2733,3415,1
18576,2733,3626,1
18577,2733,4335,1
18578,2735,2835,1
18579,2735,2891,1
18580,2735,3016,1
18581,2735,3274,1
18582,2735,3816,1
18583,2735,3857,1
18584,2736,2847,1
18585,2736,3019,1
18586,2736,3127,1
18587,2736,4135,1
18588,2736,4563,1
18589,2736,4973,1
18590,2737,4581,1
18591,2738,3532,1
18592,2738,3997,1
18593,2739,4299,1
18594,2740,2903,1
18595,2740,4737,1
18596,2741,3242,1
18597,2741,4021,1
18598,2742,4351,1
18599,2743,4735,1
18600,2744,3655,1
18601,2744,4603,1
18602,2745,3001,1
18603,2745,3960,1
18604,2745,4978,1
18605,2746,2878,1
18606,2746,4276,1
18607,2746,4463,1
18608,2747,3458,1
18609,2747,4147,1
18610,2747,4922,1
18611,2748,2962,1
18612,2748,4439,1
18613,2749,4359,1
18614,2751,2778,1
18615,2752,3778,1
18616,2752,3918,1
18617,2752,4741,1
18618,2753,2836,1
18619,2756,4129,1
18620,2756,4992,1
18621,2759,3867,1
18622,2761,3119,1
18623,2761,3187,1
18624,2761,3808,1
18625,2761,4585,1
18626,2763,4614,1
18627,2765,2946,1
18628,2765,4064,1
18629,2765,4172,1
18630,2765,4571,1
18631,2765,4661,1
18632,2767,3420,1
18633,2767,4254,1
18634,2767,4293,1
18635,2769,2832,1
18636,2769,3214,1
18637,2769,4051,1
18638,2769,4126,1
18639,2769,4673,1
18640,2769,4745,1
18641,2771,3169,1
18642,2772,3496,1
18643,2772,4154,1
18644,2773,3672,1
18645,2776,3280,1
18646,2778,2939,1
18647,2778,3524,1
18648,2778,3625,1
18649,2779,3074,1
18650,2779,4219,1
18651,2779,4731,1
18652,2780,3885,1
18653,2782,3737,1
18654,2783,4433,1
18655,2783,4969,1
18656,2784,3241,1
18657,2784,4051,1
18658,2785,3026,1
18659,2785,3121,1
18660,2787,3032,1
18661,2787,3050,1
18662,2787,3502,1
18663,2787,3872,1
18664,2787,4343,1
18665,2790,3185,1
18666,2792,4727,1
18667,2793,3596,1
18668,2793,3762,1
18669,2793,4606,1
18670,2794,3529,1
18671,2794,4547,1
18672,2794,4619,1
18673,2795,3064,1
18674,2795,3233,1
18675,2795,4592,1
18676,2796,4444,1
18677,2799,3006,1
18678,2799,3660,1
18679,2799,3917,1
18680,2799,3959,1
18681,2799,4093,1
18682,2799,4173,1
18683,2801,2851,1
18684,2803,3952,1
18685,2804,3087,1
18686,2804,4175,1
18687,2804,4819,1
18688,2805,3521,1
18689,2805,4304,1
18690,2806,3086,1
18691,2807,3741,1
18692,2807,3879,1
18693,2807,3935,1
18694,2808,2828,1
18695,2808,2924,1
18696,2808,3749,1
18697,2808,4882,1
18698,2809,3374,1
18699,2809,3773,1
18700,2813,3250,1
18701,2815,3805,1
18702,2816,3389,1
18703,2816,4242,1
18704,2816,4539,1
18705,2817,3098,1
18706,2817,3309,1
18707,2817,3783,1
18708,2817,4383,1
18709,2817,4710,1
18710,2818,4623,1
18711,2819,4772,1
18712,2822,2975,1
18713,2823,3384,1
18714,2823,3541,1
18715,2823,4050,1
18716,2823,4488,1
18717,2823,4663,1
18718,2824,4837,1
18719,2826,3213,1
18720,2826,3312,1
18721,2826,3839,1
18722,2828,4297,1
18723,2829,3382,1
18724,2829,4228,1
18725,2829,4513,1
18726,2829,4802,1
18727,2830,2912,1
18728,2832,4152,1
18729,2832,4794,1
18730,2833,4150,1
18731,2833,4926,1
18732,2834,3407,1
18733,2834,3515,1
18734,2836,4819,1
18735,2837,3401,1
18736,2837,3965,1
18737,2837,4590,1
18738,2839,3146,1
18739,2839,4932,1
18740,2840,2920,1
18741,2840,3859,1
18742,2841,4174,1
18743,2842,3221,1
18744,2842,3352,1
18745,2843,3559,1
18746,2846,4372,1
18747,2848,3209,1
18748,2850,3051,1
18749,2850,3109,1
18750,2850,3919,1
18751,2852,2956,1
18752,2852,3901,1
18753,2852,4229,1
18754,2852,4556,1
18755,2853,3553,1
18756,2854,3226,1
18757,2854,3235,1
18758,2855,4983,1
18759,2856,4345,1
18760,2857,4080,1
18761,2859,4248,1
18762,2860,4374,1
18763,2860,4638,1
18764,2862,4385,1
18765,2863,3234,1
18766,2863,3376,1
18767,2864,3015,1
18768,2864,3069,1
18769,2864,3607,1
18770,2864,4172,1
18771,2864,4879,1
18772,2866,3274,1
18773,2866,4521,1
18774,2867,4483,1
18775,2867,4552,1
18776,2868,3909,1
18777,2869,3658,1
18778,2869,4166,1
18779,2869,4710,1
18780,2870,4928,1
18781,2871,4374,1
18782,2873,4510,1
18783,2875,4612,1
18784,2876,3226,1
18785,2876,3455,1
18786,2876,4033,1
18787,2876,4248,1
18788,2876,4381,1
18789,2877,4376,1
18790,2878,3197,1
18791,2878,3834,1
18792,2879,3801,1
18793,2879,4456,1
18794,2880,3735,1
18795,2880,4910,1
18796,2881,3872,1
18797,2881,4447,1
18798,2881,4550,1
18799,2882,2960,1
18800,2882,4094,1
18801,2883,2940,1
18802,2883,3077,1
18803,2886,3993,1
18804,2886,4121,1
18805,2887,3194,1
18806,2887,3403,1
18807,2891,2985,1
18808,2891,3847,1
18809,2892,2893,1
18810,2892,3169,1
18811,2892,3748,1
18812,2895,3062,1
18813,2895,3265,1
18814,2898,3802,1
18815,2899,3181,1
18816,2900,3168,1
18817,2902,4876,1
18818,2904,3504,1
18819,2907,3246,1
18820,2908,3244,1
18821,2909,3643,1
18822,2909,4747,1
18823,2910,3428,1
18824,2910,3735,1
18825,2910,4180,1
18826,2910,4988,1
18827,2911,4671,1
18828,2915,3034,1
18829,2915,3055,1
18830,2915,3088,1
18831,2915,3392,1
18832,2915,3491,1
18833,2917,4710,1
18834,2918,4713,1
18835,2918,4965,1
18836,2919,3465,1
18837,2921,3276,1
18838,2921,3852,1
18839,2922,2971,1
18840,2922,4092,1
18841,2922,4514,1
18842,2922,4935,1
18843,2923,3674,1
18844,2923,4085,1
18845,2923,4456,1
18846,2924,3990,1
18847,2926,4278,1
18848,2926,4486,1
18849,2926,4755,1
18850,2927,3038,1
18851,2928,3806,1
18852,2929,3973,1
18853,2929,3999,1
18854,2930,3484,1
18855,2931,4462,1
18856,2932,4380,1
18857,2933,4022,1
18858,2933,4555,1
18859,2935,3161,1
18860,2935,4474,1
18861,2936,4282,1
18862,2936,4529,1
18863,2936,4591,1
18864,2937,3949,1
18865,2939,3368,1
18866,2939,3419,1
18867,2939,3480,1
18868,2939,4517,1
18869,2940,3344,1
18870,2942,3292,1
18871,2942,3455,1
18872,2942,3800,1
18873,2942,4560,1
18874,2943,3816,1
18875,2943,4298,1
18876,2943,4744,1
18877,2945,3725,1
18878,2947,3175,1
18879,2947,4868,1
18880,2948,3523,1
18881,2948,3579,1
18882,2951,2969,1
18883,2951,3036,1
18884,2951,3771,1
18885,2951,4262,1
18886,2951,4480,1
18887,2956,3699,1
18888,2957,3927,1
18889,2959,3995,1
18890,2959,4541,1
18891,2960,3206,1
18892,2960,3865,1
18893,2960,3887,1
18894,2960,4348,1
18895,2960,4548,1
18896,2960,4779,1
18897,2962,3399,1
18898,2962,4543,1
18899,2963,3369,1
18900,2963,4625,1
18901,2966,4446,1
18902,2966,4655,1
18903,2968,3783,1
18904,2969,3450,1
18905,2969,4086,1
18906,2971,4605,1
18907,2972,3271,1
18908,2972,3642,1
18909,2973,4709,1
18910,2974,3669,1
18911,2976,3128,1
18912,2976,4970,1
18913,2977,3690,1
18914,2978,3034,1
18915,2978,3229,1
18916,2978,3563,1
18917,2978,4258,1
18918,2978,4709,1
18919,2979,4879,1
18920,2982,4578,1
18921,2983,4496,1
18922,2984,3222,1
18923,2984,4163,1
18924,2985,3820,1
18925,2986,4081,1
18926,2987,2991,1
18927,2988,3451,1
18928,2988,4909,1
18929,2989,4257,1
18930,2989,4325,1
18931,2989,4926,1
18932,2990,4332,1
18933,2991,3848,1
18934,2993,3136,1
18935,2993,3581,1
18936,2994,3666,1
18937,2995,3059,1
18938,2995,4893,1
18939,2996,3972,1
18940,2997,3406,1
18941,2998,3815,1
18942,2999,3174,1
18943,2999,3181,1
18944,2999,4337,1
18945,3001,3226,1
18946,3001,3269,1
18947,3001,4654,1
18948,3002,4115,1
18949,3002,4457,1
18950,3004,3237,1
18951,3005,3473,1
18952,3005,3637,1
18953,3006,4338,1
18954,3008,3731,1
18955,3008,3999,1
18956,3008,4953,1
18957,3010,3918,1
18958,3010,4280,1
18959,3013,4058,1
18960,3013,4440,1
18961,3013,4509,1
18962,3014,4595,1
18963,3014,4780,1
18964,3016,3066,1
18965,3017,4211,1
18966,3018,3389,1
18967,3018,4628,1
18968,3019,3212,1
18969,3019,3444,1
18970,3019,3697,1
18971,3019,3992,1
18972,3020,3805,1
18973,3021,3652,1
18974,3024,4816,1
18975,3026,3940,1
18976,3027,4394,1
18977,3028,4057,1
18978,3028,4908,1
18979,3028,4989,1
18980,3031,3320,1
18981,3031,4042,1
18982,3031,4552,1
18983,3032,3223,1
18984,3032,3299,1
18985,3032,3569,1
18986,3033,3066,1
18987,3033,3153,1
18988,3033,3157,1
18989,3033,3625,1
18990,3033,3677,1
18991,3033,3722,1
18992,3033,4132,1
18993,3033,4155,1
18994,3033,4692,1
18995,3036,3499,1
18996,3036,4525,1
18997,3036,4867,1
18998,3037,3820,1
18999,3037,4653,1
19000,3037,4940,1
19001,3038,3459,1
19002,3039,3556,1
19003,3039,4550,1
19004,3040,3323,1
19005,3040,4719,1
19006,3041,3827,1
19007,3042,4495,1
19008,3043,4167,1
19009,3044,3131,1
19010,3044,3253,1
19011,3044,4484,1
19012,3046,3560,1
19013,3046,4878,1
19014,3048,3797,1
19015,3049,3740,1
19016,3050,3582,1
19017,3053,4213,1
19018,3053,4844,1
19019,3056,4229,1
19020,3057,3785,1
19021,3058,3121,1
19022,3058,4362,1
19023,3059,3436,1
19024,3061,3290,1
19025,3061,3635,1
19026,3061,3675,1
19027,3061,4658,1
19028,3061,4908,1
19029,3063,4924,1
19030,3064,3819,1
19031,3064,4023,1
19032,3064,4537,1
19033,3065,4368,1
19034,3065,4745,1
19035,3066,4325,1
19036,3067,4057,1
19037,3068,3498,1
19038,3068,3840,1
19039,3069,3177,1
19040,3070,3192,1
19041,3070,4478,1
19042,3071,3122,1
19043,3072,3073,1
19044,3073,4641,1
19045,3074,3672,1
19046,3075,3936,1
19047,3077,4572,1
19048,3081,3289,1
19049,3083,3305,1
19050,3085,3129,1
19051,3085,3703,1
19052,3085,3937,1
19053,3089,3215,1
19054,3089,3776,1
19055,3089,3812,1
19056,3089,4475,1
19057,3093,3139,1
19058,3093,3937,1
19059,3094,3466,1
19060,3094,3806,1
19061,3094,3807,1
19062,3094,4129,1
19063,3097,3618,1
19064,3097,4962,1
19065,3098,4929,1
19066,3099,3213,1
19067,3100,3420,1
19068,3100,3713,1
19069,3100,4238,1
19070,3100,4318,1
19071,3100,4960,1
19072,3101,4845,1
19073,3105,3508,1
19074,3105,3516,1
19075,3106,3488,1
19076,3106,3792,1
19077,3106,4857,1
19078,3107,4074,1
19079,3110,4201,1
19080,3111,3195,1
19081,3111,3624,1
19082,3111,4407,1
19083,3113,3754,1
19084,3113,4633,1
19085,3114,4614,1
19086,3115,3171,1
19087,3115,3294,1
19088,3117,4007,1
19089,3118,4181,1
19090,3118,4344,1
19091,3119,3435,1
19092,3119,3528,1
19093,3120,3159,1
19094,3121,4149,1
19095,3122,4601,1
19096,3125,4281,1
19097,3127,3882,1
19098,3129,3228,1
19099,3129,3710,1
19100,3129,4600,1
19101,3129,4995,1
19102,3130,4337,1
19103,3132,4227,1
19104,3132,4709,1
19105,3133,3227,1
19106,3133,3398,1
19107,3134,3951,1
19108,3135,4417,1
19109,3136,3319,1
19110,3136,3770,1
19111,3136,4497,1
19112,3136,4612,1
19113,3138,4513,1
19114,3139,4666,1
19115,3140,4154,1
19116,3140,4442,1
19117,3141,3803,1
19118,3141,4533,1
19119,3141,4733,1
19120,3144,4646,1
19121,3147,3527,1
19122,3150,4165,1
19123,3151,3670,1
19124,3152,4450,1
19125,3154,3653,1
19126,3154,4353,1
19127,3155,3535,1
19128,3155,3613,1
19129,3155,4215,1
19130,3156,4406,1
19131,3158,3590,1
19132,3158,3909,1
19133,3158,4217,1
19134,3160,3692,1
19135,3161,3739,1
19136,3162,3189,1
19137,3162,4742,1
19138,3163,3479,1
19139,3169,3655,1
19140,3169,4576,1
19141,3172,3433,1
19142,3172,3578,1
19143,3173,4364,1
19144,3173,4427,1
19145,3174,3689,1
19146,3181,3515,1
19147,3181,3692,1
19148,3181,4609,1
19149,3183,4973,1
19150,3184,3453,1
19151,3184,4040,1
19152,3184,4355,1
19153,3185,3411,1
19154,3186,4803,1
19155,3187,3346,1
19156,3187,3689,1
19157,3187,4796,1
19158,3188,3659,1
19159,3191,4587,1
19160,3192,4129,1
19161,3195,3254,1
19162,3195,4633,1
19163,3196,3842,1
19164,3196,4832,1
19165,3198,3342,1
19166,3199,4491,1
19167,3200,3885,1
19168,3200,4190,1
19169,3201,4738,1
19170,3202,3414,1
19171,3202,4549,1
19172,3203,3500,1
19173,3203,4113,1
19174,3204,4912,1
19175,3206,3548,1
19176,3206,3691,1
19177,3206,3797,1
19178,3207,4672,1
19179,3209,3481,1
19180,3209,4704,1
19181,3210,4010,1
19182,3210,4575,1
19183,3212,3367,1
19184,3214,3377,1
19185,3214,3489,1
19186,3214,4277,1
19187,3215,3235,1
19188,3215,4360,1
19189,3216,3762,1
19190,3217,3649,1
19191,3217,4006,1
19192,3217,4716,1
19193,3218,3609,1
19194,3219,4338,1
19195,3220,4477,1
19196,3221,3755,1
19197,3223,4765,1
19198,3224,4070,1
19199,3224,4730,1
19200,3225,3227,1
19201,3225,3340,1
19202,3225,4323,1
19203,3225,4821,1
19204,3226,3928,1
19205,3228,4082,1
19206,3228,4373,1
19207,3229,3429,1
19208,3229,3838,1
19209,3229,4610,1
19210,3229,4820,1
19211,3232,3602,1
19212,3232,4300,1
19213,3232,4458,1
19214,3233,3880,1
19215,3233,4388,1
19216,3234,4880,1
19217,3235,3478,1
19218,3236,4028,1
19219,3236,4196,1
19220,3236,4992,1
19221,3238,3348,1
19222,3238,3577,1
19223,3238,3984,1
19224,3238,4749,1
19225,3239,3346,1
19226,3239,4181,1
19227,3240,4967,1
19228,3241,3502,1
19229,3241,4831,1
19230,3242,3501,1
19231,3245,4941,1
19232,3246,3275,1
19233,3249,3392,1
19234,3249,4565,1
19235,3251,4968,1
19236,3253,3542,1
19237,3254,3408,1
19238,3255,4684,1
19239,3256,3662,1
19240,3259,3494,1
19241,3261,3846,1
19242,3263,4768,1
19243,3264,3775,1
19244,3264,4760,1
19245,3264,4859,1
19246,3265,3733,1
19247,3266,3668,1
19248,3269,4889,1
19249,3270,3627,1
19250,3274,3330,1
19251,3274,3587,1
19252,3275,4048,1
19253,3278,4039,1
19254,3278,4461,1
19255,3281,3556,1
19256,3281,3631,1
19257,3285,4220,1
19258,3287,3418,1
19259,3288,3478,1
19260,3289,4133,1
19261,3290,3659,1
19262,3290,4231,1
19263,3291,4665,1
19264,3297,3538,1
19265,3300,3757,1
19266,3302,3918,1
19267,3304,4095,1
19268,3304,4521,1
19269,3306,4069,1
19270,3306,4494,1
19271,3307,3374,1
19272,3307,3441,1
19273,3307,3482,1
19274,3309,4260,1
19275,3310,3751,1
19276,3310,4933,1
19277,3310,4941,1
19278,3311,3604,1
19279,3312,4213,1
19280,3312,4789,1
19281,3312,4799,1
19282,3313,3354,1
19283,3315,3521,1
19284,3315,3979,1
19285,3316,4627,1
19286,3320,3401,1
19287,3320,3678,1
19288,3322,3657,1
19289,3322,3845,1
19290,3322,4559,1
19291,3322,4741,1
19292,3323,4333,1
19293,3324,3924,1
19294,3324,4023,1
19295,3325,3660,1
19296,3325,3682,1
19297,3325,3978,1
19298,3325,4840,1
19299,3326,3539,1
19300,3326,4704,1
19301,3326,4708,1
19302,3327,3963,1
19303,3329,3558,1
19304,3329,3652,1
19305,3330,4855,1
19306,3331,4246,1
19307,3331,4632,1
19308,3332,4185,1
19309,3334,4216,1
19310,3334,4843,1
19311,3335,3654,1
19312,3336,4678,1
19313,3337,4003,1
19314,3338,4807,1
19315,3338,4989,1
19316,3340,4209,1
19317,3341,4241,1
19318,3343,3549,1
19319,3344,3613,1
19320,3344,4119,1
19321,3344,4596,1
19322,3344,4817,1
19323,3346,4264,1
19324,3347,3610,1
19325,3347,4080,1
19326,3347,4829,1
19327,3347,4850,1
19328,3348,4294,1
19329,3348,4436,1
19330,3349,4601,1
19331,3350,3786,1
19332,3350,4104,1
19333,3350,4551,1
19334,3351,4616,1
19335,3353,3648,1
19336,3354,4326,1
19337,3355,4137,1
19338,3355,4769,1
19339,3355,4812,1
19340,3357,3775,1
19341,3358,4055,1
19342,3361,3987,1
19343,3361,4184,1
19344,3362,3826,1
19345,3363,3880,1
19346,3363,4443,1
19347,3364,3976,1
19348,3364,4725,1
19349,3365,4220,1
19350,3367,4750,1
19351,3368,4341,1
19352,3368,4769,1
19353,3368,4896,1
19354,3371,3537,1
19355,3371,3724,1
19356,3372,4217,1
19357,3373,4532,1
19358,3373,4797,1
19359,3375,4518,1
19360,3377,4631,1
19361,3380,3486,1
19362,3380,3580,1
19363,3380,4376,1
19364,3380,4929,1
19365,3381,4397,1
19366,3384,3444,1
19367,3384,4387,1
19368,3387,4508,1
19369,3390,4970,1
19370,3393,3716,1
19371,3393,4424,1
19372,3393,4656,1
19373,3395,3591,1
19374,3397,3402,1
19375,3397,4897,1
19376,3398,4875,1
19377,3399,4302,1
19378,3400,4091,1
19379,3401,4226,1
19380,3402,4499,1
19381,3403,3930,1
19382,3404,3700,1
19383,3405,4179,1
19384,3410,3945,1
19385,3411,4813,1
19386,3414,4239,1
19387,3415,4067,1
19388,3415,4192,1
19389,3416,4062,1
19390,3417,4120,1
19391,3418,3710,1
19392,3419,4634,1
19393,3422,3433,1
19394,3423,4613,1
19395,3425,4246,1
19396,3425,4263,1
19397,3426,3897,1
19398,3427,4569,1
19399,3428,3445,1
19400,3428,3582,1
19401,3428,4245,1
19402,3428,4426,1
19403,3428,4636,1
19404,3429,3804,1
19405,3429,4392,1
19406,3429,4809,1
19407,3429,4950,1
19408,3431,3718,1
19409,3434,4398,1
19410,3434,4622,1
19411,3439,4169,1
19412,3440,4319,1
19413,3440,4358,1
19414,3441,3548,1
19415,3442,4344,1
19416,3443,4500,1
19417,3443,4714,1
19418,3446,4727,1
19419,3450,3536,1
19420,3450,4686,1
19421,3455,4342,1
19422,3456,3893,1
19423,3456,4012,1
19424,3461,4027,1
19425,3464,4048,1
19426,3464,4255,1
19427,3467,4542,1
19428,3469,3517,1
19429,3471,4122,1
19430,3471,4466,1
19431,3471,4959,1
19432,3474,4944,1
19433,3475,3967,1
19434,3480,4176,1
19435,3484,3986,1
19436,3484,4523,1
19437,3485,3738,1
19438,3487,4504,1
19439,3488,4237,1
19440,3488,4577,1
19441,3490,4883,1
19442,3493,3729,1
19443,3493,4928,1
19444,3493,4991,1
19445,3495,3628,1
19446,3498,4887,1
19447,3499,4317,1
19448,3499,4483,1
19449,3500,4501,1
19450,3501,3717,1
19451,3501,4197,1
19452,3503,4905,1
19453,3507,4018,1
19454,3507,4331,1
19455,3508,3690,1
19456,3510,4968,1
19457,3514,4342,1
19458,3520,4985,1
19459,3521,4334,1
19460,3525,4035,1
19461,3526,3651,1
19462,3526,3738,1
19463,3527,4436,1
19464,3528,4889,1
19465,3529,4020,1
19466,3529,4856,1
19467,3530,3628,1
19468,3534,3621,1
19469,3534,4840,1
19470,3536,4016,1
19471,3539,4389,1
19472,3541,3589,1
19473,3541,4382,1
19474,3543,4284,1
19475,3545,4787,1
19476,3546,4806,1
19477,3548,3575,1
19478,3548,3593,1
19479,3553,3613,1
19480,3553,3664,1
19481,3553,3881,1
19482,3553,4058,1
19483,3553,4061,1
19484,3555,4692,1
19485,3556,4083,1
19486,3556,4801,1
19487,3559,4068,1
19488,3560,3859,1
19489,3561,3878,1
19490,3562,3591,1
19491,3562,4008,1
19492,3562,4531,1
19493,3563,4030,1
19494,3563,4652,1
19495,3565,3827,1
19496,3565,4401,1
19497,3566,4061,1
19498,3566,4975,1
19499,3567,4379,1
19500,3567,4920,1
19501,3568,4239,1
19502,3569,4065,1
19503,3570,3892,1
19504,3572,4101,1
19505,3572,4648,1
19506,3577,4552,1
19507,3577,4572,1
19508,3578,4888,1
19509,3578,4911,1
19510,3579,4802,1
19511,3580,3995,1
19512,3581,3784,1
19513,3582,4035,1
19514,3582,4781,1
19515,3585,4043,1
19516,3585,4555,1
19517,3587,4430,1
19518,3589,4629,1
19519,3591,4082,1
19520,3591,4212,1
19521,3593,4505,1
19522,3594,4678,1
19523,3597,4861,1
19524,3598,4841,1
19525,3605,4752,1
19526,3607,3702,1
19527,3608,3870,1
19528,3608,4482,1
19529,3609,3778,1
19530,3609,4082,1
19531,3611,4247,1
19532,3612,4440,1
19533,3620,3913,1
19534,3621,3947,1
19535,3628,4828,1
19536,3629,4411,1
19537,3630,3749,1
19538,3630,4026,1
19539,3630,4355,1
19540,3632,4083,1
19541,3633,3945,1
19542,3634,4083,1
19543,3635,3931,1
19544,3635,4101,1
19545,3635,4479,1
19546,3635,4936,1
19547,3639,4193,1
19548,3642,4898,1
19549,3648,3905,1
19550,3651,4021,1
19551,3654,4141,1
19552,3654,4407,1
19553,3656,3830,1
19554,3656,4205,1
19555,3656,4255,1
19556,3657,3741,1
19557,3657,4449,1
19558,3657,4462,1
19559,3657,4570,1
19560,3657,4797,1
19561,3658,3956,1
19562,3658,4275,1
19563,3658,4846,1
19564,3666,4094,1
19565,3668,3916,1
19566,3670,4528,1
19567,3671,4568,1
19568,3671,4843,1
19569,3672,4180,1
19570,3675,4602,1
19571,3677,3708,1
19572,3678,4015,1
19573,3688,3878,1
19574,3689,4219,1
19575,3689,4336,1
19576,3690,4794,1
19577,3692,4497,1
19578,3695,4415,1
19579,3696,4142,1
19580,3699,4182,1
19581,3700,3728,1
19582,3704,3758,1
19583,3704,4516,1
19584,3708,3856,1
19585,3708,4341,1
19586,3708,4522,1
19587,3709,4921,1
19588,3710,4916,1
19589,3711,4629,1
19590,3712,4996,1
19591,3713,4286,1
19592,3716,4285,1
19593,3718,4868,1
19594,3724,4506,1
19595,3728,3855,1
19596,3738,3923,1
19597,3741,3810,1
19598,3742,4011,1
19599,3747,4044,1
19600,3749,3981,1
19601,3749,4678,1
19602,3750,4264,1
19603,3753,4822,1
19604,3755,3808,1
19605,3758,4223,1
19606,3760,4503,1
19607,3760,4981,1
19608,3763,4661,1
19609,3765,4052,1
19610,3766,4332,1
19611,3767,3922,1
19612,3774,4032,1
19613,3775,3884,1
19614,3776,4562,1
19615,3777,4744,1
19616,3778,4819,1
19617,3779,3874,1
19618,3779,3951,1
19619,3779,4732,1
19620,3782,4396,1
19621,3783,4205,1
19622,3784,4839,1
19623,3785,3927,1
19624,3785,4309,1
19625,3786,4194,1
19626,3786,4853,1
19627,3788,4553,1
19628,3790,3989,1
19629,3790,4659,1
19630,3790,4893,1
19631,3791,3919,1
19632,3791,4055,1
19633,3792,3984,1
19634,3793,4103,1
19635,3794,4498,1
19636,3798,4996,1
19637,3799,4006,1
19638,3800,4001,1
19639,3800,4389,1
19640,3800,4472,1
19641,3801,3810,1
19642,3805,3865,1
19643,3805,4592,1
19644,3808,4790,1
19645,3809,4337,1
19646,3809,4475,1
19647,3810,4112,1
19648,3811,4916,1
19649,3813,3990,1
19650,3814,4993,1
19651,3815,4551,1
19652,3815,4966,1
19653,3823,4617,1
19654,3824,4345,1
19655,3824,4628,1
19656,3824,4929,1
19657,3828,4100,1
19658,3828,4406,1
19659,3829,3996,1
19660,3830,4198,1
19661,3831,4607,1
19662,3833,3904,1
19663,3836,4237,1
19664,3839,4297,1
19665,3839,4402,1
19666,3839,4611,1
19667,3840,4527,1
19668,3841,3938,1
19669,3841,4399,1
19670,3843,4134,1
19671,3845,4508,1
19672,3855,4240,1
19673,3862,4637,1
19674,3865,3969,1
19675,3865,4045,1
19676,3867,4090,1
19677,3867,4478,1
19678,3872,4125,1
19679,3872,4348,1
19680,3872,4549,1
19681,3874,4702,1
19682,3878,4283,1
19683,3878,4669,1
19684,3878,4961,1
19685,3882,4237,1
19686,3882,4963,1
19687,3883,4096,1
19688,3884,4003,1
19689,3886,4065,1
19690,3887,4088,1
19691,3891,4021,1
19692,3891,4331,1
19693,3891,4632,1
19694,3891,4785,1
19695,3892,4576,1
19696,3893,3981,1
19697,3896,4532,1
19698,3898,4815,1
19699,3902,4963,1
19700,3905,4145,1
19701,3907,4388,1
19702,3908,4998,1
19703,3909,4680,1
19704,3911,4708,1
19705,3924,4363,1
19706,3926,3952,1
19707,3926,4642,1
19708,3929,4393,1
19709,3930,4594,1
19710,3931,4534,1
19711,3932,4288,1
19712,3935,4539,1
19713,3935,4852,1
19714,3942,4511,1
19715,3945,4291,1
19716,3945,4398,1
19717,3945,4668,1
19718,3947,4981,1
19719,3951,4366,1
19720,3951,4792,1
19721,3952,4225,1
19722,3952,4836,1
19723,3952,4923,1
19724,3956,4010,1
19725,3956,4103,1
19726,3958,4104,1
19727,3958,4153,1
19728,3962,4774,1
19729,3964,4508,1
19730,3966,4706,1
19731,3967,4319,1
19732,3968,4516,1
19733,3968,4706,1
19734,3969,3990,1
19735,3972,4061,1
19736,3973,4800,1
19737,3977,4757,1
19738,3987,4854,1
19739,3988,3994,1
19740,3988,4066,1
19741,3989,4485,1
19742,3992,4492,1
19743,3995,4061,1
19744,3995,4733,1
19745,3997,4530,1
19746,3999,4681,1
19747,4003,4742,1
19748,4004,4851,1
19749,4006,4657,1
19750,4013,4190,1
19751,4013,4920,1
19752,4015,4199,1
19753,4015,4758,1
19754,4016,4044,1
19755,4019,4991,1
19756,4024,4659,1
19757,4026,4183,1
19758,4027,4241,1
19759,4027,4525,1
19760,4027,4529,1
19761,4027,4673,1
19762,4028,4167,1
19763,4029,4340,1
19764,4030,4677,1
19765,4034,4656,1
19766,4035,4213,1
19767,4035,4883,1
19768,4036,4049,1
19769,4037,4921,1
19770,4039,4267,1
19771,4041,4799,1
19772,4043,4660,1
19773,4044,4907,1
19774,4045,4662,1
19775,4050,4740,1
19776,4051,4430,1
19777,4053,4711,1
19778,4056,4091,1
19779,4057,4328,1
19780,4060,4419,1
19781,4060,4496,1
19782,4061,4918,1
19783,4066,4270,1
19784,4066,4460,1
19785,4072,4548,1
19786,4072,4612,1
19787,4083,4624,1
19788,4088,4488,1
19789,4088,4751,1
19790,4090,4139,1
19791,4091,4790,1
19792,4093,4928,1
19793,4094,4273,1
19794,4096,4775,1
19795,4098,4405,1
19796,4102,4861,1
19797,4104,4716,1
19798,4104,4999,1
19799,4106,4443,1
19800,4108,4858,1
19801,4109,4606,1
19802,4115,4854,1
19803,4120,4241,1
19804,4120,4326,1
19805,4123,4300,1
19806,4123,4309,1
19807,4123,4615,1
19808,4126,4853,1
19809,4141,4641,1
19810,4143,4277,1
19811,4143,4835,1
19812,4145,4155,1
19813,4148,4163,1
19814,4151,4357,1
19815,4162,4930,1
19816,4163,4384,1
19817,4170,4521,1
19818,4171,4368,1
19819,4174,4510,1
19820,4176,4938,1
19821,4180,4562,1
19822,4182,4450,1
19823,4182,4763,1
19824,4182,4987,1
19825,4184,4310,1
19826,4188,4903,1
19827,4188,4974,1
19828,4189,4524,1
19829,4190,4557,1
19830,4197,4694,1
19831,4199,4425,1
19832,4200,4736,1
19833,4209,4397,1
19834,4209,4470,1
19835,4211,4515,1
19836,4214,4489,1
19837,4214,4540,1
19838,4218,4821,1
19839,4221,4976,1
19840,4222,4422,1
19841,4222,4647,1
19842,4224,4607,1
19843,4225,4997,1
19844,4226,4494,1
19845,4227,4777,1
19846,4231,4369,1
19847,4232,4267,1
19848,4232,4476,1
19849,4236,4675,1
19850,4238,4821,1
19851,4241,4777,1
19852,4244,4457,1
19853,4251,4423,1
19854,4252,4843,1
19855,4255,4395,1
19856,4256,4743,1
19857,4256,4795,1
19858,4258,4678,1
19859,4258,4911,1
19860,4259,4707,1
19861,4268,4699,1
19862,4270,4329,1
19863,4273,4477,1
19864,4274,4284,1
19865,4277,4679,1
19866,4278,4765,1
19867,4281,4719,1
19868,4282,4851,1
19869,4283,4671,1
19870,4283,4926,1
19871,4289,4957,1
19872,4297,4820,1
19873,4298,4303,1
19874,4298,4461,1
19875,4301,4394,1
19876,4301,4875,1
19877,4310,4931,1
19878,4311,4761,1
19879,4321,4879,1
19880,4328,4590,1
19881,4330,4421,1
19882,4333,4542,1
19883,4333,4845,1
19884,4338,4658,1
19885,4339,4652,1
19886,4355,4983,1
19887,4358,4906,1
19888,4361,4477,1
19889,4362,4487,1
19890,4365,4809,1
19891,4372,4373,1
19892,4376,4917,1
19893,4381,4723,1
19894,4381,4866,1
19895,4382,4963,1
19896,4383,4551,1
19897,4383,4724,1
19898,4384,4604,1
19899,4387,4732,1
19900,4389,4886,1
19901,4393,4974,1
19902,4397,4486,1
19903,4397,4994,1
19904,4399,4489,1
19905,4401,4410,1
19906,4403,4434,1
19907,4405,4987,1
19908,4410,4681,1
19909,4415,4946,1
19910,4421,4707,1
19911,4423,4942,1
19912,4432,4498,1
19913,4436,4735,1
19914,4439,4740,1
19915,4449,4559,1
19916,4454,4501,1
19917,4455,4940,1
19918,4456,4809,1
19919,4458,4890,1
19920,4459,4699,1
19921,4464,4743,1
19922,4476,4827,1
19923,4484,4611,1
19924,4496,4948,1
19925,4505,4812,1
19926,4506,4561,1
19927,4512,4835,1
19928,4516,4566,1
19929,4518,4655,1
19930,4520,4674,1
19931,4524,4528,1
19932,4527,4571,1
19933,4537,4804,1
19934,4542,4555,1
19935,4544,4638,1
19936,4546,4691,1
19937,4550,4911,1
19938,4554,4569,1
19939,4554,4710,1
19940,4555,4958,1
19941,4560,4702,1
19942,4561,4935,1
19943,4566,4713,1
19944,4596,4882,1
19945,4599,4780,1
19946,4600,4757,1
19947,4605,4682,1
19948,4605,4992,1
19949,4610,4639,1
19950,4615,4957,1
19951,4618,4830,1
19952,4625,4684,1
19953,4627,4629,1
19954,4633,4833,1
19955,4650,4763,1
19956,4670,4936,1
19957,4680,4838,1
19958,4683,4917,1
19959,4689,4807,1
19960,4690,4776,1
19961,4711,4939,1
19962,4712,4758,1
19963,4715,4787,1
19964,4717,4993,1
19965,4724,4753,1
19966,4730,4818,1
19967,4737,4970,1
19968,4750,4982,1
19969,4752,4863,1
19970,4774,4923,1
19971,4784,4920,1
19972,4789,4902,1
19973,4802,4988,1
19974,4820,4838,1
19975,4838,4979,1
19976,4860,4884,1
19977,4878,4964,1
19978,4884,4939,1
19979,4911,4951,1
19980,4918,4950,1
19981,4949,4986,1
19982,4951,4998,1
19983,4969,4986,1
